订单号,原材料编号,箱子类型,堆垛机编号,货架号,层(z),列(x),深浅位,到达时刻(s),开始时刻(s),完成时刻(s),操作时间(s),等待时间(s),流动时间(s),是否复合
3639,B6T0000001187,E3,1,1,31,37,浅位,240.0,240.0,290.4553846153846,50.45538461538463,0.0,50.45538461538462,否
3638,B6T0000001187,E3,1,1,31,37,深位,240.0,290.4553846153846,340.91076923076923,50.45538461538463,50.45538461538462,100.91076923076923,否
3036,B6T0000001703,E1,1,1,2,31,浅位,3300.0,3300.0,3316.8430769230768,16.84307692307692,0.0,16.84307692307675,否
3035,B6T0000001703,E1,1,1,2,31,深位,3300.0,3316.8430769230768,3333.6861538461535,16.84307692307692,16.84307692307675,33.6861538461535,否
3034,B6T0000001703,E1,1,2,2,31,浅位,3300.0,3333.6861538461535,3350.5292307692303,16.84307692307692,33.6861538461535,50.52923076923025,否
2525,B6T0000001776,E1,1,1,7,17,浅位,7500.0,7558.116923076923,7573.556923076922,15.440000000000001,58.11692307692283,73.55692307692243,否
483,B6T0000001101,E3,1,2,12,7,浅位,9300.0,9300.0,9317.47076923077,17.47076923076923,0.0,17.470769230769292,否
484,B6T0000001101,E3,1,2,12,7,深位,9300.0,9317.47076923077,9334.941538461539,17.47076923076923,17.470769230769292,34.941538461538585,否
2612,B6T0000000877,E3,1,1,9,33,浅位,13860.0,13898.50461538461,13919.396923076918,20.892307692307693,38.50461538461059,59.39692307691803,是
2613,B6T0000000877,E3,1,1,9,33,深位,13860.0,13933.44615384615,13947.49538461538,14.04923076923077,73.44615384614917,87.49538461538032,是
2614,B6T0000000877,E3,1,2,9,33,浅位,13860.0,13961.544615384611,13975.593846153843,14.04923076923077,101.54461538461146,115.5938461538426,是
2615,B6T0000000877,E3,1,2,9,33,深位,13860.0,13989.643076923074,14003.692307692305,14.04923076923077,129.64307692307375,143.6923076923049,是
3220,B6T0000001266,E3,1,1,9,45,浅位,15180.0,15236.083076923072,15274.332307692302,38.249230769230785,56.08307692307244,94.33230769230249,是
3222,B6T0000001266,E3,1,1,9,45,深位,15180.0,15312.710769230765,15351.089230769227,38.37846153846155,132.71076923076544,171.08923076922656,是
3221,B6T0000001266,E3,1,2,9,45,浅位,15180.0,15389.467692307688,15427.846153846149,38.37846153846155,209.46769230768768,247.8461538461488,是
3390,B6T0000001652,E1,1,1,1,44,浅位,16620.0,16620.0,16640.387692307693,20.387692307692312,0.0,20.387692307693214,否
3391,B6T0000001652,E1,1,1,1,44,深位,16620.0,16640.387692307693,16660.775384615386,20.387692307692312,20.387692307693214,40.77538461538643,否
1507,B6T0000000118,E4,1,1,43,10,浅位,17760.0,17760.0,17816.73846153846,56.738461538461564,0.0,56.738461538461706,否
1506,B6T0000000118,E4,1,1,43,10,深位,17760.0,17816.73846153846,17873.476923076923,56.738461538461564,56.738461538461706,113.47692307692341,否
1509,B6T0000000118,E4,1,2,43,10,浅位,17760.0,17873.476923076923,17930.215384615385,56.738461538461564,113.47692307692341,170.21538461538512,否
1510,B6T0000000118,E4,1,2,43,10,深位,17760.0,17930.215384615385,17986.953846153847,56.738461538461564,170.21538461538512,226.95384615384683,否
587,B6T0000001238,E3,1,1,16,3,浅位,19080.0,19403.24923076923,19424.363076923077,21.113846153846154,323.24923076923005,344.36307692307673,否
708,B6T0000000313,E4,1,1,45,3,浅位,19560.0,19785.427692307698,19843.003076923083,57.57538461538464,225.42769230769773,283.0030769230834,否
709,B6T0000000313,E4,1,1,45,3,深位,19560.0,19843.003076923083,19900.57846153847,57.57538461538464,283.0030769230834,340.5784615384691,否
710,B6T0000000313,E4,1,2,45,3,浅位,19560.0,19900.57846153847,19958.153846153855,57.57538461538464,340.5784615384691,398.15384615385483,否
712,B6T0000000313,E4,1,2,45,3,深位,19560.0,19958.153846153855,20015.72923076924,57.57538461538464,398.15384615385483,455.72923076924053,否
741,B6T0000000140,E4,1,1,43,6,浅位,25680.0,25680.0,25735.458461538463,55.45846153846156,0.0,55.45846153846287,否
742,B6T0000000140,E4,1,1,43,6,深位,25680.0,25735.458461538463,25790.916923076926,55.45846153846156,55.45846153846287,110.91692307692574,否
895,B6T0000000488,E3,1,1,13,8,浅位,25680.0,25790.916923076926,25809.938461538462,19.021538461538462,110.91692307692574,129.93846153846243,否
897,B6T0000000488,E3,1,1,13,8,深位,25680.0,25809.938461538462,25828.96,19.021538461538462,129.93846153846243,148.95999999999913,否
898,B6T0000000488,E3,1,2,13,8,浅位,25680.0,25828.96,25847.981538461536,19.021538461538462,148.95999999999913,167.98153846153582,否
896,B6T0000000488,E3,1,2,13,8,深位,25680.0,25847.981538461536,25867.003076923073,19.021538461538462,167.98153846153582,187.0030769230725,否
750,B6T0000000140,E4,1,1,46,2,浅位,25680.0,26481.821538461554,26540.6153846154,58.79384615384618,801.8215384615542,860.6153846154011,否
749,B6T0000000140,E4,1,1,46,2,深位,25680.0,26540.6153846154,26599.409230769248,58.79384615384618,860.6153846154011,919.4092307692481,否
747,B6T0000000140,E4,1,2,46,2,浅位,25680.0,26599.409230769248,26658.203076923095,58.79384615384618,919.4092307692481,978.2030769230951,否
733,B6T0000000140,E4,1,2,46,2,深位,25680.0,26658.203076923095,26716.996923076942,58.79384615384618,978.2030769230951,1036.996923076942,否
3059,B6T0000001131,E3,1,1,17,32,浅位,26820.0,26881.42769230769,26913.052307692305,31.62461538461538,61.42769230769045,93.05230769230548,否
3269,B6T0000001653,E1,1,1,1,40,浅位,33660.0,33660.0,33679.10769230769,19.10769230769231,0.0,19.10769230769074,否
3268,B6T0000001653,E1,1,1,1,40,深位,33660.0,33679.10769230769,33698.21538461538,19.10769230769231,19.10769230769074,38.21538461538148,否
3478,B6T0000000833,E3,1,2,11,52,浅位,37200.0,37200.0,37230.64,30.64,0.0,30.639999999999418,否
3479,B6T0000000833,E3,1,2,11,52,深位,37200.0,37230.64,37261.28,30.64,30.639999999999418,61.279999999998836,否
1970,B6T0000000437,E3,1,2,13,20,浅位,42600.0,42600.0,42622.86153846154,22.861538461538462,0.0,22.861538461540476,否
1971,B6T0000000437,E3,1,2,13,20,深位,42600.0,42622.86153846154,42645.72307692308,22.861538461538462,22.861538461540476,45.72307692308095,否
2100,B6T0000001607,E1,1,1,7,10,浅位,43440.0,43759.16307692307,43772.363076923066,13.2,319.16307692306873,332.3630769230658,否
2099,B6T0000001607,E1,1,1,7,10,深位,43440.0,43772.363076923066,43785.56307692306,13.2,332.3630769230658,345.5630769230629,否
2102,B6T0000001607,E1,1,2,7,10,浅位,43440.0,43785.56307692306,43798.76307692306,13.2,345.5630769230629,358.76307692306,否
2058,B6T0000000120,E4,1,1,45,11,浅位,43980.0,43980.0,44040.13538461539,60.135384615384645,0.0,60.13538461538701,否
2063,B6T0000000120,E4,1,1,45,11,深位,43980.0,44040.13538461539,44100.270769230774,60.135384615384645,60.13538461538701,120.27076923077402,否
2062,B6T0000000120,E4,1,2,45,11,浅位,43980.0,44100.270769230774,44160.40615384616,60.135384615384645,120.27076923077402,180.40615384616103,否
2061,B6T0000000120,E4,1,2,45,11,深位,43980.0,44174.83692307693,44229.421538461545,54.58461538461542,194.83692307693127,249.42153846154542,是
432,B6T0000000678,E3,1,1,9,10,浅位,46320.0,46320.0,46334.73846153846,14.738461538461538,0.0,14.738461538458068,否
431,B6T0000000678,E3,1,1,9,10,深位,46320.0,46334.73846153846,46349.476923076916,14.738461538461538,14.738461538458068,29.476923076916137,否
427,B6T0000000678,E3,1,2,9,10,浅位,51600.0,51600.0,51614.73846153846,14.738461538461538,0.0,14.738461538458068,否
428,B6T0000000678,E3,1,2,9,10,深位,51600.0,51614.73846153846,51629.476923076916,14.738461538461538,14.738461538458068,29.476923076916137,否
2166,B6T0000001771,E1,1,1,5,12,浅位,52020.0,52030.36923076923,52041.378461538465,11.009230769230768,10.369230769232672,21.378461538464762,是
2167,B6T0000001771,E1,1,1,5,12,深位,52020.0,52051.7476923077,52062.75692307693,11.009230769230768,31.747692307697434,42.756923076929525,是
2168,B6T0000001771,E1,1,2,5,12,浅位,52020.0,52081.92615384616,52101.095384615386,19.169230769230772,61.92615384615783,81.09538461538614,是
2165,B6T0000001771,E1,1,2,5,12,深位,52020.0,52120.26461538462,52139.43384615385,19.169230769230772,100.26461538462172,119.43384615385003,是
3301,B6T0000000085,E4,1,1,45,30,浅位,53880.0,53880.0,53946.21538461538,66.21538461538464,0.0,66.21538461538148,否
3300,B6T0000000085,E4,1,1,45,30,深位,53880.0,53946.21538461538,54012.43076923076,66.21538461538464,66.21538461538148,132.43076923076296,否
1938,B6T0000001937,E1,1,1,8,8,浅位,54360.0,54412.64,54425.81538461539,13.175384615384615,52.63999999999942,65.8153846153873,否
1939,B6T0000001937,E1,1,1,8,8,深位,54360.0,54425.81538461539,54438.990769230775,13.175384615384615,65.8153846153873,78.99076923077519,否
1940,B6T0000001937,E1,1,2,8,8,浅位,54360.0,54438.990769230775,54452.16615384616,13.175384615384615,78.99076923077519,92.16615384616307,否
1934,B6T0000001937,E1,1,2,8,8,深位,54360.0,54452.16615384616,54465.34153846155,13.175384615384615,92.16615384616307,105.34153846155095,否
3596,B6T0000000222,E4,1,1,44,42,浅位,55200.0,55200.0,55268.516923076924,68.5169230769231,0.0,68.51692307692429,否
3597,B6T0000000222,E4,1,1,44,42,深位,55200.0,55268.516923076924,55337.03384615385,68.5169230769231,68.51692307692429,137.03384615384857,否
1537,B6T0000000088,E4,1,1,48,4,浅位,55680.0,55795.91384615385,55858.424615384625,62.51076923076926,115.91384615385323,178.4246153846252,否
1536,B6T0000000088,E4,1,1,48,4,深位,55680.0,55858.424615384625,55920.9353846154,62.51076923076926,178.4246153846252,240.9353846153972,否
1535,B6T0000000088,E4,1,2,48,4,浅位,55680.0,55920.9353846154,55983.44615384617,62.51076923076926,240.9353846153972,303.4461538461692,否
1534,B6T0000000088,E4,1,2,48,4,深位,55680.0,55983.44615384617,56045.95692307694,62.51076923076926,303.4461538461692,365.95692307694117,否
3304,B6T0000000643,E3,1,2,40,16,浅位,86340.0,86340.0,86394.81230769231,54.812307692307705,0.0,54.81230769230751,否
3305,B6T0000000643,E3,1,2,40,16,深位,86340.0,86394.81230769231,86449.62461538462,54.812307692307705,54.81230769230751,109.62461538461503,否
1381,B6T0000000104,E4,1,1,43,9,浅位,86820.0,86820.0,86876.41846153846,56.418461538461564,0.0,56.41846153845836,否
1382,B6T0000000104,E4,1,1,43,9,深位,86820.0,86876.41846153846,86932.83692307692,56.418461538461564,56.41846153845836,112.83692307691672,否
1383,B6T0000000104,E4,1,2,43,9,浅位,86820.0,86932.83692307692,86989.25538461538,56.418461538461564,112.83692307691672,169.25538461537508,否
1388,B6T0000000104,E4,1,2,43,9,深位,86820.0,86989.25538461538,87045.67384615383,56.418461538461564,169.25538461537508,225.67384615383344,否
3528,B6T0000000262,E4,1,1,45,39,浅位,86880.0,87045.67384615383,87114.76923076922,69.09538461538465,165.67384615383344,234.76923076921958,否
3048,B6T0000000848,E3,1,1,9,40,浅位,87060.0,87114.76923076922,87139.10769230768,24.338461538461537,54.769230769219575,79.10769230767619,否
635,B6T0000000469,E3,1,1,9,11,浅位,87120.0,87139.10769230768,87154.16615384613,15.058461538461538,19.10769230767619,34.166153846133966,否
634,B6T0000000469,E3,1,1,9,11,深位,87120.0,87154.16615384613,87169.22461538459,15.058461538461538,34.166153846133966,49.22461538459174,否
633,B6T0000000469,E3,1,2,9,11,浅位,87120.0,87169.22461538459,87184.28307692305,15.058461538461538,49.22461538459174,64.28307692304952,否
638,B6T0000000469,E3,1,2,9,11,深位,87120.0,87184.28307692305,87199.34153846151,15.058461538461538,64.28307692304952,79.3415384615073,否
3046,B6T0000000848,E3,1,1,9,40,深位,87060.0,87199.34153846151,87223.67999999996,24.338461538461537,139.3415384615073,163.6799999999639,否
3047,B6T0000000848,E3,1,2,9,40,浅位,87060.0,87223.67999999996,87248.01846153842,24.338461538461537,163.6799999999639,188.01846153842052,否
3529,B6T0000000262,E4,1,1,45,39,深位,86880.0,87248.01846153842,87317.1138461538,69.09538461538465,368.0184615384205,437.11384615380666,否
2436,B6T0000001589,E1,1,2,2,18,浅位,87720.0,87720.0,87732.68307692307,12.683076923076923,0.0,12.683076923072804,否
2439,B6T0000001589,E1,1,2,2,18,深位,87720.0,87732.68307692307,87745.36615384615,12.683076923076923,12.683076923072804,25.366153846145608,否
2161,B6T0000001774,E1,1,2,3,13,浅位,87840.0,87840.0,87851.69846153846,11.698461538461538,0.0,11.698461538457195,否
2160,B6T0000001774,E1,1,2,3,13,深位,87840.0,87851.69846153846,87863.39692307691,11.698461538461538,11.698461538457195,23.39692307691439,否
117,B6T0000000154,E4,1,1,43,3,浅位,87960.0,87960.0,88014.49846153846,54.49846153846156,0.0,54.498461538460106,否
110,B6T0000000154,E4,1,1,43,3,深位,87960.0,88014.49846153846,88068.99692307692,54.49846153846156,54.498461538460106,108.99692307692021,否
113,B6T0000000154,E4,1,2,43,3,浅位,87960.0,88068.99692307692,88123.49538461538,54.49846153846156,108.99692307692021,163.49538461538032,否
111,B6T0000000154,E4,1,2,43,3,深位,87960.0,88123.49538461538,88177.99384615384,54.49846153846156,163.49538461538032,217.99384615384042,否
188,B6T0000000932,E3,1,1,9,8,浅位,88140.0,88177.99384615384,88192.0923076923,14.098461538461537,37.99384615384042,52.09230769230635,否
1687,B6T0000001375,E1,1,1,2,9,浅位,88320.0,88320.0,88329.80307692308,9.803076923076922,0.0,9.803076923082699,否
1696,B6T0000001375,E1,1,1,2,9,深位,88320.0,88329.80307692308,88339.60615384617,9.803076923076922,9.803076923082699,19.606153846165398,否
1688,B6T0000001375,E1,1,2,2,9,浅位,88320.0,88339.60615384617,88349.40923076925,9.803076923076922,19.606153846165398,29.409230769248097,否
1695,B6T0000001375,E1,1,2,2,9,深位,88320.0,88349.40923076925,88359.21230769233,9.803076923076922,29.409230769248097,39.212307692330796,否
469,B6T0000001382,E1,1,1,2,4,浅位,88620.0,88620.0,88628.20307692308,8.203076923076923,0.0,8.203076923076878,否
800,B6T0000000540,E3,1,1,9,12,浅位,88620.0,88628.20307692308,88643.58153846154,15.378461538461538,8.203076923076878,23.58153846154164,否
801,B6T0000000540,E3,1,1,9,12,深位,88620.0,88643.58153846154,88658.96,15.378461538461538,23.58153846154164,38.9600000000064,否
802,B6T0000000540,E3,1,2,9,12,浅位,88620.0,88658.96,88674.33846153847,15.378461538461538,38.9600000000064,54.338461538471165,否
799,B6T0000000540,E3,1,2,9,12,深位,88620.0,88674.33846153847,88689.71692307694,15.378461538461538,54.338461538471165,69.71692307693593,否
399,B6T0000000471,E3,1,1,17,1,浅位,88740.0,88891.01538461538,88916.03076923077,25.015384615384615,151.0153846153844,176.03076923076878,是
395,B6T0000000471,E3,1,1,17,1,深位,88740.0,88929.88307692307,88943.73538461537,13.852307692307692,189.8830769230699,203.735384615371,是
396,B6T0000000471,E3,1,2,17,1,浅位,88740.0,88957.58769230769,88971.43999999999,13.852307692307692,217.58769230768667,231.43999999998778,是
397,B6T0000000471,E3,1,2,17,1,深位,88740.0,88985.2923076923,88999.1446153846,13.852307692307692,245.29230769230344,259.14461538460455,是
181,B6T0000000932,E3,1,1,9,8,深位,89040.0,89060.35692307692,89075.52615384615,15.169230769230769,20.356923076920793,35.5261538461491,是
180,B6T0000000932,E3,1,2,9,8,浅位,89040.0,89085.57538461538,89095.62461538462,10.049230769230768,45.57538461538206,55.624615384615026,是
179,B6T0000000932,E3,1,2,9,8,深位,89040.0,89105.67384615385,89115.72307692308,10.049230769230768,65.67384615384799,75.72307692308095,是
2130,B6T0000000727,E3,1,1,17,18,浅位,89040.0,89125.77230769231,89148.8676923077,23.095384615384617,85.77230769231392,108.86769230770005,是
2132,B6T0000000727,E3,1,1,17,18,深位,89040.0,89165.44,89182.0123076923,16.572307692307692,125.44000000000233,142.0123076923046,是
2127,B6T0000000727,E3,1,2,17,18,浅位,89040.0,89198.58461538462,89215.15692307692,16.572307692307692,158.58461538462143,175.1569230769237,是
2128,B6T0000000727,E3,1,2,17,18,深位,89040.0,89231.72923076924,89248.30153846154,16.572307692307692,191.72923076924053,208.3015384615428,是
2950,B6T0000001640,E1,1,1,7,26,浅位,89280.0,89361.29846153848,89380.92307692309,19.624615384615385,81.29846153847757,100.9230769230926,是
2986,B6T0000001732,E1,1,2,5,28,浅位,89520.0,89566.96615384617,89586.61538461539,19.64923076923077,46.96615384616598,66.61538461539021,是
2988,B6T0000001732,E1,1,2,5,28,深位,89520.0,89606.3753846154,89626.1353846154,19.76,86.37538461539953,106.13538461539429,是
2022,B6T0000000073,E4,1,1,43,13,浅位,92040.0,92040.0,92097.69846153846,57.69846153846156,0.0,57.698461538457195,否
2023,B6T0000000073,E4,1,1,43,13,深位,92040.0,92097.69846153846,92155.39692307691,57.69846153846156,57.698461538457195,115.39692307691439,否
2024,B6T0000000073,E4,1,2,43,13,浅位,92040.0,92155.39692307691,92213.09538461537,57.69846153846156,115.39692307691439,173.0953846153716,否
2026,B6T0000000073,E4,1,2,43,13,深位,92040.0,92213.09538461537,92270.79384615383,57.69846153846156,173.0953846153716,230.79384615382878,否
3406,B6T0000000663,E3,1,1,31,29,浅位,92580.0,92580.0,92627.89538461539,47.89538461538463,0.0,47.89538461538905,否
3407,B6T0000000663,E3,1,1,31,29,深位,92580.0,92627.89538461539,92675.79076923078,47.89538461538463,47.89538461538905,95.7907692307781,否
3086,B6T0000001251,E3,1,1,9,41,浅位,93900.0,93900.0,93924.65846153846,24.658461538461538,0.0,24.658461538463598,否
3085,B6T0000001251,E3,1,1,9,41,深位,93900.0,93924.65846153846,93949.31692307693,24.658461538461538,24.658461538463598,49.316923076927196,否
3087,B6T0000001251,E3,1,2,9,41,浅位,93900.0,93949.31692307693,93973.97538461539,24.658461538461538,49.316923076927196,73.9753846153908,否
1316,B6T0000000836,E3,1,1,12,14,浅位,97740.0,97740.0,97759.71076923078,19.71076923076923,0.0,19.71076923077635,否
1315,B6T0000000836,E3,1,1,12,14,深位,97740.0,97759.71076923078,97779.42153846155,19.71076923076923,19.71076923077635,39.4215384615527,否
1314,B6T0000000836,E3,1,2,12,14,浅位,97740.0,97779.42153846155,97799.13230769233,19.71076923076923,39.4215384615527,59.13230769232905,否
1308,B6T0000000836,E3,1,2,12,14,深位,97740.0,97799.13230769233,97818.8430769231,19.71076923076923,59.13230769232905,78.8430769231054,否
2928,B6T0000000048,E4,1,1,47,19,浅位,100620.0,100620.0,100685.77230769231,65.77230769230772,0.0,65.77230769231392,否
2927,B6T0000000048,E4,1,1,47,19,深位,100620.0,100685.77230769231,100751.54461538463,65.77230769230772,65.77230769231392,131.54461538462783,否
2926,B6T0000000048,E4,1,2,47,19,浅位,100620.0,100751.54461538463,100817.31692307694,65.77230769230772,131.54461538462783,197.31692307694175,否
3573,B6T0000001960,E1,1,1,1,52,浅位,105720.0,105769.25846153841,105818.8738461538,49.61538461538463,49.25846153841121,98.87384615380142,是
3572,B6T0000001960,E1,1,1,1,52,深位,105720.0,105853.12923076918,105902.74461538457,49.61538461538463,133.1292307691765,182.7446153845667,是
933,B6T0000000508,E3,1,1,9,13,浅位,106200.0,106200.0,106215.69846153846,15.698461538461537,0.0,15.698461538457195,否
934,B6T0000000508,E3,1,1,9,13,深位,106200.0,106215.69846153846,106231.39692307691,15.698461538461537,15.698461538457195,31.39692307691439,否
935,B6T0000000508,E3,1,2,9,13,浅位,106200.0,106231.39692307691,106247.09538461537,15.698461538461537,31.39692307691439,47.095384615371586,否
1060,B6T0000001185,E3,1,1,20,3,浅位,106380.0,106480.50461538462,106506.54153846155,26.03692307692308,100.50461538461968,126.54153846154804,否
1061,B6T0000001185,E3,1,1,20,3,深位,106380.0,106506.54153846155,106532.57846153848,26.03692307692308,126.54153846154804,152.5784615384764,否
1062,B6T0000001185,E3,1,2,20,3,浅位,106380.0,106532.57846153848,106558.6153846154,26.03692307692308,152.5784615384764,178.61538461540476,否
1063,B6T0000001185,E3,1,2,20,3,深位,106380.0,106558.6153846154,106584.65230769233,26.03692307692308,178.61538461540476,204.65230769233312,否
3715,B6T0000001576,E1,1,1,4,56,浅位,107220.0,107220.0,107246.07384615384,26.073846153846155,0.0,26.07384615384217,否
3714,B6T0000001576,E1,1,1,4,56,深位,107220.0,107246.07384615384,107272.14769230768,26.073846153846155,26.07384615384217,52.14769230768434,否
2629,B6T0000000942,E3,1,1,17,25,浅位,108420.0,108476.9476923077,108506.33230769231,29.384615384615383,56.9476923077018,86.33230769231159,否
2630,B6T0000000942,E3,1,1,17,25,深位,108420.0,108506.33230769231,108535.71692307692,29.384615384615383,86.33230769231159,115.71692307692138,否
2961,B6T0000001529,E1,1,2,4,28,浅位,110700.0,110700.0,110717.11384615385,17.113846153846154,0.0,17.113846153850318,否
2959,B6T0000001529,E1,1,2,4,28,深位,110700.0,110717.11384615385,110734.2276923077,17.113846153846154,17.113846153850318,34.227692307700636,否
2574,B6T0000000647,E3,1,1,15,26,浅位,111780.0,111885.32923076925,111912.57230769232,27.24307692307692,105.32923076924635,132.57230769231683,否
563,B6T0000001238,E3,1,1,16,3,深位,113640.0,113640.0,113661.11384615385,21.113846153846154,0.0,21.113846153850318,否
562,B6T0000001238,E3,1,2,16,3,浅位,113640.0,113661.11384615385,113682.2276923077,21.113846153846154,21.113846153850318,42.227692307700636,否
560,B6T0000001238,E3,1,2,16,3,深位,113640.0,113682.2276923077,113703.34153846155,21.113846153846154,42.227692307700636,63.341538461550954,否
45,B6T0000001104,E3,1,1,9,4,浅位,123780.0,123780.0,123792.81846153847,12.818461538461538,0.0,12.81846153846709,否
44,B6T0000001104,E3,1,1,9,4,深位,123780.0,123792.81846153847,123805.63692307693,12.818461538461538,12.81846153846709,25.63692307693418,否
43,B6T0000001104,E3,1,2,9,4,浅位,123780.0,123805.63692307693,123818.4553846154,12.818461538461538,25.63692307693418,38.45538461540127,否
46,B6T0000001104,E3,1,2,9,4,深位,123780.0,123818.4553846154,123831.27384615387,12.818461538461538,38.45538461540127,51.27384615386836,否
1582,B6T0000001102,E3,1,2,13,20,浅位,127860.0,127860.0,127882.86153846154,22.861538461538462,0.0,22.861538461540476,否
1580,B6T0000001102,E3,1,2,13,20,深位,127860.0,127882.86153846154,127905.72307692308,22.861538461538462,22.861538461540476,45.72307692308095,否
1583,B6T0000001102,E3,1,2,9,45,浅位,127860.0,127905.72307692308,127931.66153846154,25.93846153846154,45.72307692308095,71.66153846154339,否
1584,B6T0000001102,E3,1,1,11,45,深位,127860.0,127931.66153846154,127960.06153846154,28.4,71.66153846154339,100.06153846153757,否
1579,B6T0000001102,E3,1,2,22,6,深位,127860.0,127960.06153846154,127989.52,29.458461538461545,100.06153846153757,129.52000000000407,否
1585,B6T0000001102,E3,1,2,11,52,浅位,127860.0,127989.52,128020.16,30.64,129.52000000000407,160.1600000000035,否
1586,B6T0000001102,E3,1,2,11,52,深位,127860.0,128020.16,128050.8,30.64,160.1600000000035,190.8000000000029,否
1587,B6T0000001102,E3,1,1,17,32,浅位,127860.0,128050.8,128082.42461538462,31.62461538461538,190.8000000000029,222.42461538461794,否
1588,B6T0000001102,E3,1,1,9,64,浅位,127860.0,128082.42461538462,128114.44307692308,32.01846153846154,222.42461538461794,254.44307692308212,否
1581,B6T0000001102,E3,1,1,9,64,深位,127860.0,128114.44307692308,128146.46153846155,32.01846153846154,254.44307692308212,286.4615384615463,否
1578,B6T0000001102,E3,1,2,9,64,浅位,127860.0,128146.46153846155,128178.48000000001,32.01846153846154,286.4615384615463,318.4800000000105,否
3579,B6T0000000206,E4,1,1,46,39,浅位,127980.0,128178.48000000001,128249.11384615385,70.63384615384618,198.48000000001048,269.1138461538503,否
3578,B6T0000000206,E4,1,1,46,39,深位,127980.0,128249.11384615385,128319.74769230769,70.63384615384618,269.1138461538503,339.74769230769016,否
3522,B6T0000001764,E1,1,1,8,46,浅位,128640.0,128640.0,128665.33538461539,25.33538461538462,0.0,25.335384615391376,否
3523,B6T0000001764,E1,1,1,8,46,深位,128640.0,128665.33538461539,128690.67076923078,25.33538461538462,25.335384615391376,50.67076923078275,否
1046,B6T0000001052,E3,1,1,18,5,浅位,130740.0,130926.43692307698,130950.65230769236,24.215384615384618,186.43692307698075,210.65230769236223,否
1033,B6T0000001052,E3,1,1,18,5,深位,130740.0,130950.65230769236,130974.86769230774,24.215384615384618,210.65230769236223,234.8676923077437,否
1034,B6T0000001052,E3,1,2,18,5,浅位,130740.0,130974.86769230774,130999.08307692313,24.215384615384618,234.8676923077437,259.0830769231252,否
1035,B6T0000001052,E3,1,2,18,5,深位,130740.0,130999.08307692313,131023.2984615385,24.215384615384618,259.0830769231252,283.2984615385067,否
3333,B6T0000000143,E4,1,1,43,34,浅位,131700.0,131700.0,131764.41846153847,64.41846153846157,0.0,64.41846153847291,否
3332,B6T0000000143,E4,1,1,43,34,深位,131700.0,131764.41846153847,131828.83692307695,64.41846153846157,64.41846153847291,128.83692307694582,否
2523,B6T0000001186,E3,1,1,31,9,浅位,136200.0,136281.1692307692,136322.6646153846,41.49538461538463,81.16923076921375,122.66461538459407,否
2524,B6T0000001186,E3,1,1,31,9,深位,136200.0,136322.6646153846,136364.15999999997,41.49538461538463,122.66461538459407,164.1599999999744,否
2520,B6T0000001186,E3,1,2,31,9,浅位,136200.0,136364.15999999997,136405.65538461535,41.49538461538463,164.1599999999744,205.6553846153547,否
2751,B6T0000001729,E1,1,1,2,25,浅位,136560.0,136560.0,136574.92307692306,14.923076923076923,0.0,14.92307692306349,否
2750,B6T0000001729,E1,1,1,2,25,深位,136560.0,136574.92307692306,136589.84615384613,14.923076923076923,14.92307692306349,29.84615384612698,否
2749,B6T0000001729,E1,1,2,2,25,浅位,136560.0,136589.84615384613,136604.7692307692,14.923076923076923,29.84615384612698,44.76923076919047,否
2748,B6T0000001729,E1,1,2,2,25,深位,136560.0,136604.7692307692,136619.69230769225,14.923076923076923,44.76923076919047,59.69230769225396,否
2882,B6T0000001470,E1,1,1,1,28,浅位,138360.0,138360.0,138375.26769230768,15.26769230769231,0.0,15.267692307679681,否
2883,B6T0000001470,E1,1,1,1,28,深位,138360.0,138375.26769230768,138390.53538461536,15.26769230769231,15.267692307679681,30.535384615359362,否
2880,B6T0000001470,E1,1,2,1,28,浅位,138360.0,138390.53538461536,138405.80307692304,15.26769230769231,30.535384615359362,45.80307692303904,否
2881,B6T0000001470,E1,1,2,1,28,深位,138360.0,138405.80307692304,138421.07076923072,15.26769230769231,45.80307692303904,61.070769230718724,否
2840,B6T0000001351,E1,1,1,6,25,浅位,139980.0,139980.0,139997.38461538462,17.384615384615387,0.0,17.38461538462434,否
2841,B6T0000001351,E1,1,1,6,25,深位,139980.0,139997.38461538462,140014.76923076925,17.384615384615387,17.38461538462434,34.76923076924868,否
2842,B6T0000001351,E1,1,2,6,25,浅位,139980.0,140014.76923076925,140032.15384615387,17.384615384615387,34.76923076924868,52.15384615387302,否
2843,B6T0000001351,E1,1,2,6,25,深位,139980.0,140032.15384615387,140049.5384615385,17.384615384615387,52.15384615387302,69.53846153849736,否
2638,B6T0000001516,E1,1,1,1,23,浅位,140160.0,140160.0,140173.6676923077,13.66769230769231,0.0,13.667692307702964,否
557,B6T0000001827,E1,1,1,4,3,浅位,140580.0,140596.40615384618,140605.52000000002,9.113846153846154,16.40615384618286,25.520000000018626,否
556,B6T0000001827,E1,1,1,4,3,深位,140580.0,140605.52000000002,140614.63384615385,9.113846153846154,25.520000000018626,34.63384615385439,否
555,B6T0000001827,E1,1,2,4,3,浅位,140580.0,140614.63384615385,140623.7476923077,9.113846153846154,34.63384615385439,43.74769230769016,否
551,B6T0000001827,E1,1,2,4,3,深位,140580.0,140623.7476923077,140632.86153846153,9.113846153846154,43.74769230769016,52.861538461525925,否
2859,B6T0000000686,E3,1,2,18,28,浅位,140640.0,140640.0,140671.5753846154,31.575384615384618,0.0,31.575384615396615,否
2858,B6T0000000686,E3,1,2,18,28,深位,140640.0,140671.5753846154,140703.1507692308,31.575384615384618,31.575384615396615,63.15076923079323,否
3601,B6T0000000995,E3,1,1,29,38,浅位,141480.0,141487.55692307692,141534.31384615385,46.75692307692308,7.556923076917883,54.31384615384741,是
3600,B6T0000000995,E3,1,1,29,38,深位,141480.0,141541.87076923077,141588.6276923077,46.75692307692308,61.87076923076529,108.62769230769482,是
3653,B6T0000000006,E4,1,1,43,45,浅位,142560.0,142560.0,142627.93846153846,67.93846153846155,0.0,67.93846153846243,否
3652,B6T0000000006,E4,1,1,43,45,深位,142560.0,142627.93846153846,142695.87692307692,67.93846153846155,67.93846153846243,135.87692307692487,否
2401,B6T0000001888,E1,1,1,1,18,浅位,142980.0,142980.0,142992.0676923077,12.067692307692308,0.0,12.067692307697143,否
2402,B6T0000001888,E1,1,1,1,18,深位,142980.0,142992.0676923077,143004.1353846154,12.067692307692308,12.067692307697143,24.135384615394287,否
2403,B6T0000001888,E1,1,2,1,18,浅位,142980.0,143004.1353846154,143016.2030769231,12.067692307692308,24.135384615394287,36.20307692309143,否
2400,B6T0000001888,E1,1,2,1,18,深位,142980.0,143016.2030769231,143028.2707692308,12.067692307692308,36.20307692309143,48.270769230788574,否
74,B6T0000000261,E4,1,1,43,1,浅位,143520.0,143520.0,143573.85846153848,53.85846153846156,0.0,53.85846153847524,否
81,B6T0000000261,E4,1,1,43,1,深位,143520.0,143573.85846153848,143627.71692307695,53.85846153846156,53.85846153847524,107.71692307695048,否
72,B6T0000000261,E4,1,2,43,1,浅位,143520.0,143627.71692307695,143681.57538461543,53.85846153846156,107.71692307695048,161.57538461542572,否
73,B6T0000000261,E4,1,2,43,1,深位,143520.0,143681.57538461543,143735.4338461539,53.85846153846156,161.57538461542572,215.43384615390096,否
2419,B6T0000001130,E3,1,1,35,3,浅位,172500.0,172674.35076923075,172718.8492307692,44.498461538461555,174.35076923074666,218.84923076920677,否
2734,B6T0000000432,E3,1,1,9,35,浅位,173100.0,173173.54461538457,173196.28307692302,22.738461538461536,73.54461538456962,96.28307692302042,否
360,B6T0000001370,E1,1,1,5,2,浅位,173100.0,173196.28307692302,173205.69230769225,9.409230769230769,96.28307692302042,105.69230769225396,否
362,B6T0000001370,E1,1,1,5,2,深位,173100.0,173205.69230769225,173215.1015384615,9.409230769230769,105.69230769225396,115.10153846148751,否
361,B6T0000001370,E1,1,2,5,2,浅位,173100.0,173215.1015384615,173224.51076923072,9.409230769230769,115.10153846148751,124.51076923072105,否
352,B6T0000001370,E1,1,2,5,2,深位,173100.0,173238.87999999995,173253.24923076917,14.36923076923077,138.87999999994645,153.24923076917185,是
2735,B6T0000000432,E3,1,1,9,35,深位,173100.0,173274.42461538455,173295.59999999992,21.175384615384615,174.42461538454518,195.5999999999185,是
3084,B6T0000001138,E3,1,1,39,10,浅位,173160.0,173309.96923076917,173361.2615384615,51.292307692307716,149.969230769173,201.261538461491,是
3154,B6T0000001701,E1,1,1,1,36,浅位,173400.0,173455.13846153842,173476.3138461538,21.175384615384615,55.13846153841587,76.3138461537892,是
3155,B6T0000001701,E1,1,1,1,36,深位,173400.0,173497.59999999998,173518.88615384614,21.286153846153848,97.59999999997672,118.88615384613513,是
3156,B6T0000001701,E1,1,2,1,36,浅位,173400.0,173540.1723076923,173561.45846153845,21.286153846153848,140.17230769229354,161.45846153845196,是
1880,B6T0000001166,E3,1,1,10,23,深位,173400.0,173561.45846153845,173581.5876923077,20.12923076923077,161.45846153845196,181.58769230768667,否
1882,B6T0000001166,E3,1,2,15,5,深位,173400.0,173581.5876923077,173602.11076923076,20.52307692307692,181.58769230768667,202.11076923075598,否
1879,B6T0000001166,E3,1,1,9,33,浅位,173400.0,173602.11076923076,173624.20923076922,22.09846153846154,202.11076923075598,224.2092307692219,否
1877,B6T0000001166,E3,1,1,9,33,深位,173400.0,173624.20923076922,173646.3076923077,22.09846153846154,224.2092307692219,246.30769230768783,否
1878,B6T0000001166,E3,1,2,9,33,浅位,173400.0,173646.3076923077,173668.40615384615,22.09846153846154,246.30769230768783,268.40615384615376,否
1883,B6T0000001166,E3,1,2,13,19,深位,173400.0,173668.40615384615,173690.9476923077,22.54153846153846,268.40615384615376,290.9476923077018,否
1884,B6T0000001166,E3,1,1,13,20,深位,173400.0,173690.9476923077,173713.80923076923,22.861538461538462,290.9476923077018,313.8092307692277,否
1881,B6T0000001166,E3,1,1,15,23,深位,173400.0,173713.80923076923,173740.0923076923,26.28307692307692,313.8092307692277,340.09230769230635,否
1782,B6T0000001122,E3,1,1,24,6,浅位,173760.0,173822.01846153848,173853.9384615385,31.92000000000001,62.01846153847873,93.93846153849154,否
1786,B6T0000001122,E3,1,1,24,6,深位,173760.0,173853.9384615385,173885.8584615385,31.92000000000001,93.93846153849154,125.85846153850434,否
1785,B6T0000001122,E3,1,2,24,6,浅位,173760.0,173885.8584615385,173917.77846153852,31.92000000000001,125.85846153850434,157.77846153851715,否
1784,B6T0000001122,E3,1,2,24,6,深位,173760.0,173917.77846153852,173949.69846153853,31.92000000000001,157.77846153851715,189.69846153852995,否
1909,B6T0000000403,E3,1,1,29,3,浅位,174000.0,174072.40615384618,174109.52000000002,37.11384615384616,72.40615384618286,109.52000000001863,否
1910,B6T0000000403,E3,1,1,29,3,深位,174000.0,174109.52000000002,174146.63384615385,37.11384615384616,109.52000000001863,146.6338461538544,否
1911,B6T0000000403,E3,1,2,29,3,浅位,174000.0,174146.63384615385,174183.7476923077,37.11384615384616,146.6338461538544,183.74769230769016,否
1912,B6T0000000403,E3,1,2,29,3,深位,174000.0,174183.7476923077,174220.86153846153,37.11384615384616,183.74769230769016,220.86153846152592,否
1001,B6T0000001090,E3,1,1,12,11,浅位,174180.0,174287.03999999998,174305.79076923075,18.75076923076923,107.03999999997905,125.79076923074899,否
998,B6T0000001090,E3,1,1,12,11,深位,174180.0,174305.79076923075,174324.54153846152,18.75076923076923,125.79076923074899,144.54153846151894,否
999,B6T0000001090,E3,1,2,12,11,浅位,174180.0,174324.54153846152,174343.2923076923,18.75076923076923,144.54153846151894,163.2923076922889,否
1293,B6T0000000996,E3,1,1,9,17,浅位,174420.0,174420.0,174436.97846153847,16.978461538461538,0.0,16.978461538470583,否
1294,B6T0000000996,E3,1,1,9,17,深位,174420.0,174436.97846153847,174453.95692307694,16.978461538461538,16.978461538470583,33.956923076941166,否
1295,B6T0000000996,E3,1,2,9,17,浅位,174420.0,174453.95692307694,174470.9353846154,16.978461538461538,33.956923076941166,50.93538461541175,否
1304,B6T0000000996,E3,1,2,9,17,深位,174420.0,174470.9353846154,174487.91384615388,16.978461538461538,50.93538461541175,67.91384615388233,否
3733,B6T0000000821,E3,1,1,9,63,浅位,174660.0,174660.0,174691.69846153847,31.69846153846154,0.0,31.698461538471747,否
3732,B6T0000000821,E3,1,1,9,63,深位,174660.0,174691.69846153847,174723.39692307694,31.69846153846154,31.698461538471747,63.396923076943494,否
766,B6T0000000843,E3,1,1,16,4,浅位,174120.0,174875.07076923066,174896.5046153845,21.43384615384615,755.0707692306605,776.5046153845033,否
2518,B6T0000001724,E1,1,1,1,20,浅位,174960.0,174960.0,174972.70769230768,12.707692307692309,0.0,12.70769230768201,否
2517,B6T0000001724,E1,1,1,1,20,深位,174960.0,174972.70769230768,174985.41538461536,12.707692307692309,12.70769230768201,25.41538461536402,否
2516,B6T0000001724,E1,1,2,1,20,浅位,174960.0,174985.41538461536,174998.12307692305,12.707692307692309,25.41538461536402,38.12307692304603,否
2515,B6T0000001724,E1,1,2,1,20,深位,174960.0,174998.12307692305,175010.83076923073,12.707692307692309,38.12307692304603,50.83076923072804,否
1178,B6T0000001103,E3,1,1,21,3,浅位,175020.0,175020.0,175047.26769230768,27.26769230769231,0.0,27.26769230767968,否
1188,B6T0000001103,E3,1,1,21,3,深位,175020.0,175047.26769230768,175074.53538461536,27.26769230769231,27.26769230767968,54.53538461535936,否
1187,B6T0000001103,E3,1,2,21,3,浅位,175020.0,175074.53538461536,175101.80307692304,27.26769230769231,54.53538461535936,81.80307692303904,否
1186,B6T0000001103,E3,1,2,21,3,深位,175020.0,175101.80307692304,175129.07076923072,27.26769230769231,81.80307692303904,109.07076923071872,否
3188,B6T0000000316,E4,1,1,45,27,浅位,175500.0,175500.0,175565.2553846154,65.25538461538464,0.0,65.25538461538963,否
1728,B6T0000001429,E1,1,1,1,10,浅位,175560.0,175565.2553846154,175574.7630769231,9.507692307692308,5.25538461538963,14.763076923089102,否
1727,B6T0000001429,E1,1,1,1,10,深位,175560.0,175574.7630769231,175584.2707692308,9.507692307692308,14.763076923089102,24.270769230788574,否
1732,B6T0000001429,E1,1,2,1,10,浅位,175560.0,175584.2707692308,175593.7784615385,9.507692307692308,24.270769230788574,33.778461538488045,否
1735,B6T0000001429,E1,1,2,1,10,深位,175560.0,175593.7784615385,175603.2861538462,9.507692307692308,33.778461538488045,43.28615384618752,否
3187,B6T0000000316,E4,1,1,45,27,深位,175500.0,175603.2861538462,175668.54153846158,65.25538461538464,103.28615384618752,168.54153846157715,否
3189,B6T0000000316,E4,1,2,45,27,浅位,175500.0,175668.54153846158,175733.79692307697,65.25538461538464,168.54153846157715,233.79692307696678,否
472,B6T0000001382,E1,1,1,2,4,深位,175680.0,175733.79692307697,175742.00000000006,8.203076923076923,53.79692307696678,62.00000000005821,否
471,B6T0000001382,E1,1,2,2,4,浅位,175680.0,175742.00000000006,175750.20307692315,8.203076923076923,62.00000000005821,70.20307692314964,否
481,B6T0000001382,E1,1,2,2,4,深位,175680.0,175750.20307692315,175758.40615384624,8.203076923076923,70.20307692314964,78.40615384624107,否
2887,B6T0000000093,E4,1,1,45,21,浅位,175740.0,175758.40615384624,175821.74153846162,63.33538461538464,18.406153846241068,81.74153846161789,否
2888,B6T0000000093,E4,1,1,45,21,深位,175740.0,175821.74153846162,175885.076923077,63.33538461538464,81.74153846161789,145.07692307699472,否
2889,B6T0000000093,E4,1,2,45,21,浅位,175740.0,175885.076923077,175948.41230769237,63.33538461538464,145.07692307699472,208.41230769237154,否
2608,B6T0000000322,E3,1,1,37,4,浅位,185040.0,185132.73846153845,185180.01846153845,47.280000000000015,92.73846153845079,140.01846153844963,否
2611,B6T0000000322,E3,1,1,37,4,深位,185040.0,185180.01846153845,185227.29846153845,47.280000000000015,140.01846153844963,187.29846153844846,否
1425,B6T0000000947,E3,1,1,13,14,浅位,188580.0,188620.06153846154,188641.00307692308,20.941538461538464,40.061538461537566,61.00307692307979,否
1427,B6T0000000947,E3,1,1,13,14,深位,188580.0,188641.00307692308,188661.94461538462,20.941538461538464,61.00307692307979,81.94461538462201,否
1424,B6T0000000947,E3,1,2,13,14,浅位,188580.0,188661.94461538462,188682.88615384616,20.941538461538464,81.94461538462201,102.88615384616423,否
1423,B6T0000000947,E3,1,2,13,14,深位,188580.0,188682.88615384616,188703.8276923077,20.941538461538464,102.88615384616423,123.82769230770646,否
2815,B6T0000000054,E4,1,1,49,15,浅位,192600.0,192600.0,192667.56923076924,67.56923076923078,0.0,67.56923076923704,否
2813,B6T0000000054,E4,1,1,49,15,深位,192600.0,192667.56923076924,192735.13846153847,67.56923076923078,67.56923076923704,135.13846153847408,否
2814,B6T0000000054,E4,1,2,49,15,浅位,192600.0,192735.13846153847,192802.7076923077,67.56923076923078,135.13846153847408,202.7076923077111,否
2812,B6T0000000054,E4,1,2,49,15,深位,192600.0,192802.7076923077,192870.27692307695,67.56923076923078,202.7076923077111,270.27692307694815,否
1709,B6T0000001409,E1,1,1,6,7,浅位,194220.0,194241.42769230768,194253.0523076923,11.624615384615385,21.427692307683174,33.0523076922982,否
1711,B6T0000001409,E1,1,1,6,7,深位,194220.0,194253.0523076923,194264.6769230769,11.624615384615385,33.0523076922982,44.676923076913226,否
1716,B6T0000001409,E1,1,2,6,7,浅位,194220.0,194264.6769230769,194276.30153846153,11.624615384615385,44.676923076913226,56.30153846152825,否
1713,B6T0000001409,E1,1,2,6,7,深位,194220.0,194276.30153846153,194287.92615384614,11.624615384615385,56.30153846152825,67.92615384614328,否
902,B6T0000000411,E3,1,1,15,6,浅位,194580.0,194619.8646153846,194640.70769230768,20.84307692307692,39.86461538460571,60.70769230768201,否
904,B6T0000000411,E3,1,1,15,6,深位,194580.0,194640.70769230768,194661.55076923076,20.84307692307692,60.70769230768201,81.5507692307583,否
906,B6T0000000411,E3,1,2,15,6,浅位,194580.0,194661.55076923076,194682.39384615383,20.84307692307692,81.5507692307583,102.3938461538346,否
908,B6T0000000411,E3,1,2,15,6,深位,194580.0,194682.39384615383,194703.2369230769,20.84307692307692,102.3938461538346,123.2369230769109,否
2485,B6T0000000435,E3,1,1,37,2,浅位,194760.0,194942.91692307696,194989.55692307698,46.640000000000015,182.91692307696212,229.5569230769761,否
1498,B6T0000000905,E3,1,1,15,13,浅位,195660.0,195837.37846153835,195860.46153846142,23.08307692307692,177.37846153834835,200.46153846141533,否
1495,B6T0000000905,E3,1,1,15,13,深位,195660.0,195860.46153846142,195883.54461538448,23.08307692307692,200.46153846141533,223.5446153844823,否
1497,B6T0000000905,E3,1,2,15,13,浅位,195660.0,195883.54461538448,195906.62769230755,23.08307692307692,223.5446153844823,246.6276923075493,否
1496,B6T0000000905,E3,1,2,15,13,深位,195660.0,195906.62769230755,195929.71076923062,23.08307692307692,246.6276923075493,269.7107692306163,否
1348,B6T0000001367,E1,1,1,4,6,浅位,198960.0,199103.26769230777,199113.34153846162,10.073846153846155,143.267692307767,153.3415384616237,否
1349,B6T0000001367,E1,1,1,4,6,深位,198960.0,199113.34153846162,199123.41538461548,10.073846153846155,153.3415384616237,163.41538461548043,否
1350,B6T0000001367,E1,1,2,4,6,浅位,198960.0,199123.41538461548,199133.48923076934,10.073846153846155,163.41538461548043,173.48923076933715,否
1347,B6T0000001367,E1,1,2,4,6,深位,198960.0,199133.48923076934,199143.5630769232,10.073846153846155,173.48923076933715,183.56307692319388,否
1149,B6T0000000395,E3,1,1,17,7,浅位,202560.0,203185.4769230769,203209.10153846152,23.62461538461538,625.4769230769016,649.1015384615166,否
1150,B6T0000000395,E3,1,1,17,7,深位,202560.0,203209.10153846152,203232.72615384613,23.62461538461538,649.1015384615166,672.7261538461316,否
206,B6T0000000581,E3,1,1,9,9,浅位,203640.0,203640.0,203654.41846153847,14.418461538461537,0.0,14.418461538472911,否
207,B6T0000000581,E3,1,1,9,9,深位,203640.0,203654.41846153847,203668.83692307695,14.418461538461537,14.418461538472911,28.836923076945823,否
208,B6T0000000581,E3,1,2,9,9,浅位,203640.0,203668.83692307695,203683.25538461542,14.418461538461537,28.836923076945823,43.255384615418734,否
209,B6T0000000581,E3,1,2,9,9,深位,203640.0,203683.25538461542,203697.6738461539,14.418461538461537,43.255384615418734,57.673846153891645,否
815,B6T0000001427,E1,1,1,6,3,浅位,203940.0,204090.94153846148,204101.2861538461,10.344615384615384,150.94153846148401,161.2861538461002,否
1682,B6T0000001195,E3,1,1,28,1,浅位,213960.0,214234.65846153838,214269.90153846145,35.24307692307693,274.6584615383763,309.90153846144676,否
1681,B6T0000001195,E3,1,1,28,1,深位,213960.0,214269.90153846145,214305.14461538452,35.24307692307693,309.90153846144676,345.14461538451724,否
1686,B6T0000001195,E3,1,2,28,1,浅位,213960.0,214305.14461538452,214340.3876923076,35.24307692307693,345.14461538451724,380.3876923075877,否
992,B6T0000001090,E3,1,2,12,11,深位,216180.0,216180.0,216198.75076923077,18.75076923076923,0.0,18.750769230769947,否
326,B6T0000001196,E3,1,1,13,5,浅位,216480.0,216531.4523076923,216549.51384615383,18.06153846153846,51.45230769229238,69.51384615382995,否
325,B6T0000001196,E3,1,1,13,5,深位,216480.0,216549.51384615383,216567.57538461537,18.06153846153846,69.51384615382995,87.57538461536751,否
317,B6T0000001196,E3,1,2,13,5,浅位,216480.0,216567.57538461537,216585.6369230769,18.06153846153846,87.57538461536751,105.63692307690508,否
320,B6T0000001196,E3,1,2,13,5,深位,216480.0,216585.6369230769,216603.69846153844,18.06153846153846,105.63692307690508,123.69846153844264,否
3197,B6T0000001473,E1,1,1,2,4,浅位,218340.0,218340.0,218348.2030769231,8.203076923076923,0.0,8.20307692309143,否
3196,B6T0000001473,E1,1,1,2,9,浅位,218340.0,218348.2030769231,218358.00615384616,9.803076923076922,8.20307692309143,18.006153846159577,否
3198,B6T0000001473,E1,1,1,2,9,深位,218340.0,218358.00615384616,218367.80923076923,9.803076923076922,18.006153846159577,27.809230769227725,否
3711,B6T0000001300,E3,1,1,25,45,浅位,223500.0,223500.0,223545.63076923077,45.63076923076923,0.0,45.630769230774604,否
3710,B6T0000001300,E3,1,1,25,45,深位,223500.0,223545.63076923077,223591.26153846155,45.63076923076923,45.630769230774604,91.26153846154921,否
3510,B6T0000000004,E4,1,1,43,41,浅位,258960.0,258995.67384615383,259057.37846153844,61.70461538461541,35.67384615383344,97.37846153843566,是
3511,B6T0000000004,E4,1,1,43,41,深位,258960.0,259071.8523076923,259133.5569230769,61.70461538461541,111.85230769228656,173.55692307688878,是
3384,B6T0000001340,E1,1,1,4,12,深位,259140.0,259140.0,259151.99384615384,11.993846153846155,0.0,11.993846153840423,否
3385,B6T0000001340,E1,1,2,6,10,深位,259140.0,259151.99384615384,259164.57846153845,12.584615384615384,11.993846153840423,24.5784615384473,否
3081,B6T0000001354,E1,1,2,4,31,浅位,259200.0,259200.0,259218.07384615386,18.073846153846155,0.0,18.07384615385672,否
3080,B6T0000001354,E1,1,2,4,31,深位,259200.0,259218.07384615386,259236.1476923077,18.073846153846155,18.07384615385672,36.14769230771344,否
2708,B6T0000001818,E1,1,1,2,24,浅位,259380.0,259380.0,259394.6030769231,14.603076923076925,0.0,14.60307692308561,否
2709,B6T0000001818,E1,1,1,2,24,深位,259380.0,259394.6030769231,259409.20615384617,14.603076923076925,14.60307692308561,29.20615384617122,否
2710,B6T0000001818,E1,1,2,2,24,浅位,259380.0,259409.20615384617,259423.80923076926,14.603076923076925,29.20615384617122,43.80923076925683,否
2711,B6T0000001818,E1,1,2,2,24,深位,259380.0,259423.80923076926,259438.41230769234,14.603076923076925,43.80923076925683,58.41230769234244,否
685,B6T0000001180,E3,1,1,11,9,浅位,259800.0,259924.6215384617,259941.5015384617,16.88,124.62153846170986,141.50153846171452,否
684,B6T0000001180,E3,1,1,11,9,深位,259800.0,259941.5015384617,259958.38153846172,16.88,141.50153846171452,158.38153846171917,否
683,B6T0000001180,E3,1,2,11,9,浅位,259800.0,259958.38153846172,259975.26153846172,16.88,158.38153846171917,175.26153846172383,否
682,B6T0000001180,E3,1,2,11,9,深位,259800.0,259975.26153846172,259992.14153846173,16.88,175.26153846172383,192.1415384617285,否
155,B6T0000000810,E3,1,1,15,1,浅位,259440.0,259992.14153846173,260011.3846153848,19.24307692307692,552.1415384617285,571.384615384799,否
170,B6T0000000810,E3,1,1,15,1,深位,259440.0,260011.3846153848,260030.62769230787,19.24307692307692,571.384615384799,590.6276923078694,否
164,B6T0000000810,E3,1,2,15,1,浅位,259440.0,260030.62769230787,260049.87076923094,19.24307692307692,590.6276923078694,609.8707692309399,否
163,B6T0000000810,E3,1,2,15,1,深位,259440.0,260049.87076923094,260069.113846154,19.24307692307692,609.8707692309399,629.1138461540104,否
1600,B6T0000001610,E1,1,1,4,7,浅位,260160.0,260178.96615384618,260189.36000000002,10.393846153846155,18.966153846180532,29.360000000015134,否
1601,B6T0000001610,E1,1,1,4,7,深位,260160.0,260189.36000000002,260199.75384615385,10.393846153846155,29.360000000015134,39.753846153849736,否
1602,B6T0000001610,E1,1,2,4,7,浅位,260160.0,260199.75384615385,260210.14769230768,10.393846153846155,39.753846153849736,50.14769230768434,否
1603,B6T0000001610,E1,1,2,4,7,深位,260160.0,260210.14769230768,260220.54153846152,10.393846153846155,50.14769230768434,60.54153846151894,否
2326,B6T0000000447,E3,1,1,20,17,浅位,260700.0,260796.86153846153,260827.37846153844,30.51692307692308,96.86153846152592,127.37846153843566,否
2329,B6T0000000447,E3,1,1,20,17,深位,260700.0,260827.37846153844,260857.89538461535,30.51692307692308,127.37846153843566,157.8953846153454,否
3476,B6T0000000592,E3,1,1,9,9,浅位,260940.0,260940.0,260954.41846153847,14.418461538461537,0.0,14.418461538472911,否
3477,B6T0000000592,E3,1,1,9,9,深位,260940.0,260954.41846153847,260968.83692307695,14.418461538461537,14.418461538472911,28.836923076945823,否
3561,B6T0000000644,E3,1,2,9,33,浅位,261060.0,261060.0,261082.09846153847,22.09846153846154,0.0,22.098461538465926,否
3560,B6T0000000644,E3,1,2,13,19,深位,261060.0,261082.09846153847,261104.64,22.54153846153846,22.098461538465926,44.64000000001397,否
3557,B6T0000000429,E3,1,1,9,57,浅位,261840.0,261840.0,261869.77846153846,29.77846153846154,0.0,29.77846153845894,否
3556,B6T0000000429,E3,1,1,9,57,深位,261840.0,261869.77846153846,261899.55692307692,29.77846153846154,29.77846153845894,59.55692307691788,否
2661,B6T0000001882,E1,1,1,1,24,浅位,262200.0,262200.0,262213.9876923077,13.98769230769231,0.0,13.987692307680845,否
2662,B6T0000001882,E1,1,1,1,24,深位,262200.0,262213.9876923077,262227.97538461536,13.98769230769231,13.987692307680845,27.97538461536169,否
2663,B6T0000001882,E1,1,2,1,24,浅位,262200.0,262227.97538461536,262241.96307692304,13.98769230769231,27.97538461536169,41.963076923042536,否
2660,B6T0000001882,E1,1,2,1,24,深位,262200.0,262241.96307692304,262255.9507692307,13.98769230769231,41.963076923042536,55.95076923072338,否
3331,B6T0000001657,E1,1,1,2,42,浅位,266760.0,266760.0,266780.36307692307,20.363076923076925,0.0,20.36307692306582,否
3330,B6T0000001657,E1,1,1,2,42,深位,266760.0,266780.36307692307,266800.72615384613,20.363076923076925,20.36307692306582,40.72615384613164,否
2811,B6T0000000003,E4,1,1,45,20,浅位,270360.0,270360.0,270423.0153846154,63.01538461538464,0.0,63.01538461539894,否
2810,B6T0000000003,E4,1,1,45,20,深位,270360.0,270423.0153846154,270486.0307692308,63.01538461538464,63.01538461539894,126.03076923079789,否
2809,B6T0000000003,E4,1,2,45,20,浅位,270360.0,270486.0307692308,270549.0461538462,63.01538461538464,126.03076923079789,189.04615384619683,否
2808,B6T0000000003,E4,1,2,45,20,深位,270360.0,270549.0461538462,270612.0615384616,63.01538461538464,189.04615384619683,252.06153846159577,否
3096,B6T0000001025,E3,1,2,20,30,浅位,271920.0,271920.0,271954.6769230769,34.67692307692308,0.0,34.676923076913226,否
3095,B6T0000001025,E3,1,2,20,30,深位,271920.0,271954.6769230769,271989.3538461538,34.67692307692308,34.676923076913226,69.35384615382645,否
3404,B6T0000000189,E4,1,1,43,37,浅位,276180.0,276180.0,276245.37846153846,65.37846153846156,0.0,65.37846153846476,否
3405,B6T0000000189,E4,1,1,43,37,深位,276180.0,276245.37846153846,276310.75692307693,65.37846153846156,65.37846153846476,130.75692307692952,否
2780,B6T0000000204,E4,1,2,44,21,浅位,277200.0,277200.0,277261.7969230769,61.7969230769231,0.0,61.79692307690857,否
2782,B6T0000000204,E4,1,2,44,21,深位,277200.0,277261.7969230769,277323.5938461538,61.7969230769231,61.79692307690857,123.59384615381714,否
3515,B6T0000000775,E3,1,1,9,17,浅位,280320.0,280320.0,280336.97846153844,16.978461538461538,0.0,16.97846153844148,否
3514,B6T0000000775,E3,1,1,9,17,深位,280320.0,280336.97846153844,280353.9569230769,16.978461538461538,16.97846153844148,33.95692307688296,否
2772,B6T0000000030,E4,1,1,43,1,浅位,280860.0,280860.0,280913.85846153845,53.85846153846156,0.0,53.858461538446136,否
2773,B6T0000000030,E4,1,1,43,1,深位,280860.0,280913.85846153845,280967.7169230769,53.85846153846156,53.858461538446136,107.71692307689227,否
2774,B6T0000000030,E4,1,2,43,1,浅位,280860.0,280967.7169230769,281021.57538461534,53.85846153846156,107.71692307689227,161.5753846153384,否
2775,B6T0000000030,E4,1,2,43,1,深位,280860.0,281021.57538461534,281075.4338461538,53.85846153846156,161.5753846153384,215.43384615378454,否
3262,B6T0000000078,E4,1,1,43,31,浅位,281280.0,281280.0,281343.4584615385,63.45846153846156,0.0,63.45846153848106,否
3263,B6T0000000078,E4,1,1,43,31,深位,281280.0,281343.4584615385,281406.91692307696,63.45846153846156,63.45846153848106,126.91692307696212,否
2110,B6T0000000611,E3,1,1,9,26,浅位,287640.0,287640.0,287659.85846153845,19.858461538461537,0.0,19.858461538446136,否
2109,B6T0000000611,E3,1,1,9,26,深位,287640.0,287659.85846153845,287679.7169230769,19.858461538461537,19.858461538446136,39.71692307689227,否
2108,B6T0000000611,E3,1,2,9,26,浅位,287640.0,287679.7169230769,287699.57538461534,19.858461538461537,39.71692307689227,59.57538461533841,否
2112,B6T0000000611,E3,1,2,9,26,深位,287640.0,287699.57538461534,287719.4338461538,19.858461538461537,59.57538461533841,79.43384615378454,否
1093,B6T0000001415,E1,1,2,7,3,浅位,287880.0,287880.0,287890.96,10.96,0.0,10.960000000020955,否
1095,B6T0000001415,E1,1,2,7,3,深位,287880.0,287890.96,287901.92000000004,10.96,10.960000000020955,21.92000000004191,否
3051,B6T0000000142,E4,1,1,43,27,浅位,290040.0,290040.0,290102.17846153845,62.17846153846156,0.0,62.17846153845312,否
3049,B6T0000000142,E4,1,1,43,27,深位,290040.0,290102.17846153845,290164.3569230769,62.17846153846156,62.17846153845312,124.35692307690624,否
3050,B6T0000000142,E4,1,2,43,27,浅位,290040.0,290164.3569230769,290226.53538461536,62.17846153846156,124.35692307690624,186.53538461535936,否
3648,B6T0000001606,E1,1,2,2,1,深位,295020.0,295020.0,295027.24307692307,7.243076923076924,0.0,7.2430769230704755,否
3649,B6T0000001606,E1,1,2,1,4,深位,295020.0,295027.24307692307,295034.8307692308,7.587692307692308,7.2430769230704755,14.830769230786245,否
1361,B6T0000000150,E4,1,1,46,5,浅位,295320.0,295320.0,295379.75384615385,59.75384615384618,0.0,59.753846153849736,否
1362,B6T0000000150,E4,1,1,46,5,深位,295320.0,295379.75384615385,295439.5076923077,59.75384615384618,59.753846153849736,119.50769230769947,否
1363,B6T0000000150,E4,1,2,46,5,浅位,295320.0,295439.5076923077,295499.26153846155,59.75384615384618,119.50769230769947,179.2615384615492,否
1364,B6T0000000150,E4,1,2,46,5,深位,295320.0,295499.26153846155,295559.0153846154,59.75384615384618,179.2615384615492,239.01538461539894,否
1373,B6T0000000150,E4,1,2,49,1,浅位,295320.0,295977.29230769235,296040.3815384616,63.089230769230795,657.2923076923471,720.3815384616028,否
1371,B6T0000000150,E4,1,2,49,1,深位,295320.0,296040.3815384616,296103.47076923086,63.089230769230795,720.3815384616028,783.4707692308584,否
1806,B6T0000001372,E1,1,1,2,10,浅位,297060.0,297060.0,297070.1230769231,10.123076923076923,0.0,10.123076923075132,否
1807,B6T0000001372,E1,1,1,2,10,深位,297060.0,297070.1230769231,297080.24615384615,10.123076923076923,10.123076923075132,20.246153846150264,否
1808,B6T0000001372,E1,1,2,2,10,浅位,297060.0,297080.24615384615,297090.3692307692,10.123076923076923,20.246153846150264,30.369230769225396,否
1809,B6T0000001372,E1,1,2,2,10,深位,297060.0,297090.3692307692,297100.4923076923,10.123076923076923,30.369230769225396,40.49230769230053,否
3622,B6T0000001034,E3,1,1,19,49,浅位,297240.0,297240.0,297279.5261538462,39.526153846153846,0.0,39.526153846178204,否
3623,B6T0000001034,E3,1,1,19,49,深位,297240.0,297279.5261538462,297319.05230769236,39.526153846153846,39.526153846178204,79.05230769235641,否
2920,B6T0000000210,E4,1,2,43,24,浅位,297660.0,297660.0,297721.2184615385,61.21846153846156,0.0,61.218461538490374,否
2921,B6T0000000210,E4,1,2,43,24,深位,297660.0,297721.2184615385,297782.436923077,61.21846153846156,61.218461538490374,122.43692307698075,否
1214,B6T0000000577,E3,1,1,9,16,浅位,302040.0,302040.0,302056.65846153843,16.658461538461538,0.0,16.658461538434494,否
1219,B6T0000000577,E3,1,1,9,16,深位,302040.0,302056.65846153843,302073.31692307687,16.658461538461538,16.658461538434494,33.31692307686899,否
1220,B6T0000000577,E3,1,2,9,16,浅位,302040.0,302073.31692307687,302089.9753846153,16.658461538461538,33.31692307686899,49.97538461530348,否
1224,B6T0000000577,E3,1,2,9,16,深位,302040.0,302089.9753846153,302106.63384615374,16.658461538461538,49.97538461530348,66.63384615373798,否
3345,B6T0000000466,E3,1,1,15,43,浅位,304020.0,304020.0,304052.6830769231,32.68307692307692,0.0,32.683076923072804,否
3344,B6T0000000466,E3,1,1,15,43,深位,304020.0,304052.6830769231,304085.36615384615,32.68307692307692,32.683076923072804,65.36615384614561,否
1164,B6T0000000245,E4,1,2,45,5,浅位,308040.0,308148.9969230769,308207.21230769233,58.21538461538464,108.99692307692021,167.2123076923308,否
1155,B6T0000000245,E4,1,2,45,5,深位,308040.0,308207.21230769233,308265.42769230774,58.21538461538464,167.2123076923308,225.42769230774138,否
2983,B6T0000001539,E1,1,2,4,10,深位,309720.0,309752.1169230768,309774.01846153836,21.90153846153846,32.11692307679914,54.01846153836232,是
2984,B6T0000001539,E1,1,1,3,13,深位,309720.0,309795.91999999987,309817.82153846143,21.90153846153846,75.91999999986729,97.82153846143046,是
2985,B6T0000001539,E1,1,1,8,4,深位,309720.0,309839.7476923075,309861.67384615366,21.926153846153845,119.74769230751554,141.67384615365881,是
307,B6T0000001196,E3,1,1,14,4,浅位,309300.0,309883.5999999998,309905.52615384595,21.926153846153845,583.5999999998021,605.5261538459454,是
514,B6T0000001101,E3,1,1,13,6,浅位,309960.0,310524.25846153824,310542.6399999998,18.38153846153846,564.2584615382366,582.6399999997811,否
513,B6T0000001101,E3,1,1,13,6,深位,309960.0,310542.6399999998,310561.0215384613,18.38153846153846,582.6399999997811,601.0215384613257,否
516,B6T0000001101,E3,1,2,13,6,浅位,309960.0,310561.0215384613,310579.40307692287,18.38153846153846,601.0215384613257,619.4030769228702,否
517,B6T0000001101,E3,1,2,13,6,深位,309960.0,310579.40307692287,310597.7846153844,18.38153846153846,619.4030769228702,637.7846153844148,否
3414,B6T0000000880,E3,1,1,18,5,浅位,310920.0,310920.0,310944.2153846154,24.215384615384618,0.0,24.215384615410585,否
3415,B6T0000000880,E3,1,1,18,5,深位,310920.0,310944.2153846154,310968.4307692308,24.215384615384618,24.215384615410585,48.43076923082117,否
252,B6T0000000581,E3,1,1,10,8,浅位,311640.0,312150.6830769229,312166.01230769214,15.329230769230769,510.6830769228982,526.0123076921445,否
222,B6T0000000581,E3,1,1,10,8,深位,311640.0,312166.01230769214,312181.3415384614,15.329230769230769,526.0123076921445,541.3415384613909,否
254,B6T0000000581,E3,1,2,10,8,浅位,311640.0,312181.3415384614,312196.67076923064,15.329230769230769,541.3415384613909,556.6707692306372,否
223,B6T0000000581,E3,1,2,10,8,深位,311640.0,312196.67076923064,312211.9999999999,15.329230769230769,556.6707692306372,571.9999999998836,否
2779,B6T0000001508,E1,1,1,8,22,浅位,313560.0,313658.44307692297,313676.0984615384,17.655384615384616,98.4430769229657,116.09846153837861,否
2777,B6T0000001508,E1,1,1,8,22,深位,313560.0,313676.0984615384,313693.7538461538,17.655384615384616,116.09846153837861,133.75384615379153,否
3630,B6T0000001985,E1,1,1,4,53,浅位,315480.0,315480.0,315505.11384615384,25.113846153846154,0.0,25.113846153835766,否
3631,B6T0000001985,E1,1,1,4,53,深位,315480.0,315505.11384615384,315530.2276923077,25.113846153846154,25.113846153835766,50.22769230767153,否
3121,B6T0000001982,E1,1,1,2,4,深位,315540.0,315540.0,315548.2030769231,8.203076923076923,0.0,8.20307692309143,否
3122,B6T0000001982,E1,1,2,2,4,浅位,315540.0,315548.2030769231,315556.4061538462,8.203076923076923,8.20307692309143,16.40615384618286,否
3123,B6T0000001982,E1,1,2,2,4,深位,315540.0,315556.4061538462,315564.6092307693,8.203076923076923,16.40615384618286,24.60923076927429,否
3507,B6T0000000958,E3,1,2,12,52,浅位,345180.0,345180.0,345211.87076923077,31.87076923076923,0.0,31.87076923076529,否
3506,B6T0000000958,E3,1,2,12,52,深位,345180.0,345211.87076923077,345243.74153846153,31.87076923076923,31.87076923076529,63.74153846153058,否
2381,B6T0000001895,E1,1,1,1,18,深位,345960.0,345960.0,345972.0676923077,12.067692307692308,0.0,12.067692307697143,否
2380,B6T0000001895,E1,1,2,1,18,浅位,345960.0,345972.0676923077,345984.1353846154,12.067692307692308,12.067692307697143,24.135384615394287,否
2383,B6T0000001895,E1,1,2,1,18,深位,345960.0,345984.1353846154,345996.2030769231,12.067692307692308,24.135384615394287,36.20307692309143,否
755,B6T0000000843,E3,1,1,16,4,深位,346140.0,346140.0,346161.43384615384,21.43384615384615,0.0,21.43384615384275,否
754,B6T0000000843,E3,1,2,16,4,浅位,346140.0,346161.43384615384,346182.8676923077,21.43384615384615,21.43384615384275,42.8676923076855,否
753,B6T0000000843,E3,1,2,16,4,深位,346140.0,346182.8676923077,346204.3015384615,21.43384615384615,42.8676923076855,64.30153846152825,否
976,B6T0000001844,E1,1,1,1,6,浅位,346200.0,346204.3015384615,346212.5292307692,8.227692307692308,4.301538461528253,12.529230769199785,否
971,B6T0000001844,E1,1,1,1,6,深位,346200.0,346212.5292307692,346220.7569230769,8.227692307692308,12.529230769199785,20.756923076871317,否
988,B6T0000001844,E1,1,2,1,6,浅位,346200.0,346220.7569230769,346228.98461538454,8.227692307692308,20.756923076871317,28.98461538454285,否
989,B6T0000001844,E1,1,2,1,6,深位,346200.0,346228.98461538454,346237.2123076922,8.227692307692308,28.98461538454285,37.21230769221438,否
2204,B6T0000001098,E3,1,1,9,27,浅位,346200.0,346237.2123076922,346257.39076923067,20.178461538461537,37.21230769221438,57.3907692306675,否
2205,B6T0000001098,E3,1,1,9,27,深位,346200.0,346257.39076923067,346277.5692307691,20.178461538461537,57.3907692306675,77.56923076912062,否
2206,B6T0000001098,E3,1,2,9,27,浅位,346200.0,346277.5692307691,346297.7476923076,20.178461538461537,77.56923076912062,97.74769230757374,否
2207,B6T0000001098,E3,1,2,9,27,深位,346200.0,346297.7476923076,346317.926153846,20.178461538461537,97.74769230757374,117.92615384602686,否
2454,B6T0000001399,E1,1,1,1,19,浅位,346860.0,346860.0,346872.3876923077,12.387692307692308,0.0,12.387692307704128,否
2451,B6T0000001399,E1,1,1,1,19,深位,346860.0,346872.3876923077,346884.7753846154,12.387692307692308,12.387692307704128,24.775384615408257,否
2452,B6T0000001399,E1,1,2,1,19,浅位,346860.0,346884.7753846154,346897.1630769231,12.387692307692308,24.775384615408257,37.163076923112385,否
2450,B6T0000001399,E1,1,2,1,19,深位,346860.0,346897.1630769231,346909.5507692308,12.387692307692308,37.163076923112385,49.55076923081651,否
1774,B6T0000001573,E1,1,1,5,8,浅位,347160.0,347243.34769230755,347254.6769230768,11.329230769230769,83.34769230755046,94.67692307679681,否
1770,B6T0000001573,E1,1,1,5,8,深位,347160.0,347254.6769230768,347266.00615384604,11.329230769230769,94.67692307679681,106.00615384604316,否
2741,B6T0000000260,E4,1,1,46,18,浅位,347220.0,347327.7169230769,347391.6307692307,63.91384615384618,107.71692307689227,171.6307692307164,否
2740,B6T0000000260,E4,1,1,46,18,深位,347220.0,347391.6307692307,347455.54461538454,63.91384615384618,171.6307692307164,235.54461538454052,否
3285,B6T0000001287,E3,1,1,18,5,浅位,347760.0,347760.0,347784.2153846154,24.215384615384618,0.0,24.215384615410585,否
3284,B6T0000001287,E3,1,1,18,5,深位,347760.0,347784.2153846154,347808.4307692308,24.215384615384618,24.215384615410585,48.43076923082117,否
3353,B6T0000000149,E4,1,1,43,35,浅位,348060.0,348060.0,348124.73846153845,64.73846153846156,0.0,64.73846153845079,否
3352,B6T0000000149,E4,1,1,43,35,深位,348060.0,348124.73846153845,348189.4769230769,64.73846153846156,64.73846153845079,129.47692307690158,否
2707,B6T0000001643,E1,1,1,1,10,浅位,353220.0,353220.0,353229.5076923077,9.507692307692308,0.0,9.507692307699472,否
2706,B6T0000001643,E1,1,1,1,10,深位,353220.0,353229.5076923077,353239.0153846154,9.507692307692308,9.507692307699472,19.015384615398943,否
2705,B6T0000001643,E1,1,2,1,10,浅位,353220.0,353239.0153846154,353248.5230769231,9.507692307692308,19.015384615398943,28.523076923098415,否
2704,B6T0000001643,E1,1,2,1,10,深位,353220.0,353248.5230769231,353258.0307692308,9.507692307692308,28.523076923098415,38.03076923079789,否
925,B6T0000000508,E3,1,2,9,13,深位,368880.0,368880.0,368895.6984615385,15.698461538461537,0.0,15.698461538471747,否
932,B6T0000000508,E3,1,1,9,16,浅位,368880.0,368895.6984615385,368912.3569230769,16.658461538461538,15.698461538471747,32.35692307690624,否
929,B6T0000000508,E3,1,1,9,16,深位,368880.0,368912.3569230769,368929.01538461534,16.658461538461538,32.35692307690624,49.015384615340736,否
928,B6T0000000508,E3,1,2,9,16,浅位,368880.0,368929.01538461534,368945.6738461538,16.658461538461538,49.015384615340736,65.67384615377523,否
927,B6T0000000508,E3,1,2,9,16,深位,368880.0,368945.6738461538,368962.3323076922,16.658461538461538,65.67384615377523,82.33230769220972,否
926,B6T0000000508,E3,1,1,14,4,浅位,368880.0,368962.3323076922,368981.3046153845,18.97230769230769,82.33230769220972,101.30461538449163,否
924,B6T0000000508,E3,1,1,19,2,浅位,368880.0,368981.3046153845,369005.79076923063,24.486153846153847,101.30461538449163,125.79076923063258,否
923,B6T0000000508,E3,1,1,19,2,深位,368880.0,369005.79076923063,369030.2769230768,24.486153846153847,125.79076923063258,150.27692307677353,否
930,B6T0000000508,E3,1,2,19,2,浅位,368880.0,369030.2769230768,369054.7630769229,24.486153846153847,150.27692307677353,174.76307692291448,否
931,B6T0000000508,E3,1,2,19,2,深位,368880.0,369054.7630769229,369079.24923076906,24.486153846153847,174.76307692291448,199.24923076905543,否
3234,B6T0000000746,E3,1,1,20,34,浅位,371040.0,371063.5938461538,371093.06461538456,29.470769230769235,23.59384615381714,53.06461538455915,是
3235,B6T0000000746,E3,1,1,20,34,深位,371040.0,371114.043076923,371135.02153846144,20.97846153846154,74.04307692300063,95.0215384614421,是
1648,B6T0000000735,E3,1,1,16,13,浅位,374040.0,374267.4646153847,374291.77846153855,24.31384615384615,227.46461538469885,251.77846153854625,否
1649,B6T0000000735,E3,1,1,16,13,深位,374040.0,374291.77846153855,374316.0923076924,24.31384615384615,251.77846153854625,276.09230769239366,否
1654,B6T0000000735,E3,1,2,16,13,浅位,374040.0,374316.0923076924,374340.40615384624,24.31384615384615,276.09230769239366,300.40615384624107,否
2963,B6T0000000163,E4,1,1,46,21,浅位,374340.0,374466.91692307696,374531.7907692308,64.87384615384619,126.91692307696212,191.7907692308072,否
104,B6T0000000261,E4,1,1,43,2,浅位,375660.0,376306.30153846135,376360.4799999998,54.17846153846156,646.3015384613536,700.4799999998068,否
100,B6T0000000261,E4,1,1,43,2,深位,375660.0,376360.4799999998,376414.65846153826,54.17846153846156,700.4799999998068,754.6584615382599,否
309,B6T0000001196,E3,1,1,14,4,深位,376560.0,376560.0,376578.9723076923,18.97230769230769,0.0,18.972307692281902,否
310,B6T0000001196,E3,1,2,14,4,浅位,376560.0,376578.9723076923,376597.94461538456,18.97230769230769,18.972307692281902,37.944615384563804,否
314,B6T0000001196,E3,1,2,14,4,深位,376560.0,376597.94461538456,376616.91692307685,18.97230769230769,37.944615384563804,56.916923076845706,否
2117,B6T0000001146,E3,1,1,12,23,浅位,385740.0,385824.45538461534,385847.04615384614,22.590769230769233,84.45538461534306,107.04615384613862,否
2118,B6T0000001146,E3,1,1,12,23,深位,385740.0,385847.04615384614,385869.63692307693,22.590769230769233,107.04615384613862,129.63692307693418,否
2119,B6T0000001146,E3,1,2,12,23,浅位,385740.0,385869.63692307693,385892.22769230773,22.590769230769233,129.63692307693418,152.22769230772974,否
2899,B6T0000000255,E4,1,1,46,20,浅位,391920.0,391920.0,391984.55384615384,64.55384615384618,0.0,64.5538461538381,否
2901,B6T0000000255,E4,1,1,46,20,深位,391920.0,391984.55384615384,392049.1076923077,64.55384615384618,64.5538461538381,129.1076923076762,否
2900,B6T0000000255,E4,1,2,46,20,浅位,391920.0,392049.1076923077,392113.6615384615,64.55384615384618,129.1076923076762,193.66153846151428,否
3580,B6T0000000433,E3,1,2,9,17,浅位,399840.0,399840.0,399856.97846153844,16.978461538461538,0.0,16.97846153844148,否
3581,B6T0000000433,E3,1,2,9,17,深位,399840.0,399856.97846153844,399873.9569230769,16.978461538461538,16.97846153844148,33.95692307688296,否
3417,B6T0000001046,E3,1,1,9,10,浅位,400260.0,400260.0,400274.73846153845,14.738461538461538,0.0,14.738461538450792,否
3416,B6T0000001046,E3,1,1,9,10,深位,400260.0,400274.73846153845,400289.4769230769,14.738461538461538,14.738461538450792,29.476923076901585,否
597,B6T0000000247,E4,1,1,43,7,深位,400380.0,400380.0,400435.7784615385,55.77846153846156,0.0,55.778461538488045,否
2181,B6T0000000571,E3,1,1,15,13,浅位,400680.0,400680.0,400703.0830769231,23.08307692307692,0.0,23.083076923096087,否
2177,B6T0000000571,E3,1,1,15,13,深位,400680.0,400703.0830769231,400726.1661538462,23.08307692307692,23.083076923096087,46.166153846192174,否
2179,B6T0000000571,E3,1,2,15,13,浅位,400680.0,400726.1661538462,400749.2492307693,23.08307692307692,46.166153846192174,69.24923076928826,否
2182,B6T0000000571,E3,1,2,15,13,深位,400680.0,400749.2492307693,400772.3323076924,23.08307692307692,69.24923076928826,92.33230769238435,否
2178,B6T0000000571,E3,1,1,17,7,浅位,400680.0,400772.3323076924,400795.956923077,23.62461538461538,92.33230769238435,115.95692307699937,否
2180,B6T0000000571,E3,1,1,17,7,深位,400680.0,400795.956923077,400819.5815384616,23.62461538461538,115.95692307699937,139.5815384616144,否
2176,B6T0000000571,E3,1,1,15,23,深位,400680.0,400819.5815384616,400845.86461538466,26.28307692307692,139.5815384616144,165.86461538466392,否
2154,B6T0000001080,E3,1,1,9,4,浅位,401460.0,401533.19076923083,401566.80000000005,33.609230769230784,73.19076923083048,106.80000000004657,是
2153,B6T0000001080,E3,1,1,9,4,深位,401460.0,401600.4092307693,401634.01846153854,33.609230769230784,140.40923076932086,174.01846153853694,是
2149,B6T0000001080,E3,1,2,9,4,浅位,401460.0,401667.9169230771,401701.81538461556,33.898461538461554,207.91692307707854,241.81538461556192,是
2151,B6T0000001080,E3,1,2,9,4,深位,401460.0,401735.713846154,401769.61230769247,33.898461538461554,275.7138461539871,309.6123076924705,是
2150,B6T0000001080,E3,1,1,20,3,深位,401460.0,401803.70153846167,401837.7907692309,34.08923076923078,343.70153846166795,377.7907692309236,是
2148,B6T0000001080,E3,1,2,20,3,浅位,401460.0,401871.8800000001,401905.9692307694,34.08923076923078,411.8800000001211,445.96923076937674,是
2152,B6T0000001080,E3,1,2,20,3,深位,401460.0,401940.0584615386,401974.14769230783,34.08923076923078,480.0584615385742,514.1476923078299,是
3484,B6T0000001371,E1,1,2,5,2,浅位,401940.0,402008.6553846155,402043.16307692317,34.507692307692324,68.65538461547112,103.16307692317059,是
3485,B6T0000001371,E1,1,2,5,2,深位,401940.0,402077.67076923087,402112.17846153857,34.507692307692324,137.67076923087006,172.17846153856954,是
1,B6T0000001209,E3,1,1,9,3,浅位,402180.0,402272.75384615397,402307.9384615386,35.1846153846154,92.75384615396615,127.93846153857885,是
3,B6T0000001209,E3,1,1,9,3,深位,402180.0,402342.4830769232,402377.6676923078,35.1846153846154,162.48307692317758,197.66769230779028,是
8,B6T0000001209,E3,1,2,9,3,浅位,402180.0,402412.396923077,402447.1261538462,34.72923076923078,232.3969230770017,267.1261538462131,是
7,B6T0000001209,E3,1,2,9,3,深位,402180.0,402481.8553846155,402516.5846153847,34.72923076923078,301.85538461548276,336.5846153846942,是
1796,B6T0000001271,E3,1,2,9,10,浅位,431820.0,431820.0,431834.73846153845,14.738461538461538,0.0,14.738461538450792,否
1802,B6T0000001271,E3,1,2,9,10,深位,431820.0,431834.73846153845,431849.4769230769,14.738461538461538,14.738461538450792,29.476923076901585,否
1805,B6T0000001271,E3,1,1,9,22,浅位,431820.0,431849.4769230769,431868.0553846154,18.57846153846154,29.476923076901585,48.05538461537799,否
1801,B6T0000001271,E3,1,1,9,22,深位,431820.0,431868.0553846154,431886.63384615385,18.57846153846154,48.05538461537799,66.63384615385439,否
1800,B6T0000001271,E3,1,2,9,22,浅位,431820.0,431886.63384615385,431905.21230769233,18.57846153846154,66.63384615385439,85.2123076923308,否
1799,B6T0000001271,E3,1,2,9,22,深位,431820.0,431905.21230769233,431923.7907692308,18.57846153846154,85.2123076923308,103.7907692308072,否
3702,B6T0000000557,E3,1,2,11,6,深位,431940.0,431940.0,431955.92,15.92,0.0,15.919999999983702,否
3703,B6T0000000557,E3,1,2,12,7,浅位,431940.0,431955.92,431973.3907692307,17.47076923076923,15.919999999983702,33.39076923072571,否
860,B6T0000000001,E4,1,1,44,5,浅位,432180.0,432180.0,432236.6769230769,56.6769230769231,0.0,56.676923076913226,否
968,B6T0000000445,E3,1,1,13,9,浅位,432000.0,432236.6769230769,432256.0184615385,19.341538461538462,236.67692307691323,256.01846153847873,否
967,B6T0000000445,E3,1,1,13,9,深位,432000.0,432256.0184615385,432275.36000000004,19.341538461538462,256.01846153847873,275.36000000004424,否
966,B6T0000000445,E3,1,2,13,9,浅位,432000.0,432275.36000000004,432294.7015384616,19.341538461538462,275.36000000004424,294.70153846160974,否
1959,B6T0000001683,E1,1,1,1,12,浅位,432240.0,432294.7015384616,432304.8492307693,10.147692307692308,54.70153846160974,64.84923076932319,否
1963,B6T0000001683,E1,1,1,1,12,深位,432240.0,432304.8492307693,432314.99692307704,10.147692307692308,64.84923076932319,74.99692307703663,否
1964,B6T0000001683,E1,1,2,1,12,浅位,432240.0,432314.99692307704,432325.14461538475,10.147692307692308,74.99692307703663,85.14461538475007,否
1957,B6T0000001683,E1,1,2,1,12,深位,432240.0,432325.14461538475,432335.29230769246,10.147692307692308,85.14461538475007,95.29230769246351,否
965,B6T0000000445,E3,1,2,13,9,深位,432000.0,432335.29230769246,432354.633846154,19.341538461538462,335.2923076924635,354.633846154029,否
859,B6T0000000001,E4,1,1,44,5,深位,432180.0,432354.633846154,432411.31076923094,56.6769230769231,174.63384615402902,231.31076923094224,否
858,B6T0000000001,E4,1,2,44,5,浅位,432180.0,432411.31076923094,432467.98769230786,56.6769230769231,231.31076923094224,287.98769230785547,否
856,B6T0000000001,E4,1,2,44,5,深位,432180.0,432467.98769230786,432524.66461538477,56.6769230769231,287.98769230785547,344.6646153847687,否
3279,B6T0000000826,E3,1,1,9,47,浅位,433140.0,433140.0,433166.5784615385,26.57846153846154,0.0,26.578461538476404,否
3278,B6T0000000826,E3,1,1,9,47,深位,433140.0,433166.5784615385,433193.15692307695,26.57846153846154,26.578461538476404,53.15692307695281,否
2653,B6T0000000303,E4,1,1,45,18,浅位,433200.0,433200.0,433262.3753846154,62.37538461538464,0.0,62.375384615384974,否
2655,B6T0000000303,E4,1,1,45,18,深位,433200.0,433262.3753846154,433324.75076923077,62.37538461538464,62.375384615384974,124.75076923076995,否
2654,B6T0000000303,E4,1,2,45,18,浅位,433200.0,433324.75076923077,433387.12615384615,62.37538461538464,124.75076923076995,187.12615384615492,否
2652,B6T0000000303,E4,1,2,45,18,深位,433200.0,433387.12615384615,433449.50153846154,62.37538461538464,187.12615384615492,249.5015384615399,否
2289,B6T0000000918,E3,1,1,13,5,浅位,433680.0,433680.0,433698.06153846154,18.06153846153846,0.0,18.061538461537566,否
2284,B6T0000000918,E3,1,1,13,5,深位,433680.0,433698.06153846154,433716.1230769231,18.06153846153846,18.061538461537566,36.12307692307513,否
2288,B6T0000000918,E3,1,2,13,5,浅位,433680.0,433716.1230769231,433734.1846153846,18.06153846153846,36.12307692307513,54.1846153846127,否
2285,B6T0000000918,E3,1,2,13,5,深位,433680.0,433734.1846153846,433752.24615384615,18.06153846153846,54.1846153846127,72.24615384615026,否
2287,B6T0000000918,E3,1,2,12,11,深位,433680.0,433783.58461538464,433816.8430769231,33.258461538461546,103.58461538463598,136.8430769231054,是
2286,B6T0000000918,E3,1,2,13,14,深位,433680.0,433848.18153846153,433882.4,34.218461538461554,168.1815384615329,202.40000000002328,是
1449,B6T0000000191,E4,1,1,43,3,浅位,434220.0,434220.0,434274.49846153846,54.49846153846156,0.0,54.498461538460106,否
1448,B6T0000000191,E4,1,1,43,3,深位,434220.0,434274.49846153846,434328.9969230769,54.49846153846156,54.498461538460106,108.99692307692021,否
1447,B6T0000000191,E4,1,2,43,3,浅位,434220.0,434328.9969230769,434383.4953846154,54.49846153846156,108.99692307692021,163.49538461538032,否
1452,B6T0000000191,E4,1,2,43,3,深位,434220.0,434383.4953846154,434437.99384615384,54.49846153846156,163.49538461538032,217.99384615384042,否
1450,B6T0000000191,E4,1,1,43,9,浅位,434220.0,434437.99384615384,434494.4123076923,56.418461538461564,217.99384615384042,274.41230769228423,否
1453,B6T0000000191,E4,1,1,43,9,深位,434220.0,434494.4123076923,434550.8307692307,56.418461538461564,274.41230769228423,330.83076923072804,否
1454,B6T0000000191,E4,1,2,43,9,浅位,434220.0,434550.8307692307,434607.2492307692,56.418461538461564,330.83076923072804,387.24923076917185,否
1455,B6T0000000191,E4,1,2,43,9,深位,434220.0,434607.2492307692,434663.6676923076,56.418461538461564,387.24923076917185,443.66769230761565,否
3347,B6T0000000696,E3,1,1,18,5,浅位,434700.0,434700.0,434724.2153846154,24.215384615384618,0.0,24.215384615410585,否
3346,B6T0000000696,E3,1,1,18,5,深位,434700.0,434724.2153846154,434748.4307692308,24.215384615384618,24.215384615410585,48.43076923082117,否
3239,B6T0000000521,E3,1,2,9,9,浅位,434760.0,434760.0,434774.41846153844,14.418461538461537,0.0,14.418461538443808,否
3238,B6T0000000521,E3,1,2,9,9,深位,434760.0,434774.41846153844,434788.8369230769,14.418461538461537,14.418461538443808,28.836923076887615,否
1445,B6T0000000191,E4,1,1,43,13,浅位,434220.0,434788.8369230769,434846.53538461536,57.69846153846156,568.8369230768876,626.5353846153594,否
1446,B6T0000000191,E4,1,1,43,13,深位,434220.0,434846.53538461536,434904.23384615383,57.69846153846156,626.5353846153594,684.2338461538311,否
1444,B6T0000000191,E4,1,2,43,13,浅位,434220.0,434904.23384615383,434961.9323076923,57.69846153846156,684.2338461538311,741.9323076923029,否
89,B6T0000000261,E4,1,2,43,2,浅位,435240.0,435240.0,435294.17846153845,54.17846153846156,0.0,54.17846153845312,否
90,B6T0000000261,E4,1,2,43,2,深位,435240.0,435294.17846153845,435348.3569230769,54.17846153846156,54.17846153845312,108.35692307690624,否
1175,B6T0000001838,E1,1,2,8,3,浅位,437520.0,437542.5107692308,437554.0861538462,11.575384615384614,22.51076923077926,34.086153846175876,否
1169,B6T0000001838,E1,1,2,8,3,深位,437520.0,437554.0861538462,437565.6615384616,11.575384615384614,34.086153846175876,45.66153846157249,否
3045,B6T0000000743,E3,1,1,16,3,深位,439020.0,439020.0,439041.11384615384,21.113846153846154,0.0,21.113846153835766,否
3044,B6T0000000743,E3,1,2,16,3,浅位,439020.0,439041.11384615384,439062.2276923077,21.113846153846154,21.113846153835766,42.22769230767153,否
3043,B6T0000000743,E3,1,2,16,3,深位,439020.0,439062.2276923077,439083.3415384615,21.113846153846154,42.22769230767153,63.3415384615073,否
2938,B6T0000000287,E4,1,1,44,23,浅位,442560.0,442560.0,442622.4369230769,62.4369230769231,0.0,62.43692307692254,否
2940,B6T0000000287,E4,1,1,44,23,深位,442560.0,442622.4369230769,442684.87384615385,62.4369230769231,62.43692307692254,124.87384615384508,否
2939,B6T0000000287,E4,1,2,44,23,浅位,442560.0,442684.87384615385,442747.31076923077,62.4369230769231,124.87384615384508,187.31076923076762,否
1103,B6T0000001301,E3,1,1,9,15,浅位,443880.0,443933.97846153844,443967.1076923077,33.12923076923079,53.97846153844148,87.10769230767619,是
1105,B6T0000001301,E3,1,1,9,15,深位,443880.0,443998.3169230769,444031.44615384616,33.12923076923079,118.3169230769272,151.4461538461619,是
1106,B6T0000001301,E3,1,2,9,15,浅位,443880.0,444062.6553846154,444095.78461538465,33.12923076923079,182.6553846154129,215.78461538464762,是
1107,B6T0000001301,E3,1,2,9,15,深位,443880.0,444127.63384615385,444160.1230769231,32.48923076923079,247.6338461538544,280.12307692307513,是
1549,B6T0000000198,E4,1,1,43,6,浅位,445020.0,445020.0,445075.4584615385,55.45846153846156,0.0,55.45846153848106,否
1543,B6T0000000198,E4,1,1,43,6,深位,445020.0,445075.4584615385,445130.91692307696,55.45846153846156,55.45846153848106,110.91692307696212,否
1552,B6T0000000198,E4,1,1,43,10,浅位,445020.0,445130.91692307696,445187.6553846154,56.738461538461564,110.91692307696212,167.6553846154129,否
1548,B6T0000000198,E4,1,1,43,10,深位,445020.0,445187.6553846154,445244.39384615386,56.738461538461564,167.6553846154129,224.3938461538637,否
1542,B6T0000000198,E4,1,2,43,10,浅位,445020.0,445244.39384615386,445301.1323076923,56.738461538461564,224.3938461538637,281.1323076923145,否
1553,B6T0000000198,E4,1,2,43,10,深位,445020.0,445301.1323076923,445357.87076923077,56.738461538461564,281.1323076923145,337.8707692307653,否
1550,B6T0000000198,E4,1,1,45,3,浅位,445020.0,445357.87076923077,445415.44615384616,57.57538461538464,337.8707692307653,395.4461538461619,否
1551,B6T0000000198,E4,1,1,45,3,深位,445020.0,445415.44615384616,445473.02153846156,57.57538461538464,395.4461538461619,453.0215384615585,否
1546,B6T0000000198,E4,1,2,45,3,浅位,445020.0,445473.02153846156,445530.59692307696,57.57538461538464,453.0215384615585,510.59692307695514,否
1545,B6T0000000198,E4,1,2,45,3,深位,445020.0,445530.59692307696,445588.17230769235,57.57538461538464,510.59692307695514,568.1723076923518,否
1544,B6T0000000198,E4,1,1,46,2,浅位,445020.0,445588.17230769235,445646.9661538462,58.79384615384618,568.1723076923518,626.9661538461805,否
1547,B6T0000000198,E4,1,1,46,2,深位,445020.0,445646.9661538462,445705.76,58.79384615384618,626.9661538461805,685.7600000000093,否
3319,B6T0000000102,E4,1,1,45,31,浅位,445080.0,445715.96923076926,445778.2953846154,62.32615384615387,635.9692307692603,698.2953846154269,是
3318,B6T0000000102,E4,1,1,45,31,深位,445080.0,445788.5046153846,445850.8307692308,62.32615384615387,708.5046153846197,770.8307692307862,是
1589,B6T0000001157,E3,1,1,9,20,浅位,447840.0,447840.0,447857.93846153846,17.93846153846154,0.0,17.938461538462434,否
1596,B6T0000001157,E3,1,1,9,20,深位,447840.0,447857.93846153846,447875.8769230769,17.93846153846154,17.938461538462434,35.87692307692487,否
1595,B6T0000001157,E3,1,2,9,20,浅位,447840.0,447875.8769230769,447893.8153846154,17.93846153846154,35.87692307692487,53.8153846153873,否
1594,B6T0000001157,E3,1,2,9,20,深位,447840.0,447893.8153846154,447911.75384615385,17.93846153846154,53.8153846153873,71.75384615384974,否
2825,B6T0000001379,E1,1,2,2,18,深位,455280.0,455280.0,455292.6830769231,12.683076923076923,0.0,12.683076923072804,否
2824,B6T0000001379,E1,1,1,7,17,浅位,455280.0,455292.6830769231,455308.1230769231,15.440000000000001,12.683076923072804,28.123076923075132,否
2826,B6T0000001379,E1,1,1,4,23,深位,455280.0,455308.1230769231,455323.63692307693,15.513846153846156,28.123076923075132,43.63692307693418,否
2827,B6T0000001379,E1,1,1,6,21,深位,455280.0,455323.63692307693,455339.74153846153,16.104615384615386,43.63692307693418,59.74153846153058,否
1628,B6T0000001671,E1,1,1,6,6,浅位,456420.0,456461.57538461545,456472.88000000006,11.304615384615385,41.57538461545482,52.880000000062864,否
1627,B6T0000001671,E1,1,1,6,6,深位,456420.0,456472.88000000006,456484.1846153847,11.304615384615385,52.880000000062864,64.1846153846709,否
1626,B6T0000001671,E1,1,2,6,6,浅位,456420.0,456484.1846153847,456495.4892307693,11.304615384615385,64.1846153846709,75.48923076927895,否
1632,B6T0000001671,E1,1,2,6,6,深位,456420.0,456495.4892307693,456506.7938461539,11.304615384615385,75.48923076927895,86.79384615388699,否
1845,B6T0000000219,E4,1,1,45,9,浅位,460560.0,460775.4338461538,460834.92923076916,59.495384615384644,215.43384615378454,274.92923076916486,否
1844,B6T0000000219,E4,1,1,45,9,深位,460560.0,460834.92923076916,460894.42461538455,59.495384615384644,274.92923076916486,334.4246153845452,否
1850,B6T0000000219,E4,1,2,45,9,浅位,460560.0,460894.42461538455,460953.9199999999,59.495384615384644,334.4246153845452,393.9199999999255,否
1842,B6T0000000219,E4,1,2,45,9,深位,460560.0,460953.9199999999,461013.4153846153,59.495384615384644,393.9199999999255,453.4153846153058,否
1195,B6T0000001639,E1,1,1,3,6,浅位,463080.0,463080.0,463089.4584615385,9.458461538461538,0.0,9.45846153848106,否
1210,B6T0000001639,E1,1,1,3,6,深位,463080.0,463089.4584615385,463098.91692307696,9.458461538461538,9.45846153848106,18.91692307696212,否
1209,B6T0000001639,E1,1,2,3,6,浅位,463080.0,463098.91692307696,463108.37538461544,9.458461538461538,18.91692307696212,28.37538461544318,否
1208,B6T0000001639,E1,1,2,3,6,深位,463080.0,463108.37538461544,463117.8338461539,9.458461538461538,28.37538461544318,37.83384615392424,否
3626,B6T0000001289,E3,1,1,12,11,浅位,464040.0,464040.0,464058.75076923077,18.75076923076923,0.0,18.750769230769947,否
3627,B6T0000001289,E3,1,1,12,11,深位,464040.0,464058.75076923077,464077.50153846154,18.75076923076923,18.750769230769947,37.501538461539894,否
534,B6T0000001197,E3,1,1,15,4,浅位,464160.0,464314.3384615383,464334.5415384614,20.20307692307692,154.3384615383111,174.54153846140252,否
540,B6T0000001197,E3,1,1,15,4,深位,466860.0,466860.0,466880.2030769231,20.20307692307692,0.0,20.20307692309143,否
541,B6T0000001197,E3,1,2,15,4,浅位,466860.0,466880.2030769231,466900.4061538462,20.20307692307692,20.20307692309143,40.40615384618286,否
542,B6T0000001197,E3,1,2,15,4,深位,466860.0,466900.4061538462,466920.6092307693,20.20307692307692,40.40615384618286,60.60923076927429,否
3380,B6T0000000929,E3,1,2,13,20,浅位,469740.0,469740.0,469762.8615384615,22.861538461538462,0.0,22.861538461525925,否
3381,B6T0000000929,E3,1,2,13,20,深位,469740.0,469762.8615384615,469785.72307692305,22.861538461538462,22.861538461525925,45.72307692305185,否
3175,B6T0000000130,E4,1,1,44,28,浅位,470040.0,470040.0,470104.0369230769,64.0369230769231,0.0,64.03692307689926,否
3176,B6T0000000130,E4,1,1,44,28,深位,470040.0,470104.0369230769,470168.0738461538,64.0369230769231,64.03692307689926,128.0738461537985,否
3177,B6T0000000130,E4,1,2,44,28,浅位,470040.0,470168.0738461538,470232.1107692307,64.0369230769231,128.0738461537985,192.11076923069777,否
1440,B6T0000000745,E3,1,1,15,12,浅位,470700.0,470874.8184615383,470897.5815384614,22.76307692307692,174.81846153829247,197.58153846138157,否
3662,B6T0000001711,E1,1,1,5,2,浅位,470880.0,470897.5815384614,470906.9907692306,9.409230769230769,17.58153846138157,26.99076923058601,否
3663,B6T0000001711,E1,1,1,5,2,深位,470880.0,470906.9907692306,470916.3999999998,9.409230769230769,26.99076923058601,36.39999999979045,否
2307,B6T0000001178,E3,1,1,9,28,浅位,470880.0,470916.3999999998,470936.89846153825,20.498461538461537,36.39999999979045,56.89846153825056,否
2306,B6T0000001178,E3,1,1,9,28,深位,470880.0,470936.89846153825,470957.3969230767,20.498461538461537,56.89846153825056,77.39692307671066,否
2305,B6T0000001178,E3,1,2,9,28,浅位,470880.0,470957.3969230767,470977.89538461517,20.498461538461537,77.39692307671066,97.89538461517077,否
2304,B6T0000001178,E3,1,2,9,28,深位,470880.0,470977.89538461517,470998.39384615363,20.498461538461537,97.89538461517077,118.39384615363088,否
1438,B6T0000000745,E3,1,1,15,12,深位,470700.0,470998.39384615363,471021.1569230767,22.76307692307692,298.3938461536309,321.15692307672,否
1434,B6T0000000745,E3,1,2,15,12,浅位,470700.0,471021.1569230767,471043.9199999998,22.76307692307692,321.15692307672,343.9199999998091,否
1442,B6T0000000745,E3,1,2,15,12,深位,470700.0,471043.9199999998,471066.6830769229,22.76307692307692,343.9199999998091,366.6830769228982,否
3539,B6T0000001984,E1,1,2,4,3,深位,479760.0,479760.0,479769.11384615384,9.113846153846154,0.0,9.113846153835766,否
3538,B6T0000001984,E1,1,1,1,18,浅位,479760.0,479769.11384615384,479781.18153846153,12.067692307692308,9.113846153835766,21.18153846153291,否
1754,B6T0000000007,E4,1,1,43,11,浅位,479820.0,480150.5846153847,480207.64307692315,57.058461538461565,330.5846153846942,387.64307692315197,否
1752,B6T0000000007,E4,1,1,43,11,深位,479820.0,480207.64307692315,480264.7015384616,57.058461538461565,387.64307692315197,444.70153846160974,否
1756,B6T0000000007,E4,1,2,43,11,浅位,479820.0,480264.7015384616,480321.76000000007,57.058461538461565,444.70153846160974,501.7600000000675,否
1755,B6T0000000007,E4,1,2,43,11,深位,479820.0,480321.76000000007,480378.8184615385,57.058461538461565,501.7600000000675,558.8184615385253,否
2665,B6T0000000114,E4,1,1,46,17,浅位,482520.0,482635.1507692308,482698.7446153846,63.59384615384618,115.15076923079323,178.74461538461037,否
2664,B6T0000000114,E4,1,1,46,17,深位,482520.0,482698.7446153846,482762.3384615384,63.59384615384618,178.74461538461037,242.3384615384275,否
3230,B6T0000000963,E3,1,2,16,38,浅位,482940.0,482940.0,482972.31384615385,32.31384615384615,0.0,32.31384615384741,否
3229,B6T0000000963,E3,1,2,16,38,深位,482940.0,482972.31384615385,483004.6276923077,32.31384615384615,32.31384615384741,64.62769230769482,否
1887,B6T0000000716,E3,1,2,14,4,深位,486360.0,486360.0,486378.9723076923,18.97230769230769,0.0,18.972307692281902,否
1892,B6T0000000716,E3,1,1,16,13,浅位,486360.0,486378.9723076923,486403.28615384613,24.31384615384615,18.972307692281902,43.28615384612931,否
1886,B6T0000000716,E3,1,1,16,13,深位,486360.0,486403.28615384613,486427.6,24.31384615384615,43.28615384612931,67.59999999997672,否
1889,B6T0000000716,E3,1,2,16,13,浅位,486360.0,486427.6,486451.9138461538,24.31384615384615,67.59999999997672,91.91384615382412,否
3260,B6T0000000607,E3,1,1,14,4,深位,517980.0,517980.0,517998.9723076923,18.97230769230769,0.0,18.972307692281902,否
3261,B6T0000000607,E3,1,2,14,4,浅位,517980.0,517998.9723076923,518017.94461538456,18.97230769230769,18.972307692281902,37.944615384563804,否
2147,B6T0000001327,E1,1,2,1,10,浅位,518640.0,518640.0,518649.5076923077,9.507692307692308,0.0,9.507692307699472,否
2144,B6T0000001327,E1,1,2,1,10,深位,518640.0,518649.5076923077,518659.0153846154,9.507692307692308,9.507692307699472,19.015384615398943,否
2146,B6T0000001327,E1,1,1,5,8,浅位,518640.0,518659.0153846154,518670.34461538465,11.329230769230769,19.015384615398943,30.344615384645294,否
2142,B6T0000001327,E1,1,1,5,8,深位,518640.0,518670.34461538465,518681.6738461539,11.329230769230769,30.344615384645294,41.673846153891645,否
2145,B6T0000001327,E1,1,1,1,19,浅位,518640.0,518681.6738461539,518694.0615384616,12.387692307692308,41.673846153891645,54.061538461595774,否
2143,B6T0000001327,E1,1,1,1,19,深位,518640.0,518694.0615384616,518706.4492307693,12.387692307692308,54.061538461595774,66.4492307692999,否
2141,B6T0000001327,E1,1,2,1,19,浅位,518640.0,518706.4492307693,518718.836923077,12.387692307692308,66.4492307692999,78.83692307700403,否
1283,B6T0000001854,E1,1,1,2,7,浅位,519120.0,519120.0,519129.16307692305,9.163076923076924,0.0,9.163076923054177,否
1277,B6T0000001854,E1,1,1,2,7,深位,519120.0,519129.16307692305,519138.3261538461,9.163076923076924,9.163076923054177,18.326153846108355,否
1278,B6T0000001854,E1,1,2,2,7,浅位,519120.0,519138.3261538461,519147.48923076916,9.163076923076924,18.326153846108355,27.489230769162532,否
1279,B6T0000001854,E1,1,2,2,7,深位,519120.0,519147.48923076916,519156.6523076922,9.163076923076924,27.489230769162532,36.65230769221671,否
3251,B6T0000000622,E3,1,1,9,17,浅位,519780.0,519780.0,519796.97846153844,16.978461538461538,0.0,16.97846153844148,否
3250,B6T0000000622,E3,1,1,9,17,深位,519780.0,519796.97846153844,519813.9569230769,16.978461538461538,16.97846153844148,33.95692307688296,否
2350,B6T0000000217,E4,1,1,43,16,浅位,519660.0,520111.6923076922,520170.35076923063,58.65846153846156,451.69230769219575,510.35076923063025,否
2354,B6T0000000217,E4,1,1,43,16,深位,519660.0,520170.35076923063,520229.00923076906,58.65846153846156,510.35076923063025,569.0092307690647,否
2493,B6T0000000500,E3,1,1,9,31,浅位,520200.0,520239.1199999998,520260.5784615383,21.45846153846154,39.11999999982072,60.57846153830178,否
2494,B6T0000000500,E3,1,1,9,31,深位,520200.0,520260.5784615383,520282.0369230768,21.45846153846154,60.57846153830178,82.03692307678284,否
2492,B6T0000000500,E3,1,2,9,31,浅位,520200.0,520282.0369230768,520303.49538461526,21.45846153846154,82.03692307678284,103.4953846152639,否
2490,B6T0000000500,E3,1,2,9,31,深位,520200.0,520303.49538461526,520324.95384615374,21.45846153846154,103.4953846152639,124.95384615374496,否
419,B6T0000000050,E4,1,1,45,2,浅位,519300.0,520351.83384615363,520409.089230769,57.25538461538464,1051.8338461536332,1109.0892307690228,否
3591,B6T0000001890,E1,1,1,1,40,深位,520740.0,520740.0,520759.1076923077,19.10769230769231,0.0,19.10769230767619,否
3590,B6T0000001890,E1,1,2,6,31,深位,520740.0,520759.1076923077,520778.4123076923,19.304615384615385,19.10769230767619,38.41230769228423,否
1013,B6T0000001975,E1,1,1,3,5,浅位,520740.0,520871.64307692274,520880.7815384612,9.138461538461538,131.6430769227445,140.7815384612186,否
1012,B6T0000001975,E1,1,1,3,5,深位,520740.0,520880.7815384612,520889.9199999997,9.138461538461538,140.7815384612186,149.91999999969266,否
1011,B6T0000001975,E1,1,2,3,5,浅位,520740.0,520889.9199999997,520899.05846153817,9.138461538461538,149.91999999969266,159.05846153816674,否
1016,B6T0000001975,E1,1,2,3,5,深位,520740.0,520899.05846153817,520908.19692307664,9.138461538461538,159.05846153816674,168.19692307664081,否
850,B6T0000001220,E3,1,1,10,11,浅位,520980.0,521056.8923076923,521073.18153846153,16.28923076923077,76.89230769232381,93.18153846153291,否
847,B6T0000001220,E3,1,1,10,11,深位,520980.0,521073.18153846153,521089.47076923074,16.28923076923077,93.18153846153291,109.47076923074201,否
848,B6T0000001220,E3,1,2,10,11,浅位,520980.0,521089.47076923074,521105.75999999995,16.28923076923077,109.47076923074201,125.7599999999511,否
846,B6T0000001220,E3,1,2,10,11,深位,520980.0,521105.75999999995,521122.04923076916,16.28923076923077,125.7599999999511,142.0492307691602,否
3109,B6T0000000788,E3,1,1,9,42,浅位,521460.0,521460.0,521484.97846153844,24.978461538461538,0.0,24.97846153844148,否
3110,B6T0000000788,E3,1,1,9,42,深位,521460.0,521484.97846153844,521509.9569230769,24.978461538461538,24.97846153844148,49.95692307688296,否
3111,B6T0000000788,E3,1,2,9,42,浅位,521460.0,521509.9569230769,521534.9353846153,24.978461538461538,49.95692307688296,74.93538461532444,否
2864,B6T0000000765,E3,1,2,13,8,浅位,528480.0,528480.0,528499.0215384616,19.021538461538462,0.0,19.02153846155852,否
2866,B6T0000000765,E3,1,2,13,8,深位,528480.0,528499.0215384616,528518.0430769231,19.021538461538462,19.02153846155852,38.04307692311704,否
2865,B6T0000000765,E3,1,1,16,3,浅位,528480.0,528518.0430769231,528539.156923077,21.113846153846154,38.04307692311704,59.15692307695281,否
2867,B6T0000000765,E3,1,2,9,33,深位,528480.0,528539.156923077,528561.2553846154,22.09846153846154,59.15692307695281,81.25538461538963,否
3134,B6T0000000635,E3,1,1,9,9,浅位,529320.0,529320.0,529334.4184615385,14.418461538461537,0.0,14.418461538502015,否
3135,B6T0000000635,E3,1,1,9,9,深位,529320.0,529334.4184615385,529348.836923077,14.418461538461537,14.418461538502015,28.83692307700403,否
3133,B6T0000000635,E3,1,1,11,9,浅位,529320.0,529348.836923077,529365.716923077,16.88,28.83692307700403,45.71692307700869,否
2183,B6T0000001469,E1,1,1,2,14,浅位,530880.0,530932.9107692308,530944.3138461539,11.403076923076924,52.91076923080254,64.31384615390562,否
1931,B6T0000001140,E3,1,2,10,23,浅位,532200.0,532287.8215384616,532307.9507692308,20.12923076923077,87.82153846160509,107.9507692308398,否
1930,B6T0000001140,E3,1,2,10,23,深位,532200.0,532307.9507692308,532328.0800000001,20.12923076923077,107.9507692308398,128.0800000000745,否
2395,B6T0000001859,E1,1,1,2,4,浅位,538440.0,538440.0,538448.203076923,8.203076923076923,0.0,8.203076923033223,否
2396,B6T0000001859,E1,1,1,2,9,浅位,538440.0,538448.203076923,538458.0061538462,9.803076923076922,8.203076923033223,18.006153846159577,否
2397,B6T0000001859,E1,1,1,2,9,深位,538440.0,538458.0061538462,538467.8092307693,9.803076923076922,18.006153846159577,27.809230769285932,否
2398,B6T0000001859,E1,1,1,4,6,浅位,538440.0,538467.8092307693,538477.8830769231,10.073846153846155,27.809230769285932,37.883076923084445,否
2399,B6T0000001859,E1,1,1,4,6,深位,538440.0,538477.8830769231,538487.9569230769,10.073846153846155,37.883076923084445,47.95692307688296,否
2534,B6T0000000504,E3,1,2,12,67,深位,538680.0,538680.0,538716.6707692308,36.67076923076923,0.0,36.67076923081186,否
2533,B6T0000000504,E3,1,1,14,60,浅位,538680.0,538716.6707692308,538753.5630769231,36.89230769230769,36.67076923081186,73.56307692313567,否
2530,B6T0000000504,E3,1,1,14,60,深位,538680.0,538753.5630769231,538790.4553846155,36.89230769230769,73.56307692313567,110.45538461545948,否
2531,B6T0000000504,E3,1,2,14,60,浅位,538680.0,538790.4553846155,538827.3476923078,36.89230769230769,110.45538461545948,147.3476923077833,否
2532,B6T0000000504,E3,1,2,14,60,深位,538680.0,538827.3476923078,538864.2400000001,36.89230769230769,147.3476923077833,184.2400000001071,否
2496,B6T0000000257,E4,1,1,45,16,浅位,543720.0,543895.0892307691,543956.8246153845,61.73538461538464,175.08923076908104,236.82461538445204,否
2495,B6T0000000257,E4,1,1,45,16,深位,543720.0,543956.8246153845,544018.5599999998,61.73538461538464,236.82461538445204,298.55999999982305,否
3271,B6T0000000330,E3,1,1,12,23,浅位,547500.0,547500.0,547522.5907692307,22.590769230769233,0.0,22.59076923073735,否
3270,B6T0000000330,E3,1,1,12,23,深位,547500.0,547522.5907692307,547545.1815384615,22.590769230769233,22.59076923073735,45.1815384614747,否
1073,B6T0000000178,E4,1,1,47,2,浅位,558720.0,559054.6707692309,559115.0030769232,60.33230769230772,334.6707692309283,395.0030769231962,否
1085,B6T0000000178,E4,1,1,47,2,深位,558720.0,559115.0030769232,559175.3353846155,60.33230769230772,395.0030769231962,455.33538461546414,否
1084,B6T0000000178,E4,1,2,47,2,浅位,558720.0,559175.3353846155,559235.6676923077,60.33230769230772,455.33538461546414,515.6676923077321,否
1083,B6T0000000178,E4,1,2,47,2,深位,558720.0,559235.6676923077,559296.0,60.33230769230772,515.6676923077321,576.0,否
639,B6T0000000469,E3,1,1,10,10,浅位,559260.0,559296.0,559311.9692307692,15.96923076923077,36.0,51.96923076920211,否
640,B6T0000000469,E3,1,1,10,10,深位,559260.0,559311.9692307692,559327.9384615384,15.96923076923077,51.96923076920211,67.93846153840423,否
641,B6T0000000469,E3,1,2,10,10,浅位,559260.0,559327.9384615384,559343.9076923076,15.96923076923077,67.93846153840423,83.90769230760634,否
2658,B6T0000001298,E3,1,1,9,27,深位,559800.0,559800.0,559820.1784615385,20.178461538461537,0.0,20.17846153851133,否
2657,B6T0000001298,E3,1,2,9,27,浅位,559800.0,559820.1784615385,559840.356923077,20.178461538461537,20.17846153851133,40.35692307702266,否
2656,B6T0000001298,E3,1,2,9,27,深位,559800.0,559840.356923077,559860.5353846155,20.178461538461537,40.35692307702266,60.535384615533985,否
2659,B6T0000001298,E3,1,1,16,4,深位,559800.0,559860.5353846155,559881.9692307694,21.43384615384615,60.535384615533985,81.96923076943494,否
2246,B6T0000000094,E4,1,1,44,14,浅位,560100.0,560100.0,560159.556923077,59.5569230769231,0.0,59.55692307697609,否
2247,B6T0000000094,E4,1,1,44,14,深位,560100.0,560159.556923077,560219.113846154,59.5569230769231,59.55692307697609,119.11384615395218,否
2245,B6T0000000094,E4,1,2,44,14,浅位,560100.0,560219.113846154,560278.6707692309,59.5569230769231,119.11384615395218,178.67076923092827,否
2043,B6T0000000270,E4,1,2,43,2,浅位,561900.0,561900.0,561954.1784615385,54.17846153846156,0.0,54.17846153851133,否
2049,B6T0000000270,E4,1,2,43,2,深位,561900.0,561954.1784615385,562008.356923077,54.17846153846156,54.17846153851133,108.35692307702266,否
2045,B6T0000000270,E4,1,1,43,3,浅位,561900.0,562008.356923077,562062.8553846155,54.49846153846156,108.35692307702266,162.85538461548276,否
2047,B6T0000000270,E4,1,1,43,3,深位,561900.0,562062.8553846155,562117.353846154,54.49846153846156,162.85538461548276,217.35384615394287,否
2044,B6T0000000270,E4,1,2,43,3,浅位,561900.0,562117.353846154,562171.8523076924,54.49846153846156,217.35384615394287,271.852307692403,否
2048,B6T0000000270,E4,1,2,43,3,深位,561900.0,562171.8523076924,562226.3507692309,54.49846153846156,271.852307692403,326.3507692308631,否
2046,B6T0000000270,E4,1,1,43,9,浅位,561900.0,562226.3507692309,562282.7692307694,56.418461538461564,326.3507692308631,382.7692307693651,否
2886,B6T0000000858,E3,1,1,9,26,浅位,562440.0,562440.0,562459.8584615384,19.858461538461537,0.0,19.858461538446136,否
2885,B6T0000000858,E3,1,1,9,26,深位,562440.0,562459.8584615384,562479.7169230769,19.858461538461537,19.858461538446136,39.71692307689227,否
2884,B6T0000000858,E3,1,2,9,26,浅位,562440.0,562479.7169230769,562499.5753846153,19.858461538461537,39.71692307689227,59.57538461533841,否
2677,B6T0000000928,E3,1,1,12,14,浅位,568140.0,568140.0,568159.7107692307,19.71076923076923,0.0,19.710769230732694,否
2678,B6T0000000928,E3,1,1,12,14,深位,568140.0,568159.7107692307,568179.4215384615,19.71076923076923,19.710769230732694,39.42153846146539,否
2679,B6T0000000928,E3,1,2,12,14,浅位,568140.0,568179.4215384615,568199.1323076922,19.71076923076923,39.42153846146539,59.13230769219808,否
2676,B6T0000000928,E3,1,2,12,14,深位,568140.0,568199.1323076922,568218.8430769229,19.71076923076923,59.13230769219808,78.84307692293078,否
2421,B6T0000000777,E3,1,1,9,30,浅位,570600.0,570680.8123076921,570701.9507692306,21.138461538461538,80.81230769213289,101.95076923060697,否
3232,B6T0000000365,E3,2,4,23,31,浅位,7320.0,7320.0,7358.689230769231,38.689230769230775,0.0,38.68923076923056,否
3233,B6T0000000365,E3,2,4,23,31,深位,7320.0,7358.689230769231,7397.378461538461,38.689230769230775,38.68923076923056,77.37846153846112,否
2229,B6T0000001241,E3,2,4,13,23,浅位,9240.0,9240.0,9263.821538461538,23.821538461538463,0.0,23.821538461537784,否
2228,B6T0000001241,E3,2,4,13,23,深位,9240.0,9263.821538461538,9287.643076923076,23.821538461538463,23.821538461537784,47.64307692307557,否
3245,B6T0000000392,E3,2,3,32,22,浅位,13620.0,13649.6,13697.556923076923,47.95692307692309,29.600000000000364,77.55692307692334,是
3244,B6T0000000392,E3,2,3,32,22,深位,13620.0,13717.206153846155,13765.163076923078,47.95692307692309,97.20615384615485,145.16307692307782,是
3637,B6T0000000859,E3,2,3,33,35,浅位,13980.0,14019.193846153848,14067.286153846157,48.0923076923077,39.193846153848426,87.2861538461566,是
3636,B6T0000000859,E3,2,3,33,35,深位,13980.0,14087.070769230771,14135.16307692308,48.0923076923077,107.07076923077148,155.16307692307964,是
2851,B6T0000000939,E3,2,4,11,35,浅位,17580.0,17580.0,17605.2,25.2,0.0,25.200000000000728,否
2850,B6T0000000939,E3,2,4,11,35,深位,17580.0,17605.2,17630.4,25.2,25.200000000000728,50.400000000001455,否
1511,B6T0000000118,E4,2,3,43,10,浅位,17760.0,17986.953846153847,18043.69230769231,56.738461538461564,226.95384615384683,283.69230769230853,否
1512,B6T0000000118,E4,2,3,43,10,深位,17760.0,18043.69230769231,18100.43076923077,56.738461538461564,283.69230769230853,340.43076923077024,否
1513,B6T0000000118,E4,2,4,43,10,浅位,17760.0,18100.43076923077,18157.169230769232,56.738461538461564,340.43076923077024,397.16923076923194,否
1514,B6T0000000118,E4,2,4,43,10,深位,17760.0,18157.169230769232,18213.907692307694,56.738461538461564,397.16923076923194,453.90769230769365,否
2378,B6T0000001791,E1,2,3,6,14,浅位,18480.0,18480.0,18493.864615384617,13.864615384615385,0.0,13.864615384616627,否
2379,B6T0000001791,E1,2,3,6,14,深位,18480.0,18493.864615384617,18507.729230769233,13.864615384615385,13.864615384616627,27.729230769233254,否
2377,B6T0000001791,E1,2,4,6,14,浅位,18480.0,18507.729230769233,18521.59384615385,13.864615384615385,27.729230769233254,41.59384615384988,否
2376,B6T0000001791,E1,2,4,6,14,深位,18480.0,18521.59384615385,18535.458461538467,13.864615384615385,41.59384615384988,55.45846153846651,否
703,B6T0000000313,E4,2,3,45,3,浅位,19560.0,20015.72923076924,20073.304615384626,57.57538461538464,455.72923076924053,513.3046153846262,否
714,B6T0000000313,E4,2,3,45,3,深位,19560.0,20073.304615384626,20130.880000000012,57.57538461538464,513.3046153846262,570.8800000000119,否
715,B6T0000000313,E4,2,4,45,3,浅位,19560.0,20130.880000000012,20188.455384615398,57.57538461538464,570.8800000000119,628.4553846153976,否
716,B6T0000000313,E4,2,4,45,3,深位,19560.0,20188.455384615398,20246.030769230783,57.57538461538464,628.4553846153976,686.0307692307833,否
1977,B6T0000001165,E3,2,4,18,15,浅位,20280.0,20280.0,20307.415384615386,27.415384615384617,0.0,27.415384615385847,否
1974,B6T0000001165,E3,2,4,18,15,深位,20280.0,20307.415384615386,20334.83076923077,27.415384615384617,27.415384615385847,54.83076923077169,否
3114,B6T0000001782,E1,2,3,6,31,浅位,25920.0,25920.0,25939.304615384615,19.304615384615385,0.0,19.304615384615317,否
3113,B6T0000001782,E1,2,3,6,31,深位,25920.0,25939.304615384615,25958.60923076923,19.304615384615385,19.304615384615317,38.609230769230635,否
3112,B6T0000001782,E1,2,4,6,31,浅位,25920.0,25958.60923076923,25977.913846153846,19.304615384615385,38.609230769230635,57.91384615384595,否
2791,B6T0000001578,E1,2,4,1,26,浅位,26100.0,26100.0,26114.62769230769,14.627692307692309,0.0,14.627692307691177,否
2788,B6T0000001578,E1,2,4,1,26,深位,26100.0,26114.62769230769,26129.255384615382,14.627692307692309,14.627692307691177,29.255384615382354,否
2052,B6T0000001476,E1,2,3,4,11,浅位,26280.0,26280.0,26291.673846153844,11.673846153846155,0.0,11.673846153844352,否
2055,B6T0000001476,E1,2,3,4,11,深位,26280.0,26291.673846153844,26303.34769230769,11.673846153846155,11.673846153844352,23.347692307688703,否
2053,B6T0000001476,E1,2,4,4,11,浅位,26280.0,26303.34769230769,26315.021538461533,11.673846153846155,23.347692307688703,35.021538461533055,否
2054,B6T0000001476,E1,2,4,4,11,深位,26280.0,26315.021538461533,26326.695384615377,11.673846153846155,35.021538461533055,46.69538461537741,否
748,B6T0000000140,E4,2,3,46,2,浅位,25680.0,26716.996923076942,26775.79076923079,58.79384615384618,1036.996923076942,1095.790769230789,否
731,B6T0000000140,E4,2,3,46,2,深位,25680.0,26775.79076923079,26834.584615384636,58.79384615384618,1095.790769230789,1154.584615384636,否
730,B6T0000000140,E4,2,4,46,2,浅位,25680.0,26834.584615384636,26893.378461538483,58.79384615384618,1154.584615384636,1213.378461538483,否
732,B6T0000000140,E4,2,4,46,2,深位,25680.0,26893.378461538483,26952.17230769233,58.79384615384618,1213.378461538483,1272.17230769233,否
2500,B6T0000000481,E3,2,4,17,23,浅位,41940.0,41940.0,41968.74461538462,28.744615384615386,0.0,28.744615384617646,否
2501,B6T0000000481,E3,2,4,17,23,深位,41940.0,41968.74461538462,41997.489230769235,28.744615384615386,28.744615384617646,57.48923076923529,否
3628,B6T0000001310,E3,2,3,14,54,浅位,42480.0,42480.0,42514.97230769231,34.972307692307695,0.0,34.972307692311006,否
3629,B6T0000001310,E3,2,3,14,54,深位,42480.0,42514.97230769231,42549.94461538462,34.972307692307695,34.972307692311006,69.94461538462201,否
1972,B6T0000000437,E3,2,3,13,20,浅位,42600.0,42645.72307692308,42668.58461538462,22.861538461538462,45.72307692308095,68.58461538462143,否
1966,B6T0000000437,E3,2,3,13,20,深位,42600.0,42668.58461538462,42691.44615384616,22.861538461538462,68.58461538462143,91.4461538461619,否
1965,B6T0000000437,E3,2,4,13,20,浅位,42600.0,42691.44615384616,42714.3076923077,22.861538461538462,91.4461538461619,114.30769230770238,否
1968,B6T0000000437,E3,2,4,13,20,深位,42600.0,42714.3076923077,42737.16923076924,22.861538461538462,114.30769230770238,137.16923076924286,否
2910,B6T0000001656,E1,2,4,2,28,浅位,44400.0,44400.0,44415.88307692308,15.883076923076924,0.0,15.88307692307717,否
2909,B6T0000001656,E1,2,4,2,28,深位,44400.0,44415.88307692308,44431.766153846154,15.883076923076924,15.88307692307717,31.76615384615434,否
3348,B6T0000001169,E3,2,3,17,41,浅位,46740.0,46789.99384615384,46824.49846153845,34.504615384615384,49.99384615384042,84.49846153845283,否
3349,B6T0000001169,E3,2,3,17,41,深位,46740.0,46824.49846153845,46859.003076923065,34.504615384615384,84.49846153845283,119.00307692306524,否
429,B6T0000000678,E3,2,3,9,10,浅位,51600.0,51629.476923076916,51644.215384615374,14.738461538461538,29.476923076916137,44.215384615374205,否
430,B6T0000000678,E3,2,3,9,10,深位,51600.0,51644.215384615374,51658.95384615383,14.738461538461538,44.215384615374205,58.953846153832274,否
2163,B6T0000001771,E1,2,3,5,12,浅位,52020.0,52139.43384615386,52152.04307692309,12.60923076923077,119.4338461538573,132.04307692308794,否
2164,B6T0000001771,E1,2,3,5,12,深位,52020.0,52152.04307692309,52164.65230769232,12.60923076923077,132.04307692308794,144.65230769231857,否
2162,B6T0000001771,E1,2,4,5,12,浅位,52020.0,52164.65230769232,52177.26153846155,12.60923076923077,144.65230769231857,157.2615384615492,否
655,B6T0000001698,E1,2,4,8,1,浅位,54180.0,54180.0,54190.93538461538,10.935384615384615,0.0,10.935384615382645,否
671,B6T0000001698,E1,2,4,8,1,深位,54180.0,54190.93538461538,54201.870769230765,10.935384615384615,10.935384615382645,21.87076923076529,否
1935,B6T0000001937,E1,2,3,8,8,浅位,54360.0,54465.34153846155,54478.51692307694,13.175384615384615,105.34153846155095,118.51692307693884,否
1933,B6T0000001937,E1,2,3,8,8,深位,54360.0,54478.51692307694,54491.69230769233,13.175384615384615,118.51692307693884,131.69230769232672,否
1567,B6T0000001553,E1,2,4,2,8,浅位,54600.0,54600.0,54609.483076923076,9.483076923076922,0.0,9.483076923075714,否
1568,B6T0000001553,E1,2,4,2,8,深位,54600.0,54609.483076923076,54618.96615384615,9.483076923076922,9.483076923075714,18.96615384615143,否
370,B6T0000001440,E1,2,4,5,2,浅位,55740.0,55740.0,55749.40923076923,9.409230769230769,0.0,9.409230769233545,否
367,B6T0000001440,E1,2,4,5,2,深位,55740.0,55749.40923076923,55758.81846153847,9.409230769230769,9.409230769233545,18.81846153846709,否
1533,B6T0000000088,E4,2,3,48,4,浅位,55680.0,56045.95692307694,56108.46769230771,62.51076923076926,365.95692307694117,428.46769230771315,否
1530,B6T0000000088,E4,2,3,48,4,深位,55680.0,56108.46769230771,56170.978461538485,62.51076923076926,428.46769230771315,490.97846153848513,否
1531,B6T0000000088,E4,2,4,48,4,浅位,55680.0,56170.978461538485,56233.48923076926,62.51076923076926,490.97846153848513,553.4892307692571,否
1539,B6T0000000088,E4,2,4,48,4,深位,55680.0,56233.48923076926,56296.00000000003,62.51076923076926,553.4892307692571,616.0000000000291,否
441,B6T0000000678,E3,2,4,9,10,浅位,56280.0,56296.00000000003,56310.73846153849,14.738461538461538,16.000000000029104,30.738461538487172,否
451,B6T0000000678,E3,2,4,9,10,深位,56280.0,56310.73846153849,56325.476923076945,14.738461538461538,30.738461538487172,45.47692307694524,否
1380,B6T0000000104,E4,2,3,43,9,浅位,86820.0,87065.05846153847,87121.04000000001,55.98153846153849,245.05846153847233,301.04000000000815,是
1379,B6T0000000104,E4,2,3,43,9,深位,86820.0,87131.98153846155,87189.53846153847,57.5569230769231,311.9815384615504,369.53846153846825,是
544,B6T0000001197,E3,2,4,14,5,浅位,87180.0,87200.48000000001,87222.19076923079,21.71076923076923,20.480000000010477,42.19076923078683,是
636,B6T0000000469,E3,2,3,9,11,浅位,87120.0,87233.14461538462,87249.32923076923,16.184615384615384,113.1446153846191,129.3292307692318,是
637,B6T0000000469,E3,2,3,9,11,深位,87120.0,87249.32923076923,87264.38769230769,15.058461538461538,129.3292307692318,144.38769230768958,否
545,B6T0000001197,E3,2,4,14,5,深位,87180.0,87264.38769230769,87283.68,19.29230769230769,84.38769230768958,103.67999999999302,否
1387,B6T0000000104,E4,2,4,43,9,浅位,86820.0,87283.68,87340.09846153845,56.418461538461564,463.679999999993,520.0984615384514,否
2911,B6T0000001900,E1,2,4,4,27,浅位,87300.0,87340.09846153845,87356.8923076923,16.793846153846154,40.098461538451375,56.89230769229471,否
2913,B6T0000001900,E1,2,4,4,27,深位,87300.0,87356.8923076923,87373.68615384614,16.793846153846154,56.89230769229471,73.68615384613804,否
1378,B6T0000000104,E4,2,4,43,9,深位,86820.0,87373.68615384614,87430.1046153846,56.418461538461564,553.686153846138,610.1046153845964,否
881,B6T0000000488,E3,2,3,13,8,浅位,87420.0,87430.1046153846,87449.12615384614,19.021538461538462,10.1046153845964,29.12615384614037,否
879,B6T0000000488,E3,2,3,13,8,深位,87420.0,87449.12615384614,87468.14769230768,19.021538461538462,29.12615384614037,48.14769230768434,否
880,B6T0000000488,E3,2,4,13,8,浅位,87420.0,87468.14769230768,87487.16923076923,19.021538461538462,48.14769230768434,67.1692307692283,否
882,B6T0000000488,E3,2,4,13,8,深位,87420.0,87487.16923076923,87506.19076923077,19.021538461538462,67.1692307692283,86.19076923077228,否
2435,B6T0000001589,E1,2,3,2,18,浅位,87720.0,87745.36615384615,87758.04923076922,12.683076923076923,25.366153846145608,38.04923076921841,否
2438,B6T0000001589,E1,2,3,2,18,深位,87720.0,87758.04923076922,87770.73230769229,12.683076923076923,38.04923076921841,50.732307692291215,否
2437,B6T0000001589,E1,2,4,2,18,浅位,87720.0,87770.73230769229,87783.41538461536,12.683076923076923,50.732307692291215,63.41538461536402,否
2156,B6T0000001774,E1,2,3,3,13,浅位,87840.0,87863.39692307691,87875.09538461537,11.698461538461538,23.39692307691439,35.095384615371586,否
2155,B6T0000001774,E1,2,3,3,13,深位,87840.0,87875.09538461537,87886.79384615383,11.698461538461538,35.095384615371586,46.79384615382878,否
2159,B6T0000001774,E1,2,4,3,13,浅位,87840.0,87886.79384615383,87898.49230769229,11.698461538461538,46.79384615382878,58.492307692285976,否
2158,B6T0000001774,E1,2,4,3,13,深位,87840.0,87898.49230769229,87910.19076923074,11.698461538461538,58.492307692285976,70.19076923074317,否
125,B6T0000000154,E4,2,3,43,3,浅位,87960.0,88177.99384615384,88232.4923076923,54.49846153846156,217.99384615384042,272.4923076923005,否
121,B6T0000000154,E4,2,3,43,3,深位,87960.0,88232.4923076923,88286.99076923076,54.49846153846156,272.4923076923005,326.99076923076063,否
114,B6T0000000154,E4,2,4,43,3,浅位,87960.0,88286.99076923076,88341.48923076922,54.49846153846156,326.99076923076063,381.48923076922074,否
115,B6T0000000154,E4,2,4,43,3,深位,87960.0,88341.48923076922,88395.98769230768,54.49846153846156,381.48923076922074,435.98769230768085,否
1689,B6T0000001375,E1,2,3,2,9,浅位,88320.0,88395.98769230768,88405.79076923076,9.803076923076922,75.98769230768085,85.79076923076354,否
1690,B6T0000001375,E1,2,3,2,9,深位,88320.0,88405.79076923076,88415.59384615385,9.803076923076922,85.79076923076354,95.59384615384624,否
1691,B6T0000001375,E1,2,4,2,9,浅位,88320.0,88415.59384615385,88425.39692307693,9.803076923076922,95.59384615384624,105.39692307692894,否
398,B6T0000000471,E3,2,3,17,1,浅位,88740.0,88999.14461538462,89020.84923076924,21.704615384615384,259.1446153846191,280.8492307692359,否
401,B6T0000000471,E3,2,3,17,1,深位,88740.0,89020.84923076924,89042.55384615385,21.704615384615384,280.8492307692359,302.55384615385265,否
400,B6T0000000471,E3,2,4,17,1,浅位,88740.0,89042.55384615385,89064.25846153847,21.704615384615384,302.55384615385265,324.2584615384694,否
178,B6T0000000932,E3,2,3,9,8,浅位,89040.0,89115.72307692308,89129.82153846155,14.098461538461537,75.72307692308095,89.82153846154688,否
177,B6T0000000932,E3,2,3,9,8,深位,89040.0,89129.82153846155,89143.92000000001,14.098461538461537,89.82153846154688,103.9200000000128,否
176,B6T0000000932,E3,2,4,9,8,浅位,89040.0,89143.92000000001,89158.01846153848,14.098461538461537,103.9200000000128,118.01846153847873,否
182,B6T0000000932,E3,2,4,9,8,深位,89040.0,89158.01846153848,89172.11692307694,14.098461538461537,118.01846153847873,132.11692307694466,否
2987,B6T0000001732,E1,2,3,5,28,浅位,89520.0,89626.13538461541,89643.86461538463,17.72923076923077,106.13538461540884,123.86461538463482,否
2021,B6T0000000073,E4,2,3,43,13,浅位,92040.0,92270.79384615383,92328.49230769229,57.69846153846156,230.79384615382878,288.492307692286,否
2025,B6T0000000073,E4,2,3,43,13,深位,92040.0,92328.49230769229,92386.19076923074,57.69846153846156,288.492307692286,346.1907692307432,否
2028,B6T0000000073,E4,2,4,43,13,浅位,92040.0,92386.19076923074,92443.8892307692,57.69846153846156,346.1907692307432,403.88923076920037,否
2027,B6T0000000073,E4,2,4,43,13,深位,92040.0,92443.8892307692,92501.58769230766,57.69846153846156,403.88923076920037,461.58769230765756,否
1412,B6T0000000408,E3,2,4,23,3,浅位,97380.0,97380.0,97409.72923076923,29.729230769230774,0.0,29.72923076922598,否
1403,B6T0000000408,E3,2,4,23,3,深位,97380.0,97409.72923076923,97439.45846153845,29.729230769230774,29.72923076922598,59.45846153845196,否
1313,B6T0000000836,E3,2,3,12,14,浅位,97740.0,97818.8430769231,97838.55384615388,19.71076923076923,78.8430769231054,98.55384615388175,否
1311,B6T0000000836,E3,2,3,12,14,深位,97740.0,97838.55384615388,97858.26461538466,19.71076923076923,98.55384615388175,118.2646153846581,否
1319,B6T0000000836,E3,2,4,12,14,浅位,97740.0,97858.26461538466,97877.97538461543,19.71076923076923,118.2646153846581,137.97538461543445,否
1309,B6T0000000836,E3,2,4,12,14,深位,97740.0,97877.97538461543,97897.68615384621,19.71076923076923,137.97538461543445,157.6861538462108,否
3117,B6T0000000362,E3,2,4,14,37,浅位,106020.0,106099.24615384615,106140.37538461538,41.12923076923079,79.24615384615026,120.37538461538497,是
3116,B6T0000000362,E3,2,4,14,37,深位,106020.0,106140.37538461538,106169.9076923077,29.53230769230769,120.37538461538497,149.90769230769365,否
1064,B6T0000001185,E3,2,3,20,3,浅位,106380.0,106584.65230769233,106610.68923076926,26.03692307692308,204.65230769233312,230.68923076926148,否
1065,B6T0000001185,E3,2,3,20,3,深位,106380.0,106610.68923076926,106636.72615384619,26.03692307692308,230.68923076926148,256.72615384618985,否
1066,B6T0000001185,E3,2,4,20,3,浅位,106380.0,106636.72615384619,106662.76307692312,26.03692307692308,256.72615384618985,282.7630769231182,否
1059,B6T0000001185,E3,2,4,20,3,深位,106380.0,106662.76307692312,106688.80000000005,26.03692307692308,282.7630769231182,308.80000000004657,否
2960,B6T0000001529,E1,2,3,4,28,浅位,110700.0,110734.2276923077,110751.34153846155,17.113846153846154,34.227692307700636,51.341538461550954,否
3138,B6T0000001659,E1,2,3,1,35,浅位,111660.0,111660.0,111677.5076923077,17.50769230769231,0.0,17.50769230769947,否
3136,B6T0000001659,E1,2,3,1,35,深位,111660.0,111677.5076923077,111695.0153846154,17.50769230769231,17.50769230769947,35.01538461539894,否
3137,B6T0000001659,E1,2,4,1,35,浅位,111660.0,111695.0153846154,111712.5230769231,17.50769230769231,35.01538461539894,52.523076923098415,否
569,B6T0000001238,E3,2,3,16,3,浅位,113640.0,113774.82153846152,113807.53846153844,32.716923076923095,134.82153846151778,167.53846153843915,是
565,B6T0000001238,E3,2,3,16,3,深位,113640.0,113840.1569230769,113872.77538461535,32.61846153846155,200.1569230768946,232.77538461535005,是
568,B6T0000001238,E3,2,4,16,3,浅位,113640.0,113906.93230769229,113941.08923076921,34.15692307692309,266.9323076922883,301.089230769212,是
567,B6T0000001238,E3,2,4,16,3,深位,113640.0,113975.33846153844,114009.58769230767,34.24923076923078,335.33846153844206,369.5876923076721,是
3078,B6T0000001763,E1,2,3,3,13,深位,114420.0,114420.0,114431.69846153846,11.698461538461538,0.0,11.698461538457195,否
3076,B6T0000001763,E1,2,4,3,13,浅位,114420.0,114431.69846153846,114443.39692307691,11.698461538461538,11.698461538457195,23.39692307691439,否
3077,B6T0000001763,E1,2,4,3,13,深位,114420.0,114443.39692307691,114455.09538461537,11.698461538461538,23.39692307691439,35.095384615371586,否
3373,B6T0000000224,E4,2,4,49,28,浅位,116400.0,116400.0,116471.72923076923,71.7292307692308,0.0,71.72923076922598,否
3372,B6T0000000224,E4,2,4,49,28,深位,116400.0,116471.72923076923,116543.45846153845,71.7292307692308,71.72923076922598,143.45846153845196,否
3309,B6T0000001474,E1,2,4,1,18,深位,117360.0,117360.0,117372.0676923077,12.067692307692308,0.0,12.067692307697143,否
3308,B6T0000001474,E1,2,3,5,12,浅位,117360.0,117372.0676923077,117384.67692307693,12.60923076923077,12.067692307697143,24.67692307692778,否
3586,B6T0000001723,E1,2,4,3,52,浅位,118680.0,118680.0,118704.17846153847,24.17846153846154,0.0,24.178461538467673,否
3587,B6T0000001723,E1,2,4,3,52,深位,118680.0,118704.17846153847,118728.35692307694,24.17846153846154,24.178461538467673,48.356923076935345,否
3730,B6T0000000456,E3,2,4,37,34,浅位,121140.0,121140.0,121196.88,56.88000000000002,0.0,56.88000000000466,否
3731,B6T0000000456,E3,2,4,37,34,深位,121140.0,121196.88,121253.76000000001,56.88000000000002,56.88000000000466,113.76000000000931,否
48,B6T0000001104,E3,2,3,9,4,浅位,123780.0,123831.27384615387,123844.09230769234,12.818461538461538,51.27384615386836,64.09230769233545,否
49,B6T0000001104,E3,2,3,9,4,深位,123780.0,123844.09230769234,123856.9107692308,12.818461538461538,64.09230769233545,76.91076923080254,否
50,B6T0000001104,E3,2,4,9,4,浅位,123780.0,123856.9107692308,123869.72923076927,12.818461538461538,76.91076923080254,89.72923076926963,否
42,B6T0000001104,E3,2,4,9,4,深位,123780.0,123869.72923076927,123882.54769230774,12.818461538461538,89.72923076926963,102.54769230773672,否
844,B6T0000001220,E3,2,3,9,4,浅位,126180.0,126180.0,126192.81846153847,12.818461538461538,0.0,12.81846153846709,否
843,B6T0000001220,E3,2,3,9,4,深位,126180.0,126192.81846153847,126205.63692307693,12.818461538461538,12.81846153846709,25.63692307693418,否
1036,B6T0000001052,E3,2,3,18,5,浅位,130740.0,131023.2984615385,131047.51384615389,24.215384615384618,283.2984615385067,307.51384615388815,否
1037,B6T0000001052,E3,2,3,18,5,深位,130740.0,131047.51384615389,131071.72923076927,24.215384615384618,307.51384615388815,331.72923076926963,否
1038,B6T0000001052,E3,2,4,18,5,浅位,130740.0,131071.72923076927,131095.94461538465,24.215384615384618,331.72923076926963,355.9446153846511,否
1041,B6T0000001052,E3,2,4,18,5,深位,130740.0,131095.94461538465,131120.16000000003,24.215384615384618,355.9446153846511,380.1600000000326,否
1918,B6T0000001647,E1,2,4,6,9,浅位,140580.0,140588.84923076924,140599.54461538463,10.695384615384615,8.849230769235874,19.544615384627832,是
1919,B6T0000001647,E1,2,4,6,9,深位,140580.0,140608.39384615386,140619.08923076926,10.695384615384615,28.393846153863706,39.089230769255664,是
559,B6T0000001827,E1,2,3,4,3,浅位,140580.0,140632.86153846153,140641.97538461536,9.113846153846154,52.861538461525925,61.97538461536169,否
554,B6T0000001827,E1,2,3,4,3,深位,140580.0,140641.97538461536,140651.0892307692,9.113846153846154,61.97538461536169,71.08923076919746,否
553,B6T0000001827,E1,2,4,4,3,浅位,140580.0,140651.0892307692,140660.20307692303,9.113846153846154,71.08923076919746,80.20307692303322,否
2856,B6T0000000686,E3,2,3,18,28,浅位,140640.0,140703.1507692308,140734.7261538462,31.575384615384618,63.15076923079323,94.72615384618985,否
2857,B6T0000000686,E3,2,3,18,28,深位,140640.0,140734.7261538462,140766.3015384616,31.575384615384618,94.72615384618985,126.30153846158646,否
3464,B6T0000000668,E3,2,4,20,42,浅位,142680.0,142680.0,142718.5169230769,38.51692307692308,0.0,38.516923076909734,否
3465,B6T0000000668,E3,2,4,20,42,深位,142680.0,142718.5169230769,142757.03384615382,38.51692307692308,38.516923076909734,77.03384615381947,否
3413,B6T0000000776,E3,2,3,37,23,浅位,142860.0,142860.0,142913.36,53.360000000000014,0.0,53.35999999998603,否
3412,B6T0000000776,E3,2,3,37,23,深位,142860.0,142913.36,142966.71999999997,53.360000000000014,53.35999999998603,106.71999999997206,否
2404,B6T0000001888,E1,2,3,1,18,浅位,142980.0,143028.2707692308,143040.3384615385,12.067692307692308,48.270769230788574,60.33846153848572,否
75,B6T0000000261,E4,2,3,43,1,浅位,143520.0,143735.4338461539,143789.29230769238,53.85846153846156,215.43384615390096,269.2923076923762,否
69,B6T0000000261,E4,2,3,43,1,深位,143520.0,143789.29230769238,143843.15076923085,53.85846153846156,269.2923076923762,323.15076923085144,否
76,B6T0000000261,E4,2,4,43,1,浅位,143520.0,143843.15076923085,143897.00923076933,53.85846153846156,323.15076923085144,377.0092307693267,否
77,B6T0000000261,E4,2,4,43,1,深位,143520.0,143897.00923076933,143950.8676923078,53.85846153846156,377.0092307693267,430.8676923078019,否
1783,B6T0000001122,E3,2,3,24,6,浅位,173760.0,173949.69846153853,173981.61846153854,31.92000000000001,189.69846153852995,221.61846153854276,否
1781,B6T0000001122,E3,2,3,24,6,深位,173760.0,173981.61846153854,174013.53846153856,31.92000000000001,221.61846153854276,253.53846153855557,否
1777,B6T0000001122,E3,2,4,24,6,浅位,173760.0,174013.53846153856,174045.45846153857,31.92000000000001,253.53846153855557,285.4584615385684,否
1779,B6T0000001122,E3,2,4,24,6,深位,173760.0,174045.45846153857,174077.37846153858,31.92000000000001,285.4584615385684,317.3784615385812,否
756,B6T0000000843,E3,2,3,15,5,浅位,174120.0,174120.0,174140.52307692307,20.52307692307692,0.0,20.52307692306931,否
757,B6T0000000843,E3,2,3,15,5,深位,174120.0,174140.52307692307,174161.04615384614,20.52307692307692,20.52307692306931,41.04615384613862,否
758,B6T0000000843,E3,2,4,15,5,浅位,174120.0,174161.04615384614,174181.5692307692,20.52307692307692,41.04615384613862,61.569230769207934,否
759,B6T0000000843,E3,2,4,15,5,深位,174120.0,174181.5692307692,174202.09230769228,20.52307692307692,61.569230769207934,82.09230769227725,否
1915,B6T0000000403,E3,2,3,29,3,浅位,174000.0,174220.86153846153,174257.97538461536,37.11384615384616,220.86153846152592,257.9753846153617,否
1916,B6T0000000403,E3,2,3,29,3,深位,174000.0,174257.97538461536,174295.0892307692,37.11384615384616,257.9753846153617,295.08923076919746,否
1297,B6T0000000996,E3,2,3,9,17,浅位,174420.0,174487.91384615388,174504.89230769235,16.978461538461538,67.91384615388233,84.89230769235292,否
1298,B6T0000000996,E3,2,3,9,17,深位,174420.0,174504.89230769235,174521.87076923082,16.978461538461538,84.89230769235292,101.8707692308235,否
1303,B6T0000000996,E3,2,4,9,17,浅位,174420.0,174521.87076923082,174538.8492307693,16.978461538461538,101.8707692308235,118.84923076929408,否
1300,B6T0000000996,E3,2,4,9,17,深位,174420.0,174538.8492307693,174555.82769230776,16.978461538461538,118.84923076929408,135.82769230776466,否
2519,B6T0000001724,E1,2,3,1,20,浅位,174960.0,175010.83076923073,175023.5384615384,12.707692307692309,50.83076923072804,63.53846153841005,否
1183,B6T0000001103,E3,2,3,21,3,浅位,175020.0,175129.07076923072,175156.3384615384,27.26769230769231,109.07076923071872,136.3384615383984,否
1184,B6T0000001103,E3,2,3,21,3,深位,175020.0,175156.3384615384,175183.60615384608,27.26769230769231,136.3384615383984,163.6061538460781,否
1182,B6T0000001103,E3,2,4,21,3,浅位,175020.0,175183.60615384608,175210.87384615376,27.26769230769231,163.6061538460781,190.87384615375777,否
1189,B6T0000001103,E3,2,4,21,3,深位,175020.0,175210.87384615376,175238.14153846144,27.26769230769231,190.87384615375777,218.14153846143745,否
3568,B6T0000001417,E1,2,3,6,49,浅位,175560.0,175560.0,175585.06461538462,25.064615384615387,0.0,25.064615384617355,否
3569,B6T0000001417,E1,2,3,6,49,深位,175560.0,175585.06461538462,175610.12923076923,25.064615384615387,25.064615384617355,50.12923076923471,否
1734,B6T0000001429,E1,2,3,1,10,浅位,175560.0,175610.12923076923,175619.63692307693,9.507692307692308,50.12923076923471,59.63692307693418,否
1733,B6T0000001429,E1,2,3,1,10,深位,175560.0,175619.63692307693,175629.14461538463,9.507692307692308,59.63692307693418,69.14461538463365,否
1731,B6T0000001429,E1,2,4,1,10,浅位,175560.0,175629.14461538463,175638.65230769233,9.507692307692308,69.14461538463365,78.65230769233312,否
1730,B6T0000001429,E1,2,4,1,10,深位,175560.0,175638.65230769233,175648.16000000003,9.507692307692308,78.65230769233312,88.1600000000326,否
477,B6T0000001382,E1,2,3,2,4,浅位,175680.0,175758.40615384624,175766.60923076933,8.203076923076923,78.40615384624107,86.6092307693325,否
473,B6T0000001382,E1,2,3,2,4,深位,175680.0,175766.60923076933,175774.81230769242,8.203076923076923,86.6092307693325,94.81230769242393,否
476,B6T0000001382,E1,2,4,2,4,浅位,175680.0,175774.81230769242,175783.01538461552,8.203076923076923,94.81230769242393,103.01538461551536,否
475,B6T0000001382,E1,2,4,2,4,深位,175680.0,175783.01538461552,175791.2184615386,8.203076923076923,103.01538461551536,111.21846153860679,否
3241,B6T0000001498,E1,2,3,3,38,浅位,180540.0,180580.46153846147,180602.043076923,21.58153846153846,40.46153846147354,62.043076923000626,是
3240,B6T0000001498,E1,2,3,3,38,深位,180540.0,180623.6492307692,180645.25538461536,21.606153846153845,83.64923076919513,105.25538461536053,是
795,B6T0000000540,E3,2,3,9,12,浅位,181380.0,181380.0,181395.37846153846,15.378461538461538,0.0,15.378461538464762,否
791,B6T0000000540,E3,2,3,9,12,深位,181380.0,181395.37846153846,181410.75692307693,15.378461538461538,15.378461538464762,30.756923076929525,否
792,B6T0000000540,E3,2,4,9,12,浅位,181380.0,181410.75692307693,181426.1353846154,15.378461538461538,30.756923076929525,46.13538461539429,否
793,B6T0000000540,E3,2,4,9,12,深位,181380.0,181426.1353846154,181441.51384615386,15.378461538461538,46.13538461539429,61.51384615385905,否
1426,B6T0000000947,E3,2,3,13,14,浅位,188580.0,188703.8276923077,188724.76923076925,20.941538461538464,123.82769230770646,144.76923076924868,否
1422,B6T0000000947,E3,2,3,13,14,深位,188580.0,188724.76923076925,188745.7107692308,20.941538461538464,144.76923076924868,165.7107692307909,否
1420,B6T0000000947,E3,2,4,13,14,浅位,188580.0,188745.7107692308,188766.65230769233,20.941538461538464,165.7107692307909,186.65230769233312,否
1419,B6T0000000947,E3,2,4,13,14,深位,188580.0,188766.65230769233,188787.59384615388,20.941538461538464,186.65230769233312,207.59384615387535,否
1714,B6T0000001409,E1,2,3,6,7,浅位,194220.0,194287.92615384614,194299.55076923076,11.624615384615385,67.92615384614328,79.5507692307583,否
1715,B6T0000001409,E1,2,3,6,7,深位,194220.0,194299.55076923076,194311.17538461537,11.624615384615385,79.5507692307583,91.17538461537333,否
1712,B6T0000001409,E1,2,4,6,7,浅位,194220.0,194311.17538461537,194322.8,11.624615384615385,91.17538461537333,102.79999999998836,否
1710,B6T0000001409,E1,2,4,6,7,深位,194220.0,194322.8,194334.4246153846,11.624615384615385,102.79999999998836,114.42461538460338,否
2731,B6T0000001922,E1,2,4,8,21,浅位,194640.0,194640.0,194657.33538461538,17.335384615384616,0.0,17.335384615376825,否
2730,B6T0000001922,E1,2,4,8,21,深位,194640.0,194657.33538461538,194674.67076923075,17.335384615384616,17.335384615376825,34.67076923075365,否
907,B6T0000000411,E3,2,3,15,6,浅位,194580.0,194703.2369230769,194724.08,20.84307692307692,123.2369230769109,144.0799999999872,否
2863,B6T0000000659,E3,2,3,19,27,浅位,197880.0,197880.0,197912.48615384614,32.48615384615385,0.0,32.48615384614095,否
2862,B6T0000000659,E3,2,3,19,27,深位,197880.0,197912.48615384614,197944.97230769228,32.48615384615385,32.48615384614095,64.9723076922819,否
2861,B6T0000000659,E3,2,4,19,27,浅位,197880.0,197944.97230769228,197977.45846153842,32.48615384615385,64.9723076922819,97.45846153842285,否
2860,B6T0000000659,E3,2,4,19,27,深位,197880.0,197977.45846153842,198009.94461538456,32.48615384615385,97.45846153842285,129.9446153845638,否
2325,B6T0000001645,E1,2,4,1,16,浅位,199200.0,199200.0,199211.42769230768,11.427692307692308,0.0,11.427692307683174,否
2320,B6T0000001645,E1,2,4,1,16,深位,199200.0,199211.42769230768,199222.85538461537,11.427692307692308,11.427692307683174,22.855384615366347,否
210,B6T0000000581,E3,2,3,9,9,浅位,203640.0,203697.6738461539,203712.09230769236,14.418461538461537,57.673846153891645,72.09230769236456,否
212,B6T0000000581,E3,2,3,9,9,深位,203640.0,203712.09230769236,203726.51076923084,14.418461538461537,72.09230769236456,86.51076923083747,否
213,B6T0000000581,E3,2,4,9,9,浅位,203640.0,203726.51076923084,203740.9292307693,14.418461538461537,86.51076923083747,100.92923076931038,否
214,B6T0000000581,E3,2,4,9,9,深位,203640.0,203740.9292307693,203755.34769230778,14.418461538461537,100.92923076931038,115.34769230778329,否
485,B6T0000001101,E3,2,3,12,7,浅位,207840.0,207840.0,207857.47076923077,17.47076923076923,0.0,17.47076923077111,否
486,B6T0000001101,E3,2,3,12,7,深位,207840.0,207857.47076923077,207874.94153846154,17.47076923076923,17.47076923077111,34.94153846154222,否
487,B6T0000001101,E3,2,4,12,7,浅位,207840.0,207874.94153846154,207892.4123076923,17.47076923076923,34.94153846154222,52.412307692313334,否
488,B6T0000001101,E3,2,4,12,7,深位,207840.0,207892.4123076923,207909.88307692308,17.47076923076923,52.412307692313334,69.88307692308445,否
2584,B6T0000000418,E3,2,3,22,19,浅位,214080.0,214080.0,214113.61846153846,33.618461538461546,0.0,33.61846153845545,否
2583,B6T0000000418,E3,2,3,22,19,深位,214080.0,214113.61846153846,214147.2369230769,33.618461538461546,33.61846153845545,67.2369230769109,否
2582,B6T0000000418,E3,2,4,22,19,浅位,214080.0,214147.2369230769,214180.85538461537,33.618461538461546,67.2369230769109,100.85538461536635,否
2581,B6T0000000418,E3,2,4,22,19,深位,214080.0,214180.85538461537,214214.47384615382,33.618461538461546,100.85538461536635,134.4738461538218,否
319,B6T0000001196,E3,2,3,13,5,浅位,216480.0,216603.69846153844,216621.75999999998,18.06153846153846,123.69846153844264,141.7599999999802,否
318,B6T0000001196,E3,2,3,13,5,深位,216480.0,216621.75999999998,216639.82153846152,18.06153846153846,141.7599999999802,159.82153846151778,否
323,B6T0000001196,E3,2,4,13,5,浅位,216480.0,216639.82153846152,216657.88307692306,18.06153846153846,159.82153846151778,177.88307692305534,否
322,B6T0000001196,E3,2,4,13,5,深位,216480.0,216657.88307692306,216675.9446153846,18.06153846153846,177.88307692305534,195.9446153845929,否
3033,B6T0000001726,E1,2,4,7,28,浅位,218220.0,218220.0,218238.96,18.96,0.0,18.95999999999185,否
3031,B6T0000001726,E1,2,4,7,28,深位,218220.0,218238.96,218257.91999999998,18.96,18.95999999999185,37.9199999999837,否
2642,B6T0000000200,E4,2,3,48,14,浅位,219840.0,219840.0,219905.71076923076,65.71076923076926,0.0,65.7107692307618,否
2641,B6T0000000200,E4,2,3,48,14,深位,219840.0,219905.71076923076,219971.42153846152,65.71076923076926,65.7107692307618,131.4215384615236,否
2640,B6T0000000200,E4,2,4,48,14,浅位,219840.0,219971.42153846152,220037.13230769229,65.71076923076926,131.4215384615236,197.1323076922854,否
2643,B6T0000000200,E4,2,4,48,14,深位,219840.0,220037.13230769229,220102.84307692305,65.71076923076926,197.1323076922854,262.8430769230472,否
2761,B6T0000000146,E4,2,3,43,22,浅位,228000.0,228000.0,228060.57846153845,60.57846153846156,0.0,60.5784615384473,否
2763,B6T0000000146,E4,2,3,43,22,深位,228000.0,228060.57846153845,228121.1569230769,60.57846153846156,60.5784615384473,121.1569230768946,否
2760,B6T0000000146,E4,2,4,43,22,浅位,228000.0,228121.1569230769,228181.73538461534,60.57846153846156,121.1569230768946,181.7353846153419,否
2762,B6T0000000146,E4,2,4,43,22,深位,228000.0,228181.73538461534,228242.3138461538,60.57846153846156,181.7353846153419,242.3138461537892,否
2369,B6T0000001572,E1,2,4,8,13,浅位,228780.0,228780.0,228794.77538461538,14.775384615384615,0.0,14.775384615379153,否
2368,B6T0000001572,E1,2,4,8,13,深位,228780.0,228794.77538461538,228809.55076923076,14.775384615384615,14.775384615379153,29.550769230758306,否
3501,B6T0000001808,E1,2,4,8,45,浅位,258960.0,258960.0,258985.0153846154,25.015384615384615,0.0,25.015384615398943,否
3500,B6T0000001808,E1,2,4,8,45,深位,258960.0,258985.0153846154,259010.0307692308,25.015384615384615,25.015384615398943,50.03076923079789,否
3079,B6T0000001354,E1,2,3,4,31,浅位,259200.0,259236.1476923077,259254.22153846157,18.073846153846155,36.14769230771344,54.22153846157016,否
160,B6T0000000810,E3,2,3,9,17,浅位,259440.0,259440.0,259456.97846153847,16.978461538461538,0.0,16.978461538470583,否
151,B6T0000000810,E3,2,3,9,17,深位,259440.0,259456.97846153847,259473.95692307694,16.978461538461538,16.978461538470583,33.956923076941166,否
173,B6T0000000810,E3,2,4,9,17,浅位,259440.0,259473.95692307694,259490.9353846154,16.978461538461538,33.956923076941166,50.93538461541175,否
159,B6T0000000810,E3,2,4,9,17,深位,259440.0,259490.9353846154,259507.91384615388,16.978461538461538,50.93538461541175,67.91384615388233,否
681,B6T0000001180,E3,2,3,11,9,浅位,259800.0,259992.14153846173,260009.02153846173,16.88,192.1415384617285,209.02153846173314,否
680,B6T0000001180,E3,2,3,11,9,深位,259800.0,260009.02153846173,260025.90153846174,16.88,209.02153846173314,225.9015384617378,否
678,B6T0000001180,E3,2,4,11,9,浅位,259800.0,260025.90153846174,260042.78153846174,16.88,225.9015384617378,242.78153846174246,否
677,B6T0000001180,E3,2,4,11,9,深位,259800.0,260042.78153846174,260059.66153846175,16.88,242.78153846174246,259.6615384617471,否
162,B6T0000000810,E3,2,3,15,1,浅位,259440.0,260069.113846154,260088.35692307708,19.24307692307692,629.1138461540104,648.3569230770809,否
156,B6T0000000810,E3,2,3,15,1,深位,259440.0,260088.35692307708,260107.60000000015,19.24307692307692,648.3569230770809,667.6000000001513,否
166,B6T0000000810,E3,2,4,15,1,浅位,259440.0,260107.60000000015,260126.84307692322,19.24307692307692,667.6000000001513,686.8430769232218,否
158,B6T0000000810,E3,2,4,15,1,深位,259440.0,260126.84307692322,260146.0861538463,19.24307692307692,686.8430769232218,706.0861538462923,否
1604,B6T0000001610,E1,2,3,4,7,浅位,260160.0,260220.54153846152,260230.93538461535,10.393846153846155,60.54153846151894,70.93538461535354,否
1606,B6T0000001610,E1,2,3,4,7,深位,260160.0,260230.93538461535,260241.3292307692,10.393846153846155,70.93538461535354,81.32923076918814,否
1607,B6T0000001610,E1,2,4,4,7,浅位,260160.0,260241.3292307692,260251.72307692302,10.393846153846155,81.32923076918814,91.72307692302275,否
1608,B6T0000001610,E1,2,4,4,7,深位,260160.0,260251.72307692302,260262.11692307686,10.393846153846155,91.72307692302275,102.11692307685735,否
2386,B6T0000000719,E3,2,3,17,1,深位,260340.0,260340.0,260361.7046153846,21.704615384615384,0.0,21.70461538460222,否
2385,B6T0000000719,E3,2,4,17,1,浅位,260340.0,260361.7046153846,260383.4092307692,21.704615384615384,21.70461538460222,43.40923076920444,否
2388,B6T0000000719,E3,2,3,11,68,深位,260340.0,260383.4092307692,260419.1692307692,35.760000000000005,43.40923076920444,79.16923076921375,否
2389,B6T0000000719,E3,2,4,11,68,浅位,260340.0,260419.1692307692,260454.92923076922,35.760000000000005,79.16923076921375,114.92923076922307,否
2387,B6T0000000719,E3,2,4,11,68,深位,260340.0,260454.92923076922,260490.68923076923,35.760000000000005,114.92923076922307,150.68923076923238,否
2327,B6T0000000447,E3,2,3,18,5,浅位,260700.0,260700.0,260724.21538461538,24.215384615384618,0.0,24.21538461538148,否
2330,B6T0000000447,E3,2,3,18,5,深位,260700.0,260724.21538461538,260748.43076923076,24.215384615384618,24.21538461538148,48.43076923076296,否
2328,B6T0000000447,E3,2,4,18,5,浅位,260700.0,260748.43076923076,260772.64615384614,24.215384615384618,48.43076923076296,72.64615384614444,否
2331,B6T0000000447,E3,2,4,18,5,深位,260700.0,260772.64615384614,260796.86153846153,24.215384615384618,72.64615384614444,96.86153846152592,否
2433,B6T0000000778,E3,2,4,10,29,浅位,262500.0,262500.0,262522.0492307692,22.04923076923077,0.0,22.04923076921841,否
2431,B6T0000000778,E3,2,4,10,29,深位,262500.0,262522.0492307692,262544.09846153844,22.04923076923077,22.04923076921841,44.09846153843682,否
3448,B6T0000000642,E3,2,4,23,3,浅位,266700.0,266700.0,266729.7292307692,29.729230769230774,0.0,29.729230769211426,否
3449,B6T0000000642,E3,2,4,23,3,深位,266700.0,266729.7292307692,266759.4584615384,29.729230769230774,29.729230769211426,59.45846153842285,否
3094,B6T0000001025,E3,2,3,20,30,浅位,271920.0,271989.3538461538,272024.03076923074,34.67692307692308,69.35384615382645,104.03076923073968,否
1010,B6T0000001090,E3,2,3,12,11,浅位,276120.0,276120.0,276138.75076923077,18.75076923076923,0.0,18.750769230769947,否
1008,B6T0000001090,E3,2,3,12,11,深位,276120.0,276138.75076923077,276157.50153846154,18.75076923076923,18.750769230769947,37.501538461539894,否
1007,B6T0000001090,E3,2,4,12,11,浅位,276120.0,276157.50153846154,276176.2523076923,18.75076923076923,37.501538461539894,56.25230769230984,否
1006,B6T0000001090,E3,2,4,12,11,深位,276120.0,276176.2523076923,276195.0030769231,18.75076923076923,56.25230769230984,75.00307692307979,否
2668,B6T0000000193,E4,2,4,45,3,浅位,276720.0,276720.0,276777.5753846154,57.57538461538464,0.0,57.575384615396615,否
2670,B6T0000000193,E4,2,4,45,3,深位,276720.0,276777.5753846154,276835.1507692308,57.57538461538464,57.575384615396615,115.15076923079323,否
2669,B6T0000000193,E4,2,4,44,11,深位,276720.0,276835.1507692308,276893.7476923077,58.596923076923105,115.15076923079323,173.74769230769016,否
2671,B6T0000000193,E4,2,4,43,16,深位,276720.0,276893.7476923077,276952.4061538461,58.65846153846156,173.74769230769016,232.40615384612465,否
2783,B6T0000000204,E4,2,3,44,21,浅位,277200.0,277323.5938461538,277385.3907692307,61.7969230769231,123.59384615381714,185.3907692307257,否
2781,B6T0000000204,E4,2,3,44,21,深位,277200.0,277385.3907692307,277447.18769230763,61.7969230769231,185.3907692307257,247.18769230763428,否
1899,B6T0000001029,E3,2,3,13,5,浅位,278220.0,278220.0,278238.06153846154,18.06153846153846,0.0,18.061538461537566,否
1898,B6T0000001029,E3,2,3,13,5,深位,278220.0,278238.06153846154,278256.1230769231,18.06153846153846,18.061538461537566,36.12307692307513,否
1897,B6T0000001029,E3,2,4,13,5,浅位,278220.0,278256.1230769231,278274.1846153846,18.06153846153846,36.12307692307513,54.1846153846127,否
1900,B6T0000001029,E3,2,4,13,5,深位,278220.0,278274.1846153846,278292.24615384615,18.06153846153846,54.1846153846127,72.24615384615026,否
1896,B6T0000001029,E3,2,3,13,14,深位,278220.0,278292.24615384615,278313.1876923077,20.941538461538464,72.24615384615026,93.18769230769249,否
1895,B6T0000001029,E3,2,4,13,14,浅位,278220.0,278313.1876923077,278334.12923076923,20.941538461538464,93.18769230769249,114.12923076923471,否
1893,B6T0000001029,E3,2,4,13,14,深位,278220.0,278334.12923076923,278355.0707692308,20.941538461538464,114.12923076923471,135.07076923077693,否
1894,B6T0000001029,E3,2,3,19,27,浅位,278220.0,278355.0707692308,278387.5569230769,32.48615384615385,135.07076923077693,167.55692307691788,否
2549,B6T0000001449,E1,2,4,7,17,浅位,282180.0,282180.0,282195.44,15.440000000000001,0.0,15.440000000002328,否
2548,B6T0000001449,E1,2,4,7,17,深位,282180.0,282195.44,282210.88,15.440000000000001,15.440000000002328,30.880000000004657,否
2106,B6T0000000611,E3,2,3,9,26,浅位,287640.0,287719.4338461538,287739.29230769223,19.858461538461537,79.43384615378454,99.29230769223068,否
2111,B6T0000000611,E3,2,3,9,26,深位,287640.0,287739.29230769223,287759.1507692307,19.858461538461537,99.29230769223068,119.15076923067681,否
2107,B6T0000000611,E3,2,4,9,26,浅位,287640.0,287759.1507692307,287779.0092307691,19.858461538461537,119.15076923067681,139.00923076912295,否
1089,B6T0000001415,E1,2,3,7,3,浅位,287880.0,287929.0523076923,287941.9815384615,12.92923076923077,49.0523076922982,61.98153846152127,是
1090,B6T0000001415,E1,2,3,7,3,深位,287880.0,287954.91076923074,287967.83999999997,12.92923076923077,74.91076923074434,87.8399999999674,是
1099,B6T0000001415,E1,2,4,7,3,浅位,287880.0,287980.7692307692,287993.6984615384,12.92923076923077,100.76923076919047,113.69846153841354,是
1098,B6T0000001415,E1,2,4,7,3,深位,287880.0,288007.16923076916,288020.6399999999,13.47076923076923,127.16923076915555,140.63999999989755,是
1365,B6T0000000150,E4,2,3,46,5,浅位,295320.0,295559.0153846154,295618.76923076925,59.75384615384618,239.01538461539894,298.7692307692487,否
1366,B6T0000000150,E4,2,3,46,5,深位,295320.0,295618.76923076925,295678.5230769231,59.75384615384618,298.7692307692487,358.5230769230984,否
1372,B6T0000000150,E4,2,4,46,5,浅位,295320.0,295678.5230769231,295738.27692307695,59.75384615384618,358.5230769230984,418.27692307694815,否
1368,B6T0000000150,E4,2,4,46,5,深位,295320.0,295738.27692307695,295798.0307692308,59.75384615384618,418.27692307694815,478.0307692307979,否
1367,B6T0000000150,E4,2,3,49,1,浅位,295320.0,296103.47076923086,296166.5600000001,63.089230769230795,783.4707692308584,846.5600000001141,否
1810,B6T0000001372,E1,2,3,2,10,浅位,297060.0,297100.4923076923,297110.6153846154,10.123076923076923,40.49230769230053,50.61538461537566,否
1811,B6T0000001372,E1,2,3,2,10,深位,297060.0,297110.6153846154,297120.73846153845,10.123076923076923,50.61538461537566,60.73846153845079,否
1812,B6T0000001372,E1,2,4,2,10,浅位,297060.0,297120.73846153845,297130.8615384615,10.123076923076923,60.73846153845079,70.86153846152592,否
1813,B6T0000001372,E1,2,4,2,10,深位,297060.0,297130.8615384615,297140.9846153846,10.123076923076923,70.86153846152592,80.98461538460106,否
2922,B6T0000000210,E4,2,3,43,24,浅位,297660.0,297782.436923077,297843.6553846155,61.21846153846156,122.43692307698075,183.65538461547112,否
3517,B6T0000000866,E3,2,3,9,17,浅位,300180.0,300180.0,300196.97846153844,16.978461538461538,0.0,16.97846153844148,否
3516,B6T0000000866,E3,2,3,9,17,深位,300180.0,300196.97846153844,300213.9569230769,16.978461538461538,16.97846153844148,33.95692307688296,否
2974,B6T0000001507,E1,2,3,4,3,浅位,300960.0,300960.0,300969.11384615384,9.113846153846154,0.0,9.113846153835766,否
2976,B6T0000001507,E1,2,3,4,3,深位,300960.0,300969.11384615384,300978.2276923077,9.113846153846154,9.113846153835766,18.227692307671532,否
2975,B6T0000001507,E1,2,4,4,3,浅位,300960.0,300978.2276923077,300987.3415384615,9.113846153846154,18.227692307671532,27.341538461507298,否
1215,B6T0000000577,E3,2,3,9,16,浅位,302040.0,302106.63384615374,302123.2923076922,16.658461538461538,66.63384615373798,83.29230769217247,否
1221,B6T0000000577,E3,2,3,9,16,深位,302040.0,302123.2923076922,302139.9507692306,16.658461538461538,83.29230769217247,99.95076923060697,否
1222,B6T0000000577,E3,2,4,9,16,浅位,302040.0,302139.9507692306,302156.60923076904,16.658461538461538,99.95076923060697,116.60923076904146,否
1217,B6T0000000577,E3,2,4,9,16,深位,302040.0,302156.60923076904,302173.2676923075,16.658461538461538,116.60923076904146,133.26769230747595,否
333,B6T0000000139,E4,2,3,45,1,浅位,302220.0,302220.0,302276.9353846154,56.93538461538464,0.0,56.935384615382645,否
348,B6T0000000139,E4,2,3,45,1,深位,302220.0,302276.9353846154,302333.87076923077,56.93538461538464,56.935384615382645,113.87076923076529,否
347,B6T0000000139,E4,2,4,45,1,浅位,302220.0,302333.87076923077,302390.80615384615,56.93538461538464,113.87076923076529,170.80615384614794,否
330,B6T0000000139,E4,2,4,45,1,深位,302220.0,302390.80615384615,302447.74153846153,56.93538461538464,170.80615384614794,227.74153846153058,否
2953,B6T0000000119,E4,2,4,43,3,深位,303660.0,303660.0,303714.49846153846,54.49846153846156,0.0,54.498461538460106,否
2954,B6T0000000119,E4,2,3,43,9,浅位,303660.0,303714.49846153846,303770.9169230769,56.418461538461564,54.498461538460106,110.91692307690391,否
2955,B6T0000000119,E4,2,3,43,9,深位,303660.0,303770.9169230769,303827.33538461535,56.418461538461564,110.91692307690391,167.33538461534772,否
1167,B6T0000000245,E4,2,3,45,5,浅位,308040.0,308265.42769230774,308323.64307692315,58.21538461538464,225.42769230774138,283.64307692315197,否
1163,B6T0000000245,E4,2,3,45,5,深位,308040.0,308323.64307692315,308381.85846153856,58.21538461538464,283.64307692315197,341.85846153856255,否
1154,B6T0000000245,E4,2,4,45,5,浅位,308040.0,308381.85846153856,308440.073846154,58.21538461538464,341.85846153856255,400.07384615397314,否
1158,B6T0000000245,E4,2,4,45,5,深位,308040.0,308440.073846154,308498.2892307694,58.21538461538464,400.07384615397314,458.2892307693837,否
503,B6T0000001101,E3,2,3,13,6,浅位,309960.0,310597.7846153844,310616.16615384596,18.38153846153846,637.7846153844148,656.1661538459593,否
507,B6T0000001101,E3,2,3,13,6,深位,309960.0,310616.16615384596,310634.5476923075,18.38153846153846,656.1661538459593,674.5476923075039,否
505,B6T0000001101,E3,2,4,13,6,浅位,309960.0,310634.5476923075,310652.92923076905,18.38153846153846,674.5476923075039,692.9292307690484,否
515,B6T0000001101,E3,2,4,13,6,深位,309960.0,310652.92923076905,310671.3107692306,18.38153846153846,692.9292307690484,711.310769230593,否
224,B6T0000000581,E3,2,3,10,8,浅位,311640.0,312211.9999999999,312227.32923076913,15.329230769230769,571.9999999998836,587.3292307691299,否
225,B6T0000000581,E3,2,3,10,8,深位,311640.0,312227.32923076913,312242.6584615384,15.329230769230769,587.3292307691299,602.6584615383763,否
220,B6T0000000581,E3,2,4,10,8,浅位,311640.0,312242.6584615384,312257.9876923076,15.329230769230769,602.6584615383763,617.9876923076226,否
226,B6T0000000581,E3,2,4,10,8,深位,311640.0,312257.9876923076,312273.31692307687,15.329230769230769,617.9876923076226,633.316923076869,否
221,B6T0000000581,E3,2,3,13,11,深位,311640.0,312411.2800000001,312431.2615384616,19.981538461538463,771.2800000000861,791.2615384616074,否
3642,B6T0000001391,E1,2,3,3,54,浅位,312900.0,312900.0,312924.81846153847,24.81846153846154,0.0,24.81846153846709,否
3643,B6T0000001391,E1,2,3,3,54,深位,312900.0,312924.81846153847,312949.63692307693,24.81846153846154,24.81846153846709,49.63692307693418,否
832,B6T0000001220,E3,2,4,9,4,浅位,312960.0,312967.5569230769,312978.81846153847,11.26153846153846,7.556923076917883,18.81846153846709,是
833,B6T0000001220,E3,2,4,9,4,深位,312960.0,312986.3753846154,312997.63692307693,11.26153846153846,26.375384615384974,37.63692307693418,是
3682,B6T0000001349,E1,2,3,3,13,深位,345240.0,345240.0,345251.6984615385,11.698461538461538,0.0,11.698461538471747,否
3683,B6T0000001349,E1,2,4,3,13,浅位,345240.0,345251.6984615385,345263.39692307694,11.698461538461538,11.698461538471747,23.396923076943494,否
2651,B6T0000001682,E1,2,3,7,20,浅位,345720.0,345720.0,345736.4,16.4,0.0,16.400000000023283,否
2650,B6T0000001682,E1,2,3,7,20,深位,345720.0,345736.4,345752.80000000005,16.4,16.400000000023283,32.800000000046566,否
2649,B6T0000001682,E1,2,4,7,20,浅位,345720.0,345752.80000000005,345769.20000000007,16.4,32.800000000046566,49.20000000006985,否
2648,B6T0000001682,E1,2,4,7,20,深位,345720.0,345769.20000000007,345785.6000000001,16.4,49.20000000006985,65.60000000009313,否
2739,B6T0000001280,E3,2,4,11,33,浅位,345720.0,345785.6000000001,345810.1600000001,24.560000000000002,65.60000000009313,90.1600000000908,否
2738,B6T0000001280,E3,2,4,11,33,深位,345720.0,345810.1600000001,345834.7200000001,24.560000000000002,90.1600000000908,114.72000000008848,否
3726,B6T0000001813,E1,2,3,4,3,浅位,345840.0,345840.0,345849.11384615384,9.113846153846154,0.0,9.113846153835766,否
3727,B6T0000001813,E1,2,3,4,3,深位,345840.0,345849.11384615384,345858.2276923077,9.113846153846154,9.113846153835766,18.227692307671532,否
1989,B6T0000000186,E4,2,4,43,9,浅位,346080.0,346080.0,346136.41846153844,56.418461538461564,0.0,56.41846153844381,否
1990,B6T0000000186,E4,2,4,43,9,深位,346080.0,346136.41846153844,346192.8369230769,56.418461538461564,56.41846153844381,112.83692307688762,否
1991,B6T0000000186,E4,2,3,43,13,浅位,346080.0,346192.8369230769,346250.53538461536,57.69846153846156,112.83692307688762,170.53538461535936,否
974,B6T0000001844,E1,2,3,1,6,浅位,346200.0,346250.53538461536,346258.76307692303,8.227692307692308,50.53538461535936,58.763076923030894,否
973,B6T0000001844,E1,2,3,1,6,深位,346200.0,346258.76307692303,346266.9907692307,8.227692307692308,58.763076923030894,66.99076923070243,否
972,B6T0000001844,E1,2,4,1,6,浅位,346200.0,346266.9907692307,346275.2184615384,8.227692307692308,66.99076923070243,75.21846153837396,否
977,B6T0000001844,E1,2,4,1,6,深位,346200.0,346275.2184615384,346283.44615384605,8.227692307692308,75.21846153837396,83.44615384604549,否
752,B6T0000000843,E3,2,3,16,4,浅位,346140.0,346283.44615384605,346304.8799999999,21.43384615384615,143.4461538460455,164.87999999988824,否
1992,B6T0000000186,E4,2,3,43,13,深位,346080.0,346304.8799999999,346362.57846153836,57.69846153846156,224.87999999988824,282.57846153836,否
2208,B6T0000001098,E3,2,3,9,27,浅位,346200.0,346362.57846153836,346382.7569230768,20.178461538461537,162.57846153836,182.7569230768131,否
2209,B6T0000001098,E3,2,3,9,27,深位,346200.0,346382.7569230768,346402.93538461527,20.178461538461537,182.7569230768131,202.93538461526623,否
2210,B6T0000001098,E3,2,4,9,27,浅位,346200.0,346402.93538461527,346423.1138461537,20.178461538461537,202.93538461526623,223.11384615371935,否
1993,B6T0000000186,E4,2,4,43,13,浅位,346080.0,346423.1138461537,346480.8123076922,57.69846153846156,343.11384615371935,400.8123076921911,否
1994,B6T0000000186,E4,2,4,43,13,深位,346080.0,346480.8123076922,346538.51076923066,57.69846153846156,400.8123076921911,458.51076923066285,否
1995,B6T0000000186,E4,2,4,46,2,浅位,346080.0,346538.51076923066,346597.3046153845,58.79384615384618,458.51076923066285,517.3046153844916,否
1996,B6T0000000186,E4,2,4,46,2,深位,346080.0,346597.3046153845,346656.0984615383,58.79384615384618,517.3046153844916,576.0984615383204,否
2453,B6T0000001399,E1,2,3,1,19,浅位,346860.0,346909.5507692308,346921.9384615385,12.387692307692308,49.55076923081651,61.93846153852064,否
3592,B6T0000000056,E4,2,4,43,8,深位,347820.0,347820.0,347876.09846153844,56.098461538461564,0.0,56.09846153843682,否
3593,B6T0000000056,E4,2,3,43,10,浅位,347820.0,347876.09846153844,347932.8369230769,56.738461538461564,56.09846153843682,112.83692307688762,否
3738,B6T0000000137,E4,2,3,46,14,浅位,347880.0,347932.8369230769,347995.47076923074,62.63384615384618,52.836923076887615,115.47076923074201,否
2817,B6T0000000976,E3,2,4,39,5,浅位,348120.0,348120.0,348170.06153846154,50.06153846153848,0.0,50.061538461537566,否
2819,B6T0000000976,E3,2,4,39,5,深位,348120.0,348170.06153846154,348220.1230769231,50.06153846153848,50.061538461537566,100.12307692307513,否
3226,B6T0000001769,E1,2,3,7,35,浅位,348300.0,348300.0,348321.2,21.2,0.0,21.20000000001164,否
3228,B6T0000001769,E1,2,3,7,35,深位,348300.0,348321.2,348342.4,21.2,21.20000000001164,42.40000000002328,否
3227,B6T0000001769,E1,2,4,7,35,浅位,348300.0,348342.4,348363.60000000003,21.2,42.40000000002328,63.600000000034925,否
1738,B6T0000001149,E3,2,4,13,5,浅位,348480.0,348480.0,348498.06153846154,18.06153846153846,0.0,18.061538461537566,否
1743,B6T0000001149,E3,2,4,13,5,深位,348480.0,348498.06153846154,348516.1230769231,18.06153846153846,18.061538461537566,36.12307692307513,否
1742,B6T0000001149,E3,2,3,9,26,浅位,348480.0,348516.1230769231,348535.9815384615,19.858461538461537,36.12307692307513,55.98153846152127,否
1744,B6T0000001149,E3,2,3,9,26,深位,348480.0,348535.9815384615,348555.83999999997,19.858461538461537,55.98153846152127,75.8399999999674,否
1741,B6T0000001149,E3,2,4,9,26,浅位,348480.0,348555.83999999997,348575.6984615384,19.858461538461537,75.8399999999674,95.69846153841354,否
1737,B6T0000001149,E3,2,3,13,14,深位,348480.0,348575.6984615384,348596.63999999996,20.941538461538464,95.69846153841354,116.63999999995576,否
1745,B6T0000001149,E3,2,4,13,14,浅位,348480.0,348596.63999999996,348617.5815384615,20.941538461538464,116.63999999995576,137.58153846149798,否
1746,B6T0000001149,E3,2,4,13,14,深位,348480.0,348617.5815384615,348638.52307692304,20.941538461538464,137.58153846149798,158.5230769230402,否
1739,B6T0000001149,E3,2,4,10,29,深位,348480.0,348638.52307692304,348660.57230769226,22.04923076923077,158.5230769230402,180.57230769225862,否
3661,B6T0000001520,E1,2,4,7,5,深位,357720.0,357720.0,357731.6,11.6,0.0,11.599999999976717,否
3660,B6T0000001520,E1,2,3,4,11,浅位,357720.0,357731.6,357743.2738461538,11.673846153846155,11.599999999976717,23.273846153810155,否
3736,B6T0000001743,E1,2,3,2,10,浅位,366420.0,366420.0,366430.1230769231,10.123076923076923,0.0,10.123076923075132,否
3737,B6T0000001743,E1,2,3,2,10,深位,366420.0,366430.1230769231,366440.24615384615,10.123076923076923,10.123076923075132,20.246153846150264,否
3667,B6T0000001940,E1,2,3,8,52,浅位,369420.0,369420.0,369447.2553846154,27.255384615384614,0.0,27.25538461538963,否
3666,B6T0000001940,E1,2,3,8,52,深位,369420.0,369447.2553846154,369474.5107692308,27.255384615384614,27.25538461538963,54.51076923077926,否
311,B6T0000001196,E3,2,3,14,4,浅位,376560.0,376616.91692307685,376635.8892307691,18.97230769230769,56.916923076845706,75.88923076912761,否
313,B6T0000001196,E3,2,3,14,4,深位,376560.0,376635.8892307691,376654.8615384614,18.97230769230769,75.88923076912761,94.86153846140951,否
312,B6T0000001196,E3,2,4,14,4,浅位,376560.0,376654.8615384614,376673.8338461537,18.97230769230769,94.86153846140951,113.83384615369141,否
918,B6T0000000411,E3,2,3,15,6,深位,378240.0,378258.75076923077,378279.5938461539,20.84307692307692,18.750769230769947,39.59384615387535,否
913,B6T0000000411,E3,2,4,15,6,浅位,378240.0,378279.5938461539,378300.436923077,20.84307692307692,39.59384615387535,60.43692307698075,否
922,B6T0000000411,E3,2,4,15,6,深位,378240.0,378300.436923077,378321.2800000001,20.84307692307692,60.43692307698075,81.28000000008615,否
3720,B6T0000000563,E3,2,4,26,45,浅位,382020.0,382020.0,382066.8615384615,46.861538461538466,0.0,46.861538461525925,否
3721,B6T0000000563,E3,2,4,26,45,深位,382020.0,382066.8615384615,382113.72307692305,46.861538461538466,46.861538461525925,93.72307692305185,否
2113,B6T0000001146,E3,2,3,16,3,浅位,385740.0,385740.0,385761.11384615384,21.113846153846154,0.0,21.113846153835766,否
2114,B6T0000001146,E3,2,3,16,3,深位,385740.0,385761.11384615384,385782.2276923077,21.113846153846154,21.113846153835766,42.22769230767153,否
2115,B6T0000001146,E3,2,4,16,3,浅位,385740.0,385782.2276923077,385803.3415384615,21.113846153846154,42.22769230767153,63.3415384615073,否
2116,B6T0000001146,E3,2,4,16,3,深位,385740.0,385803.3415384615,385824.45538461534,21.113846153846154,63.3415384615073,84.45538461534306,否
2758,B6T0000001843,E1,2,4,5,2,浅位,386040.0,386040.0,386049.4092307692,9.409230769230769,0.0,9.409230769204441,否
2756,B6T0000001843,E1,2,4,5,2,深位,386040.0,386049.4092307692,386058.8184615384,9.409230769230769,9.409230769204441,18.818461538408883,否
2757,B6T0000001843,E1,2,3,8,8,深位,386040.0,386058.8184615384,386071.9938461538,13.175384615384615,18.818461538408883,31.993846153782215,否
2759,B6T0000001843,E1,2,3,6,14,浅位,386040.0,386071.9938461538,386085.8584615384,13.864615384615385,31.993846153782215,45.85846153838793,否
3460,B6T0000000167,E4,2,3,43,3,浅位,395520.0,395520.0,395574.49846153846,54.49846153846156,0.0,54.498461538460106,否
3461,B6T0000000167,E4,2,3,43,3,深位,395520.0,395574.49846153846,395628.9969230769,54.49846153846156,54.498461538460106,108.99692307692021,否
596,B6T0000000247,E4,2,3,45,2,浅位,400380.0,400435.7784615385,400493.0338461539,57.25538461538464,55.778461538488045,113.03384615387768,否
595,B6T0000000247,E4,2,3,45,2,深位,400380.0,400493.0338461539,400550.28923076927,57.25538461538464,113.03384615387768,170.2892307692673,否
3145,B6T0000001777,E1,2,3,2,9,浅位,402420.0,402420.0,402429.80307692307,9.803076923076922,0.0,9.803076923068147,否
3146,B6T0000001777,E1,2,3,2,9,深位,402420.0,402429.80307692307,402439.60615384614,9.803076923076922,9.803076923068147,19.606153846136294,否
3147,B6T0000001777,E1,2,4,2,9,浅位,402420.0,402439.60615384614,402449.4092307692,9.803076923076922,19.606153846136294,29.40923076920444,否
6,B6T0000001209,E3,2,3,9,3,浅位,402180.0,402516.58461538475,402529.0830769232,12.498461538461537,336.5846153847524,349.0830769232125,否
5,B6T0000001209,E3,2,3,9,3,深位,402180.0,402529.0830769232,402541.5815384617,12.498461538461537,349.0830769232125,361.5815384616726,否
4,B6T0000001209,E3,2,3,10,1,浅位,402180.0,402541.5815384617,402554.6707692309,13.08923076923077,361.5815384616726,374.6707692309283,否
2,B6T0000001209,E3,2,3,10,1,深位,402180.0,402554.6707692309,402567.7600000002,13.08923076923077,374.6707692309283,387.76000000018394,否
11,B6T0000001209,E3,2,4,10,1,浅位,402180.0,402567.7600000002,402580.84923076944,13.08923076923077,387.76000000018394,400.8492307694396,否
9,B6T0000001209,E3,2,4,10,1,深位,402180.0,402580.84923076944,402593.9384615387,13.08923076923077,400.8492307694396,413.93846153869526,否
3681,B6T0000000285,E4,2,3,43,10,深位,402600.0,402600.0,402656.73846153845,56.738461538461564,0.0,56.73846153845079,否
3680,B6T0000000285,E4,2,4,43,10,浅位,402600.0,402656.73846153845,402713.4769230769,56.738461538461564,56.73846153845079,113.47692307690158,否
2598,B6T0000000683,E3,2,4,10,8,深位,431640.0,431640.0,431655.32923076925,15.329230769230769,0.0,15.329230769246351,否
2595,B6T0000000683,E3,2,3,13,6,深位,431640.0,431655.32923076925,431673.7107692308,18.38153846153846,15.329230769246351,33.7107692307909,否
2596,B6T0000000683,E3,2,4,13,6,浅位,431640.0,431673.7107692308,431692.09230769234,18.38153846153846,33.7107692307909,52.09230769233545,否
2597,B6T0000000683,E3,2,4,13,6,深位,431640.0,431692.09230769234,431710.4738461539,18.38153846153846,52.09230769233545,70.47384615388,否
2599,B6T0000000683,E3,2,3,13,11,深位,431640.0,431710.4738461539,431730.4553846154,19.981538461538463,70.47384615388,90.45538461540127,否
1798,B6T0000001271,E3,2,3,9,22,浅位,431820.0,431923.7907692308,431942.3692307693,18.57846153846154,103.7907692308072,122.3692307692836,否
1797,B6T0000001271,E3,2,3,9,22,深位,431820.0,431942.3692307693,431960.94769230776,18.57846153846154,122.3692307692836,140.94769230776,否
1803,B6T0000001271,E3,2,4,9,22,浅位,431820.0,431960.94769230776,431979.52615384624,18.57846153846154,140.94769230776,159.5261538462364,否
1804,B6T0000001271,E3,2,4,9,22,深位,431820.0,431979.52615384624,431998.1046153847,18.57846153846154,159.5261538462364,178.10461538471282,否
3486,B6T0000001445,E1,2,3,8,2,深位,432480.0,432480.0,432491.2553846154,11.255384615384614,0.0,11.25538461538963,否
3487,B6T0000001445,E1,2,4,2,14,深位,432480.0,432491.2553846154,432502.6584615385,11.403076923076924,11.25538461538963,22.658461538492702,否
392,B6T0000000471,E3,2,4,17,1,深位,433020.0,433020.0,433041.70461538463,21.704615384615384,0.0,21.704615384631325,否
3654,B6T0000000616,E3,2,3,14,4,浅位,433800.0,433800.0,433818.9723076923,18.97230769230769,0.0,18.972307692281902,否
3655,B6T0000000616,E3,2,3,14,4,深位,433800.0,433818.9723076923,433837.94461538456,18.97230769230769,18.972307692281902,37.944615384563804,否
627,B6T0000000469,E3,2,4,9,11,浅位,433980.0,433980.0,433995.05846153846,15.058461538461538,0.0,15.058461538457777,否
628,B6T0000000469,E3,2,4,9,11,深位,433980.0,433995.05846153846,434010.1169230769,15.058461538461538,15.058461538457777,30.116923076915555,否
937,B6T0000000508,E3,2,3,19,2,浅位,434460.0,434460.0,434484.48615384614,24.486153846153847,0.0,24.48615384614095,否
946,B6T0000000508,E3,2,3,19,2,深位,434460.0,434484.48615384614,434508.9723076923,24.486153846153847,24.48615384614095,48.9723076922819,否
945,B6T0000000508,E3,2,4,19,2,浅位,434460.0,434508.9723076923,434533.4584615384,24.486153846153847,48.9723076922819,73.45846153842285,否
944,B6T0000000508,E3,2,4,19,2,深位,434460.0,434533.4584615384,434557.94461538456,24.486153846153847,73.45846153842285,97.9446153845638,否
2425,B6T0000000890,E3,2,3,9,30,浅位,434940.0,434940.0,434961.1384615385,21.138461538461538,0.0,21.138461538474075,否
2426,B6T0000000890,E3,2,3,9,30,深位,434940.0,434961.1384615385,434982.27692307695,21.138461538461538,21.138461538474075,42.27692307694815,否
2428,B6T0000000890,E3,2,4,9,30,浅位,434940.0,434982.27692307695,435003.4153846154,21.138461538461538,42.27692307694815,63.41538461542223,否
2429,B6T0000000890,E3,2,4,9,30,深位,434940.0,435003.4153846154,435024.5538461539,21.138461538461538,63.41538461542223,84.5538461538963,否
92,B6T0000000261,E4,2,3,43,2,浅位,435240.0,435348.3569230769,435402.53538461536,54.17846153846156,108.35692307690624,162.53538461535936,否
84,B6T0000000261,E4,2,3,43,2,深位,435240.0,435402.53538461536,435456.7138461538,54.17846153846156,162.53538461535936,216.71384615381248,否
93,B6T0000000261,E4,2,4,43,2,浅位,435240.0,435456.7138461538,435510.89230769227,54.17846153846156,216.71384615381248,270.8923076922656,否
85,B6T0000000261,E4,2,4,43,2,深位,435240.0,435510.89230769227,435565.0707692307,54.17846153846156,270.8923076922656,325.0707692307187,否
1173,B6T0000001838,E1,2,3,8,3,浅位,437520.0,437565.6615384616,437577.23692307697,11.575384615384614,45.66153846157249,57.236923076969106,否
1172,B6T0000001838,E1,2,3,8,3,深位,437520.0,437577.23692307697,437588.81230769237,11.575384615384614,57.236923076969106,68.81230769236572,否
1171,B6T0000001838,E1,2,4,8,3,浅位,437520.0,437588.81230769237,437600.38769230776,11.575384615384614,68.81230769236572,80.38769230776234,否
1170,B6T0000001838,E1,2,4,8,3,深位,437520.0,437600.38769230776,437611.96307692316,11.575384615384614,80.38769230776234,91.96307692315895,否
1266,B6T0000000615,E3,2,3,20,5,浅位,443820.0,444007.1999999999,444033.8769230768,26.67692307692308,187.19999999989523,213.87692307680845,否
1267,B6T0000000615,E3,2,3,20,5,深位,443820.0,444033.8769230768,444060.5538461537,26.67692307692308,213.87692307680845,240.55384615372168,否
1273,B6T0000000615,E3,2,4,20,5,浅位,443820.0,444060.5538461537,444087.23076923063,26.67692307692308,240.55384615372168,267.2307692306349,否
1272,B6T0000000615,E3,2,4,20,5,深位,443820.0,444087.23076923063,444113.90769230755,26.67692307692308,267.2307692306349,293.90769230754813,否
1104,B6T0000001301,E3,2,3,9,15,浅位,443880.0,444160.12307692313,444176.4615384616,16.338461538461537,280.12307692313334,296.46153846161906,否
1109,B6T0000001301,E3,2,3,9,15,深位,443880.0,444176.4615384616,444192.8000000001,16.338461538461537,296.46153846161906,312.8000000001048,否
1102,B6T0000001301,E3,2,4,9,15,浅位,443880.0,444192.8000000001,444209.1384615386,16.338461538461537,312.8000000001048,329.1384615385905,否
1117,B6T0000001301,E3,2,4,9,15,深位,443880.0,444209.1384615386,444225.4769230771,16.338461538461537,329.1384615385905,345.4769230770762,否
1121,B6T0000001955,E1,2,4,4,5,浅位,447420.0,447481.6153846155,447520.1907692309,38.57538461538463,61.615384615492076,100.19076923088869,是
1125,B6T0000001955,E1,2,4,4,5,深位,447420.0,447558.85846153856,447597.52615384624,38.66769230769233,138.85846153856255,177.5261538462364,是
1593,B6T0000001157,E3,2,3,9,20,浅位,447840.0,447993.0246153849,448031.72307692334,38.69846153846156,153.02461538487114,191.7230769233429,是
1592,B6T0000001157,E3,2,3,9,20,深位,447840.0,448070.4215384618,448109.1200000003,38.69846153846156,230.42153846181463,269.1200000002864,是
1591,B6T0000001157,E3,2,4,9,20,浅位,447840.0,448147.8492307695,448186.5784615387,38.72923076923078,307.8492307694978,346.57846153870923,是
1590,B6T0000001157,E3,2,4,9,20,深位,447840.0,448225.307692308,448264.0369230772,38.72923076923078,385.30769230797887,424.0369230771903,是
1597,B6T0000001157,E3,2,3,26,2,浅位,447840.0,448302.76615384646,448341.4953846157,38.72923076923078,462.76615384645993,501.49538461567136,是
1598,B6T0000001157,E3,2,3,26,2,深位,447840.0,448380.22461538494,448418.95384615415,38.72923076923078,540.224615384941,578.9538461541524,是
1599,B6T0000001157,E3,2,4,26,2,浅位,447840.0,448457.7815384619,448496.6092307696,38.827692307692324,617.7815384619171,656.6092307696235,是
1323,B6T0000001360,E1,2,4,2,7,浅位,454620.0,454620.0,454629.16307692305,9.163076923076924,0.0,9.163076923054177,否
1324,B6T0000001360,E1,2,4,2,7,深位,454620.0,454629.16307692305,454638.3261538461,9.163076923076924,9.163076923054177,18.326153846108355,否
1622,B6T0000001671,E1,2,3,6,6,浅位,456420.0,456506.7938461539,456518.0984615385,11.304615384615385,86.79384615388699,98.09846153849503,否
1631,B6T0000001671,E1,2,3,6,6,深位,456420.0,456518.0984615385,456529.4030769231,11.304615384615385,98.09846153849503,109.40307692310307,否
1624,B6T0000001671,E1,2,4,6,6,浅位,456420.0,456529.4030769231,456540.7076923077,11.304615384615385,109.40307692310307,120.70769230771111,否
1849,B6T0000000219,E4,2,3,43,1,浅位,460560.0,460560.0,460613.85846153845,53.85846153846156,0.0,53.858461538446136,否
1848,B6T0000000219,E4,2,3,43,1,深位,460560.0,460613.85846153845,460667.7169230769,53.85846153846156,53.858461538446136,107.71692307689227,否
1847,B6T0000000219,E4,2,4,43,1,浅位,460560.0,460667.7169230769,460721.57538461534,53.85846153846156,107.71692307689227,161.5753846153384,否
1846,B6T0000000219,E4,2,4,43,1,深位,460560.0,460721.57538461534,460775.4338461538,53.85846153846156,161.5753846153384,215.43384615378454,否
1843,B6T0000000219,E4,2,3,45,9,浅位,460560.0,461013.4153846153,461072.9107692307,59.495384615384644,453.4153846153058,512.9107692306861,否
1207,B6T0000001639,E1,2,3,3,6,浅位,463080.0,463117.8338461539,463127.2923076924,9.458461538461538,37.83384615392424,47.2923076924053,否
1206,B6T0000001639,E1,2,3,3,6,深位,463080.0,463127.2923076924,463136.7507692309,9.458461538461538,47.2923076924053,56.75076923088636,否
1194,B6T0000001639,E1,2,4,3,6,浅位,463080.0,463136.7507692309,463146.20923076937,9.458461538461538,56.75076923088636,66.20923076936742,否
1196,B6T0000001639,E1,2,4,3,6,深位,463080.0,463146.20923076937,463155.66769230785,9.458461538461538,66.20923076936742,75.66769230784848,否
539,B6T0000001197,E3,2,3,15,4,浅位,466860.0,466920.6092307693,466940.81230769237,20.20307692307692,60.60923076927429,80.81230769236572,否
543,B6T0000001197,E3,2,3,15,4,深位,466860.0,466940.81230769237,466961.01538461546,20.20307692307692,80.81230769236572,101.01538461545715,否
537,B6T0000001197,E3,2,4,15,4,浅位,466860.0,466961.01538461546,466981.21846153855,20.20307692307692,101.01538461545715,121.21846153854858,否
538,B6T0000001197,E3,2,4,15,4,深位,466860.0,466981.21846153855,467001.42153846164,20.20307692307692,121.21846153854858,141.42153846164,否
3734,B6T0000001426,E1,2,4,4,11,浅位,468300.0,468300.0,468311.67384615383,11.673846153846155,0.0,11.673846153833438,否
3735,B6T0000001426,E1,2,4,4,11,深位,468300.0,468311.67384615383,468323.34769230767,11.673846153846155,11.673846153833438,23.347692307666875,否
2303,B6T0000001178,E3,2,3,9,28,浅位,470880.0,470998.39384615363,471018.8923076921,20.498461538461537,118.39384615363088,138.89230769209098,否
2302,B6T0000001178,E3,2,3,9,28,深位,470880.0,471018.8923076921,471039.39076923055,20.498461538461537,138.89230769209098,159.3907692305511,否
1433,B6T0000000745,E3,2,3,15,12,浅位,470700.0,471066.6830769229,471089.446153846,22.76307692307692,366.6830769228982,389.4461538459873,否
3585,B6T0000000883,E3,2,3,9,58,浅位,472980.0,472980.0,473010.09846153844,30.09846153846154,0.0,30.098461538436823,否
3584,B6T0000000883,E3,2,3,9,58,深位,472980.0,473010.09846153844,473040.1969230769,30.09846153846154,30.098461538436823,60.196923076873645,否
1902,B6T0000001740,E1,2,3,4,10,浅位,480000.0,480000.0,480011.3538461538,11.353846153846154,0.0,11.353846153826453,否
1901,B6T0000001740,E1,2,3,4,10,深位,480000.0,480011.3538461538,480022.70769230765,11.353846153846154,11.353846153826453,22.707692307652906,否
1903,B6T0000001740,E1,2,4,4,10,浅位,480000.0,480022.70769230765,480034.0615384615,11.353846153846154,22.707692307652906,34.06153846147936,否
1907,B6T0000001740,E1,2,4,4,10,深位,480000.0,480034.0615384615,480045.4153846153,11.353846153846154,34.06153846147936,45.41538461530581,否
1763,B6T0000001236,E3,2,4,9,26,浅位,482580.0,482580.0,482599.85846153845,19.858461538461537,0.0,19.858461538446136,否
1762,B6T0000001236,E3,2,3,9,27,浅位,482580.0,482599.85846153845,482620.0369230769,20.178461538461537,19.858461538446136,40.03692307689926,否
1757,B6T0000001236,E3,2,3,9,27,深位,482580.0,482620.0369230769,482640.21538461535,20.178461538461537,40.03692307689926,60.21538461535238,否
1758,B6T0000001236,E3,2,4,9,27,浅位,482580.0,482640.21538461535,482660.3938461538,20.178461538461537,60.21538461535238,80.3938461538055,否
1759,B6T0000001236,E3,2,3,13,14,深位,482580.0,482660.3938461538,482681.33538461535,20.941538461538464,80.3938461538055,101.33538461534772,否
1760,B6T0000001236,E3,2,4,13,14,浅位,482580.0,482681.33538461535,482702.2769230769,20.941538461538464,101.33538461534772,122.27692307688994,否
1761,B6T0000001236,E3,2,4,13,14,深位,482580.0,482702.2769230769,482723.21846153843,20.941538461538464,122.27692307688994,143.21846153843217,否
1765,B6T0000001236,E3,2,3,16,4,浅位,482580.0,482723.21846153843,482744.6523076923,21.43384615384615,143.21846153843217,164.65230769227492,否
1764,B6T0000001236,E3,2,4,10,29,深位,482580.0,482744.6523076923,482766.7015384615,22.04923076923077,164.65230769227492,186.70153846149333,否
1766,B6T0000001236,E3,2,4,11,33,浅位,482580.0,482766.7015384615,482791.2615384615,24.560000000000002,186.70153846149333,211.261538461491,否
3231,B6T0000000963,E3,2,3,16,38,浅位,482940.0,483004.6276923077,483036.94153846154,32.31384615384615,64.62769230769482,96.94153846154222,否
3184,B6T0000001919,E1,2,3,4,7,深位,485460.0,485460.0,485470.39384615386,10.393846153846155,0.0,10.393846153863706,否
3185,B6T0000001919,E1,2,4,4,7,浅位,485460.0,485470.39384615386,485480.7876923077,10.393846153846155,10.393846153863706,20.78769230772741,否
3186,B6T0000001919,E1,2,4,4,7,深位,485460.0,485480.7876923077,485491.1815384616,10.393846153846155,20.78769230772741,31.181538461591117,否
961,B6T0000000445,E3,2,3,13,9,浅位,485940.0,485940.0,485959.34153846157,19.341538461538462,0.0,19.341538461565506,否
959,B6T0000000445,E3,2,3,13,9,深位,485940.0,485959.34153846157,485978.68307692313,19.341538461538462,19.341538461565506,38.68307692313101,否
960,B6T0000000445,E3,2,4,13,9,浅位,485940.0,485978.68307692313,485998.0246153847,19.341538461538462,38.68307692313101,58.02461538469652,否
1699,B6T0000001342,E1,2,3,4,8,浅位,486000.0,486000.0,486010.71384615387,10.713846153846154,0.0,10.71384615387069,否
1700,B6T0000001342,E1,2,3,4,8,深位,486000.0,486010.71384615387,486021.42769230774,10.713846153846154,10.71384615387069,21.42769230774138,否
1702,B6T0000001342,E1,2,4,4,8,浅位,486000.0,486021.42769230774,486032.1415384616,10.713846153846154,21.42769230774138,32.14153846161207,否
1703,B6T0000001342,E1,2,4,4,8,深位,486000.0,486032.1415384616,486042.8553846155,10.713846153846154,32.14153846161207,42.85538461548276,否
2483,B6T0000000267,E4,2,3,43,3,浅位,486360.0,486360.0,486414.49846153846,54.49846153846156,0.0,54.498461538460106,否
2484,B6T0000000267,E4,2,3,43,3,深位,486360.0,486414.49846153846,486468.9969230769,54.49846153846156,54.498461538460106,108.99692307692021,否
2481,B6T0000000267,E4,2,4,43,8,深位,486360.0,486468.9969230769,486525.09538461536,56.098461538461564,108.99692307692021,165.09538461535703,否
2480,B6T0000000267,E4,2,4,43,9,浅位,486360.0,486525.09538461536,486581.5138461538,56.418461538461564,165.09538461535703,221.51384615380084,否
2482,B6T0000000267,E4,2,4,43,9,深位,486360.0,486581.5138461538,486637.93230769224,56.418461538461564,221.51384615380084,277.93230769224465,否
3664,B6T0000001714,E1,2,4,1,10,深位,487440.0,487440.0,487449.5076923077,9.507692307692308,0.0,9.507692307699472,否
3665,B6T0000001714,E1,2,3,6,7,浅位,487440.0,487449.5076923077,487461.1323076923,11.624615384615385,9.507692307699472,21.132307692314498,否
2082,B6T0000001673,E1,2,3,6,10,浅位,487860.0,487860.0,487872.58461538464,12.584615384615384,0.0,12.584615384635981,否
2078,B6T0000001673,E1,2,3,6,10,深位,487860.0,487872.58461538464,487885.1692307693,12.584615384615384,12.584615384635981,25.169230769271962,否
2081,B6T0000001673,E1,2,4,6,10,浅位,487860.0,487885.1692307693,487897.7538461539,12.584615384615384,25.169230769271962,37.75384615390794,否
2083,B6T0000001673,E1,2,4,6,10,深位,487860.0,487897.7538461539,487910.33846153854,12.584615384615384,37.75384615390794,50.338461538543925,否
2219,B6T0000000393,E3,2,4,11,9,浅位,488580.0,488580.0,488596.88,16.88,0.0,16.880000000004657,否
2223,B6T0000000393,E3,2,4,11,9,深位,488580.0,488596.88,488613.76,16.88,16.880000000004657,33.76000000000931,否
2220,B6T0000000393,E3,2,3,15,1,浅位,488580.0,488613.76,488633.0030769231,19.24307692307692,33.76000000000931,53.00307692307979,否
2221,B6T0000000393,E3,2,3,15,1,深位,488580.0,488633.0030769231,488652.24615384615,19.24307692307692,53.00307692307979,72.24615384615026,否
2222,B6T0000000393,E3,2,4,15,1,浅位,488580.0,488652.24615384615,488671.4892307692,19.24307692307692,72.24615384615026,91.48923076922074,否
2218,B6T0000000393,E3,2,4,15,1,深位,488580.0,488671.4892307692,488690.7323076923,19.24307692307692,91.48923076922074,110.73230769229122,否
3342,B6T0000000416,E3,2,4,9,4,浅位,518040.0,518040.0,518052.81846153847,12.818461538461538,0.0,12.81846153846709,否
3343,B6T0000000416,E3,2,4,9,4,深位,518040.0,518052.81846153847,518065.63692307693,12.818461538461538,12.81846153846709,25.63692307693418,否
1863,B6T0000000725,E3,2,4,14,4,浅位,518520.0,518520.0,518538.9723076923,18.97230769230769,0.0,18.972307692281902,否
1861,B6T0000000725,E3,2,3,15,6,深位,518520.0,518538.9723076923,518559.8153846154,20.84307692307692,18.972307692281902,39.8153846153873,否
1860,B6T0000000725,E3,2,4,15,6,浅位,518520.0,518559.8153846154,518580.6584615385,20.84307692307692,39.8153846153873,60.6584615384927,否
1865,B6T0000000725,E3,2,4,15,6,深位,518520.0,518580.6584615385,518601.5015384616,20.84307692307692,60.6584615384927,81.5015384615981,否
1867,B6T0000000725,E3,2,3,13,19,浅位,518520.0,518601.5015384616,518624.0430769231,22.54153846153846,81.5015384615981,104.04307692311704,否
1868,B6T0000000725,E3,2,3,13,19,深位,518520.0,518624.0430769231,518646.58461538464,22.54153846153846,104.04307692311704,126.58461538463598,否
3069,B6T0000000455,E3,2,4,9,10,浅位,518640.0,518646.58461538464,518661.3230769231,14.738461538461538,6.584615384635981,21.323076923086774,否
3068,B6T0000000455,E3,2,4,9,10,深位,518640.0,518661.3230769231,518676.06153846154,14.738461538461538,21.323076923086774,36.061538461537566,否
1862,B6T0000000725,E3,2,4,13,19,浅位,518520.0,518676.06153846154,518698.60307692306,22.54153846153846,156.06153846153757,178.6030769230565,否
1864,B6T0000000725,E3,2,4,13,19,深位,518520.0,518698.60307692306,518721.1446153846,22.54153846153846,178.6030769230565,201.14461538457545,否
3067,B6T0000000455,E3,2,4,12,64,深位,518640.0,518721.1446153846,518756.85538461537,35.71076923076923,81.14461538457545,116.85538461536635,否
1280,B6T0000001854,E1,2,3,2,7,浅位,519120.0,519156.6523076922,519165.81538461527,9.163076923076924,36.65230769221671,45.81538461527089,否
3280,B6T0000001055,E3,2,3,9,4,浅位,519600.0,519600.0,519612.81846153847,12.818461538461538,0.0,12.81846153846709,否
3281,B6T0000001055,E3,2,3,9,4,深位,519600.0,519612.81846153847,519625.63692307693,12.818461538461538,12.81846153846709,25.63692307693418,否
3408,B6T0000001276,E3,2,3,9,10,浅位,519900.0,519900.0,519914.73846153845,14.738461538461538,0.0,14.738461538450792,否
3409,B6T0000001276,E3,2,3,9,10,深位,519900.0,519914.73846153845,519929.4769230769,14.738461538461538,14.738461538450792,29.476923076901585,否
845,B6T0000001220,E3,2,3,10,11,浅位,520980.0,521122.04923076916,521138.33846153837,16.28923076923077,142.0492307691602,158.3384615383693,否
849,B6T0000001220,E3,2,3,10,11,深位,520980.0,521138.33846153837,521154.6276923076,16.28923076923077,158.3384615383693,174.6276923075784,否
601,B6T0000000247,E4,2,4,45,2,浅位,521520.0,521520.0,521577.2553846154,57.25538461538464,0.0,57.25538461538963,否
619,B6T0000000247,E4,2,4,45,2,深位,521520.0,521577.2553846154,521634.5107692308,57.25538461538464,57.25538461538963,114.51076923077926,否
3149,B6T0000001988,E1,2,3,5,12,浅位,524340.0,524340.0,524352.6092307692,12.60923076923077,0.0,12.609230769216083,否
3150,B6T0000001988,E1,2,3,4,28,浅位,524340.0,524352.6092307692,524369.723076923,17.113846153846154,12.609230769216083,29.72307692305185,否
3148,B6T0000001988,E1,2,3,1,35,浅位,524340.0,524369.723076923,524387.2307692308,17.50769230769231,29.72307692305185,47.23076923075132,否
3421,B6T0000000131,E4,2,3,45,2,深位,530400.0,530400.0,530457.2553846154,57.25538461538464,0.0,57.25538461538963,否
3420,B6T0000000131,E4,2,3,43,13,浅位,530400.0,530457.2553846154,530514.9538461538,57.69846153846156,57.25538461538963,114.95384615380317,否
1932,B6T0000001140,E3,2,3,10,23,浅位,532200.0,532328.0800000001,532348.2092307693,20.12923076923077,128.0800000000745,148.20923076930922,否
2092,B6T0000000116,E4,2,3,45,11,浅位,548100.0,548215.1507692307,548275.2861538461,60.135384615384645,115.15076923067681,175.2861538460711,否
2093,B6T0000000116,E4,2,3,45,11,深位,548100.0,548275.2861538461,548335.4215384615,60.135384615384645,175.2861538460711,235.4215384614654,否
2094,B6T0000000116,E4,2,4,45,11,浅位,548100.0,548335.4215384615,548395.5569230769,60.135384615384645,235.4215384614654,295.5569230768597,否
2095,B6T0000000116,E4,2,4,45,11,深位,548100.0,548395.5569230769,548455.6923076923,60.135384615384645,295.5569230768597,355.69230769225396,否
3183,B6T0000001557,E1,2,3,4,1,深位,549900.0,549900.0,549908.4738461538,8.473846153846154,0.0,8.473846153821796,否
3181,B6T0000001557,E1,2,3,2,7,深位,549900.0,549908.4738461538,549917.6369230769,9.163076923076924,8.473846153821796,17.63692307693418,否
3182,B6T0000001557,E1,2,3,5,2,深位,549900.0,549917.6369230769,549927.0461538462,9.409230769230769,17.63692307693418,27.04615384619683,否
3178,B6T0000001534,E1,2,4,2,10,浅位,554280.0,554280.0,554290.1230769231,10.123076923076923,0.0,10.123076923075132,否
3179,B6T0000001534,E1,2,4,2,10,深位,554280.0,554290.1230769231,554300.2461538462,10.123076923076923,10.123076923075132,20.246153846150264,否
3180,B6T0000001534,E1,2,3,4,7,浅位,554280.0,554300.2461538462,554310.64,10.393846153846155,20.246153846150264,30.64000000001397,否
1082,B6T0000000178,E4,2,3,47,2,浅位,558720.0,559296.0,559356.3323076923,60.33230769230772,576.0,636.3323076922679,否
1081,B6T0000000178,E4,2,3,47,2,深位,558720.0,559356.3323076923,559416.6646153845,60.33230769230772,636.3323076922679,696.6646153845359,否
1074,B6T0000000178,E4,2,4,47,2,浅位,558720.0,559416.6646153845,559476.9969230768,60.33230769230772,696.6646153845359,756.9969230768038,否
1079,B6T0000000178,E4,2,4,47,2,深位,558720.0,559476.9969230768,559537.3292307691,60.33230769230772,756.9969230768038,817.3292307690717,否
2930,B6T0000001312,E3,2,3,13,20,浅位,559500.0,559537.3292307691,559560.1907692306,22.861538461538462,37.32923076907173,60.19076923059765,否
2929,B6T0000001312,E3,2,3,13,20,深位,559500.0,559560.1907692306,559583.0523076921,22.861538461538462,60.19076923059765,83.05230769212358,否
2931,B6T0000001312,E3,2,4,13,20,浅位,559500.0,559583.0523076921,559605.9138461536,22.861538461538462,83.05230769212358,105.9138461536495,否
3457,B6T0000000234,E4,2,3,45,3,浅位,560220.0,560220.0,560277.5753846153,57.57538461538464,0.0,57.57538461533841,否
3456,B6T0000000234,E4,2,3,45,3,深位,560220.0,560277.5753846153,560335.1507692307,57.57538461538464,57.57538461533841,115.15076923067681,否
2242,B6T0000000094,E4,2,4,43,22,浅位,560100.0,560335.1507692307,560395.7292307691,60.57846153846156,235.15076923067681,295.729230769095,否
2243,B6T0000000094,E4,2,4,43,22,深位,560100.0,560395.7292307691,560456.3076923075,60.57846153846156,295.729230769095,356.3076923075132,否
3249,B6T0000000223,E4,2,4,45,1,深位,564480.0,564480.0,564536.9353846154,56.93538461538464,0.0,56.93538461544085,否
3248,B6T0000000223,E4,2,4,45,3,浅位,564480.0,564536.9353846154,564594.5107692308,57.57538461538464,56.93538461544085,114.51076923077926,否
3489,B6T0000001536,E1,2,3,6,4,深位,565800.0,565800.0,565810.6646153847,10.664615384615384,0.0,10.66461538465228,否
3488,B6T0000001536,E1,2,3,8,1,深位,565800.0,565810.6646153847,565821.6000000001,10.935384615384615,10.66461538465228,21.600000000093132,否
3706,B6T0000001047,E3,3,5,41,29,浅位,480.0,480.0,540.203076923077,60.20307692307694,0.0,60.20307692307699,否
3707,B6T0000001047,E3,3,5,41,29,深位,480.0,540.203076923077,600.406153846154,60.20307692307694,60.20307692307699,120.40615384615398,否
2227,B6T0000001241,E3,3,5,13,23,浅位,9240.0,9287.643076923076,9311.464615384613,23.821538461538463,47.64307692307557,71.46461538461335,否
2226,B6T0000001241,E3,3,5,13,23,深位,9240.0,9311.464615384613,9335.286153846151,23.821538461538463,71.46461538461335,95.28615384615114,否
2225,B6T0000001241,E3,3,6,13,23,浅位,9240.0,9335.286153846151,9359.107692307689,23.821538461538463,95.28615384615114,119.10769230768892,否
2224,B6T0000001241,E3,3,6,13,23,深位,9240.0,9359.107692307689,9382.929230769227,23.821538461538463,119.10769230768892,142.9292307692267,否
2849,B6T0000000939,E3,3,5,11,35,浅位,17580.0,17630.4,17655.600000000002,25.2,50.400000000001455,75.60000000000218,否
2848,B6T0000000939,E3,3,5,11,35,深位,17580.0,17655.600000000002,17680.800000000003,25.2,75.60000000000218,100.80000000000291,否
1515,B6T0000000118,E4,3,5,43,10,浅位,17760.0,18213.907692307694,18270.646153846155,56.738461538461564,453.90769230769365,510.64615384615536,否
1516,B6T0000000118,E4,3,5,43,10,深位,17760.0,18270.646153846155,18327.384615384617,56.738461538461564,510.64615384615536,567.3846153846171,否
1517,B6T0000000118,E4,3,6,43,10,浅位,17760.0,18327.384615384617,18384.12307692308,56.738461538461564,567.3846153846171,624.1230769230788,否
1508,B6T0000000118,E4,3,6,43,10,深位,17760.0,18384.12307692308,18440.86153846154,56.738461538461564,624.1230769230788,680.8615384615405,否
2375,B6T0000001791,E1,3,5,6,14,浅位,18480.0,18535.458461538467,18549.323076923083,13.864615384615385,55.45846153846651,69.32307692308314,否
2374,B6T0000001791,E1,3,5,6,14,深位,18480.0,18549.323076923083,18563.1876923077,13.864615384615385,69.32307692308314,83.18769230769976,否
718,B6T0000000313,E4,3,5,45,3,浅位,19560.0,20246.030769230783,20303.60615384617,57.57538461538464,686.0307692307833,743.606153846169,否
719,B6T0000000313,E4,3,5,45,3,深位,19560.0,20303.60615384617,20361.181538461555,57.57538461538464,743.606153846169,801.1815384615547,否
1973,B6T0000001165,E3,3,5,18,15,浅位,20280.0,20361.181538461555,20388.59692307694,27.415384615384617,81.18153846155474,108.59692307694058,否
1979,B6T0000001165,E3,3,5,18,15,深位,20280.0,20388.59692307694,20416.012307692326,27.415384615384617,108.59692307694058,136.01230769232643,否
1980,B6T0000001165,E3,3,6,18,15,浅位,20280.0,20416.012307692326,20443.427692307712,27.415384615384617,136.01230769232643,163.42769230771228,否
1978,B6T0000001165,E3,3,6,18,15,深位,20280.0,20443.427692307712,20470.843076923098,27.415384615384617,163.42769230771228,190.84307692309812,否
720,B6T0000000313,E4,3,6,45,3,浅位,19560.0,20470.843076923098,20528.418461538484,57.57538461538464,910.8430769230981,968.4184615384838,否
721,B6T0000000313,E4,3,6,45,3,深位,19560.0,20528.418461538484,20585.99384615387,57.57538461538464,968.4184615384838,1025.9938461538695,否
2789,B6T0000001578,E1,3,5,1,26,浅位,26100.0,26129.255384615382,26143.883076923074,14.627692307692309,29.255384615382354,43.88307692307353,否
2790,B6T0000001578,E1,3,5,1,26,深位,26100.0,26143.883076923074,26158.510769230765,14.627692307692309,43.88307692307353,58.51076923076471,否
2056,B6T0000001476,E1,3,5,4,11,浅位,26280.0,26326.695384615377,26338.36923076922,11.673846153846155,46.69538461537741,58.36923076922176,否
2051,B6T0000001476,E1,3,5,4,11,深位,26280.0,26338.36923076922,26350.043076923066,11.673846153846155,58.36923076922176,70.04307692306611,否
2050,B6T0000001476,E1,3,6,4,11,浅位,26280.0,26350.043076923066,26361.71692307691,11.673846153846155,70.04307692306611,81.71692307691046,否
729,B6T0000000140,E4,3,5,46,2,浅位,25680.0,26952.17230769233,27010.966153846177,58.79384615384618,1272.17230769233,1330.966153846177,否
1561,B6T0000001735,E1,3,5,7,5,浅位,30420.0,30420.0,30431.6,11.6,0.0,11.599999999998545,否
1559,B6T0000001735,E1,3,5,7,5,深位,30420.0,30431.6,30443.199999999997,11.6,11.599999999998545,23.19999999999709,否
1558,B6T0000001735,E1,3,6,7,5,浅位,30420.0,30443.199999999997,30454.799999999996,11.6,23.19999999999709,34.799999999995634,否
1557,B6T0000001735,E1,3,6,7,5,深位,30420.0,30454.799999999996,30466.399999999994,11.6,34.799999999995634,46.39999999999418,否
1726,B6T0000001672,E1,3,6,6,7,浅位,35040.0,35040.0,35051.624615384615,11.624615384615385,0.0,11.624615384615026,否
1725,B6T0000001672,E1,3,6,6,7,深位,35040.0,35051.624615384615,35063.24923076923,11.624615384615385,11.624615384615026,23.249230769230053,否
2965,B6T0000000501,E3,3,6,36,11,浅位,36180.0,36180.0,36228.28923076923,48.289230769230784,0.0,48.289230769230926,否
2967,B6T0000000501,E3,3,6,36,11,深位,36180.0,36228.28923076923,36276.57846153846,48.289230769230784,48.289230769230926,96.57846153846185,否
2366,B6T0000001801,E1,3,6,7,13,浅位,37800.0,37800.0,37814.16,14.16,0.0,14.160000000003492,否
2362,B6T0000001801,E1,3,6,7,13,深位,37800.0,37814.16,37828.32000000001,14.16,14.160000000003492,28.320000000006985,否
3491,B6T0000000175,E4,3,6,43,40,浅位,37980.0,37980.0,38046.338461538464,66.33846153846156,0.0,66.33846153846389,否
3490,B6T0000000175,E4,3,6,43,40,深位,37980.0,38046.338461538464,38112.67692307693,66.33846153846156,66.33846153846389,132.67692307692778,否
2502,B6T0000000481,E3,3,5,17,23,浅位,41940.0,41997.489230769235,42026.23384615385,28.744615384615386,57.48923076923529,86.23384615385294,否
2503,B6T0000000481,E3,3,5,17,23,深位,41940.0,42035.033846153856,42060.97846153847,25.944615384615386,95.03384615385585,120.97846153847058,是
2504,B6T0000000481,E3,3,6,17,23,浅位,41940.0,42069.77846153847,42095.72307692309,25.944615384615386,129.7784615384735,155.72307692308823,是
1969,B6T0000000437,E3,3,5,13,20,浅位,42600.0,42737.16923076924,42760.03076923078,22.861538461538462,137.16923076924286,160.03076923078333,否
1967,B6T0000000437,E3,3,5,13,20,深位,42600.0,42760.03076923078,42782.892307692324,22.861538461538462,160.03076923078333,182.8923076923238,否
3368,B6T0000001563,E1,3,6,4,42,浅位,44160.0,44160.0,44181.593846153846,21.593846153846155,0.0,21.593846153846243,否
3369,B6T0000001563,E1,3,6,4,42,深位,44160.0,44181.593846153846,44203.18769230769,21.593846153846155,21.593846153846243,43.18769230769249,否
2908,B6T0000001656,E1,3,5,2,28,浅位,44400.0,44431.766153846154,44447.64923076923,15.883076923076924,31.76615384615434,47.64923076923151,否
3317,B6T0000000375,E3,3,5,14,43,浅位,54000.0,54000.0,54031.45230769231,31.45230769230769,0.0,31.45230769230693,否
3316,B6T0000000375,E3,3,5,14,43,深位,54000.0,54031.45230769231,54062.904615384614,31.45230769230769,31.45230769230693,62.90461538461386,否
670,B6T0000001698,E1,3,5,8,1,浅位,54180.0,54201.870769230765,54212.80615384615,10.935384615384615,21.87076923076529,32.806153846147936,否
669,B6T0000001698,E1,3,5,8,1,深位,54180.0,54212.80615384615,54223.74153846153,10.935384615384615,32.806153846147936,43.74153846153058,否
668,B6T0000001698,E1,3,6,8,1,浅位,54180.0,54223.74153846153,54234.67692307691,10.935384615384615,43.74153846153058,54.676923076913226,否
667,B6T0000001698,E1,3,6,8,1,深位,54180.0,54234.67692307691,54245.612307692296,10.935384615384615,54.676923076913226,65.61230769229587,否
1569,B6T0000001553,E1,3,5,2,8,浅位,54600.0,54618.96615384615,54628.44923076923,9.483076923076922,18.96615384615143,28.449230769227142,否
1570,B6T0000001553,E1,3,5,2,8,深位,54600.0,54628.44923076923,54637.9323076923,9.483076923076922,28.449230769227142,37.93230769230286,否
1571,B6T0000001553,E1,3,6,2,8,浅位,54600.0,54637.9323076923,54647.41538461538,9.483076923076922,37.93230769230286,47.41538461537857,否
1572,B6T0000001553,E1,3,6,2,8,深位,54600.0,54647.41538461538,54656.898461538454,9.483076923076922,47.41538461537857,56.898461538454285,否
2283,B6T0000001811,E1,3,5,2,15,浅位,54840.0,54840.0,54851.723076923074,11.723076923076924,0.0,11.723076923073677,否
2278,B6T0000001811,E1,3,5,2,15,深位,54840.0,54851.723076923074,54863.44615384615,11.723076923076924,11.723076923073677,23.446153846147354,否
2280,B6T0000001811,E1,3,6,2,15,浅位,54840.0,54863.44615384615,54875.16923076922,11.723076923076924,23.446153846147354,35.16923076922103,否
2281,B6T0000001811,E1,3,6,2,15,深位,54840.0,54875.16923076922,54886.892307692295,11.723076923076924,35.16923076922103,46.89230769229471,否
368,B6T0000001440,E1,3,5,5,2,浅位,55740.0,55758.81846153847,55768.2276923077,9.409230769230769,18.81846153846709,28.227692307700636,否
364,B6T0000001440,E1,3,5,5,2,深位,55740.0,55768.2276923077,55777.636923076934,9.409230769230769,28.227692307700636,37.63692307693418,否
363,B6T0000001440,E1,3,6,5,2,浅位,55740.0,55777.636923076934,55787.04615384617,9.409230769230769,37.63692307693418,47.046153846167726,否
369,B6T0000001440,E1,3,6,5,2,深位,55740.0,55787.04615384617,55796.4553846154,9.409230769230769,47.046153846167726,56.45538461540127,否
1532,B6T0000000088,E4,3,5,48,4,浅位,55680.0,56296.00000000003,56358.5107692308,62.51076923076926,616.0000000000291,678.5107692308011,否
439,B6T0000000678,E3,3,5,9,10,浅位,56280.0,56358.5107692308,56373.24923076926,14.738461538461538,78.51076923080109,93.24923076925916,否
440,B6T0000000678,E3,3,5,9,10,深位,56280.0,56373.24923076926,56387.98769230772,14.738461538461538,93.24923076925916,107.98769230771723,否
443,B6T0000000678,E3,3,6,9,10,浅位,56280.0,56387.98769230772,56402.726153846175,14.738461538461538,107.98769230771723,122.7261538461753,否
450,B6T0000000678,E3,3,6,9,10,深位,56280.0,56402.726153846175,56417.46461538463,14.738461538461538,122.7261538461753,137.46461538463336,否
1540,B6T0000000088,E4,3,5,48,4,深位,55680.0,56417.46461538463,56479.975384615405,62.51076923076926,737.4646153846334,799.9753846154053,否
1948,B6T0000000292,E4,3,5,44,11,浅位,86220.0,86220.0,86278.59692307693,58.596923076923105,0.0,58.59692307692603,否
1943,B6T0000000292,E4,3,5,44,11,深位,86220.0,86278.59692307693,86337.19384615385,58.596923076923105,58.59692307692603,117.19384615385206,否
1944,B6T0000000292,E4,3,6,44,11,浅位,86220.0,86337.19384615385,86395.79076923078,58.596923076923105,117.19384615385206,175.7907692307781,否
1941,B6T0000000292,E4,3,6,44,11,深位,86220.0,86395.79076923078,86454.3876923077,58.596923076923105,175.7907692307781,234.38769230770413,否
2744,B6T0000001086,E3,3,6,20,24,浅位,86820.0,86820.0,86852.75692307693,32.75692307692308,0.0,32.756923076929525,否
2747,B6T0000001086,E3,3,6,20,24,深位,86820.0,86852.75692307693,86885.51384615386,32.75692307692308,32.756923076929525,65.51384615385905,否
1835,B6T0000000536,E3,3,5,23,8,浅位,87000.0,87000.0,87031.32923076923,31.329230769230772,0.0,31.3292307692318,否
1838,B6T0000000536,E3,3,5,23,8,深位,87000.0,87031.32923076923,87062.65846153846,31.329230769230772,31.3292307692318,62.6584615384636,否
1841,B6T0000000536,E3,3,6,23,8,浅位,87000.0,87062.65846153846,87093.9876923077,31.329230769230772,62.6584615384636,93.9876923076954,否
1834,B6T0000000536,E3,3,6,23,8,深位,87000.0,87093.9876923077,87125.31692307693,31.329230769230772,93.9876923076954,125.3169230769272,否
1669,B6T0000001355,E1,3,6,1,9,浅位,87240.0,87240.0,87249.18769230769,9.187692307692307,0.0,9.187692307692487,否
1667,B6T0000001355,E1,3,6,1,9,深位,87240.0,87249.18769230769,87258.37538461538,9.187692307692307,9.187692307692487,18.375384615384974,否
546,B6T0000001197,E3,3,5,14,5,浅位,87180.0,87283.68,87302.9723076923,19.29230769230769,103.67999999999302,122.97230769229645,否
547,B6T0000001197,E3,3,5,14,5,深位,87180.0,87302.9723076923,87322.2646153846,19.29230769230769,122.97230769229645,142.2646153845999,否
548,B6T0000001197,E3,3,6,14,5,浅位,87180.0,87322.2646153846,87341.5569230769,19.29230769230769,142.2646153845999,161.55692307690333,否
549,B6T0000001197,E3,3,6,14,5,深位,87180.0,87341.5569230769,87360.8492307692,19.29230769230769,161.55692307690333,180.84923076920677,否
3102,B6T0000000457,E3,3,6,32,18,浅位,87360.0,87360.8492307692,87406.45538461536,45.60615384615385,0.8492307692067698,46.455384615357616,否
2912,B6T0000001900,E1,3,5,4,27,浅位,87300.0,87406.45538461536,87423.2492307692,16.793846153846154,106.45538461535762,123.24923076920095,否
3100,B6T0000000457,E3,3,6,32,18,深位,87360.0,87423.2492307692,87468.85538461535,45.60615384615385,63.24923076920095,108.8553846153518,否
1384,B6T0000000104,E4,3,5,43,9,浅位,86820.0,87468.85538461535,87525.27384615381,56.418461538461564,648.8553846153518,705.2738461538102,否
1385,B6T0000000104,E4,3,5,43,9,深位,86820.0,87525.27384615381,87581.69230769227,56.418461538461564,705.2738461538102,761.6923076922685,否
1377,B6T0000000104,E4,3,6,43,9,浅位,86820.0,87581.69230769227,87638.11076923073,56.418461538461564,761.6923076922685,818.1107692307269,否
1386,B6T0000000104,E4,3,6,43,9,深位,86820.0,87638.11076923073,87694.52923076919,56.418461538461564,818.1107692307269,874.5292307691852,否
2157,B6T0000001774,E1,3,5,3,13,浅位,87840.0,87910.19076923074,87921.8892307692,11.698461538461538,70.19076923074317,81.88923076920037,否
3213,B6T0000001226,E3,3,5,38,15,浅位,88080.0,88080.0,88132.03076923077,52.030769230769245,0.0,52.03076923076878,否
3212,B6T0000001226,E3,3,5,38,15,深位,88080.0,88132.03076923077,88184.06153846154,52.030769230769245,52.03076923076878,104.06153846153757,否
3211,B6T0000001226,E3,3,6,38,15,浅位,88080.0,88184.06153846154,88236.0923076923,52.030769230769245,104.06153846153757,156.09230769230635,否
120,B6T0000000154,E4,3,5,43,3,浅位,87960.0,88395.98769230768,88450.48615384614,54.49846153846156,435.98769230768085,490.48615384614095,否
119,B6T0000000154,E4,3,5,43,3,深位,87960.0,88450.48615384614,88504.9846153846,54.49846153846156,490.48615384614095,544.984615384601,否
118,B6T0000000154,E4,3,6,43,3,浅位,87960.0,88504.9846153846,88559.48307692306,54.49846153846156,544.984615384601,599.4830769230612,否
123,B6T0000000154,E4,3,6,43,3,深位,87960.0,88559.48307692306,88613.98153846152,54.49846153846156,599.4830769230612,653.9815384615213,否
3131,B6T0000000538,E3,3,6,10,14,深位,95100.0,95100.0,95117.24923076923,17.24923076923077,0.0,17.249230769230053,否
3132,B6T0000000538,E3,3,5,13,23,浅位,95100.0,95117.24923076923,95141.07076923076,23.821538461538463,17.249230769230053,41.07076923076238,否
3130,B6T0000000538,E3,3,5,13,23,深位,95100.0,95141.07076923076,95164.8923076923,23.821538461538463,41.07076923076238,64.89230769229471,否
1404,B6T0000000408,E3,3,5,23,3,浅位,97380.0,97439.45846153845,97469.18769230768,29.729230769230774,59.45846153845196,89.18769230767793,否
1405,B6T0000000408,E3,3,5,23,3,深位,97380.0,97469.18769230768,97498.9169230769,29.729230769230774,89.18769230767793,118.91692307690391,否
1406,B6T0000000408,E3,3,6,23,3,浅位,97380.0,97498.9169230769,97528.64615384613,29.729230769230774,118.91692307690391,148.6461538461299,否
1413,B6T0000000408,E3,3,6,23,3,深位,97380.0,97528.64615384613,97558.37538461536,29.729230769230774,148.6461538461299,178.37538461535587,否
1310,B6T0000000836,E3,3,5,12,14,浅位,97740.0,97897.68615384621,97917.39692307699,19.71076923076923,157.6861538462108,177.39692307698715,否
1320,B6T0000000836,E3,3,5,12,14,深位,97740.0,97917.39692307699,97937.10769230776,19.71076923076923,177.39692307698715,197.1076923077635,否
1322,B6T0000000836,E3,3,6,12,14,浅位,97740.0,97937.10769230776,97956.81846153854,19.71076923076923,197.1076923077635,216.81846153853985,否
1312,B6T0000000836,E3,3,6,12,14,深位,97740.0,97956.81846153854,97976.52923076932,19.71076923076923,216.81846153853985,236.5292307693162,否
3115,B6T0000000362,E3,3,5,14,37,浅位,106020.0,106169.9076923077,106199.44,29.53230769230769,149.90769230769365,179.44000000000233,否
1055,B6T0000001185,E3,3,5,20,3,浅位,106380.0,106688.80000000005,106714.83692307697,26.03692307692308,308.80000000004657,334.8369230769749,否
1069,B6T0000001185,E3,3,5,20,3,深位,106380.0,106714.83692307697,106740.8738461539,26.03692307692308,334.8369230769749,360.8738461539033,否
1053,B6T0000001185,E3,3,6,20,3,浅位,106380.0,106740.8738461539,106766.91076923083,26.03692307692308,360.8738461539033,386.91076923083165,否
1068,B6T0000001185,E3,3,6,20,3,深位,106380.0,106766.91076923083,106792.94769230776,26.03692307692308,386.91076923083165,412.94769230776,否
2449,B6T0000001189,E3,3,5,21,18,浅位,107640.0,107640.0,107672.0676923077,32.06769230769231,0.0,32.06769230769714,否
2448,B6T0000001189,E3,3,5,21,18,深位,107640.0,107672.0676923077,107704.1353846154,32.06769230769231,32.06769230769714,64.13538461539429,否
2447,B6T0000001189,E3,3,6,21,18,浅位,107640.0,107704.1353846154,107736.20307692309,32.06769230769231,64.13538461539429,96.20307692309143,否
2446,B6T0000001189,E3,3,6,21,18,深位,107640.0,107736.20307692309,107768.27076923079,32.06769230769231,96.20307692309143,128.27076923078857,否
566,B6T0000001238,E3,3,5,16,3,浅位,113640.0,114009.58769230767,114030.70153846152,21.113846153846154,369.5876923076721,390.70153846152243,否
561,B6T0000001238,E3,3,5,16,3,深位,113640.0,114030.70153846152,114051.81538461537,21.113846153846154,390.70153846152243,411.81538461537275,否
564,B6T0000001238,E3,3,6,16,3,浅位,113640.0,114051.81538461537,114072.92923076922,21.113846153846154,411.81538461537275,432.92923076922307,否
2894,B6T0000000451,E3,3,5,37,9,浅位,114240.0,114240.0,114288.88,48.88000000000002,0.0,48.88000000000466,否
2893,B6T0000000451,E3,3,5,37,9,深位,114240.0,114288.88,114337.76000000001,48.88000000000002,48.88000000000466,97.76000000000931,否
2895,B6T0000000451,E3,3,6,37,9,浅位,114240.0,114350.61538461539,114394.24,43.624615384615396,110.61538461539021,154.24000000000524,是
52,B6T0000001104,E3,3,5,9,4,浅位,123780.0,123882.54769230774,123895.3661538462,12.818461538461538,102.54769230773672,115.36615384620382,否
53,B6T0000001104,E3,3,5,9,4,深位,123780.0,123895.3661538462,123908.18461538467,12.818461538461538,115.36615384620382,128.1846153846709,否
54,B6T0000001104,E3,3,6,9,4,浅位,123780.0,123908.18461538467,123921.00307692314,12.818461538461538,128.1846153846709,141.003076923138,否
55,B6T0000001104,E3,3,6,9,4,深位,123780.0,123921.00307692314,123933.8215384616,12.818461538461538,141.003076923138,153.8215384616051,否
1040,B6T0000001052,E3,3,5,18,5,浅位,130740.0,131120.16000000003,131144.3753846154,24.215384615384618,380.1600000000326,404.3753846154141,否
1039,B6T0000001052,E3,3,5,18,5,深位,130740.0,131144.3753846154,131168.5907692308,24.215384615384618,404.3753846154141,428.59076923079556,否
1050,B6T0000001052,E3,3,6,18,5,浅位,130740.0,131168.5907692308,131192.80615384618,24.215384615384618,428.59076923079556,452.80615384617704,否
1047,B6T0000001052,E3,3,6,18,5,深位,130740.0,131192.80615384618,131217.02153846156,24.215384615384618,452.80615384617704,477.0215384615585,否
2639,B6T0000001516,E1,3,6,8,19,浅位,140160.0,140173.6676923077,140190.3630769231,16.695384615384615,13.667692307702964,30.363076923094923,否
2636,B6T0000001516,E1,3,6,8,19,深位,140160.0,140190.3630769231,140207.0584615385,16.695384615384615,30.363076923094923,47.05846153848688,否
1917,B6T0000001647,E1,3,5,6,9,浅位,140580.0,140619.08923076926,140631.35384615388,12.264615384615384,39.089230769255664,51.35384615388466,否
1920,B6T0000001647,E1,3,5,6,9,深位,140580.0,140631.35384615388,140643.6184615385,12.264615384615384,51.35384615388466,63.61846153851366,否
1921,B6T0000001647,E1,3,6,6,9,浅位,140580.0,140643.6184615385,140655.88307692314,12.264615384615384,63.61846153851366,75.88307692314265,否
1922,B6T0000001647,E1,3,6,6,9,深位,140580.0,140655.88307692314,140668.14769230777,12.264615384615384,75.88307692314265,88.14769230777165,否
3019,B6T0000001093,E3,3,6,13,23,深位,142620.0,142620.0,142643.82153846155,23.821538461538463,0.0,23.82153846154688,否
3021,B6T0000001093,E3,3,5,11,35,浅位,142620.0,142643.82153846155,142669.02153846156,25.2,23.82153846154688,49.02153846155852,否
3020,B6T0000001093,E3,3,5,11,35,深位,142620.0,142669.02153846156,142694.22153846157,25.2,49.02153846155852,74.22153846157016,否
78,B6T0000000261,E4,3,5,43,1,浅位,143520.0,143950.8676923078,144004.72615384628,53.85846153846156,430.8676923078019,484.72615384627716,否
79,B6T0000000261,E4,3,5,43,1,深位,143520.0,144004.72615384628,144058.58461538475,53.85846153846156,484.72615384627716,538.5846153847524,否
80,B6T0000000261,E4,3,6,43,1,浅位,143520.0,144058.58461538475,144112.44307692323,53.85846153846156,538.5846153847524,592.4430769232276,否
71,B6T0000000261,E4,3,6,43,1,深位,143520.0,144112.44307692323,144166.3015384617,53.85846153846156,592.4430769232276,646.3015384617029,否
3650,B6T0000001695,E1,3,6,6,52,浅位,172560.0,172560.0,172586.0246153846,26.024615384615384,0.0,26.024615384609206,否
3651,B6T0000001695,E1,3,6,6,52,深位,172560.0,172586.0246153846,172612.04923076922,26.024615384615384,26.024615384609206,52.04923076921841,否
2035,B6T0000000271,E4,3,5,43,13,浅位,172740.0,172740.0,172797.69846153847,57.69846153846156,0.0,57.69846153847175,否
2034,B6T0000000271,E4,3,5,43,13,深位,172740.0,172797.69846153847,172855.39692307694,57.69846153846156,57.69846153847175,115.3969230769435,否
2032,B6T0000000271,E4,3,6,43,13,浅位,172740.0,172855.39692307694,172913.09538461542,57.69846153846156,115.3969230769435,173.09538461541524,否
2031,B6T0000000271,E4,3,6,43,13,深位,172740.0,172913.09538461542,172970.7938461539,57.69846153846156,173.09538461541524,230.793846153887,否
760,B6T0000000843,E3,3,5,15,5,浅位,174120.0,174202.09230769228,174222.61538461535,20.52307692307692,82.09230769227725,102.61538461534656,否
761,B6T0000000843,E3,3,5,15,5,深位,174120.0,174222.61538461535,174243.13846153842,20.52307692307692,102.61538461534656,123.13846153841587,否
762,B6T0000000843,E3,3,6,15,5,浅位,174120.0,174243.13846153842,174263.66153846149,20.52307692307692,123.13846153841587,143.66153846148518,否
772,B6T0000000843,E3,3,6,15,5,深位,174120.0,174263.66153846149,174284.18461538455,20.52307692307692,143.66153846148518,164.1846153845545,否
1301,B6T0000000996,E3,3,5,9,17,浅位,174420.0,174555.82769230776,174572.80615384624,16.978461538461538,135.82769230776466,152.80615384623525,否
1302,B6T0000000996,E3,3,5,9,17,深位,174420.0,174572.80615384624,174589.7846153847,16.978461538461538,152.80615384623525,169.78461538470583,否
1307,B6T0000000996,E3,3,6,9,17,浅位,174420.0,174589.7846153847,174606.76307692318,16.978461538461538,169.78461538470583,186.7630769231764,否
1306,B6T0000000996,E3,3,6,9,17,深位,174420.0,174606.76307692318,174623.74153846165,16.978461538461538,186.7630769231764,203.741538461647,否
1180,B6T0000001103,E3,3,5,21,3,浅位,175020.0,175238.14153846144,175265.40923076912,27.26769230769231,218.14153846143745,245.40923076911713,否
1179,B6T0000001103,E3,3,5,21,3,深位,175020.0,175265.40923076912,175292.6769230768,27.26769230769231,245.40923076911713,272.6769230767968,否
1185,B6T0000001103,E3,3,6,21,3,浅位,175020.0,175292.6769230768,175319.94461538448,27.26769230769231,272.6769230767968,299.9446153844765,否
1181,B6T0000001103,E3,3,6,21,3,深位,175020.0,175319.94461538448,175347.21230769216,27.26769230769231,299.9446153844765,327.2123076921562,否
3365,B6T0000000061,E4,3,6,45,33,浅位,175440.0,175440.0,175507.17538461537,67.17538461538464,0.0,67.17538461537333,否
3364,B6T0000000061,E4,3,6,45,33,深位,175440.0,175507.17538461537,175574.35076923075,67.17538461538464,67.17538461537333,134.35076923074666,否
1729,B6T0000001429,E1,3,5,1,10,浅位,175560.0,175648.16000000003,175657.66769230773,9.507692307692308,88.1600000000326,97.66769230773207,否
1736,B6T0000001429,E1,3,5,1,10,深位,175560.0,175657.66769230773,175667.17538461543,9.507692307692308,97.66769230773207,107.17538461543154,否
478,B6T0000001382,E1,3,5,2,4,浅位,175680.0,175791.2184615386,175799.4215384617,8.203076923076923,111.21846153860679,119.42153846169822,否
479,B6T0000001382,E1,3,5,2,4,深位,175680.0,175799.4215384617,175807.6246153848,8.203076923076923,119.42153846169822,127.62461538478965,否
474,B6T0000001382,E1,3,6,2,4,浅位,175680.0,175807.6246153848,175815.82769230788,8.203076923076923,127.62461538478965,135.82769230788108,否
480,B6T0000001382,E1,3,6,2,4,深位,175680.0,175815.82769230788,175824.03076923097,8.203076923076923,135.82769230788108,144.0307692309725,否
2617,B6T0000001463,E1,3,5,3,21,浅位,176580.0,176608.32,176622.57846153848,14.258461538461539,28.320000000006985,42.578461538476404,否
2616,B6T0000001463,E1,3,5,3,21,深位,176580.0,176622.57846153848,176636.83692307695,14.258461538461539,42.578461538476404,56.83692307694582,否
2855,B6T0000000724,E3,3,5,12,34,浅位,181320.0,181320.0,181346.11076923076,26.11076923076923,0.0,26.110769230755977,否
2853,B6T0000000724,E3,3,5,12,34,深位,181320.0,181346.11076923076,181372.2215384615,26.11076923076923,26.110769230755977,52.221538461511955,否
2852,B6T0000000724,E3,3,6,12,34,浅位,181320.0,181372.2215384615,181398.33230769227,26.11076923076923,52.221538461511955,78.33230769226793,否
2854,B6T0000000724,E3,3,6,12,34,深位,181320.0,181398.33230769227,181424.44307692302,26.11076923076923,78.33230769226793,104.44307692302391,否
794,B6T0000000540,E3,3,5,9,12,浅位,181380.0,181441.51384615386,181456.89230769232,15.378461538461538,61.51384615385905,76.89230769232381,否
796,B6T0000000540,E3,3,5,9,12,深位,181380.0,181456.89230769232,181472.2707692308,15.378461538461538,76.89230769232381,92.27076923078857,否
797,B6T0000000540,E3,3,6,9,12,浅位,181380.0,181472.2707692308,181487.64923076925,15.378461538461538,92.27076923078857,107.64923076925334,否
790,B6T0000000540,E3,3,6,9,12,深位,181380.0,181487.64923076925,181503.02769230772,15.378461538461538,107.64923076925334,123.0276923077181,否
2459,B6T0000001943,E1,3,5,3,13,浅位,181500.0,181503.02769230772,181514.7261538462,11.698461538461538,3.027692307718098,14.726153846189845,否
2821,B6T0000000646,E3,3,6,13,32,浅位,182280.0,182280.0,182306.70153846155,26.701538461538462,0.0,26.701538461551536,否
2820,B6T0000000646,E3,3,6,13,32,深位,182280.0,182306.70153846155,182333.4030769231,26.701538461538462,26.701538461551536,53.40307692310307,否
1998,B6T0000001313,E3,3,6,20,13,浅位,185400.0,185400.0,185429.2369230769,29.23692307692308,0.0,29.236923076910898,否
1999,B6T0000001313,E3,3,6,20,13,深位,185400.0,185429.2369230769,185458.47384615382,29.23692307692308,29.236923076910898,58.473846153821796,否
1418,B6T0000000947,E3,3,5,13,14,浅位,188580.0,188787.59384615388,188808.53538461542,20.941538461538464,207.59384615387535,228.53538461541757,否
1421,B6T0000000947,E3,3,5,13,14,深位,188580.0,188808.53538461542,188829.47692307696,20.941538461538464,228.53538461541757,249.4769230769598,否
1429,B6T0000000947,E3,3,6,13,14,浅位,188580.0,188829.47692307696,188850.4184615385,20.941538461538464,249.4769230769598,270.418461538502,否
202,B6T0000000932,E3,3,5,9,8,浅位,190380.0,190380.0,190394.09846153847,14.098461538461537,0.0,14.098461538465926,否
201,B6T0000000932,E3,3,5,9,8,深位,190380.0,190394.09846153847,190408.19692307693,14.098461538461537,14.098461538465926,28.196923076931853,否
200,B6T0000000932,E3,3,6,9,8,浅位,190380.0,190408.19692307693,190422.2953846154,14.098461538461537,28.196923076931853,42.29538461539778,否
199,B6T0000000932,E3,3,6,9,8,深位,190380.0,190422.2953846154,190436.39384615386,14.098461538461537,42.29538461539778,56.393846153863706,否
2729,B6T0000001922,E1,3,5,8,21,浅位,194640.0,194674.67076923075,194692.00615384613,17.335384615384616,34.67076923075365,52.00615384613047,否
2728,B6T0000001922,E1,3,5,8,21,深位,194640.0,194692.00615384613,194709.3415384615,17.335384615384616,52.00615384613047,69.3415384615073,否
2321,B6T0000001645,E1,3,5,1,16,浅位,199200.0,199222.85538461537,199234.28307692305,11.427692307692308,22.855384615366347,34.28307692304952,否
2322,B6T0000001645,E1,3,5,1,16,深位,199200.0,199234.28307692305,199245.71076923073,11.427692307692308,34.28307692304952,45.710769230732694,否
2323,B6T0000001645,E1,3,6,1,16,浅位,199200.0,199245.71076923073,199257.13846153842,11.427692307692308,45.710769230732694,57.13846153841587,否
2324,B6T0000001645,E1,3,6,1,16,深位,199200.0,199257.13846153842,199268.5661538461,11.427692307692308,57.13846153841587,68.56615384609904,否
215,B6T0000000581,E3,3,5,9,9,浅位,203640.0,203755.34769230778,203769.76615384626,14.418461538461537,115.34769230778329,129.7661538462562,否
216,B6T0000000581,E3,3,5,9,9,深位,203640.0,203769.76615384626,203784.18461538473,14.418461538461537,129.7661538462562,144.1846153847291,否
217,B6T0000000581,E3,3,6,9,9,浅位,203640.0,203784.18461538473,203798.6030769232,14.418461538461537,144.1846153847291,158.60307692320202,否
205,B6T0000000581,E3,3,6,9,9,深位,203640.0,203798.6030769232,203813.02153846167,14.418461538461537,158.60307692320202,173.02153846167494,否
3453,B6T0000001361,E1,3,5,7,5,浅位,211080.0,211080.0,211091.6,11.6,0.0,11.60000000000582,否
3452,B6T0000001361,E1,3,5,7,5,深位,211080.0,211091.6,211103.2,11.6,11.60000000000582,23.20000000001164,否
2580,B6T0000000418,E3,3,5,22,19,浅位,214080.0,214214.47384615382,214248.09230769228,33.618461538461546,134.4738461538218,168.09230769227725,否
321,B6T0000001196,E3,3,5,13,5,浅位,216480.0,216675.9446153846,216694.00615384613,18.06153846153846,195.9446153845929,214.00615384613047,否
327,B6T0000001196,E3,3,5,13,5,深位,216480.0,216694.00615384613,216712.06769230767,18.06153846153846,214.00615384613047,232.06769230766804,否
328,B6T0000001196,E3,3,6,13,5,浅位,216480.0,216712.06769230767,216730.1292307692,18.06153846153846,232.06769230766804,250.1292307692056,否
329,B6T0000001196,E3,3,6,13,5,深位,216480.0,216730.1292307692,216748.19076923074,18.06153846153846,250.1292307692056,268.1907692307432,否
3032,B6T0000001726,E1,3,5,7,28,浅位,218220.0,218257.91999999998,218276.87999999998,18.96,37.9199999999837,56.87999999997555,否
1468,B6T0000000897,E3,3,5,21,6,浅位,220080.0,220080.0,220108.2276923077,28.227692307692312,0.0,28.227692307700636,否
1467,B6T0000000897,E3,3,5,21,6,深位,220080.0,220108.2276923077,220136.4553846154,28.227692307692312,28.227692307700636,56.45538461540127,否
1466,B6T0000000897,E3,3,6,21,6,浅位,220080.0,220136.4553846154,220164.6830769231,28.227692307692312,56.45538461540127,84.68307692310191,否
1465,B6T0000000897,E3,3,6,21,6,深位,220080.0,220164.6830769231,220192.9107692308,28.227692307692312,84.68307692310191,112.91076923080254,否
3328,B6T0000000741,E3,3,5,32,25,浅位,225360.0,225360.0,225407.84615384616,47.846153846153854,0.0,47.846153846156085,否
3329,B6T0000000741,E3,3,5,32,25,深位,225360.0,225407.84615384616,225455.6923076923,47.846153846153854,47.846153846156085,95.69230769231217,否
3129,B6T0000000861,E3,3,6,10,14,深位,228660.0,228660.0,228677.24923076923,17.24923076923077,0.0,17.249230769230053,否
3128,B6T0000000861,E3,3,5,13,23,浅位,228660.0,228677.24923076923,228701.07076923078,23.821538461538463,17.249230769230053,41.07076923077693,否
3127,B6T0000000861,E3,3,5,13,23,深位,228660.0,228701.07076923078,228724.89230769232,23.821538461538463,41.07076923077693,64.89230769232381,否
2370,B6T0000001572,E1,3,5,8,13,浅位,228780.0,228809.55076923076,228824.32615384614,14.775384615384615,29.550769230758306,44.32615384613746,否
2373,B6T0000001572,E1,3,5,8,13,深位,228780.0,228824.32615384614,228839.10153846152,14.775384615384615,44.32615384613746,59.10153846151661,否
2372,B6T0000001572,E1,3,6,8,13,浅位,228780.0,228839.10153846152,228853.8769230769,14.775384615384615,59.10153846151661,73.87692307689576,否
2371,B6T0000001572,E1,3,6,8,13,深位,228780.0,228853.8769230769,228868.65230769227,14.775384615384615,73.87692307689576,88.65230769227492,否
3203,B6T0000001891,E1,3,6,4,36,浅位,228960.0,228960.0,228979.67384615383,19.673846153846153,0.0,19.673846153833438,否
3204,B6T0000001891,E1,3,6,4,36,深位,228960.0,228979.67384615383,228999.34769230767,19.673846153846153,19.673846153833438,39.347692307666875,否
3536,B6T0000001749,E1,3,5,2,4,浅位,259680.0,259680.0,259688.2030769231,8.203076923076923,0.0,8.20307692309143,否
3537,B6T0000001749,E1,3,5,2,4,深位,259680.0,259688.2030769231,259696.40615384618,8.203076923076923,8.20307692309143,16.40615384618286,否
263,B6T0000001466,E1,3,6,1,1,深位,259800.0,259800.0,259806.6276923077,6.627692307692308,0.0,6.627692307694815,否
258,B6T0000001466,E1,3,6,1,6,深位,259800.0,259806.6276923077,259814.8553846154,8.227692307692308,6.627692307694815,14.855384615395451,否
674,B6T0000001180,E3,3,5,11,9,浅位,259800.0,260059.66153846175,260076.54153846175,16.88,259.6615384617471,276.54153846175177,否
157,B6T0000000810,E3,3,5,15,1,浅位,259440.0,260146.0861538463,260165.32923076936,19.24307692307692,706.0861538462923,725.3292307693628,否
161,B6T0000000810,E3,3,5,15,1,深位,259440.0,260165.32923076936,260184.57230769243,19.24307692307692,725.3292307693628,744.5723076924332,否
168,B6T0000000810,E3,3,6,15,1,浅位,259440.0,260184.57230769243,260203.8153846155,19.24307692307692,744.5723076924332,763.8153846155037,否
150,B6T0000000810,E3,3,6,15,1,深位,259440.0,260203.8153846155,260223.05846153857,19.24307692307692,763.8153846155037,783.0584615385742,否
1609,B6T0000001610,E1,3,5,4,7,浅位,260160.0,260262.11692307686,260272.5107692307,10.393846153846155,102.11692307685735,112.51076923069195,否
3192,B6T0000001127,E3,3,5,13,40,浅位,261540.0,261572.43076923076,261598.97846153844,26.54769230769231,32.43076923076296,58.97846153844148,是
3191,B6T0000001127,E3,3,5,13,40,深位,261540.0,261615.3723076923,261641.91999999998,26.54769230769231,75.37230769230518,101.9199999999837,是
3190,B6T0000001127,E3,3,6,13,40,浅位,261540.0,261658.42461538463,261682.62153846156,24.196923076923078,118.42461538463249,142.62153846156434,是
1615,B6T0000001083,E3,3,5,9,20,浅位,261660.0,261699.12615384618,261718.40000000002,19.273846153846154,39.126153846184025,58.40000000002328,是
1619,B6T0000001083,E3,3,5,9,20,深位,261660.0,261730.36923076925,261742.3384615385,11.96923076923077,70.3692307692545,82.33846153848572,是
1618,B6T0000001083,E3,3,6,9,20,浅位,261660.0,261754.30769230772,261766.27692307695,11.96923076923077,94.30769230771693,106.27692307694815,是
1612,B6T0000001083,E3,3,6,9,20,深位,261660.0,261778.24615384618,261790.2153846154,11.96923076923077,118.24615384617937,130.21538461541058,是
2432,B6T0000000778,E3,3,5,10,29,浅位,262500.0,262544.09846153844,262566.14769230766,22.04923076923077,44.09846153843682,66.14769230765523,否
2434,B6T0000000778,E3,3,5,10,29,深位,262500.0,262566.14769230766,262588.1969230769,22.04923076923077,66.14769230765523,88.19692307687365,否
2430,B6T0000000778,E3,3,6,10,29,浅位,262500.0,262588.1969230769,262610.2461538461,22.04923076923077,88.19692307687365,110.24615384609206,否
3608,B6T0000001950,E1,3,5,8,50,浅位,265140.0,265140.0,265166.6153846154,26.615384615384613,0.0,26.61538461537566,否
3609,B6T0000001950,E1,3,5,8,50,深位,265140.0,265166.6153846154,265193.23076923075,26.615384615384613,26.61538461537566,53.23076923075132,否
3551,B6T0000000090,E4,3,5,43,1,浅位,268080.0,268080.0,268133.85846153845,53.85846153846156,0.0,53.858461538446136,否
3550,B6T0000000090,E4,3,5,43,1,深位,268080.0,268133.85846153845,268187.7169230769,53.85846153846156,53.858461538446136,107.71692307689227,否
2564,B6T0000001537,E1,3,6,2,20,浅位,272220.0,272305.3261538461,272342.9353846153,37.60923076923078,85.32615384610835,122.93538461532444,是
2561,B6T0000001537,E1,3,6,2,20,深位,272220.0,272380.5446153846,272418.1538461538,37.60923076923078,160.54461538459873,198.1538461538148,是
1009,B6T0000001090,E3,3,5,12,11,浅位,276120.0,276195.0030769231,276213.75384615385,18.75076923076923,75.00307692307979,93.75384615384974,否
1002,B6T0000001090,E3,3,5,12,11,深位,276120.0,276213.75384615385,276232.5046153846,18.75076923076923,93.75384615384974,112.50461538461968,否
1005,B6T0000001090,E3,3,6,12,11,浅位,276120.0,276232.5046153846,276251.2553846154,18.75076923076923,112.50461538461968,131.25538461538963,否
1003,B6T0000001090,E3,3,6,12,11,深位,276120.0,276251.2553846154,276270.00615384616,18.75076923076923,131.25538461538963,150.00615384615958,否
3037,B6T0000000275,E4,3,5,43,9,深位,278340.0,278340.0,278396.41846153844,56.418461538461564,0.0,56.41846153844381,否
3038,B6T0000000275,E4,3,6,43,9,浅位,278340.0,278396.41846153844,278452.8369230769,56.418461538461564,56.41846153844381,112.83692307688762,否
3039,B6T0000000275,E4,3,6,43,9,深位,278340.0,278452.8369230769,278509.25538461533,56.418461538461564,112.83692307688762,169.25538461533142,否
3194,B6T0000000864,E3,3,6,9,17,浅位,281220.0,281220.0,281236.97846153844,16.978461538461538,0.0,16.97846153844148,否
3195,B6T0000000864,E3,3,6,9,17,深位,281220.0,281236.97846153844,281253.9569230769,16.978461538461538,16.97846153844148,33.95692307688296,否
3193,B6T0000000864,E3,3,5,15,5,浅位,281220.0,281253.9569230769,281274.48,20.52307692307692,33.95692307688296,54.47999999998137,否
2547,B6T0000001449,E1,3,5,7,17,浅位,282180.0,282210.88,282226.32,15.440000000000001,30.880000000004657,46.320000000006985,否
2545,B6T0000001449,E1,3,5,7,17,深位,282180.0,282226.32,282241.76,15.440000000000001,46.320000000006985,61.76000000000931,否
2546,B6T0000001449,E1,3,6,7,17,浅位,282180.0,282241.76,282257.2,15.440000000000001,61.76000000000931,77.20000000001164,否
575,B6T0000001238,E3,3,6,16,3,深位,286320.0,286320.0,286341.11384615384,21.113846153846154,0.0,21.113846153835766,否
1340,B6T0000000043,E4,3,5,45,3,深位,286740.0,286740.0,286797.5753846154,57.57538461538464,0.0,57.575384615396615,否
1342,B6T0000000043,E4,3,6,45,3,浅位,286740.0,286797.5753846154,286855.1507692308,57.57538461538464,57.575384615396615,115.15076923079323,否
1343,B6T0000000043,E4,3,6,45,3,深位,286740.0,286855.1507692308,286912.7261538462,57.57538461538464,115.15076923079323,172.72615384618985,否
1346,B6T0000000043,E4,3,6,45,6,浅位,286740.0,286912.7261538462,286971.26153846155,58.53538461538464,172.72615384618985,231.2615384615492,否
1341,B6T0000000043,E4,3,6,45,6,深位,286740.0,286971.26153846155,287029.7969230769,58.53538461538464,231.2615384615492,289.79692307690857,否
1097,B6T0000001415,E1,3,5,7,3,浅位,287880.0,288020.63999999996,288031.6,10.96,140.63999999995576,151.59999999997672,否
1091,B6T0000001415,E1,3,5,7,3,深位,287880.0,288031.6,288042.56,10.96,151.59999999997672,162.55999999999767,否
1092,B6T0000001415,E1,3,6,7,3,浅位,287880.0,288042.56,288053.52,10.96,162.55999999999767,173.52000000001863,否
1094,B6T0000001415,E1,3,6,7,3,深位,287880.0,288053.52,288064.48000000004,10.96,173.52000000001863,184.48000000003958,否
1369,B6T0000000150,E4,3,5,46,5,浅位,295320.0,295798.0307692308,295857.78461538465,59.75384615384618,478.0307692307979,537.7846153846476,否
1370,B6T0000000150,E4,3,5,46,5,深位,295320.0,295857.78461538465,295917.5384615385,59.75384615384618,537.7846153846476,597.5384615384974,否
1374,B6T0000000150,E4,3,6,46,5,浅位,295320.0,295917.5384615385,295977.29230769235,59.75384615384618,597.5384615384974,657.2923076923471,否
467,B6T0000001382,E1,3,6,1,1,深位,295980.0,295980.0,295986.6276923077,6.627692307692308,0.0,6.627692307694815,否
1814,B6T0000001372,E1,3,5,2,10,浅位,297060.0,297140.9846153846,297151.1076923077,10.123076923076923,80.98461538460106,91.10769230767619,否
1227,B6T0000000577,E3,3,5,9,16,浅位,302040.0,302173.2676923075,302189.9261538459,16.658461538461538,133.26769230747595,149.92615384591045,否
1226,B6T0000000577,E3,3,5,9,16,深位,302040.0,302189.9261538459,302206.58461538434,16.658461538461538,149.92615384591045,166.58461538434494,否
1211,B6T0000000577,E3,3,6,9,16,浅位,302040.0,302206.58461538434,302223.2430769228,16.658461538461538,166.58461538434494,183.24307692277944,否
1225,B6T0000000577,E3,3,6,9,16,深位,302040.0,302223.2430769228,302239.9015384612,16.658461538461538,183.24307692277944,199.90153846121393,否
345,B6T0000000139,E4,3,5,45,1,浅位,302220.0,302447.74153846153,302504.6769230769,56.93538461538464,227.74153846153058,284.6769230769132,否
344,B6T0000000139,E4,3,5,45,1,深位,302220.0,302504.6769230769,302561.6123076923,56.93538461538464,284.6769230769132,341.6123076922959,否
343,B6T0000000139,E4,3,6,45,1,浅位,302220.0,302561.6123076923,302618.5476923077,56.93538461538464,341.6123076922959,398.5476923076785,否
342,B6T0000000139,E4,3,6,45,1,深位,302220.0,302618.5476923077,302675.48307692306,56.93538461538464,398.5476923076785,455.48307692306116,否
814,B6T0000000540,E3,3,6,18,2,浅位,305460.0,305475.37846153846,305498.63384615385,23.255384615384617,15.378461538464762,38.63384615385439,否
813,B6T0000000540,E3,3,6,18,2,深位,305460.0,305498.63384615385,305521.88923076924,23.255384615384617,38.63384615385439,61.88923076924402,否
3617,B6T0000000497,E3,3,6,9,59,浅位,307920.0,307920.0,307950.41846153844,30.41846153846154,0.0,30.418461538443808,否
3616,B6T0000000497,E3,3,6,9,59,深位,307920.0,307950.41846153844,307980.8369230769,30.41846153846154,30.418461538443808,60.836923076887615,否
1160,B6T0000000245,E4,3,5,45,5,浅位,308040.0,308498.2892307694,308556.5046153848,58.21538461538464,458.2892307693837,516.5046153847943,否
1161,B6T0000000245,E4,3,5,45,5,深位,308040.0,308556.5046153848,308614.7200000002,58.21538461538464,516.5046153847943,574.7200000002049,否
1153,B6T0000000245,E4,3,6,45,5,浅位,308040.0,308614.7200000002,308672.9353846156,58.21538461538464,574.7200000002049,632.9353846156155,否
1162,B6T0000000245,E4,3,6,45,5,深位,308040.0,308672.9353846156,308731.150769231,58.21538461538464,632.9353846156155,691.1507692310261,否
506,B6T0000001101,E3,3,5,12,7,浅位,309960.0,309960.0,309977.47076923074,17.47076923076923,0.0,17.470769230742007,否
493,B6T0000001101,E3,3,5,12,7,深位,309960.0,309977.47076923074,309994.9415384615,17.47076923076923,17.470769230742007,34.941538461484015,否
511,B6T0000001101,E3,3,6,12,7,浅位,309960.0,309994.9415384615,310012.4123076922,17.47076923076923,34.941538461484015,52.41230769222602,否
510,B6T0000001101,E3,3,6,12,7,深位,309960.0,310012.4123076922,310029.88307692297,17.47076923076923,52.41230769222602,69.88307692296803,否
504,B6T0000001101,E3,3,5,13,6,浅位,309960.0,310671.3107692306,310689.69230769214,18.38153846153846,711.310769230593,729.6923076921375,否
227,B6T0000000581,E3,3,5,10,8,浅位,311640.0,312273.31692307687,312288.6461538461,15.329230769230769,633.316923076869,648.6461538461153,否
253,B6T0000000581,E3,3,5,10,8,深位,311640.0,312288.6461538461,312303.97538461536,15.329230769230769,648.6461538461153,663.9753846153617,否
228,B6T0000000581,E3,3,6,10,8,浅位,311640.0,312303.97538461536,312319.3046153846,15.329230769230769,663.9753846153617,679.304615384608,否
243,B6T0000000581,E3,3,6,10,8,深位,311640.0,312319.3046153846,312334.63384615385,15.329230769230769,679.304615384608,694.6338461538544,否
3564,B6T0000000938,E3,3,5,13,5,浅位,314280.0,314361.75692307693,314394.5046153846,32.74769230769232,81.75692307692952,114.50461538461968,是
3565,B6T0000000938,E3,3,5,13,5,深位,314280.0,314394.5046153846,314412.56615384616,18.06153846153846,114.50461538461968,132.56615384615725,否
2990,B6T0000000096,E4,3,6,43,9,深位,345240.0,345240.0,345296.41846153844,56.418461538461564,0.0,56.41846153844381,否
2989,B6T0000000096,E4,3,5,45,1,浅位,345240.0,345296.41846153844,345353.3538461538,56.93538461538464,56.41846153844381,113.35384615382645,否
2991,B6T0000000096,E4,3,5,45,1,深位,345240.0,345353.3538461538,345410.2892307692,56.93538461538464,113.35384615382645,170.2892307692091,否
2737,B6T0000001280,E3,3,5,11,33,浅位,345720.0,345834.7200000001,345859.2800000001,24.560000000000002,114.72000000008848,139.28000000008615,否
2736,B6T0000001280,E3,3,5,11,33,深位,345720.0,345859.2800000001,345883.8400000001,24.560000000000002,139.28000000008615,163.84000000008382,否
3422,B6T0000000173,E4,3,6,45,1,深位,345960.0,345960.0,346016.9353846154,56.93538461538464,0.0,56.935384615382645,否
133,B6T0000000154,E4,3,5,44,1,浅位,345840.0,346016.9353846154,346072.3323076923,55.3969230769231,176.93538461538265,232.33230769232614,否
132,B6T0000000154,E4,3,5,44,1,深位,345840.0,346072.3323076923,346127.72923076927,55.3969230769231,232.33230769232614,287.72923076926963,否
146,B6T0000000154,E4,3,6,44,1,浅位,345840.0,346127.72923076927,346183.1261538462,55.3969230769231,287.72923076926963,343.1261538462131,否
131,B6T0000000154,E4,3,6,44,1,深位,345840.0,346183.1261538462,346238.52307692316,55.3969230769231,343.1261538462131,398.5230769231566,否
3423,B6T0000000173,E4,3,5,45,3,深位,345960.0,346238.52307692316,346296.09846153855,57.57538461538464,278.5230769231566,336.09846153855324,否
970,B6T0000001844,E1,3,5,1,6,浅位,346200.0,346296.09846153855,346304.3261538462,8.227692307692308,96.09846153855324,104.32615384622477,否
985,B6T0000001844,E1,3,5,1,6,深位,346200.0,346304.3261538462,346312.5538461539,8.227692307692308,104.32615384622477,112.5538461538963,否
984,B6T0000001844,E1,3,6,1,6,浅位,346200.0,346312.5538461539,346320.78153846157,8.227692307692308,112.5538461538963,120.78153846156783,否
2742,B6T0000000260,E4,3,5,43,1,浅位,347220.0,347220.0,347273.85846153845,53.85846153846156,0.0,53.858461538446136,否
2743,B6T0000000260,E4,3,5,43,1,深位,347220.0,347273.85846153845,347327.7169230769,53.85846153846156,53.858461538446136,107.71692307689227,否
3199,B6T0000001587,E1,3,5,5,2,浅位,347640.0,347640.0,347649.4092307692,9.409230769230769,0.0,9.409230769204441,否
3200,B6T0000001587,E1,3,5,5,2,深位,347640.0,347649.4092307692,347658.8184615384,9.409230769230769,9.409230769204441,18.818461538408883,否
3201,B6T0000001587,E1,3,6,5,2,浅位,347640.0,347658.8184615384,347668.2276923076,9.409230769230769,18.818461538408883,28.227692307613324,否
2818,B6T0000000976,E3,3,5,39,5,浅位,348120.0,348220.1230769231,348270.1846153846,50.06153846153848,100.12307692307513,150.1846153846127,否
2816,B6T0000000976,E3,3,5,39,5,深位,348120.0,348270.1846153846,348320.24615384615,50.06153846153848,150.1846153846127,200.24615384615026,否
1740,B6T0000001149,E3,3,6,15,15,浅位,348480.0,348660.57230769226,348684.2953846153,23.72307692307692,180.57230769225862,204.29538461531047,否
2514,B6T0000001586,E1,3,5,2,8,浅位,359160.0,359160.0,359169.48307692306,9.483076923076922,0.0,9.483076923061162,否
2513,B6T0000001586,E1,3,5,2,8,深位,359160.0,359169.48307692306,359178.9661538461,9.483076923076922,9.483076923061162,18.966153846122324,否
2510,B6T0000001586,E1,3,6,2,8,浅位,359160.0,359178.9661538461,359188.4492307692,9.483076923076922,18.966153846122324,28.449230769183487,否
2511,B6T0000001586,E1,3,6,2,8,深位,359160.0,359188.4492307692,359197.93230769224,9.483076923076922,28.449230769183487,37.93230769224465,否
2512,B6T0000001586,E1,3,5,8,1,浅位,359160.0,359197.93230769224,359208.8676923076,10.935384615384615,37.93230769224465,48.867692307627294,否
876,B6T0000000488,E3,3,5,13,8,浅位,369420.0,369437.84,369456.8615384616,19.021538461538462,17.84000000002561,36.86153846158413,否
875,B6T0000000488,E3,3,5,13,8,深位,369420.0,369456.8615384616,369475.88307692314,19.021538461538462,36.86153846158413,55.88307692314265,否
877,B6T0000000488,E3,3,6,13,8,浅位,369420.0,369475.88307692314,369494.9046153847,19.021538461538462,55.88307692314265,74.90461538470117,否
3072,B6T0000001373,E1,3,6,2,4,深位,376080.0,376080.0,376088.2030769231,8.203076923076923,0.0,8.20307692309143,否
3071,B6T0000001373,E1,3,5,1,10,浅位,376080.0,376088.2030769231,376097.7107692308,9.507692307692308,8.20307692309143,17.710769230790902,否
3070,B6T0000001373,E1,3,5,1,10,深位,376080.0,376097.7107692308,376107.2184615385,9.507692307692308,17.710769230790902,27.218461538490374,否
917,B6T0000000411,E3,3,5,15,6,浅位,378240.0,378321.2800000001,378342.1230769232,20.84307692307692,81.28000000008615,102.12307692319155,否
920,B6T0000000411,E3,3,5,15,6,深位,378240.0,378342.1230769232,378362.9661538463,20.84307692307692,102.12307692319155,122.96615384629695,否
916,B6T0000000411,E3,3,6,15,6,浅位,378240.0,378362.9661538463,378383.8092307694,20.84307692307692,122.96615384629695,143.80923076940235,否
909,B6T0000000411,E3,3,6,15,6,深位,378240.0,378383.8092307694,378404.6523076925,20.84307692307692,143.80923076940235,164.65230769250775,否
3396,B6T0000000629,E3,3,5,9,12,浅位,382440.0,382440.0,382455.37846153846,15.378461538461538,0.0,15.378461538464762,否
3397,B6T0000000629,E3,3,5,9,12,深位,382440.0,382455.37846153846,382470.75692307693,15.378461538461538,15.378461538464762,30.756923076929525,否
3450,B6T0000001232,E3,3,5,33,28,浅位,400740.0,400740.0,400790.0369230769,50.03692307692309,0.0,50.03692307689926,否
3451,B6T0000001232,E3,3,5,33,28,深位,400740.0,400790.0369230769,400840.0738461538,50.03692307692309,50.03692307689926,100.07384615379851,否
2644,B6T0000001956,E1,3,6,1,9,浅位,400920.0,400920.0,400929.1876923077,9.187692307692307,0.0,9.187692307692487,否
2645,B6T0000001956,E1,3,6,1,9,深位,400920.0,400929.1876923077,400938.3753846154,9.187692307692307,9.187692307692487,18.375384615384974,否
10,B6T0000001209,E3,3,5,10,1,浅位,402180.0,402593.9384615387,402607.02769230795,13.08923076923077,413.93846153869526,427.02769230795093,否
12,B6T0000001209,E3,3,5,10,1,深位,402180.0,402607.02769230795,402620.1169230772,13.08923076923077,427.02769230795093,440.1169230772066,否
394,B6T0000000471,E3,3,5,17,1,浅位,433020.0,433041.70461538463,433063.40923076926,21.704615384615384,21.704615384631325,43.40923076926265,否
393,B6T0000000471,E3,3,5,17,1,深位,433020.0,433063.40923076926,433085.1138461539,21.704615384615384,43.40923076926265,65.11384615389397,否
391,B6T0000000471,E3,3,6,17,1,浅位,433020.0,433085.1138461539,433106.8184615385,21.704615384615384,65.11384615389397,86.8184615385253,否
623,B6T0000000469,E3,3,5,9,11,浅位,433980.0,434010.1169230769,434025.1753846154,15.058461538461538,30.116923076915555,45.17538461537333,否
624,B6T0000000469,E3,3,5,9,11,深位,433980.0,434025.1753846154,434040.23384615383,15.058461538461538,45.17538461537333,60.23384615383111,否
620,B6T0000000469,E3,3,6,9,11,浅位,433980.0,434040.23384615383,434055.2923076923,15.058461538461538,60.23384615383111,75.29230769228889,否
622,B6T0000000469,E3,3,6,9,11,深位,433980.0,434055.2923076923,434070.35076923075,15.058461538461538,75.29230769228889,90.35076923074666,否
19,B6T0000001209,E3,3,6,10,1,浅位,434280.0,434280.0,434293.08923076926,13.08923076923077,0.0,13.089230769255664,否
18,B6T0000001209,E3,3,6,10,1,深位,434280.0,434293.08923076926,434306.1784615385,13.08923076923077,13.089230769255664,26.17846153851133,否
943,B6T0000000508,E3,3,5,19,2,浅位,434460.0,434557.94461538456,434582.4307692307,24.486153846153847,97.9446153845638,122.43076923070475,否
942,B6T0000000508,E3,3,5,19,2,深位,434460.0,434582.4307692307,434606.91692307685,24.486153846153847,122.43076923070475,146.9169230768457,否
941,B6T0000000508,E3,3,6,19,2,浅位,434460.0,434606.91692307685,434631.403076923,24.486153846153847,146.9169230768457,171.40307692298666,否
939,B6T0000000508,E3,3,6,19,2,深位,434460.0,434631.403076923,434655.8892307691,24.486153846153847,171.40307692298666,195.8892307691276,否
2875,B6T0000000968,E3,3,5,10,29,深位,434700.0,434700.0,434722.0492307692,22.04923076923077,0.0,22.04923076921841,否
2874,B6T0000000968,E3,3,6,10,29,浅位,434700.0,434722.0492307692,434744.09846153844,22.04923076923077,22.04923076921841,44.09846153843682,否
2873,B6T0000000968,E3,3,5,13,40,浅位,434700.0,434744.09846153844,434773.36,29.261538461538464,44.09846153843682,73.35999999998603,否
2872,B6T0000000968,E3,3,5,13,40,深位,434700.0,434773.36,434802.62153846154,29.261538461538464,73.35999999998603,102.62153846153524,否
2427,B6T0000000890,E3,3,5,9,30,浅位,434940.0,435024.5538461539,435045.69230769237,21.138461538461538,84.5538461538963,105.69230769237038,否
725,B6T0000000140,E4,3,5,46,2,深位,434880.0,435210.5846153846,435269.3784615384,58.79384615384618,330.5846153845778,389.37846153840655,否
86,B6T0000000261,E4,3,5,43,2,浅位,435240.0,435565.0707692307,435619.2492307692,54.17846153846156,325.0707692307187,379.24923076917185,否
87,B6T0000000261,E4,3,5,43,2,深位,435240.0,435619.2492307692,435673.4276923076,54.17846153846156,379.24923076917185,433.42769230762497,否
95,B6T0000000261,E4,3,6,43,2,浅位,435240.0,435673.4276923076,435727.6061538461,54.17846153846156,433.42769230762497,487.6061538460781,否
91,B6T0000000261,E4,3,6,43,2,深位,435240.0,435727.6061538461,435781.78461538453,54.17846153846156,487.6061538460781,541.7846153845312,否
2190,B6T0000001648,E1,3,5,2,14,浅位,437400.0,437400.0,437411.4030769231,11.403076923076924,0.0,11.403076923103072,否
2191,B6T0000001648,E1,3,5,2,14,深位,437400.0,437411.4030769231,437422.8061538462,11.403076923076924,11.403076923103072,22.806153846206143,否
2192,B6T0000001648,E1,3,6,2,14,浅位,437400.0,437422.8061538462,437434.2092307693,11.403076923076924,22.806153846206143,34.209230769309215,否
2193,B6T0000001648,E1,3,6,2,14,深位,437400.0,437434.2092307693,437445.6123076924,11.403076923076924,34.209230769309215,45.61230769241229,否
1174,B6T0000001838,E1,3,5,8,3,浅位,437520.0,437611.96307692316,437623.53846153856,11.575384615384614,91.96307692315895,103.53846153855557,否
3668,B6T0000000148,E4,3,6,43,1,浅位,437940.0,437940.0,437993.85846153845,53.85846153846156,0.0,53.858461538446136,否
3669,B6T0000000148,E4,3,6,43,1,深位,437940.0,437993.85846153845,438047.7169230769,53.85846153846156,53.858461538446136,107.71692307689227,否
2942,B6T0000000747,E3,3,6,21,26,浅位,438900.0,438900.0,438934.6276923077,34.627692307692314,0.0,34.627692307694815,否
2941,B6T0000000747,E3,3,6,21,26,深位,438900.0,438934.6276923077,438969.2553846154,34.627692307692314,34.627692307694815,69.25538461538963,否
1261,B6T0000000615,E3,3,6,12,14,深位,443820.0,443820.0,443839.7107692308,19.71076923076923,0.0,19.710769230790902,否
1262,B6T0000000615,E3,3,5,16,3,浅位,443820.0,443839.7107692308,443860.8246153846,21.113846153846154,19.710769230790902,40.82461538462667,否
1263,B6T0000000615,E3,3,5,16,3,深位,443820.0,443860.8246153846,443881.93846153846,21.113846153846154,40.82461538462667,61.938461538462434,否
1264,B6T0000000615,E3,3,6,16,3,浅位,443820.0,443881.93846153846,443903.0523076923,21.113846153846154,61.938461538462434,83.0523076922982,否
1265,B6T0000000615,E3,3,5,20,3,浅位,443820.0,443903.0523076923,443929.0892307692,26.03692307692308,83.0523076922982,109.08923076919746,否
1269,B6T0000000615,E3,3,5,20,3,深位,443820.0,443929.0892307692,443955.1261538461,26.03692307692308,109.08923076919746,135.1261538460967,否
1276,B6T0000000615,E3,3,6,20,3,浅位,443820.0,443955.1261538461,443981.163076923,26.03692307692308,135.1261538460967,161.16307692299597,否
1274,B6T0000000615,E3,3,6,20,3,深位,443820.0,443981.163076923,444007.1999999999,26.03692307692308,161.16307692299597,187.19999999989523,否
1271,B6T0000000615,E3,3,5,20,5,浅位,443820.0,444113.90769230755,444140.58461538446,26.67692307692308,293.90769230754813,320.58461538446136,否
1270,B6T0000000615,E3,3,5,20,5,深位,443820.0,444140.58461538446,444167.2615384614,26.67692307692308,320.58461538446136,347.2615384613746,否
1268,B6T0000000615,E3,3,6,20,5,浅位,443820.0,444167.2615384614,444193.9384615383,26.67692307692308,347.2615384613746,373.9384615382878,否
1275,B6T0000000615,E3,3,6,20,5,深位,443820.0,444193.9384615383,444220.6153846152,26.67692307692308,373.9384615382878,400.61538461520104,否
1116,B6T0000001301,E3,3,5,9,15,浅位,443880.0,444225.4769230771,444241.81538461556,16.338461538461537,345.4769230770762,361.8153846155619,否
1108,B6T0000001301,E3,3,5,9,15,深位,443880.0,444241.81538461556,444258.15384615405,16.338461538461537,361.8153846155619,378.15384615404764,否
1114,B6T0000001301,E3,3,6,9,15,浅位,443880.0,444258.15384615405,444274.49230769253,16.338461538461537,378.15384615404764,394.49230769253336,否
1115,B6T0000001301,E3,3,6,9,15,深位,443880.0,444274.49230769253,444290.830769231,16.338461538461537,394.49230769253336,410.8307692310191,否
1132,B6T0000001955,E1,3,5,4,5,浅位,447420.0,447692.64923076914,447730.57846153836,37.929230769230784,272.6492307691369,310.57846153836,是
1124,B6T0000001955,E1,3,5,4,5,深位,447420.0,447768.5076923076,447806.4369230768,37.929230769230784,348.50769230758306,386.4369230768061,是
1129,B6T0000001955,E1,3,6,4,5,浅位,447420.0,447844.36615384603,447882.29538461525,37.929230769230784,424.3661538460292,462.29538461525226,是
1128,B6T0000001955,E1,3,6,4,5,深位,447420.0,447920.2246153845,447958.1538461537,37.929230769230784,500.2246153844753,538.1538461536984,是
1325,B6T0000001360,E1,3,5,2,7,浅位,454620.0,454638.3261538461,454647.48923076916,9.163076923076924,18.326153846108355,27.489230769162532,否
1326,B6T0000001360,E1,3,5,2,7,深位,454620.0,454647.48923076916,454656.6523076922,9.163076923076924,27.489230769162532,36.65230769221671,否
1327,B6T0000001360,E1,3,6,2,7,浅位,454620.0,454656.6523076922,454665.81538461527,9.163076923076924,36.65230769221671,45.81538461527089,否
1328,B6T0000001360,E1,3,6,2,7,深位,454620.0,454665.81538461527,454674.9784615383,9.163076923076924,45.81538461527089,54.978461538325064,否
2846,B6T0000001506,E1,3,6,1,9,浅位,455280.0,455280.0,455289.1876923077,9.187692307692307,0.0,9.187692307692487,否
2847,B6T0000001506,E1,3,6,1,9,深位,455280.0,455289.1876923077,455298.3753846154,9.187692307692307,9.187692307692487,18.375384615384974,否
2845,B6T0000001506,E1,3,5,10,1,浅位,455280.0,455298.3753846154,455311.46461538464,13.08923076923077,18.375384615384974,31.464615384640638,否
2844,B6T0000001506,E1,3,5,10,1,深位,455280.0,455311.46461538464,455324.5538461539,13.08923076923077,31.464615384640638,44.5538461538963,否
2683,B6T0000000161,E4,3,5,43,3,浅位,461520.0,461520.0,461574.49846153846,54.49846153846156,0.0,54.498461538460106,否
2680,B6T0000000161,E4,3,5,43,3,深位,461520.0,461574.49846153846,461628.9969230769,54.49846153846156,54.498461538460106,108.99692307692021,否
2682,B6T0000000161,E4,3,6,43,3,浅位,461520.0,461628.9969230769,461683.4953846154,54.49846153846156,108.99692307692021,163.49538461538032,否
2681,B6T0000000161,E4,3,6,43,3,深位,461520.0,461683.4953846154,461737.99384615384,54.49846153846156,163.49538461538032,217.99384615384042,否
1197,B6T0000001639,E1,3,5,3,6,浅位,463080.0,463155.66769230785,463165.12615384633,9.458461538461538,75.66769230784848,85.12615384632954,否
1203,B6T0000001639,E1,3,5,3,6,深位,463080.0,463165.12615384633,463174.5846153848,9.458461538461538,85.12615384632954,94.5846153848106,否
1199,B6T0000001639,E1,3,6,3,6,浅位,463080.0,463174.5846153848,463184.0430769233,9.458461538461538,94.5846153848106,104.04307692329166,否
1200,B6T0000001639,E1,3,6,3,6,深位,463080.0,463184.0430769233,463193.5015384618,9.458461538461538,104.04307692329166,113.50153846177272,否
3143,B6T0000001842,E1,3,5,4,5,浅位,464760.0,464760.0,464769.75384615385,9.753846153846155,0.0,9.753846153849736,否
3142,B6T0000001842,E1,3,5,4,5,深位,464760.0,464769.75384615385,464779.5076923077,9.753846153846155,9.753846153849736,19.50769230769947,否
3144,B6T0000001842,E1,3,6,4,5,浅位,464760.0,464779.5076923077,464789.26153846155,9.753846153846155,19.50769230769947,29.261538461549208,否
1399,B6T0000000367,E3,3,6,9,9,浅位,465120.0,465120.0,465134.41846153844,14.418461538461537,0.0,14.418461538443808,否
1398,B6T0000000367,E3,3,6,9,9,深位,465120.0,465134.41846153844,465148.8369230769,14.418461538461537,14.418461538443808,28.836923076887615,否
1400,B6T0000000367,E3,3,5,13,14,深位,465120.0,465148.8369230769,465169.77846153843,20.941538461538464,28.836923076887615,49.77846153842984,否
1396,B6T0000000367,E3,3,6,13,14,浅位,465120.0,465169.77846153843,465190.72,20.941538461538464,49.77846153842984,70.71999999997206,否
1394,B6T0000000367,E3,3,6,12,34,深位,465120.0,465190.72,465216.8307692307,26.11076923076923,70.71999999997206,96.83076923072804,否
1393,B6T0000000367,E3,3,6,13,32,浅位,465120.0,465216.8307692307,465243.5323076923,26.701538461538462,96.83076923072804,123.53230769227957,否
1392,B6T0000000367,E3,3,6,13,32,深位,465120.0,465243.5323076923,465270.23384615383,26.701538461538462,123.53230769227957,150.2338461538311,否
1391,B6T0000000367,E3,3,5,21,3,浅位,465120.0,465270.23384615383,465297.50153846154,27.26769230769231,150.2338461538311,177.5015384615399,否
1390,B6T0000000367,E3,3,5,21,3,深位,465120.0,465297.50153846154,465324.76923076925,27.26769230769231,177.5015384615399,204.76923076924868,否
1397,B6T0000000367,E3,3,6,21,3,浅位,465120.0,465324.76923076925,465352.03692307696,27.26769230769231,204.76923076924868,232.03692307695746,否
1395,B6T0000000367,E3,3,6,21,3,深位,465120.0,465352.03692307696,465379.30461538467,27.26769230769231,232.03692307695746,259.30461538466625,否
1389,B6T0000000367,E3,3,6,20,13,浅位,465120.0,465379.30461538467,465408.5415384616,29.23692307692308,259.30461538466625,288.54153846157715,否
1401,B6T0000000367,E3,3,6,20,13,深位,465120.0,465408.5415384616,465437.7784615385,29.23692307692308,288.54153846157715,317.77846153848805,否
3446,B6T0000000013,E4,3,6,43,1,浅位,471000.0,471000.0,471053.85846153845,53.85846153846156,0.0,53.858461538446136,否
3447,B6T0000000013,E4,3,6,43,1,深位,471000.0,471053.85846153845,471107.7169230769,53.85846153846156,53.858461538446136,107.71692307689227,否
1816,B6T0000001665,E1,3,6,2,10,浅位,471120.0,471120.0,471130.1230769231,10.123076923076923,0.0,10.123076923075132,否
1818,B6T0000001665,E1,3,6,2,10,深位,471120.0,471130.1230769231,471140.24615384615,10.123076923076923,10.123076923075132,20.246153846150264,否
3022,B6T0000001792,E1,3,6,2,4,深位,471780.0,471780.0,471788.2030769231,8.203076923076923,0.0,8.20307692309143,否
3023,B6T0000001792,E1,3,5,1,10,浅位,471780.0,471788.2030769231,471797.7107692308,9.507692307692308,8.20307692309143,17.710769230790902,否
3024,B6T0000001792,E1,3,5,1,10,深位,471780.0,471797.7107692308,471807.2184615385,9.507692307692308,17.710769230790902,27.218461538490374,否
1244,B6T0000001022,E3,3,5,14,11,浅位,477120.0,477120.0,477141.21230769233,21.212307692307693,0.0,21.212307692330796,否
1243,B6T0000001022,E3,3,5,14,11,深位,477120.0,477141.21230769233,477162.42461538466,21.212307692307693,21.212307692330796,42.42461538466159,否
1237,B6T0000001022,E3,3,6,14,11,浅位,477120.0,477162.42461538466,477183.636923077,21.212307692307693,42.42461538466159,63.63692307699239,否
1240,B6T0000001022,E3,3,6,14,11,深位,477120.0,477183.636923077,477204.8492307693,21.212307692307693,63.63692307699239,84.84923076932319,否
1906,B6T0000001740,E1,3,5,4,10,浅位,480000.0,480045.4153846153,480056.76923076913,11.353846153846154,45.41538461530581,56.769230769132264,否
1905,B6T0000001740,E1,3,5,4,10,深位,480000.0,480056.76923076913,480068.12307692296,11.353846153846154,56.769230769132264,68.12307692295872,否
1908,B6T0000001740,E1,3,6,4,10,浅位,480000.0,480068.12307692296,480079.4769230768,11.353846153846154,68.12307692295872,79.47692307678517,否
1904,B6T0000001740,E1,3,6,4,10,深位,480000.0,480079.4769230768,480090.8307692306,11.353846153846154,79.47692307678517,90.83076923061162,否
385,B6T0000000471,E3,3,6,17,1,深位,486000.0,486000.0,486021.70461538463,21.704615384615384,0.0,21.704615384631325,否
1705,B6T0000001342,E1,3,5,4,8,浅位,486000.0,486042.8553846155,486053.56923076935,10.713846153846154,42.85538461548276,53.56923076935345,否
1698,B6T0000001342,E1,3,5,4,8,深位,486000.0,486053.56923076935,486064.2830769232,10.713846153846154,53.56923076935345,64.28307692322414,否
1706,B6T0000001342,E1,3,6,4,8,浅位,486000.0,486064.2830769232,486074.9969230771,10.713846153846154,64.28307692322414,74.99692307709483,否
1704,B6T0000001342,E1,3,6,4,8,深位,486000.0,486074.9969230771,486085.71076923097,10.713846153846154,74.99692307709483,85.71076923096552,否
2084,B6T0000001673,E1,3,5,6,10,浅位,487860.0,487910.33846153854,487922.9230769232,12.584615384615384,50.338461538543925,62.923076923179906,否
2079,B6T0000001673,E1,3,5,6,10,深位,487860.0,487922.9230769232,487935.5076923078,12.584615384615384,62.923076923179906,75.50769230781589,否
2080,B6T0000001673,E1,3,6,6,10,浅位,487860.0,487935.5076923078,487948.09230769245,12.584615384615384,75.50769230781589,88.09230769245187,否
3504,B6T0000000505,E3,3,5,21,6,深位,488340.0,488340.0,488368.2276923077,28.227692307692312,0.0,28.227692307671532,否
3505,B6T0000000505,E3,3,6,21,6,浅位,488340.0,488368.2276923077,488396.45538461534,28.227692307692312,28.227692307671532,56.455384615343064,否
3610,B6T0000000201,E4,3,6,45,6,深位,488760.0,488760.0,488818.53538461536,58.53538461538464,0.0,58.53538461535936,否
3611,B6T0000000201,E4,3,5,46,5,浅位,488760.0,488818.53538461536,488878.2892307692,59.75384615384618,58.53538461535936,118.2892307692091,否
697,B6T0000001180,E3,3,5,11,9,深位,518220.0,518220.0,518236.88,16.88,0.0,16.880000000004657,否
701,B6T0000001180,E3,3,6,11,9,浅位,518220.0,518236.88,518253.76,16.88,16.880000000004657,33.76000000000931,否
702,B6T0000001180,E3,3,6,11,9,深位,518220.0,518253.76,518270.64,16.88,33.76000000000931,50.64000000001397,否
1866,B6T0000000725,E3,3,5,13,19,浅位,518520.0,518721.1446153846,518743.6861538461,22.54153846153846,201.14461538457545,223.68615384609438,否
2626,B6T0000000212,E4,3,6,44,3,深位,518940.0,518940.0,518996.0369230769,56.0369230769231,0.0,56.03692307689926,否
2624,B6T0000000212,E4,3,5,43,10,浅位,518940.0,518996.0369230769,519052.77538461535,56.738461538461564,56.03692307689926,112.77538461535005,否
2625,B6T0000000212,E4,3,5,43,10,深位,518940.0,519052.77538461535,519109.5138461538,56.738461538461564,112.77538461535005,169.51384615380084,否
2627,B6T0000000212,E4,3,6,43,10,浅位,518940.0,519109.5138461538,519166.25230769225,56.738461538461564,169.51384615380084,226.25230769225163,否
1281,B6T0000001854,E1,3,6,7,4,浅位,519120.0,519166.25230769225,519177.5323076923,11.280000000000001,46.252307692251634,57.53230769227957,否
1282,B6T0000001854,E1,3,6,7,4,深位,519120.0,519177.5323076923,519188.8123076923,11.280000000000001,57.53230769227957,68.81230769230751,否
3042,B6T0000000350,E3,3,5,11,38,浅位,520560.0,520596.2215384615,520622.3815384615,26.16,36.221538461511955,62.38153846148634,否
618,B6T0000000247,E4,3,5,45,2,浅位,521520.0,521634.5107692308,521691.76615384617,57.25538461538464,114.51076923077926,171.7661538461689,否
617,B6T0000000247,E4,3,5,45,2,深位,521520.0,521691.76615384617,521749.02153846156,57.25538461538464,171.7661538461689,229.02153846155852,否
616,B6T0000000247,E4,3,6,45,2,浅位,521520.0,521749.02153846156,521806.27692307695,57.25538461538464,229.02153846155852,286.27692307694815,否
615,B6T0000000247,E4,3,6,45,2,深位,521520.0,521806.27692307695,521863.53230769234,57.25538461538464,286.27692307694815,343.5323076923378,否
2184,B6T0000001469,E1,3,5,1,6,浅位,530880.0,530880.0,530888.2276923077,8.227692307692308,0.0,8.227692307671532,否
2187,B6T0000001469,E1,3,5,1,6,深位,530880.0,530888.2276923077,530896.4553846153,8.227692307692308,8.227692307671532,16.455384615343064,否
2188,B6T0000001469,E1,3,6,1,6,浅位,530880.0,530896.4553846153,530904.683076923,8.227692307692308,16.455384615343064,24.683076923014596,否
2189,B6T0000001469,E1,3,5,5,2,浅位,530880.0,530904.683076923,530914.0923076923,9.409230769230769,24.683076923014596,34.092307692277245,否
2186,B6T0000001469,E1,3,5,5,2,深位,530880.0,530914.0923076923,530923.5015384615,9.409230769230769,34.092307692277245,43.501538461539894,否
2185,B6T0000001469,E1,3,6,5,2,浅位,530880.0,530923.5015384615,530932.9107692308,9.409230769230769,43.501538461539894,52.91076923080254,否
1928,B6T0000001140,E3,3,5,9,12,浅位,532200.0,532200.0,532215.3784615385,15.378461538461538,0.0,15.378461538464762,否
1927,B6T0000001140,E3,3,5,9,12,深位,532200.0,532215.3784615385,532230.7569230769,15.378461538461538,15.378461538464762,30.756923076929525,否
1926,B6T0000001140,E3,3,5,13,8,浅位,532200.0,532230.7569230769,532249.7784615385,19.021538461538462,30.756923076929525,49.778461538488045,否
1925,B6T0000001140,E3,3,5,13,8,深位,532200.0,532249.7784615385,532268.8,19.021538461538462,49.778461538488045,68.80000000004657,否
1929,B6T0000001140,E3,3,6,13,8,浅位,532200.0,532268.8,532287.8215384616,19.021538461538462,68.80000000004657,87.82153846160509,否
3708,B6T0000001247,E3,3,5,13,64,浅位,533880.0,533880.0,533916.9415384615,36.941538461538464,0.0,36.941538461484015,否
3709,B6T0000001247,E3,3,5,13,64,深位,533880.0,533916.9415384615,533953.883076923,36.941538461538464,36.941538461484015,73.88307692296803,否
3320,B6T0000001039,E3,3,5,12,11,浅位,534360.0,534360.0,534378.7507692308,18.75076923076923,0.0,18.750769230769947,否
3321,B6T0000001039,E3,3,5,12,11,深位,534360.0,534378.7507692308,534397.5015384615,18.75076923076923,18.750769230769947,37.501538461539894,否
2069,B6T0000000389,E3,3,6,17,17,浅位,536220.0,536242.7138461538,536269.5384615384,26.824615384615385,22.713846153812483,49.53846153838094,否
2066,B6T0000000389,E3,3,6,17,17,深位,536220.0,536269.5384615384,536296.363076923,26.824615384615385,49.53846153838094,76.3630769229494,否
2096,B6T0000000116,E4,3,5,45,11,浅位,548100.0,548455.6923076923,548515.8276923076,60.135384615384645,355.69230769225396,415.82769230764825,否
2406,B6T0000000509,E3,3,5,9,10,浅位,549000.0,549000.0,549014.7384615385,14.738461538461538,0.0,14.738461538450792,否
2405,B6T0000000509,E3,3,5,9,10,深位,549000.0,549014.7384615385,549029.4769230769,14.738461538461538,14.738461538450792,29.476923076901585,否
2407,B6T0000000509,E3,3,6,9,10,浅位,549000.0,549029.4769230769,549044.2153846154,14.738461538461538,29.476923076901585,44.21538461535238,否
2408,B6T0000000509,E3,3,6,9,10,深位,549000.0,549044.2153846154,549058.9538461538,14.738461538461538,44.21538461535238,58.95384615380317,否
2409,B6T0000000509,E3,3,5,14,43,浅位,549000.0,549058.9538461538,549090.4061538461,31.45230769230769,58.95384615380317,90.40615384606645,否
884,B6T0000000488,E3,3,6,13,8,深位,555480.0,555480.0,555499.0215384616,19.021538461538462,0.0,19.02153846155852,否
3296,B6T0000001036,E3,3,5,12,14,浅位,555840.0,555840.0,555859.7107692307,19.71076923076923,0.0,19.710769230732694,否
3297,B6T0000001036,E3,3,5,12,14,深位,555840.0,555859.7107692307,555879.4215384615,19.71076923076923,19.710769230732694,39.42153846146539,否
3434,B6T0000001010,E3,3,5,15,57,浅位,559140.0,559140.0,559177.1630769231,37.16307692307692,0.0,37.163076923112385,否
3435,B6T0000001010,E3,3,5,15,57,深位,559140.0,559177.1630769231,559214.3261538462,37.16307692307692,37.163076923112385,74.32615384622477,否
1078,B6T0000000178,E4,3,5,47,2,浅位,558720.0,559537.3292307691,559597.6615384613,60.33230769230772,817.3292307690717,877.6615384613397,否
1077,B6T0000000178,E4,3,5,47,2,深位,558720.0,559597.6615384613,559657.9938461536,60.33230769230772,877.6615384613397,937.9938461536076,否
1075,B6T0000000178,E4,3,6,47,2,浅位,558720.0,559657.9938461536,559718.3261538459,60.33230769230772,937.9938461536076,998.3261538458755,否
1080,B6T0000000178,E4,3,6,47,2,深位,558720.0,559718.3261538459,559778.6584615381,60.33230769230772,998.3261538458755,1058.6584615381435,否
1949,B6T0000000507,E3,3,5,10,8,浅位,559800.0,559800.0,559815.3292307692,15.329230769230769,0.0,15.329230769188143,否
1951,B6T0000000507,E3,3,5,10,8,深位,559800.0,559815.3292307692,559830.6584615384,15.329230769230769,15.329230769188143,30.658461538376287,否
1952,B6T0000000507,E3,3,6,10,8,浅位,559800.0,559830.6584615384,559845.9876923076,15.329230769230769,30.658461538376287,45.98769230756443,否
1953,B6T0000000507,E3,3,6,10,8,深位,559800.0,559845.9876923076,559861.3169230768,15.329230769230769,45.98769230756443,61.31692307675257,否
1954,B6T0000000507,E3,3,5,9,16,浅位,559800.0,559861.3169230768,559877.9753846152,16.658461538461538,61.31692307675257,77.97538461524528,否
1950,B6T0000000507,E3,3,5,9,16,深位,559800.0,559877.9753846152,559894.6338461537,16.658461538461538,77.97538461524528,94.63384615373798,否
1955,B6T0000000507,E3,3,6,9,16,浅位,559800.0,559894.6338461537,559911.2923076922,16.658461538461538,94.63384615373798,111.29230769223068,否
1956,B6T0000000507,E3,3,6,9,16,深位,559800.0,559911.2923076922,559927.9507692307,16.658461538461538,111.29230769223068,127.95076923072338,否
2244,B6T0000000094,E4,3,5,47,10,浅位,560100.0,560456.3076923075,560519.1999999998,62.892307692307725,356.3076923075132,419.199999999837,否
2695,B6T0000001059,E3,3,5,9,8,浅位,573300.0,573300.0,573314.0984615384,14.098461538461537,0.0,14.098461538436823,否
2693,B6T0000001059,E3,3,5,9,8,深位,573300.0,573314.0984615384,573328.1969230769,14.098461538461537,14.098461538436823,28.196923076873645,否
2692,B6T0000001059,E3,3,6,9,8,浅位,573300.0,573328.1969230769,573342.2953846153,14.098461538461537,28.196923076873645,42.29538461531047,否
2694,B6T0000001059,E3,3,6,9,8,深位,573300.0,573342.2953846153,573356.3938461537,14.098461538461537,42.29538461531047,56.39384615374729,否
3698,B6T0000001866,E1,4,8,7,53,浅位,4080.0,4080.0,4106.96,26.96,0.0,26.960000000000036,否
3699,B6T0000001866,E1,4,8,7,53,深位,4080.0,4106.96,4133.92,26.96,26.960000000000036,53.92000000000007,否
2722,B6T0000001496,E1,4,7,6,22,浅位,11160.0,11160.0,11176.424615384616,16.424615384615386,0.0,16.424615384616118,否
2720,B6T0000001496,E1,4,7,6,22,深位,11160.0,11176.424615384616,11192.849230769232,16.424615384615386,16.424615384616118,32.849230769232236,否
2723,B6T0000001496,E1,4,8,6,22,浅位,11160.0,11192.849230769232,11209.273846153848,16.424615384615386,32.849230769232236,49.27384615384835,否
2721,B6T0000001496,E1,4,8,6,22,深位,11160.0,11209.273846153848,11225.698461538464,16.424615384615386,49.27384615384835,65.69846153846447,否
3527,B6T0000000844,E3,4,8,32,32,浅位,16500.0,16500.0,16550.086153846154,50.086153846153856,0.0,50.08615384615405,否
3526,B6T0000000844,E3,4,8,32,32,深位,16500.0,16550.086153846154,16600.172307692308,50.086153846153856,50.08615384615405,100.1723076923081,否
590,B6T0000001238,E3,4,7,15,4,浅位,19080.0,19080.0,19100.203076923077,20.20307692307692,0.0,20.20307692307688,否
594,B6T0000001238,E3,4,7,15,4,深位,19080.0,19100.203076923077,19120.406153846154,20.20307692307692,20.20307692307688,40.40615384615376,否
579,B6T0000001238,E3,4,8,15,4,浅位,19080.0,19120.406153846154,19140.60923076923,20.20307692307692,40.40615384615376,60.609230769230635,否
580,B6T0000001238,E3,4,8,15,4,深位,19080.0,19140.60923076923,19160.812307692308,20.20307692307692,60.609230769230635,80.81230769230751,否
3306,B6T0000001385,E1,4,7,3,40,浅位,19740.0,19753.71076923077,19778.332307692308,24.62153846153846,13.710769230769074,38.33230769230795,是
3307,B6T0000001385,E1,4,7,3,40,深位,19740.0,19793.267692307694,19812.36307692308,19.095384615384617,53.26769230769423,72.36307692308037,是
1976,B6T0000001165,E3,4,7,18,15,浅位,20280.0,20470.843076923098,20498.258461538484,27.415384615384617,190.84307692309812,218.25846153848397,否
1975,B6T0000001165,E3,4,7,18,15,深位,20280.0,20498.258461538484,20525.67384615387,27.415384615384617,218.25846153848397,245.67384615386982,否
713,B6T0000000313,E4,4,7,45,3,浅位,19560.0,20585.99384615387,20643.569230769255,57.57538461538464,1025.9938461538695,1083.5692307692552,否
717,B6T0000000313,E4,4,7,45,3,深位,19560.0,20643.569230769255,20701.14461538464,57.57538461538464,1083.5692307692552,1141.144615384641,否
704,B6T0000000313,E4,4,8,45,3,浅位,19560.0,20701.14461538464,20758.720000000027,57.57538461538464,1141.144615384641,1198.7200000000266,否
3276,B6T0000000714,E3,4,8,14,42,浅位,21000.0,21000.0,21031.132307692307,31.13230769230769,0.0,31.132307692307222,否
3277,B6T0000000714,E3,4,8,14,42,深位,21000.0,21031.132307692307,21062.264615384614,31.13230769230769,31.132307692307222,62.264615384614444,否
2995,B6T0000001393,E1,4,7,5,28,浅位,29940.0,29940.0,29957.72923076923,17.72923076923077,0.0,17.729230769229616,否
2996,B6T0000001393,E1,4,7,5,28,深位,29940.0,29957.72923076923,29975.45846153846,17.72923076923077,17.729230769229616,35.45846153845923,否
2997,B6T0000001393,E1,4,8,5,28,浅位,29940.0,29975.45846153846,29993.18769230769,17.72923076923077,35.45846153845923,53.18769230768885,否
1556,B6T0000001735,E1,4,7,7,5,浅位,30420.0,30466.399999999994,30477.999999999993,11.6,46.39999999999418,57.999999999992724,否
1555,B6T0000001735,E1,4,7,7,5,深位,30420.0,30477.999999999993,30489.59999999999,11.6,57.999999999992724,69.59999999999127,否
1554,B6T0000001735,E1,4,8,7,5,浅位,30420.0,30489.59999999999,30501.19999999999,11.6,69.59999999999127,81.19999999998981,否
1565,B6T0000001735,E1,4,8,7,5,深位,30420.0,30501.19999999999,30512.79999999999,11.6,81.19999999998981,92.79999999998836,否
3275,B6T0000000569,E3,4,8,35,20,浅位,34740.0,34740.0,34789.93846153846,49.93846153846155,0.0,49.938461538462434,否
3274,B6T0000000569,E3,4,8,35,20,深位,34740.0,34789.93846153846,34839.876923076925,49.93846153846155,49.938461538462434,99.87692307692487,否
1717,B6T0000001672,E1,4,7,6,7,浅位,35040.0,35063.24923076923,35074.873846153845,11.624615384615385,23.249230769230053,34.87384615384508,否
1723,B6T0000001672,E1,4,7,6,7,深位,35040.0,35074.873846153845,35086.49846153846,11.624615384615385,34.87384615384508,46.498461538460106,否
1724,B6T0000001672,E1,4,8,6,7,浅位,35040.0,35086.49846153846,35098.123076923075,11.624615384615385,46.498461538460106,58.12307692307513,否
1718,B6T0000001672,E1,4,8,6,7,深位,35040.0,35098.123076923075,35109.74769230769,11.624615384615385,58.12307692307513,69.74769230769016,否
2966,B6T0000000501,E3,4,7,36,11,浅位,36180.0,36276.57846153846,36324.86769230769,48.289230769230784,96.57846153846185,144.86769230769278,否
2367,B6T0000001801,E1,4,7,7,13,浅位,37800.0,37828.32000000001,37842.48000000001,14.16,28.320000000006985,42.48000000001048,否
2364,B6T0000001801,E1,4,7,7,13,深位,37800.0,37842.48000000001,37856.640000000014,14.16,42.48000000001048,56.64000000001397,否
2363,B6T0000001801,E1,4,8,7,13,浅位,37800.0,37856.640000000014,37870.80000000002,14.16,56.64000000001397,70.80000000001746,否
2365,B6T0000001801,E1,4,8,7,13,深位,37800.0,37870.80000000002,37884.96000000002,14.16,70.80000000001746,84.96000000002095,否
3483,B6T0000000952,E3,4,7,16,47,浅位,41280.0,41280.0,41315.193846153845,35.19384615384615,0.0,35.19384615384479,否
3482,B6T0000000952,E3,4,7,16,47,深位,41280.0,41315.193846153845,41350.38769230769,35.19384615384615,35.19384615384479,70.38769230768958,否
2060,B6T0000000120,E4,4,7,48,7,浅位,43980.0,44229.421538461545,44292.89230769232,63.470769230769264,249.42153846154542,312.89230769231654,否
2059,B6T0000000120,E4,4,7,48,7,深位,43980.0,44292.89230769232,44356.36307692309,63.470769230769264,312.89230769231654,376.36307692308765,否
3496,B6T0000001087,E3,4,8,19,44,浅位,44340.0,44356.36307692309,44394.28923076924,37.92615384615385,16.363076923087647,54.2892307692382,否
3497,B6T0000001087,E3,4,8,19,44,深位,44340.0,44394.28923076924,44432.21538461539,37.92615384615385,54.2892307692382,92.21538461538876,否
2057,B6T0000000120,E4,4,8,48,7,浅位,43980.0,44432.21538461539,44495.68615384616,63.470769230769264,452.21538461538876,515.6861538461599,否
3283,B6T0000001099,E3,4,8,14,2,深位,48480.0,48480.0,48498.332307692304,18.332307692307694,0.0,18.332307692304312,否
3282,B6T0000001099,E3,4,8,17,2,深位,48480.0,48498.332307692304,48520.35692307692,22.024615384615384,18.332307692304312,40.35692307692079,否
2554,B6T0000001153,E3,4,7,10,31,浅位,51060.0,51060.0,51082.68923076923,22.689230769230768,0.0,22.68923076923238,否
2553,B6T0000001153,E3,4,7,10,31,深位,51060.0,51082.68923076923,51105.378461538465,22.689230769230768,22.68923076923238,45.37846153846476,否
2552,B6T0000001153,E3,4,8,10,31,浅位,51060.0,51105.378461538465,51128.0676923077,22.689230769230768,45.37846153846476,68.06769230769714,否
2551,B6T0000001153,E3,4,8,10,31,深位,51060.0,51128.0676923077,51150.75692307693,22.689230769230768,68.06769230769714,90.75692307692952,否
2890,B6T0000001622,E1,4,8,5,26,浅位,51960.0,51960.0,51977.089230769234,17.08923076923077,0.0,17.089230769233836,否
2892,B6T0000001622,E1,4,8,5,26,深位,51960.0,51977.089230769234,51994.17846153847,17.08923076923077,17.089230769233836,34.17846153846767,否
664,B6T0000001698,E1,4,7,8,1,浅位,54180.0,54245.612307692296,54256.54769230768,10.935384615384615,65.61230769229587,76.54769230767852,否
665,B6T0000001698,E1,4,7,8,1,深位,54180.0,54256.54769230768,54267.48307692306,10.935384615384615,76.54769230767852,87.48307692306116,否
663,B6T0000001698,E1,4,8,8,1,浅位,54180.0,54267.48307692306,54278.418461538444,10.935384615384615,87.48307692306116,98.41846153844381,否
662,B6T0000001698,E1,4,8,8,1,深位,54180.0,54278.418461538444,54289.35384615383,10.935384615384615,98.41846153844381,109.35384615382645,否
1573,B6T0000001553,E1,4,7,2,8,浅位,54600.0,54656.898461538454,54666.38153846153,9.483076923076922,56.898461538454285,66.38153846153,否
1566,B6T0000001553,E1,4,7,2,8,深位,54600.0,54666.38153846153,54675.864615384606,9.483076923076922,66.38153846153,75.86461538460571,否
1576,B6T0000001553,E1,4,8,2,8,浅位,54600.0,54675.864615384606,54685.34769230768,9.483076923076922,75.86461538460571,85.34769230768143,否
1575,B6T0000001553,E1,4,8,2,8,深位,54600.0,54685.34769230768,54694.83076923076,9.483076923076922,85.34769230768143,94.83076923075714,否
2282,B6T0000001811,E1,4,7,2,15,浅位,54840.0,54886.892307692295,54898.61538461537,11.723076923076924,46.89230769229471,58.615384615368384,否
2279,B6T0000001811,E1,4,7,2,15,深位,54840.0,54898.61538461537,54910.33846153844,11.723076923076924,58.615384615368384,70.33846153844206,否
366,B6T0000001440,E1,4,7,5,2,浅位,55740.0,55796.4553846154,55805.864615384635,9.409230769230769,56.45538461540127,65.86461538463482,否
371,B6T0000001440,E1,4,7,5,2,深位,55740.0,55805.864615384635,55815.27384615387,9.409230769230769,65.86461538463482,75.27384615386836,否
365,B6T0000001440,E1,4,8,5,2,浅位,55740.0,55815.27384615387,55824.6830769231,9.409230769230769,75.27384615386836,84.68307692310191,否
378,B6T0000001440,E1,4,8,5,2,深位,55740.0,55824.6830769231,55834.092307692335,9.409230769230769,84.68307692310191,94.09230769233545,否
445,B6T0000000678,E3,4,7,9,10,浅位,56280.0,56417.46461538463,56432.20307692309,14.738461538461538,137.46461538463336,152.20307692309143,否
446,B6T0000000678,E3,4,7,9,10,深位,56280.0,56432.20307692309,56446.94153846155,14.738461538461538,152.20307692309143,166.9415384615495,否
447,B6T0000000678,E3,4,8,9,10,浅位,56280.0,56446.94153846155,56461.68000000001,14.738461538461538,166.9415384615495,181.68000000000757,否
448,B6T0000000678,E3,4,8,9,10,深位,56280.0,56461.68000000001,56476.418461538466,14.738461538461538,181.68000000000757,196.41846153846564,否
3546,B6T0000001365,E1,4,8,5,49,浅位,85980.0,85980.0,86004.44923076923,24.44923076923077,0.0,24.449230769227142,否
3547,B6T0000001365,E1,4,8,5,49,深位,85980.0,86004.44923076923,86028.89846153845,24.44923076923077,24.449230769227142,48.898461538454285,否
2688,B6T0000001182,E3,4,8,38,4,浅位,85980.0,86028.89846153845,86077.40923076922,48.51076923076925,48.898461538454285,97.409230769219,否
2690,B6T0000001182,E3,4,8,38,4,深位,85980.0,86077.40923076922,86125.91999999998,48.51076923076925,97.409230769219,145.9199999999837,否
1947,B6T0000000292,E4,4,7,44,11,浅位,86220.0,86454.3876923077,86512.98461538463,58.596923076923105,234.38769230770413,292.98461538463016,否
1946,B6T0000000292,E4,4,7,44,11,深位,86220.0,86512.98461538463,86571.58153846156,58.596923076923105,292.98461538463016,351.5815384615562,否
1471,B6T0000000631,E3,4,8,24,3,浅位,86520.0,86571.58153846156,86602.54153846156,30.960000000000008,51.58153846155619,82.5415384615626,否
1480,B6T0000000631,E3,4,8,24,3,深位,86520.0,86602.54153846156,86633.50153846157,30.960000000000008,82.5415384615626,113.501538461569,否
1945,B6T0000000292,E4,4,8,44,11,浅位,86220.0,86633.50153846157,86692.0984615385,58.596923076923105,413.501538461569,472.09846153849503,否
1942,B6T0000000292,E4,4,8,44,11,深位,86220.0,86692.0984615385,86750.69538461542,58.596923076923105,472.09846153849503,530.6953846154211,否
2745,B6T0000001086,E3,4,7,20,24,浅位,86820.0,86885.51384615386,86918.27076923079,32.75692307692308,65.51384615385905,98.27076923078857,否
2746,B6T0000001086,E3,4,7,20,24,深位,86820.0,86918.27076923079,86951.02769230772,32.75692307692308,98.27076923078857,131.0276923077181,否
3676,B6T0000000818,E3,4,7,27,42,浅位,87060.0,87081.29846153848,87115.05230769233,33.753846153846155,21.298461538477568,55.052307692327304,是
3677,B6T0000000818,E3,4,7,27,42,深位,87060.0,87115.05230769233,87162.18461538464,47.1323076923077,55.052307692327304,102.1846153846418,否
1836,B6T0000000536,E3,4,7,23,8,浅位,87000.0,87162.18461538464,87193.51384615387,31.329230769230772,162.1846153846418,193.5138461538736,否
1837,B6T0000000536,E3,4,7,23,8,深位,87000.0,87193.51384615387,87224.8430769231,31.329230769230772,193.5138461538736,224.8430769231054,否
1839,B6T0000000536,E3,4,8,23,8,浅位,87000.0,87224.8430769231,87256.17230769234,31.329230769230772,224.8430769231054,256.1723076923372,否
1840,B6T0000000536,E3,4,8,23,8,深位,87000.0,87256.17230769234,87287.50153846157,31.329230769230772,256.1723076923372,287.501538461569,否
1666,B6T0000001355,E1,4,7,1,9,浅位,87240.0,87287.50153846157,87296.68923076926,9.187692307692307,47.501538461569,56.689230769261485,否
1670,B6T0000001355,E1,4,7,1,9,深位,87240.0,87296.68923076926,87305.87692307695,9.187692307692307,56.689230769261485,65.87692307695397,否
1671,B6T0000001355,E1,4,8,1,9,浅位,87240.0,87305.87692307695,87315.06461538465,9.187692307692307,65.87692307695397,75.06461538464646,否
1672,B6T0000001355,E1,4,8,1,9,深位,87240.0,87315.06461538465,87324.25230769234,9.187692307692307,75.06461538464646,84.25230769233895,否
550,B6T0000001197,E3,4,7,14,5,浅位,87180.0,87360.8492307692,87380.14153846151,19.29230769230769,180.84923076920677,200.1415384615102,否
3101,B6T0000000457,E3,4,7,32,18,浅位,87360.0,87468.85538461535,87514.4615384615,45.60615384615385,108.8553846153518,154.46153846150264,否
1375,B6T0000000104,E4,4,7,46,5,浅位,86820.0,87694.52923076919,87754.28307692303,59.75384615384618,874.5292307691852,934.283076923035,否
1376,B6T0000000104,E4,4,7,46,5,深位,86820.0,87754.28307692303,87814.03692307688,59.75384615384618,934.283076923035,994.0369230768847,否
2754,B6T0000000327,E3,4,7,25,19,浅位,87960.0,87960.0,87997.31076923077,37.31076923076923,0.0,37.31076923076762,否
2753,B6T0000000327,E3,4,7,25,19,深位,87960.0,87997.31076923077,88034.62153846154,37.31076923076923,37.31076923076762,74.62153846153524,否
2752,B6T0000000327,E3,4,8,25,19,浅位,87960.0,88034.62153846154,88071.9323076923,37.31076923076923,74.62153846153524,111.93230769230286,否
2755,B6T0000000327,E3,4,8,25,19,深位,87960.0,88071.9323076923,88109.24307692307,37.31076923076923,111.93230769230286,149.24307692307048,否
3286,B6T0000000783,E3,4,7,19,37,浅位,88260.0,88260.0,88295.68615384615,35.68615384615384,0.0,35.68615384615259,否
3287,B6T0000000783,E3,4,7,19,37,深位,88260.0,88295.68615384615,88331.3723076923,35.68615384615384,35.68615384615259,71.37230769230518,否
116,B6T0000000154,E4,4,7,43,3,浅位,87960.0,88613.98153846152,88668.47999999998,54.49846153846156,653.9815384615213,708.4799999999814,否
122,B6T0000000154,E4,4,7,43,3,深位,87960.0,88668.47999999998,88722.97846153844,54.49846153846156,708.4799999999814,762.9784615384415,否
112,B6T0000000154,E4,4,8,43,3,浅位,87960.0,88722.97846153844,88777.4769230769,54.49846153846156,762.9784615384415,817.4769230769016,否
124,B6T0000000154,E4,4,8,43,3,深位,87960.0,88777.4769230769,88831.97538461536,54.49846153846156,817.4769230769016,871.9753846153617,否
3542,B6T0000000587,E3,4,7,38,27,浅位,89220.0,89220.0,89275.87076923077,55.87076923076925,0.0,55.87076923076529,否
3543,B6T0000000587,E3,4,7,38,27,深位,89220.0,89275.87076923077,89331.74153846153,55.87076923076925,55.87076923076529,111.74153846153058,否
1829,B6T0000001148,E3,4,7,21,10,浅位,91860.0,91971.74153846155,92001.24923076924,29.50769230769231,111.74153846154513,141.2492307692446,否
1832,B6T0000001148,E3,4,7,21,10,深位,91860.0,92001.24923076924,92030.75692307694,29.50769230769231,141.2492307692446,170.75692307694408,否
1825,B6T0000001148,E3,4,8,21,10,浅位,91860.0,92030.75692307694,92060.26461538464,29.50769230769231,170.75692307694408,200.26461538464355,否
1407,B6T0000000408,E3,4,7,23,3,浅位,97380.0,97558.37538461536,97588.10461538458,29.729230769230774,178.37538461535587,208.10461538458185,否
1408,B6T0000000408,E3,4,7,23,3,深位,97380.0,97588.10461538458,97617.83384615381,29.729230769230774,208.10461538458185,237.83384615380783,否
1414,B6T0000000408,E3,4,8,23,3,浅位,97380.0,97617.83384615381,97647.56307692303,29.729230769230774,237.83384615380783,267.5630769230338,否
1416,B6T0000000408,E3,4,8,23,3,深位,97380.0,97647.56307692303,97677.29230769226,29.729230769230774,267.5630769230338,297.2923076922598,否
1321,B6T0000000836,E3,4,7,12,14,浅位,97740.0,97976.52923076932,97996.24000000009,19.71076923076923,236.5292307693162,256.24000000009255,否
1318,B6T0000000836,E3,4,7,12,14,深位,97740.0,97996.24000000009,98015.95076923087,19.71076923076923,256.24000000009255,275.9507692308689,否
1317,B6T0000000836,E3,4,8,12,14,浅位,97740.0,98015.95076923087,98035.66153846165,19.71076923076923,275.9507692308689,295.66153846164525,否
1051,B6T0000001185,E3,4,7,20,3,浅位,106380.0,106792.94769230776,106818.98461538469,26.03692307692308,412.94769230776,438.98461538468837,否
1052,B6T0000001185,E3,4,7,20,3,深位,106380.0,106818.98461538469,106845.02153846162,26.03692307692308,438.98461538468837,465.02153846161673,否
1054,B6T0000001185,E3,4,8,20,3,浅位,106380.0,106845.02153846162,106871.05846153855,26.03692307692308,465.02153846161673,491.0584615385451,否
2445,B6T0000001189,E3,4,7,21,18,浅位,107640.0,107768.27076923079,107800.33846153849,32.06769230769231,128.27076923078857,160.33846153848572,否
59,B6T0000001664,E1,4,7,2,2,浅位,118500.0,118500.0,118507.56307692308,7.563076923076923,0.0,7.56307692307746,否
61,B6T0000001664,E1,4,7,2,2,深位,118500.0,118507.56307692308,118515.12615384615,7.563076923076923,7.56307692307746,15.12615384615492,否
60,B6T0000001664,E1,4,8,2,2,浅位,118500.0,118515.12615384615,118522.68923076923,7.563076923076923,15.12615384615492,22.68923076923238,否
62,B6T0000001664,E1,4,8,2,2,深位,118500.0,118522.68923076923,118530.25230769231,7.563076923076923,22.68923076923238,30.25230769230984,否
3303,B6T0000000583,E3,4,7,11,46,浅位,119520.0,119520.0,119548.72,28.720000000000002,0.0,28.720000000001164,否
3302,B6T0000000583,E3,4,7,11,46,深位,119520.0,119548.72,119577.44,28.720000000000002,28.720000000001164,57.44000000000233,否
56,B6T0000001104,E3,4,7,9,4,浅位,123780.0,123933.8215384616,123946.64000000007,12.818461538461538,153.8215384616051,166.64000000007218,否
57,B6T0000001104,E3,4,7,9,4,深位,123780.0,123946.64000000007,123959.45846153854,12.818461538461538,166.64000000007218,179.45846153853927,否
58,B6T0000001104,E3,4,8,9,4,浅位,123780.0,123959.45846153854,123972.276923077,12.818461538461538,179.45846153853927,192.27692307700636,否
51,B6T0000001104,E3,4,8,9,4,深位,123780.0,123972.276923077,123985.09538461547,12.818461538461538,192.27692307700636,205.09538461547345,否
3728,B6T0000000407,E3,4,8,9,63,浅位,130680.0,130680.0,130711.69846153846,31.69846153846154,0.0,31.698461538457195,否
3729,B6T0000000407,E3,4,8,9,63,深位,130680.0,130711.69846153846,130743.39692307691,31.69846153846154,31.698461538457195,63.39692307691439,否
3524,B6T0000000430,E3,4,7,31,33,浅位,133800.0,133800.0,133849.17538461537,49.17538461538463,0.0,49.17538461537333,否
3525,B6T0000000430,E3,4,7,31,33,深位,133800.0,133849.17538461537,133898.35076923075,49.17538461538463,49.17538461537333,98.35076923074666,否
2637,B6T0000001516,E1,4,7,8,19,浅位,140160.0,140207.0584615385,140223.75384615388,16.695384615384615,47.05846153848688,63.75384615387884,否
1923,B6T0000001647,E1,4,7,6,9,浅位,140580.0,140668.14769230777,140680.4123076924,12.264615384615384,88.14769230777165,100.41230769240065,否
1924,B6T0000001647,E1,4,7,6,9,深位,140580.0,140680.4123076924,140692.67692307703,12.264615384615384,100.41230769240065,112.67692307702964,否
2784,B6T0000000541,E3,4,7,31,13,浅位,141360.0,141360.0,141402.77538461538,42.775384615384624,0.0,42.77538461537915,否
2785,B6T0000000541,E3,4,7,31,13,深位,141360.0,141402.77538461538,141445.55076923076,42.775384615384624,42.77538461537915,85.5507692307583,否
2786,B6T0000000541,E3,4,8,31,13,浅位,141360.0,141445.55076923076,141488.32615384614,42.775384615384624,85.5507692307583,128.32615384613746,否
2787,B6T0000000541,E3,4,8,31,13,深位,141360.0,141488.32615384614,141531.10153846152,42.775384615384624,128.32615384613746,171.1015384615166,否
82,B6T0000000261,E4,4,7,43,1,浅位,143520.0,144166.3015384617,144220.16000000018,53.85846153846156,646.3015384617029,700.1600000001781,否
68,B6T0000000261,E4,4,7,43,1,深位,143520.0,144220.16000000018,144274.01846153865,53.85846153846156,700.1600000001781,754.0184615386534,否
70,B6T0000000261,E4,4,8,43,1,浅位,143520.0,144274.01846153865,144327.87692307713,53.85846153846156,754.0184615386534,807.8769230771286,否
3339,B6T0000000019,E4,4,8,44,33,浅位,172620.0,172666.67692307688,172728.4738461538,61.79692307692311,46.67692307688412,108.47384615379269,是
3338,B6T0000000019,E4,4,8,44,33,深位,172620.0,172749.1938461538,172810.9907692307,61.79692307692311,129.19384615379386,190.99076923070243,是
2030,B6T0000000271,E4,4,7,43,13,浅位,172740.0,173009.91999999995,173060.45538461534,50.535384615384636,269.9199999999546,320.45538461534306,是
2029,B6T0000000271,E4,4,7,43,13,深位,172740.0,173081.29846153842,173131.8338461538,50.535384615384636,341.29846153841936,391.8338461538078,是
2732,B6T0000000432,E3,4,8,10,31,深位,173100.0,173152.6892307692,173173.5446153846,20.855384615384615,52.68923076920328,73.54461538459873,是
2033,B6T0000000271,E4,4,8,43,13,浅位,172740.0,173187.8892307692,173243.00307692302,55.11384615384617,447.8892307691858,503.0030769230216,是
2733,B6T0000000432,E3,4,7,10,63,深位,173100.0,173335.27999999994,173356.13538461534,20.855384615384615,235.27999999994063,256.1353846153361,是
2540,B6T0000001206,E3,4,8,38,2,浅位,173700.0,173733.07692307694,173786.09230769234,53.01538461538463,33.07692307693651,86.09230769233545,是
2542,B6T0000001206,E3,4,8,38,2,深位,173700.0,173807.1076923077,173860.1230769231,53.01538461538463,107.10769230770529,160.12307692310424,是
764,B6T0000000843,E3,4,7,15,5,浅位,174120.0,174349.9846153847,174381.83384615392,31.849230769230783,229.98461538468837,261.83384615392424,是
780,B6T0000000843,E3,4,7,15,5,深位,174120.0,174417.6523076924,174453.47076923086,35.81846153846155,297.65230769239133,333.4707692308584,是
763,B6T0000000843,E3,4,8,15,5,浅位,174120.0,174489.28923076933,174525.1076923078,35.81846153846155,369.2892307693255,405.1076923077926,是
778,B6T0000000843,E3,4,8,15,5,深位,174120.0,174563.16615384625,174601.2246153847,38.05846153846155,443.1661538462504,481.22461538470816,是
1305,B6T0000000996,E3,4,7,9,17,浅位,174420.0,174709.43076923085,174747.52000000008,38.08923076923078,289.4307692308503,327.52000000007683,是
1296,B6T0000000996,E3,4,7,9,17,深位,174420.0,174785.6092307693,174823.69846153853,38.08923076923078,365.6092307693034,403.69846153852995,是
1299,B6T0000000996,E3,4,8,9,17,浅位,174420.0,174823.69846153853,174840.676923077,16.978461538461538,403.69846153852995,420.67692307700054,否
1177,B6T0000001103,E3,4,7,21,3,浅位,175020.0,175347.21230769216,175374.47999999984,27.26769230769231,327.2123076921562,354.47999999983585,否
1192,B6T0000001103,E3,4,7,21,3,深位,175020.0,175374.47999999984,175401.74769230752,27.26769230769231,354.47999999983585,381.74769230751554,否
1191,B6T0000001103,E3,4,8,21,3,浅位,175020.0,175401.74769230752,175429.0153846152,27.26769230769231,381.74769230751554,409.0153846151952,否
1190,B6T0000001103,E3,4,8,21,3,深位,175020.0,175429.0153846152,175456.28307692287,27.26769230769231,409.0153846151952,436.2830769228749,否
470,B6T0000001382,E1,4,7,2,4,浅位,175680.0,175824.03076923097,175832.23384615406,8.203076923076923,144.0307692309725,152.23384615406394,否
2618,B6T0000001463,E1,4,8,7,13,浅位,176580.0,176580.0,176594.16,14.16,0.0,14.160000000003492,否
2619,B6T0000001463,E1,4,8,7,13,深位,176580.0,176594.16,176608.32,14.16,14.160000000003492,28.320000000006985,否
798,B6T0000000540,E3,4,7,9,12,浅位,181380.0,181503.02769230772,181518.40615384618,15.378461538461538,123.0276923077181,138.40615384618286,否
3325,B6T0000001530,E1,4,8,1,42,浅位,182220.0,182220.0,182239.7476923077,19.74769230769231,0.0,19.74769230769016,否
3324,B6T0000001530,E1,4,8,1,42,深位,182220.0,182239.7476923077,182259.49538461538,19.74769230769231,19.74769230769016,39.49538461538032,否
2823,B6T0000000646,E3,4,7,13,32,浅位,182280.0,182333.4030769231,182360.10461538465,26.701538461538462,53.40307692310307,80.10461538465461,否
2822,B6T0000000646,E3,4,7,13,32,深位,182280.0,182360.10461538465,182386.8061538462,26.701538461538462,80.10461538465461,106.80615384620614,否
2000,B6T0000001313,E3,4,7,20,13,浅位,185400.0,185458.47384615382,185487.71076923073,29.23692307692308,58.473846153821796,87.7107692307327,否
2002,B6T0000001313,E3,4,7,20,13,深位,185400.0,185487.71076923073,185516.94769230764,29.23692307692308,87.7107692307327,116.94769230764359,否
2003,B6T0000001313,E3,4,8,20,13,浅位,185400.0,185516.94769230764,185546.18461538455,29.23692307692308,116.94769230764359,146.1846153845545,否
2004,B6T0000001313,E3,4,8,20,13,深位,185400.0,185546.18461538455,185575.42153846147,29.23692307692308,146.1846153845545,175.4215384614654,否
2957,B6T0000000824,E3,4,7,12,14,浅位,187380.0,187380.0,187399.71076923076,19.71076923076923,0.0,19.710769230761798,否
2956,B6T0000000824,E3,4,7,12,14,深位,187380.0,187399.71076923076,187419.42153846152,19.71076923076923,19.710769230761798,39.421538461523596,否
2958,B6T0000000824,E3,4,8,12,14,浅位,187380.0,187419.42153846152,187439.13230769229,19.71076923076923,39.421538461523596,59.132307692285394,否
203,B6T0000000932,E3,4,7,9,8,浅位,190380.0,190436.39384615386,190450.49230769233,14.098461538461537,56.393846153863706,70.49230769232963,否
204,B6T0000000932,E3,4,7,9,8,深位,190380.0,190450.49230769233,190464.5907692308,14.098461538461537,70.49230769232963,84.59076923079556,否
198,B6T0000000932,E3,4,8,9,8,浅位,190380.0,190464.5907692308,190478.68923076926,14.098461538461537,84.59076923079556,98.68923076926148,否
191,B6T0000000932,E3,4,8,9,8,深位,190380.0,190478.68923076926,190492.78769230773,14.098461538461537,98.68923076926148,112.78769230772741,否
3366,B6T0000000940,E3,4,8,24,3,浅位,198660.0,198660.0,198690.96,30.960000000000008,0.0,30.95999999999185,否
3367,B6T0000000940,E3,4,8,24,3,深位,198660.0,198690.96,198721.91999999998,30.960000000000008,30.95999999999185,61.9199999999837,否
1141,B6T0000000395,E3,4,7,16,8,浅位,202560.0,202560.0,202582.71384615384,22.713846153846152,0.0,22.713846153841587,否
1137,B6T0000000395,E3,4,7,16,8,深位,202560.0,202582.71384615384,202605.42769230768,22.713846153846152,22.713846153841587,45.427692307683174,否
1133,B6T0000000395,E3,4,8,16,8,浅位,202560.0,202605.42769230768,202628.14153846152,22.713846153846152,45.427692307683174,68.14153846152476,否
1134,B6T0000000395,E3,4,8,16,8,深位,202560.0,202628.14153846152,202650.85538461537,22.713846153846152,68.14153846152476,90.85538461536635,否
3454,B6T0000001666,E1,4,7,5,2,浅位,202980.0,202980.0,202989.40923076923,9.409230769230769,0.0,9.409230769233545,否
3455,B6T0000001666,E1,4,7,5,2,深位,202980.0,202989.40923076923,202998.81846153847,9.409230769230769,9.409230769233545,18.81846153846709,否
211,B6T0000000581,E3,4,7,9,9,浅位,203640.0,203813.02153846167,203827.44000000015,14.418461538461537,173.02153846167494,187.44000000014785,否
827,B6T0000001427,E1,4,7,4,4,浅位,203940.0,203940.0,203949.43384615384,9.433846153846154,0.0,9.433846153842751,否
820,B6T0000001427,E1,4,7,4,4,深位,203940.0,203949.43384615384,203958.8676923077,9.433846153846154,9.433846153842751,18.867692307685502,否
821,B6T0000001427,E1,4,8,4,4,浅位,203940.0,203958.8676923077,203968.30153846153,9.433846153846154,18.867692307685502,28.301538461528253,否
822,B6T0000001427,E1,4,8,4,4,深位,203940.0,203968.30153846153,203977.73538461537,9.433846153846154,28.301538461528253,37.735384615371004,否
3370,B6T0000001972,E1,4,8,1,2,深位,208920.0,208920.0,208926.9476923077,6.947692307692308,0.0,6.9476923077018,否
3371,B6T0000001972,E1,4,7,1,12,深位,208920.0,208926.9476923077,208937.0953846154,10.147692307692308,6.9476923077018,17.095384615386138,否
3679,B6T0000000145,E4,4,7,45,3,浅位,211080.0,211080.0,211137.5753846154,57.57538461538464,0.0,57.575384615396615,否
3678,B6T0000000145,E4,4,7,45,3,深位,211080.0,211137.5753846154,211195.1507692308,57.57538461538464,57.575384615396615,115.15076923079323,否
3214,B6T0000001636,E1,4,8,7,5,浅位,217800.0,217800.0,217811.6,11.6,0.0,11.60000000000582,否
3216,B6T0000001636,E1,4,8,7,5,深位,217800.0,217811.6,217823.2,11.6,11.60000000000582,23.20000000001164,否
3215,B6T0000001636,E1,4,7,6,7,浅位,217800.0,217823.2,217834.82461538463,11.624615384615385,23.20000000001164,34.82461538462667,否
1464,B6T0000000897,E3,4,7,21,6,浅位,220080.0,220192.9107692308,220221.1384615385,28.227692307692312,112.91076923080254,141.13846153850318,否
1463,B6T0000000897,E3,4,7,21,6,深位,220080.0,220221.1384615385,220249.3661538462,28.227692307692312,141.13846153850318,169.36615384620382,否
1462,B6T0000000897,E3,4,8,21,6,浅位,220080.0,220249.3661538462,220277.5938461539,28.227692307692312,169.36615384620382,197.59384615390445,否
1461,B6T0000000897,E3,4,8,21,6,深位,220080.0,220277.5938461539,220305.8215384616,28.227692307692312,197.59384615390445,225.8215384616051,否
3401,B6T0000000889,E3,4,7,10,50,浅位,223740.0,223740.0,223768.76923076922,28.76923076923077,0.0,28.769230769219575,否
3400,B6T0000000889,E3,4,7,10,50,深位,223740.0,223768.76923076922,223797.53846153844,28.76923076923077,28.769230769219575,57.53846153843915,否
458,B6T0000001382,E1,4,7,2,4,深位,226980.0,226980.0,226988.2030769231,8.203076923076923,0.0,8.20307692309143,否
457,B6T0000001382,E1,4,8,2,4,浅位,226980.0,226988.2030769231,226996.40615384618,8.203076923076923,8.20307692309143,16.40615384618286,否
456,B6T0000001382,E1,4,8,2,4,深位,226980.0,226996.40615384618,227004.60923076927,8.203076923076923,16.40615384618286,24.60923076927429,否
3202,B6T0000001891,E1,4,7,4,36,浅位,228960.0,228999.34769230767,229019.0215384615,19.673846153846153,39.347692307666875,59.02153846150031,否
2231,B6T0000000051,E4,4,7,43,1,浅位,259740.0,259740.0,259793.85846153848,53.85846153846156,0.0,53.85846153847524,否
2230,B6T0000000051,E4,4,7,43,1,深位,259740.0,259793.85846153848,259847.71692307695,53.85846153846156,53.85846153847524,107.71692307695048,否
259,B6T0000001466,E1,4,7,4,2,浅位,259800.0,259847.71692307695,259856.5107692308,8.793846153846154,47.71692307695048,56.510769230808364,否
260,B6T0000001466,E1,4,7,4,2,深位,259800.0,259856.5107692308,259865.30461538467,8.793846153846154,56.510769230808364,65.30461538466625,否
261,B6T0000001466,E1,4,8,4,2,浅位,259800.0,259865.30461538467,259874.09846153852,8.793846153846154,65.30461538466625,74.09846153852413,否
262,B6T0000001466,E1,4,8,4,2,深位,259800.0,259874.09846153852,259882.89230769238,8.793846153846154,74.09846153852413,82.89230769238202,否
3378,B6T0000001412,E1,4,7,6,41,浅位,259800.0,259882.89230769238,259905.396923077,22.504615384615384,82.89230769238202,105.3969230770017,否
3379,B6T0000001412,E1,4,7,6,41,深位,259800.0,259905.396923077,259927.90153846162,22.504615384615384,105.3969230770017,127.90153846162139,否
2235,B6T0000000051,E4,4,8,43,1,浅位,259740.0,259927.90153846162,259981.7600000001,53.85846153846156,187.90153846162139,241.76000000009662,否
2234,B6T0000000051,E4,4,7,43,13,浅位,259740.0,259981.7600000001,260039.45846153857,57.69846153846156,241.76000000009662,299.4584615385684,否
2232,B6T0000000051,E4,4,7,43,13,深位,259740.0,260039.45846153857,260097.15692307704,57.69846153846156,299.4584615385684,357.1569230770401,否
2233,B6T0000000051,E4,4,8,43,13,浅位,259740.0,260097.15692307704,260154.8553846155,57.69846153846156,357.1569230770401,414.85538461551187,否
169,B6T0000000810,E3,4,7,15,1,浅位,259440.0,260303.7876923077,260333.71692307692,29.92923076923078,863.7876923076983,893.7169230769214,是
276,B6T0000000305,E4,4,7,43,1,浅位,260820.0,260880.66769230776,260918.916923077,38.24923076923078,60.66769230776117,98.91692307699122,是
277,B6T0000000305,E4,4,7,43,1,深位,260820.0,260948.8461538462,260978.77538461544,29.92923076923078,128.8461538462143,158.77538461543736,是
273,B6T0000000305,E4,4,8,43,1,浅位,260820.0,261008.7046153847,261038.6338461539,29.92923076923078,188.70461538468953,218.6338461539126,是
3671,B6T0000000334,E3,4,8,32,37,浅位,261000.0,261068.56307692316,261110.0123076924,41.44923076923078,68.56307692316477,110.01230769240647,是
3670,B6T0000000334,E3,4,8,32,37,深位,261000.0,261148.26153846164,261186.51076923087,38.24923076923078,148.26153846163652,186.51076923086657,是
278,B6T0000000305,E4,4,7,43,1,浅位,260820.0,261224.7600000001,261263.00923076933,38.24923076923078,404.7600000000966,443.0092307693267,是
274,B6T0000000305,E4,4,7,43,1,深位,260820.0,261292.93846153855,261322.86769230777,29.92923076923078,472.93846153854975,502.8676923077728,是
275,B6T0000000305,E4,4,8,43,1,浅位,260820.0,261352.79692307702,261382.72615384625,29.92923076923078,532.796923077025,562.726153846248,是
272,B6T0000000305,E4,4,7,43,1,浅位,260820.0,261412.6553846155,261442.58461538472,29.92923076923078,592.6553846155002,622.5846153847233,是
1617,B6T0000001083,E3,4,7,9,20,浅位,261660.0,261888.37846153864,261926.78769230787,38.40923076923079,228.37846153863939,266.78769230787293,是
1616,B6T0000001083,E3,4,7,9,20,深位,261660.0,261965.1969230771,262003.60615384634,38.40923076923079,305.1969230771065,343.60615384634,是
1620,B6T0000001083,E3,4,8,9,20,浅位,261660.0,262042.01538461557,262080.4246153848,38.40923076923079,382.01538461557357,420.4246153848071,是
1621,B6T0000001083,E3,4,8,9,20,深位,261660.0,262118.83384615404,262157.24307692325,38.40923076923079,458.83384615404066,497.2430769232451,是
285,B6T0000000305,E4,4,7,43,1,深位,261780.0,262195.7815384617,262234.3200000001,38.53846153846155,415.78153846168425,454.3200000001234,是
282,B6T0000000305,E4,4,8,43,1,浅位,261780.0,262264.2492307694,262294.1784615386,29.92923076923078,484.2492307694047,514.1784615386277,是
283,B6T0000000305,E4,4,7,43,1,浅位,261780.0,262294.1784615386,262348.0369230771,53.85846153846156,514.1784615386277,568.0369230770739,否
284,B6T0000000305,E4,4,7,43,1,深位,261780.0,262348.0369230771,262401.8953846155,53.85846153846156,568.0369230770739,621.89538461552,否
3259,B6T0000000138,E4,4,8,45,28,浅位,262740.0,262740.0,262805.5753846154,65.57538461538465,0.0,65.57538461539662,否
3258,B6T0000000138,E4,4,8,45,28,深位,262740.0,262805.5753846154,262871.1507692308,65.57538461538465,65.57538461539662,131.15076923079323,否
3700,B6T0000000356,E3,4,8,35,35,浅位,264960.0,264960.0,265014.73846153845,54.73846153846155,0.0,54.73846153845079,否
3701,B6T0000000356,E3,4,8,35,35,深位,264960.0,265014.73846153845,265069.4769230769,54.73846153846155,54.73846153845079,109.47692307690158,否
3063,B6T0000001583,E1,4,8,8,1,深位,265740.0,265740.0,265750.9353846154,10.935384615384615,0.0,10.935384615382645,否
3062,B6T0000001583,E1,4,7,2,15,浅位,265740.0,265750.9353846154,265762.65846153843,11.723076923076924,10.935384615382645,22.658461538434494,否
3061,B6T0000001583,E1,4,7,2,15,深位,265740.0,265762.65846153843,265774.3815384615,11.723076923076924,22.658461538434494,34.38153846148634,否
3140,B6T0000000039,E4,4,8,44,27,浅位,270480.0,270480.0,270543.71692307695,63.7169230769231,0.0,63.71692307695048,否
3141,B6T0000000039,E4,4,8,44,27,深位,270480.0,270543.71692307695,270607.4338461539,63.7169230769231,63.71692307695048,127.43384615390096,否
2562,B6T0000001537,E1,4,7,2,20,浅位,272220.0,272418.1538461539,272431.47692307696,13.323076923076924,198.15384615387302,211.4769230769598,否
2563,B6T0000001537,E1,4,7,2,20,深位,272220.0,272431.47692307696,272444.80000000005,13.323076923076924,211.4769230769598,224.80000000004657,否
2560,B6T0000001537,E1,4,8,2,20,浅位,272220.0,272444.80000000005,272458.12307692313,13.323076923076924,224.80000000004657,238.12307692313334,否
1004,B6T0000001090,E3,4,7,12,11,浅位,276120.0,276270.00615384616,276288.75692307693,18.75076923076923,150.00615384615958,168.75692307692952,否
574,B6T0000001238,E3,4,7,16,3,浅位,286320.0,286341.11384615384,286362.2276923077,21.113846153846154,21.113846153835766,42.22769230767153,否
573,B6T0000001238,E3,4,7,16,3,深位,286320.0,286362.2276923077,286383.3415384615,21.113846153846154,42.22769230767153,63.3415384615073,否
572,B6T0000001238,E3,4,8,16,3,浅位,286320.0,286383.3415384615,286404.45538461534,21.113846153846154,63.3415384615073,84.45538461534306,否
576,B6T0000001238,E3,4,8,16,3,深位,286320.0,286404.45538461534,286425.5692307692,21.113846153846154,84.45538461534306,105.56923076917883,否
3224,B6T0000001460,E1,4,7,1,9,浅位,286920.0,286920.0,286929.1876923077,9.187692307692307,0.0,9.187692307692487,否
3225,B6T0000001460,E1,4,7,1,9,深位,286920.0,286929.1876923077,286938.3753846154,9.187692307692307,9.187692307692487,18.375384615384974,否
3223,B6T0000001460,E1,4,8,1,9,浅位,286920.0,286938.3753846154,286947.5630769231,9.187692307692307,18.375384615384974,27.56307692307746,否
1344,B6T0000000043,E4,4,7,45,6,浅位,286740.0,287029.7969230769,287088.33230769227,58.53538461538464,289.79692307690857,348.33230769226793,否
1338,B6T0000000043,E4,4,7,45,6,深位,286740.0,287088.33230769227,287146.8676923076,58.53538461538464,348.33230769226793,406.8676923076273,否
1337,B6T0000000043,E4,4,8,45,6,浅位,286740.0,287146.8676923076,287205.403076923,58.53538461538464,406.8676923076273,465.40307692298666,否
1336,B6T0000000043,E4,4,8,45,6,深位,286740.0,287205.403076923,287263.93846153835,58.53538461538464,465.40307692298666,523.938461538346,否
1096,B6T0000001415,E1,4,7,7,3,浅位,287880.0,288092.3076923077,288105.8646153846,13.556923076923077,212.30769230768783,225.8646153846057,是
3256,B6T0000000023,E4,4,8,43,2,深位,301260.0,301260.0,301314.17846153845,54.17846153846156,0.0,54.17846153845312,否
3257,B6T0000000023,E4,4,7,43,11,深位,301260.0,301314.17846153845,301371.2369230769,57.058461538461565,54.17846153845312,111.2369230769109,否
1216,B6T0000000577,E3,4,7,9,16,浅位,302040.0,302239.9015384612,302256.55999999965,16.658461538461538,199.90153846121393,216.55999999964843,否
1212,B6T0000000577,E3,4,7,9,16,深位,302040.0,302256.55999999965,302273.2184615381,16.658461538461538,216.55999999964843,233.21846153808292,否
1213,B6T0000000577,E3,4,8,9,16,浅位,302040.0,302273.2184615381,302289.8769230765,16.658461538461538,233.21846153808292,249.87692307651741,否
1223,B6T0000000577,E3,4,8,9,16,深位,302040.0,302289.8769230765,302306.53538461495,16.658461538461538,249.87692307651741,266.5353846149519,否
340,B6T0000000139,E4,4,7,45,1,浅位,302220.0,302675.48307692306,302732.41846153844,56.93538461538464,455.48307692306116,512.4184615384438,否
334,B6T0000000139,E4,4,7,45,1,深位,302220.0,302732.41846153844,302789.3538461538,56.93538461538464,512.4184615384438,569.3538461538265,否
339,B6T0000000139,E4,4,8,45,1,浅位,302220.0,302789.3538461538,302846.2892307692,56.93538461538464,569.3538461538265,626.2892307692091,否
338,B6T0000000139,E4,4,8,45,1,深位,302220.0,302846.2892307692,302903.2246153846,56.93538461538464,626.2892307692091,683.2246153845917,否
804,B6T0000000540,E3,4,7,9,12,深位,305460.0,305460.0,305475.37846153846,15.378461538461538,0.0,15.378461538464762,否
812,B6T0000000540,E3,4,7,18,2,浅位,305460.0,305521.88923076924,305545.14461538463,23.255384615384617,61.88923076924402,85.14461538463365,否
805,B6T0000000540,E3,4,7,18,2,深位,305460.0,305545.14461538463,305568.4,23.255384615384617,85.14461538463365,108.40000000002328,否
810,B6T0000000540,E3,4,8,18,2,浅位,305460.0,305568.4,305591.6553846154,23.255384615384617,108.40000000002328,131.6553846154129,否
811,B6T0000000540,E3,4,8,18,2,深位,305460.0,305591.6553846154,305614.9107692308,23.255384615384617,131.6553846154129,154.91076923080254,否
3064,B6T0000000340,E3,4,7,30,19,浅位,306900.0,306900.0,306943.46461538464,43.46461538461539,0.0,43.46461538464064,否
3066,B6T0000000340,E3,4,7,30,19,深位,306900.0,306943.46461538464,306986.9292307693,43.46461538461539,43.46461538464064,86.92923076928128,否
3065,B6T0000000340,E3,4,8,30,19,浅位,306900.0,306986.9292307693,307030.3938461539,43.46461538461539,86.92923076928128,130.3938461539219,否
1152,B6T0000000245,E4,4,7,45,5,浅位,308040.0,308773.44923076924,308808.0553846154,34.60615384615386,733.4492307692417,768.055384615378,是
2971,B6T0000000633,E3,4,8,37,10,浅位,308760.0,308840.16307692305,308873.87076923077,33.70769230769233,80.16307692305418,113.87076923076529,是
2973,B6T0000000633,E3,4,8,37,10,深位,308760.0,308906.1384615385,308939.68615384615,33.54769230769232,146.13846153847408,179.6861538461526,是
1159,B6T0000000245,E4,4,7,45,5,深位,308040.0,308971.95384615386,309004.22153846157,32.26769230769232,931.9538461538614,964.2215384615702,是
1151,B6T0000000245,E4,4,8,45,5,浅位,308040.0,309036.3292307692,309068.43692307686,32.10769230769232,996.3292307691881,1028.4369230768643,是
1165,B6T0000000245,E4,4,8,45,5,深位,308040.0,309100.5446153846,309132.6523076923,32.10769230769232,1060.5446153845987,1092.652307692275,是
302,B6T0000001196,E3,4,7,13,5,浅位,309300.0,309342.7969230769,309377.65538461535,34.858461538461555,42.79692307690857,77.6553846153547,是
293,B6T0000001196,E3,4,7,13,5,深位,309300.0,309412.51384615386,309447.3723076923,34.858461538461555,112.51384615385905,147.37230769230518,是
308,B6T0000001196,E3,4,8,13,5,浅位,309300.0,309485.9107692308,309524.44923076924,38.53846153846155,185.91076923080254,224.4492307692417,是
306,B6T0000001196,E3,4,8,13,5,深位,309300.0,309563.01846153854,309601.5876923078,38.569230769230785,263.01846153853694,301.587692307774,是
509,B6T0000001101,E3,4,7,12,7,浅位,309960.0,310029.88307692297,310047.3538461537,17.47076923076923,69.88307692296803,87.35384615371004,否
489,B6T0000001101,E3,4,7,12,7,深位,309960.0,310047.3538461537,310064.82461538445,17.47076923076923,87.35384615371004,104.82461538445204,否
490,B6T0000001101,E3,4,8,12,7,浅位,309960.0,310064.82461538445,310082.2953846152,17.47076923076923,104.82461538445204,122.29538461519405,否
491,B6T0000001101,E3,4,8,12,7,深位,309960.0,310082.2953846152,310099.76615384594,17.47076923076923,122.29538461519405,139.76615384593606,否
244,B6T0000000581,E3,4,7,9,9,深位,311640.0,311640.0,311654.41846153844,14.418461538461537,0.0,14.418461538443808,否
245,B6T0000000581,E3,4,8,9,9,浅位,311640.0,311654.41846153844,311668.8369230769,14.418461538461537,14.418461538443808,28.836923076887615,否
246,B6T0000000581,E3,4,8,9,9,深位,311640.0,311668.8369230769,311683.25538461533,14.418461538461537,28.836923076887615,43.25538461533142,否
230,B6T0000000581,E3,4,7,10,8,浅位,311640.0,312334.63384615385,312349.9630769231,15.329230769230769,694.6338461538544,709.9630769231007,否
231,B6T0000000581,E3,4,7,10,8,深位,311640.0,312349.9630769231,312365.29230769235,15.329230769230769,709.9630769231007,725.2923076923471,否
232,B6T0000000581,E3,4,8,10,8,浅位,311640.0,312365.29230769235,312380.6215384616,15.329230769230769,725.2923076923471,740.6215384615934,否
233,B6T0000000581,E3,4,8,10,8,深位,311640.0,312380.6215384616,312395.95076923084,15.329230769230769,740.6215384615934,755.9507692308398,否
255,B6T0000000581,E3,4,8,16,1,浅位,311640.0,312431.2615384616,312451.73538461543,20.473846153846154,791.2615384616074,811.7353846154292,否
229,B6T0000000581,E3,4,8,16,1,深位,311640.0,312451.73538461543,312472.20923076925,20.473846153846154,811.7353846154292,832.209230769251,否
834,B6T0000001220,E3,4,8,9,12,浅位,312960.0,312997.63692307693,313013.0153846154,15.378461538461538,37.63692307693418,53.01538461539894,否
835,B6T0000001220,E3,4,8,9,12,深位,312960.0,313013.0153846154,313028.39384615386,15.378461538461538,53.01538461539894,68.3938461538637,否
83,B6T0000000261,E4,4,8,43,1,深位,316260.0,316260.0,316313.85846153845,53.85846153846156,0.0,53.858461538446136,否
136,B6T0000000154,E4,4,7,44,1,浅位,345840.0,346238.52307692316,346293.9200000001,55.3969230769231,398.5230769231566,453.9200000001001,否
130,B6T0000000154,E4,4,7,44,1,深位,345840.0,346293.9200000001,346349.31692307704,55.3969230769231,453.9200000001001,509.3169230770436,否
129,B6T0000000154,E4,4,8,44,1,浅位,345840.0,346349.31692307704,346404.713846154,55.3969230769231,509.3169230770436,564.7138461539871,否
128,B6T0000000154,E4,4,8,44,1,深位,345840.0,346404.713846154,346460.11076923093,55.3969230769231,564.7138461539871,620.1107692309306,否
523,B6T0000001197,E3,4,7,14,5,深位,346680.0,346815.6307692308,346834.92307692306,19.29230769230769,135.6307692307746,154.9230769230635,否
527,B6T0000001197,E3,4,8,14,5,浅位,346680.0,346834.92307692306,346854.21538461535,19.29230769230769,154.9230769230635,174.21538461535238,否
524,B6T0000001197,E3,4,8,14,5,深位,346680.0,346854.21538461535,346873.50769230764,19.29230769230769,174.21538461535238,193.50769230764126,否
3641,B6T0000001338,E1,4,7,2,4,浅位,347220.0,347220.0,347228.2030769231,8.203076923076923,0.0,8.20307692309143,否
3640,B6T0000001338,E1,4,8,7,13,浅位,347220.0,347228.2030769231,347242.36307692307,14.16,8.20307692309143,22.36307692306582,否
3013,B6T0000001973,E1,4,7,6,9,浅位,347820.0,347820.0,347832.2646153846,12.264615384615384,0.0,12.264615384628996,否
3014,B6T0000001973,E1,4,7,6,9,深位,347820.0,347832.2646153846,347844.52923076926,12.264615384615384,12.264615384628996,24.529230769257993,否
3015,B6T0000001973,E1,4,8,6,22,浅位,347820.0,347844.52923076926,347860.95384615386,16.424615384615386,24.529230769257993,40.95384615386138,否
3428,B6T0000001112,E3,4,7,21,40,浅位,347940.0,347940.0,347979.1076923077,39.10769230769231,0.0,39.10769230767619,否
3429,B6T0000001112,E3,4,7,21,40,深位,347940.0,347979.1076923077,348018.21538461535,39.10769230769231,39.10769230767619,78.21538461535238,否
956,B6T0000000445,E3,4,8,12,10,浅位,348420.0,348420.0,348438.43076923076,18.43076923076923,0.0,18.430769230762962,否
952,B6T0000000445,E3,4,8,12,10,深位,348420.0,348438.43076923076,348456.8615384615,18.43076923076923,18.430769230762962,36.861538461525925,否
3313,B6T0000001948,E1,4,7,2,4,深位,349800.0,349800.0,349808.2030769231,8.203076923076923,0.0,8.20307692309143,否
3312,B6T0000001948,E1,4,8,2,4,浅位,349800.0,349808.2030769231,349816.4061538462,8.203076923076923,8.20307692309143,16.40615384618286,否
2832,B6T0000001965,E1,4,7,2,4,浅位,350700.0,350700.0,350708.2030769231,8.203076923076923,0.0,8.20307692309143,否
2833,B6T0000001965,E1,4,7,2,4,深位,350700.0,350708.2030769231,350716.4061538462,8.203076923076923,8.20307692309143,16.40615384618286,否
2834,B6T0000001965,E1,4,8,2,4,浅位,350700.0,350716.4061538462,350724.6092307693,8.203076923076923,16.40615384618286,24.60923076927429,否
2835,B6T0000001965,E1,4,7,6,9,浅位,350700.0,350724.6092307693,350736.8738461539,12.264615384615384,24.60923076927429,36.87384615390329,否
2725,B6T0000001708,E1,4,7,2,4,浅位,373020.0,373020.0,373028.2030769231,8.203076923076923,0.0,8.20307692309143,否
2726,B6T0000001708,E1,4,7,2,4,深位,373020.0,373028.2030769231,373036.4061538462,8.203076923076923,8.20307692309143,16.40615384618286,否
2727,B6T0000001708,E1,4,8,2,4,浅位,373020.0,373036.4061538462,373044.6092307693,8.203076923076923,16.40615384618286,24.60923076927429,否
2724,B6T0000001708,E1,4,7,6,9,浅位,373020.0,373044.6092307693,373056.8738461539,12.264615384615384,24.60923076927429,36.87384615390329,否
919,B6T0000000411,E3,4,7,12,11,浅位,378240.0,378240.0,378258.75076923077,18.75076923076923,0.0,18.750769230769947,否
910,B6T0000000411,E3,4,7,15,6,浅位,378240.0,378404.6523076925,378425.4953846156,20.84307692307692,164.65230769250775,185.49538461561315,否
911,B6T0000000411,E3,4,7,15,6,深位,378240.0,378425.4953846156,378446.3384615387,20.84307692307692,185.49538461561315,206.33846153871855,否
915,B6T0000000411,E3,4,8,15,6,浅位,378240.0,378446.3384615387,378467.1815384618,20.84307692307692,206.33846153871855,227.18153846182395,否
912,B6T0000000411,E3,4,8,15,6,深位,378240.0,378467.1815384618,378488.02461538493,20.84307692307692,227.18153846182395,248.02461538492935,否
3690,B6T0000001650,E1,4,8,4,26,深位,388860.0,388860.0,388876.4738461538,16.473846153846154,0.0,16.473846153821796,否
3691,B6T0000001650,E1,4,7,8,19,浅位,388860.0,388876.4738461538,388893.1692307692,16.695384615384615,16.473846153821796,33.169230769213755,否
2394,B6T0000001989,E1,4,7,2,17,浅位,400560.0,400582.6584615385,400595.02153846156,12.363076923076925,22.658461538492702,35.02153846155852,否
2393,B6T0000001989,E1,4,7,2,17,深位,400560.0,400595.02153846156,400607.3846153846,12.363076923076925,35.02153846155852,47.38461538462434,否
2391,B6T0000001989,E1,4,8,2,17,浅位,400560.0,400607.3846153846,400619.7476923077,12.363076923076925,47.38461538462434,59.74769230769016,否
3292,B6T0000001346,E1,4,8,5,2,深位,431640.0,431640.0,431649.4092307692,9.409230769230769,0.0,9.409230769204441,否
3293,B6T0000001346,E1,4,7,2,8,浅位,431640.0,431649.4092307692,431658.89230769227,9.483076923076922,9.409230769204441,18.892307692265604,否
865,B6T0000000001,E4,4,7,47,1,浅位,432180.0,432524.66461538477,432584.6769230771,60.01230769230772,344.6646153847687,404.67692307708785,否
862,B6T0000000001,E4,4,7,47,1,深位,432180.0,432584.6769230771,432644.6892307694,60.01230769230772,404.67692307708785,464.689230769407,否
2592,B6T0000001442,E1,4,8,1,21,浅位,432600.0,432644.6892307694,432657.7169230771,13.027692307692309,44.689230769407004,57.7169230771251,否
2591,B6T0000001442,E1,4,8,1,21,深位,432600.0,432657.7169230771,432670.74461538484,13.027692307692309,57.7169230771251,70.7446153848432,否
863,B6T0000000001,E4,4,8,47,1,浅位,432180.0,432670.74461538484,432730.75692307716,60.01230769230772,490.7446153848432,550.7569230771624,否
864,B6T0000000001,E4,4,8,47,1,深位,432180.0,432730.75692307716,432790.7692307695,60.01230769230772,550.7569230771624,610.7692307694815,否
1661,B6T0000000614,E3,4,7,23,6,浅位,433020.0,433262.35076923075,433293.04,30.689230769230775,242.35076923074666,273.03999999997905,否
621,B6T0000000469,E3,4,7,9,11,浅位,433980.0,434070.35076923075,434085.4092307692,15.058461538461538,90.35076923074666,105.40923076920444,否
626,B6T0000000469,E3,4,7,9,11,深位,433980.0,434085.4092307692,434100.46769230766,15.058461538461538,105.40923076920444,120.46769230766222,否
625,B6T0000000469,E3,4,8,9,11,浅位,433980.0,434100.46769230766,434115.5261538461,15.058461538461538,120.46769230766222,135.52615384612,否
631,B6T0000000469,E3,4,8,9,11,深位,433980.0,434115.5261538461,434130.5846153846,15.058461538461538,135.52615384612,150.58461538457777,否
3341,B6T0000000110,E4,4,7,44,1,浅位,434100.0,434130.5846153846,434185.9815384615,55.3969230769231,30.584615384577774,85.98153846152127,否
3340,B6T0000000110,E4,4,7,44,1,深位,434100.0,434185.9815384615,434241.37846153846,55.3969230769231,85.98153846152127,141.37846153846476,否
25,B6T0000001209,E3,4,7,10,1,浅位,434280.0,434306.1784615385,434319.26769230777,13.08923076923077,26.17846153851133,39.26769230776699,否
26,B6T0000001209,E3,4,7,10,1,深位,434280.0,434319.26769230777,434332.356923077,13.08923076923077,39.26769230776699,52.35692307702266,否
17,B6T0000001209,E3,4,8,10,1,浅位,434280.0,434332.356923077,434345.4461538463,13.08923076923077,52.35692307702266,65.44615384627832,否
13,B6T0000001209,E3,4,8,10,1,深位,434280.0,434345.4461538463,434358.53538461553,13.08923076923077,65.44615384627832,78.53538461553399,否
938,B6T0000000508,E3,4,7,19,2,浅位,434460.0,434655.8892307691,434680.37538461527,24.486153846153847,195.8892307691276,220.37538461526856,否
936,B6T0000000508,E3,4,7,19,2,深位,434460.0,434680.37538461527,434704.8615384614,24.486153846153847,220.37538461526856,244.8615384614095,否
2201,B6T0000001562,E1,4,8,1,2,深位,434700.0,434704.8615384614,434711.8092307691,6.947692307692308,4.861538461409509,11.80923076911131,否
2198,B6T0000001562,E1,4,7,5,2,浅位,434700.0,434711.8092307691,434721.2184615383,9.409230769230769,11.80923076911131,21.21846153831575,否
2197,B6T0000001562,E1,4,7,5,2,深位,434700.0,434721.2184615383,434730.6276923075,9.409230769230769,21.21846153831575,30.627692307520192,否
2199,B6T0000001562,E1,4,7,4,4,浅位,434700.0,434730.6276923075,434740.06153846136,9.433846153846154,30.627692307520192,40.06153846136294,否
2200,B6T0000001562,E1,4,7,4,4,深位,434700.0,434740.06153846136,434749.4953846152,9.433846153846154,40.06153846136294,49.495384615205694,否
2202,B6T0000001562,E1,4,8,4,4,浅位,434700.0,434749.4953846152,434758.92923076905,9.433846153846154,49.495384615205694,58.929230769048445,否
2203,B6T0000001562,E1,4,8,4,4,深位,434700.0,434758.92923076905,434768.3630769229,9.433846153846154,58.929230769048445,68.3630769228912,否
940,B6T0000000508,E3,4,8,19,2,浅位,434460.0,434768.3630769229,434792.84923076903,24.486153846153847,308.3630769228912,332.84923076903215,否
3327,B6T0000000016,E4,4,8,45,19,深位,434760.0,434792.84923076903,434855.5446153844,62.69538461538464,32.84923076903215,95.5446153844241,否
3326,B6T0000000016,E4,4,7,48,7,浅位,434760.0,434855.5446153844,434919.01538461517,63.470769230769264,95.5446153844241,159.0153846151661,否
88,B6T0000000261,E4,4,7,43,2,浅位,435240.0,435781.78461538453,435835.963076923,54.17846153846156,541.7846153845312,595.9630769229843,否
94,B6T0000000261,E4,4,7,43,2,深位,435240.0,435835.963076923,435890.14153846144,54.17846153846156,595.9630769229843,650.1415384614374,否
3433,B6T0000000973,E3,4,7,9,4,浅位,436740.0,436740.0,436752.81846153847,12.818461538461538,0.0,12.81846153846709,否
3432,B6T0000000973,E3,4,7,9,4,深位,436740.0,436752.81846153847,436765.63692307693,12.818461538461538,12.81846153846709,25.63692307693418,否
2195,B6T0000001648,E1,4,7,2,14,浅位,437400.0,437445.6123076924,437457.0153846155,11.403076923076924,45.61230769241229,57.01538461551536,否
2196,B6T0000001648,E1,4,7,2,14,深位,437400.0,437457.0153846155,437468.4184615386,11.403076923076924,57.01538461551536,68.41846153861843,否
2194,B6T0000001648,E1,4,8,2,14,浅位,437400.0,437468.4184615386,437479.8215384617,11.403076923076924,68.41846153861843,79.8215384617215,否
3571,B6T0000001481,E1,4,8,3,23,深位,438240.0,438240.0,438254.8984615385,14.89846153846154,0.0,14.898461538483389,否
3570,B6T0000001481,E1,4,8,6,18,深位,438240.0,438254.8984615385,438270.0430769231,15.144615384615385,14.898461538483389,30.04307692311704,否
2943,B6T0000000747,E3,4,7,21,26,浅位,438900.0,438969.2553846154,439003.8830769231,34.627692307692314,69.25538461538963,103.88307692308445,否
1113,B6T0000001301,E3,4,7,9,15,浅位,443880.0,444290.830769231,444307.1692307695,16.338461538461537,410.8307692310191,427.1692307695048,否
1112,B6T0000001301,E3,4,7,9,15,深位,443880.0,444307.1692307695,444323.507692308,16.338461538461537,427.1692307695048,443.5076923079905,否
1101,B6T0000001301,E3,4,8,9,15,浅位,443880.0,444323.507692308,444339.8461538465,16.338461538461537,443.5076923079905,459.8461538464762,否
1111,B6T0000001301,E3,4,8,9,15,深位,443880.0,444339.8461538465,444356.18461538496,16.338461538461537,459.8461538464762,476.18461538496194,否
1127,B6T0000001955,E1,4,7,4,5,浅位,447420.0,447958.1538461537,447967.90769230755,9.753846153846155,538.1538461536984,547.9076923075481,否
1126,B6T0000001955,E1,4,7,4,5,深位,447420.0,447967.90769230755,447977.6615384614,9.753846153846155,547.9076923075481,557.6615384613979,否
1120,B6T0000001955,E1,4,8,4,5,浅位,447420.0,447977.6615384614,447987.41538461525,9.753846153846155,557.6615384613979,567.4153846152476,否
1122,B6T0000001955,E1,4,8,4,5,深位,447420.0,447987.41538461525,447997.1692307691,9.753846153846155,567.4153846152476,577.1692307690973,否
1329,B6T0000001360,E1,4,7,2,7,浅位,454620.0,454674.9784615383,454684.1415384614,9.163076923076924,54.978461538325064,64.14153846137924,否
1330,B6T0000001360,E1,4,7,2,7,深位,454620.0,454684.1415384614,454693.30461538443,9.163076923076924,64.14153846137924,73.30461538443342,否
1331,B6T0000001360,E1,4,8,2,7,浅位,454620.0,454693.30461538443,454702.4676923075,9.163076923076924,73.30461538443342,82.4676923074876,否
1332,B6T0000001360,E1,4,8,2,7,深位,454620.0,454702.4676923075,454711.63076923054,9.163076923076924,82.4676923074876,91.63076923054177,否
3567,B6T0000001252,E3,4,8,9,4,深位,454920.0,454920.0,454932.81846153847,12.818461538461538,0.0,12.81846153846709,否
3566,B6T0000001252,E3,4,7,20,3,浅位,454920.0,454932.81846153847,454958.85538461537,26.03692307692308,12.81846153846709,38.85538461536635,否
991,B6T0000001090,E3,4,7,12,11,深位,455820.0,455850.2707692307,455872.5169230768,22.246153846153845,30.27076923067216,52.51692307682242,是
990,B6T0000001090,E3,4,8,12,11,浅位,455820.0,455884.8923076922,455897.2676923076,12.375384615384615,64.8923076922074,77.26769230759237,是
2718,B6T0000000756,E3,4,7,9,17,浅位,460140.0,460140.0,460156.97846153844,16.978461538461538,0.0,16.97846153844148,否
2716,B6T0000000756,E3,4,7,9,17,深位,460140.0,460156.97846153844,460173.9569230769,16.978461538461538,16.97846153844148,33.95692307688296,否
2719,B6T0000000756,E3,4,8,9,17,浅位,460140.0,460173.9569230769,460190.9353846153,16.978461538461538,33.95692307688296,50.93538461532444,否
2717,B6T0000000756,E3,4,7,15,5,浅位,460140.0,460190.9353846153,460211.4584615384,20.52307692307692,50.93538461532444,71.45846153842285,否
1201,B6T0000001639,E1,4,7,3,6,浅位,463080.0,463193.5015384618,463202.96000000025,9.458461538461538,113.50153846177272,122.96000000025379,否
1205,B6T0000001639,E1,4,7,3,6,深位,463080.0,463202.96000000025,463212.41846153873,9.458461538461538,122.96000000025379,132.41846153873485,否
1204,B6T0000001639,E1,4,8,3,6,浅位,463080.0,463212.41846153873,463221.8769230772,9.458461538461538,132.41846153873485,141.8769230772159,否
1202,B6T0000001639,E1,4,8,3,6,深位,463080.0,463221.8769230772,463231.3353846157,9.458461538461538,141.8769230772159,151.33538461569697,否
3174,B6T0000001957,E1,4,7,1,9,浅位,463320.0,463320.0,463329.1876923077,9.187692307692307,0.0,9.187692307692487,否
3173,B6T0000001957,E1,4,7,1,9,深位,463320.0,463329.1876923077,463338.3753846154,9.187692307692307,9.187692307692487,18.375384615384974,否
3172,B6T0000001957,E1,4,8,1,9,浅位,463320.0,463338.3753846154,463347.5630769231,9.187692307692307,18.375384615384974,27.56307692307746,否
3619,B6T0000000613,E3,4,7,12,14,浅位,466260.0,466260.0,466279.7107692308,19.71076923076923,0.0,19.710769230790902,否
3618,B6T0000000613,E3,4,7,12,14,深位,466260.0,466279.7107692308,466299.4215384616,19.71076923076923,19.710769230790902,39.421538461581804,否
1815,B6T0000001665,E1,4,7,2,10,浅位,471120.0,471140.24615384615,471150.3692307692,10.123076923076923,20.246153846150264,30.369230769225396,否
1817,B6T0000001665,E1,4,7,2,10,深位,471120.0,471150.3692307692,471160.4923076923,10.123076923076923,30.369230769225396,40.49230769230053,否
1819,B6T0000001665,E1,4,8,2,10,浅位,471120.0,471160.4923076923,471170.6153846154,10.123076923076923,40.49230769230053,50.61538461537566,否
1820,B6T0000001665,E1,4,8,2,10,深位,471120.0,471170.6153846154,471180.73846153845,10.123076923076923,50.61538461537566,60.73846153845079,否
3694,B6T0000001794,E1,4,7,7,5,浅位,474300.0,474300.0,474311.6,11.6,0.0,11.599999999976717,否
3695,B6T0000001794,E1,4,7,7,5,深位,474300.0,474311.6,474323.19999999995,11.6,11.599999999976717,23.199999999953434,否
1228,B6T0000001022,E3,4,7,14,11,浅位,477120.0,477204.8492307693,477226.06153846165,21.212307692307693,84.84923076932319,106.06153846165398,否
1230,B6T0000001022,E3,4,7,14,11,深位,477120.0,477226.06153846165,477247.273846154,21.212307692307693,106.06153846165398,127.27384615398478,否
1231,B6T0000001022,E3,4,8,14,11,浅位,477120.0,477247.273846154,477268.4861538463,21.212307692307693,127.27384615398478,148.48615384631557,否
1239,B6T0000001022,E3,4,8,14,11,深位,477120.0,477268.4861538463,477289.69846153865,21.212307692307693,148.48615384631557,169.69846153864637,否
2667,B6T0000000114,E4,4,7,45,3,浅位,482520.0,482520.0,482577.5753846154,57.57538461538464,0.0,57.575384615396615,否
2666,B6T0000000114,E4,4,7,45,3,深位,482520.0,482577.5753846154,482635.1507692308,57.57538461538464,57.575384615396615,115.15076923079323,否
381,B6T0000000471,E3,4,7,17,1,浅位,486000.0,486021.70461538463,486043.40923076926,21.704615384615384,21.704615384631325,43.40923076926265,否
382,B6T0000000471,E3,4,7,17,1,深位,486000.0,486043.40923076926,486065.1138461539,21.704615384615384,43.40923076926265,65.11384615389397,否
383,B6T0000000471,E3,4,8,17,1,浅位,486000.0,486065.1138461539,486086.8184615385,21.704615384615384,65.11384615389397,86.8184615385253,否
1697,B6T0000001342,E1,4,7,4,8,浅位,486000.0,486086.8184615385,486097.5323076924,10.713846153846154,86.8184615385253,97.53230769239599,否
1701,B6T0000001342,E1,4,7,4,8,深位,486000.0,486097.5323076924,486108.24615384627,10.713846153846154,97.53230769239599,108.24615384626668,否
388,B6T0000000471,E3,4,8,17,1,深位,486000.0,486108.24615384627,486129.9507692309,21.704615384615384,108.24615384626668,129.950769230898,否
2085,B6T0000001407,E1,4,8,6,10,浅位,518100.0,518158.76923076925,518171.3538461539,12.584615384615384,58.76923076924868,71.35384615388466,否
693,B6T0000001180,E3,4,7,11,9,浅位,518220.0,518270.64,518287.52,16.88,50.64000000001397,67.52000000001863,否
694,B6T0000001180,E3,4,7,11,9,深位,518220.0,518287.52,518304.4,16.88,67.52000000001863,84.40000000002328,否
695,B6T0000001180,E3,4,8,11,9,浅位,518220.0,518304.4,518321.28,16.88,84.40000000002328,101.28000000002794,否
698,B6T0000001180,E3,4,8,11,9,深位,518220.0,518321.28,518338.16000000003,16.88,101.28000000002794,118.1600000000326,否
1292,B6T0000001854,E1,4,7,7,4,浅位,519120.0,519188.8123076923,519200.09230769234,11.280000000000001,68.81230769230751,80.09230769233545,否
1290,B6T0000001854,E1,4,7,7,4,深位,519120.0,519200.09230769234,519211.37230769236,11.280000000000001,80.09230769233545,91.37230769236339,否
1289,B6T0000001854,E1,4,8,7,4,浅位,519120.0,519211.37230769236,519222.6523076924,11.280000000000001,91.37230769236339,102.65230769239133,否
1288,B6T0000001854,E1,4,8,7,4,深位,519120.0,519222.6523076924,519233.9323076924,11.280000000000001,102.65230769239133,113.93230769241927,否
426,B6T0000000050,E4,4,7,44,3,浅位,519300.0,519300.0,519356.0369230769,56.0369230769231,0.0,56.03692307689926,否
408,B6T0000000050,E4,4,7,44,3,深位,519300.0,519356.0369230769,519412.0738461538,56.0369230769231,56.03692307689926,112.07384615379851,否
422,B6T0000000050,E4,4,8,44,3,浅位,519300.0,519412.0738461538,519468.1107692307,56.0369230769231,112.07384615379851,168.11076923069777,否
410,B6T0000000050,E4,4,8,44,3,深位,519300.0,519468.1107692307,519524.1476923076,56.0369230769231,168.11076923069777,224.14769230759703,否
781,B6T0000001996,E1,4,8,1,2,深位,520620.0,520620.0,520626.9476923077,6.947692307692308,0.0,6.9476923077018,否
782,B6T0000001996,E1,4,7,5,2,浅位,520620.0,520626.9476923077,520636.3569230769,9.409230769230769,6.9476923077018,16.35692307690624,否
783,B6T0000001996,E1,4,7,5,2,深位,520620.0,520636.3569230769,520645.7661538461,9.409230769230769,16.35692307690624,25.766153846110683,否
785,B6T0000001996,E1,4,8,5,2,深位,520620.0,520645.7661538461,520655.1753846153,9.409230769230769,25.766153846110683,35.175384615315124,否
786,B6T0000001996,E1,4,7,4,4,浅位,520620.0,520655.1753846153,520664.60923076916,9.433846153846154,35.175384615315124,44.609230769157875,否
787,B6T0000001996,E1,4,7,4,4,深位,520620.0,520664.60923076916,520674.043076923,9.433846153846154,44.609230769157875,54.043076923000626,否
788,B6T0000001996,E1,4,8,4,4,浅位,520620.0,520674.043076923,520683.47692307684,9.433846153846154,54.043076923000626,63.47692307684338,否
789,B6T0000001996,E1,4,8,4,4,深位,520620.0,520683.47692307684,520692.9107692307,9.433846153846154,63.47692307684338,72.91076923068613,否
784,B6T0000001996,E1,4,7,2,8,浅位,520620.0,520692.9107692307,520702.39384615375,9.483076923076922,72.91076923068613,82.39384615374729,否
1019,B6T0000001975,E1,4,7,1,6,浅位,520740.0,520740.0,520748.2276923077,8.227692307692308,0.0,8.227692307671532,否
1020,B6T0000001975,E1,4,7,1,6,深位,520740.0,520748.2276923077,520756.45538461534,8.227692307692308,8.227692307671532,16.455384615343064,否
1021,B6T0000001975,E1,4,8,1,6,浅位,520740.0,520756.45538461534,520764.683076923,8.227692307692308,16.455384615343064,24.683076923014596,否
1022,B6T0000001975,E1,4,8,1,6,深位,520740.0,520764.683076923,520772.9107692307,8.227692307692308,24.683076923014596,32.91076923068613,否
614,B6T0000000247,E4,4,7,45,2,浅位,521520.0,521863.53230769234,521920.7876923077,57.25538461538464,343.5323076923378,400.7876923077274,否
613,B6T0000000247,E4,4,7,45,2,深位,521520.0,521920.7876923077,521978.0430769231,57.25538461538464,400.7876923077274,458.04307692311704,否
600,B6T0000000247,E4,4,8,45,2,浅位,521520.0,521978.0430769231,522035.2984615385,57.25538461538464,458.04307692311704,515.2984615385067,否
612,B6T0000000247,E4,4,8,45,2,深位,521520.0,522035.2984615385,522092.5538461539,57.25538461538464,515.2984615385067,572.5538461538963,否
2070,B6T0000000389,E3,4,8,16,8,深位,536220.0,536220.0,536242.7138461538,22.713846153846152,0.0,22.713846153812483,否
2064,B6T0000000389,E3,4,7,17,17,浅位,536220.0,536296.363076923,536323.1876923075,26.824615384615385,76.3630769229494,103.18769230751786,否
2068,B6T0000000389,E3,4,7,17,17,深位,536220.0,536323.1876923075,536350.0123076921,26.824615384615385,103.18769230751786,130.01230769208632,否
2067,B6T0000000389,E3,4,8,17,17,浅位,536220.0,536350.0123076921,536376.8369230767,26.824615384615385,130.01230769208632,156.83692307665478,否
2065,B6T0000000389,E3,4,8,17,17,深位,536220.0,536376.8369230767,536403.6615384612,26.824615384615385,156.83692307665478,183.66153846122324,否
2012,B6T0000000680,E3,4,8,23,10,浅位,537060.0,537196.9907692309,537228.9600000001,31.969230769230773,136.99076923087705,168.96000000007916,否
3003,B6T0000001285,E3,4,7,10,31,浅位,543060.0,543060.0,543082.6892307692,22.689230769230768,0.0,22.689230769174173,否
3002,B6T0000001285,E3,4,7,10,31,深位,543060.0,543082.6892307692,543105.3784615383,22.689230769230768,22.689230769174173,45.37846153834835,否
3001,B6T0000001285,E3,4,8,10,31,浅位,543060.0,543105.3784615383,543128.0676923075,22.689230769230768,45.37846153834835,68.06769230752252,否
2470,B6T0000001437,E1,4,7,2,8,深位,546660.0,546660.0,546669.4830769231,9.483076923076922,0.0,9.483076923061162,否
2474,B6T0000001437,E1,4,8,2,8,浅位,546660.0,546669.4830769231,546678.9661538461,9.483076923076922,9.483076923061162,18.966153846122324,否
2473,B6T0000001437,E1,4,8,2,8,深位,546660.0,546678.9661538461,546688.4492307692,9.483076923076922,18.966153846122324,28.449230769183487,否
2472,B6T0000001437,E1,4,7,8,1,浅位,546660.0,546688.4492307692,546699.3846153846,10.935384615384615,28.449230769183487,39.38461538462434,否
2471,B6T0000001437,E1,4,7,8,1,深位,546660.0,546699.3846153846,546710.3200000001,10.935384615384615,39.38461538462434,50.32000000006519,否
885,B6T0000000488,E3,4,7,13,8,浅位,555480.0,555499.0215384616,555518.0430769231,19.021538461538462,19.02153846155852,38.04307692311704,否
886,B6T0000000488,E3,4,7,13,8,深位,555480.0,555518.0430769231,555537.0646153847,19.021538461538462,38.04307692311704,57.06461538467556,否
887,B6T0000000488,E3,4,8,13,8,浅位,555480.0,555537.0646153847,555556.0861538462,19.021538461538462,57.06461538467556,76.08615384623408,否
888,B6T0000000488,E3,4,8,13,8,深位,555480.0,555556.0861538462,555575.1076923078,19.021538461538462,76.08615384623408,95.1076923077926,否
1258,B6T0000000799,E3,4,8,14,2,深位,555960.0,555960.0,555978.3323076923,18.332307692307694,0.0,18.332307692267932,否
1245,B6T0000000799,E3,4,8,17,2,深位,555960.0,555978.3323076923,556000.3569230769,22.024615384615384,18.332307692267932,40.35692307690624,否
1246,B6T0000000799,E3,4,7,16,9,浅位,555960.0,556000.3569230769,556023.3907692308,23.033846153846152,40.35692307690624,63.39076923078392,否
1247,B6T0000000799,E3,4,7,16,9,深位,555960.0,556023.3907692308,556046.4246153847,23.033846153846152,63.39076923078392,86.42461538466159,否
1248,B6T0000000799,E3,4,8,16,9,浅位,555960.0,556046.4246153847,556069.4584615385,23.033846153846152,86.42461538466159,109.45846153853927,否
1260,B6T0000000799,E3,4,8,16,9,深位,555960.0,556069.4584615385,556092.4923076924,23.033846153846152,109.45846153853927,132.49230769241694,否
3402,B6T0000001518,E1,4,7,2,2,浅位,556860.0,556860.0,556867.563076923,7.563076923076923,0.0,7.563076923019253,否
3403,B6T0000001518,E1,4,7,2,2,深位,556860.0,556867.563076923,556875.126153846,7.563076923076923,7.563076923019253,15.126153846038505,否
1086,B6T0000000178,E4,4,7,47,2,浅位,558720.0,559778.6584615381,559838.9907692304,60.33230769230772,1058.6584615381435,1118.9907692304114,否
2420,B6T0000000777,E3,4,7,15,4,浅位,570600.0,570600.0,570620.203076923,20.20307692307692,0.0,20.203076923033223,否
2423,B6T0000000777,E3,4,7,15,4,深位,570600.0,570620.203076923,570640.4061538461,20.20307692307692,20.203076923033223,40.406153846066445,否
2422,B6T0000000777,E3,4,8,15,4,浅位,570600.0,570640.4061538461,570660.6092307691,20.20307692307692,40.406153846066445,60.60923076909967,否
2424,B6T0000000777,E3,4,8,15,4,深位,570600.0,570660.6092307691,570680.8123076921,20.20307692307692,60.60923076909967,80.81230769213289,否
1483,B6T0000000758,E3,5,9,13,15,浅位,4740.0,4740.0,4761.261538461538,21.26153846153846,0.0,21.261538461538294,否
1493,B6T0000000758,E3,5,9,13,15,深位,4740.0,4761.261538461538,4782.523076923077,21.26153846153846,21.261538461538294,42.52307692307659,否
1492,B6T0000000758,E3,5,10,13,15,浅位,4740.0,4782.523076923077,4803.784615384615,21.26153846153846,42.52307692307659,63.78461538461488,否
1482,B6T0000000758,E3,5,10,13,15,深位,4740.0,4803.784615384615,4825.046153846153,21.26153846153846,63.78461538461488,85.04615384615317,否
3558,B6T0000000460,E3,5,10,14,52,浅位,4740.0,4825.046153846153,4859.378461538461,34.332307692307694,85.04615384615317,119.37846153846112,否
3559,B6T0000000460,E3,5,10,14,52,深位,4740.0,4859.378461538461,4893.710769230769,34.332307692307694,119.37846153846112,153.71076923076907,否
3289,B6T0000000907,E3,5,9,15,41,浅位,15120.0,15169.230769230775,15195.78461538462,26.553846153846152,49.23076923077497,75.78461538462034,是
3288,B6T0000000907,E3,5,9,15,41,深位,15120.0,15195.784615384622,15227.8276923077,32.043076923076924,75.78461538462216,107.82769230769918,否
581,B6T0000001238,E3,5,9,15,4,浅位,19080.0,19160.812307692308,19181.015384615384,20.20307692307692,80.81230769230751,101.01538461538439,否
591,B6T0000001238,E3,5,9,15,4,深位,19080.0,19181.015384615384,19201.21846153846,20.20307692307692,101.01538461538439,121.21846153846127,否
578,B6T0000001238,E3,5,10,15,4,浅位,19080.0,19201.21846153846,19221.421538461538,20.20307692307692,121.21846153846127,141.42153846153815,否
582,B6T0000001238,E3,5,10,15,4,深位,19080.0,19221.421538461538,19241.624615384615,20.20307692307692,141.42153846153815,161.62461538461503,否
740,B6T0000000140,E4,5,9,45,3,浅位,25680.0,25790.916923076926,25848.49230769231,57.57538461538464,110.91692307692574,168.49230769231144,否
739,B6T0000000140,E4,5,9,45,3,深位,25680.0,25848.49230769231,25906.067692307697,57.57538461538464,168.49230769231144,226.06769230769714,否
738,B6T0000000140,E4,5,10,45,3,浅位,25680.0,25906.067692307697,25963.643076923083,57.57538461538464,226.06769230769714,283.64307692308284,否
737,B6T0000000140,E4,5,10,45,3,深位,25680.0,25963.643076923083,26021.21846153847,57.57538461538464,283.64307692308284,341.21846153846855,否
2555,B6T0000001217,E3,5,9,12,29,浅位,28320.0,28320.0,28344.51076923077,24.51076923076923,0.0,24.510769230768346,否
2557,B6T0000001217,E3,5,9,12,29,深位,28320.0,28344.51076923077,28369.021538461537,24.51076923076923,24.510769230768346,49.02153846153669,否
2558,B6T0000001217,E3,5,10,12,29,浅位,28320.0,28369.021538461537,28393.532307692305,24.51076923076923,49.02153846153669,73.53230769230504,否
2559,B6T0000001217,E3,5,10,12,29,深位,28320.0,28393.532307692305,28418.043076923073,24.51076923076923,73.53230769230504,98.04307692307339,否
1564,B6T0000001735,E1,5,9,7,5,浅位,30420.0,30512.79999999999,30524.399999999987,11.6,92.79999999998836,104.3999999999869,否
1563,B6T0000001735,E1,5,9,7,5,深位,30420.0,30524.399999999987,30535.999999999985,11.6,104.3999999999869,115.99999999998545,否
1562,B6T0000001735,E1,5,10,7,5,浅位,30420.0,30535.999999999985,30547.599999999984,11.6,115.99999999998545,127.59999999998399,否
1560,B6T0000001735,E1,5,10,7,5,深位,30420.0,30547.599999999984,30559.199999999983,11.6,127.59999999998399,139.19999999998254,否
1719,B6T0000001672,E1,5,9,6,7,浅位,35040.0,35109.74769230769,35121.372307692305,11.624615384615385,69.74769230769016,81.37230769230518,否
1720,B6T0000001672,E1,5,9,6,7,深位,35040.0,35121.372307692305,35132.99692307692,11.624615384615385,81.37230769230518,92.99692307692021,否
1721,B6T0000001672,E1,5,10,6,7,浅位,35040.0,35132.99692307692,35144.621538461535,11.624615384615385,92.99692307692021,104.62153846153524,否
1722,B6T0000001672,E1,5,10,6,7,深位,35040.0,35144.621538461535,35156.24615384615,11.624615384615385,104.62153846153524,116.24615384615026,否
3090,B6T0000000338,E3,5,9,14,36,浅位,46440.0,46440.0,46469.21230769231,29.21230769230769,0.0,29.21230769230897,否
3088,B6T0000000338,E3,5,9,14,36,深位,46440.0,46469.21230769231,46498.42461538462,29.21230769230769,29.21230769230897,58.42461538461794,否
3089,B6T0000000338,E3,5,10,14,36,浅位,46440.0,46498.42461538462,46527.63692307693,29.21230769230769,58.42461538461794,87.6369230769269,否
2550,B6T0000001153,E3,5,9,10,31,浅位,51060.0,51150.75692307693,51173.44615384616,22.689230769230768,90.75692307692952,113.4461538461619,否
2891,B6T0000001622,E1,5,9,5,26,浅位,51960.0,51994.17846153847,52011.2676923077,17.08923076923077,34.17846153846767,51.26769230770151,否
661,B6T0000001698,E1,5,9,8,1,浅位,54180.0,54289.35384615383,54300.28923076921,10.935384615384615,109.35384615382645,120.2892307692091,否
658,B6T0000001698,E1,5,9,8,1,深位,54180.0,54300.28923076921,54311.22461538459,10.935384615384615,120.2892307692091,131.22461538459174,否
657,B6T0000001698,E1,5,10,8,1,浅位,54180.0,54311.22461538459,54322.159999999974,10.935384615384615,131.22461538459174,142.1599999999744,否
656,B6T0000001698,E1,5,10,8,1,深位,54180.0,54322.159999999974,54333.09538461536,10.935384615384615,142.1599999999744,153.09538461535703,否
1574,B6T0000001553,E1,5,9,2,8,浅位,54600.0,54694.83076923076,54704.31384615383,9.483076923076922,94.83076923075714,104.31384615383286,否
1577,B6T0000001553,E1,5,9,2,8,深位,54600.0,54704.31384615383,54713.79692307691,9.483076923076922,104.31384615383286,113.79692307690857,否
3310,B6T0000001484,E1,5,9,5,39,浅位,55500.0,55500.0,55521.24923076923,21.24923076923077,0.0,21.249230769230053,否
3311,B6T0000001484,E1,5,9,5,39,深位,55500.0,55521.24923076923,55542.49846153846,21.24923076923077,21.249230769230053,42.498461538460106,否
2174,B6T0000001942,E1,5,10,5,12,浅位,55560.0,55560.0,55572.60923076923,12.60923076923077,0.0,12.609230769230635,否
2172,B6T0000001942,E1,5,10,5,12,深位,55560.0,55572.60923076923,55585.21846153846,12.60923076923077,12.609230769230635,25.21846153846127,否
373,B6T0000001440,E1,5,9,5,2,浅位,55740.0,55834.092307692335,55843.50153846157,9.409230769230769,94.09230769233545,103.501538461569,否
374,B6T0000001440,E1,5,9,5,2,深位,55740.0,55843.50153846157,55852.9107692308,9.409230769230769,103.501538461569,112.91076923080254,否
375,B6T0000001440,E1,5,10,5,2,浅位,55740.0,55852.9107692308,55862.320000000036,9.409230769230769,112.91076923080254,122.32000000003609,否
376,B6T0000001440,E1,5,10,5,2,深位,55740.0,55862.320000000036,55871.72923076927,9.409230769230769,122.32000000003609,131.72923076926963,否
449,B6T0000000678,E3,5,9,9,10,浅位,56280.0,56476.418461538466,56491.156923076924,14.738461538461538,196.41846153846564,211.1569230769237,否
438,B6T0000000678,E3,5,9,9,10,深位,56280.0,56491.156923076924,56505.89538461538,14.738461538461538,211.1569230769237,225.89538461538177,否
452,B6T0000000678,E3,5,10,9,10,浅位,56280.0,56505.89538461538,56520.63384615384,14.738461538461538,225.89538461538177,240.63384615383984,否
453,B6T0000000678,E3,5,10,9,10,深位,56280.0,56520.63384615384,56535.3723076923,14.738461538461538,240.63384615383984,255.3723076922979,否
2691,B6T0000001182,E3,5,9,38,4,浅位,85980.0,86125.91999999998,86174.43076923075,48.51076923076925,145.9199999999837,194.4307692307484,否
2689,B6T0000001182,E3,5,9,38,4,深位,85980.0,86174.43076923075,86222.94153846151,48.51076923076925,194.4307692307484,242.94153846151312,否
1479,B6T0000000631,E3,5,9,24,3,浅位,86520.0,86633.50153846157,86664.46153846158,30.960000000000008,113.501538461569,144.4615384615754,否
1472,B6T0000000631,E3,5,9,24,3,深位,86520.0,86664.46153846158,86695.42153846158,30.960000000000008,144.4615384615754,175.4215384615818,否
1470,B6T0000000631,E3,5,10,24,3,浅位,86520.0,86695.42153846158,86726.38153846159,30.960000000000008,175.4215384615818,206.3815384615882,否
1478,B6T0000000631,E3,5,10,24,3,深位,86520.0,86726.38153846159,86757.3415384616,30.960000000000008,206.3815384615882,237.3415384615946,否
1833,B6T0000000536,E3,5,9,23,8,浅位,87000.0,87287.50153846157,87318.8307692308,31.329230769230772,287.501538461569,318.8307692308008,否
1673,B6T0000001355,E1,5,9,1,9,浅位,87240.0,87324.25230769234,87333.44000000003,9.187692307692307,84.25230769233895,93.44000000003143,否
1674,B6T0000001355,E1,5,9,1,9,深位,87240.0,87333.44000000003,87342.62769230772,9.187692307692307,93.44000000003143,102.62769230772392,否
1675,B6T0000001355,E1,5,10,1,9,浅位,87240.0,87342.62769230772,87351.81538461542,9.187692307692307,102.62769230772392,111.8153846154164,否
1668,B6T0000001355,E1,5,10,1,9,深位,87240.0,87351.81538461542,87361.00307692311,9.187692307692307,111.8153846154164,121.00307692310889,否
3431,B6T0000001554,E1,5,9,1,46,浅位,87900.0,87900.0,87921.02769230769,21.027692307692313,0.0,21.027692307688994,否
3430,B6T0000001554,E1,5,9,1,46,深位,87900.0,87921.02769230769,87942.05538461538,21.027692307692313,21.027692307688994,42.05538461537799,否
2315,B6T0000001107,E3,5,10,13,24,浅位,88140.0,88140.0,88164.14153846154,24.141538461538463,0.0,24.141538461539312,否
2316,B6T0000001107,E3,5,10,13,24,深位,88140.0,88164.14153846154,88188.28307692308,24.141538461538463,24.141538461539312,48.283076923078625,否
1692,B6T0000001375,E1,5,9,7,6,浅位,88320.0,88425.39692307693,88437.31692307693,11.92,105.39692307692894,117.3169230769272,否
1693,B6T0000001375,E1,5,9,7,6,深位,88320.0,88437.31692307693,88449.23692307693,11.92,117.3169230769272,129.23692307692545,否
1694,B6T0000001375,E1,5,10,7,6,浅位,88320.0,88449.23692307693,88461.15692307692,11.92,129.23692307692545,141.1569230769237,否
1415,B6T0000000408,E3,5,9,23,3,浅位,97380.0,97677.29230769226,97707.02153846149,29.729230769230774,297.2923076922598,327.02153846148576,否
1409,B6T0000000408,E3,5,9,23,3,深位,97380.0,97707.02153846149,97736.75076923071,29.729230769230774,327.02153846148576,356.75076923071174,否
1410,B6T0000000408,E3,5,10,23,3,浅位,97380.0,97736.75076923071,97766.47999999994,29.729230769230774,356.75076923071174,386.4799999999377,否
1411,B6T0000000408,E3,5,10,23,3,深位,97380.0,97766.47999999994,97796.20923076916,29.729230769230774,386.4799999999377,416.2092307691637,否
2254,B6T0000001242,E3,5,10,19,17,浅位,111300.0,111300.0,111329.28615384616,29.286153846153848,0.0,29.286153846158413,否
2259,B6T0000001242,E3,5,10,19,17,深位,111300.0,111329.28615384616,111358.57230769232,29.286153846153848,29.286153846158413,58.572307692316826,否
3386,B6T0000001525,E1,5,9,2,44,浅位,117120.0,117120.0,117141.00307692308,21.003076923076925,0.0,21.00307692307979,否
3387,B6T0000001525,E1,5,9,2,44,深位,117120.0,117141.00307692308,117162.00615384616,21.003076923076925,21.00307692307979,42.00615384615958,否
67,B6T0000001664,E1,5,9,2,2,浅位,118500.0,118530.25230769231,118537.81538461539,7.563076923076923,30.25230769230984,37.8153846153873,否
64,B6T0000001664,E1,5,9,2,2,深位,118500.0,118537.81538461539,118545.37846153846,7.563076923076923,37.8153846153873,45.37846153846476,否
65,B6T0000001664,E1,5,10,2,2,浅位,118500.0,118545.37846153846,118552.94153846154,7.563076923076923,45.37846153846476,52.94153846154222,否
66,B6T0000001664,E1,5,10,2,2,深位,118500.0,118552.94153846154,118560.50461538462,7.563076923076923,52.94153846154222,60.50461538461968,否
41,B6T0000001104,E3,5,9,9,4,浅位,123780.0,123985.09538461547,123997.91384615394,12.818461538461538,205.09538461547345,217.91384615394054,否
47,B6T0000001104,E3,5,9,9,4,深位,123780.0,123997.91384615394,124010.73230769241,12.818461538461538,217.91384615394054,230.73230769240763,否
40,B6T0000001104,E3,5,10,9,4,浅位,123780.0,124010.73230769241,124023.55076923087,12.818461538461538,230.73230769240763,243.55076923087472,否
2333,B6T0000001994,E1,5,9,1,16,浅位,127920.0,127920.0,127931.4276923077,11.427692307692308,0.0,11.427692307697725,否
2334,B6T0000001994,E1,5,9,1,16,深位,127920.0,127931.4276923077,127942.8553846154,11.427692307692308,11.427692307697725,22.85538461539545,否
2332,B6T0000001994,E1,5,10,1,16,浅位,127920.0,127942.8553846154,127954.2830769231,11.427692307692308,22.85538461539545,34.283076923093176,否
2335,B6T0000001994,E1,5,10,1,16,深位,127920.0,127954.2830769231,127965.71076923079,11.427692307692308,34.283076923093176,45.7107692307909,否
36,B6T0000001104,E3,5,10,9,4,深位,132300.0,132300.0,132312.81846153847,12.818461538461538,0.0,12.81846153846709,否
3687,B6T0000001416,E1,5,9,2,5,深位,135480.0,135480.0,135488.52307692307,8.523076923076923,0.0,8.523076923069311,否
3686,B6T0000001416,E1,5,9,2,6,深位,135480.0,135488.52307692307,135497.36615384615,8.843076923076923,8.523076923069311,17.366153846145608,否
3273,B6T0000001560,E1,5,9,5,2,浅位,137280.0,137325.62153846154,137361.31076923077,35.689230769230775,45.62153846153524,81.31076923076762,是
3272,B6T0000001560,E1,5,9,5,2,深位,137280.0,137397.16,137433.00923076924,35.849230769230786,117.16000000000349,153.00923076923937,是
147,B6T0000000810,E3,5,9,14,2,浅位,172800.0,172800.0,172818.3323076923,18.332307692307694,0.0,18.332307692297036,否
148,B6T0000000810,E3,5,9,14,2,深位,172800.0,172818.3323076923,172836.6646153846,18.332307692307694,18.332307692297036,36.66461538459407,否
149,B6T0000000810,E3,5,10,14,2,浅位,172800.0,172836.6646153846,172854.9969230769,18.332307692307694,36.66461538459407,54.99692307689111,否
349,B6T0000001370,E1,5,10,3,3,浅位,173100.0,173100.0,173108.49846153846,8.498461538461537,0.0,8.498461538460106,否
350,B6T0000001370,E1,5,10,3,3,深位,173100.0,173108.49846153846,173116.99692307692,8.498461538461537,8.498461538460106,16.99692307692021,否
2937,B6T0000000065,E4,5,10,44,23,浅位,173700.0,173700.0,173762.43692307692,62.4369230769231,0.0,62.43692307692254,否
2936,B6T0000000065,E4,5,10,44,23,深位,173700.0,173762.43692307692,173824.87384615385,62.4369230769231,62.43692307692254,124.87384615384508,否
2541,B6T0000001206,E3,5,9,38,2,浅位,173700.0,173860.12307692308,173907.99384615384,47.87076923076925,160.12307692307513,207.99384615384042,否
2543,B6T0000001206,E3,5,9,38,2,深位,173700.0,173907.99384615384,173955.8646153846,47.87076923076925,207.99384615384042,255.8646153846057,否
2544,B6T0000001206,E3,5,10,38,2,浅位,173700.0,173955.8646153846,174003.73538461537,47.87076923076925,255.8646153846057,303.735384615371,否
3011,B6T0000001789,E1,5,9,2,5,深位,174600.0,174600.0,174608.52307692307,8.523076923076923,0.0,8.523076923069311,否
3012,B6T0000001789,E1,5,9,2,6,深位,174600.0,174608.52307692307,174617.36615384615,8.843076923076923,8.523076923069311,17.366153846145608,否
3010,B6T0000001789,E1,5,10,1,16,深位,174600.0,174617.36615384615,174628.79384615383,11.427692307692308,17.366153846145608,28.79384615382878,否
777,B6T0000000843,E3,5,9,15,5,浅位,174120.0,174628.79384615383,174649.3169230769,20.52307692307692,508.7938461538288,529.3169230768981,否
776,B6T0000000843,E3,5,9,15,5,深位,174120.0,174649.3169230769,174669.83999999997,20.52307692307692,529.3169230768981,549.8399999999674,否
775,B6T0000000843,E3,5,10,15,5,浅位,174120.0,174669.83999999997,174690.36307692304,20.52307692307692,549.8399999999674,570.3630769230367,否
774,B6T0000000843,E3,5,10,15,5,深位,174120.0,174690.36307692304,174710.8861538461,20.52307692307692,570.3630769230367,590.886153846106,否
1193,B6T0000001103,E3,5,9,21,3,浅位,175020.0,175456.28307692287,175483.55076923055,27.26769230769231,436.2830769228749,463.5507692305546,否
3392,B6T0000001976,E1,5,9,8,40,浅位,175560.0,175560.0,175583.4153846154,23.415384615384617,0.0,23.415384615393123,否
3393,B6T0000001976,E1,5,9,8,40,深位,175560.0,175583.4153846154,175606.8307692308,23.415384615384617,23.415384615393123,46.830769230786245,否
2620,B6T0000001218,E3,5,9,13,29,浅位,175620.0,175620.0,175645.74153846153,25.74153846153846,0.0,25.74153846153058,否
2623,B6T0000001218,E3,5,9,13,29,深位,175620.0,175645.74153846153,175671.48307692306,25.74153846153846,25.74153846153058,51.48307692306116,否
2622,B6T0000001218,E3,5,10,13,29,浅位,175620.0,175671.48307692306,175697.2246153846,25.74153846153846,51.48307692306116,77.22461538459174,否
2621,B6T0000001218,E3,5,10,13,29,深位,175620.0,175697.2246153846,175722.96615384612,25.74153846153846,77.22461538459174,102.96615384612232,否
1997,B6T0000001313,E3,5,9,20,13,浅位,185400.0,185575.42153846147,185604.65846153838,29.23692307692308,175.4215384614654,204.6584615383763,否
2001,B6T0000001313,E3,5,9,20,13,深位,185400.0,185604.65846153838,185633.8953846153,29.23692307692308,204.6584615383763,233.89538461528718,否
3688,B6T0000001548,E1,5,9,5,54,浅位,187560.0,187560.0,187586.04923076922,26.04923076923077,0.0,26.04923076921841,否
3689,B6T0000001548,E1,5,9,5,54,深位,187560.0,187586.04923076922,187612.09846153844,26.04923076923077,26.04923076921841,52.09846153843682,否
192,B6T0000000932,E3,5,9,9,8,浅位,190380.0,190492.78769230773,190506.8861538462,14.098461538461537,112.78769230772741,126.88615384619334,否
193,B6T0000000932,E3,5,9,9,8,深位,190380.0,190506.8861538462,190520.98461538466,14.098461538461537,126.88615384619334,140.98461538465926,否
194,B6T0000000932,E3,5,10,9,8,浅位,190380.0,190520.98461538466,190535.08307692313,14.098461538461537,140.98461538465926,155.0830769231252,否
195,B6T0000000932,E3,5,10,9,8,深位,190380.0,190535.08307692313,190549.1815384616,14.098461538461537,155.0830769231252,169.18153846159112,否
196,B6T0000000932,E3,5,10,15,1,浅位,190380.0,190549.1815384616,190568.42461538466,19.24307692307692,169.18153846159112,188.4246153846616,否
197,B6T0000000932,E3,5,10,15,1,深位,190380.0,190568.42461538466,190587.66769230773,19.24307692307692,188.4246153846616,207.66769230773207,否
2829,B6T0000000816,E3,5,9,12,29,浅位,193920.0,193920.0,193944.51076923078,24.51076923076923,0.0,24.51076923077926,否
2828,B6T0000000816,E3,5,9,12,29,深位,193920.0,193944.51076923078,193969.02153846156,24.51076923076923,24.51076923077926,49.02153846155852,否
2830,B6T0000000816,E3,5,10,12,29,浅位,193920.0,193969.02153846156,193993.53230769234,24.51076923076923,49.02153846155852,73.53230769233778,否
2831,B6T0000000816,E3,5,10,12,29,深位,193920.0,193993.53230769234,194018.04307692312,24.51076923076923,73.53230769233778,98.04307692311704,否
1872,B6T0000000931,E3,5,10,20,12,浅位,194940.0,194940.0,194968.91692307693,28.91692307692308,0.0,28.916923076933017,否
1873,B6T0000000931,E3,5,10,20,12,深位,194940.0,194968.91692307693,194997.83384615387,28.91692307692308,28.916923076933017,57.833846153866034,否
1351,B6T0000001367,E1,5,10,2,7,浅位,198960.0,198988.25846153847,199002.80000000002,14.541538461538462,28.25846153846942,42.80000000001746,是
1358,B6T0000001367,E1,5,10,2,7,深位,198960.0,199016.06153846157,199029.9630769231,13.901538461538461,56.06153846156667,69.96307692310074,是
1135,B6T0000000395,E3,5,9,16,8,浅位,202560.0,202650.85538461537,202673.5692307692,22.713846153846152,90.85538461536635,113.56923076920793,否
1136,B6T0000000395,E3,5,9,16,8,深位,202560.0,202673.5692307692,202696.28307692305,22.713846153846152,113.56923076920793,136.28307692304952,否
1140,B6T0000000395,E3,5,10,16,8,浅位,202560.0,202696.28307692305,202718.9969230769,22.713846153846152,136.28307692304952,158.9969230768911,否
1142,B6T0000000395,E3,5,10,16,8,深位,202560.0,202718.9969230769,202741.71076923073,22.713846153846152,158.9969230768911,181.7107692307327,否
823,B6T0000001427,E1,5,9,4,4,浅位,203940.0,203977.73538461537,203987.1692307692,9.433846153846154,37.735384615371004,47.169230769213755,否
824,B6T0000001427,E1,5,9,4,4,深位,203940.0,203987.1692307692,203996.60307692306,9.433846153846154,47.169230769213755,56.603076923056506,否
825,B6T0000001427,E1,5,10,4,4,浅位,203940.0,203996.60307692306,204006.0369230769,9.433846153846154,56.603076923056506,66.03692307689926,否
826,B6T0000001427,E1,5,10,4,4,深位,203940.0,204006.0369230769,204015.47076923074,9.433846153846154,66.03692307689926,75.47076923074201,否
3724,B6T0000000936,E3,5,9,21,50,浅位,214020.0,214020.0,214062.3076923077,42.30769230769231,0.0,42.30769230768783,否
3725,B6T0000000936,E3,5,9,21,50,深位,214020.0,214062.3076923077,214104.61538461538,42.30769230769231,42.30769230768783,84.61538461537566,否
1460,B6T0000000897,E3,5,9,21,6,浅位,220080.0,220305.8215384616,220334.0492307693,28.227692307692312,225.8215384616051,254.04923076930572,否
1459,B6T0000000897,E3,5,9,21,6,深位,220080.0,220334.0492307693,220362.276923077,28.227692307692312,254.04923076930572,282.27692307700636,否
1458,B6T0000000897,E3,5,10,21,6,浅位,220080.0,220362.276923077,220390.5046153847,28.227692307692312,282.27692307700636,310.504615384707,否
1457,B6T0000000897,E3,5,10,21,6,深位,220080.0,220390.5046153847,220418.7323076924,28.227692307692312,310.504615384707,338.73230769240763,否
2125,B6T0000001478,E1,5,10,2,13,浅位,223500.0,223500.0,223511.08307692307,11.083076923076923,0.0,11.083076923066983,否
2126,B6T0000001478,E1,5,10,2,13,深位,223500.0,223511.08307692307,223522.16615384613,11.083076923076923,11.083076923066983,22.166153846133966,否
3264,B6T0000000268,E4,5,10,43,31,浅位,228720.0,228720.0,228783.45846153845,63.45846153846156,0.0,63.45846153845196,否
3265,B6T0000000268,E4,5,10,43,31,深位,228720.0,228783.45846153845,228846.9169230769,63.45846153846156,63.45846153845196,126.91692307690391,否
691,B6T0000001180,E3,5,10,10,10,浅位,258900.0,258943.95692307697,258964.03692307696,20.08,43.95692307697027,64.03692307695746,是
689,B6T0000001180,E3,5,10,10,10,深位,258900.0,258975.0215384616,258986.0061538462,10.984615384615385,75.02153846158762,86.00615384618868,是
2253,B6T0000001205,E3,5,9,18,18,浅位,258900.0,258996.99076923082,259020.38153846157,23.390769230769234,96.99076923081884,120.38153846157365,是
2252,B6T0000001205,E3,5,9,18,18,深位,258900.0,259037.5692307693,259054.756923077,17.18769230769231,137.56923076929525,154.75692307698773,是
2251,B6T0000001205,E3,5,10,18,18,浅位,258900.0,259071.94461538468,259089.13230769237,17.18769230769231,171.94461538468022,189.1323076923727,是
2250,B6T0000001205,E3,5,10,18,18,深位,258900.0,259106.32000000007,259123.50769230776,17.18769230769231,206.3200000000652,223.50769230775768,是
171,B6T0000000810,E3,5,10,14,2,深位,259440.0,259549.3846153846,259572.0615384615,22.676923076923078,109.38461538459524,132.06153846150846,是
3634,B6T0000000476,E3,5,9,16,8,浅位,259560.0,259584.22769230767,259600.77538461535,16.54769230769231,24.227692307671532,40.77538461535005,是
3635,B6T0000000476,E3,5,9,16,8,深位,259560.0,259615.13230769229,259629.48923076922,14.356923076923076,55.132307692285394,69.48923076922074,是
264,B6T0000001466,E1,5,9,4,2,浅位,259800.0,259913.9753846154,259934.24000000002,20.264615384615386,113.9753846153908,134.2400000000198,是
265,B6T0000001466,E1,5,9,4,2,深位,259800.0,259954.5169230769,259974.79384615383,20.276923076923076,154.51692307690973,174.79384615382878,是
256,B6T0000001466,E1,5,10,4,2,浅位,259800.0,259995.1692307692,260015.5446153846,20.37538461538462,195.16923076921375,215.54461538459873,是
267,B6T0000001466,E1,5,10,4,2,深位,259800.0,260035.91999999998,260056.29538461537,20.37538461538462,235.9199999999837,256.2953846153687,是
2295,B6T0000001477,E1,5,10,2,15,浅位,259920.0,260076.67076923075,260097.04615384614,20.37538461538462,156.67076923075365,177.04615384613862,是
2294,B6T0000001477,E1,5,10,2,15,深位,259920.0,260117.42153846152,260137.7969230769,20.37538461538462,197.4215384615236,217.79692307690857,是
3092,B6T0000000969,E3,5,10,16,34,浅位,260700.0,260700.0,260731.03384615385,31.033846153846152,0.0,31.03384615384857,否
3091,B6T0000000969,E3,5,10,16,34,深位,260700.0,260731.03384615385,260762.0676923077,31.033846153846152,31.03384615384857,62.06769230769714,否
3605,B6T0000001598,E1,5,9,2,5,深位,260820.0,260820.0,260828.52307692307,8.523076923076923,0.0,8.523076923069311,否
3604,B6T0000001598,E1,5,9,2,6,深位,260820.0,260828.52307692307,260837.36615384615,8.843076923076923,8.523076923069311,17.366153846145608,否
3418,B6T0000000124,E4,5,10,43,38,浅位,260940.0,260940.0,261005.69846153847,65.69846153846156,0.0,65.69846153847175,否
3419,B6T0000000124,E4,5,10,43,38,深位,260940.0,261005.69846153847,261071.39692307694,65.69846153846156,65.69846153847175,131.3969230769435,否
1614,B6T0000001083,E3,5,10,9,4,深位,261660.0,261660.0,261672.81846153847,12.818461538461538,0.0,12.81846153846709,否
1613,B6T0000001083,E3,5,9,9,20,浅位,261660.0,262157.24307692325,262175.1815384617,17.93846153846154,497.2430769232451,515.1815384617075,否
1611,B6T0000001083,E3,5,9,9,20,深位,261660.0,262175.1815384617,262193.12000000017,17.93846153846154,515.1815384617075,533.12000000017,否
286,B6T0000000305,E4,5,10,43,3,浅位,261780.0,262401.8953846155,262456.393846154,54.49846153846156,621.89538461552,676.3938461539801,否
287,B6T0000000305,E4,5,10,43,3,深位,261780.0,262456.393846154,262510.89230769244,54.49846153846156,676.3938461539801,730.8923076924402,否
3124,B6T0000000831,E3,5,9,14,2,浅位,268800.0,268800.0,268818.3323076923,18.332307692307694,0.0,18.33230769232614,否
3125,B6T0000000831,E3,5,9,14,2,深位,268800.0,268818.3323076923,268836.66461538465,18.332307692307694,18.33230769232614,36.66461538465228,否
3126,B6T0000000831,E3,5,10,14,2,浅位,268800.0,268836.66461538465,268854.996923077,18.332307692307694,36.66461538465228,54.99692307697842,否
3139,B6T0000000039,E4,5,9,44,27,浅位,270480.0,270607.4338461539,270671.15076923085,63.7169230769231,127.43384615390096,191.15076923085144,否
3532,B6T0000000919,E3,5,9,24,3,浅位,275040.0,275040.0,275070.96,30.960000000000008,0.0,30.960000000020955,否
3533,B6T0000000919,E3,5,9,24,3,深位,275040.0,275070.96,275101.92000000004,30.960000000000008,30.960000000020955,61.92000000004191,否
2566,B6T0000001793,E1,5,9,2,2,浅位,283080.0,283080.0,283087.5630769231,7.563076923076923,0.0,7.56307692307746,否
2565,B6T0000001793,E1,5,9,2,2,深位,283080.0,283087.5630769231,283095.12615384615,7.563076923076923,7.56307692307746,15.12615384615492,否
2567,B6T0000001793,E1,5,10,2,2,浅位,283080.0,283095.12615384615,283102.68923076923,7.563076923076923,15.12615384615492,22.68923076923238,否
2568,B6T0000001793,E1,5,10,2,2,深位,283080.0,283102.68923076923,283110.2523076923,7.563076923076923,22.68923076923238,30.25230769230984,否
2569,B6T0000001793,E1,5,9,1,16,浅位,283080.0,283110.2523076923,283121.68,11.427692307692308,30.25230769230984,41.679999999993015,否
3375,B6T0000000638,E3,5,9,11,61,浅位,285420.0,285420.0,285453.52,33.52,0.0,33.52000000001863,否
3374,B6T0000000638,E3,5,9,11,61,深位,285420.0,285453.52,285487.04000000004,33.52,33.52000000001863,67.04000000003725,否
577,B6T0000001238,E3,5,9,16,3,浅位,286320.0,286425.5692307692,286446.683076923,21.113846153846154,105.56923076917883,126.6830769230146,否
571,B6T0000001238,E3,5,9,16,3,深位,286320.0,286446.683076923,286467.79692307685,21.113846153846154,126.6830769230146,147.79692307685036,否
570,B6T0000001238,E3,5,10,16,3,浅位,286320.0,286467.79692307685,286488.9107692307,21.113846153846154,147.79692307685036,168.91076923068613,否
2077,B6T0000001546,E1,5,9,4,11,浅位,287100.0,287100.0,287111.67384615383,11.673846153846155,0.0,11.673846153833438,否
2076,B6T0000001546,E1,5,9,4,11,深位,287100.0,287111.67384615383,287123.34769230767,11.673846153846155,11.673846153833438,23.347692307666875,否
2075,B6T0000001546,E1,5,10,4,11,浅位,287100.0,287123.34769230767,287135.0215384615,11.673846153846155,23.347692307666875,35.02153846150031,否
2074,B6T0000001546,E1,5,10,4,11,深位,287100.0,287135.0215384615,287146.69538461533,11.673846153846155,35.02153846150031,46.69538461533375,否
1335,B6T0000000043,E4,5,9,45,6,浅位,286740.0,287263.93846153835,287322.4738461537,58.53538461538464,523.938461538346,582.4738461537054,否
1333,B6T0000000043,E4,5,9,45,6,深位,286740.0,287322.4738461537,287381.00923076906,58.53538461538464,582.4738461537054,641.0092307690647,否
1345,B6T0000000043,E4,5,10,45,6,浅位,286740.0,287381.00923076906,287439.5446153844,58.53538461538464,641.0092307690647,699.5446153844241,否
1334,B6T0000000043,E4,5,10,45,6,深位,286740.0,287439.5446153844,287498.0799999998,58.53538461538464,699.5446153844241,758.0799999997835,否
2999,B6T0000000956,E3,5,9,27,21,浅位,289920.0,289920.0,289960.4123076923,40.4123076923077,0.0,40.41230769228423,否
3000,B6T0000000956,E3,5,9,27,21,深位,289920.0,289960.4123076923,290000.82461538457,40.4123076923077,40.41230769228423,80.82461538456846,否
2998,B6T0000000956,E3,5,10,27,21,浅位,289920.0,290000.82461538457,290041.23692307685,40.4123076923077,80.82461538456846,121.23692307685269,否
466,B6T0000001382,E1,5,9,2,4,浅位,295980.0,295986.6276923077,295994.8307692308,8.203076923076923,6.627692307694815,14.830769230786245,否
464,B6T0000001382,E1,5,9,2,4,深位,295980.0,295994.8307692308,296003.0338461539,8.203076923076923,14.830769230786245,23.033846153877676,否
463,B6T0000001382,E1,5,10,2,4,浅位,295980.0,296003.0338461539,296011.23692307697,8.203076923076923,23.033846153877676,31.236923076969106,否
462,B6T0000001382,E1,5,10,2,4,深位,295980.0,296011.23692307697,296019.44000000006,8.203076923076923,31.236923076969106,39.440000000060536,否
2356,B6T0000001471,E1,5,10,7,5,浅位,297000.0,297045.3538461539,297065.1138461539,19.76,45.35384615388466,65.11384615389397,是
2358,B6T0000001471,E1,5,10,7,5,深位,297000.0,297085.5138461539,297105.91384615394,20.4,85.51384615391726,105.91384615394054,是
2357,B6T0000001471,E1,5,9,6,7,浅位,297000.0,297126.44923076924,297146.9846153846,20.535384615384615,126.4492307692417,146.98461538460106,是
2361,B6T0000001471,E1,5,9,6,7,深位,297000.0,297146.98461538466,297158.6092307693,11.624615384615385,146.98461538465926,158.6092307692743,否
2360,B6T0000001471,E1,5,10,6,7,浅位,297000.0,297158.6092307693,297170.2338461539,11.624615384615385,158.6092307692743,170.23384615388932,否
2359,B6T0000001471,E1,5,10,6,7,深位,297000.0,297170.2338461539,297181.8584615385,11.624615384615385,170.23384615388932,181.85846153850434,否
1527,B6T0000000228,E4,5,9,43,10,浅位,301800.0,301800.0,301856.73846153845,56.738461538461564,0.0,56.73846153845079,否
1521,B6T0000000228,E4,5,9,43,10,深位,301800.0,301856.73846153845,301913.4769230769,56.738461538461564,56.73846153845079,113.47692307690158,否
1519,B6T0000000228,E4,5,10,43,10,浅位,301800.0,301920.5784615384,301976.21538461535,55.6369230769231,120.5784615384182,176.21538461535238,是
1522,B6T0000000228,E4,5,10,43,10,深位,301800.0,301983.31692307687,302038.9538461538,55.6369230769231,183.316923076869,238.95384615380317,是
1218,B6T0000000577,E3,5,9,9,16,浅位,302040.0,302306.53538461495,302323.1938461534,16.658461538461538,266.5353846149519,283.1938461533864,否
332,B6T0000000139,E4,5,9,45,1,浅位,302220.0,302903.2246153846,302960.16,56.93538461538464,683.2246153845917,740.1599999999744,否
337,B6T0000000139,E4,5,9,45,1,深位,302220.0,302960.16,303017.09538461536,56.93538461538464,740.1599999999744,797.095384615357,否
336,B6T0000000139,E4,5,10,45,1,浅位,302220.0,303017.09538461536,303074.03076923074,56.93538461538464,797.095384615357,854.0307692307397,否
335,B6T0000000139,E4,5,10,45,1,深位,302220.0,303074.03076923074,303130.9661538461,56.93538461538464,854.0307692307397,910.9661538461223,否
808,B6T0000000540,E3,5,9,18,2,浅位,305460.0,305614.9107692308,305638.1661538462,23.255384615384617,154.91076923080254,178.16615384619217,否
806,B6T0000000540,E3,5,9,18,2,深位,305460.0,305638.1661538462,305661.4215384616,23.255384615384617,178.16615384619217,201.4215384615818,否
803,B6T0000000540,E3,5,10,18,2,浅位,305460.0,305661.4215384616,305684.676923077,23.255384615384617,201.4215384615818,224.67692307697143,否
809,B6T0000000540,E3,5,10,18,2,深位,305460.0,305684.676923077,305707.93230769236,23.255384615384617,224.67692307697143,247.93230769236106,否
3350,B6T0000000064,E4,5,10,43,35,浅位,307740.0,307740.0,307804.73846153845,64.73846153846156,0.0,64.73846153845079,否
3351,B6T0000000064,E4,5,10,43,35,深位,307740.0,307804.73846153845,307869.4769230769,64.73846153846156,64.73846153845079,129.47692307690158,否
1157,B6T0000000245,E4,5,10,43,3,浅位,308040.0,308040.0,308094.49846153846,54.49846153846156,0.0,54.498461538460106,否
1156,B6T0000000245,E4,5,10,43,3,深位,308040.0,308094.49846153846,308148.9969230769,54.49846153846156,54.498461538460106,108.99692307692021,否
1638,B6T0000001117,E3,5,9,13,16,浅位,308820.0,308820.0,308841.58153846156,21.58153846153846,0.0,21.581538461556192,否
1633,B6T0000001117,E3,5,9,13,16,深位,308820.0,308841.58153846156,308863.1630769231,21.58153846153846,21.581538461556192,43.163076923112385,否
1634,B6T0000001117,E3,5,10,13,16,浅位,308820.0,308863.1630769231,308884.74461538467,21.58153846153846,43.163076923112385,64.74461538466858,否
1643,B6T0000001117,E3,5,10,13,16,深位,308820.0,308884.74461538467,308906.3261538462,21.58153846153846,64.74461538466858,86.32615384622477,否
2972,B6T0000000633,E3,5,9,37,10,浅位,308760.0,308939.68615384615,308988.88615384616,49.20000000000002,179.6861538461526,228.88615384616423,否
1166,B6T0000000245,E4,5,9,45,5,浅位,308040.0,309132.65230769233,309190.86769230774,58.21538461538464,1092.6523076923331,1150.8676923077437,否
305,B6T0000001196,E3,5,9,13,5,浅位,309300.0,309601.5876923078,309619.6492307693,18.06153846153846,301.587692307774,319.64923076931154,否
304,B6T0000001196,E3,5,9,13,5,深位,309300.0,309619.6492307693,309637.71076923085,18.06153846153846,319.64923076931154,337.7107692308491,否
292,B6T0000001196,E3,5,10,13,5,浅位,309300.0,309637.71076923085,309655.7723076924,18.06153846153846,337.7107692308491,355.7723076923867,否
301,B6T0000001196,E3,5,10,13,5,深位,309300.0,309655.7723076924,309673.8338461539,18.06153846153846,355.7723076923867,373.83384615392424,否
492,B6T0000001101,E3,5,9,12,7,浅位,309960.0,310164.7476923077,310196.27692307695,31.529230769230782,204.74769230769016,236.27692307694815,是
494,B6T0000001101,E3,5,9,12,7,深位,309960.0,310227.6461538462,310259.0153846154,31.369230769230782,267.64615384617355,299.01538461539894,是
495,B6T0000001101,E3,5,10,12,7,浅位,309960.0,310290.3846153846,310321.75384615385,31.369230769230782,330.38461538462434,361.75384615384974,是
496,B6T0000001101,E3,5,10,12,7,深位,309960.0,310353.1230769231,310384.4923076923,31.369230769230782,393.12307692307513,424.4923076923005,是
247,B6T0000000581,E3,5,9,9,9,浅位,311640.0,311765.6953846153,311804.1046153845,38.40923076923078,125.69538461527554,164.10461538447998,是
248,B6T0000000581,E3,5,9,9,9,深位,311640.0,311842.643076923,311881.1815384614,38.538461538461554,202.64307692297734,241.1815384614165,是
249,B6T0000000581,E3,5,10,9,9,浅位,311640.0,311919.7199999999,311958.25846153835,38.538461538461554,279.71999999991385,318.258461538353,是
250,B6T0000000581,E3,5,10,9,9,深位,311640.0,311996.79692307685,312035.3353846153,38.538461538461554,356.79692307685036,395.3353846152895,是
234,B6T0000000581,E3,5,9,10,8,浅位,311640.0,312395.95076923084,312411.2800000001,15.329230769230769,755.9507692308398,771.2800000000861,否
242,B6T0000000581,E3,5,9,16,1,浅位,311640.0,312472.20923076925,312492.6830769231,20.473846153846154,832.209230769251,852.6830769230728,否
836,B6T0000001220,E3,5,9,9,12,浅位,312960.0,313028.39384615386,313043.7723076923,15.378461538461538,68.3938461538637,83.77230769232847,否
837,B6T0000001220,E3,5,9,9,12,深位,312960.0,313043.7723076923,313059.1507692308,15.378461538461538,83.77230769232847,99.15076923079323,否
838,B6T0000001220,E3,5,10,9,12,浅位,312960.0,313059.1507692308,313074.52923076926,15.378461538461538,99.15076923079323,114.52923076925799,否
839,B6T0000001220,E3,5,10,9,12,深位,312960.0,313074.52923076926,313089.9076923077,15.378461538461538,114.52923076925799,129.90769230772275,否
1788,B6T0000001685,E1,5,10,5,8,浅位,313920.0,313920.0,313931.32923076925,11.329230769230769,0.0,11.329230769246351,否
1793,B6T0000001685,E1,5,10,5,8,深位,313920.0,313931.32923076925,313942.6584615385,11.329230769230769,11.329230769246351,22.658461538492702,否
3334,B6T0000001070,E3,5,10,13,24,浅位,315720.0,315720.0,315744.14153846155,24.141538461538463,0.0,24.141538461553864,否
3335,B6T0000001070,E3,5,10,13,24,深位,315720.0,315744.14153846155,315768.2830769231,24.141538461538463,24.141538461553864,48.28307692310773,否
3395,B6T0000000141,E4,5,10,45,3,浅位,345780.0,345780.0,345837.5753846154,57.57538461538464,0.0,57.575384615396615,否
3394,B6T0000000141,E4,5,10,45,3,深位,345780.0,345837.5753846154,345895.1507692308,57.57538461538464,57.575384615396615,115.15076923079323,否
145,B6T0000000154,E4,5,9,43,3,浅位,345840.0,345895.1507692308,345949.64923076925,54.49846153846156,55.15076923079323,109.64923076925334,否
135,B6T0000000154,E4,5,9,43,3,深位,345840.0,345949.64923076925,346004.1476923077,54.49846153846156,109.64923076925334,164.14769230771344,否
2384,B6T0000001895,E1,5,10,5,15,浅位,345960.0,346004.1476923077,346017.71692307695,13.569230769230769,44.14769230771344,57.71692307695048,否
2382,B6T0000001895,E1,5,10,5,15,深位,345960.0,346017.71692307695,346031.2861538462,13.569230769230769,57.71692307695048,71.28615384618752,否
983,B6T0000001844,E1,5,10,8,2,浅位,346200.0,346320.78153846157,346332.03692307696,11.255384615384614,120.78153846156783,132.03692307695746,否
975,B6T0000001844,E1,5,10,8,2,深位,346200.0,346332.03692307696,346343.29230769235,11.255384615384614,132.03692307695746,143.2923076923471,否
3603,B6T0000001116,E3,5,10,9,66,浅位,346440.0,346440.0,346472.65846153843,32.65846153846154,0.0,32.658461538434494,否
3602,B6T0000001116,E3,5,10,9,66,深位,346440.0,346472.65846153843,346505.31692307687,32.65846153846154,32.658461538434494,65.31692307686899,否
127,B6T0000000154,E4,5,9,44,1,浅位,345840.0,346505.31692307687,346560.7138461538,55.3969230769231,665.316923076869,720.7138461538125,否
142,B6T0000000154,E4,5,9,44,1,深位,345840.0,346560.7138461538,346616.11076923076,55.3969230769231,720.7138461538125,776.110769230756,否
137,B6T0000000154,E4,5,10,44,1,浅位,345840.0,346616.11076923076,346671.5076923077,55.3969230769231,776.110769230756,831.5076923076995,否
126,B6T0000000154,E4,5,10,44,1,深位,345840.0,346671.5076923077,346726.90461538464,55.3969230769231,831.5076923076995,886.904615384643,否
519,B6T0000001197,E3,5,10,10,10,浅位,346680.0,346726.90461538464,346742.87384615385,15.96923076923077,46.904615384642966,62.87384615384508,否
2981,B6T0000001316,E3,5,9,9,4,浅位,346740.0,346742.87384615385,346755.6923076923,12.818461538461538,2.8738461538450792,15.69230769231217,否
2982,B6T0000001316,E3,5,9,9,4,深位,346740.0,346755.6923076923,346768.5107692308,12.818461538461538,15.69230769231217,28.51076923077926,否
2980,B6T0000001316,E3,5,10,9,4,浅位,346740.0,346768.5107692308,346781.32923076925,12.818461538461538,28.51076923077926,41.32923076924635,否
518,B6T0000001197,E3,5,10,10,10,深位,346680.0,346781.32923076925,346797.29846153845,15.96923076923077,101.32923076924635,117.29846153844846,否
520,B6T0000001197,E3,5,10,14,2,深位,346680.0,346797.29846153845,346815.6307692308,18.332307692307694,117.29846153844846,135.6307692307746,否
2465,B6T0000001299,E3,5,9,28,11,浅位,346680.0,346815.6307692308,346854.07384615386,38.44307692307693,135.6307692307746,174.07384615385672,否
2466,B6T0000001299,E3,5,9,28,11,深位,346680.0,346854.07384615386,346892.51692307694,38.44307692307693,174.07384615385672,212.51692307693884,否
521,B6T0000001197,E3,5,9,14,5,浅位,346680.0,346892.51692307694,346911.8092307692,19.29230769230769,212.51692307693884,231.80923076922772,否
522,B6T0000001197,E3,5,9,14,5,深位,346680.0,346911.8092307692,346931.1015384615,19.29230769230769,231.80923076922772,251.1015384615166,否
526,B6T0000001197,E3,5,10,14,5,浅位,346680.0,346931.1015384615,346950.3938461538,19.29230769230769,251.1015384615166,270.3938461538055,否
525,B6T0000001197,E3,5,10,14,5,深位,346680.0,346950.3938461538,346969.6861538461,19.29230769230769,270.3938461538055,289.6861538460944,否
2468,B6T0000001299,E3,5,10,28,11,浅位,346680.0,346969.6861538461,347008.1292307692,38.44307692307693,289.6861538460944,328.1292307691765,否
2469,B6T0000001299,E3,5,10,28,11,深位,346680.0,347017.5384615384,347052.5723076922,35.033846153846156,337.53846153838094,372.5723076922004,是
3389,B6T0000001543,E1,5,9,5,2,浅位,347640.0,347640.0,347649.4092307692,9.409230769230769,0.0,9.409230769204441,否
3388,B6T0000001543,E1,5,9,5,2,深位,347640.0,347649.4092307692,347658.8184615384,9.409230769230769,9.409230769204441,18.818461538408883,否
953,B6T0000000445,E3,5,9,12,10,浅位,348420.0,348456.8615384615,348475.2923076923,18.43076923076923,36.861538461525925,55.29230769228889,否
957,B6T0000000445,E3,5,9,12,10,深位,348420.0,348475.2923076923,348493.72307692305,18.43076923076923,55.29230769228889,73.72307692305185,否
958,B6T0000000445,E3,5,10,12,10,浅位,348420.0,348493.72307692305,348512.1538461538,18.43076923076923,73.72307692305185,92.15384615381481,否
955,B6T0000000445,E3,5,10,12,10,深位,348420.0,348512.1538461538,348530.5846153846,18.43076923076923,92.15384615381481,110.58461538457777,否
3548,B6T0000000079,E4,5,9,43,3,浅位,350940.0,350940.0,350994.49846153846,54.49846153846156,0.0,54.498461538460106,否
3549,B6T0000000079,E4,5,9,43,3,深位,350940.0,350994.49846153846,351048.9969230769,54.49846153846156,54.498461538460106,108.99692307692021,否
3055,B6T0000000985,E3,5,9,13,16,浅位,351060.0,351060.0,351081.58153846156,21.58153846153846,0.0,21.581538461556192,否
3056,B6T0000000985,E3,5,9,13,16,深位,351060.0,351081.58153846156,351103.1630769231,21.58153846153846,21.581538461556192,43.163076923112385,否
3057,B6T0000000985,E3,5,10,13,16,浅位,351060.0,351103.1630769231,351124.74461538467,21.58153846153846,43.163076923112385,64.74461538466858,否
2932,B6T0000001579,E1,5,9,4,11,浅位,352080.0,352080.0,352091.67384615383,11.673846153846155,0.0,11.673846153833438,否
2933,B6T0000001579,E1,5,9,4,11,深位,352080.0,352091.67384615383,352103.34769230767,11.673846153846155,11.673846153833438,23.347692307666875,否
2934,B6T0000001579,E1,5,10,4,11,浅位,352080.0,352103.34769230767,352115.0215384615,11.673846153846155,23.347692307666875,35.02153846150031,否
3252,B6T0000000625,E3,5,9,9,4,浅位,370740.0,370740.0,370752.81846153847,12.818461538461538,0.0,12.81846153846709,否
3253,B6T0000000625,E3,5,9,9,4,深位,370740.0,370752.81846153847,370765.63692307693,12.818461538461538,12.81846153846709,25.63692307693418,否
2962,B6T0000000163,E4,5,10,43,31,浅位,374340.0,374340.0,374403.4584615385,63.45846153846156,0.0,63.45846153848106,否
2964,B6T0000000163,E4,5,10,43,31,深位,374340.0,374403.4584615385,374466.91692307696,63.45846153846156,63.45846153848106,126.91692307696212,否
107,B6T0000000261,E4,5,9,43,1,浅位,375660.0,375660.0,375713.85846153845,53.85846153846156,0.0,53.858461538446136,否
106,B6T0000000261,E4,5,9,43,1,深位,375660.0,375713.85846153845,375767.7169230769,53.85846153846156,53.858461538446136,107.71692307689227,否
97,B6T0000000261,E4,5,10,43,1,浅位,375660.0,375767.7169230769,375821.57538461534,53.85846153846156,107.71692307689227,161.5753846153384,否
105,B6T0000000261,E4,5,10,43,1,深位,375660.0,375821.57538461534,375875.4338461538,53.85846153846156,161.5753846153384,215.43384615378454,否
3247,B6T0000001491,E1,5,9,2,7,深位,378420.0,378477.17230769247,378515.87076923094,38.69846153846155,57.172307692468166,95.87076923093991,是
3246,B6T0000001491,E1,5,10,6,1,深位,378420.0,378554.5692307694,378593.2676923079,38.69846153846155,134.56923076941166,173.2676923078834,是
914,B6T0000000411,E3,5,9,15,6,浅位,378240.0,378631.96615384636,378670.6646153848,38.69846153846155,391.96615384635516,430.6646153848269,是
921,B6T0000000411,E3,5,9,15,6,深位,378240.0,378709.3630769233,378748.06153846177,38.69846153846155,469.36307692329865,508.0615384617704,是
2993,B6T0000000548,E3,5,9,15,4,浅位,399600.0,399600.0,399620.2030769231,20.20307692307692,0.0,20.20307692309143,否
2992,B6T0000000548,E3,5,9,15,4,深位,399600.0,399620.2030769231,399640.4061538462,20.20307692307692,20.20307692309143,40.40615384618286,否
2994,B6T0000000548,E3,5,10,15,4,浅位,399600.0,399640.4061538462,399660.6092307693,20.20307692307692,40.40615384618286,60.60923076927429,否
3151,B6T0000001396,E1,5,9,2,5,深位,431700.0,431700.0,431708.5230769231,8.523076923076923,0.0,8.523076923098415,否
3152,B6T0000001396,E1,5,9,4,2,浅位,431700.0,431708.5230769231,431717.3169230769,8.793846153846154,8.523076923098415,17.316923076927196,否
3153,B6T0000001396,E1,5,9,4,2,深位,431700.0,431717.3169230769,431726.11076923076,8.793846153846154,17.316923076927196,26.110769230755977,否
1958,B6T0000001683,E1,5,10,5,2,浅位,432240.0,432240.0,432249.4092307692,9.409230769230769,0.0,9.409230769204441,否
1962,B6T0000001683,E1,5,10,5,2,深位,432240.0,432249.4092307692,432258.8184615384,9.409230769230769,9.409230769204441,18.818461538408883,否
1961,B6T0000001683,E1,5,9,2,8,浅位,432240.0,432258.8184615384,432268.30153846147,9.483076923076922,18.818461538408883,28.301538461470045,否
1960,B6T0000001683,E1,5,9,2,8,深位,432240.0,432268.30153846147,432277.78461538453,9.483076923076922,28.301538461470045,37.78461538453121,否
2593,B6T0000001442,E1,5,9,1,21,浅位,432600.0,432670.74461538484,432683.77230769256,13.027692307692309,70.7446153848432,83.7723076925613,否
2594,B6T0000001442,E1,5,9,1,21,深位,432600.0,432683.77230769256,432696.8000000003,13.027692307692309,83.7723076925613,96.8000000002794,否
2590,B6T0000001442,E1,5,10,1,21,浅位,432600.0,432696.8000000003,432709.827692308,13.027692307692309,96.8000000002794,109.8276923079975,否
866,B6T0000000001,E4,5,9,47,1,浅位,432180.0,432790.7692307695,432850.7815384618,60.01230769230772,610.7692307694815,670.7815384618007,否
867,B6T0000000001,E4,5,9,47,1,深位,432180.0,432850.7815384618,432910.7938461541,60.01230769230772,670.7815384618007,730.7938461541198,否
868,B6T0000000001,E4,5,10,47,1,浅位,432180.0,432910.7938461541,432970.80615384644,60.01230769230772,730.7938461541198,790.806153846439,否
870,B6T0000000001,E4,5,10,47,1,深位,432180.0,432970.80615384644,433030.81846153876,60.01230769230772,790.806153846439,850.8184615387581,否
901,B6T0000000411,E3,5,10,15,6,浅位,433860.0,433860.0,433880.8430769231,20.84307692307692,0.0,20.8430769231054,否
900,B6T0000000411,E3,5,10,15,6,深位,433860.0,433880.8430769231,433901.6861538462,20.84307692307692,20.8430769231054,41.6861538462108,否
632,B6T0000000469,E3,5,9,9,11,浅位,433980.0,434130.5846153846,434145.64307692304,15.058461538461538,150.58461538457777,165.64307692303555,否
629,B6T0000000469,E3,5,9,9,11,深位,433980.0,434145.64307692304,434160.7015384615,15.058461538461538,165.64307692303555,180.70153846149333,否
630,B6T0000000469,E3,5,10,9,11,浅位,433980.0,434160.7015384615,434175.75999999995,15.058461538461538,180.70153846149333,195.7599999999511,否
16,B6T0000001209,E3,5,9,10,1,浅位,434280.0,434358.53538461553,434371.6246153848,13.08923076923077,78.53538461553399,91.62461538478965,否
28,B6T0000001209,E3,5,9,10,1,深位,434280.0,434371.6246153848,434384.71384615405,13.08923076923077,91.62461538478965,104.71384615404531,否
27,B6T0000001209,E3,5,10,10,1,浅位,434280.0,434384.71384615405,434397.8030769233,13.08923076923077,104.71384615404531,117.80307692330098,否
20,B6T0000001209,E3,5,10,10,1,深位,434280.0,434397.8030769233,434410.89230769256,13.08923076923077,117.80307692330098,130.89230769255664,否
723,B6T0000000140,E4,5,9,43,1,浅位,434880.0,434880.0,434933.85846153845,53.85846153846156,0.0,53.858461538446136,否
728,B6T0000000140,E4,5,9,43,1,深位,434880.0,434933.85846153845,434987.7169230769,53.85846153846156,53.858461538446136,107.71692307689227,否
724,B6T0000000140,E4,5,10,43,1,浅位,434880.0,434987.7169230769,435041.57538461534,53.85846153846156,107.71692307689227,161.5753846153384,否
722,B6T0000000140,E4,5,10,43,1,深位,434880.0,435041.57538461534,435095.4338461538,53.85846153846156,161.5753846153384,215.43384615378454,否
726,B6T0000000140,E4,5,10,45,3,浅位,434880.0,435095.4338461538,435153.0092307692,57.57538461538464,215.43384615378454,273.00923076918116,否
727,B6T0000000140,E4,5,10,45,3,深位,434880.0,435153.0092307692,435210.5846153846,57.57538461538464,273.00923076918116,330.5846153845778,否
3717,B6T0000001969,E1,5,10,2,57,浅位,442440.0,442440.0,442465.16307692305,25.163076923076925,0.0,25.163076923054177,否
3716,B6T0000001969,E1,5,10,2,57,深位,442440.0,442465.16307692305,442490.3261538461,25.163076923076925,25.163076923054177,50.326153846108355,否
1110,B6T0000001301,E3,5,9,9,15,浅位,443880.0,444356.18461538496,444372.52307692345,16.338461538461537,476.18461538496194,492.52307692344766,否
1118,B6T0000001301,E3,5,9,9,15,深位,443880.0,444372.52307692345,444388.86153846193,16.338461538461537,492.52307692344766,508.8615384619334,否
1100,B6T0000001301,E3,5,10,9,15,浅位,443880.0,444388.86153846193,444405.2000000004,16.338461538461537,508.8615384619334,525.2000000004191,否
3520,B6T0000001221,E3,5,10,15,4,深位,444960.0,444960.0,444980.2030769231,20.20307692307692,0.0,20.20307692309143,否
3521,B6T0000001221,E3,5,9,15,41,浅位,444960.0,444980.2030769231,445012.24615384615,32.043076923076924,20.20307692309143,52.246153846150264,否
1119,B6T0000001955,E1,5,9,4,5,浅位,447420.0,447997.1692307691,448006.92307692295,9.753846153846155,577.1692307690973,586.9230769229471,否
1123,B6T0000001955,E1,5,9,4,5,深位,447420.0,448006.92307692295,448016.6769230768,9.753846153846155,586.9230769229471,596.6769230767968,否
1130,B6T0000001955,E1,5,10,4,5,浅位,447420.0,448016.6769230768,448026.43076923065,9.753846153846155,596.6769230767968,606.4307692306465,否
1131,B6T0000001955,E1,5,10,4,5,深位,447420.0,448026.43076923065,448036.1846153845,9.753846153846155,606.4307692306465,616.1846153844963,否
647,B6T0000000469,E3,5,10,9,11,深位,450900.0,450900.0,450915.05846153846,15.058461538461538,0.0,15.058461538457777,否
3492,B6T0000000317,E4,5,9,45,3,浅位,457440.0,457440.0,457497.5753846154,57.57538461538464,0.0,57.575384615396615,否
3493,B6T0000000317,E4,5,9,45,3,深位,457440.0,457497.5753846154,457555.1507692308,57.57538461538464,57.575384615396615,115.15076923079323,否
3119,B6T0000000490,E3,5,10,10,2,深位,462960.0,462960.0,462973.4092307692,13.409230769230769,0.0,13.409230769204441,否
3118,B6T0000000490,E3,5,9,10,8,深位,462960.0,462973.4092307692,462988.73846153845,15.329230769230769,13.409230769204441,28.738461538450792,否
3120,B6T0000000490,E3,5,9,10,10,深位,462960.0,462988.73846153845,463004.70769230765,15.96923076923077,28.738461538450792,44.707692307652906,否
1198,B6T0000001639,E1,5,9,3,6,浅位,463080.0,463231.3353846157,463240.7938461542,9.458461538461538,151.33538461569697,160.79384615417803,否
2800,B6T0000001831,E1,5,9,2,7,深位,463740.0,463740.0,463749.16307692305,9.163076923076924,0.0,9.163076923054177,否
2803,B6T0000001831,E1,5,10,6,1,深位,463740.0,463749.16307692305,463758.8676923077,9.704615384615384,9.163076923054177,18.867692307685502,否
2802,B6T0000001831,E1,5,10,8,2,浅位,463740.0,463758.8676923077,463770.1230769231,11.255384615384614,18.867692307685502,30.123076923075132,否
2801,B6T0000001831,E1,5,10,8,2,深位,463740.0,463770.1230769231,463781.37846153846,11.255384615384614,30.123076923075132,41.37846153846476,否
1402,B6T0000000367,E3,5,9,24,2,浅位,465120.0,465437.7784615385,465468.4184615385,30.640000000000008,317.77846153848805,348.418461538502,否
3444,B6T0000001751,E1,5,10,4,45,浅位,465900.0,465914.5784615385,465937.1323076923,22.553846153846155,14.578461538476404,37.1323076923145,否
3518,B6T0000000875,E3,5,9,12,10,浅位,471120.0,471120.0,471138.43076923076,18.43076923076923,0.0,18.430769230762962,否
3519,B6T0000000875,E3,5,9,12,10,深位,471120.0,471138.43076923076,471156.8615384615,18.43076923076923,18.430769230762962,36.861538461525925,否
1821,B6T0000001665,E1,5,9,2,10,浅位,471120.0,471180.73846153845,471190.8615384615,10.123076923076923,60.73846153845079,70.86153846152592,否
1822,B6T0000001665,E1,5,9,2,10,深位,471120.0,471190.8615384615,471200.9846153846,10.123076923076923,70.86153846152592,80.98461538460106,否
1823,B6T0000001665,E1,5,10,2,10,浅位,471120.0,471200.9846153846,471211.1076923077,10.123076923076923,80.98461538460106,91.10769230767619,否
2836,B6T0000000484,E3,5,10,10,64,浅位,471540.0,471540.0,471573.24923076923,33.24923076923077,0.0,33.24923076923005,否
2837,B6T0000000484,E3,5,10,10,64,深位,471540.0,471573.24923076923,471606.49846153846,33.24923076923077,33.24923076923005,66.4984615384601,否
2838,B6T0000000484,E3,5,9,9,68,浅位,471540.0,471606.49846153846,471639.7969230769,33.29846153846154,66.4984615384601,99.79692307690857,否
2839,B6T0000000484,E3,5,9,9,68,深位,471540.0,471639.7969230769,471673.09538461536,33.29846153846154,99.79692307690857,133.09538461535703,否
1236,B6T0000001022,E3,5,9,14,11,浅位,477120.0,477289.69846153865,477310.910769231,21.212307692307693,169.69846153864637,190.91076923097717,否
1229,B6T0000001022,E3,5,9,14,11,深位,477120.0,477310.910769231,477332.1230769233,21.212307692307693,190.91076923097717,212.12307692330796,否
1233,B6T0000001022,E3,5,10,14,11,浅位,477120.0,477332.1230769233,477353.33538461564,21.212307692307693,212.12307692330796,233.33538461563876,否
1234,B6T0000001022,E3,5,10,14,11,深位,477120.0,477353.33538461564,477374.54769230797,21.212307692307693,233.33538461563876,254.54769230796956,否
379,B6T0000000471,E3,5,9,17,1,浅位,486000.0,486129.9507692309,486151.65538461553,21.704615384615384,129.950769230898,151.65538461552933,否
380,B6T0000000471,E3,5,9,17,1,深位,486000.0,486151.65538461553,486173.36000000016,21.704615384615384,151.65538461552933,173.36000000016065,否
386,B6T0000000471,E3,5,10,17,1,浅位,486000.0,486173.36000000016,486195.0646153848,21.704615384615384,173.36000000016065,195.06461538479198,否
387,B6T0000000471,E3,5,10,17,1,深位,486000.0,486195.0646153848,486216.7692307694,21.704615384615384,195.06461538479198,216.7692307694233,否
1852,B6T0000001858,E1,5,10,6,8,浅位,488580.0,488580.0,488591.9446153846,11.944615384615386,0.0,11.944615384622011,否
1853,B6T0000001858,E1,5,10,6,8,深位,488580.0,488591.9446153846,488603.88923076924,11.944615384615386,11.944615384622011,23.889230769244023,否
2586,B6T0000000543,E3,5,9,9,10,浅位,518100.0,518100.0,518114.73846153845,14.738461538461538,0.0,14.738461538450792,否
2589,B6T0000000543,E3,5,9,9,10,深位,518100.0,518114.73846153845,518129.4769230769,14.738461538461538,14.738461538450792,29.476923076901585,否
2585,B6T0000000543,E3,5,10,9,10,浅位,518100.0,518129.4769230769,518144.21538461535,14.738461538461538,29.476923076901585,44.21538461535238,否
2588,B6T0000000543,E3,5,10,9,10,深位,518100.0,518144.21538461535,518158.9538461538,14.738461538461538,44.21538461535238,58.95384615380317,否
2587,B6T0000000543,E3,5,9,10,31,浅位,518100.0,518158.9538461538,518181.64307692304,22.689230769230768,58.95384615380317,81.64307692303555,否
699,B6T0000001180,E3,5,9,11,9,浅位,518220.0,518338.16000000003,518355.04000000004,16.88,118.1600000000326,135.04000000003725,否
696,B6T0000001180,E3,5,9,11,9,深位,518220.0,518355.04000000004,518371.92000000004,16.88,135.04000000003725,151.9200000000419,否
700,B6T0000001180,E3,5,10,11,9,浅位,518220.0,518371.92000000004,518388.80000000005,16.88,151.9200000000419,168.80000000004657,否
692,B6T0000001180,E3,5,10,11,9,深位,518220.0,518388.80000000005,518405.68000000005,16.88,168.80000000004657,185.68000000005122,否
1287,B6T0000001854,E1,5,9,7,4,浅位,519120.0,519233.9323076924,519245.21230769245,11.280000000000001,113.93230769241927,125.21230769244721,否
1286,B6T0000001854,E1,5,9,7,4,深位,519120.0,519245.21230769245,519256.4923076925,11.280000000000001,125.21230769244721,136.49230769247515,否
1285,B6T0000001854,E1,5,10,7,4,浅位,519120.0,519256.4923076925,519267.7723076925,11.280000000000001,136.49230769247515,147.7723076925031,否
1284,B6T0000001854,E1,5,10,7,4,深位,519120.0,519267.7723076925,519279.05230769253,11.280000000000001,147.7723076925031,159.05230769253103,否
411,B6T0000000050,E4,5,9,44,3,浅位,519300.0,519524.1476923076,519580.1846153845,56.0369230769231,224.14769230759703,280.1846153844963,否
412,B6T0000000050,E4,5,9,44,3,深位,519300.0,519580.1846153845,519636.2215384614,56.0369230769231,280.1846153844963,336.22153846139554,否
421,B6T0000000050,E4,5,10,44,3,浅位,519300.0,519636.2215384614,519692.2584615383,56.0369230769231,336.22153846139554,392.2584615382948,否
413,B6T0000000050,E4,5,10,44,3,深位,519300.0,519692.2584615383,519748.2953846152,56.0369230769231,392.2584615382948,448.29538461519405,否
3693,B6T0000001780,E1,5,9,5,26,浅位,519840.0,519840.0,519857.08923076926,17.08923076923077,0.0,17.089230769255664,否
3692,B6T0000001780,E1,5,9,3,31,深位,519840.0,519857.08923076926,519874.54769230774,17.45846153846154,17.089230769255664,34.547692307736725,否
3673,B6T0000000347,E3,5,10,12,67,浅位,520260.0,520260.0,520296.67076923075,36.67076923076923,0.0,36.67076923075365,否
3672,B6T0000000347,E3,5,10,12,67,深位,520260.0,520296.67076923075,520333.3415384615,36.67076923076923,36.67076923075365,73.3415384615073,否
2041,B6T0000000707,E3,5,10,14,20,浅位,520440.0,520440.0,520464.09230769234,24.092307692307692,0.0,24.092307692335453,否
2038,B6T0000000707,E3,5,10,14,20,深位,520440.0,520464.09230769234,520488.1846153847,24.092307692307692,24.092307692335453,48.184615384670906,否
1023,B6T0000001975,E1,5,9,1,6,浅位,520740.0,520772.9107692307,520781.13846153836,8.227692307692308,32.91076923068613,41.13846153835766,否
1024,B6T0000001975,E1,5,9,1,6,深位,520740.0,520781.13846153836,520789.36615384603,8.227692307692308,41.13846153835766,49.36615384602919,否
1025,B6T0000001975,E1,5,10,1,6,浅位,520740.0,520789.36615384603,520797.5938461537,8.227692307692308,49.36615384602919,57.593846153700724,否
1026,B6T0000001975,E1,5,10,1,6,深位,520740.0,520797.5938461537,520805.8215384614,8.227692307692308,57.593846153700724,65.82153846137226,否
3459,B6T0000000117,E4,5,9,43,3,浅位,520980.0,520980.0,521034.49846153846,54.49846153846156,0.0,54.498461538460106,否
3458,B6T0000000117,E4,5,9,43,3,深位,520980.0,521034.49846153846,521088.9969230769,54.49846153846156,54.498461538460106,108.99692307692021,否
610,B6T0000000247,E4,5,9,45,2,浅位,521520.0,522092.5538461539,522149.8092307693,57.25538461538464,572.5538461538963,629.8092307692859,否
611,B6T0000000247,E4,5,9,45,2,深位,521520.0,522149.8092307693,522207.0646153847,57.25538461538464,629.8092307692859,687.0646153846756,否
608,B6T0000000247,E4,5,10,45,2,浅位,521520.0,522207.0646153847,522264.32000000007,57.25538461538464,687.0646153846756,744.3200000000652,否
607,B6T0000000247,E4,5,10,45,2,深位,521520.0,522264.32000000007,522321.57538461545,57.25538461538464,744.3200000000652,801.5753846154548,否
3684,B6T0000001402,E1,5,10,4,4,深位,535680.0,535680.0,535689.4338461539,9.433846153846154,0.0,9.433846153900959,否
3685,B6T0000001402,E1,5,9,5,39,深位,535680.0,535689.4338461539,535710.6830769231,21.24923076923077,9.433846153900959,30.68307692313101,否
3647,B6T0000001604,E1,5,9,7,5,浅位,536700.0,536700.0,536711.6,11.6,0.0,11.599999999976717,否
3646,B6T0000001604,E1,5,9,7,5,深位,536700.0,536711.6,536723.2,11.6,11.599999999976717,23.199999999953434,否
3541,B6T0000000539,E3,5,10,13,16,深位,538320.0,538320.0,538341.5815384615,21.58153846153846,0.0,21.581538461497985,否
3540,B6T0000000539,E3,5,9,18,2,浅位,538320.0,538341.5815384615,538364.8369230769,23.255384615384617,21.581538461497985,44.836923076887615,否
883,B6T0000000488,E3,5,9,13,8,浅位,555480.0,555575.1076923078,555594.1292307694,19.021538461538462,95.1076923077926,114.12923076935112,否
1256,B6T0000000799,E3,5,9,16,9,浅位,555960.0,556092.4923076924,556115.5261538463,23.033846153846152,132.49230769241694,155.52615384629462,否
1257,B6T0000000799,E3,5,9,16,9,深位,555960.0,556115.5261538463,556138.5600000002,23.033846153846152,155.52615384629462,178.5600000001723,否
1255,B6T0000000799,E3,5,10,16,9,浅位,555960.0,556138.5600000002,556161.593846154,23.033846153846152,178.5600000001723,201.59384615404997,否
1254,B6T0000000799,E3,5,10,16,9,深位,555960.0,556161.593846154,556184.6276923079,23.033846153846152,201.59384615404997,224.62769230792765,否
2313,B6T0000001748,E1,5,9,6,13,浅位,558300.0,558300.0,558313.5446153847,13.544615384615385,0.0,13.544615384656936,否
2312,B6T0000001748,E1,5,9,6,13,深位,558300.0,558313.5446153847,558327.0892307693,13.544615384615385,13.544615384656936,27.089230769313872,否
2311,B6T0000001748,E1,5,10,6,13,浅位,558300.0,558327.0892307693,558340.633846154,13.544615384615385,27.089230769313872,40.63384615397081,否
2309,B6T0000001748,E1,5,10,6,13,深位,558300.0,558340.633846154,558354.1784615386,13.544615384615385,40.63384615397081,54.178461538627744,否
219,B6T0000000581,E3,5,9,16,1,深位,558600.0,558600.0,558620.4738461538,20.473846153846154,0.0,20.473846153821796,否
218,B6T0000000581,E3,5,10,16,1,浅位,558600.0,558620.4738461538,558640.9476923076,20.473846153846154,20.473846153821796,40.94769230764359,否
3620,B6T0000000672,E3,5,9,14,2,浅位,561900.0,561900.0,561918.3323076923,18.332307692307694,0.0,18.332307692267932,否
3621,B6T0000000672,E3,5,9,14,2,深位,561900.0,561918.3323076923,561936.6646153845,18.332307692307694,18.332307692267932,36.664615384535864,否
2301,B6T0000000431,E3,5,10,12,68,深位,562500.0,562500.0,562536.9907692308,36.99076923076923,0.0,36.990769230760634,否
2300,B6T0000000431,E3,5,9,15,57,浅位,562500.0,562536.9907692308,562574.1538461539,37.16307692307692,36.990769230760634,74.15384615387302,否
2299,B6T0000000431,E3,5,9,15,57,深位,562500.0,562574.1538461539,562611.316923077,37.16307692307692,74.15384615387302,111.3169230769854,否
2298,B6T0000000431,E3,5,10,15,57,浅位,562500.0,562611.316923077,562648.4800000001,37.16307692307692,111.3169230769854,148.4800000000978,否
2297,B6T0000000431,E3,5,10,15,57,深位,562500.0,562648.4800000001,562685.6430769232,37.16307692307692,148.4800000000978,185.64307692321017,否
2296,B6T0000000431,E3,5,9,14,61,浅位,562500.0,562685.6430769232,562722.8553846155,37.2123076923077,185.64307692321017,222.85538461548276,否
2577,B6T0000001934,E1,5,9,6,18,浅位,572820.0,572836.4061538461,572851.5507692307,15.144615384615385,16.406153846066445,31.550769230700098,否
2578,B6T0000001934,E1,5,9,6,18,深位,572820.0,572851.5507692307,572866.6953846153,15.144615384615385,31.550769230700098,46.69538461533375,否
2579,B6T0000001934,E1,5,10,6,18,浅位,572820.0,572866.6953846153,572881.84,15.144615384615385,46.69538461533375,61.839999999967404,否
3576,B6T0000000676,E3,6,11,26,40,浅位,3840.0,3840.0,3885.2615384615383,45.261538461538464,0.0,45.261538461538294,否
3577,B6T0000000676,E3,6,11,26,40,深位,3840.0,3885.2615384615383,3930.5230769230766,45.261538461538464,45.261538461538294,90.52307692307659,否
1490,B6T0000000758,E3,6,11,13,15,浅位,4740.0,4825.046153846153,4846.3076923076915,21.26153846153846,85.04615384615317,106.30769230769147,否
1484,B6T0000000758,E3,6,11,13,15,深位,4740.0,4846.3076923076915,4867.56923076923,21.26153846153846,106.30769230769147,127.56923076922976,否
1489,B6T0000000758,E3,6,12,13,15,浅位,4740.0,4867.56923076923,4888.830769230768,21.26153846153846,127.56923076922976,148.83076923076806,否
1488,B6T0000000758,E3,6,12,13,15,深位,4740.0,4888.830769230768,4910.092307692306,21.26153846153846,148.83076923076806,170.09230769230635,否
2603,B6T0000000732,E3,6,11,31,10,浅位,14580.0,14580.0,14621.815384615385,41.81538461538463,0.0,41.81538461538548,否
2602,B6T0000000732,E3,6,11,31,10,深位,14580.0,14621.815384615385,14663.630769230771,41.81538461538463,41.81538461538548,83.63076923077097,否
3005,B6T0000001500,E1,6,11,2,30,浅位,14640.0,14663.630769230771,14680.153846153848,16.52307692307692,23.630769230770966,40.15384615384755,否
3004,B6T0000001500,E1,6,11,2,30,深位,14640.0,14680.153846153848,14696.676923076924,16.52307692307692,40.15384615384755,56.67692307692414,否
3006,B6T0000001500,E1,6,12,2,30,浅位,14640.0,14696.676923076924,14713.2,16.52307692307692,56.67692307692414,73.20000000000073,否
2601,B6T0000000732,E3,6,12,31,10,浅位,14580.0,14713.2,14755.015384615386,41.81538461538463,133.20000000000073,175.0153846153862,否
2600,B6T0000000732,E3,6,12,31,10,深位,14580.0,14755.015384615386,14796.830769230772,41.81538461538463,175.0153846153862,216.8307692307717,否
593,B6T0000001238,E3,6,11,15,4,浅位,19080.0,19241.624615384615,19261.827692307692,20.20307692307692,161.62461538461503,181.8276923076919,否
589,B6T0000001238,E3,6,11,15,4,深位,19080.0,19261.827692307692,19282.03076923077,20.20307692307692,181.8276923076919,202.03076923076878,否
588,B6T0000001238,E3,6,12,15,4,浅位,19080.0,19282.03076923077,19302.233846153846,20.20307692307692,202.03076923076878,222.23384615384566,否
592,B6T0000001238,E3,6,12,15,4,深位,19080.0,19302.233846153846,19322.436923076923,20.20307692307692,222.23384615384566,242.43692307692254,否
3294,B6T0000000702,E3,6,12,29,27,浅位,19740.0,19740.0,19784.793846153847,44.79384615384616,0.0,44.79384615384697,否
3295,B6T0000000702,E3,6,12,29,27,深位,19740.0,19784.793846153847,19829.587692307694,44.79384615384616,44.79384615384697,89.58769230769394,否
894,B6T0000000488,E3,6,12,12,9,浅位,25680.0,25680.0,25698.11076923077,18.11076923076923,0.0,18.11076923077053,否
893,B6T0000000488,E3,6,12,12,9,深位,25680.0,25698.11076923077,25716.22153846154,18.11076923076923,18.11076923077053,36.22153846154106,否
736,B6T0000000140,E4,6,11,45,3,浅位,25680.0,26021.21846153847,26078.793846153854,57.57538461538464,341.21846153846855,398.79384615385425,否
735,B6T0000000140,E4,6,11,45,3,深位,25680.0,26078.793846153854,26136.36923076924,57.57538461538464,398.79384615385425,456.36923076923995,否
743,B6T0000000140,E4,6,12,45,3,浅位,25680.0,26136.36923076924,26193.944615384626,57.57538461538464,456.36923076923995,513.9446153846256,否
744,B6T0000000140,E4,6,12,45,3,深位,25680.0,26193.944615384626,26251.52000000001,57.57538461538464,513.9446153846256,571.5200000000114,否
2556,B6T0000001217,E3,6,11,12,29,浅位,28320.0,28418.043076923073,28442.55384615384,24.51076923076923,98.04307692307339,122.55384615384173,否
2798,B6T0000001494,E1,6,12,1,26,浅位,36360.0,36360.0,36374.627692307695,14.627692307692309,0.0,14.627692307694815,否
2797,B6T0000001494,E1,6,12,1,26,深位,36360.0,36374.627692307695,36389.25538461539,14.627692307692309,14.627692307694815,29.25538461538963,否
2766,B6T0000001531,E1,6,11,4,24,浅位,40740.0,40740.0,40755.833846153844,15.833846153846157,0.0,15.833846153844206,否
2767,B6T0000001531,E1,6,11,4,24,深位,40740.0,40755.833846153844,40771.66769230769,15.833846153846157,15.833846153844206,31.667692307688412,否
2765,B6T0000001531,E1,6,12,4,24,浅位,40740.0,40771.66769230769,40787.50153846153,15.833846153846157,31.667692307688412,47.50153846153262,否
2764,B6T0000001531,E1,6,12,4,24,深位,40740.0,40787.50153846153,40803.33538461538,15.833846153846157,47.50153846153262,63.335384615376825,否
3722,B6T0000000882,E3,6,12,14,57,浅位,44940.0,44940.0,44975.93230769231,35.932307692307695,0.0,35.93230769231013,否
3723,B6T0000000882,E3,6,12,14,57,深位,44940.0,44975.93230769231,45011.86461538462,35.932307692307695,35.93230769231013,71.86461538462027,否
666,B6T0000001698,E1,6,11,8,1,浅位,54180.0,54333.09538461536,54344.03076923074,10.935384615384615,153.09538461535703,164.03076923073968,否
660,B6T0000001698,E1,6,11,8,1,深位,54180.0,54344.03076923074,54354.96615384612,10.935384615384615,164.03076923073968,174.96615384612232,否
659,B6T0000001698,E1,6,12,8,1,浅位,54180.0,54354.96615384612,54365.901538461505,10.935384615384615,174.96615384612232,185.90153846150497,否
2175,B6T0000001942,E1,6,11,5,12,浅位,55560.0,55585.21846153846,55597.82769230769,12.60923076923077,25.21846153846127,37.827692307691905,否
2173,B6T0000001942,E1,6,11,5,12,深位,55560.0,55597.82769230769,55610.43692307692,12.60923076923077,37.827692307691905,50.43692307692254,否
2171,B6T0000001942,E1,6,12,5,12,浅位,55560.0,55610.43692307692,55623.04615384615,12.60923076923077,50.43692307692254,63.046153846153175,否
2170,B6T0000001942,E1,6,12,5,12,深位,55560.0,55623.04615384615,55635.655384615384,12.60923076923077,63.046153846153175,75.65538461538381,否
290,B6T0000001196,E3,6,12,12,6,浅位,55860.0,55860.0,55877.15076923077,17.150769230769228,0.0,17.150769230771402,否
377,B6T0000001440,E1,6,11,5,2,浅位,55740.0,55877.15076923077,55886.560000000005,9.409230769230769,137.1507692307714,146.56000000000495,否
372,B6T0000001440,E1,6,11,5,2,深位,55740.0,55886.560000000005,55895.96923076924,9.409230769230769,146.56000000000495,155.9692307692385,否
291,B6T0000001196,E3,6,12,12,6,深位,55860.0,55895.96923076924,55913.12000000001,17.150769230769228,35.96923076923849,53.120000000009895,否
454,B6T0000000678,E3,6,11,9,10,浅位,56280.0,56535.3723076923,56550.110769230756,14.738461538461538,255.3723076922979,270.110769230756,否
455,B6T0000000678,E3,6,11,9,10,深位,56280.0,56550.110769230756,56564.849230769214,14.738461538461538,270.110769230756,284.84923076921405,否
444,B6T0000000678,E3,6,12,9,10,浅位,56280.0,56564.849230769214,56579.58769230767,14.738461538461538,284.84923076921405,299.5876923076721,否
437,B6T0000000678,E3,6,12,9,10,深位,56280.0,56579.58769230767,56594.32615384613,14.738461538461538,299.5876923076721,314.3261538461302,否
3595,B6T0000000164,E4,6,12,43,43,浅位,86220.0,86220.0,86287.29846153846,67.29846153846157,0.0,67.29846153846302,否
3594,B6T0000000164,E4,6,12,43,43,深位,86220.0,86287.29846153846,86354.59692307693,67.29846153846157,67.29846153846302,134.59692307692603,否
2020,B6T0000001110,E3,6,11,26,7,浅位,86400.0,86400.0,86434.70153846154,34.70153846153846,0.0,34.701538461536984,否
2014,B6T0000001110,E3,6,11,26,7,深位,86400.0,86434.70153846154,86469.40307692307,34.70153846153846,34.701538461536984,69.40307692307397,否
2018,B6T0000001110,E3,6,12,26,7,浅位,86400.0,86469.40307692307,86504.10461538461,34.70153846153846,69.40307692307397,104.10461538461095,否
2017,B6T0000001110,E3,6,12,26,7,深位,86400.0,86504.10461538461,86538.80615384615,34.70153846153846,104.10461538461095,138.80615384614794,否
1477,B6T0000000631,E3,6,11,24,3,浅位,86520.0,86757.3415384616,86788.3015384616,30.960000000000008,237.3415384615946,268.301538461601,否
1476,B6T0000000631,E3,6,11,24,3,深位,86520.0,86788.3015384616,86819.26153846161,30.960000000000008,268.301538461601,299.2615384616074,否
1475,B6T0000000631,E3,6,12,24,3,浅位,86520.0,86819.26153846161,86850.22153846161,30.960000000000008,299.2615384616074,330.2215384616138,否
1474,B6T0000000631,E3,6,12,24,3,深位,86520.0,86850.22153846161,86881.18153846162,30.960000000000008,330.2215384616138,361.1815384616202,否
3531,B6T0000000832,E3,6,12,36,28,浅位,87240.0,87240.0,87293.72923076923,53.72923076923078,0.0,53.72923076922598,否
3530,B6T0000000832,E3,6,12,36,28,深位,87240.0,87293.72923076923,87347.45846153845,53.72923076923078,53.72923076922598,107.45846153845196,否
3376,B6T0000001260,E3,6,11,20,39,浅位,87780.0,87780.0,87817.55692307692,37.556923076923084,0.0,37.55692307691788,否
3377,B6T0000001260,E3,6,11,20,39,深位,87780.0,87817.55692307692,87855.11384615384,37.556923076923084,37.55692307691788,75.11384615383577,否
2314,B6T0000001107,E3,6,11,13,24,浅位,88140.0,88188.28307692308,88212.42461538462,24.141538461538463,48.283076923078625,72.42461538461794,否
2319,B6T0000001107,E3,6,11,13,24,深位,88140.0,88212.42461538462,88236.56615384616,24.141538461538463,72.42461538461794,96.56615384615725,否
2318,B6T0000001107,E3,6,12,13,24,浅位,88140.0,88236.56615384616,88260.7076923077,24.141538461538463,96.56615384615725,120.70769230769656,否
2317,B6T0000001107,E3,6,12,13,24,深位,88140.0,88260.7076923077,88284.84923076924,24.141538461538463,120.70769230769656,144.84923076923587,否
403,B6T0000000471,E3,6,12,16,2,浅位,88740.0,88740.0,88760.79384615384,20.793846153846154,0.0,20.793846153843333,否
402,B6T0000000471,E3,6,12,16,2,深位,88740.0,88760.79384615384,88781.58769230769,20.793846153846154,20.793846153843333,41.587692307686666,否
2129,B6T0000000727,E3,6,11,15,4,深位,89040.0,89040.0,89060.20307692308,20.20307692307692,0.0,20.20307692307688,否
2133,B6T0000000727,E3,6,12,15,4,浅位,89040.0,89060.20307692308,89080.40615384615,20.20307692307692,20.20307692307688,40.40615384615376,否
2131,B6T0000000727,E3,6,12,15,4,深位,89040.0,89080.40615384615,89100.60923076923,20.20307692307692,40.40615384615376,60.609230769230635,否
3299,B6T0000001308,E3,6,12,25,31,浅位,89340.0,89340.0,89381.15076923076,41.150769230769235,0.0,41.150769230764126,否
3298,B6T0000001308,E3,6,12,25,31,深位,89340.0,89381.15076923076,89422.30153846153,41.150769230769235,41.150769230764126,82.30153846152825,否
3555,B6T0000000380,E3,6,11,15,51,浅位,89520.0,89520.0,89555.24307692307,35.24307692307692,0.0,35.243076923070475,否
3554,B6T0000000380,E3,6,11,15,51,深位,89520.0,89555.24307692307,89590.48615384614,35.24307692307692,35.243076923070475,70.48615384614095,否
2946,B6T0000000781,E3,6,12,11,3,深位,98340.0,98340.0,98354.96,14.96,0.0,14.960000000006403,否
2945,B6T0000000781,E3,6,11,11,4,深位,98340.0,98354.96,98370.24,15.28,14.960000000006403,30.24000000000524,否
2944,B6T0000000781,E3,6,11,12,9,深位,98340.0,98370.24,98388.35076923078,18.11076923076923,30.24000000000524,48.35076923077577,否
2255,B6T0000001242,E3,6,11,19,17,浅位,111300.0,111358.57230769232,111387.85846153848,29.286153846153848,58.572307692316826,87.85846153847524,否
2256,B6T0000001242,E3,6,11,19,17,深位,111300.0,111387.85846153848,111417.14461538463,29.286153846153848,87.85846153847524,117.14461538463365,否
2257,B6T0000001242,E3,6,12,19,17,浅位,111300.0,111417.14461538463,111446.43076923079,29.286153846153848,117.14461538463365,146.43076923079207,否
2258,B6T0000001242,E3,6,12,19,17,深位,111300.0,111446.43076923079,111475.71692307695,29.286153846153848,146.43076923079207,175.71692307695048,否
63,B6T0000001664,E1,6,11,2,2,浅位,118500.0,118560.50461538462,118568.0676923077,7.563076923076923,60.50461538461968,68.06769230769714,否
2337,B6T0000001994,E1,6,11,1,16,浅位,127920.0,127965.71076923079,127977.13846153849,11.427692307692308,45.7107692307909,57.13846153848863,否
2336,B6T0000001994,E1,6,11,1,16,深位,127920.0,127977.13846153849,127988.56615384619,11.427692307692308,57.13846153848863,68.56615384618635,否
1048,B6T0000001052,E3,6,11,17,6,浅位,130740.0,130740.0,130763.30461538462,23.304615384615385,0.0,23.304615384622593,否
1049,B6T0000001052,E3,6,11,17,6,深位,130740.0,130763.30461538462,130786.60923076925,23.304615384615385,23.304615384622593,46.60923076924519,否
1043,B6T0000001052,E3,6,12,17,6,浅位,130740.0,130786.60923076925,130809.91384615387,23.304615384615385,46.60923076924519,69.91384615386778,否
1044,B6T0000001052,E3,6,12,17,6,深位,130740.0,130809.91384615387,130833.21846153849,23.304615384615385,69.91384615386778,93.21846153849037,否
37,B6T0000001104,E3,6,11,9,4,浅位,132300.0,132312.81846153847,132325.63692307693,12.818461538461538,12.81846153846709,25.63692307693418,否
38,B6T0000001104,E3,6,11,9,4,深位,132300.0,132325.63692307693,132338.4553846154,12.818461538461538,25.63692307693418,38.45538461540127,否
39,B6T0000001104,E3,6,12,9,4,浅位,132300.0,132338.4553846154,132351.27384615387,12.818461538461538,38.45538461540127,51.27384615386836,否
3107,B6T0000000605,E3,6,11,41,9,浅位,133560.0,133560.0,133613.80307692307,53.803076923076944,0.0,53.80307692306815,否
3106,B6T0000000605,E3,6,11,41,9,深位,133560.0,133613.80307692307,133667.60615384614,53.803076923076944,53.80307692306815,107.6061538461363,否
3108,B6T0000000605,E3,6,12,41,9,浅位,133560.0,133667.60615384614,133721.4092307692,53.803076923076944,107.6061538461363,161.40923076920444,否
3468,B6T0000001000,E3,6,11,26,36,浅位,134940.0,134940.0,134983.98153846155,43.98153846153846,0.0,43.98153846155037,否
3469,B6T0000001000,E3,6,11,26,36,深位,134940.0,134983.98153846155,135027.9630769231,43.98153846153846,43.98153846155037,87.96307692310074,否
3099,B6T0000001767,E1,6,12,5,31,浅位,140580.0,140605.71692307692,140623.4646153846,17.747692307692308,25.716923076921375,43.464615384611534,是
3097,B6T0000001767,E1,6,12,5,31,深位,140580.0,140623.4646153846,140642.15384615384,18.689230769230768,43.464615384611534,62.153846153843915,否
2948,B6T0000001040,E3,6,11,30,17,浅位,142020.0,142020.0,142062.82461538463,42.82461538461539,0.0,42.82461538462667,否
2947,B6T0000001040,E3,6,11,30,17,深位,142020.0,142062.82461538463,142105.64923076925,42.82461538461539,42.82461538462667,85.64923076925334,否
2949,B6T0000001040,E3,6,12,30,17,浅位,142020.0,142105.64923076925,142148.47384615388,42.82461538461539,85.64923076925334,128.47384615388,否
358,B6T0000001370,E1,6,11,3,3,浅位,173100.0,173116.99692307692,173125.49538461538,8.498461538461537,16.99692307692021,25.495384615380317,否
354,B6T0000001370,E1,6,11,3,3,深位,173100.0,173125.49538461538,173133.99384615384,8.498461538461537,25.495384615380317,33.99384615384042,否
355,B6T0000001370,E1,6,12,3,3,浅位,173100.0,173133.99384615384,173142.4923076923,8.498461538461537,33.99384615384042,42.49230769230053,否
356,B6T0000001370,E1,6,12,3,3,深位,173100.0,173142.4923076923,173150.99076923076,8.498461538461537,42.49230769230053,50.990769230760634,否
2935,B6T0000000065,E4,6,11,44,23,浅位,173700.0,173824.87384615385,173887.31076923077,62.4369230769231,124.87384615384508,187.31076923076762,否
993,B6T0000001090,E3,6,12,11,12,浅位,174180.0,174180.0,174197.84,17.84,0.0,17.839999999996508,否
994,B6T0000001090,E3,6,12,11,12,深位,174180.0,174197.84,174215.68,17.84,17.839999999996508,35.679999999993015,否
3437,B6T0000001133,E3,6,11,28,33,浅位,174420.0,174420.0,174465.4830769231,45.48307692307693,0.0,45.483076923090266,否
3436,B6T0000001133,E3,6,11,28,33,深位,174420.0,174465.4830769231,174510.96615384618,45.48307692307693,45.483076923090266,90.96615384618053,否
773,B6T0000000843,E3,6,11,15,5,浅位,174120.0,174710.8861538461,174731.40923076918,20.52307692307692,590.886153846106,611.4092307691753,否
779,B6T0000000843,E3,6,11,15,5,深位,174120.0,174731.40923076918,174751.93230769224,20.52307692307692,611.4092307691753,631.9323076922446,否
767,B6T0000000843,E3,6,12,15,5,浅位,174120.0,174751.93230769224,174772.4553846153,20.52307692307692,631.9323076922446,652.455384615314,否
771,B6T0000000843,E3,6,12,15,5,深位,174120.0,174772.4553846153,174792.97846153838,20.52307692307692,652.455384615314,672.9784615383833,否
2211,B6T0000001272,E3,6,11,9,27,浅位,175380.0,175380.0,175400.17846153845,20.178461538461537,0.0,20.17846153845312,否
2212,B6T0000001272,E3,6,11,9,27,深位,175380.0,175400.17846153845,175420.3569230769,20.178461538461537,20.17846153845312,40.35692307690624,否
2213,B6T0000001272,E3,6,12,9,27,浅位,175380.0,175420.3569230769,175440.53538461536,20.178461538461537,40.35692307690624,60.53538461535936,否
2217,B6T0000001272,E3,6,12,9,27,深位,175380.0,175440.53538461536,175460.7138461538,20.178461538461537,60.53538461535936,80.71384615381248,否
2702,B6T0000001568,E1,6,11,3,3,浅位,175920.0,175920.0,175928.49846153846,8.498461538461537,0.0,8.498461538460106,否
2703,B6T0000001568,E1,6,11,3,3,深位,175920.0,175928.49846153846,175936.99692307692,8.498461538461537,8.498461538460106,16.99692307692021,否
2700,B6T0000001568,E1,6,12,3,3,浅位,175920.0,175936.99692307692,175945.49538461538,8.498461538461537,16.99692307692021,25.495384615380317,否
2701,B6T0000001568,E1,6,12,3,3,深位,175920.0,175945.49538461538,175953.99384615384,8.498461538461537,25.495384615380317,33.99384615384042,否
2458,B6T0000001943,E1,6,12,1,19,浅位,181500.0,181514.7261538462,181527.1138461539,12.387692307692308,14.726153846189845,27.113846153893974,否
2457,B6T0000001943,E1,6,12,1,19,深位,181500.0,181527.1138461539,181539.5015384616,12.387692307692308,27.113846153893974,39.5015384615981,否
189,B6T0000000932,E3,6,11,15,1,浅位,190380.0,190587.66769230773,190606.9107692308,19.24307692307692,207.66769230773207,226.91076923080254,否
190,B6T0000000932,E3,6,11,15,1,深位,190380.0,190606.9107692308,190626.15384615387,19.24307692307692,226.91076923080254,246.15384615387302,否
2904,B6T0000000326,E3,6,12,9,38,浅位,193500.0,193500.0,193523.69846153847,23.698461538461537,0.0,23.698461538471747,否
2903,B6T0000000326,E3,6,12,9,38,深位,193500.0,193523.69846153847,193547.39692307694,23.698461538461537,23.698461538471747,47.396923076943494,否
34,B6T0000001104,E3,6,12,9,4,深位,193680.0,193680.0,193692.81846153847,12.818461538461538,0.0,12.81846153846709,否
35,B6T0000001104,E3,6,12,11,1,浅位,193680.0,193692.81846153847,193707.13846153847,14.32,12.81846153846709,27.138461538474075,否
1874,B6T0000000931,E3,6,11,20,12,浅位,194940.0,194997.83384615387,195026.7507692308,28.91692307692308,57.833846153866034,86.75076923079905,否
1875,B6T0000000931,E3,6,11,20,12,深位,194940.0,195026.7507692308,195055.66769230773,28.91692307692308,86.75076923079905,115.66769230773207,否
1876,B6T0000000931,E3,6,12,20,12,浅位,194940.0,195055.66769230773,195084.58461538467,28.91692307692308,115.66769230773207,144.58461538466509,否
1871,B6T0000000931,E3,6,12,20,12,深位,194940.0,195084.58461538467,195113.5015384616,28.91692307692308,144.58461538466509,173.5015384615981,否
1494,B6T0000000905,E3,6,11,14,14,浅位,195660.0,195660.0,195682.1723076923,22.17230769230769,0.0,22.172307692293543,否
1505,B6T0000000905,E3,6,11,14,14,深位,195660.0,195682.1723076923,195704.3446153846,22.17230769230769,22.172307692293543,44.34461538458709,否
1504,B6T0000000905,E3,6,12,14,14,浅位,195660.0,195704.3446153846,195726.51692307688,22.17230769230769,44.34461538458709,66.51692307688063,否
1503,B6T0000000905,E3,6,12,14,14,深位,195660.0,195726.51692307688,195748.68923076917,22.17230769230769,66.51692307688063,88.68923076917417,否
3242,B6T0000000000,E4,6,11,45,3,浅位,197400.0,197400.0,197457.5753846154,57.57538461538464,0.0,57.575384615396615,否
3243,B6T0000000000,E4,6,11,45,3,深位,197400.0,197457.5753846154,197515.1507692308,57.57538461538464,57.575384615396615,115.15076923079323,否
1357,B6T0000001367,E1,6,11,2,7,浅位,198960.0,199029.9630769231,199039.12615384618,9.163076923076924,69.96307692310074,79.12615384618402,否
1356,B6T0000001367,E1,6,11,2,7,深位,198960.0,199039.12615384618,199048.28923076927,9.163076923076924,79.12615384618402,88.2892307692673,否
1355,B6T0000001367,E1,6,12,2,7,浅位,198960.0,199048.28923076927,199057.45230769235,9.163076923076924,88.2892307692673,97.45230769235059,否
1354,B6T0000001367,E1,6,12,2,7,深位,198960.0,199057.45230769235,199066.61538461543,9.163076923076924,97.45230769235059,106.61538461543387,否
2898,B6T0000000865,E3,6,12,12,9,浅位,201240.0,201240.0,201258.11076923076,18.11076923076923,0.0,18.110769230755977,否
2897,B6T0000000865,E3,6,12,12,9,深位,201240.0,201258.11076923076,201276.2215384615,18.11076923076923,18.110769230755977,36.221538461511955,否
2896,B6T0000000865,E3,6,11,15,4,浅位,201240.0,201276.2215384615,201296.4246153846,20.20307692307692,36.221538461511955,56.424615384603385,否
3472,B6T0000001980,E1,6,12,5,46,浅位,201360.0,201372.05538461538,201395.95076923075,23.895384615384618,12.055384615377989,35.950769230752485,是
3473,B6T0000001980,E1,6,12,5,46,深位,201360.0,201408.00615384616,201431.90153846153,23.895384615384618,48.00615384615958,71.90153846153407,是
1143,B6T0000000395,E3,6,11,16,8,浅位,202560.0,202834.23692307694,202870.88615384616,36.649230769230776,274.23692307694,310.88615384616423,是
1144,B6T0000000395,E3,6,11,16,8,深位,202560.0,202907.5353846154,202944.1846153846,36.649230769230776,347.53538461538847,384.1846153846127,是
1145,B6T0000000395,E3,6,12,16,8,浅位,202560.0,202981.79384615386,203019.4030769231,37.60923076923078,421.7938461538579,459.4030769231031,是
1146,B6T0000000395,E3,6,12,16,8,深位,202560.0,203057.01230769232,203094.62153846156,37.60923076923078,497.01230769231915,534.6215384615643,是
828,B6T0000001427,E1,6,11,4,4,浅位,203940.0,204015.47076923074,204024.90461538458,9.433846153846154,75.47076923074201,84.90461538458476,否
829,B6T0000001427,E1,6,11,4,4,深位,203940.0,204024.90461538458,204034.33846153843,9.433846153846154,84.90461538458476,94.33846153842751,否
830,B6T0000001427,E1,6,12,4,4,浅位,203940.0,204034.33846153843,204043.77230769227,9.433846153846154,94.33846153842751,103.77230769227026,否
831,B6T0000001427,E1,6,12,4,4,深位,203940.0,204043.77230769227,204053.2061538461,9.433846153846154,103.77230769227026,113.20615384611301,否
2506,B6T0000001035,E3,6,11,15,4,深位,205440.0,205440.0,205460.2030769231,20.20307692307692,0.0,20.20307692309143,否
2505,B6T0000001035,E3,6,12,15,4,浅位,205440.0,205460.2030769231,205480.40615384618,20.20307692307692,20.20307692309143,40.40615384618286,否
2507,B6T0000001035,E3,6,12,15,4,深位,205440.0,205480.40615384618,205500.60923076927,20.20307692307692,40.40615384618286,60.60923076927429,否
2508,B6T0000001035,E3,6,12,16,2,浅位,205440.0,205500.60923076927,205521.40307692313,20.793846153846154,60.60923076927429,81.40307692313218,否
2509,B6T0000001035,E3,6,12,16,2,深位,205440.0,205521.40307692313,205542.196923077,20.793846153846154,81.40307692313218,102.19692307699006,否
1680,B6T0000001195,E3,6,11,27,2,浅位,213960.0,213960.0,213994.3323076923,34.332307692307694,0.0,34.332307692297036,否
1685,B6T0000001195,E3,6,11,27,2,深位,213960.0,213994.3323076923,214028.6646153846,34.332307692307694,34.332307692297036,68.66461538459407,否
1676,B6T0000001195,E3,6,12,27,2,浅位,213960.0,214028.6646153846,214062.9969230769,34.332307692307694,68.66461538459407,102.99692307689111,否
1677,B6T0000001195,E3,6,12,27,2,深位,213960.0,214062.9969230769,214097.3292307692,34.332307692307694,102.99692307689111,137.32923076918814,否
1456,B6T0000000897,E3,6,11,21,6,浅位,220080.0,220418.7323076924,220446.9600000001,28.227692307692312,338.73230769240763,366.96000000010827,否
2123,B6T0000001478,E1,6,11,2,13,浅位,223500.0,223522.16615384613,223533.2492307692,11.083076923076923,22.166153846133966,33.24923076920095,否
2122,B6T0000001478,E1,6,11,2,13,深位,223500.0,223533.2492307692,223544.33230769227,11.083076923076923,33.24923076920095,44.33230769226793,否
2121,B6T0000001478,E1,6,12,2,13,浅位,223500.0,223544.33230769227,223555.41538461533,11.083076923076923,44.33230769226793,55.415384615334915,否
2120,B6T0000001478,E1,6,12,2,13,深位,223500.0,223555.41538461533,223566.4984615384,11.083076923076923,55.415384615334915,66.4984615384019,否
3582,B6T0000000664,E3,6,11,9,10,浅位,225240.0,225240.0,225254.73846153845,14.738461538461538,0.0,14.738461538450792,否
3583,B6T0000000664,E3,6,11,9,10,深位,225240.0,225254.73846153845,225269.4769230769,14.738461538461538,14.738461538450792,29.476923076901585,否
688,B6T0000001180,E3,6,11,10,10,浅位,258900.0,259030.63384615388,259050.7384615385,20.104615384615386,130.6338461538835,150.738461538509,是
687,B6T0000001180,E3,6,11,10,10,深位,258900.0,259061.72307692308,259072.70769230768,10.984615384615385,161.72307692308095,172.707692307682,是
690,B6T0000001180,E3,6,12,10,10,浅位,258900.0,259072.7076923077,259088.67692307694,15.96923076923077,172.7076923077111,188.67692307694233,否
2249,B6T0000001205,E3,6,11,18,18,浅位,258900.0,259123.50769230776,259151.88307692314,28.37538461538462,223.50769230775768,251.88307692314265,否
2248,B6T0000001205,E3,6,11,18,18,深位,258900.0,259151.88307692314,259180.25846153853,28.37538461538462,251.88307692314265,280.2584615385276,否
172,B6T0000000810,E3,6,11,14,2,浅位,259440.0,259572.0615384615,259590.3938461538,18.332307692307694,132.06153846150846,150.3938461538055,否
167,B6T0000000810,E3,6,11,14,2,深位,259440.0,259590.3938461538,259608.7261538461,18.332307692307694,150.3938461538055,168.72615384610253,否
153,B6T0000000810,E3,6,12,14,2,浅位,259440.0,259608.7261538461,259627.0584615384,18.332307692307694,168.72615384610253,187.05846153839957,否
174,B6T0000000810,E3,6,12,14,2,深位,259440.0,259627.0584615384,259645.3907692307,18.332307692307694,187.05846153839957,205.3907692306966,否
675,B6T0000001180,E3,6,12,10,10,深位,259800.0,259800.0,259815.96923076923,15.96923076923077,0.0,15.969230769231217,否
266,B6T0000001466,E1,6,11,4,2,浅位,259800.0,260056.29538461537,260065.08923076923,8.793846153846154,256.2953846153687,265.08923076922656,否
257,B6T0000001466,E1,6,11,4,2,深位,259800.0,260065.08923076923,260073.88307692308,8.793846153846154,265.08923076922656,273.88307692308445,否
2293,B6T0000001477,E1,6,11,2,15,浅位,259920.0,260137.7969230769,260149.52,11.723076923076924,217.79692307690857,229.51999999998952,否
2292,B6T0000001477,E1,6,11,2,15,深位,259920.0,260149.52,260161.24307692307,11.723076923076924,229.51999999998952,241.24307692307048,否
2291,B6T0000001477,E1,6,12,2,15,浅位,259920.0,260161.24307692307,260172.96615384615,11.723076923076924,241.24307692307048,252.96615384615143,否
2290,B6T0000001477,E1,6,12,2,15,深位,259920.0,260172.96615384615,260184.68923076923,11.723076923076924,252.96615384615143,264.6892307692324,否
3093,B6T0000000969,E3,6,11,16,34,浅位,260700.0,260762.0676923077,260793.10153846155,31.033846153846152,62.06769230769714,93.10153846154572,否
2277,B6T0000001817,E1,6,12,1,15,浅位,261660.0,261660.0,261671.1076923077,11.107692307692307,0.0,11.107692307705292,否
2274,B6T0000001817,E1,6,12,1,15,深位,261660.0,261671.1076923077,261682.2153846154,11.107692307692307,11.107692307705292,22.215384615410585,否
654,B6T0000001698,E1,6,12,8,1,深位,261780.0,261780.0,261790.93538461538,10.935384615384615,0.0,10.935384615382645,否
288,B6T0000000305,E4,6,11,43,3,浅位,261780.0,262510.89230769244,262565.3907692309,54.49846153846156,730.8923076924402,785.3907692309003,否
281,B6T0000000305,E4,6,11,43,3,深位,261780.0,262565.3907692309,262619.88923076936,54.49846153846156,785.3907692309003,839.8892307693604,否
3074,B6T0000001204,E3,6,12,13,15,浅位,267240.0,267240.0,267261.26153846155,21.26153846153846,0.0,21.261538461549208,否
3073,B6T0000001204,E3,6,12,13,15,深位,267240.0,267261.26153846155,267282.5230769231,21.26153846153846,21.261538461549208,42.523076923098415,否
3075,B6T0000001204,E3,6,11,22,1,深位,267240.0,267282.5230769231,267310.38153846154,27.858461538461544,42.523076923098415,70.38153846154455,否
3166,B6T0000000904,E3,6,11,9,68,浅位,271740.0,271740.0,271773.29846153845,33.29846153846154,0.0,33.298461538448464,否
3167,B6T0000000904,E3,6,11,9,68,深位,271740.0,271773.29846153845,271806.5969230769,33.29846153846154,33.298461538448464,66.59692307689693,否
3168,B6T0000000904,E3,6,12,9,68,浅位,271740.0,271806.5969230769,271839.89538461535,33.29846153846154,66.59692307689693,99.89538461534539,否
3217,B6T0000000566,E3,6,12,12,9,浅位,282900.0,282900.0,282918.11076923076,18.11076923076923,0.0,18.110769230755977,否
3218,B6T0000000566,E3,6,12,12,9,深位,282900.0,282918.11076923076,282936.2215384615,18.11076923076923,18.110769230755977,36.221538461511955,否
3219,B6T0000000566,E3,6,11,15,4,浅位,282900.0,282936.2215384615,282956.4246153846,20.20307692307692,36.221538461511955,56.424615384603385,否
2462,B6T0000000438,E3,6,11,30,9,浅位,284400.0,284400.0,284440.2646153846,40.2646153846154,0.0,40.264615384628996,否
2460,B6T0000000438,E3,6,11,30,9,深位,284400.0,284440.2646153846,284480.52923076926,40.2646153846154,40.264615384628996,80.52923076925799,否
2464,B6T0000000438,E3,6,12,30,9,浅位,284400.0,284480.52923076926,284520.7938461539,40.2646153846154,80.52923076925799,120.79384615388699,否
2463,B6T0000000438,E3,6,12,30,9,深位,284400.0,284520.7938461539,284561.0584615385,40.2646153846154,120.79384615388699,161.05846153851599,否
2073,B6T0000001546,E1,6,11,4,11,浅位,287100.0,287146.69538461533,287158.36923076917,11.673846153846155,46.69538461533375,58.36923076916719,否
2072,B6T0000001546,E1,6,11,4,11,深位,287100.0,287158.36923076917,287170.043076923,11.673846153846155,58.36923076916719,70.04307692300063,否
2071,B6T0000001546,E1,6,12,4,11,浅位,287100.0,287170.043076923,287181.71692307683,11.673846153846155,70.04307692300063,81.71692307683406,否
1339,B6T0000000043,E4,6,11,45,6,浅位,286740.0,287498.0799999998,287556.61538461514,58.53538461538464,758.0799999997835,816.6153846151428,否
2672,B6T0000000584,E3,6,12,33,9,浅位,288000.0,288012.0553846154,288049.95692307694,37.90153846153847,12.055384615377989,49.956923076941166,是
2673,B6T0000000584,E3,6,12,33,9,深位,288000.0,288062.0123076923,288099.9138461539,37.90153846153847,62.012307692319155,99.91384615388233,是
3360,B6T0000000601,E3,6,12,14,14,深位,289260.0,289260.0,289282.1723076923,22.17230769230769,0.0,22.172307692293543,否
3361,B6T0000000601,E3,6,11,16,8,浅位,289260.0,289282.1723076923,289304.88615384616,22.713846153846152,22.172307692293543,44.886153846164234,否
3498,B6T0000001296,E3,6,12,12,9,浅位,293340.0,293340.0,293358.11076923076,18.11076923076923,0.0,18.110769230755977,否
3499,B6T0000001296,E3,6,12,12,9,深位,293340.0,293358.11076923076,293376.2215384615,18.11076923076923,18.110769230755977,36.221538461511955,否
461,B6T0000001382,E1,6,11,2,4,浅位,295980.0,296019.44000000006,296027.64307692315,8.203076923076923,39.440000000060536,47.643076923151966,否
460,B6T0000001382,E1,6,11,2,4,深位,295980.0,296027.64307692315,296035.84615384624,8.203076923076923,47.643076923151966,55.846153846243396,否
468,B6T0000001382,E1,6,12,2,4,浅位,295980.0,296035.84615384624,296044.04923076933,8.203076923076923,55.846153846243396,64.04923076933483,否
465,B6T0000001382,E1,6,12,2,4,深位,295980.0,296044.04923076933,296052.2523076924,8.203076923076923,64.04923076933483,72.25230769242626,否
1529,B6T0000000228,E4,6,11,43,10,浅位,301800.0,302038.9538461538,302095.69230769225,56.738461538461564,238.95384615380317,295.69230769225396,否
1528,B6T0000000228,E4,6,11,43,10,深位,301800.0,302095.69230769225,302152.4307692307,56.738461538461564,295.69230769225396,352.43076923070475,否
1524,B6T0000000228,E4,6,12,43,10,浅位,301800.0,302152.4307692307,302209.16923076916,56.738461538461564,352.43076923070475,409.16923076915555,否
1520,B6T0000000228,E4,6,12,43,10,深位,301800.0,302209.16923076916,302265.9076923076,56.738461538461564,409.16923076915555,465.90769230760634,否
341,B6T0000000139,E4,6,11,45,1,浅位,302220.0,303130.9661538461,303187.9015384615,56.93538461538464,910.9661538461223,967.901538461505,否
331,B6T0000000139,E4,6,11,45,1,深位,302220.0,303187.9015384615,303244.8369230769,56.93538461538464,967.901538461505,1024.8369230768876,否
346,B6T0000000139,E4,6,12,45,1,浅位,302220.0,303244.8369230769,303301.77230769227,56.93538461538464,1024.8369230768876,1081.7723076922703,否
3441,B6T0000001574,E1,6,12,2,46,浅位,303780.0,303780.0,303801.6430769231,21.643076923076926,0.0,21.64307692309376,否
3440,B6T0000001574,E1,6,12,2,46,深位,303780.0,303801.6430769231,303823.2861538462,21.643076923076926,21.64307692309376,43.28615384618752,否
3161,B6T0000000924,E3,6,12,12,6,浅位,304500.0,304500.0,304517.1507692308,17.150769230769228,0.0,17.15076923079323,否
3162,B6T0000000924,E3,6,12,12,6,深位,304500.0,304517.1507692308,304534.3015384616,17.150769230769228,17.15076923079323,34.30153846158646,否
3160,B6T0000000924,E3,6,12,9,65,深位,304500.0,304534.3015384616,304566.6400000001,32.33846153846154,34.30153846158646,66.64000000007218,否
807,B6T0000000540,E3,6,11,18,2,浅位,305460.0,305707.93230769236,305731.18769230775,23.255384615384617,247.93230769236106,271.1876923077507,否
1642,B6T0000001117,E3,6,11,13,16,浅位,308820.0,308906.3261538462,308927.9076923078,21.58153846153846,86.32615384622477,107.90769230778096,否
1641,B6T0000001117,E3,6,11,13,16,深位,308820.0,308927.9076923078,308949.48923076934,21.58153846153846,107.90769230778096,129.48923076933715,否
1640,B6T0000001117,E3,6,12,13,16,浅位,308820.0,308949.48923076934,308971.0707692309,21.58153846153846,129.48923076933715,151.07076923089335,否
1635,B6T0000001117,E3,6,12,13,16,深位,308820.0,308971.0707692309,308992.65230769245,21.58153846153846,151.07076923089335,172.65230769244954,否
303,B6T0000001196,E3,6,11,13,5,浅位,309300.0,309673.8338461539,309691.89538461546,18.06153846153846,373.83384615392424,391.8953846154618,否
299,B6T0000001196,E3,6,11,13,5,深位,309300.0,309691.89538461546,309709.956923077,18.06153846153846,391.8953846154618,409.9569230769994,否
298,B6T0000001196,E3,6,12,13,5,浅位,309300.0,309709.956923077,309728.01846153854,18.06153846153846,409.9569230769994,428.01846153853694,否
297,B6T0000001196,E3,6,12,13,5,深位,309300.0,309728.01846153854,309746.0800000001,18.06153846153846,428.01846153853694,446.0800000000745,否
497,B6T0000001101,E3,6,11,12,7,浅位,309960.0,310384.4923076923,310401.96307692304,17.47076923076923,424.4923076923005,441.96307692304254,否
498,B6T0000001101,E3,6,11,12,7,深位,309960.0,310401.96307692304,310419.4338461538,17.47076923076923,441.96307692304254,459.43384615378454,否
499,B6T0000001101,E3,6,12,12,7,浅位,309960.0,310419.4338461538,310436.9046153845,17.47076923076923,459.43384615378454,476.90461538452655,否
500,B6T0000001101,E3,6,12,12,7,深位,309960.0,310436.9046153845,310454.37538461527,17.47076923076923,476.90461538452655,494.37538461526856,否
236,B6T0000000581,E3,6,11,9,9,浅位,311640.0,312035.33538461535,312049.7538461538,14.418461538461537,395.3353846153477,409.7538461537915,否
241,B6T0000000581,E3,6,11,9,9,深位,311640.0,312049.7538461538,312064.17230769224,14.418461538461537,409.7538461537915,424.17230769223534,否
240,B6T0000000581,E3,6,12,9,9,浅位,311640.0,312064.17230769224,312078.5907692307,14.418461538461537,424.17230769223534,438.59076923067914,否
239,B6T0000000581,E3,6,12,9,9,深位,311640.0,312078.5907692307,312093.0092307691,14.418461538461537,438.59076923067914,453.00923076912295,否
840,B6T0000001220,E3,6,11,9,12,浅位,312960.0,313089.9076923077,313105.2861538462,15.378461538461538,129.90769230772275,145.28615384618752,否
841,B6T0000001220,E3,6,11,9,12,深位,312960.0,313105.2861538462,313120.66461538465,15.378461538461538,145.28615384618752,160.66461538465228,否
842,B6T0000001220,E3,6,12,9,12,浅位,312960.0,313120.66461538465,313136.0430769231,15.378461538461538,160.66461538465228,176.04307692311704,否
1792,B6T0000001685,E1,6,11,5,8,浅位,313920.0,313942.6584615385,313953.98769230774,11.329230769230769,22.658461538492702,33.98769230773905,否
1791,B6T0000001685,E1,6,11,5,8,深位,313920.0,313953.98769230774,313965.316923077,11.329230769230769,33.98769230773905,45.316923076985404,否
1790,B6T0000001685,E1,6,12,5,8,浅位,313920.0,313965.316923077,313976.64615384623,11.329230769230769,45.316923076985404,56.646153846231755,否
1794,B6T0000001685,E1,6,12,5,8,深位,313920.0,313976.64615384623,313987.9753846155,11.329230769230769,56.646153846231755,67.9753846154781,否
3644,B6T0000001493,E1,6,11,2,7,浅位,315480.0,315480.0,315489.16307692305,9.163076923076924,0.0,9.163076923054177,否
3645,B6T0000001493,E1,6,11,2,7,深位,315480.0,315489.16307692305,315498.3261538461,9.163076923076924,9.163076923054177,18.326153846108355,否
185,B6T0000000932,E3,6,12,15,1,浅位,345480.0,345480.0,345499.24307692307,19.24307692307692,0.0,19.243076923070475,否
187,B6T0000000932,E3,6,12,15,1,深位,345480.0,345499.24307692307,345518.48615384614,19.24307692307692,19.243076923070475,38.48615384614095,否
982,B6T0000001844,E1,6,11,8,2,浅位,346200.0,346343.29230769235,346354.54769230774,11.255384615384614,143.2923076923471,154.54769230773672,否
981,B6T0000001844,E1,6,11,8,2,深位,346200.0,346354.54769230774,346365.8030769231,11.255384615384614,154.54769230773672,165.80307692312635,否
980,B6T0000001844,E1,6,12,8,2,浅位,346200.0,346365.8030769231,346377.0584615385,11.255384615384614,165.80307692312635,177.05846153851599,否
979,B6T0000001844,E1,6,12,8,2,深位,346200.0,346377.0584615385,346388.3138461539,11.255384615384614,177.05846153851599,188.31384615390562,否
2635,B6T0000001335,E1,6,11,1,9,深位,346440.0,346440.0,346449.1876923077,9.187692307692307,0.0,9.187692307692487,否
2632,B6T0000001335,E1,6,12,5,2,深位,346440.0,346449.1876923077,346458.5969230769,9.409230769230769,9.187692307692487,18.59692307689693,否
2633,B6T0000001335,E1,6,12,1,10,深位,346440.0,346458.5969230769,346468.1046153846,9.507692307692308,18.59692307689693,28.1046153845964,否
2634,B6T0000001335,E1,6,11,4,5,深位,346440.0,346468.1046153846,346477.85846153845,9.753846153846155,28.1046153845964,37.858461538446136,否
3599,B6T0000000283,E4,6,11,45,41,浅位,346440.0,346477.85846153845,346547.5938461538,69.73538461538465,37.858461538446136,107.59384615381714,否
3598,B6T0000000283,E4,6,11,45,41,深位,346440.0,346547.5938461538,346617.3292307692,69.73538461538465,107.59384615381714,177.32923076918814,否
138,B6T0000000154,E4,6,11,44,1,浅位,345840.0,346726.90461538464,346782.3015384616,55.3969230769231,886.904615384643,942.3015384615865,否
139,B6T0000000154,E4,6,11,44,1,深位,345840.0,346782.3015384616,346837.69846153853,55.3969230769231,942.3015384615865,997.69846153853,否
3719,B6T0000000332,E3,6,12,15,4,深位,346800.0,346837.69846153853,346857.9015384616,20.20307692307692,37.698461538529955,57.901538461621385,否
3718,B6T0000000332,E3,6,12,15,5,深位,346800.0,346857.9015384616,346878.4246153847,20.52307692307692,57.901538461621385,78.4246153847198,否
140,B6T0000000154,E4,6,12,44,1,浅位,345840.0,346878.4246153847,346933.82153846166,55.3969230769231,1038.4246153847198,1093.8215384616633,否
143,B6T0000000154,E4,6,12,44,1,深位,345840.0,346933.82153846166,346989.2184615386,55.3969230769231,1093.8215384616633,1149.2184615386068,否
2467,B6T0000001299,E3,6,11,28,11,浅位,346680.0,347052.57230769226,347091.01538461534,38.44307692307693,372.5723076922586,411.01538461534074,否
1776,B6T0000001573,E1,6,11,3,9,浅位,347160.0,347160.0,347170.41846153844,10.418461538461539,0.0,10.418461538443808,否
1775,B6T0000001573,E1,6,11,3,9,深位,347160.0,347170.41846153844,347180.8369230769,10.418461538461539,10.418461538443808,20.836923076887615,否
1772,B6T0000001573,E1,6,12,3,9,浅位,347160.0,347180.8369230769,347191.25538461533,10.418461538461539,20.836923076887615,31.255384615331423,否
1773,B6T0000001573,E1,6,12,3,9,深位,347160.0,347191.25538461533,347201.6738461538,10.418461538461539,31.255384615331423,41.67384615377523,否
271,B6T0000000305,E4,6,12,43,3,浅位,347580.0,347580.0,347634.49846153846,54.49846153846156,0.0,54.498461538460106,否
270,B6T0000000305,E4,6,12,43,3,深位,347580.0,347634.49846153846,347688.9969230769,54.49846153846156,54.498461538460106,108.99692307692021,否
3103,B6T0000000740,E3,6,11,12,9,深位,347700.0,347700.0,347718.11076923076,18.11076923076923,0.0,18.110769230755977,否
3105,B6T0000000740,E3,6,12,24,3,浅位,347700.0,347718.11076923076,347749.0707692308,30.960000000000008,18.110769230755977,49.07076923077693,否
3104,B6T0000000740,E3,6,12,24,3,深位,347700.0,347749.0707692308,347780.0307692308,30.960000000000008,49.07076923077693,80.03076923079789,否
2793,B6T0000001688,E1,6,11,5,2,浅位,348060.0,348060.0,348069.4092307692,9.409230769230769,0.0,9.409230769204441,否
2795,B6T0000001688,E1,6,11,5,2,深位,348060.0,348069.4092307692,348078.8184615384,9.409230769230769,9.409230769204441,18.818461538408883,否
2792,B6T0000001688,E1,6,11,8,1,浅位,348060.0,348078.8184615384,348089.7538461538,10.935384615384615,18.818461538408883,29.753846153791528,否
2794,B6T0000001688,E1,6,11,8,1,深位,348060.0,348089.7538461538,348100.6892307692,10.935384615384615,29.753846153791528,40.68923076917417,否
954,B6T0000000445,E3,6,11,12,10,浅位,348420.0,348530.5846153846,348549.01538461534,18.43076923076923,110.58461538457777,129.01538461534074,否
950,B6T0000000445,E3,6,11,12,10,深位,348420.0,348549.01538461534,348567.4461538461,18.43076923076923,129.01538461534074,147.4461538461037,否
949,B6T0000000445,E3,6,12,12,10,浅位,348420.0,348567.4461538461,348585.87692307687,18.43076923076923,147.4461538461037,165.87692307686666,否
951,B6T0000000445,E3,6,12,12,10,深位,348420.0,348585.87692307687,348604.30769230763,18.43076923076923,165.87692307686666,184.30769230762962,否
2905,B6T0000001330,E1,6,11,4,27,浅位,348600.0,348604.30769230763,348621.10153846146,16.793846153846154,4.3076923076296225,21.101538461458404,否
2907,B6T0000001330,E1,6,11,4,27,深位,348600.0,348621.10153846146,348637.8953846153,16.793846153846154,21.101538461458404,37.895384615287185,否
2906,B6T0000001330,E1,6,12,4,27,浅位,348600.0,348637.8953846153,348654.6892307691,16.793846153846154,37.895384615287185,54.689230769115966,否
3266,B6T0000000994,E3,6,11,12,29,浅位,354900.0,354900.0,354924.5107692308,24.51076923076923,0.0,24.51076923077926,否
3267,B6T0000000994,E3,6,12,9,65,浅位,354900.0,354924.5107692308,354956.84923076926,32.33846153846154,24.51076923077926,56.84923076926498,否
2410,B6T0000001594,E1,6,12,3,17,浅位,361260.0,361293.99384615384,361306.9723076923,12.978461538461538,33.99384615384042,46.9723076922819,否
1653,B6T0000000735,E3,6,11,15,14,浅位,374040.0,374040.0,374063.4030769231,23.40307692307692,0.0,23.40307692310307,否
1645,B6T0000000735,E3,6,11,15,14,深位,374040.0,374063.4030769231,374086.8061538462,23.40307692307692,23.40307692310307,46.80615384620614,否
1644,B6T0000000735,E3,6,12,15,14,浅位,374040.0,374086.8061538462,374110.2092307693,23.40307692307692,46.80615384620614,70.20923076930922,否
1652,B6T0000000735,E3,6,12,15,14,深位,374040.0,374110.2092307693,374133.6123076924,23.40307692307692,70.20923076930922,93.61230769241229,否
109,B6T0000000261,E4,6,11,43,1,浅位,375660.0,375875.4338461538,375929.29230769223,53.85846153846156,215.43384615378454,269.2923076922307,否
108,B6T0000000261,E4,6,11,43,1,深位,375660.0,375929.29230769223,375983.1507692307,53.85846153846156,269.2923076922307,323.1507692306768,否
98,B6T0000000261,E4,6,12,43,1,浅位,375660.0,375983.1507692307,376037.0092307691,53.85846153846156,323.1507692306768,377.00923076912295,否
103,B6T0000000261,E4,6,12,43,1,深位,375660.0,376037.0092307691,376090.86769230757,53.85846153846156,377.00923076912295,430.8676923075691,否
3237,B6T0000001819,E1,6,11,4,6,深位,376260.0,376260.0,376270.07384615386,10.073846153846155,0.0,10.07384615385672,否
3236,B6T0000001819,E1,6,11,2,10,深位,376260.0,376270.07384615386,376280.19692307693,10.123076923076923,10.07384615385672,20.196923076931853,否
1981,B6T0000001870,E1,6,11,3,11,浅位,380640.0,380640.0,380651.05846153846,11.05846153846154,0.0,11.058461538457777,否
1986,B6T0000001870,E1,6,11,3,11,深位,380640.0,380651.05846153846,380662.1169230769,11.05846153846154,11.058461538457777,22.116923076915555,否
1983,B6T0000001870,E1,6,12,3,11,浅位,380640.0,380662.1169230769,380673.1753846154,11.05846153846154,22.116923076915555,33.17538461537333,否
1982,B6T0000001870,E1,6,12,3,11,深位,380640.0,380673.1753846154,380684.23384615383,11.05846153846154,33.17538461537333,44.23384615383111,否
2768,B6T0000001992,E1,6,11,1,15,深位,382920.0,382920.0,382931.1076923077,11.107692307692307,0.0,11.107692307676189,否
2769,B6T0000001992,E1,6,12,8,3,深位,382920.0,382931.1076923077,382942.6830769231,11.575384615384614,11.107692307676189,22.683076923072804,否
2770,B6T0000001992,E1,6,12,1,18,深位,382920.0,382942.6830769231,382954.75076923077,12.067692307692308,22.683076923072804,34.75076923076995,否
2771,B6T0000001992,E1,6,11,8,5,深位,382920.0,382954.75076923077,382966.9661538462,12.215384615384615,34.75076923076995,46.96615384618053,否
3613,B6T0000000440,E3,6,11,15,4,浅位,386760.0,386760.0,386780.2030769231,20.20307692307692,0.0,20.20307692309143,否
3612,B6T0000000440,E3,6,12,13,15,浅位,386760.0,386780.2030769231,386801.46461538464,21.26153846153846,20.20307692309143,41.46461538464064,否
3705,B6T0000000764,E3,6,12,12,9,浅位,388020.0,388020.0,388038.11076923076,18.11076923076923,0.0,18.110769230755977,否
3704,B6T0000000764,E3,6,12,12,9,深位,388020.0,388038.11076923076,388056.2215384615,18.11076923076923,18.110769230755977,36.221538461511955,否
3205,B6T0000000817,E3,6,12,11,61,深位,391320.0,391320.0,391353.52,33.52,0.0,33.52000000001863,否
3206,B6T0000000817,E3,6,11,10,65,浅位,391320.0,391353.52,391387.08923076926,33.56923076923077,33.52000000001863,67.08923076925566,否
3207,B6T0000000817,E3,6,11,10,65,深位,391320.0,391387.08923076926,391420.6584615385,33.56923076923077,67.08923076925566,100.6584615384927,否
947,B6T0000000445,E3,6,12,12,9,浅位,398640.0,398640.0,398658.11076923076,18.11076923076923,0.0,18.110769230755977,否
2236,B6T0000001823,E1,6,12,4,4,浅位,400260.0,400260.0,400269.43384615384,9.433846153846154,0.0,9.433846153842751,否
2237,B6T0000001823,E1,6,12,4,4,深位,400260.0,400269.43384615384,400278.8676923077,9.433846153846154,9.433846153842751,18.867692307685502,否
2239,B6T0000001823,E1,6,11,2,13,浅位,400260.0,400278.8676923077,400289.9507692308,11.083076923076923,18.867692307685502,29.95076923078159,否
2238,B6T0000001823,E1,6,11,2,13,深位,400260.0,400289.9507692308,400301.0338461539,11.083076923076923,29.95076923078159,41.033846153877676,否
2241,B6T0000001823,E1,6,12,2,13,浅位,400260.0,400301.0338461539,400312.116923077,11.083076923076923,41.033846153877676,52.11692307697376,否
2240,B6T0000001823,E1,6,12,2,13,深位,400260.0,400312.116923077,400323.20000000007,11.083076923076923,52.11692307697376,63.20000000006985,否
2919,B6T0000001125,E3,6,12,16,2,深位,402480.0,402480.0,402500.7938461538,20.793846153846154,0.0,20.79384615382878,否
2918,B6T0000001125,E3,6,11,14,14,浅位,402480.0,402500.7938461538,402522.9661538461,22.17230769230769,20.79384615382878,42.966153846122324,否
2917,B6T0000001125,E3,6,11,14,14,深位,402480.0,402522.9661538461,402545.1384615384,22.17230769230769,42.966153846122324,65.13846153841587,否
964,B6T0000000445,E3,6,12,12,9,深位,432000.0,432044.9599999999,432067.02153846144,22.06153846153846,44.95999999990454,67.0215384614421,是
33,B6T0000001104,E3,6,12,11,1,深位,432900.0,432900.0,432914.32,14.32,0.0,14.320000000006985,否
871,B6T0000000001,E4,6,11,47,1,浅位,432180.0,433030.81846153876,433090.8307692311,60.01230769230772,850.8184615387581,910.8307692310773,否
872,B6T0000000001,E4,6,11,47,1,深位,432180.0,433090.8307692311,433150.8430769234,60.01230769230772,910.8307692310773,970.8430769233964,否
873,B6T0000000001,E4,6,12,47,1,浅位,432180.0,433150.8430769234,433210.8553846157,60.01230769230772,970.8430769233964,1030.8553846157156,否
874,B6T0000000001,E4,6,12,47,1,深位,432180.0,433210.8553846157,433270.86769230803,60.01230769230772,1030.8553846157156,1090.8676923080347,否
3713,B6T0000001339,E1,6,11,2,2,浅位,433260.0,433270.86769230803,433278.4307692311,7.563076923076923,10.867692308034748,18.430769231112208,否
3712,B6T0000001339,E1,6,11,1,16,浅位,433260.0,433278.4307692311,433289.8584615388,11.427692307692308,18.430769231112208,29.858461538795382,否
899,B6T0000000411,E3,6,11,15,6,浅位,433860.0,433901.6861538462,433922.5292307693,20.84307692307692,41.6861538462108,62.5292307693162,否
3562,B6T0000000694,E3,6,11,9,10,浅位,434280.0,434286.7815384615,434300.73846153845,13.956923076923076,6.781538461509626,20.738461538450792,是
3563,B6T0000000694,E3,6,11,9,10,深位,434280.0,434309.4523076923,434323.39692307694,13.944615384615384,29.452307692321483,43.396923076943494,是
21,B6T0000001209,E3,6,11,10,1,浅位,434280.0,434410.89230769256,434423.9815384618,13.08923076923077,130.89230769255664,143.9815384618123,否
29,B6T0000001209,E3,6,11,10,1,深位,434280.0,434423.9815384618,434437.07076923107,13.08923076923077,143.9815384618123,157.07076923106797,否
14,B6T0000001209,E3,6,12,10,1,浅位,434280.0,434437.07076923107,434450.1600000003,13.08923076923077,157.07076923106797,170.16000000032363,否
24,B6T0000001209,E3,6,12,10,1,深位,434280.0,434450.1600000003,434463.2492307696,13.08923076923077,170.16000000032363,183.2492307695793,否
3426,B6T0000000542,E3,6,11,9,9,浅位,434880.0,434880.0,434894.41846153844,14.418461538461537,0.0,14.418461538443808,否
3427,B6T0000000542,E3,6,11,9,9,深位,434880.0,434894.41846153844,434908.8369230769,14.418461538461537,14.418461538443808,28.836923076887615,否
482,B6T0000001101,E3,6,12,12,6,深位,436560.0,436560.0,436577.1507692308,17.150769230769228,0.0,17.15076923079323,否
1168,B6T0000001838,E1,6,12,8,2,浅位,437520.0,437520.0,437531.2553846154,11.255384615384614,0.0,11.25538461538963,否
1176,B6T0000001838,E1,6,12,8,2,深位,437520.0,437531.2553846154,437542.5107692308,11.255384615384614,11.25538461538963,22.51076923077926,否
650,B6T0000000469,E3,6,11,9,11,浅位,450900.0,450915.05846153846,450930.1169230769,15.058461538461538,15.058461538457777,30.116923076915555,否
649,B6T0000000469,E3,6,11,9,11,深位,450900.0,450930.1169230769,450945.1753846154,15.058461538461538,30.116923076915555,45.17538461537333,否
642,B6T0000000469,E3,6,12,9,11,浅位,450900.0,450945.1753846154,450960.23384615383,15.058461538461538,45.17538461537333,60.23384615383111,否
644,B6T0000000469,E3,6,12,9,11,深位,450900.0,450960.23384615383,450975.2923076923,15.058461538461538,60.23384615383111,75.29230769228889,否
2340,B6T0000000388,E3,6,12,9,10,浅位,451380.0,451380.0,451394.73846153845,14.738461538461538,0.0,14.738461538450792,否
2339,B6T0000000388,E3,6,12,9,10,深位,451380.0,451394.73846153845,451409.4769230769,14.738461538461538,14.738461538450792,29.476923076901585,否
2343,B6T0000000388,E3,6,11,9,66,深位,451380.0,451409.4769230769,451442.13538461534,32.65846153846154,29.476923076901585,62.13538461533608,否
2341,B6T0000000388,E3,6,12,9,66,浅位,451380.0,451442.13538461534,451474.79384615377,32.65846153846154,62.13538461533608,94.79384615377057,否
2338,B6T0000000388,E3,6,12,9,66,深位,451380.0,451474.79384615377,451507.4523076922,32.65846153846154,94.79384615377057,127.45230769220507,否
2342,B6T0000000388,E3,6,11,10,63,浅位,451380.0,451507.4523076922,451540.3815384614,32.92923076923077,127.45230769220507,160.38153846142814,否
3425,B6T0000000468,E3,6,12,9,10,浅位,454980.0,454980.0,454994.73846153845,14.738461538461538,0.0,14.738461538450792,否
3424,B6T0000000468,E3,6,12,9,10,深位,454980.0,454994.73846153845,455009.4769230769,14.738461538461538,14.738461538450792,29.476923076901585,否
3502,B6T0000000209,E4,6,11,43,1,浅位,458760.0,458760.0,458813.85846153845,53.85846153846156,0.0,53.858461538446136,否
3503,B6T0000000209,E4,6,11,43,1,深位,458760.0,458813.85846153845,458867.7169230769,53.85846153846156,53.858461538446136,107.71692307689227,否
3398,B6T0000001778,E1,6,12,2,7,深位,460980.0,460980.0,460989.16307692305,9.163076923076924,0.0,9.163076923054177,否
3399,B6T0000001778,E1,6,11,4,4,浅位,460980.0,460989.16307692305,460998.5969230769,9.433846153846154,9.163076923054177,18.59692307689693,否
3171,B6T0000001064,E3,6,12,15,1,浅位,462540.0,462540.0,462559.24307692307,19.24307692307692,0.0,19.243076923070475,否
3170,B6T0000001064,E3,6,12,15,1,深位,462540.0,462559.24307692307,462578.48615384614,19.24307692307692,19.243076923070475,38.48615384614095,否
3169,B6T0000001064,E3,6,12,15,4,深位,462540.0,462578.48615384614,462598.68923076923,20.20307692307692,38.48615384614095,58.68923076923238,否
532,B6T0000001197,E3,6,11,14,5,浅位,464160.0,464160.0,464179.2923076923,19.29230769230769,0.0,19.292307692288887,否
529,B6T0000001197,E3,6,11,14,5,深位,464160.0,464179.2923076923,464198.5846153846,19.29230769230769,19.292307692288887,38.58461538457777,否
536,B6T0000001197,E3,6,12,14,5,浅位,464160.0,464198.5846153846,464217.87692307687,19.29230769230769,38.58461538457777,57.87692307686666,否
535,B6T0000001197,E3,6,12,14,5,深位,464160.0,464217.87692307687,464237.16923076916,19.29230769230769,57.87692307686666,77.16923076915555,否
3480,B6T0000000867,E3,6,12,11,3,深位,467880.0,467880.0,467894.96,14.96,0.0,14.960000000020955,否
3481,B6T0000000867,E3,6,11,11,4,深位,467880.0,467894.96,467910.24000000005,15.28,14.960000000020955,30.240000000048894,否
1436,B6T0000000745,E3,6,11,14,13,浅位,470700.0,470700.0,470721.8523076923,21.85230769230769,0.0,21.85230769228656,否
1435,B6T0000000745,E3,6,11,14,13,深位,470700.0,470721.8523076923,470743.7046153846,21.85230769230769,21.85230769228656,43.70461538457312,否
1431,B6T0000000745,E3,6,12,14,13,浅位,470700.0,470743.7046153846,470765.55692307686,21.85230769230769,43.70461538457312,65.55692307685968,否
1430,B6T0000000745,E3,6,12,14,13,深位,470700.0,470765.55692307686,470787.40923076915,21.85230769230769,65.55692307685968,87.40923076914623,否
1235,B6T0000001022,E3,6,11,14,11,浅位,477120.0,477374.54769230797,477395.7600000003,21.212307692307693,254.54769230796956,275.76000000030035,否
1241,B6T0000001022,E3,6,11,14,11,深位,477120.0,477395.7600000003,477416.97230769263,21.212307692307693,275.76000000030035,296.97230769263115,否
1242,B6T0000001022,E3,6,12,14,11,浅位,477120.0,477416.97230769263,477438.18461538496,21.212307692307693,296.97230769263115,318.18461538496194,否
1232,B6T0000001022,E3,6,12,14,11,深位,477120.0,477438.18461538496,477459.3969230773,21.212307692307693,318.18461538496194,339.39692307729274,否
1753,B6T0000000007,E4,6,12,43,3,浅位,479820.0,479820.0,479874.49846153846,54.49846153846156,0.0,54.498461538460106,否
1749,B6T0000000007,E4,6,12,43,3,深位,479820.0,479874.49846153846,479928.9969230769,54.49846153846156,54.498461538460106,108.99692307692021,否
1750,B6T0000000007,E4,6,11,44,1,浅位,479820.0,479928.9969230769,479984.39384615386,55.3969230769231,108.99692307692021,164.3938461538637,否
1748,B6T0000000007,E4,6,11,44,1,深位,479820.0,479984.39384615386,480039.7907692308,55.3969230769231,164.3938461538637,219.7907692308072,否
1747,B6T0000000007,E4,6,12,44,1,浅位,479820.0,480039.7907692308,480095.18769230775,55.3969230769231,219.7907692308072,275.1876923077507,否
1751,B6T0000000007,E4,6,12,44,1,深位,479820.0,480095.18769230775,480150.5846153847,55.3969230769231,275.1876923077507,330.5846153846942,否
3410,B6T0000001561,E1,6,11,2,4,浅位,482100.0,482100.0,482108.2030769231,8.203076923076923,0.0,8.20307692309143,否
3411,B6T0000001561,E1,6,11,2,4,深位,482100.0,482108.2030769231,482116.4061538462,8.203076923076923,8.20307692309143,16.40615384618286,否
3467,B6T0000000689,E3,6,11,17,6,浅位,482160.0,482160.0,482183.3046153846,23.304615384615385,0.0,23.30461538460804,否
3466,B6T0000000689,E3,6,11,17,6,深位,482160.0,482183.3046153846,482206.6092307692,23.304615384615385,23.30461538460804,46.60923076921608,否
3030,B6T0000000692,E3,6,12,9,11,浅位,483840.0,483840.0,483855.05846153846,15.058461538461538,0.0,15.058461538457777,否
3028,B6T0000000692,E3,6,12,9,11,深位,483840.0,483855.05846153846,483870.1169230769,15.058461538461538,15.058461538457777,30.116923076915555,否
3029,B6T0000000692,E3,6,11,9,66,深位,483840.0,483870.1169230769,483902.77538461535,32.65846153846154,30.116923076915555,62.77538461535005,否
389,B6T0000000471,E3,6,11,17,1,浅位,486000.0,486216.7692307694,486238.47384615405,21.704615384615384,216.7692307694233,238.47384615405463,否
390,B6T0000000471,E3,6,11,17,1,深位,486000.0,486238.47384615405,486260.1784615387,21.704615384615384,238.47384615405463,260.17846153868595,否
384,B6T0000000471,E3,6,12,17,1,浅位,486000.0,486260.1784615387,486281.8830769233,21.704615384615384,260.17846153868595,281.8830769233173,否
1885,B6T0000000716,E3,6,12,22,10,浅位,486360.0,486451.9138461538,486482.6523076923,30.738461538461543,91.91384615382412,122.65230769227492,否
1888,B6T0000000716,E3,6,12,22,10,深位,486360.0,486482.6523076923,486513.3907692307,30.738461538461543,122.65230769227492,153.3907692307257,否
1854,B6T0000001858,E1,6,11,6,8,浅位,488580.0,488603.88923076924,488615.83384615387,11.944615384615386,23.889230769244023,35.833846153866034,否
1855,B6T0000001858,E1,6,11,6,8,深位,488580.0,488615.83384615387,488627.7784615385,11.944615384615386,35.833846153866034,47.778461538488045,否
1856,B6T0000001858,E1,6,12,6,8,浅位,488580.0,488627.7784615385,488639.7230769231,11.944615384615386,47.778461538488045,59.72307692311006,否
1857,B6T0000001858,E1,6,12,6,8,深位,488580.0,488639.7230769231,488651.66769230773,11.944615384615386,59.72307692311006,71.66769230773207,否
2086,B6T0000001407,E1,6,11,3,3,浅位,518100.0,518100.0,518108.49846153846,8.498461538461537,0.0,8.498461538460106,否
2087,B6T0000001407,E1,6,11,3,3,深位,518100.0,518108.49846153846,518116.9969230769,8.498461538461537,8.498461538460106,16.99692307692021,否
2089,B6T0000001407,E1,6,12,3,3,浅位,518100.0,518116.9969230769,518125.4953846154,8.498461538461537,16.99692307692021,25.495384615380317,否
2090,B6T0000001407,E1,6,12,3,3,深位,518100.0,518125.4953846154,518133.99384615384,8.498461538461537,25.495384615380317,33.99384615384042,否
2088,B6T0000001407,E1,6,12,1,19,浅位,518100.0,518133.99384615384,518146.38153846154,12.387692307692308,33.99384615384042,46.38153846154455,否
2091,B6T0000001407,E1,6,12,1,19,深位,518100.0,518146.38153846154,518158.76923076925,12.387692307692308,46.38153846154455,58.76923076924868,否
2978,B6T0000001825,E1,6,12,1,30,浅位,518220.0,518220.0,518235.90769230766,15.907692307692308,0.0,15.907692307664547,否
2979,B6T0000001825,E1,6,12,1,30,深位,518220.0,518235.90769230766,518251.8153846153,15.907692307692308,15.907692307664547,31.815384615329094,否
1291,B6T0000001854,E1,6,11,7,4,浅位,519120.0,519279.05230769253,519290.33230769256,11.280000000000001,159.05230769253103,170.33230769255897,否
2355,B6T0000000217,E4,6,12,43,10,深位,519660.0,519660.0,519716.73846153845,56.738461538461564,0.0,56.73846153845079,否
2353,B6T0000000217,E4,6,11,45,1,浅位,519660.0,519716.73846153845,519773.67384615383,56.93538461538464,56.73846153845079,113.67384615383344,否
414,B6T0000000050,E4,6,11,44,3,浅位,519300.0,519773.67384615383,519829.71076923073,56.0369230769231,473.67384615383344,529.7107692307327,否
425,B6T0000000050,E4,6,11,44,3,深位,519300.0,519829.71076923073,519885.74769230763,56.0369230769231,529.7107692307327,585.747692307632,否
424,B6T0000000050,E4,6,12,44,3,浅位,519300.0,519885.74769230763,519941.78461538453,56.0369230769231,585.747692307632,641.7846153845312,否
415,B6T0000000050,E4,6,12,44,3,深位,519300.0,519941.78461538453,519997.82153846143,56.0369230769231,641.7846153845312,697.8215384614305,否
2352,B6T0000000217,E4,6,11,45,1,深位,519660.0,519997.82153846143,520054.7569230768,56.93538461538464,337.82153846143046,394.7569230768131,否
2351,B6T0000000217,E4,6,12,45,1,浅位,519660.0,520054.7569230768,520111.6923076922,56.93538461538464,394.7569230768131,451.69230769219575,否
2037,B6T0000000707,E3,6,11,14,20,浅位,520440.0,520488.1846153847,520512.276923077,24.092307692307692,48.184615384670906,72.27692307700636,否
2042,B6T0000000707,E3,6,11,14,20,深位,520440.0,520512.276923077,520536.36923076934,24.092307692307692,72.27692307700636,96.36923076934181,否
2039,B6T0000000707,E3,6,12,14,20,浅位,520440.0,520536.36923076934,520560.4615384617,24.092307692307692,96.36923076934181,120.46153846167726,否
2040,B6T0000000707,E3,6,12,14,20,深位,520440.0,520560.4615384617,520584.553846154,24.092307692307692,120.46153846167726,144.55384615401272,否
1027,B6T0000001975,E1,6,11,1,6,浅位,520740.0,520805.8215384614,520814.04923076904,8.227692307692308,65.82153846137226,74.04923076904379,否
1028,B6T0000001975,E1,6,11,1,6,深位,520740.0,520814.04923076904,520822.2769230767,8.227692307692308,74.04923076904379,82.27692307671532,否
1029,B6T0000001975,E1,6,12,1,6,浅位,520740.0,520822.2769230767,520830.5046153844,8.227692307692308,82.27692307671532,90.50461538438685,否
1030,B6T0000001975,E1,6,12,1,6,深位,520740.0,520830.5046153844,520838.73230769206,8.227692307692308,90.50461538438685,98.73230769205838,否
855,B6T0000001220,E3,6,12,9,12,深位,520980.0,520980.0,520995.37846153846,15.378461538461538,0.0,15.378461538464762,否
606,B6T0000000247,E4,6,11,45,2,浅位,521520.0,522321.57538461545,522378.83076923084,57.25538461538464,801.5753846154548,858.8307692308445,否
605,B6T0000000247,E4,6,11,45,2,深位,521520.0,522378.83076923084,522436.08615384623,57.25538461538464,858.8307692308445,916.0861538462341,否
604,B6T0000000247,E4,6,12,45,2,浅位,521520.0,522436.08615384623,522493.3415384616,57.25538461538464,916.0861538462341,973.3415384616237,否
598,B6T0000000247,E4,6,12,45,2,深位,521520.0,522493.3415384616,522550.596923077,57.25538461538464,973.3415384616237,1030.5969230770133,否
3574,B6T0000000546,E3,6,11,15,5,浅位,523920.0,523920.0,523940.5230769231,20.52307692307692,0.0,20.523076923098415,否
3575,B6T0000000546,E3,6,11,15,5,深位,523920.0,523940.5230769231,523961.0461538462,20.52307692307692,20.523076923098415,41.04615384619683,否
3439,B6T0000001323,E1,6,11,8,2,浅位,528060.0,528060.0,528071.2553846154,11.255384615384614,0.0,11.25538461538963,否
3438,B6T0000001323,E1,6,11,8,2,深位,528060.0,528071.2553846154,528082.5107692308,11.255384615384614,11.25538461538963,22.51076923077926,否
2267,B6T0000001742,E1,6,11,4,6,深位,534000.0,534000.0,534010.0738461538,10.073846153846155,0.0,10.073846153798513,否
2271,B6T0000001742,E1,6,11,2,10,深位,534000.0,534010.0738461538,534020.1969230769,10.123076923076923,10.073846153798513,20.196923076873645,否
2270,B6T0000001742,E1,6,11,3,9,浅位,534000.0,534020.1969230769,534030.6153846154,10.418461538461539,20.196923076873645,30.61538461537566,否
2266,B6T0000001742,E1,6,11,3,9,深位,534000.0,534030.6153846154,534041.0338461539,10.418461538461539,30.61538461537566,41.033846153877676,否
2269,B6T0000001742,E1,6,12,3,9,浅位,534000.0,534041.0338461539,534051.4523076924,10.418461538461539,41.033846153877676,51.45230769237969,否
2268,B6T0000001742,E1,6,12,3,9,深位,534000.0,534051.4523076924,534061.8707692309,10.418461538461539,51.45230769237969,61.870769230881706,否
2499,B6T0000000257,E4,6,12,45,3,浅位,543720.0,543720.0,543777.5753846153,57.57538461538464,0.0,57.57538461533841,否
2498,B6T0000000257,E4,6,12,45,3,深位,543720.0,543777.5753846153,543835.1507692307,57.57538461538464,57.57538461533841,115.15076923067681,否
2497,B6T0000000257,E4,6,11,43,20,深位,543720.0,543835.1507692307,543895.0892307691,59.93846153846156,115.15076923067681,175.08923076908104,否
2098,B6T0000000116,E4,6,11,45,3,浅位,548100.0,548100.0,548157.5753846153,57.57538461538464,0.0,57.57538461533841,否
2097,B6T0000000116,E4,6,11,45,3,深位,548100.0,548157.5753846153,548215.1507692307,57.57538461538464,57.57538461533841,115.15076923067681,否
2476,B6T0000000337,E3,6,11,10,10,深位,550920.0,550920.0,550935.9692307692,15.96923076923077,0.0,15.969230769202113,否
2477,B6T0000000337,E3,6,12,10,10,浅位,550920.0,550935.9692307692,550951.9384615384,15.96923076923077,15.969230769202113,31.938461538404226,否
2475,B6T0000000337,E3,6,11,18,18,浅位,550920.0,550951.9384615384,550980.3138461538,28.37538461538462,31.938461538404226,60.3138461537892,否
2479,B6T0000000337,E3,6,11,18,18,深位,550920.0,550980.3138461538,551008.6892307692,28.37538461538462,60.3138461537892,88.68923076917417,否
2478,B6T0000000337,E3,6,11,10,67,深位,550920.0,551008.6892307692,551042.8984615384,34.20923076923077,88.68923076917417,122.89846153836697,否
3009,B6T0000001605,E1,6,11,4,2,浅位,553380.0,553380.0,553388.7938461539,8.793846153846154,0.0,8.793846153886989,否
3007,B6T0000001605,E1,6,11,4,2,深位,553380.0,553388.7938461539,553397.5876923078,8.793846153846154,8.793846153886989,17.587692307773978,否
3008,B6T0000001605,E1,6,12,8,1,深位,553380.0,553397.5876923078,553408.5230769232,10.935384615384615,17.587692307773978,28.52307692321483,否
672,B6T0000001180,E3,6,11,11,9,浅位,554280.0,554280.0,554296.88,16.88,0.0,16.880000000004657,否
1253,B6T0000000799,E3,6,11,16,9,浅位,555960.0,556184.6276923079,556207.6615384618,23.033846153846152,224.62769230792765,247.66153846180532,否
2914,B6T0000000552,E3,6,12,10,10,深位,556200.0,556207.6615384618,556223.630769231,15.96923076923077,7.661538461805321,23.630769231007434,否
2916,B6T0000000552,E3,6,11,14,2,浅位,556200.0,556223.630769231,556241.9630769233,18.332307692307694,23.630769231007434,41.963076923275366,否
2915,B6T0000000552,E3,6,11,14,2,深位,556200.0,556241.9630769233,556260.2953846155,18.332307692307694,41.963076923275366,60.2953846155433,否
1252,B6T0000000799,E3,6,11,16,9,深位,555960.0,556260.2953846155,556283.3292307694,23.033846153846152,300.2953846155433,323.329230769421,否
1251,B6T0000000799,E3,6,12,16,9,浅位,555960.0,556283.3292307694,556306.3630769233,23.033846153846152,323.329230769421,346.36307692329865,否
1259,B6T0000000799,E3,6,12,16,9,深位,555960.0,556306.3630769233,556329.3969230772,23.033846153846152,346.36307692329865,369.3969230771763,否
2308,B6T0000001748,E1,6,11,6,13,浅位,558300.0,558354.1784615386,558367.7230769233,13.544615384615385,54.178461538627744,67.72307692328468,否
2310,B6T0000001748,E1,6,11,6,13,深位,558300.0,558367.7230769233,558381.2676923079,13.544615384615385,67.72307692328468,81.26769230794162,否
1070,B6T0000000178,E4,6,12,43,7,浅位,558720.0,558720.0,558775.7784615385,55.77846153846156,0.0,55.778461538488045,否
1071,B6T0000000178,E4,6,12,43,7,深位,558720.0,558775.7784615385,558831.556923077,55.77846153846156,55.778461538488045,111.55692307697609,否
3463,B6T0000000493,E3,6,12,13,24,深位,574680.0,574680.0,574704.1415384616,24.141538461538463,0.0,24.141538461553864,否
3462,B6T0000000493,E3,6,11,24,3,浅位,574680.0,574704.1415384616,574735.1015384615,30.960000000000008,24.141538461553864,55.10153846151661,否
1485,B6T0000000758,E3,7,13,13,15,浅位,4740.0,4910.092307692306,4931.353846153845,21.26153846153846,170.09230769230635,191.35384615384464,否
1486,B6T0000000758,E3,7,13,13,15,深位,4740.0,4931.353846153845,4952.615384615383,21.26153846153846,191.35384615384464,212.61538461538294,否
1487,B6T0000000758,E3,7,14,13,15,浅位,4740.0,4952.615384615383,4973.876923076921,21.26153846153846,212.61538461538294,233.87692307692123,否
1491,B6T0000000758,E3,7,14,13,15,深位,4740.0,4973.876923076921,4995.1384615384595,21.26153846153846,233.87692307692123,255.13846153845952,否
2528,B6T0000001776,E1,7,13,5,18,浅位,7500.0,7500.0,7514.529230769231,14.529230769230768,0.0,14.529230769230708,否
2529,B6T0000001776,E1,7,13,5,18,深位,7500.0,7514.529230769231,7529.058461538461,14.529230769230768,14.529230769230708,29.058461538461415,否
2527,B6T0000001776,E1,7,14,5,18,浅位,7500.0,7529.058461538461,7543.587692307692,14.529230769230768,29.058461538461415,43.58769230769212,否
2526,B6T0000001776,E1,7,14,5,18,深位,7500.0,7543.587692307692,7558.116923076923,14.529230769230768,43.58769230769212,58.11692307692283,否
586,B6T0000001238,E3,7,13,15,4,浅位,19080.0,19322.436923076923,19342.64,20.20307692307692,242.43692307692254,262.6399999999994,否
585,B6T0000001238,E3,7,13,15,4,深位,19080.0,19342.64,19362.843076923076,20.20307692307692,262.6399999999994,282.8430769230763,否
584,B6T0000001238,E3,7,14,15,4,浅位,19080.0,19362.843076923076,19383.046153846153,20.20307692307692,282.8430769230763,303.0461538461532,否
583,B6T0000001238,E3,7,14,15,4,深位,19080.0,19383.046153846153,19403.24923076923,20.20307692307692,303.0461538461532,323.24923076923005,否
711,B6T0000000313,E4,7,13,44,4,浅位,19560.0,19560.0,19616.356923076924,56.3569230769231,0.0,56.35692307692443,否
705,B6T0000000313,E4,7,13,44,4,深位,19560.0,19616.356923076924,19672.71384615385,56.3569230769231,56.35692307692443,112.71384615384886,否
706,B6T0000000313,E4,7,14,44,4,浅位,19560.0,19672.71384615385,19729.070769230773,56.3569230769231,112.71384615384886,169.0707692307733,否
707,B6T0000000313,E4,7,14,44,4,深位,19560.0,19729.070769230773,19785.427692307698,56.3569230769231,169.0707692307733,225.42769230769773,否
892,B6T0000000488,E3,7,13,12,9,浅位,25680.0,25716.22153846154,25734.33230769231,18.11076923076923,36.22153846154106,54.33230769231159,否
891,B6T0000000488,E3,7,13,12,9,深位,25680.0,25734.33230769231,25752.443076923082,18.11076923076923,54.33230769231159,72.44307692308212,否
890,B6T0000000488,E3,7,14,12,9,浅位,25680.0,25752.443076923082,25770.553846153853,18.11076923076923,72.44307692308212,90.55384615385265,否
889,B6T0000000488,E3,7,14,12,9,深位,25680.0,25770.553846153853,25788.664615384623,18.11076923076923,90.55384615385265,108.66461538462318,否
746,B6T0000000140,E4,7,13,45,3,浅位,25680.0,26251.52000000001,26309.095384615397,57.57538461538464,571.5200000000114,629.095384615397,否
734,B6T0000000140,E4,7,13,45,3,深位,25680.0,26309.095384615397,26366.670769230783,57.57538461538464,629.095384615397,686.6707692307828,否
745,B6T0000000140,E4,7,14,45,3,浅位,25680.0,26366.670769230783,26424.24615384617,57.57538461538464,686.6707692307828,744.2461538461685,否
751,B6T0000000140,E4,7,14,45,3,深位,25680.0,26424.24615384617,26481.821538461554,57.57538461538464,744.2461538461685,801.8215384615542,否
3058,B6T0000001131,E3,7,14,16,33,浅位,26820.0,26820.0,26850.713846153845,30.713846153846152,0.0,30.713846153845225,否
3060,B6T0000001131,E3,7,14,16,33,深位,26820.0,26850.713846153845,26881.42769230769,30.713846153846152,30.713846153845225,61.42769230769045,否
3553,B6T0000000333,E3,7,14,12,54,浅位,32580.0,32580.0,32612.51076923077,32.51076923076923,0.0,32.51076923076835,否
3552,B6T0000000333,E3,7,14,12,54,深位,32580.0,32612.51076923077,32645.021538461537,32.51076923076923,32.51076923076835,65.0215384615367,否
2699,B6T0000001043,E3,7,13,25,18,浅位,35220.0,35220.0,35256.99076923077,36.99076923076923,0.0,36.99076923076791,否
2696,B6T0000001043,E3,7,13,25,18,深位,35220.0,35256.99076923077,35293.981538461536,36.99076923076923,36.99076923076791,73.98153846153582,否
2697,B6T0000001043,E3,7,14,25,18,浅位,35220.0,35293.981538461536,35330.972307692304,36.99076923076923,73.98153846153582,110.97230769230373,否
2698,B6T0000001043,E3,7,14,25,18,深位,35220.0,35330.972307692304,35367.96307692307,36.99076923076923,110.97230769230373,147.96307692307164,否
2796,B6T0000001494,E1,7,13,1,26,浅位,36360.0,36389.25538461539,36403.883076923084,14.627692307692309,29.25538461538963,43.883076923084445,否
2799,B6T0000001494,E1,7,13,1,26,深位,36360.0,36403.883076923084,36418.51076923078,14.627692307692309,43.883076923084445,58.51076923077926,否
2868,B6T0000000221,E4,7,13,44,22,浅位,38940.0,38940.0,39002.11692307692,62.1169230769231,0.0,62.11692307692283,否
2870,B6T0000000221,E4,7,13,44,22,深位,38940.0,39002.11692307692,39064.233846153846,62.1169230769231,62.11692307692283,124.23384615384566,否
2869,B6T0000000221,E4,7,14,44,22,浅位,38940.0,39064.233846153846,39126.35076923077,62.1169230769231,124.23384615384566,186.3507692307685,否
2871,B6T0000000221,E4,7,14,44,22,深位,38940.0,39126.35076923077,39188.46769230769,62.1169230769231,186.3507692307685,248.46769230769132,否
3362,B6T0000001358,E1,7,13,5,41,浅位,41400.0,41400.0,41421.88923076923,21.88923076923077,0.0,21.88923076922947,否
3363,B6T0000001358,E1,7,13,5,41,深位,41400.0,41421.88923076923,41443.77846153846,21.88923076923077,21.88923076922947,43.77846153845894,否
2104,B6T0000001607,E1,7,13,5,11,浅位,43440.0,43519.85538461538,43553.913846153846,34.05846153846155,79.8553846153809,113.91384615384595,是
2103,B6T0000001607,E1,7,13,5,11,深位,43440.0,43587.972307692304,43622.03076923077,34.05846153846155,147.97230769230373,182.03076923076878,是
2105,B6T0000001607,E1,7,14,5,11,浅位,43440.0,43656.08923076923,43690.14769230769,34.05846153846155,216.08923076922656,250.1476923076916,是
2101,B6T0000001607,E1,7,14,5,11,深位,43440.0,43724.65538461538,43759.16307692307,34.507692307692324,284.65538461537653,319.16307692306873,是
3016,B6T0000000570,E3,7,13,31,17,浅位,54300.0,54300.0,54344.055384615385,44.055384615384625,0.0,44.055384615385265,否
3018,B6T0000000570,E3,7,13,31,17,深位,54300.0,54344.055384615385,54388.11076923077,44.055384615384625,44.055384615385265,88.11076923077053,否
1936,B6T0000001937,E1,7,14,6,9,浅位,54360.0,54388.11076923077,54400.375384615385,12.264615384615384,28.11076923077053,40.375384615384974,否
1937,B6T0000001937,E1,7,14,6,9,深位,54360.0,54400.375384615385,54412.64,12.264615384615384,40.375384615384974,52.63999999999942,否
3017,B6T0000000570,E3,7,14,31,17,浅位,54300.0,54412.64,54456.695384615385,44.055384615384625,112.63999999999942,156.69538461538468,否
2169,B6T0000001942,E1,7,13,5,12,浅位,55560.0,55635.655384615384,55648.264615384614,12.60923076923077,75.65538461538381,88.26461538461444,否
1541,B6T0000000088,E4,7,14,44,9,浅位,55680.0,55680.0,55737.95692307693,57.956923076923104,0.0,57.956923076926614,否
1538,B6T0000000088,E4,7,14,44,9,深位,55680.0,55737.95692307693,55795.91384615385,57.956923076923104,57.956923076926614,115.91384615385323,否
289,B6T0000001196,E3,7,13,12,6,浅位,55860.0,55913.12000000001,55930.27076923078,17.150769230769228,53.120000000009895,70.2707692307813,否
442,B6T0000000678,E3,7,13,9,10,浅位,56280.0,56594.32615384613,56609.06461538459,14.738461538461538,314.3261538461302,329.06461538458825,否
435,B6T0000000678,E3,7,13,9,10,深位,56280.0,56609.06461538459,56623.803076923046,14.738461538461538,329.06461538458825,343.8030769230463,否
434,B6T0000000678,E3,7,13,17,1,浅位,56280.0,56623.803076923046,56645.50769230766,21.704615384615384,343.8030769230463,365.5076923076631,否
433,B6T0000000678,E3,7,13,17,1,深位,56280.0,56645.50769230766,56667.21230769228,21.704615384615384,365.5076923076631,387.21230769227986,否
436,B6T0000000678,E3,7,14,17,1,浅位,56280.0,56667.21230769228,56688.9169230769,21.704615384615384,387.21230769227986,408.91692307689664,否
2015,B6T0000001110,E3,7,13,26,7,浅位,86400.0,86574.3753846154,86612.59692307694,38.221538461538465,174.37538461539953,212.59692307694058,是
2016,B6T0000001110,E3,7,13,26,7,深位,86400.0,86632.35692307694,86670.57846153848,38.221538461538465,232.35692307693535,270.5784615384764,是
2019,B6T0000001110,E3,7,14,26,7,浅位,86400.0,86690.33846153847,86728.56000000001,38.221538461538465,290.33846153847117,328.5600000000122,是
2013,B6T0000001110,E3,7,14,26,7,深位,86400.0,86748.34461538463,86787.82153846155,39.47692307692308,348.34461538463074,387.8215384615469,是
1473,B6T0000000631,E3,7,13,24,3,浅位,86520.0,86881.18153846162,86912.14153846163,30.960000000000008,361.1815384616202,392.1415384616266,否
1469,B6T0000000631,E3,7,13,24,3,深位,86520.0,86912.14153846163,86943.10153846163,30.960000000000008,392.1415384616266,423.101538461633,否
1481,B6T0000000631,E3,7,14,24,3,浅位,86520.0,86943.10153846163,86974.06153846164,30.960000000000008,423.101538461633,454.06153846163943,否
3696,B6T0000001826,E1,7,14,2,56,浅位,88320.0,88320.0,88344.84307692308,24.843076923076925,0.0,24.843076923076296,否
3697,B6T0000001826,E1,7,14,2,56,深位,88320.0,88344.84307692308,88369.68615384615,24.843076923076925,24.843076923076296,49.68615384615259,否
407,B6T0000000471,E3,7,13,16,2,浅位,88740.0,88781.58769230769,88802.38153846153,20.793846153846154,41.587692307686666,62.38153846153,否
404,B6T0000000471,E3,7,13,16,2,深位,88740.0,88802.38153846153,88823.17538461537,20.793846153846154,62.38153846153,83.17538461537333,否
405,B6T0000000471,E3,7,14,16,2,浅位,88740.0,88823.17538461537,88843.96923076922,20.793846153846154,83.17538461537333,103.96923076921667,否
406,B6T0000000471,E3,7,14,16,2,深位,88740.0,88843.96923076922,88864.76307692306,20.793846153846154,103.96923076921667,124.76307692306,否
2952,B6T0000001640,E1,7,14,5,27,浅位,89280.0,89280.0,89297.40923076923,17.40923076923077,0.0,17.409230769233545,否
2951,B6T0000001640,E1,7,14,5,27,深位,89280.0,89297.40923076923,89314.81846153847,17.40923076923077,17.409230769233545,34.81846153846709,否
1830,B6T0000001148,E3,7,13,9,10,浅位,91860.0,91860.0,91874.73846153847,14.738461538461538,0.0,14.738461538465344,否
1824,B6T0000001148,E3,7,13,9,10,深位,91860.0,91874.73846153847,91889.47692307693,14.738461538461538,14.738461538465344,29.47692307693069,否
1831,B6T0000001148,E3,7,13,12,6,浅位,91860.0,91889.47692307693,91906.6276923077,17.150769230769228,29.47692307693069,46.627692307694815,否
1826,B6T0000001148,E3,7,13,17,1,浅位,91860.0,91906.6276923077,91928.33230769231,21.704615384615384,46.627692307694815,68.33230769231159,否
1827,B6T0000001148,E3,7,13,17,1,深位,91860.0,91928.33230769231,91950.03692307693,21.704615384615384,68.33230769231159,90.03692307692836,否
1828,B6T0000001148,E3,7,14,17,1,浅位,91860.0,91950.03692307693,91971.74153846155,21.704615384615384,90.03692307692836,111.74153846154513,否
3658,B6T0000001038,E3,7,14,14,55,浅位,99420.0,99420.0,99455.2923076923,35.292307692307695,0.0,35.29230769230344,否
3659,B6T0000001038,E3,7,14,14,55,深位,99420.0,99455.2923076923,99490.5846153846,35.292307692307695,35.29230769230344,70.58461538460688,否
1057,B6T0000001185,E3,7,13,19,4,浅位,106380.0,106380.0,106405.12615384615,25.126153846153848,0.0,25.12615384615492,否
1058,B6T0000001185,E3,7,13,19,4,深位,106380.0,106405.12615384615,106430.25230769231,25.126153846153848,25.12615384615492,50.25230769230984,否
1067,B6T0000001185,E3,7,14,19,4,浅位,106380.0,106430.25230769231,106455.37846153846,25.126153846153848,50.25230769230984,75.37846153846476,否
1056,B6T0000001185,E3,7,14,19,4,深位,106380.0,106455.37846153846,106480.50461538462,25.126153846153848,75.37846153846476,100.50461538461968,否
2631,B6T0000000942,E3,7,14,16,26,浅位,108420.0,108420.0,108448.47384615385,28.473846153846154,0.0,28.4738461538509,否
2628,B6T0000000942,E3,7,14,16,26,深位,108420.0,108448.47384615385,108476.9476923077,28.473846153846154,28.4738461538509,56.9476923077018,否
2572,B6T0000000647,E3,7,13,14,27,浅位,111780.0,111780.0,111806.33230769231,26.332307692307694,0.0,26.332307692311588,否
2573,B6T0000000647,E3,7,13,14,27,深位,111780.0,111806.33230769231,111832.66461538462,26.332307692307694,26.332307692311588,52.664615384623175,否
2571,B6T0000000647,E3,7,14,14,27,浅位,111780.0,111832.66461538462,111858.99692307693,26.332307692307694,52.664615384623175,78.99692307693476,否
2570,B6T0000000647,E3,7,14,14,27,深位,111780.0,111858.99692307693,111885.32923076925,26.332307692307694,78.99692307693476,105.32923076924635,否
3358,B6T0000000487,E3,7,13,12,9,浅位,122220.0,122220.0,122238.11076923077,18.11076923076923,0.0,18.11076923077053,否
3359,B6T0000000487,E3,7,13,12,9,深位,122220.0,122238.11076923077,122256.22153846154,18.11076923076923,18.11076923077053,36.22153846154106,否
3607,B6T0000001654,E1,7,14,4,52,浅位,124320.0,124320.0,124344.79384615384,24.793846153846154,0.0,24.793846153843333,否
3606,B6T0000001654,E1,7,14,4,52,深位,124320.0,124344.79384615384,124369.58769230769,24.793846153846154,24.793846153843333,49.587692307686666,否
2806,B6T0000001268,E3,7,13,34,10,浅位,126240.0,126240.0,126285.5076923077,45.507692307692324,0.0,45.50769230769947,否
2805,B6T0000001268,E3,7,13,34,10,深位,126240.0,126285.5076923077,126331.0153846154,45.507692307692324,45.50769230769947,91.01538461539894,否
2804,B6T0000001268,E3,7,14,34,10,浅位,126240.0,126331.0153846154,126376.5230769231,45.507692307692324,91.01538461539894,136.52307692309842,否
2807,B6T0000001268,E3,7,14,34,10,深位,126240.0,126376.5230769231,126422.0307692308,45.507692307692324,136.52307692309842,182.0307692307979,否
1045,B6T0000001052,E3,7,13,17,6,浅位,130740.0,130833.21846153849,130856.52307692311,23.304615384615385,93.21846153849037,116.52307692311297,否
1042,B6T0000001052,E3,7,13,17,6,深位,130740.0,130856.52307692311,130879.82769230774,23.304615384615385,116.52307692311297,139.82769230773556,否
1032,B6T0000001052,E3,7,14,17,6,浅位,130740.0,130879.82769230774,130903.13230769236,23.304615384615385,139.82769230773556,163.13230769235815,否
1031,B6T0000001052,E3,7,14,17,6,深位,130740.0,130903.13230769236,130926.43692307698,23.304615384615385,163.13230769235815,186.43692307698075,否
3656,B6T0000000704,E3,7,14,9,21,深位,131880.0,131880.0,131898.25846153847,18.25846153846154,0.0,18.25846153846942,否
3657,B6T0000000704,E3,7,13,13,15,浅位,131880.0,131898.25846153847,131919.52000000002,21.26153846153846,18.25846153846942,39.52000000001863,否
3632,B6T0000000436,E3,7,14,29,39,浅位,134700.0,134700.0,134748.63384615385,48.633846153846164,0.0,48.63384615385439,否
3633,B6T0000000436,E3,7,14,29,39,深位,134700.0,134748.63384615385,134797.2676923077,48.633846153846164,48.63384615385439,97.26769230770878,否
2522,B6T0000001186,E3,7,14,30,10,浅位,136200.0,136200.0,136240.5846153846,40.5846153846154,0.0,40.58461538460688,否
2521,B6T0000001186,E3,7,14,30,10,深位,136200.0,136240.5846153846,136281.1692307692,40.5846153846154,40.58461538460688,81.16923076921375,否
552,B6T0000001827,E1,7,14,2,4,浅位,140580.0,140580.0,140588.2030769231,8.203076923076923,0.0,8.20307692309143,否
558,B6T0000001827,E1,7,14,2,4,深位,140580.0,140588.2030769231,140596.40615384618,8.203076923076923,8.20307692309143,16.40615384618286,否
3098,B6T0000001767,E1,7,13,5,31,浅位,140580.0,140642.15384615384,140660.84307692308,18.689230769230768,62.153846153843915,80.8430769230763,否
2415,B6T0000001130,E3,7,13,34,4,浅位,172500.0,172500.0,172543.5876923077,43.58769230769232,0.0,43.587692307686666,否
2416,B6T0000001130,E3,7,13,34,4,深位,172500.0,172543.5876923077,172587.17538461537,43.58769230769232,43.587692307686666,87.17538461537333,否
2417,B6T0000001130,E3,7,14,34,4,浅位,172500.0,172587.17538461537,172630.76307692306,43.58769230769232,87.17538461537333,130.76307692306,否
2418,B6T0000001130,E3,7,14,34,4,深位,172500.0,172630.76307692306,172674.35076923075,43.58769230769232,130.76307692306,174.35076923074666,否
357,B6T0000001370,E1,7,13,3,3,浅位,173100.0,173150.99076923076,173159.48923076922,8.498461538461537,50.990769230760634,59.48923076922074,否
351,B6T0000001370,E1,7,13,3,3,深位,173100.0,173159.48923076922,173167.98769230768,8.498461538461537,59.48923076922074,67.98769230768085,否
359,B6T0000001370,E1,7,14,3,3,浅位,173100.0,173167.98769230768,173176.48615384614,8.498461538461537,67.98769230768085,76.48615384614095,否
353,B6T0000001370,E1,7,14,3,3,深位,173100.0,173176.48615384614,173184.9846153846,8.498461538461537,76.48615384614095,84.98461538460106,否
3082,B6T0000001138,E3,7,14,38,11,浅位,173160.0,173184.9846153846,173235.73538461537,50.75076923076925,24.984615384601057,75.735384615371,否
3083,B6T0000001138,E3,7,14,38,11,深位,173160.0,173235.73538461537,173286.48615384614,50.75076923076925,75.735384615371,126.48615384614095,否
3208,B6T0000000893,E3,7,13,30,23,浅位,173520.0,173520.0,173564.7446153846,44.74461538461539,0.0,44.74461538461037,否
3209,B6T0000000893,E3,7,13,30,23,深位,173520.0,173564.7446153846,173609.48923076922,44.74461538461539,44.74461538461037,89.48923076922074,否
3675,B6T0000000514,E3,7,13,15,4,深位,173580.0,173609.48923076922,173629.6923076923,20.20307692307692,29.48923076922074,49.69230769231217,否
3674,B6T0000000514,E3,7,14,15,4,浅位,173580.0,173629.6923076923,173649.8953846154,20.20307692307692,49.69230769231217,69.8953846154036,否
3210,B6T0000000893,E3,7,14,30,23,浅位,173520.0,173649.8953846154,173694.64,44.74461538461539,129.8953846154036,174.64000000001397,否
1778,B6T0000001122,E3,7,14,23,7,浅位,173760.0,173760.0,173791.00923076924,31.009230769230776,0.0,31.009230769239366,否
1780,B6T0000001122,E3,7,14,23,7,深位,173760.0,173791.00923076924,173822.01846153848,31.009230769230776,31.009230769239366,62.01846153847873,否
1913,B6T0000000403,E3,7,14,28,4,浅位,174000.0,174000.0,174036.2030769231,36.20307692307693,0.0,36.20307692309143,否
1914,B6T0000000403,E3,7,14,28,4,深位,174000.0,174036.2030769231,174072.40615384618,36.20307692307693,36.20307692309143,72.40615384618286,否
995,B6T0000001090,E3,7,13,11,12,浅位,174180.0,174215.68,174233.52,17.84,35.679999999993015,53.51999999998952,否
996,B6T0000001090,E3,7,13,11,12,深位,174180.0,174233.52,174251.36,17.84,53.51999999998952,71.35999999998603,否
1000,B6T0000001090,E3,7,14,11,12,浅位,174180.0,174251.36,174269.19999999998,17.84,71.35999999998603,89.19999999998254,否
997,B6T0000001090,E3,7,14,11,12,深位,174180.0,174269.19999999998,174287.03999999998,17.84,89.19999999998254,107.03999999997905,否
770,B6T0000000843,E3,7,13,15,5,浅位,174120.0,174792.97846153838,174813.50153846145,20.52307692307692,672.9784615383833,693.5015384614526,否
769,B6T0000000843,E3,7,13,15,5,深位,174120.0,174813.50153846145,174834.02461538452,20.52307692307692,693.5015384614526,714.0246153845219,否
768,B6T0000000843,E3,7,14,15,5,浅位,174120.0,174834.02461538452,174854.5476923076,20.52307692307692,714.0246153845219,734.5476923075912,否
765,B6T0000000843,E3,7,14,15,5,深位,174120.0,174854.5476923076,174875.07076923066,20.52307692307692,734.5476923075912,755.0707692306605,否
2214,B6T0000001272,E3,7,13,9,27,浅位,175380.0,175460.7138461538,175480.89230769227,20.178461538461537,80.71384615381248,100.8923076922656,否
2215,B6T0000001272,E3,7,13,9,27,深位,175380.0,175480.89230769227,175501.07076923072,20.178461538461537,100.8923076922656,121.07076923071872,否
2216,B6T0000001272,E3,7,14,9,27,浅位,175380.0,175501.07076923072,175521.24923076917,20.178461538461537,121.07076923071872,141.24923076917185,否
2455,B6T0000001943,E1,7,13,1,19,浅位,181500.0,181539.5015384616,181551.8892307693,12.387692307692308,39.5015384615981,51.88923076930223,否
2456,B6T0000001943,E1,7,13,1,19,深位,181500.0,181551.8892307693,181564.276923077,12.387692307692308,51.88923076930223,64.27692307700636,否
2609,B6T0000000322,E3,7,14,36,5,浅位,185040.0,185040.0,185086.36923076923,46.36923076923078,0.0,46.369230769225396,否
2610,B6T0000000322,E3,7,14,36,5,深位,185040.0,185086.36923076923,185132.73846153845,46.36923076923078,46.369230769225396,92.73846153845079,否
1417,B6T0000000947,E3,7,14,12,15,浅位,188580.0,188580.0,188600.03076923077,20.03076923076923,0.0,20.030769230768783,否
1428,B6T0000000947,E3,7,14,12,15,深位,188580.0,188600.03076923077,188620.06153846154,20.03076923076923,20.030769230768783,40.061538461537566,否
3025,B6T0000000103,E4,7,13,44,25,浅位,190080.0,190080.0,190143.07692307694,63.0769230769231,0.0,63.07692307693651,否
3027,B6T0000000103,E4,7,13,44,25,深位,190080.0,190143.07692307694,190206.15384615387,63.0769230769231,63.07692307693651,126.15384615387302,否
3026,B6T0000000103,E4,7,14,44,25,浅位,190080.0,190206.15384615387,190269.2307692308,63.0769230769231,126.15384615387302,189.23076923080953,否
3615,B6T0000000449,E3,7,13,37,30,浅位,192720.0,192720.0,192775.6,55.600000000000016,0.0,55.60000000000582,否
3614,B6T0000000449,E3,7,13,37,30,深位,192720.0,192775.6,192831.2,55.600000000000016,55.60000000000582,111.20000000001164,否
2902,B6T0000000326,E3,7,13,9,38,浅位,193500.0,193547.39692307694,193571.09538461542,23.698461538461537,47.396923076943494,71.09538461541524,否
1707,B6T0000001409,E1,7,14,4,8,浅位,194220.0,194220.0,194230.71384615384,10.713846153846154,0.0,10.713846153841587,否
1708,B6T0000001409,E1,7,14,4,8,深位,194220.0,194230.71384615384,194241.42769230768,10.713846153846154,10.713846153841587,21.427692307683174,否
905,B6T0000000411,E3,7,14,14,7,浅位,194580.0,194580.0,194599.9323076923,19.932307692307692,0.0,19.932307692302857,否
903,B6T0000000411,E3,7,14,14,7,深位,194580.0,194599.9323076923,194619.8646153846,19.932307692307692,19.932307692302857,39.86461538460571,否
2487,B6T0000000435,E3,7,13,36,3,浅位,194760.0,194760.0,194805.72923076924,45.72923076923078,0.0,45.72923076924053,否
2489,B6T0000000435,E3,7,13,36,3,深位,194760.0,194805.72923076924,194851.45846153848,45.72923076923078,45.72923076924053,91.45846153848106,否
2488,B6T0000000435,E3,7,14,36,3,浅位,194760.0,194851.45846153848,194897.18769230772,45.72923076923078,91.45846153848106,137.1876923077216,否
2486,B6T0000000435,E3,7,14,36,3,深位,194760.0,194897.18769230772,194942.91692307696,45.72923076923078,137.1876923077216,182.91692307696212,否
1870,B6T0000000931,E3,7,13,20,12,浅位,194940.0,195113.5015384616,195142.41846153853,28.91692307692308,173.5015384615981,202.41846153853112,否
1869,B6T0000000931,E3,7,13,20,12,深位,194940.0,195142.41846153853,195171.33538461546,28.91692307692308,202.41846153853112,231.33538461546414,否
1502,B6T0000000905,E3,7,13,14,14,浅位,195660.0,195748.68923076917,195770.86153846147,22.17230769230769,88.68923076917417,110.86153846146772,否
1501,B6T0000000905,E3,7,13,14,14,深位,195660.0,195770.86153846147,195793.03384615376,22.17230769230769,110.86153846146772,133.03384615376126,否
1500,B6T0000000905,E3,7,14,14,14,浅位,195660.0,195793.03384615376,195815.20615384605,22.17230769230769,133.03384615376126,155.2061538460548,否
1499,B6T0000000905,E3,7,14,14,14,深位,195660.0,195815.20615384605,195837.37846153835,22.17230769230769,155.2061538460548,177.37846153834835,否
1353,B6T0000001367,E1,7,13,2,7,浅位,198960.0,199066.61538461543,199075.77846153852,9.163076923076924,106.61538461543387,115.77846153851715,否
1352,B6T0000001367,E1,7,13,2,7,深位,198960.0,199075.77846153852,199084.9415384616,9.163076923076924,115.77846153851715,124.94153846160043,否
1360,B6T0000001367,E1,7,14,2,7,浅位,198960.0,199084.9415384616,199094.10461538468,9.163076923076924,124.94153846160043,134.1046153846837,否
1359,B6T0000001367,E1,7,14,2,7,深位,198960.0,199094.10461538468,199103.26769230777,9.163076923076924,134.1046153846837,143.267692307767,否
3495,B6T0000000600,E3,7,14,29,34,浅位,199860.0,199860.0,199907.03384615385,47.03384615384616,0.0,47.03384615384857,否
3494,B6T0000000600,E3,7,14,29,34,深位,199860.0,199907.03384615385,199954.0676923077,47.03384615384616,47.03384615384857,94.06769230769714,否
1147,B6T0000000395,E3,7,13,16,8,浅位,202560.0,203094.62153846154,203117.33538461538,22.713846153846152,534.6215384615352,557.3353846153768,否
1148,B6T0000000395,E3,7,13,16,8,深位,202560.0,203117.33538461538,203140.04923076922,22.713846153846152,557.3353846153768,580.0492307692184,否
1138,B6T0000000395,E3,7,14,16,8,浅位,202560.0,203140.04923076922,203162.76307692306,22.713846153846152,580.0492307692184,602.76307692306,否
1139,B6T0000000395,E3,7,14,16,8,深位,202560.0,203162.76307692306,203185.4769230769,22.713846153846152,602.76307692306,625.4769230769016,否
819,B6T0000001427,E1,7,13,4,4,浅位,203940.0,204053.2061538461,204062.63999999996,9.433846153846154,113.20615384611301,122.63999999995576,否
818,B6T0000001427,E1,7,13,4,4,深位,203940.0,204062.63999999996,204072.0738461538,9.433846153846154,122.63999999995576,132.0738461537985,否
817,B6T0000001427,E1,7,14,4,4,浅位,203940.0,204072.0738461538,204081.50769230764,9.433846153846154,132.0738461537985,141.50769230764126,否
816,B6T0000001427,E1,7,14,4,4,深位,203940.0,204081.50769230764,204090.94153846148,9.433846153846154,141.50769230764126,150.94153846148401,否
3254,B6T0000001694,E1,7,13,1,26,浅位,207420.0,207420.0,207434.6276923077,14.627692307692309,0.0,14.627692307694815,否
3255,B6T0000001694,E1,7,13,1,26,深位,207420.0,207434.6276923077,207449.2553846154,14.627692307692309,14.627692307694815,29.25538461538963,否
1678,B6T0000001195,E3,7,13,27,2,浅位,213960.0,214097.3292307692,214131.66153846149,34.332307692307694,137.32923076918814,171.66153846148518,否
1679,B6T0000001195,E3,7,13,27,2,深位,213960.0,214131.66153846149,214165.99384615378,34.332307692307694,171.66153846148518,205.99384615378221,否
1684,B6T0000001195,E3,7,14,27,2,浅位,213960.0,214165.99384615378,214200.32615384608,34.332307692307694,205.99384615378221,240.32615384607925,否
1683,B6T0000001195,E3,7,14,27,2,深位,213960.0,214200.32615384608,214234.65846153838,34.332307692307694,240.32615384607925,274.6584615383763,否
324,B6T0000001196,E3,7,13,12,6,深位,216480.0,216480.0,216497.15076923076,17.150769230769228,0.0,17.150769230764126,否
316,B6T0000001196,E3,7,14,12,6,浅位,216480.0,216497.15076923076,216514.30153846153,17.150769230769228,17.150769230764126,34.30153846152825,否
315,B6T0000001196,E3,7,14,12,6,深位,216480.0,216514.30153846153,216531.4523076923,17.150769230769228,34.30153846152825,51.45230769229238,否
3513,B6T0000000318,E4,7,14,44,9,浅位,216900.0,216900.0,216957.9569230769,57.956923076923104,0.0,57.95692307691206,否
3512,B6T0000000318,E4,7,14,44,9,深位,216900.0,216957.9569230769,217015.91384615382,57.956923076923104,57.95692307691206,115.91384615382412,否
3535,B6T0000000946,E3,7,14,24,3,浅位,217980.0,217980.0,218010.96,30.960000000000008,0.0,30.95999999999185,否
3534,B6T0000000946,E3,7,13,10,65,深位,217980.0,218010.96,218044.52923076923,33.56923076923077,30.95999999999185,64.52923076922889,否
2877,B6T0000001292,E3,7,13,16,2,浅位,220380.0,220380.0,220400.79384615386,20.793846153846154,0.0,20.793846153857885,否
2878,B6T0000001292,E3,7,13,16,2,深位,220380.0,220400.79384615386,220421.58769230772,20.793846153846154,20.793846153857885,41.58769230771577,否
2876,B6T0000001292,E3,7,14,16,2,浅位,220380.0,220421.58769230772,220442.38153846157,20.793846153846154,41.58769230771577,62.381538461573655,否
2879,B6T0000001292,E3,7,14,16,2,深位,220380.0,220442.38153846157,220463.17538461543,20.793846153846154,62.381538461573655,83.17538461543154,否
2124,B6T0000001478,E1,7,13,2,13,浅位,223500.0,223566.4984615384,223577.58153846147,11.083076923076923,66.4984615384019,77.58153846146888,否
3054,B6T0000001938,E1,7,13,4,30,浅位,223920.0,223920.0,223937.75384615385,17.753846153846155,0.0,17.753846153849736,否
3053,B6T0000001938,E1,7,13,4,30,深位,223920.0,223937.75384615385,223955.5076923077,17.753846153846155,17.753846153849736,35.50769230769947,否
3052,B6T0000001938,E1,7,14,4,30,浅位,223920.0,223955.5076923077,223973.26153846155,17.753846153846155,35.50769230769947,53.26153846154921,否
3315,B6T0000000135,E4,7,13,44,25,浅位,224940.0,224940.0,225003.07692307694,63.0769230769231,0.0,63.07692307693651,否
3314,B6T0000000135,E4,7,13,44,25,深位,224940.0,225003.07692307694,225066.15384615387,63.0769230769231,63.07692307693651,126.15384615387302,否
2715,B6T0000000081,E4,7,13,44,20,浅位,228060.0,228060.0,228121.47692307693,61.4769230769231,0.0,61.47692307693069,否
2713,B6T0000000081,E4,7,13,44,20,深位,228060.0,228121.47692307693,228182.95384615386,61.4769230769231,61.47692307693069,122.95384615386138,否
2714,B6T0000000081,E4,7,14,44,20,浅位,228060.0,228182.95384615386,228244.4307692308,61.4769230769231,122.95384615386138,184.43076923079207,否
2712,B6T0000000081,E4,7,14,44,20,深位,228060.0,228244.4307692308,228305.90769230772,61.4769230769231,184.43076923079207,245.90769230772275,否
175,B6T0000000810,E3,7,13,14,2,浅位,259440.0,259746.5692307694,259784.62769230787,38.05846153846155,306.56923076941166,344.62769230786944,是
154,B6T0000000810,E3,7,13,14,2,深位,259440.0,259822.68615384633,259860.74461538478,38.05846153846155,382.6861538463272,420.744615384785,是
673,B6T0000001180,E3,7,13,10,10,浅位,259800.0,259860.74461538478,259876.71384615402,15.96923076923077,60.74461538478499,76.71384615401621,否
686,B6T0000001180,E3,7,13,10,10,深位,259800.0,259876.71384615402,259892.68307692325,15.96923076923077,76.71384615401621,92.68307692324743,否
679,B6T0000001180,E3,7,14,10,10,浅位,259800.0,259892.68307692325,259908.65230769248,15.96923076923077,92.68307692324743,108.65230769247864,否
676,B6T0000001180,E3,7,14,10,10,深位,259800.0,259908.65230769248,259924.6215384617,15.96923076923077,108.65230769247864,124.62153846170986,否
165,B6T0000000810,E3,7,14,14,2,浅位,259440.0,259924.6215384617,259942.953846154,18.332307692307694,484.62153846170986,502.9538461540069,否
152,B6T0000000810,E3,7,14,14,2,深位,259440.0,259942.953846154,259961.2861538463,18.332307692307694,502.9538461540069,521.2861538463039,否
1605,B6T0000001610,E1,7,14,2,8,浅位,260160.0,260160.0,260169.4830769231,9.483076923076922,0.0,9.483076923090266,否
1610,B6T0000001610,E1,7,14,2,8,深位,260160.0,260169.4830769231,260178.96615384618,9.483076923076922,9.483076923090266,18.966153846180532,否
2273,B6T0000001817,E1,7,13,1,15,浅位,261660.0,261682.2153846154,261693.32307692312,11.107692307692307,22.215384615410585,33.32307692311588,否
2272,B6T0000001817,E1,7,13,1,15,深位,261660.0,261693.32307692312,261704.43076923082,11.107692307692307,33.32307692311588,44.43076923082117,否
2276,B6T0000001817,E1,7,14,1,15,浅位,261660.0,261704.43076923082,261715.53846153853,11.107692307692307,44.43076923082117,55.53846153852646,否
2275,B6T0000001817,E1,7,14,1,15,深位,261660.0,261715.53846153853,261726.64615384623,11.107692307692307,55.53846153852646,66.64615384623175,否
653,B6T0000001698,E1,7,13,8,1,浅位,261780.0,261790.93538461538,261801.87076923077,10.935384615384615,10.935384615382645,21.87076923076529,否
652,B6T0000001698,E1,7,13,8,1,深位,261780.0,261801.87076923077,261812.80615384615,10.935384615384615,21.87076923076529,32.806153846147936,否
651,B6T0000001698,E1,7,14,8,1,浅位,261780.0,261812.80615384615,261823.74153846153,10.935384615384615,32.806153846147936,43.74153846153058,否
3442,B6T0000001707,E1,7,13,1,13,深位,283740.0,283740.0,283750.4676923077,10.467692307692307,0.0,10.467692307720426,否
3443,B6T0000001707,E1,7,13,3,10,深位,283740.0,283750.4676923077,283761.2061538462,10.73846153846154,10.467692307720426,21.20615384617122,否
2461,B6T0000000438,E3,7,13,30,9,浅位,284400.0,284561.0584615385,284601.32307692314,40.2646153846154,161.05846153851599,201.32307692314498,否
2674,B6T0000000584,E3,7,13,33,9,浅位,288000.0,288099.9138461539,288143.8707692308,43.95692307692309,99.91384615388233,143.8707692308235,否
2675,B6T0000000584,E3,7,13,33,9,深位,288000.0,288143.8707692308,288187.82769230776,43.95692307692309,143.8707692308235,187.82769230776466,否
459,B6T0000001382,E1,7,13,2,4,浅位,295980.0,296052.2523076924,296060.4553846155,8.203076923076923,72.25230769242626,80.45538461551769,否
2535,B6T0000001134,E3,7,14,10,10,浅位,301260.0,301260.0,301275.9692307692,15.96923076923077,0.0,15.969230769202113,否
2536,B6T0000001134,E3,7,14,10,10,深位,301260.0,301275.9692307692,301291.9384615384,15.96923076923077,15.969230769202113,31.938461538404226,否
2537,B6T0000001134,E3,7,13,14,2,浅位,301260.0,301291.9384615384,301310.27076923073,18.332307692307694,31.938461538404226,50.270769230730366,否
2538,B6T0000001134,E3,7,13,14,2,深位,301260.0,301310.27076923073,301328.60307692306,18.332307692307694,50.270769230730366,68.6030769230565,否
2539,B6T0000001134,E3,7,14,14,2,浅位,301260.0,301328.60307692306,301346.9353846154,18.332307692307694,68.6030769230565,86.93538461538265,否
1523,B6T0000000228,E4,7,13,43,10,浅位,301800.0,302265.9076923076,302322.64615384606,56.738461538461564,465.90769230760634,522.6461538460571,否
1526,B6T0000000228,E4,7,13,43,10,深位,301800.0,302322.64615384606,302379.3846153845,56.738461538461564,522.6461538460571,579.3846153845079,否
1525,B6T0000000228,E4,7,14,43,10,浅位,301800.0,302379.3846153845,302436.12307692296,56.738461538461564,579.3846153845079,636.1230769229587,否
1518,B6T0000000228,E4,7,14,43,10,深位,301800.0,302436.12307692296,302492.8615384614,56.738461538461564,636.1230769229587,692.8615384614095,否
3157,B6T0000001949,E1,7,13,2,4,深位,306600.0,306600.0,306608.2030769231,8.203076923076923,0.0,8.20307692309143,否
3158,B6T0000001949,E1,7,14,1,7,深位,306600.0,306608.2030769231,306616.75076923077,8.547692307692309,8.20307692309143,16.750769230769947,否
3159,B6T0000001949,E1,7,13,4,2,深位,306600.0,306616.75076923077,306625.5446153846,8.793846153846154,16.750769230769947,25.54461538459873,否
1636,B6T0000001117,E3,7,13,13,16,浅位,308820.0,308992.65230769245,309014.233846154,21.58153846153846,172.65230769244954,194.23384615400573,否
1639,B6T0000001117,E3,7,13,13,16,深位,308820.0,309014.233846154,309035.81538461556,21.58153846153846,194.23384615400573,215.81538461556192,否
1637,B6T0000001117,E3,7,14,13,16,浅位,308820.0,309035.81538461556,309057.3969230771,21.58153846153846,215.81538461556192,237.39692307711812,否
296,B6T0000001196,E3,7,13,13,5,浅位,309300.0,309746.0800000001,309764.1415384616,18.06153846153846,446.0800000000745,464.1415384616121,否
295,B6T0000001196,E3,7,13,13,5,深位,309300.0,309764.1415384616,309782.20307692315,18.06153846153846,464.1415384616121,482.20307692314964,否
294,B6T0000001196,E3,7,14,13,5,浅位,309300.0,309782.20307692315,309800.2646153847,18.06153846153846,482.20307692314964,500.2646153846872,否
300,B6T0000001196,E3,7,14,13,5,深位,309300.0,309800.2646153847,309818.3261538462,18.06153846153846,500.2646153846872,518.3261538462248,否
501,B6T0000001101,E3,7,13,12,7,浅位,309960.0,310454.37538461527,310471.846153846,17.47076923076923,494.37538461526856,511.84615384601057,否
502,B6T0000001101,E3,7,13,12,7,深位,309960.0,310471.846153846,310489.31692307675,17.47076923076923,511.84615384601057,529.3169230767526,否
508,B6T0000001101,E3,7,14,12,7,浅位,309960.0,310489.31692307675,310506.7876923075,17.47076923076923,529.3169230767526,546.7876923074946,否
512,B6T0000001101,E3,7,14,12,7,深位,309960.0,310506.7876923075,310524.25846153824,17.47076923076923,546.7876923074946,564.2584615382366,否
238,B6T0000000581,E3,7,13,9,9,浅位,311640.0,312093.0092307691,312107.42769230757,14.418461538461537,453.00923076912295,467.42769230756676,否
237,B6T0000000581,E3,7,13,9,9,深位,311640.0,312107.42769230757,312121.846153846,14.418461538461537,467.42769230756676,481.84615384601057,否
251,B6T0000000581,E3,7,14,9,9,浅位,311640.0,312121.846153846,312136.26461538445,14.418461538461537,481.84615384601057,496.2646153844544,否
235,B6T0000000581,E3,7,14,9,9,深位,311640.0,312136.26461538445,312150.6830769229,14.418461538461537,496.2646153844544,510.6830769228982,否
2139,B6T0000001633,E1,7,13,2,7,浅位,313560.0,313560.0,313569.16307692305,9.163076923076924,0.0,9.163076923054177,否
2140,B6T0000001633,E1,7,13,2,7,深位,313560.0,313569.16307692305,313578.3261538461,9.163076923076924,9.163076923054177,18.326153846108355,否
2137,B6T0000001633,E1,7,14,2,7,浅位,313560.0,313578.3261538461,313587.48923076916,9.163076923076924,18.326153846108355,27.489230769162532,否
2134,B6T0000001633,E1,7,14,2,7,深位,313560.0,313587.48923076916,313596.6523076922,9.163076923076924,27.489230769162532,36.65230769221671,否
2138,B6T0000001633,E1,7,13,4,4,浅位,313560.0,313596.6523076922,313606.08615384606,9.433846153846154,36.65230769221671,46.08615384605946,否
2135,B6T0000001633,E1,7,13,4,4,深位,313560.0,313606.08615384606,313615.5199999999,9.433846153846154,46.08615384605946,55.51999999990221,否
2136,B6T0000001633,E1,7,14,4,4,浅位,313560.0,313615.5199999999,313624.95384615374,9.433846153846154,55.51999999990221,64.95384615374496,否
2776,B6T0000001508,E1,7,14,6,23,浅位,313560.0,313624.95384615374,313641.69846153836,16.744615384615386,64.95384615374496,81.69846153835533,否
2778,B6T0000001508,E1,7,14,6,23,深位,313560.0,313641.69846153836,313658.44307692297,16.744615384615386,81.69846153835533,98.4430769229657,否
1787,B6T0000001685,E1,7,13,5,8,浅位,313920.0,313987.9753846155,313999.3046153847,11.329230769230769,67.9753846154781,79.30461538472446,否
1789,B6T0000001685,E1,7,13,5,8,深位,313920.0,313999.3046153847,314010.63384615397,11.329230769230769,79.30461538472446,90.63384615397081,否
1795,B6T0000001685,E1,7,14,5,8,浅位,313920.0,314010.63384615397,314021.9630769232,11.329230769230769,90.63384615397081,101.96307692321716,否
184,B6T0000000932,E3,7,13,15,1,浅位,345480.0,345518.48615384614,345537.7292307692,19.24307692307692,38.48615384614095,57.729230769211426,否
183,B6T0000000932,E3,7,13,15,1,深位,345480.0,345537.7292307692,345556.9723076923,19.24307692307692,57.729230769211426,76.9723076922819,否
186,B6T0000000932,E3,7,14,15,1,浅位,345480.0,345556.9723076923,345576.21538461535,19.24307692307692,76.9723076922819,96.21538461535238,否
978,B6T0000001844,E1,7,13,8,2,浅位,346200.0,346388.3138461539,346399.5692307693,11.255384615384614,188.31384615390562,199.56923076929525,否
987,B6T0000001844,E1,7,13,8,2,深位,346200.0,346399.5692307693,346410.8246153847,11.255384615384614,199.56923076929525,210.82461538468488,否
986,B6T0000001844,E1,7,14,8,2,浅位,346200.0,346410.8246153847,346422.0800000001,11.255384615384614,210.82461538468488,222.0800000000745,否
144,B6T0000000154,E4,7,13,44,1,浅位,345840.0,346989.2184615386,347044.61538461555,55.3969230769231,1149.2184615386068,1204.6153846155503,否
141,B6T0000000154,E4,7,13,44,1,深位,345840.0,347044.61538461555,347100.0123076925,55.3969230769231,1204.6153846155503,1260.0123076924938,否
134,B6T0000000154,E4,7,14,44,1,浅位,345840.0,347100.0123076925,347155.40923076944,55.3969230769231,1260.0123076924938,1315.4092307694373,否
1771,B6T0000001573,E1,7,13,3,9,浅位,347160.0,347201.6738461538,347212.0923076922,10.418461538461539,41.67384615377523,52.09230769221904,否
1769,B6T0000001573,E1,7,13,3,9,深位,347160.0,347212.0923076922,347222.51076923066,10.418461538461539,52.09230769221904,62.510769230662845,否
1768,B6T0000001573,E1,7,14,3,9,浅位,347160.0,347222.51076923066,347232.9292307691,10.418461538461539,62.510769230662845,72.92923076910665,否
1767,B6T0000001573,E1,7,14,3,9,深位,347160.0,347232.9292307691,347243.34769230755,10.418461538461539,72.92923076910665,83.34769230755046,否
269,B6T0000000305,E4,7,13,43,3,浅位,347580.0,347688.9969230769,347743.4953846154,54.49846153846156,108.99692307692021,163.49538461538032,否
268,B6T0000000305,E4,7,13,43,3,深位,347580.0,347743.4953846154,347797.99384615384,54.49846153846156,163.49538461538032,217.99384615384042,否
948,B6T0000000445,E3,7,13,12,10,浅位,348420.0,348604.30769230763,348622.7384615384,18.43076923076923,184.30769230762962,202.73846153839258,否
2605,B6T0000000841,E3,7,14,10,10,浅位,352380.0,352380.0,352395.9692307692,15.96923076923077,0.0,15.969230769202113,否
2604,B6T0000000841,E3,7,14,10,10,深位,352380.0,352395.9692307692,352411.9384615384,15.96923076923077,15.969230769202113,31.938461538404226,否
2606,B6T0000000841,E3,7,13,14,2,浅位,352380.0,352411.9384615384,352430.27076923073,18.332307692307694,31.938461538404226,50.270769230730366,否
2607,B6T0000000841,E3,7,13,14,2,深位,352380.0,352430.27076923073,352448.60307692306,18.332307692307694,50.270769230730366,68.6030769230565,否
2414,B6T0000001594,E1,7,13,3,3,浅位,361260.0,361260.0,361268.49846153846,8.498461538461537,0.0,8.498461538460106,否
2413,B6T0000001594,E1,7,13,3,3,深位,361260.0,361268.49846153846,361276.9969230769,8.498461538461537,8.498461538460106,16.99692307692021,否
2412,B6T0000001594,E1,7,14,3,3,浅位,361260.0,361276.9969230769,361285.4953846154,8.498461538461537,16.99692307692021,25.495384615380317,否
2411,B6T0000001594,E1,7,14,3,3,深位,361260.0,361285.4953846154,361293.99384615384,8.498461538461537,25.495384615380317,33.99384615384042,否
878,B6T0000000488,E3,7,14,11,12,深位,369420.0,369420.0,369437.84,17.84,0.0,17.84000000002561,否
3357,B6T0000000323,E3,7,14,19,4,浅位,370740.0,370740.0,370765.12615384615,25.126153846153848,0.0,25.12615384615492,否
3356,B6T0000000323,E3,7,14,19,4,深位,370740.0,370765.12615384615,370790.2523076923,25.126153846153848,25.12615384615492,50.25230769230984,否
1651,B6T0000000735,E3,7,13,15,14,浅位,374040.0,374169.76,374191.2553846154,21.495384615384616,129.7600000000093,151.25538461538963,是
1650,B6T0000000735,E3,7,13,15,14,深位,374040.0,374205.95692307694,374220.6584615385,14.70153846153846,165.95692307694117,180.6584615384927,是
1646,B6T0000000735,E3,7,14,15,14,浅位,374040.0,374220.6584615385,374244.0615384616,23.40307692307692,180.6584615384927,204.06153846159577,否
1647,B6T0000000735,E3,7,14,15,14,深位,374040.0,374244.0615384616,374267.4646153847,23.40307692307692,204.06153846159577,227.46461538469885,否
3355,B6T0000000236,E4,7,14,44,9,浅位,374160.0,374267.4646153847,374325.42153846164,57.956923076923104,107.46461538469885,165.42153846164,否
3354,B6T0000000236,E4,7,14,44,9,深位,374160.0,374325.42153846164,374383.3784615386,57.956923076923104,165.42153846164,223.37846153858118,否
102,B6T0000000261,E4,7,13,43,1,浅位,375660.0,376090.86769230757,376144.726153846,53.85846153846156,430.8676923075691,484.7261538460152,否
101,B6T0000000261,E4,7,13,43,1,深位,375660.0,376144.726153846,376198.58461538446,53.85846153846156,484.7261538460152,538.5846153844614,否
96,B6T0000000261,E4,7,14,43,1,浅位,375660.0,376198.58461538446,376252.4430769229,53.85846153846156,538.5846153844614,592.4430769229075,否
99,B6T0000000261,E4,7,14,43,1,深位,375660.0,376252.4430769229,376306.30153846135,53.85846153846156,592.4430769229075,646.3015384613536,否
1987,B6T0000001870,E1,7,13,3,11,浅位,380640.0,380684.23384615383,380695.2923076923,11.05846153846154,44.23384615383111,55.29230769228889,否
1985,B6T0000001870,E1,7,13,3,11,深位,380640.0,380695.2923076923,380706.35076923075,11.05846153846154,55.29230769228889,66.35076923074666,否
1984,B6T0000001870,E1,7,14,3,11,浅位,380640.0,380706.35076923075,380717.4092307692,11.05846153846154,66.35076923074666,77.40923076920444,否
1988,B6T0000001870,E1,7,14,3,11,深位,380640.0,380717.4092307692,380728.46769230766,11.05846153846154,77.40923076920444,88.46769230766222,否
2968,B6T0000000301,E4,7,14,43,1,浅位,391980.0,391980.0,392033.85846153845,53.85846153846156,0.0,53.858461538446136,否
2970,B6T0000000301,E4,7,14,43,1,深位,391980.0,392033.85846153845,392087.7169230769,53.85846153846156,53.858461538446136,107.71692307689227,否
2969,B6T0000000301,E4,7,14,44,9,浅位,391980.0,392087.7169230769,392145.67384615383,57.956923076923104,107.71692307689227,165.67384615383344,否
2441,B6T0000001304,E3,7,13,12,6,深位,399000.0,399000.0,399017.1507692308,17.150769230769228,0.0,17.15076923079323,否
2442,B6T0000001304,E3,7,14,12,6,浅位,399000.0,399017.1507692308,399034.3015384616,17.150769230769228,17.15076923079323,34.30153846158646,否
2440,B6T0000001304,E3,7,14,12,6,深位,399000.0,399034.3015384616,399051.4523076924,17.150769230769228,34.30153846158646,51.45230769237969,否
2443,B6T0000001304,E3,7,13,16,8,浅位,399000.0,399051.4523076924,399074.16615384625,22.713846153846152,51.45230769237969,74.16615384625038,否
2444,B6T0000001304,E3,7,13,16,8,深位,399000.0,399074.16615384625,399096.8800000001,22.713846153846152,74.16615384625038,96.88000000012107,否
2390,B6T0000001989,E1,7,13,5,8,深位,400560.0,400560.0,400571.32923076925,11.329230769230769,0.0,11.329230769246351,否
2392,B6T0000001989,E1,7,14,5,8,浅位,400560.0,400571.32923076925,400582.6584615385,11.329230769230769,11.329230769246351,22.658461538492702,否
2646,B6T0000001956,E1,7,13,3,22,浅位,400920.0,400938.3753846154,400952.95384615386,14.57846153846154,18.375384615384974,32.95384615386138,否
2647,B6T0000001956,E1,7,13,3,22,深位,400920.0,400952.95384615386,400967.53230769234,14.57846153846154,32.95384615386138,47.53230769233778,否
2686,B6T0000000229,E4,7,13,43,10,浅位,431700.0,431732.0553846153,431789.6676923076,57.61230769230772,32.05538461531978,89.66769230761565,是
2687,B6T0000000229,E4,7,13,43,10,深位,431700.0,431811.4338461538,431869.0461538461,57.61230769230772,111.43384615378454,169.04615384608041,是
2684,B6T0000000229,E4,7,14,43,10,浅位,431700.0,431890.81230769225,431948.42461538455,57.61230769230772,190.8123076922493,248.42461538454518,是
2685,B6T0000000229,E4,7,14,43,10,深位,431700.0,431970.2153846153,432029.083076923,58.86769230769234,270.21538461529417,329.08307692297967,是
963,B6T0000000445,E3,7,13,12,10,深位,432000.0,432126.03692307684,432147.8276923076,21.79076923076923,126.03692307684105,147.82769230759004,是
962,B6T0000000445,E3,7,14,12,10,浅位,432000.0,432147.82769230765,432166.2584615384,18.43076923076923,147.82769230764825,166.2584615384112,否
969,B6T0000000445,E3,7,14,12,10,深位,432000.0,432166.2584615384,432184.6892307692,18.43076923076923,166.2584615384112,184.68923076917417,否
31,B6T0000001104,E3,7,13,11,1,浅位,432900.0,432914.32,432928.64,14.32,14.320000000006985,28.64000000001397,否
30,B6T0000001104,E3,7,13,11,1,深位,432900.0,432928.64,432942.96,14.32,28.64000000001397,42.960000000020955,否
32,B6T0000001104,E3,7,14,11,1,浅位,432900.0,432942.96,432957.28,14.32,42.960000000020955,57.28000000002794,否
1665,B6T0000000614,E3,7,14,9,21,深位,433020.0,433020.0,433038.25846153847,18.25846153846154,0.0,18.25846153846942,否
1659,B6T0000000614,E3,7,13,13,15,浅位,433020.0,433038.25846153847,433059.52,21.26153846153846,18.25846153846942,39.52000000001863,否
1664,B6T0000000614,E3,7,13,17,6,浅位,433020.0,433059.52,433082.8246153846,23.304615384615385,39.52000000001863,62.82461538462667,否
1658,B6T0000000614,E3,7,13,17,6,深位,433020.0,433082.8246153846,433106.12923076923,23.304615384615385,62.82461538462667,86.12923076923471,否
1655,B6T0000000614,E3,7,14,17,6,浅位,433020.0,433106.12923076923,433129.43384615384,23.304615384615385,86.12923076923471,109.43384615384275,否
1660,B6T0000000614,E3,7,14,17,6,深位,433020.0,433129.43384615384,433152.73846153845,23.304615384615385,109.43384615384275,132.7384615384508,否
1656,B6T0000000614,E3,7,14,14,27,浅位,433020.0,433152.73846153845,433179.0707692308,26.332307692307694,132.7384615384508,159.07076923077693,否
1657,B6T0000000614,E3,7,14,14,27,深位,433020.0,433179.0707692308,433205.4030769231,26.332307692307694,159.07076923077693,185.40307692310307,否
1663,B6T0000000614,E3,7,14,16,26,浅位,433020.0,433205.4030769231,433233.8769230769,28.473846153846154,185.40307692310307,213.87692307692487,否
1662,B6T0000000614,E3,7,14,16,26,深位,433020.0,433233.8769230769,433262.35076923075,28.473846153846154,213.87692307692487,242.35076923074666,否
861,B6T0000000001,E4,7,13,47,1,浅位,432180.0,433270.86769230803,433330.88000000035,60.01230769230772,1090.8676923080347,1150.880000000354,否
869,B6T0000000001,E4,7,13,47,1,深位,432180.0,433330.88000000035,433390.8923076927,60.01230769230772,1150.880000000354,1210.892307692673,否
857,B6T0000000001,E4,7,14,47,1,浅位,432180.0,433390.8923076927,433450.904615385,60.01230769230772,1210.892307692673,1270.9046153849922,否
15,B6T0000001209,E3,7,13,10,1,浅位,434280.0,434463.2492307696,434476.33846153883,13.08923076923077,183.2492307695793,196.33846153883496,否
23,B6T0000001209,E3,7,13,10,1,深位,434280.0,434476.33846153883,434489.4276923081,13.08923076923077,196.33846153883496,209.42769230809063,否
22,B6T0000001209,E3,7,14,10,1,浅位,434280.0,434489.4276923081,434502.51692307735,13.08923076923077,209.42769230809063,222.5169230773463,否
1451,B6T0000000191,E4,7,14,44,8,浅位,434220.0,434663.6676923076,434721.30461538455,57.636923076923104,443.66769230761565,501.30461538454983,否
1443,B6T0000000191,E4,7,14,44,8,深位,434220.0,434721.30461538455,434778.9415384615,57.636923076923104,501.30461538454983,558.941538461484,否
3291,B6T0000001192,E3,7,13,9,10,浅位,438540.0,438540.0,438554.73846153845,14.738461538461538,0.0,14.738461538450792,否
3290,B6T0000001192,E3,7,13,9,10,深位,438540.0,438554.73846153845,438569.4769230769,14.738461538461538,14.738461538450792,29.476923076901585,否
3164,B6T0000000511,E3,7,14,9,65,深位,444660.0,444660.0,444692.3384615385,32.33846153846154,0.0,32.33846153848572,否
3163,B6T0000000511,E3,7,14,12,54,浅位,444660.0,444692.3384615385,444724.84923076926,32.51076923076923,32.33846153848572,64.84923076926498,否
3165,B6T0000000511,E3,7,14,12,54,深位,444660.0,444724.84923076926,444757.36000000004,32.51076923076923,64.84923076926498,97.36000000004424,否
3322,B6T0000001436,E1,7,13,1,12,深位,448200.0,448200.0,448210.1476923077,10.147692307692308,0.0,10.147692307713442,否
3323,B6T0000001436,E1,7,13,7,1,深位,448200.0,448210.1476923077,448220.4676923077,10.32,10.147692307713442,20.467692307720426,否
3471,B6T0000001966,E1,7,13,3,3,浅位,449760.0,449760.0,449768.49846153846,8.498461538461537,0.0,8.498461538460106,否
3470,B6T0000001966,E1,7,13,3,3,深位,449760.0,449768.49846153846,449776.9969230769,8.498461538461537,8.498461538460106,16.99692307692021,否
643,B6T0000000469,E3,7,13,9,11,浅位,450900.0,450976.9969230769,450992.0553846154,15.058461538461538,76.99692307692021,92.05538461537799,否
645,B6T0000000469,E3,7,13,9,11,深位,450900.0,450992.0553846154,451007.11384615384,15.058461538461538,92.05538461537799,107.11384615383577,否
646,B6T0000000469,E3,7,14,9,11,浅位,450900.0,451007.11384615384,451022.1723076923,15.058461538461538,107.11384615383577,122.17230769229354,否
648,B6T0000000469,E3,7,14,9,11,深位,450900.0,451022.1723076923,451037.23076923075,15.058461538461538,122.17230769229354,137.23076923075132,否
279,B6T0000000305,E4,7,14,43,3,浅位,451020.0,451037.23076923075,451091.7292307692,54.49846153846156,17.23076923075132,71.72923076921143,否
280,B6T0000000305,E4,7,14,43,3,深位,451020.0,451091.7292307692,451146.2276923077,54.49846153846156,71.72923076921143,126.22769230767153,否
1625,B6T0000001671,E1,7,13,4,7,浅位,456420.0,456420.0,456430.39384615386,10.393846153846155,0.0,10.393846153863706,否
1623,B6T0000001671,E1,7,13,4,7,深位,456420.0,456430.39384615386,456440.7876923077,10.393846153846155,10.393846153863706,20.78769230772741,否
1630,B6T0000001671,E1,7,14,4,7,浅位,456420.0,456440.7876923077,456451.1815384616,10.393846153846155,20.78769230772741,31.181538461591117,否
1629,B6T0000001671,E1,7,14,4,7,深位,456420.0,456451.1815384616,456461.57538461545,10.393846153846155,31.181538461591117,41.57538461545482,否
3508,B6T0000001321,E1,7,13,2,7,浅位,460080.0,460080.0,460089.16307692305,9.163076923076924,0.0,9.163076923054177,否
3509,B6T0000001321,E1,7,13,2,7,深位,460080.0,460089.16307692305,460098.3261538461,9.163076923076924,9.163076923054177,18.326153846108355,否
530,B6T0000001197,E3,7,13,14,5,浅位,464160.0,464237.16923076916,464256.46153846144,19.29230769230769,77.16923076915555,96.46153846144443,否
531,B6T0000001197,E3,7,13,14,5,深位,464160.0,464256.46153846144,464275.75384615373,19.29230769230769,96.46153846144443,115.75384615373332,否
528,B6T0000001197,E3,7,14,14,5,浅位,464160.0,464275.75384615373,464295.046153846,19.29230769230769,115.75384615373332,135.0461538460222,否
533,B6T0000001197,E3,7,14,14,5,深位,464160.0,464295.046153846,464314.3384615383,19.29230769230769,135.0461538460222,154.3384615383111,否
3445,B6T0000001751,E1,7,13,3,22,深位,465900.0,465900.0,465914.5784615385,14.57846153846154,0.0,14.578461538476404,否
1441,B6T0000000745,E3,7,13,14,13,浅位,470700.0,470787.40923076915,470809.26153846143,21.85230769230769,87.40923076914623,109.26153846143279,否
1437,B6T0000000745,E3,7,13,14,13,深位,470700.0,470809.26153846143,470831.1138461537,21.85230769230769,109.26153846143279,131.11384615371935,否
1432,B6T0000000745,E3,7,14,14,13,浅位,470700.0,470831.1138461537,470852.966153846,21.85230769230769,131.11384615371935,152.9661538460059,否
1439,B6T0000000745,E3,7,14,14,13,深位,470700.0,470852.966153846,470874.8184615383,21.85230769230769,152.9661538460059,174.81846153829247,否
3625,B6T0000001135,E3,7,14,16,2,深位,473880.0,473880.0,473900.7938461538,20.793846153846154,0.0,20.79384615382878,否
3624,B6T0000001135,E3,7,13,20,12,浅位,473880.0,473900.7938461538,473929.71076923073,28.91692307692308,20.79384615382878,49.710769230732694,否
1238,B6T0000001022,E3,7,13,14,11,浅位,477120.0,477459.3969230773,477480.6092307696,21.212307692307693,339.39692307729274,360.60923076962354,否
1890,B6T0000000716,E3,7,13,22,10,浅位,486360.0,486513.3907692307,486544.1292307692,30.738461538461543,153.3907692307257,184.1292307691765,否
1891,B6T0000000716,E3,7,13,22,10,深位,486360.0,486544.1292307692,486574.8676923076,30.738461538461543,184.1292307691765,214.8676923076273,否
3475,B6T0000000014,E4,7,13,44,4,浅位,487440.0,487440.0,487496.3569230769,56.3569230769231,0.0,56.35692307690624,否
3474,B6T0000000014,E4,7,13,44,4,深位,487440.0,487496.3569230769,487552.7138461538,56.3569230769231,56.35692307690624,112.71384615381248,否
1858,B6T0000001858,E1,7,13,6,8,浅位,488580.0,488651.66769230773,488663.61230769235,11.944615384615386,71.66769230773207,83.61230769235408,否
1851,B6T0000001858,E1,7,13,6,8,深位,488580.0,488663.61230769235,488675.556923077,11.944615384615386,83.61230769235408,95.55692307697609,否
1859,B6T0000001858,E1,7,14,6,8,浅位,488580.0,488675.556923077,488687.5015384616,11.944615384615386,95.55692307697609,107.5015384615981,否
2977,B6T0000001825,E1,7,13,1,30,浅位,518220.0,518251.8153846153,518267.723076923,15.907692307692308,31.815384615329094,47.72307692299364,否
3589,B6T0000001762,E1,7,14,2,7,深位,519420.0,519420.0,519429.16307692305,9.163076923076924,0.0,9.163076923054177,否
3588,B6T0000001762,E1,7,13,4,4,浅位,519420.0,519429.16307692305,519438.5969230769,9.433846153846154,9.163076923054177,18.59692307689693,否
409,B6T0000000050,E4,7,13,44,3,浅位,519300.0,519997.82153846143,520053.85846153833,56.0369230769231,697.8215384614305,753.8584615383297,否
423,B6T0000000050,E4,7,13,44,3,深位,519300.0,520053.85846153833,520109.8953846152,56.0369230769231,753.8584615383297,809.895384615229,否
420,B6T0000000050,E4,7,14,44,3,浅位,519300.0,520109.8953846152,520165.9323076921,56.0369230769231,809.895384615229,865.9323076921282,否
416,B6T0000000050,E4,7,14,44,3,深位,519300.0,520165.9323076921,520221.969230769,56.0369230769231,865.9323076921282,921.9692307690275,否
2491,B6T0000000500,E3,7,13,12,6,浅位,520200.0,520221.969230769,520239.1199999998,17.150769230769228,21.96923076902749,39.11999999982072,否
417,B6T0000000050,E4,7,14,44,4,浅位,519300.0,520239.1199999998,520295.4769230767,56.3569230769231,939.1199999998207,995.476923076727,否
418,B6T0000000050,E4,7,14,44,4,深位,519300.0,520295.4769230767,520351.83384615363,56.3569230769231,995.476923076727,1051.8338461536332,否
3040,B6T0000000350,E3,7,13,12,9,浅位,520560.0,520560.0,520578.11076923076,18.11076923076923,0.0,18.110769230755977,否
3041,B6T0000000350,E3,7,13,12,9,深位,520560.0,520578.11076923076,520596.2215384615,18.11076923076923,18.110769230755977,36.221538461511955,否
2036,B6T0000000707,E3,7,13,14,20,浅位,520440.0,520596.2215384615,520620.31384615385,24.092307692307692,156.22153846151195,180.3138461538474,否
1018,B6T0000001975,E1,7,13,1,6,浅位,520740.0,520838.73230769206,520846.95999999973,8.227692307692308,98.73230769205838,106.95999999972992,否
1017,B6T0000001975,E1,7,13,1,6,深位,520740.0,520846.95999999973,520855.1876923074,8.227692307692308,106.95999999972992,115.18769230740145,否
1015,B6T0000001975,E1,7,14,1,6,浅位,520740.0,520855.1876923074,520863.4153846151,8.227692307692308,115.18769230740145,123.41538461507298,否
1014,B6T0000001975,E1,7,14,1,6,深位,520740.0,520863.4153846151,520871.64307692274,8.227692307692308,123.41538461507298,131.6430769227445,否
854,B6T0000001220,E3,7,13,9,12,浅位,520980.0,520995.37846153846,521010.75692307693,15.378461538461538,15.378461538464762,30.756923076929525,否
853,B6T0000001220,E3,7,13,9,12,深位,520980.0,521010.75692307693,521026.1353846154,15.378461538461538,30.756923076929525,46.13538461539429,否
852,B6T0000001220,E3,7,14,9,12,浅位,520980.0,521026.1353846154,521041.51384615386,15.378461538461538,46.13538461539429,61.51384615385905,否
851,B6T0000001220,E3,7,14,9,12,深位,520980.0,521041.51384615386,521056.8923076923,15.378461538461538,61.51384615385905,76.89230769232381,否
599,B6T0000000247,E4,7,13,45,2,浅位,521520.0,522550.596923077,522607.8523076924,57.25538461538464,1030.5969230770133,1087.852307692403,否
603,B6T0000000247,E4,7,13,45,2,深位,521520.0,522607.8523076924,522665.1076923078,57.25538461538464,1087.852307692403,1145.1076923077926,否
602,B6T0000000247,E4,7,14,45,2,浅位,521520.0,522665.1076923078,522722.3630769232,57.25538461538464,1145.1076923077926,1202.3630769231822,否
609,B6T0000000247,E4,7,14,45,2,深位,521520.0,522722.3630769232,522779.6184615386,57.25538461538464,1202.3630769231822,1259.6184615385719,否
2345,B6T0000000619,E3,7,14,14,7,浅位,524880.0,524880.0,524899.9323076924,19.932307692307692,0.0,19.932307692361064,否
2347,B6T0000000619,E3,7,14,14,7,深位,524880.0,524899.9323076924,524919.8646153847,19.932307692307692,19.932307692361064,39.86461538472213,否
2346,B6T0000000619,E3,7,13,14,14,浅位,524880.0,524919.8646153847,524942.0369230771,22.17230769230769,39.86461538472213,62.03692307707388,否
2348,B6T0000000619,E3,7,13,14,14,深位,524880.0,524942.0369230771,524964.2092307694,22.17230769230769,62.03692307707388,84.20923076942563,否
2349,B6T0000000619,E3,7,14,14,14,浅位,524880.0,524964.2092307694,524986.3815384618,22.17230769230769,84.20923076942563,106.38153846177738,否
2344,B6T0000000619,E3,7,14,14,14,深位,524880.0,524986.3815384618,525008.5538461541,22.17230769230769,106.38153846177738,128.55384615412913,否
2006,B6T0000000680,E3,7,13,13,5,浅位,537060.0,537060.0,537078.0615384616,18.06153846153846,0.0,18.061538461595774,否
2005,B6T0000000680,E3,7,13,13,5,深位,537060.0,537078.0615384616,537096.1230769232,18.06153846153846,18.061538461595774,36.12307692319155,否
2007,B6T0000000680,E3,7,14,13,5,浅位,537060.0,537096.1230769232,537114.1846153848,18.06153846153846,36.12307692319155,54.18461538478732,否
2008,B6T0000000680,E3,7,14,13,5,深位,537060.0,537114.1846153848,537132.2461538464,18.06153846153846,54.18461538478732,72.2461538463831,否
2009,B6T0000000680,E3,7,13,13,16,浅位,537060.0,537132.2461538464,537153.8276923079,21.58153846153846,72.2461538463831,93.82769230788108,否
2010,B6T0000000680,E3,7,13,13,16,深位,537060.0,537153.8276923079,537175.4092307694,21.58153846153846,93.82769230788108,115.40923076937906,否
2011,B6T0000000680,E3,7,14,13,16,浅位,537060.0,537175.4092307694,537196.9907692309,21.58153846153846,115.40923076937906,136.99076923087705,否
3544,B6T0000001161,E3,7,13,12,10,浅位,549540.0,549540.0,549558.4307692308,18.43076923076923,0.0,18.43076923082117,否
3545,B6T0000001161,E3,7,13,15,1,浅位,549540.0,549558.4307692308,549577.6738461539,19.24307692307692,18.43076923082117,37.673846153891645,否
2925,B6T0000001547,E1,7,14,6,9,浅位,552000.0,552000.0,552012.2646153846,12.264615384615384,0.0,12.264615384628996,否
2924,B6T0000001547,E1,7,14,6,9,深位,552000.0,552012.2646153846,552024.5292307693,12.264615384615384,12.264615384628996,24.529230769257993,否
2923,B6T0000001547,E1,7,13,5,12,浅位,552000.0,552024.5292307693,552037.1384615385,12.60923076923077,24.529230769257993,37.138461538474075,否
3382,B6T0000001129,E3,7,14,10,10,浅位,556260.0,556260.0,556275.9692307692,15.96923076923077,0.0,15.969230769202113,否
3383,B6T0000001129,E3,7,14,10,10,深位,556260.0,556275.9692307692,556291.9384615384,15.96923076923077,15.969230769202113,31.938461538404226,否
1250,B6T0000000799,E3,7,13,16,9,浅位,555960.0,556329.3969230772,556352.430769231,23.033846153846152,369.3969230771763,392.430769231054,否
1249,B6T0000000799,E3,7,13,16,9,深位,555960.0,556352.430769231,556375.4646153849,23.033846153846152,392.430769231054,415.4646153849317,否
1076,B6T0000000178,E4,7,13,43,7,浅位,558720.0,558831.556923077,558887.3353846155,55.77846153846156,111.55692307697609,167.33538461546414,否
1072,B6T0000000178,E4,7,13,43,7,深位,558720.0,558887.3353846155,558943.113846154,55.77846153846156,167.33538461546414,223.11384615395218,否
1088,B6T0000000178,E4,7,14,43,7,浅位,558720.0,558943.113846154,558998.8923076924,55.77846153846156,223.11384615395218,278.8923076924402,否
1087,B6T0000000178,E4,7,14,43,7,深位,558720.0,558998.8923076924,559054.6707692309,55.77846153846156,278.8923076924402,334.6707692309283,否
3336,B6T0000001974,E1,7,14,3,3,浅位,569520.0,569520.0,569528.4984615385,8.498461538461537,0.0,8.498461538460106,否
3337,B6T0000001974,E1,7,14,3,3,深位,569520.0,569528.4984615385,569536.9969230769,8.498461538461537,8.498461538460106,16.99692307692021,否
2575,B6T0000001934,E1,7,14,2,4,浅位,572820.0,572820.0,572828.203076923,8.203076923076923,0.0,8.203076923033223,否
2576,B6T0000001934,E1,7,14,2,4,深位,572820.0,572828.203076923,572836.4061538461,8.203076923076923,8.203076923033223,16.406153846066445,否
2265,B6T0000000534,E3,7,13,13,15,深位,575160.0,575160.0,575181.2615384615,21.26153846153846,0.0,21.261538461549208,否
2264,B6T0000000534,E3,7,14,13,15,浅位,575160.0,575181.2615384615,575202.5230769231,21.26153846153846,21.261538461549208,42.523076923098415,否
2263,B6T0000000534,E3,7,14,13,15,深位,575160.0,575202.5230769231,575223.7846153846,21.26153846153846,42.523076923098415,63.78461538464762,否
2262,B6T0000000534,E3,7,14,11,24,深位,575160.0,575223.7846153846,575245.4646153847,21.68,63.78461538464762,85.46461538469885,否
2261,B6T0000000534,E3,7,13,18,1,深位,575160.0,575245.4646153847,575268.4000000001,22.935384615384617,85.46461538469885,108.4000000001397,否
2260,B6T0000000534,E3,7,14,14,19,深位,575160.0,575268.4000000001,575292.1723076925,23.77230769230769,108.4000000001397,132.17230769246817,否
