crane,material,src_shelf,src_z,src_x,src_slot,dst_shelf,dst_z,dst_x,dst_slot,start,end,op_time,D_before,D_after
1,B6T0000001209,2,9,67,1,14,10,1,1,0.0,45.2,45.2,28600.0,2600.0
1,B6T0000001209,1,9,68,0,3,9,3,0,45.2,90.32,45.12,29000.0,3000.0
1,B6T0000001209,1,9,68,1,3,9,3,1,90.32,135.12,44.8,29000.0,3000.0
1,B6T0000001209,2,9,68,0,4,9,3,0,135.12,179.92000000000002,44.8,29000.0,3000.0
1,B6T0000001209,2,9,68,1,4,9,3,1,179.92000000000002,224.72000000000003,44.8,29000.0,3000.0
1,B6T0000001209,1,10,66,0,11,9,3,0,224.72000000000003,268.88000000000005,44.160000000000004,28600.0,3000.0
1,B6T0000001209,1,10,66,1,11,9,3,1,268.88000000000005,313.0400000000001,44.160000000000004,28600.0,3000.0
1,B6T0000001209,2,10,66,0,12,9,3,0,313.0400000000001,357.2000000000001,44.160000000000004,28600.0,3000.0
1,B6T0000001209,1,10,65,0,5,9,3,1,357.2000000000001,401.0400000000001,43.84,28200.0,3000.0
1,B6T0000001209,1,10,65,1,6,9,3,0,401.0400000000001,444.8800000000001,43.84,28200.0,3000.0
1,B6T0000001209,2,10,65,0,6,9,3,1,444.8800000000001,488.72000000000014,43.84,28200.0,3000.0
1,B6T0000001209,2,10,65,1,7,9,3,0,488.72000000000014,532.5600000000002,43.84,28200.0,3000.0
1,B6T0000001209,1,10,64,0,1,9,3,0,532.5600000000002,576.0800000000002,43.52,27800.0,3000.0
1,B6T0000001209,1,10,64,1,1,9,3,1,576.0800000000002,619.6000000000001,43.52,27800.0,3000.0
1,B6T0000001209,2,10,64,0,2,9,3,0,619.6000000000001,663.1200000000001,43.52,27800.0,3000.0
1,B6T0000001209,2,10,64,1,2,9,3,1,663.1200000000001,706.6400000000001,43.52,27800.0,3000.0
1,B6T0000001209,1,11,62,0,9,9,3,0,706.6400000000001,749.5200000000001,42.88,27400.0,3000.0
1,B6T0000001209,1,11,62,1,9,9,3,1,749.5200000000001,792.4000000000001,42.88,27400.0,3000.0
1,B6T0000001209,2,11,62,0,10,9,3,0,792.4000000000001,835.2800000000001,42.88,27400.0,3000.0
1,B6T0000001209,2,11,62,1,10,9,3,1,835.2800000000001,878.1600000000001,42.88,27400.0,3000.0
1,B6T0000001209,2,11,61,1,5,9,3,0,878.1600000000001,920.72,42.56,27000.0,3000.0
1,B6T0000001209,2,12,58,1,8,9,3,1,920.72,962.32,41.6,26200.0,3000.0
1,B6T0000000508,1,13,66,0,4,16,6,0,962.32,1006.0,43.68,29800.0,7000.0
1,B6T0000000508,1,13,66,1,4,16,6,1,1006.0,1049.2,43.2,29800.0,7000.0
1,B6T0000000508,2,13,66,0,4,17,5,0,1049.2,1092.56,43.36,29800.0,7000.0
1,B6T0000000508,2,13,66,1,4,17,5,1,1092.56,1136.08,43.52,29800.0,7000.0
1,B6T0000000508,1,13,65,0,2,16,6,0,1136.08,1179.12,43.040000000000006,29400.0,7000.0
1,B6T0000000508,1,13,65,1,2,16,6,1,1179.12,1222.0,42.88,29400.0,7000.0
1,B6T0000000508,2,13,65,0,2,17,5,0,1222.0,1265.04,43.04,29400.0,7000.0
1,B6T0000000508,2,13,65,1,2,17,5,1,1265.04,1308.24,43.2,29400.0,7000.0
1,B6T0000001090,1,10,68,0,10,21,2,1,1308.24,1352.88,44.64,29400.0,7400.0
1,B6T0000001090,1,10,68,1,11,20,3,0,1352.88,1397.8400000000001,44.96,29400.0,7400.0
1,B6T0000001090,2,10,68,0,11,20,3,1,1397.8400000000001,1442.64,44.8,29400.0,7400.0
1,B6T0000001090,2,10,68,1,11,21,2,0,1442.64,1487.6000000000001,44.96,29400.0,7400.0
1,B6T0000000508,1,14,63,0,5,17,5,0,1487.6000000000001,1530.64,43.040000000000006,29000.0,7000.0
1,B6T0000000508,1,14,63,1,5,17,5,1,1530.64,1573.2,42.56,29000.0,7000.0
1,B6T0000000508,2,14,63,0,6,15,7,0,1573.2,1615.44,42.24,29000.0,7000.0
1,B6T0000000508,2,14,63,1,6,15,7,1,1615.44,1657.3600000000001,41.92,29000.0,7000.0
1,B6T0000001103,1,13,67,1,1,16,9,0,1657.3600000000001,1700.2400000000002,42.88,30200.0,8200.0
1,B6T0000001103,2,13,67,0,1,16,9,1,1700.2400000000002,1742.8000000000002,42.56,30200.0,8200.0
1,B6T0000001103,2,13,67,1,1,17,8,0,1742.8000000000002,1785.5200000000002,42.72,30200.0,8200.0
1,B6T0000001301,1,14,65,0,3,19,5,0,1785.5200000000002,1828.2400000000002,42.72,29800.0,7800.0
1,B6T0000001301,1,14,65,1,3,19,5,1,1828.2400000000002,1871.4400000000003,43.2,29800.0,7800.0
1,B6T0000001301,2,14,65,0,3,20,4,0,1871.4400000000003,1914.8000000000002,43.36,29800.0,7800.0
1,B6T0000001301,2,14,65,1,4,19,5,0,1914.8000000000002,1958.16,43.36,29800.0,7800.0
1,B6T0000001090,1,10,67,0,5,21,2,1,1958.16,2002.48,44.32,29000.0,7400.0
1,B6T0000001090,1,10,67,1,6,21,2,0,2002.48,2047.28,44.8,29000.0,7400.0
1,B6T0000001090,2,10,67,0,6,21,2,1,2047.28,2092.08,44.8,29000.0,7400.0
1,B6T0000001090,2,10,67,1,7,21,2,0,2092.08,2136.88,44.8,29000.0,7400.0
1,B6T0000000508,1,14,62,0,3,17,5,0,2136.88,2179.6,42.72,28600.0,7000.0
1,B6T0000000508,1,14,62,1,3,17,5,1,2179.6,2221.8399999999997,42.24,28600.0,7000.0
1,B6T0000000508,2,14,62,0,4,15,7,0,2221.8399999999997,2263.7599999999998,41.92,28600.0,7000.0
1,B6T0000000508,2,14,62,1,4,15,7,1,2263.7599999999998,2305.3599999999997,41.6,28600.0,7000.0
1,B6T0000001090,2,10,66,1,2,21,2,1,2305.3599999999997,2349.0399999999995,43.68000000000001,28600.0,7400.0
1,B6T0000000508,1,14,61,0,1,17,5,0,2349.0399999999995,2391.4399999999996,42.400000000000006,28200.0,7000.0
1,B6T0000000508,1,14,61,1,1,17,5,1,2391.4399999999996,2433.3599999999997,41.92,28200.0,7000.0
1,B6T0000000508,2,14,61,0,2,15,7,0,2433.3599999999997,2474.9599999999996,41.6,28200.0,7000.0
1,B6T0000000508,2,14,61,1,2,15,7,1,2474.9599999999996,2516.24,41.28,28200.0,7000.0
1,B6T0000001103,1,14,64,0,3,16,9,0,2516.24,2558.16,41.92,29400.0,8200.0
1,B6T0000001103,1,14,64,1,3,16,9,1,2558.16,2599.7599999999998,41.6,29400.0,8200.0
1,B6T0000001955,1,1,60,0,14,1,7,0,2599.7599999999998,2640.3999999999996,40.64,24100.0,2900.0
1,B6T0000001209,1,14,50,1,8,9,3,0,2640.3999999999996,2678.7999999999997,38.4,23800.0,3000.0
1,B6T0000001090,1,11,64,0,9,21,2,1,2678.7999999999997,2722.4799999999996,43.68,28200.0,7400.0
1,B6T0000001090,1,11,64,1,10,20,3,0,2722.4799999999996,2766.1599999999994,43.68000000000001,28200.0,7400.0
1,B6T0000001090,2,11,64,0,10,20,3,1,2766.1599999999994,2809.6799999999994,43.52,28200.0,7400.0
1,B6T0000001090,2,11,64,1,10,21,2,0,2809.6799999999994,2853.359999999999,43.68,28200.0,7400.0
1,B6T0000000996,1,11,67,0,5,20,6,0,2853.359999999999,2897.519999999999,44.16,29400.0,8600.0
1,B6T0000000996,1,11,67,1,5,20,6,1,2897.519999999999,2941.039999999999,43.52,29400.0,8600.0
1,B6T0000000996,2,11,67,0,5,21,5,0,2941.039999999999,2984.719999999999,43.68,29400.0,8600.0
1,B6T0000000996,2,11,67,1,5,21,5,1,2984.719999999999,3028.559999999999,43.84,29400.0,8600.0
1,B6T0000000631,1,12,68,0,1,23,5,0,3028.559999999999,3072.719999999999,44.160000000000004,30200.0,9400.0
1,B6T0000000631,1,12,68,1,1,23,5,1,3072.719999999999,3116.8799999999987,44.160000000000004,30200.0,9400.0
1,B6T0000000631,2,12,68,0,2,21,7,0,3116.8799999999987,3160.719999999999,43.84,30200.0,9400.0
1,B6T0000000631,2,12,68,1,2,21,7,1,3160.719999999999,3204.239999999999,43.52,30200.0,9400.0
1,B6T0000000508,1,15,59,0,5,15,7,0,3204.239999999999,3244.8799999999987,40.64,27800.0,7000.0
1,B6T0000000508,1,15,59,1,5,15,7,1,3244.8799999999987,3285.5199999999986,40.64,27800.0,7000.0
1,B6T0000000508,2,15,59,0,5,16,6,0,3285.5199999999986,3326.319999999999,40.8,27800.0,7000.0
1,B6T0000000508,2,15,59,1,5,16,6,1,3326.319999999999,3367.279999999999,40.96,27800.0,7000.0
1,B6T0000000154,1,43,55,0,4,43,3,0,3367.279999999999,3416.2923076923066,49.01230769230769,37450.0,16650.0
1,B6T0000000154,1,43,55,1,4,43,3,1,3416.2923076923066,3456.9323076923065,40.64,37450.0,16650.0
1,B6T0000000154,2,43,55,0,5,43,3,0,3456.9323076923065,3497.5723076923064,40.64,37450.0,16650.0
1,B6T0000000154,2,43,55,1,5,43,3,1,3497.5723076923064,3538.2123076923062,40.64,37450.0,16650.0
1,B6T0000001301,1,15,61,0,2,19,5,0,3538.2123076923062,3588.4799999999987,50.26769230769231,28600.0,7800.0
1,B6T0000001301,1,15,61,1,2,19,5,1,3588.4799999999987,3630.3999999999987,41.92,28600.0,7800.0
1,B6T0000001301,2,15,61,0,2,20,4,0,3630.3999999999987,3672.4799999999987,42.08,28600.0,7800.0
1,B6T0000001301,2,15,61,1,2,20,4,1,3672.4799999999987,3714.7199999999984,42.24,28600.0,7800.0
1,B6T0000001955,1,1,59,0,10,1,7,1,3714.7199999999984,3756.424615384614,41.70461538461538,23700.0,2900.0
1,B6T0000001955,1,1,59,1,11,1,7,0,3756.424615384614,3797.0646153846137,40.64,23700.0,2900.0
1,B6T0000001955,2,1,59,0,11,1,7,1,3797.0646153846137,3837.7046153846136,40.64,23700.0,2900.0
1,B6T0000001955,2,1,59,1,12,1,7,0,3837.7046153846136,3878.3446153846135,40.64,23700.0,2900.0
1,B6T0000001090,1,11,63,0,3,21,2,1,3878.3446153846135,3921.0646153846133,42.72,27800.0,7400.0
1,B6T0000001090,1,11,63,1,4,21,2,0,3921.0646153846133,3964.5846153846132,43.52,27800.0,7400.0
1,B6T0000001090,2,11,63,0,4,21,2,1,3964.5846153846132,4008.104615384613,43.52,27800.0,7400.0
1,B6T0000001090,2,11,63,1,5,21,2,0,4008.104615384613,4051.624615384613,43.52,27800.0,7400.0
1,B6T0000000996,1,11,66,0,2,22,4,0,4051.624615384613,4095.784615384613,44.160000000000004,29000.0,8600.0
1,B6T0000000996,1,11,66,1,2,22,4,1,4095.784615384613,4139.624615384613,43.84,29000.0,8600.0
1,B6T0000000996,2,11,66,0,3,21,5,0,4139.624615384613,4183.3046153846135,43.68000000000001,29000.0,8600.0
1,B6T0000000996,2,11,66,1,3,21,5,1,4183.3046153846135,4226.824615384614,43.52,29000.0,8600.0
1,B6T0000000897,1,11,68,0,1,18,10,0,4226.824615384614,4270.184615384614,43.36,29800.0,9400.0
1,B6T0000000897,1,11,68,1,1,18,10,1,4270.184615384614,4312.744615384614,42.56,29800.0,9400.0
1,B6T0000000897,2,11,68,0,2,18,10,0,4312.744615384614,4355.304615384614,42.56,29800.0,9400.0
1,B6T0000000897,2,11,68,1,2,18,10,1,4355.304615384614,4397.864615384615,42.56,29800.0,9400.0
1,B6T0000000508,1,15,58,0,3,15,7,0,4397.864615384615,4437.704615384615,39.84,27400.0,7000.0
1,B6T0000000508,1,15,58,1,3,15,7,1,4437.704615384615,4478.024615384615,40.32,27400.0,7000.0
1,B6T0000000508,2,15,58,0,3,16,6,0,4478.024615384615,4518.504615384614,40.480000000000004,27400.0,7000.0
1,B6T0000000508,2,15,58,1,3,16,6,1,4518.504615384614,4559.144615384615,40.64,27400.0,7000.0
1,B6T0000001573,1,1,62,0,7,1,11,0,4559.144615384615,4600.264615384614,41.120000000000005,24900.0,4500.0
1,B6T0000001573,1,1,61,1,14,8,7,0,4600.264615384614,4640.904615384615,40.64,24500.0,4300.0
1,B6T0000001573,2,1,61,0,14,8,7,1,4640.904615384615,4682.1846153846145,41.28,24500.0,4300.0
1,B6T0000001090,1,12,61,0,11,21,2,1,4682.1846153846145,4724.264615384614,42.08,27400.0,7400.0
1,B6T0000001090,1,12,61,1,12,20,3,0,4724.264615384614,4766.984615384615,42.72,27400.0,7400.0
1,B6T0000001090,2,12,61,0,12,20,3,1,4766.984615384615,4809.544615384615,42.56,27400.0,7400.0
1,B6T0000001090,2,12,61,1,12,21,2,0,4809.544615384615,4852.264615384615,42.72,27400.0,7400.0
1,B6T0000000508,2,15,57,0,1,16,6,0,4852.264615384615,4893.224615384615,40.96,27000.0,7000.0
1,B6T0000000508,2,15,57,1,1,16,6,1,4893.224615384615,4933.544615384615,40.32,27000.0,7000.0
1,B6T0000001103,1,15,60,0,2,17,8,0,4933.544615384615,4974.504615384615,40.96,28200.0,8200.0
1,B6T0000001103,1,15,60,1,2,17,8,1,4974.504615384615,5015.1446153846155,40.64,28200.0,8200.0
1,B6T0000001103,2,15,60,0,2,18,7,0,5015.1446153846155,5055.944615384616,40.8,28200.0,8200.0
1,B6T0000001103,2,15,60,1,2,18,7,1,5055.944615384616,5096.904615384616,40.96,28200.0,8200.0
1,B6T0000001301,1,16,58,0,4,19,5,1,5096.904615384616,5137.544615384616,40.64,27800.0,7800.0
1,B6T0000001573,2,1,61,1,1,1,11,0,5137.544615384616,5178.504615384616,40.96,24500.0,4500.0
1,B6T0000001573,1,2,60,0,5,1,11,0,5178.504615384616,5218.184615384616,39.68,24300.0,4500.0
1,B6T0000001573,1,2,60,1,5,1,11,1,5218.184615384616,5257.864615384617,39.68,24300.0,4500.0
1,B6T0000001573,2,2,60,0,6,1,11,0,5257.864615384617,5297.544615384617,39.68,24300.0,4500.0
1,B6T0000001573,2,2,60,1,6,1,11,1,5297.544615384617,5337.224615384617,39.68,24300.0,4500.0
1,B6T0000001090,1,12,60,0,7,21,2,1,5337.224615384617,5378.344615384617,41.120000000000005,27000.0,7400.0
1,B6T0000001090,1,12,60,1,8,21,2,0,5378.344615384617,5420.9046153846175,42.56,27000.0,7400.0
1,B6T0000001090,2,12,60,0,8,21,2,1,5420.9046153846175,5463.464615384618,42.56,27000.0,7400.0
1,B6T0000001090,2,12,60,1,9,21,2,0,5463.464615384618,5506.024615384618,42.56,27000.0,7400.0
1,B6T0000000996,1,12,63,0,4,21,5,0,5506.024615384618,5549.064615384618,43.040000000000006,28200.0,8600.0
1,B6T0000000996,1,12,63,1,4,21,5,1,5549.064615384618,5591.624615384619,42.56,28200.0,8600.0
1,B6T0000000996,2,12,63,0,4,22,4,0,5591.624615384619,5634.344615384619,42.72,28200.0,8600.0
1,B6T0000000996,2,12,63,1,4,22,4,1,5634.344615384619,5677.224615384619,42.88,28200.0,8600.0
1,B6T0000000897,1,12,65,0,4,18,10,1,5677.224615384619,5719.784615384619,42.56,29000.0,9400.0
1,B6T0000000897,1,12,65,1,5,17,11,0,5719.784615384619,5761.224615384619,41.44,29000.0,9400.0
1,B6T0000000897,2,12,65,0,5,17,11,1,5761.224615384619,5802.504615384619,41.28,29000.0,9400.0
1,B6T0000000897,2,12,65,1,5,18,10,0,5802.504615384619,5843.944615384618,41.44,29000.0,9400.0
1,B6T0000001117,1,12,67,0,2,10,20,0,5843.944615384618,5884.584615384619,40.64,29800.0,10200.0
1,B6T0000001117,1,12,67,1,2,10,20,1,5884.584615384619,5923.624615384619,39.04,29800.0,10200.0
1,B6T0000001117,2,12,67,0,2,11,19,0,5923.624615384619,5962.8246153846185,39.2,29800.0,10200.0
1,B6T0000000631,2,13,64,1,1,22,6,1,5962.8246153846185,6003.304615384618,40.480000000000004,29000.0,9400.0
1,B6T0000001301,1,16,57,1,1,19,5,1,6003.304615384618,6043.784615384618,40.480000000000004,27400.0,7800.0
1,B6T0000001301,2,16,57,0,1,20,4,0,6043.784615384618,6084.584615384618,40.8,27400.0,7800.0
1,B6T0000001301,2,16,57,1,1,20,4,1,6084.584615384618,6125.544615384618,40.96,27400.0,7800.0
1,B6T0000000247,1,43,54,0,3,44,4,0,6125.544615384618,6171.775384615387,46.230769230769226,37050.0,17550.0
1,B6T0000000154,2,44,50,1,3,43,3,1,6171.775384615387,6210.655384615387,38.879999999999995,35950.0,16650.0
1,B6T0000000247,1,43,53,0,13,43,5,0,6210.655384615387,6250.335384615388,39.68,36650.0,17450.0
1,B6T0000000247,1,43,53,1,13,43,5,1,6250.335384615388,6289.695384615387,39.36,36650.0,17450.0
1,B6T0000000247,2,43,53,0,14,43,5,0,6289.695384615387,6329.055384615387,39.36,36650.0,17450.0
1,B6T0000000247,2,43,53,1,14,43,5,1,6329.055384615387,6368.415384615387,39.36,36650.0,17450.0
1,B6T0000000996,1,12,62,1,1,22,4,1,6368.415384615387,6420.849230769233,52.433846153846154,27800.0,8600.0
1,B6T0000000996,2,12,62,0,2,21,5,0,6420.849230769233,6463.249230769233,42.400000000000006,27800.0,8600.0
1,B6T0000000996,2,12,62,1,2,21,5,1,6463.249230769233,6505.489230769233,42.24,27800.0,8600.0
1,B6T0000000716,1,13,68,0,1,19,14,0,6505.489230769233,6548.209230769233,42.72,30600.0,11400.0
1,B6T0000000716,1,13,68,1,1,19,14,1,6548.209230769233,6589.489230769233,41.28,30600.0,11400.0
1,B6T0000000716,2,13,68,0,2,18,15,0,6589.489230769233,6630.609230769232,41.120000000000005,30600.0,11400.0
1,B6T0000000716,2,13,68,1,2,18,15,1,6630.609230769232,6671.5692307692325,40.96,30600.0,11400.0
1,B6T0000001573,1,3,58,0,3,1,11,0,6671.5692307692325,6710.627692307694,39.05846153846154,23700.0,4500.0
1,B6T0000001573,1,3,58,1,3,1,11,1,6710.627692307694,6749.667692307694,39.04,23700.0,4500.0
1,B6T0000001573,2,3,58,0,4,1,11,0,6749.667692307694,6788.707692307694,39.04,23700.0,4500.0
1,B6T0000001573,2,3,58,1,4,1,11,1,6788.707692307694,6827.747692307694,39.04,23700.0,4500.0
1,B6T0000001955,1,4,53,0,9,1,7,1,6827.747692307694,6865.827692307694,38.08,21900.0,2900.0
1,B6T0000001955,1,4,53,1,10,1,7,0,6865.827692307694,6904.547692307694,38.72,21900.0,2900.0
1,B6T0000000247,1,43,52,0,9,43,5,0,6904.547692307694,6959.683076923078,55.13538461538461,36250.0,17450.0
1,B6T0000000247,1,43,52,1,9,43,5,1,6959.683076923078,6998.723076923078,39.04,36250.0,17450.0
1,B6T0000000247,2,43,52,0,10,43,5,0,6998.723076923078,7037.763076923078,39.04,36250.0,17450.0
1,B6T0000000247,2,43,52,1,10,43,5,1,7037.763076923078,7076.803076923078,39.04,36250.0,17450.0
1,B6T0000000996,1,9,64,0,1,21,5,0,7076.803076923078,7131.243076923078,54.44,27400.0,8600.0
1,B6T0000000996,1,9,64,1,1,21,5,1,7131.243076923078,7174.123076923078,42.88,27400.0,8600.0
1,B6T0000000996,2,9,64,0,1,22,4,0,7174.123076923078,7217.163076923078,43.04,27400.0,8600.0
1,B6T0000000996,1,13,60,0,5,22,4,0,7217.163076923078,7259.083076923078,41.92,27400.0,8600.0
1,B6T0000000996,1,13,60,1,5,22,4,1,7259.083076923078,7301.003076923078,41.92,27400.0,8600.0
1,B6T0000000996,2,13,60,0,6,20,6,0,7301.003076923078,7342.603076923078,41.6,27400.0,8600.0
1,B6T0000000897,1,13,62,0,6,18,10,1,7342.603076923078,7383.883076923078,41.28,28200.0,9400.0
1,B6T0000000897,1,13,62,1,7,17,11,0,7383.883076923078,7424.363076923078,40.480000000000004,28200.0,9400.0
1,B6T0000000897,2,13,62,0,7,17,11,1,7424.363076923078,7464.683076923077,40.32,28200.0,9400.0
1,B6T0000000897,2,13,62,1,7,18,10,0,7464.683076923077,7505.163076923077,40.480000000000004,28200.0,9400.0
1,B6T0000001103,1,16,56,0,1,18,7,0,7505.163076923077,7544.363076923077,39.2,27000.0,8200.0
1,B6T0000001103,1,16,56,1,1,18,7,1,7544.363076923077,7584.043076923077,39.68,27000.0,8200.0
1,B6T0000001103,2,16,56,0,2,16,9,0,7584.043076923077,7623.403076923077,39.36,27000.0,8200.0
1,B6T0000001103,2,16,56,1,2,16,9,1,7623.403076923077,7662.443076923077,39.04,27000.0,8200.0
1,B6T0000001955,2,4,52,1,9,1,7,0,7662.443076923077,7700.523076923077,38.08,21500.0,2900.0
1,B6T0000001573,1,4,56,0,2,1,11,0,7700.523076923077,7739.563076923077,39.04,23100.0,4500.0
1,B6T0000001573,1,4,56,1,2,1,11,1,7739.563076923077,7777.963076923076,38.4,23100.0,4500.0
1,B6T0000000247,1,43,51,0,5,43,5,0,7777.963076923076,7832.938461538461,54.97538461538461,35850.0,17450.0
1,B6T0000000247,1,43,51,1,5,43,5,1,7832.938461538461,7871.658461538461,38.72,35850.0,17450.0
1,B6T0000000247,2,43,51,0,6,43,5,0,7871.658461538461,7910.378461538461,38.72,35850.0,17450.0
1,B6T0000000247,2,43,51,1,6,43,5,1,7910.378461538461,7949.098461538461,38.72,35850.0,17450.0
1,B6T0000000996,1,13,59,0,3,22,4,0,7949.098461538461,8000.4369230769225,51.338461538461544,27000.0,8600.0
1,B6T0000000996,1,13,59,1,3,22,4,1,8000.4369230769225,8042.036923076923,41.6,27000.0,8600.0
1,B6T0000000996,2,13,59,0,4,20,6,0,8042.036923076923,8083.316923076923,41.28,27000.0,8600.0
1,B6T0000000996,2,13,59,1,4,20,6,1,8083.316923076923,8124.276923076923,40.96,27000.0,8600.0
1,B6T0000000897,1,13,61,0,3,18,10,1,8124.276923076923,8165.236923076923,40.96,27800.0,9400.0
1,B6T0000000897,1,13,61,1,4,17,11,0,8165.236923076923,8205.396923076923,40.16,27800.0,9400.0
1,B6T0000000897,2,13,61,0,4,17,11,1,8205.396923076923,8245.396923076923,40.0,27800.0,9400.0
1,B6T0000000897,2,13,61,1,4,18,10,0,8245.396923076923,8285.556923076923,40.16,27800.0,9400.0
1,B6T0000001117,1,13,63,0,1,11,19,0,8285.556923076923,8325.076923076924,39.52,28600.0,10200.0
1,B6T0000001117,1,13,63,1,1,11,19,1,8325.076923076924,8363.156923076924,38.08,28600.0,10200.0
1,B6T0000001117,2,13,63,0,2,9,21,0,8363.156923076924,8400.916923076924,37.76,28600.0,10200.0
1,B6T0000001117,2,13,63,1,2,9,21,1,8400.916923076924,8438.356923076924,37.44,28600.0,10200.0
1,B6T0000000154,1,45,46,0,6,43,3,0,8438.356923076924,8491.775384615386,53.41846153846153,34850.0,16650.0
1,B6T0000000154,1,45,46,1,6,43,3,1,8491.775384615386,8529.535384615387,37.76,34850.0,16650.0
1,B6T0000000154,2,45,46,0,7,43,3,0,8529.535384615387,8567.295384615387,37.76,34850.0,16650.0
1,B6T0000001955,2,6,50,1,13,1,7,1,8567.295384615387,8620.25230769231,52.956923076923076,21100.0,2900.0
1,B6T0000000247,1,43,50,0,3,43,5,0,8620.25230769231,8675.067692307695,54.815384615384616,35450.0,17450.0
1,B6T0000000247,1,43,50,1,3,43,5,1,8675.067692307695,8713.467692307695,38.4,35450.0,17450.0
1,B6T0000000247,2,43,50,0,4,43,5,0,8713.467692307695,8751.867692307695,38.4,35450.0,17450.0
1,B6T0000000247,2,43,50,1,4,43,5,1,8751.867692307695,8790.267692307694,38.4,35450.0,17450.0
1,B6T0000000247,1,44,49,0,1,44,4,0,8790.267692307694,8828.507692307694,38.239999999999995,35550.0,17550.0
1,B6T0000000247,1,44,49,1,1,44,4,1,8828.507692307694,8866.907692307694,38.4,35550.0,17550.0
1,B6T0000000247,2,44,49,0,2,44,4,0,8866.907692307694,8905.307692307693,38.4,35550.0,17550.0
1,B6T0000000247,2,44,49,1,2,44,4,1,8905.307692307693,8943.707692307693,38.4,35550.0,17550.0
1,B6T0000001102,1,9,65,0,1,21,8,1,8943.707692307693,8998.596923076924,54.88923076923078,27800.0,9800.0
1,B6T0000001102,1,9,65,1,1,22,7,0,8998.596923076924,9040.996923076924,42.400000000000006,27800.0,9800.0
1,B6T0000001271,1,9,67,0,3,27,4,0,9040.996923076924,9085.673846153846,44.676923076923075,28600.0,10600.0
1,B6T0000001271,1,9,67,1,4,26,5,0,9085.673846153846,9131.212307692307,45.53846153846153,28600.0,10600.0
1,B6T0000001271,2,9,67,0,4,26,5,1,9131.212307692307,9176.135384615383,44.92307692307692,28600.0,10600.0
1,B6T0000000716,2,14,64,0,1,18,15,0,9176.135384615383,9217.415384615384,41.28,29400.0,11400.0
1,B6T0000000716,2,14,64,1,1,18,15,1,9217.415384615384,9257.095384615384,39.68,29400.0,11400.0
1,B6T0000001955,2,5,50,1,3,3,6,1,9257.095384615384,9295.058461538461,37.963076923076926,20900.0,2900.0
1,B6T0000001573,1,5,54,1,1,1,11,1,9295.058461538461,9333.61846153846,38.56,22500.0,4500.0
1,B6T0000001955,2,2,51,1,1,3,6,1,9333.61846153846,9371.218461538461,37.599999999999994,20700.0,2900.0
1,B6T0000001955,1,4,50,1,3,3,6,0,9371.218461538461,9409.298461538461,38.08,20700.0,2900.0
1,B6T0000000247,1,44,48,0,11,43,5,0,9409.298461538461,9463.947692307693,54.64923076923077,35150.0,17450.0
1,B6T0000000247,1,44,48,1,11,43,5,1,9463.947692307693,9501.707692307693,37.76,35150.0,17450.0
1,B6T0000000247,2,44,48,0,12,43,5,0,9501.707692307693,9539.467692307693,37.76,35150.0,17450.0
1,B6T0000000247,2,44,48,1,12,43,5,1,9539.467692307693,9577.227692307693,37.76,35150.0,17450.0
1,B6T0000000247,1,43,49,0,1,43,5,0,9577.227692307693,9615.307692307693,38.08,35050.0,17450.0
1,B6T0000000247,1,43,49,1,1,43,5,1,9615.307692307693,9653.387692307693,38.08,35050.0,17450.0
1,B6T0000000247,2,43,49,0,2,43,5,0,9653.387692307693,9691.467692307693,38.08,35050.0,17450.0
1,B6T0000000247,2,43,49,1,2,43,5,1,9691.467692307693,9729.547692307693,38.08,35050.0,17450.0
1,B6T0000001102,2,9,64,1,1,21,8,0,9729.547692307693,9783.507692307692,53.96,27400.0,9800.0
1,B6T0000001271,1,9,66,0,1,27,4,0,9783.507692307692,9827.864615384615,44.35692307692308,28200.0,10600.0
1,B6T0000001271,1,9,66,1,1,27,4,1,9827.864615384615,9874.01846153846,46.15384615384615,28200.0,10600.0
1,B6T0000001271,2,9,66,0,2,26,5,0,9874.01846153846,9919.556923076922,45.53846153846153,28200.0,10600.0
1,B6T0000001271,2,9,66,1,2,26,5,1,9919.556923076922,9964.479999999998,44.92307692307692,28200.0,10600.0
1,B6T0000000897,1,14,58,0,5,18,10,1,9964.479999999998,10004.639999999998,40.160000000000004,27000.0,9400.0
1,B6T0000000897,1,14,58,1,6,17,11,0,10004.639999999998,10043.839999999998,39.2,27000.0,9400.0
1,B6T0000000897,2,14,58,0,6,17,11,1,10043.839999999998,10082.88,39.04,27000.0,9400.0
1,B6T0000000897,2,14,58,1,6,18,10,0,10082.88,10122.08,39.2,27000.0,9400.0
1,B6T0000000247,1,44,47,0,7,43,5,0,10122.08,10169.030769230769,46.95076923076923,34750.0,17450.0
1,B6T0000000247,1,44,47,1,7,43,5,1,10169.030769230769,10206.47076923077,37.44,34750.0,17450.0
1,B6T0000000247,2,44,47,0,8,43,5,0,10206.47076923077,10243.91076923077,37.44,34750.0,17450.0
1,B6T0000000247,2,44,47,1,8,43,5,1,10243.91076923077,10281.35076923077,37.44,34750.0,17450.0
1,B6T0000000198,1,43,54,1,10,47,6,0,10281.35076923077,10320.87076923077,39.52,37050.0,19850.0
1,B6T0000000198,2,43,54,0,10,47,6,1,10320.87076923077,10360.230769230771,39.36,37050.0,19850.0
1,B6T0000000198,2,43,54,1,11,47,6,0,10360.230769230771,10399.590769230772,39.36,37050.0,19850.0
1,B6T0000001271,2,9,65,0,1,26,5,0,10399.590769230772,10458.129230769233,58.53846153846154,27800.0,10600.0
1,B6T0000001271,2,9,65,1,1,26,5,1,10458.129230769233,10503.05230769231,44.92307692307692,27800.0,10600.0
1,B6T0000001117,2,14,59,0,1,10,20,0,10503.05230769231,10541.932307692308,38.88,27400.0,10200.0
1,B6T0000001117,2,14,59,1,1,10,20,1,10541.932307692308,10578.412307692308,36.480000000000004,27400.0,10200.0
1,B6T0000001955,1,8,46,0,12,1,7,1,10578.412307692308,10612.812307692308,34.4,19900.0,2900.0
1,B6T0000001955,1,8,46,1,13,1,7,0,10612.812307692308,10649.292307692307,36.480000000000004,19900.0,2900.0
1,B6T0000001271,1,10,63,0,2,27,4,0,10649.292307692307,10692.713846153845,43.42153846153846,27400.0,10600.0
1,B6T0000001271,1,10,63,1,2,27,4,1,10692.713846153845,10737.636923076921,44.92307692307692,27400.0,10600.0
1,B6T0000001271,2,10,63,0,3,26,5,0,10737.636923076921,10781.944615384613,44.30769230769231,27400.0,10600.0
1,B6T0000001271,2,10,63,1,3,26,5,1,10781.944615384613,10825.636923076921,43.69230769230769,27400.0,10600.0
1,B6T0000001098,1,12,66,0,1,30,6,0,10825.636923076921,10870.473846153844,44.83692307692308,29400.0,12600.0
1,B6T0000001098,1,12,66,1,1,30,6,1,10870.473846153844,10916.62769230769,46.15384615384615,29400.0,12600.0
1,B6T0000001098,2,12,66,0,2,30,6,0,10916.62769230769,10962.781538461535,46.15384615384615,29400.0,12600.0
1,B6T0000001098,2,12,66,1,2,30,6,1,10962.781538461535,11008.93538461538,46.15384615384615,29400.0,12600.0
1,B6T0000001117,1,9,63,0,1,9,21,0,11008.93538461538,11052.578461538458,43.643076923076926,27000.0,10200.0
1,B6T0000001117,1,9,63,1,1,9,21,1,11052.578461538458,11090.018461538459,37.44,27000.0,10200.0
1,B6T0000001955,1,4,47,1,1,3,6,0,11090.018461538459,11124.738461538458,34.72,19500.0,2900.0
1,B6T0000000198,1,44,50,0,11,47,6,1,11124.738461538458,11179.54769230769,54.809230769230766,35950.0,19850.0
1,B6T0000000198,1,44,50,1,12,47,6,0,11179.54769230769,11217.62769230769,38.08,35950.0,19850.0
1,B6T0000001080,1,11,65,1,1,27,9,0,11217.62769230769,11274.319999999998,56.692307692307686,28600.0,12600.0
1,B6T0000000716,1,16,57,0,2,19,14,0,11274.319999999998,11312.879999999997,38.56,27400.0,11400.0
1,B6T0000001955,1,7,44,1,2,3,6,1,11312.879999999997,11349.883076923074,37.003076923076925,18900.0,2900.0
1,B6T0000001342,1,1,49,1,14,5,8,1,11349.883076923074,11387.323076923074,37.44,19700.0,4100.0
1,B6T0000001209,1,9,40,0,7,10,1,1,11387.323076923074,11422.683076923075,35.36,17800.0,2600.0
1,B6T0000001209,1,9,40,1,10,10,1,0,11422.683076923075,11459.163076923074,36.480000000000004,17800.0,2600.0
1,B6T0000001209,2,9,40,0,10,10,1,1,11459.163076923074,11495.643076923074,36.480000000000004,17800.0,2600.0
1,B6T0000000504,2,12,67,1,1,29,12,0,11495.643076923074,11540.664615384612,45.02153846153846,29800.0,14600.0
1,B6T0000000631,1,9,57,0,1,21,7,1,11540.664615384612,11584.972307692304,44.30769230769231,24600.0,9400.0
1,B6T0000000631,1,9,57,1,1,22,6,0,11584.972307692304,11625.132307692304,40.16,24600.0,9400.0
1,B6T0000000154,1,43,41,0,2,43,3,1,11625.132307692304,11668.212307692304,43.08,31850.0,16650.0
1,B6T0000000154,1,43,41,1,3,43,3,0,11668.212307692304,11704.372307692303,36.16,31850.0,16650.0
1,B6T0000001342,2,2,47,1,14,5,8,0,11704.372307692303,11757.919999999996,53.54769230769231,19100.0,4100.0
1,B6T0000001955,1,8,41,1,2,3,6,0,11757.919999999996,11792.799999999996,34.88,17900.0,2900.0
1,B6T0000001098,1,14,59,0,3,30,6,0,11792.799999999996,11835.12615384615,42.326153846153844,27400.0,12600.0
1,B6T0000001098,1,14,59,1,3,30,6,1,11835.12615384615,11878.818461538458,43.69230769230769,27400.0,12600.0
1,B6T0000000504,1,13,64,0,2,29,12,1,11878.818461538458,11923.12615384615,44.30769230769231,29000.0,14600.0
1,B6T0000000504,1,13,64,1,2,30,11,0,11923.12615384615,11967.433846153841,44.30769230769231,29000.0,14600.0
1,B6T0000000504,2,13,64,0,2,30,11,1,11967.433846153841,12012.356923076917,44.92307692307692,29000.0,14600.0
1,B6T0000001342,2,1,46,1,11,5,8,0,12012.356923076917,12057.975384615378,45.61846153846154,18500.0,4100.0
1,B6T0000000508,1,15,43,0,1,15,7,0,12057.975384615378,12093.335384615379,35.36,21400.0,7000.0
1,B6T0000000508,1,15,43,1,1,15,7,1,12093.335384615379,12128.855384615379,35.519999999999996,21400.0,7000.0
1,B6T0000001342,2,3,44,1,13,5,8,0,12128.855384615379,12164.53538461538,35.68,18100.0,4100.0
1,B6T0000000877,1,12,64,0,1,36,6,1,12164.53538461538,12212.26461538461,47.72923076923077,28600.0,15000.0
1,B6T0000000877,1,12,64,1,2,36,6,0,12212.26461538461,12265.803076923072,53.53846153846153,28600.0,15000.0
1,B6T0000000877,2,12,64,0,2,36,6,1,12265.803076923072,12319.341538461533,53.53846153846153,28600.0,15000.0
1,B6T0000000877,2,12,64,1,3,36,6,0,12319.341538461533,12372.879999999994,53.53846153846153,28600.0,15000.0
1,B6T0000001342,1,1,44,0,2,7,7,0,12372.879999999994,12422.030769230763,49.15076923076923,17700.0,4100.0
1,B6T0000001342,1,1,44,1,2,7,7,1,12422.030769230763,12457.870769230763,35.84,17700.0,4100.0
1,B6T0000001342,1,6,42,1,4,4,9,0,12457.870769230763,12492.750769230763,34.88,17900.0,4300.0
1,B6T0000000154,1,43,37,0,1,43,3,1,12492.750769230763,12544.88307692307,52.13230769230769,30250.0,16650.0
1,B6T0000000154,1,43,37,1,2,43,3,0,12544.88307692307,12579.76307692307,34.88,30250.0,16650.0
1,B6T0000001671,1,2,42,0,7,7,6,0,12579.76307692307,12632.83076923076,53.067692307692305,17100.0,3700.0
1,B6T0000001671,1,2,42,1,7,7,6,1,12632.83076923076,12668.350769230761,35.519999999999996,17100.0,3700.0
1,B6T0000000928,1,11,65,0,1,32,11,0,12668.350769230761,12714.713846153838,46.363076923076925,28600.0,15400.0
1,B6T0000000504,1,14,60,0,1,29,12,1,12714.713846153838,12759.02153846153,44.30769230769231,27800.0,14600.0
1,B6T0000000504,1,14,60,1,1,30,11,0,12759.02153846153,12802.098461538453,43.07692307692308,27800.0,14600.0
1,B6T0000000504,2,14,60,0,1,30,11,1,12802.098461538453,12845.790769230762,43.69230769230769,27800.0,14600.0
1,B6T0000000504,2,14,60,1,2,29,12,0,12845.790769230762,12888.867692307686,43.07692307692308,27800.0,14600.0
1,B6T0000001342,1,6,41,1,3,4,9,1,12888.867692307686,12931.372307692302,42.504615384615384,17500.0,4300.0
1,B6T0000000154,1,43,35,0,14,44,1,0,12931.372307692302,12983.504615384609,52.13230769230769,29450.0,16350.0
1,B6T0000000154,1,43,35,1,14,44,1,1,12983.504615384609,13018.384615384608,34.88,29450.0,16350.0
1,B6T0000001342,1,6,39,1,13,5,8,1,13018.384615384608,13070.190769230761,51.80615384615384,16700.0,4100.0
1,B6T0000000877,2,13,60,1,1,36,6,0,13070.190769230761,13116.664615384607,46.473846153846154,27400.0,15000.0
1,B6T0000001342,1,3,39,1,1,7,7,0,13116.664615384607,13164.39999999999,47.73538461538462,16100.0,4100.0
1,B6T0000001342,1,8,37,1,3,4,9,0,13164.39999999999,13197.679999999991,33.28,16300.0,4300.0
1,B6T0000001209,2,22,19,1,7,9,3,1,13197.679999999991,13239.3723076923,41.69230769230769,14600.0,3000.0
1,B6T0000001372,1,1,40,0,9,5,9,1,13239.3723076923,13274.252307692299,34.88,16100.0,4500.0
1,B6T0000001103,1,20,34,0,3,17,8,0,13274.252307692299,13310.566153846145,36.31384615384616,19800.0,8200.0
1,B6T0000001103,1,20,34,1,3,17,8,1,13310.566153846145,13342.886153846144,32.32,19800.0,8200.0
1,B6T0000000154,1,43,31,0,11,44,1,1,13342.886153846144,13387.763076923067,44.87692307692308,27850.0,16350.0
1,B6T0000000154,1,43,31,1,12,44,1,0,13387.763076923067,13421.363076923068,33.6,27850.0,16350.0
1,B6T0000000247,1,47,28,1,14,46,1,1,13421.363076923068,13454.003076923067,32.64,28650.0,17350.0
1,B6T0000001342,2,5,36,1,1,7,7,1,13454.003076923067,13507.335384615375,53.332307692307694,15300.0,4100.0
1,B6T0000001342,2,7,35,1,12,5,8,0,13507.335384615375,13540.135384615374,32.8,15300.0,4100.0
1,B6T0000001342,2,8,34,1,12,5,8,1,13540.135384615374,13572.455384615374,32.32,15100.0,4100.0
1,B6T0000001272,2,11,52,0,1,33,3,0,13572.455384615374,13617.033846153836,44.57846153846154,23400.0,12600.0
1,B6T0000001272,2,11,52,1,1,33,3,1,13617.033846153836,13668.11076923076,51.07692307692308,23400.0,12600.0
1,B6T0000001090,1,9,41,0,1,21,2,0,13668.11076923076,13714.264615384605,46.153846153846146,18200.0,7400.0
1,B6T0000001090,1,9,41,1,1,21,2,1,13714.264615384605,13753.033846153836,38.76923076923077,18200.0,7400.0
1,B6T0000001090,2,9,41,0,2,21,2,0,13753.033846153836,13791.803076923066,38.76923076923077,18200.0,7400.0
1,B6T0000001342,2,8,33,1,11,5,8,1,13791.803076923066,13827.64923076922,35.84615384615385,14700.0,4100.0
1,B6T0000001354,1,1,60,1,8,2,34,0,13827.64923076922,13864.12923076922,36.480000000000004,24100.0,13900.0
1,B6T0000001354,2,1,60,0,8,2,34,1,13864.12923076922,13896.44923076922,32.32,24100.0,13900.0
1,B6T0000001354,2,1,60,1,9,2,34,0,13896.44923076922,13928.76923076922,32.32,24100.0,13900.0
1,B6T0000001372,1,1,36,0,6,5,9,0,13928.76923076922,13957.409230769219,28.64,14500.0,4500.0
1,B6T0000001372,1,1,36,1,6,5,9,1,13957.409230769219,13990.049230769218,32.64,14500.0,4500.0
1,B6T0000001372,2,1,36,0,7,5,9,0,13990.049230769218,14022.689230769218,32.64,14500.0,4500.0
1,B6T0000000154,1,43,27,0,10,44,1,0,14022.689230769218,14073.233846153833,50.54461538461538,26250.0,16350.0
1,B6T0000000154,1,43,27,1,10,44,1,1,14073.233846153833,14105.553846153833,32.32,26250.0,16350.0
1,B6T0000000154,2,43,27,0,11,44,1,0,14105.553846153833,14137.873846153832,32.32,26250.0,16350.0
1,B6T0000001209,1,17,18,0,12,10,1,1,14137.873846153832,14183.027692307678,45.153846153846146,12200.0,2600.0
1,B6T0000001209,1,17,18,1,13,10,1,0,14183.027692307678,14215.643076923063,32.61538461538461,12200.0,2600.0
1,B6T0000001209,2,17,18,0,13,10,1,1,14215.643076923063,14248.258461538448,32.61538461538461,12200.0,2600.0
1,B6T0000001209,2,17,18,1,14,10,1,0,14248.258461538448,14280.873846153832,32.61538461538461,12200.0,2600.0
1,B6T0000001372,1,2,34,1,5,5,9,1,14280.873846153832,14314.153846153833,33.28,13900.0,4500.0
1,B6T0000001671,2,4,31,0,6,7,6,0,14314.153846153833,14345.673846153833,31.52,13100.0,3700.0
1,B6T0000001671,2,4,31,1,6,7,6,1,14345.673846153833,14377.673846153833,32.0,13100.0,3700.0
1,B6T0000000247,1,45,25,1,14,46,1,0,14377.673846153833,14428.821538461525,51.14769230769231,26450.0,17350.0
1,B6T0000001090,2,21,24,1,3,21,2,0,14428.821538461525,14472.264615384602,43.443076923076916,16200.0,7400.0
1,B6T0000000154,2,43,24,0,9,44,1,0,14472.264615384602,14513.559999999987,41.29538461538461,25050.0,16350.0
1,B6T0000000154,2,43,24,1,9,44,1,1,14513.559999999987,14544.919999999987,31.36,25050.0,16350.0
1,B6T0000000154,1,46,21,0,1,43,3,0,14544.919999999987,14574.999999999987,30.08,25350.0,16650.0
1,B6T0000001372,1,4,31,1,8,5,9,0,14574.999999999987,14625.212307692294,50.21230769230769,13100.0,4500.0
1,B6T0000000154,1,46,20,0,12,44,1,1,14625.212307692294,14676.944615384602,51.73230769230769,24950.0,16350.0
1,B6T0000000154,1,46,20,1,13,44,1,0,14676.944615384602,14707.024615384602,30.08,24950.0,16350.0
1,B6T0000000154,2,46,20,0,13,44,1,1,14707.024615384602,14737.104615384602,30.08,24950.0,16350.0
1,B6T0000001103,2,25,21,1,1,17,8,1,14737.104615384602,14777.950769230756,40.84615384615385,16600.0,8200.0
1,B6T0000001354,2,5,53,1,9,2,34,1,14777.950769230756,14812.190769230756,34.239999999999995,22100.0,13900.0
1,B6T0000001272,1,11,45,1,1,31,5,1,14812.190769230756,14852.03692307691,39.84615384615385,20600.0,12600.0
1,B6T0000001372,2,5,29,1,7,5,9,1,14852.03692307691,14894.159999999987,42.12307692307692,12500.0,4500.0
1,B6T0000001827,1,1,23,1,9,6,2,1,14894.159999999987,14923.759999999987,29.6,9300.0,1900.0
1,B6T0000001272,2,9,45,0,1,31,5,0,14923.759999999987,14968.17846153845,44.41846153846154,19800.0,12600.0
1,B6T0000001476,1,2,31,0,10,2,13,0,14968.17846153845,15010.904615384603,42.72615384615385,12700.0,5500.0
1,B6T0000001476,1,2,31,1,10,2,13,1,15010.904615384603,15040.664615384603,29.759999999999998,12700.0,5500.0
1,B6T0000001476,2,2,31,0,11,2,13,0,15040.664615384603,15070.424615384603,29.759999999999998,12700.0,5500.0
1,B6T0000001748,2,1,35,1,5,1,17,1,15070.424615384603,15100.824615384603,30.4,14100.0,6900.0
1,B6T0000001372,1,7,26,0,9,5,9,0,15100.824615384603,15129.390769230757,28.566153846153846,11700.0,4500.0
1,B6T0000000508,2,27,13,1,6,16,6,0,15129.390769230757,15172.621538461526,43.230769230769226,14200.0,7000.0
1,B6T0000000897,1,23,22,1,3,18,10,0,15172.621538461526,15204.006153846141,31.384615384615383,16200.0,9400.0
1,B6T0000001372,2,8,24,1,8,5,9,1,15204.006153846141,15236.406153846141,32.4,11100.0,4500.0
1,B6T0000001671,1,8,22,0,5,7,6,0,15236.406153846141,15265.04615384614,28.64,10300.0,3700.0
1,B6T0000001671,1,8,22,1,5,7,6,1,15265.04615384614,15294.166153846141,29.12,10300.0,3700.0
1,B6T0000001827,1,5,18,1,10,6,2,0,15294.166153846141,15322.64615384614,28.48,8100.0,1900.0
1,B6T0000001671,1,2,24,0,3,7,6,0,15322.64615384614,15353.04615384614,30.4,9900.0,3700.0
1,B6T0000001671,1,2,24,1,3,7,6,1,15353.04615384614,15382.80615384614,29.759999999999998,9900.0,3700.0
1,B6T0000001671,2,2,24,0,4,7,6,0,15382.80615384614,15412.56615384614,29.759999999999998,9900.0,3700.0
1,B6T0000001671,2,2,24,1,4,7,6,1,15412.56615384614,15442.326153846141,29.759999999999998,9900.0,3700.0
1,B6T0000001817,1,9,27,0,1,5,14,0,15442.326153846141,15471.766153846142,29.439999999999998,12600.0,6500.0
1,B6T0000001166,1,13,35,1,1,17,16,0,15471.766153846142,15502.652307692295,30.886153846153846,17400.0,11400.0
1,B6T0000001827,2,6,17,1,10,6,2,1,15502.652307692295,15535.052307692295,32.4,7900.0,1900.0
1,B6T0000001671,1,1,24,0,1,7,6,0,15535.052307692295,15565.452307692294,30.4,9700.0,3700.0
1,B6T0000001671,1,1,24,1,1,7,6,1,15565.452307692294,15595.212307692294,29.759999999999998,9700.0,3700.0
1,B6T0000001671,2,1,24,0,2,7,6,0,15595.212307692294,15624.972307692295,29.759999999999998,9700.0,3700.0
1,B6T0000001671,2,1,24,1,2,7,6,1,15624.972307692295,15654.732307692295,29.759999999999998,9700.0,3700.0
1,B6T0000001476,1,1,28,0,8,2,13,0,15654.732307692295,15684.652307692295,29.92,11300.0,5500.0
1,B6T0000001476,1,1,28,1,8,2,13,1,15684.652307692295,15713.452307692294,28.8,11300.0,5500.0
1,B6T0000001476,2,1,28,0,9,2,13,0,15713.452307692294,15742.252307692293,28.8,11300.0,5500.0
1,B6T0000001476,2,1,28,1,9,2,13,1,15742.252307692293,15771.052307692293,28.8,11300.0,5500.0
1,B6T0000001301,1,15,23,1,1,19,5,0,15771.052307692293,15803.932307692292,32.879999999999995,13400.0,7800.0
1,B6T0000000631,2,9,33,0,1,21,7,0,15803.932307692292,15841.470769230753,37.53846153846153,15000.0,9400.0
1,B6T0000001827,1,4,17,1,9,6,2,0,15841.470769230753,15876.947692307676,35.47692307692308,7500.0,1900.0
1,B6T0000001827,1,8,14,1,11,6,2,0,15876.947692307676,15904.787692307676,27.84,7100.0,1900.0
1,B6T0000001748,1,5,28,1,6,1,17,0,15904.787692307676,15934.707692307677,29.92,12100.0,6900.0
1,B6T0000001748,2,5,28,0,6,1,17,1,15934.707692307677,15962.227692307677,27.52,12100.0,6900.0
1,B6T0000001748,2,5,28,1,7,1,17,0,15962.227692307677,15989.747692307677,27.52,12100.0,6900.0
1,B6T0000001476,2,2,25,0,7,2,13,0,15989.747692307677,16016.947692307678,27.200000000000003,10300.0,5500.0
1,B6T0000001476,2,2,25,1,7,2,13,1,16016.947692307678,16044.787692307678,27.84,10300.0,5500.0
1,B6T0000001748,2,5,27,1,5,1,17,0,16044.787692307678,16072.627692307678,27.84,11700.0,6900.0
1,B6T0000001748,2,6,25,0,4,1,17,0,16072.627692307678,16099.704615384602,27.076923076923077,11100.0,6900.0
1,B6T0000001748,2,6,25,1,4,1,17,1,16099.704615384602,16126.781538461526,27.076923076923077,11100.0,6900.0
1,B6T0000001209,1,9,12,0,5,10,1,1,16126.781538461526,16155.156923076911,28.375384615384615,6600.0,2600.0
1,B6T0000001209,1,9,12,1,6,10,1,0,16155.156923076911,16182.676923076911,27.52,6600.0,2600.0
1,B6T0000001209,2,9,12,0,6,10,1,1,16182.676923076911,16210.196923076912,27.52,6600.0,2600.0
1,B6T0000001209,2,9,12,1,7,10,1,0,16210.196923076912,16237.716923076912,27.52,6600.0,2600.0
1,B6T0000001827,2,5,12,1,5,6,2,0,16237.716923076912,16265.316923076913,27.6,5700.0,1900.0
1,B6T0000001209,1,9,11,0,3,10,1,1,16265.316923076913,16292.356923076914,27.04,6200.0,2600.0
1,B6T0000001209,1,9,11,1,4,10,1,0,16292.356923076914,16319.556923076914,27.2,6200.0,2600.0
1,B6T0000001209,2,9,11,0,4,10,1,1,16319.556923076914,16346.756923076915,27.2,6200.0,2600.0
1,B6T0000001209,2,9,11,1,5,10,1,0,16346.756923076915,16373.956923076916,27.2,6200.0,2600.0
1,B6T0000001372,1,1,20,1,4,5,9,0,16373.956923076916,16402.947692307684,28.99076923076923,8100.0,4500.0
1,B6T0000001372,2,1,20,0,4,5,9,1,16402.947692307684,16430.467692307684,27.52,8100.0,4500.0
1,B6T0000001372,2,1,20,1,5,5,9,0,16430.467692307684,16457.987692307684,27.52,8100.0,4500.0
1,B6T0000001827,1,7,10,0,7,6,2,1,16457.987692307684,16483.88307692307,25.895384615384614,5300.0,1900.0
1,B6T0000001827,1,7,10,1,8,6,2,0,16483.88307692307,16510.44307692307,26.560000000000002,5300.0,1900.0
1,B6T0000001827,2,7,10,0,8,6,2,1,16510.44307692307,16537.003076923073,26.560000000000002,5300.0,1900.0
1,B6T0000001827,1,8,8,0,5,6,2,1,16537.003076923073,16562.92307692307,25.92,4700.0,1900.0
1,B6T0000001827,1,8,8,1,6,6,2,0,16562.92307692307,16588.84307692307,25.92,4700.0,1900.0
1,B6T0000001827,2,8,8,0,6,6,2,1,16588.84307692307,16614.763076923067,25.92,4700.0,1900.0
1,B6T0000001827,2,8,8,1,7,6,2,0,16614.763076923067,16640.683076923066,25.92,4700.0,1900.0
1,B6T0000001209,1,17,1,0,8,10,1,0,16640.683076923066,16674.990769230757,34.30769230769231,5400.0,2600.0
1,B6T0000001209,1,17,1,1,8,10,1,1,16674.990769230757,16707.60615384614,32.61538461538461,5400.0,2600.0
1,B6T0000001209,2,17,1,0,9,10,1,0,16707.60615384614,16740.221538461523,32.61538461538461,5400.0,2600.0
1,B6T0000001209,2,17,1,1,9,10,1,1,16740.221538461523,16772.836923076906,32.61538461538461,5400.0,2600.0
1,B6T0000001209,1,9,8,0,3,10,1,0,16772.836923076906,16799.076923076907,26.240000000000002,5000.0,2600.0
1,B6T0000001209,1,9,8,1,11,10,1,0,16799.076923076907,16825.31692307691,26.240000000000002,5000.0,2600.0
1,B6T0000001209,2,9,8,0,11,10,1,1,16825.31692307691,16851.55692307691,26.240000000000002,5000.0,2600.0
1,B6T0000001209,2,9,8,1,12,10,1,0,16851.55692307691,16877.796923076912,26.240000000000002,5000.0,2600.0
2,B6T0000000810,3,12,68,0,1,9,8,1,0.0,44.4,44.4,30200.0,5000.0
2,B6T0000000810,3,12,68,1,2,9,8,0,44.4,87.6,43.2,30200.0,5000.0
2,B6T0000000810,4,12,68,0,2,9,8,1,87.6,130.8,43.2,30200.0,5000.0
2,B6T0000000810,4,12,68,1,3,9,8,0,130.8,174.0,43.2,30200.0,5000.0
2,B6T0000000810,3,13,64,0,13,15,1,1,174.0,217.04000000000002,43.040000000000006,29000.0,4600.0
2,B6T0000000810,3,13,64,1,14,15,1,0,217.04000000000002,261.20000000000005,44.160000000000004,29000.0,4600.0
2,B6T0000000810,4,13,64,0,14,15,1,1,261.20000000000005,305.36000000000007,44.160000000000004,29000.0,4600.0
2,B6T0000000810,3,13,65,0,8,9,8,1,305.36000000000007,348.7200000000001,43.36,29400.0,5000.0
2,B6T0000000810,3,13,65,1,9,9,8,0,348.7200000000001,390.9600000000001,42.24,29400.0,5000.0
2,B6T0000000581,3,10,68,0,12,11,7,0,390.9600000000001,434.3200000000001,43.36,29400.0,5400.0
2,B6T0000000581,3,10,68,1,12,11,7,1,434.3200000000001,477.8400000000001,43.52,29400.0,5400.0
2,B6T0000000581,4,10,68,0,12,12,6,0,477.8400000000001,521.5200000000001,43.68,29400.0,5400.0
2,B6T0000000581,4,10,68,1,12,12,6,1,521.5200000000001,565.3600000000001,43.84,29400.0,5400.0
2,B6T0000000810,4,13,64,1,1,9,8,0,565.3600000000001,607.6000000000001,42.24,29000.0,5000.0
2,B6T0000000581,3,9,68,0,6,10,8,1,607.6000000000001,650.8000000000002,43.2,29000.0,5400.0
2,B6T0000000581,3,9,68,1,6,11,7,0,650.8000000000002,694.1600000000002,43.36,29000.0,5400.0
2,B6T0000000581,4,9,68,0,6,11,7,1,694.1600000000002,737.6800000000002,43.52,29000.0,5400.0
2,B6T0000000581,4,9,68,1,6,12,6,0,737.6800000000002,781.3600000000001,43.68,29000.0,5400.0
2,B6T0000000581,3,10,67,0,10,10,8,1,781.3600000000001,824.5600000000002,43.2,29000.0,5400.0
2,B6T0000000581,3,10,67,1,10,11,7,0,824.5600000000002,867.6000000000001,43.04,29000.0,5400.0
2,B6T0000000581,4,10,67,0,10,11,7,1,867.6000000000001,910.8000000000002,43.2,29000.0,5400.0
2,B6T0000000581,4,10,67,1,10,12,6,0,910.8000000000002,954.1600000000002,43.36,29000.0,5400.0
2,B6T0000000471,3,11,67,0,12,10,9,1,954.1600000000002,997.2000000000002,43.040000000000006,29400.0,5800.0
2,B6T0000000471,3,11,67,1,12,11,8,0,997.2000000000002,1039.92,42.72,29400.0,5800.0
2,B6T0000000471,4,11,67,0,12,11,8,1,1039.92,1082.8000000000002,42.88,29400.0,5800.0
2,B6T0000000471,4,11,67,1,13,10,9,0,1082.8000000000002,1125.5200000000002,42.72,29400.0,5800.0
2,B6T0000000581,3,9,67,0,4,12,6,1,1125.5200000000002,1168.5600000000002,43.040000000000006,28600.0,5400.0
2,B6T0000000581,3,9,67,1,5,10,8,0,1168.5600000000002,1211.7600000000002,43.2,28600.0,5400.0
2,B6T0000000581,4,9,67,0,5,10,8,1,1211.7600000000002,1254.6400000000003,42.88,28600.0,5400.0
2,B6T0000000581,4,9,67,1,5,11,7,0,1254.6400000000003,1297.6800000000003,43.04,28600.0,5400.0
2,B6T0000000581,3,10,66,0,8,12,6,1,1297.6800000000003,1340.7200000000003,43.04,28600.0,5400.0
2,B6T0000000581,3,10,66,1,9,10,8,0,1340.7200000000003,1383.6000000000004,42.88,28600.0,5400.0
2,B6T0000000581,4,10,66,0,9,10,8,1,1383.6000000000004,1426.1600000000003,42.56,28600.0,5400.0
2,B6T0000000581,4,10,66,1,9,11,7,0,1426.1600000000003,1468.8800000000003,42.72,28600.0,5400.0
2,B6T0000000471,3,11,66,0,6,11,8,1,1468.8800000000003,1511.6000000000004,42.72,29000.0,5800.0
2,B6T0000000471,3,11,66,1,7,11,8,0,1511.6000000000004,1554.1600000000003,42.56,29000.0,5800.0
2,B6T0000000471,4,11,66,0,7,11,8,1,1554.1600000000003,1596.7200000000003,42.56,29000.0,5800.0
2,B6T0000000471,4,11,66,1,8,11,8,0,1596.7200000000003,1639.2800000000002,42.56,29000.0,5800.0
2,B6T0000001220,3,12,67,0,10,16,5,1,1639.2800000000002,1682.64,43.36,29800.0,6600.0
2,B6T0000001220,3,12,67,1,10,17,4,0,1682.64,1726.64,44.0,29800.0,6600.0
2,B6T0000000810,3,14,60,1,12,15,1,0,1726.64,1769.0400000000002,42.400000000000006,27800.0,4600.0
2,B6T0000000810,4,14,60,0,12,15,1,1,1769.0400000000002,1811.9200000000003,42.88,27800.0,4600.0
2,B6T0000000810,4,14,60,1,13,15,1,0,1811.9200000000003,1854.8000000000004,42.88,27800.0,4600.0
2,B6T0000000810,3,14,61,0,6,9,8,1,1854.8000000000004,1896.8800000000003,42.08,28200.0,5000.0
2,B6T0000000810,3,14,61,1,7,9,8,0,1896.8800000000003,1937.8400000000004,40.96,28200.0,5000.0
2,B6T0000000810,4,14,61,0,7,9,8,1,1937.8400000000004,1978.8000000000004,40.96,28200.0,5000.0
2,B6T0000000810,4,14,61,1,8,9,8,0,1978.8000000000004,2019.7600000000004,40.96,28200.0,5000.0
2,B6T0000000581,3,9,66,0,3,11,7,1,2019.7600000000004,2062.4800000000005,42.72,28200.0,5400.0
2,B6T0000000581,3,9,66,1,3,12,6,0,2062.4800000000005,2105.5200000000004,43.04,28200.0,5400.0
2,B6T0000000581,4,9,66,0,3,12,6,1,2105.5200000000004,2148.7200000000003,43.2,28200.0,5400.0
2,B6T0000000581,4,9,66,1,4,10,8,0,2148.7200000000003,2191.6000000000004,42.88,28200.0,5400.0
2,B6T0000000581,3,10,65,0,7,11,7,1,2191.6000000000004,2234.0000000000005,42.400000000000006,28200.0,5400.0
2,B6T0000000581,3,10,65,1,7,12,6,0,2234.0000000000005,2276.7200000000003,42.72,28200.0,5400.0
2,B6T0000000581,4,10,65,0,7,12,6,1,2276.7200000000003,2319.6000000000004,42.88,28200.0,5400.0
2,B6T0000000581,4,10,65,1,8,10,8,0,2319.6000000000004,2362.1600000000003,42.56,28200.0,5400.0
2,B6T0000000581,3,11,64,0,11,12,6,0,2362.1600000000003,2404.4,42.24,28200.0,5400.0
2,B6T0000000581,3,11,64,1,11,12,6,1,2404.4,2446.96,42.56,28200.0,5400.0
2,B6T0000000581,4,11,64,0,12,10,8,0,2446.96,2489.2,42.24,28200.0,5400.0
2,B6T0000000581,4,11,64,1,12,10,8,1,2489.2,2531.12,41.92,28200.0,5400.0
2,B6T0000000471,3,11,65,0,2,12,7,1,2531.12,2573.52,42.400000000000006,28600.0,5800.0
2,B6T0000000471,3,11,65,1,3,11,8,0,2573.52,2615.92,42.400000000000006,28600.0,5800.0
2,B6T0000000471,4,11,65,0,3,11,8,1,2615.92,2658.16,42.24,28600.0,5800.0
2,B6T0000000471,4,11,65,1,3,12,7,0,2658.16,2700.56,42.400000000000006,28600.0,5800.0
2,B6T0000001220,3,12,66,0,7,16,5,0,2700.56,2743.7599999999998,43.2,29400.0,6600.0
2,B6T0000001220,3,12,66,1,7,16,5,1,2743.7599999999998,2787.2799999999997,43.52,29400.0,6600.0
2,B6T0000001220,4,12,66,0,7,17,4,0,2787.2799999999997,2830.9599999999996,43.68,29400.0,6600.0
2,B6T0000001220,4,12,66,1,7,17,4,1,2830.9599999999996,2874.7999999999997,43.84,29400.0,6600.0
2,B6T0000000581,3,9,65,0,2,13,5,0,2874.7999999999997,2918.16,43.36,27800.0,5400.0
2,B6T0000000581,3,9,65,1,3,10,8,0,2918.16,2960.8799999999997,42.72,27800.0,5400.0
2,B6T0000000581,4,9,65,0,3,10,8,1,2960.8799999999997,3003.1199999999994,42.24,27800.0,5400.0
2,B6T0000000581,4,9,65,1,3,11,7,0,3003.1199999999994,3045.5199999999995,42.400000000000006,27800.0,5400.0
2,B6T0000000581,3,10,64,0,5,11,7,1,3045.5199999999995,3087.7599999999993,42.24,27800.0,5400.0
2,B6T0000000581,3,10,64,1,5,12,6,0,3087.7599999999993,3130.1599999999994,42.400000000000006,27800.0,5400.0
2,B6T0000000581,4,10,64,0,5,12,6,1,3130.1599999999994,3172.7199999999993,42.56,27800.0,5400.0
2,B6T0000000581,4,10,64,1,6,10,8,0,3172.7199999999993,3214.959999999999,42.24,27800.0,5400.0
2,B6T0000000581,3,11,63,0,9,11,7,1,3214.959999999999,3256.7199999999993,41.760000000000005,27800.0,5400.0
2,B6T0000000581,3,11,63,1,9,12,6,0,3256.7199999999993,3298.7999999999993,42.08,27800.0,5400.0
2,B6T0000000581,4,11,63,0,9,12,6,1,3298.7999999999993,3341.039999999999,42.24,27800.0,5400.0
2,B6T0000000581,4,11,63,1,10,10,8,0,3341.039999999999,3382.959999999999,41.92,27800.0,5400.0
2,B6T0000000471,3,12,63,0,10,11,8,1,3382.959999999999,3424.559999999999,41.6,28200.0,5800.0
2,B6T0000000471,3,12,63,1,11,11,8,0,3424.559999999999,3466.159999999999,41.6,28200.0,5800.0
2,B6T0000000471,4,12,63,0,11,11,8,1,3466.159999999999,3507.759999999999,41.6,28200.0,5800.0
2,B6T0000000471,4,12,63,1,12,10,9,0,3507.759999999999,3549.199999999999,41.44,28200.0,5800.0
2,B6T0000001220,3,12,65,0,2,17,4,0,3549.199999999999,3591.9199999999987,42.72,29000.0,6600.0
2,B6T0000001220,3,12,65,1,2,17,4,1,3591.9199999999987,3635.4399999999987,43.52,29000.0,6600.0
2,B6T0000001220,4,12,65,0,3,17,4,0,3635.4399999999987,3678.9599999999987,43.52,29000.0,6600.0
2,B6T0000001220,4,12,65,1,3,17,4,1,3678.9599999999987,3722.4799999999987,43.52,29000.0,6600.0
2,B6T0000000261,3,43,58,0,8,43,2,1,3722.4799999999987,3771.5169230769216,49.036923076923074,38650.0,16250.0
2,B6T0000000261,3,43,58,1,9,43,2,0,3771.5169230769216,3813.4369230769216,41.92,38650.0,16250.0
2,B6T0000000261,4,43,58,0,9,43,2,1,3813.4369230769216,3855.3569230769217,41.92,38650.0,16250.0
2,B6T0000000261,4,43,58,1,10,43,2,0,3855.3569230769217,3897.276923076922,41.92,38650.0,16250.0
2,B6T0000000581,3,9,64,0,2,11,7,0,3897.276923076922,3951.3969230769217,54.120000000000005,27400.0,5400.0
2,B6T0000000581,3,9,64,1,2,11,7,1,3951.3969230769217,3993.6369230769214,42.24,27400.0,5400.0
2,B6T0000000581,4,9,64,0,2,12,6,0,3993.6369230769214,4036.0369230769215,42.400000000000006,27400.0,5400.0
2,B6T0000000581,4,9,64,1,2,12,6,1,4036.0369230769215,4078.5969230769215,42.56,27400.0,5400.0
2,B6T0000000581,3,10,63,0,4,10,8,1,4078.5969230769215,4120.516923076922,41.92,27400.0,5400.0
2,B6T0000000581,3,10,63,1,4,11,7,0,4120.516923076922,4162.276923076922,41.760000000000005,27400.0,5400.0
2,B6T0000000581,4,10,63,0,4,11,7,1,4162.276923076922,4204.196923076922,41.92,27400.0,5400.0
2,B6T0000000581,4,10,63,1,4,12,6,0,4204.196923076922,4246.276923076922,42.08,27400.0,5400.0
2,B6T0000000581,3,11,62,0,8,10,8,1,4246.276923076922,4287.876923076922,41.6,27400.0,5400.0
2,B6T0000000581,3,11,62,1,8,11,7,0,4287.876923076922,4329.316923076922,41.44,27400.0,5400.0
2,B6T0000000581,4,11,62,0,8,11,7,1,4329.316923076922,4370.916923076922,41.6,27400.0,5400.0
2,B6T0000000581,4,11,62,1,8,12,6,0,4370.916923076922,4412.676923076922,41.760000000000005,27400.0,5400.0
2,B6T0000000581,3,12,61,0,13,10,8,0,4412.676923076922,4453.956923076922,41.28,27400.0,5400.0
2,B6T0000000581,3,12,61,1,13,10,8,1,4453.956923076922,4494.916923076922,40.96,27400.0,5400.0
2,B6T0000000581,4,12,61,0,13,11,7,0,4494.916923076922,4536.036923076922,41.120000000000005,27400.0,5400.0
2,B6T0000000471,3,12,62,0,4,11,8,1,4536.036923076922,4577.476923076922,41.44,27800.0,5800.0
2,B6T0000000471,3,12,62,1,5,11,8,0,4577.476923076922,4618.756923076921,41.28,27800.0,5800.0
2,B6T0000000471,4,12,62,0,5,11,8,1,4618.756923076921,4660.036923076921,41.28,27800.0,5800.0
2,B6T0000000471,4,12,62,1,6,11,8,0,4660.036923076921,4701.316923076921,41.28,27800.0,5800.0
2,B6T0000001220,3,13,63,0,9,16,5,1,4701.316923076921,4743.396923076921,42.08,28600.0,6600.0
2,B6T0000001220,3,13,63,1,9,17,4,0,4743.396923076921,4786.116923076921,42.72,28600.0,6600.0
2,B6T0000001220,4,13,63,0,9,17,4,1,4786.116923076921,4828.996923076921,42.88,28600.0,6600.0
2,B6T0000001220,4,13,63,1,10,16,5,0,4828.996923076921,4871.716923076921,42.72,28600.0,6600.0
2,B6T0000000810,3,15,57,0,4,9,8,1,4871.716923076921,4911.876923076921,40.16,27000.0,5000.0
2,B6T0000000810,3,15,57,1,5,9,8,0,4911.876923076921,4951.5569230769215,39.68,27000.0,5000.0
2,B6T0000000810,4,15,57,0,5,9,8,1,4951.5569230769215,4991.236923076922,39.68,27000.0,5000.0
2,B6T0000000810,4,15,57,1,6,9,8,0,4991.236923076922,5030.916923076922,39.68,27000.0,5000.0
2,B6T0000001367,3,1,63,0,3,5,6,1,5030.916923076922,5072.836923076922,41.92,25300.0,3300.0
2,B6T0000001367,3,1,63,1,4,3,7,0,5072.836923076922,5114.916923076922,42.08,25300.0,3300.0
2,B6T0000001367,4,1,63,0,4,3,7,1,5114.916923076922,5156.836923076922,41.92,25300.0,3300.0
2,B6T0000001367,4,1,63,1,4,5,6,0,5156.836923076922,5198.916923076922,42.08,25300.0,3300.0
2,B6T0000000261,3,43,56,0,9,43,1,1,5198.916923076922,5254.1015384615375,55.184615384615384,37850.0,15850.0
2,B6T0000000261,3,43,56,1,10,43,1,0,5254.1015384615375,5295.701538461538,41.6,37850.0,15850.0
2,B6T0000000261,4,43,56,0,10,43,1,1,5295.701538461538,5337.301538461538,41.6,37850.0,15850.0
2,B6T0000000261,4,43,56,1,11,43,1,0,5337.301538461538,5378.901538461539,41.6,37850.0,15850.0
2,B6T0000000261,3,43,57,0,2,43,2,1,5378.901538461539,5420.661538461539,41.760000000000005,38250.0,16250.0
2,B6T0000000261,3,43,57,1,3,43,2,0,5420.661538461539,5462.261538461539,41.6,38250.0,16250.0
2,B6T0000000261,4,43,57,0,3,43,2,1,5462.261538461539,5503.86153846154,41.6,38250.0,16250.0
2,B6T0000000261,4,43,57,1,4,43,2,0,5503.86153846154,5545.46153846154,41.6,38250.0,16250.0
2,B6T0000000581,3,11,61,0,6,12,6,1,5545.46153846154,5598.030769230771,52.56923076923077,27000.0,5400.0
2,B6T0000000581,3,11,61,1,7,10,8,0,5598.030769230771,5639.31076923077,41.28,27000.0,5400.0
2,B6T0000000581,4,11,61,0,7,10,8,1,5639.31076923077,5680.27076923077,40.96,27000.0,5400.0
2,B6T0000000581,4,11,61,1,7,11,7,0,5680.27076923077,5721.39076923077,41.120000000000005,27000.0,5400.0
2,B6T0000000581,3,12,60,0,11,10,8,0,5721.39076923077,5762.1907692307705,40.8,27000.0,5400.0
2,B6T0000000581,3,12,60,1,11,10,8,1,5762.1907692307705,5802.830769230771,40.64,27000.0,5400.0
2,B6T0000000581,4,12,60,0,11,11,7,0,5802.830769230771,5843.630769230771,40.8,27000.0,5400.0
2,B6T0000000581,4,12,60,1,11,11,7,1,5843.630769230771,5884.590769230771,40.96,27000.0,5400.0
2,B6T0000000471,4,12,61,1,2,12,7,0,5884.590769230771,5925.870769230771,41.28,27400.0,5800.0
2,B6T0000000471,3,13,60,0,13,11,8,1,5925.870769230771,5966.670769230771,40.8,27400.0,5800.0
2,B6T0000000471,3,13,60,1,14,10,9,0,5966.670769230771,6007.1507692307705,40.480000000000004,27400.0,5800.0
2,B6T0000000471,4,13,60,0,14,10,9,1,6007.1507692307705,6047.47076923077,40.32,27400.0,5800.0
2,B6T0000000471,4,13,60,1,14,11,8,0,6047.47076923077,6087.95076923077,40.480000000000004,27400.0,5800.0
2,B6T0000001220,3,13,62,0,6,16,5,0,6087.95076923077,6129.71076923077,41.760000000000005,28200.0,6600.0
2,B6T0000001220,3,13,62,1,6,16,5,1,6129.71076923077,6171.95076923077,42.24,28200.0,6600.0
2,B6T0000001220,4,13,62,0,6,17,4,0,6171.95076923077,6214.350769230769,42.400000000000006,28200.0,6600.0
2,B6T0000001220,4,13,62,1,6,17,4,1,6214.350769230769,6256.91076923077,42.56,28200.0,6600.0
2,B6T0000000261,3,43,55,0,3,43,1,0,6256.91076923077,6305.627692307693,48.71692307692308,37450.0,15850.0
2,B6T0000000261,3,43,55,1,3,43,1,1,6305.627692307693,6346.907692307693,41.28,37450.0,15850.0
2,B6T0000000261,4,43,55,0,4,43,1,0,6346.907692307693,6388.1876923076925,41.28,37450.0,15850.0
2,B6T0000000261,4,43,55,1,4,43,1,1,6388.1876923076925,6429.467692307692,41.28,37450.0,15850.0
2,B6T0000001854,3,1,61,0,12,8,4,0,6429.467692307692,6486.203076923077,56.73538461538462,24500.0,3100.0
2,B6T0000001854,3,1,61,1,12,8,4,1,6486.203076923077,6528.443076923077,42.24,24500.0,3100.0
2,B6T0000001854,4,1,61,0,13,8,4,0,6528.443076923077,6570.683076923076,42.24,24500.0,3100.0
2,B6T0000001854,4,1,61,1,13,8,4,1,6570.683076923076,6612.923076923076,42.24,24500.0,3100.0
2,B6T0000001367,3,2,61,0,2,5,6,1,6612.923076923076,6654.843076923076,41.92,24700.0,3300.0
2,B6T0000001367,3,2,61,1,3,3,7,0,6654.843076923076,6696.283076923076,41.44,24700.0,3300.0
2,B6T0000001367,4,2,61,0,3,3,7,1,6696.283076923076,6737.563076923076,41.28,24700.0,3300.0
2,B6T0000001367,4,2,61,1,3,5,6,0,6737.563076923076,6779.003076923075,41.44,24700.0,3300.0
2,B6T0000000471,3,13,59,0,8,11,8,1,6779.003076923075,6819.643076923076,40.64,27000.0,5800.0
2,B6T0000000471,3,13,59,1,9,11,8,0,6819.643076923076,6859.963076923075,40.32,27000.0,5800.0
2,B6T0000000471,4,13,59,0,9,11,8,1,6859.963076923075,6900.283076923075,40.32,27000.0,5800.0
2,B6T0000000471,4,13,59,1,10,11,8,0,6900.283076923075,6940.603076923075,40.32,27000.0,5800.0
2,B6T0000001220,4,13,61,0,1,17,4,0,6940.603076923075,6982.203076923075,41.6,27800.0,6600.0
2,B6T0000001220,4,13,61,1,1,17,4,1,6982.203076923075,7024.443076923075,42.24,27800.0,6600.0
2,B6T0000001854,3,1,60,0,8,8,4,0,7024.443076923075,7066.363076923075,41.92,24100.0,3100.0
2,B6T0000001854,3,1,60,1,8,8,4,1,7066.363076923075,7108.283076923075,41.92,24100.0,3100.0
2,B6T0000001854,4,1,60,0,9,8,4,0,7108.283076923075,7150.203076923075,41.92,24100.0,3100.0
2,B6T0000001854,4,1,60,1,9,8,4,1,7150.203076923075,7192.123076923075,41.92,24100.0,3100.0
2,B6T0000001854,3,2,60,0,2,1,8,0,7192.123076923075,7233.403076923075,41.28,24300.0,3300.0
2,B6T0000001854,3,2,60,1,2,1,8,1,7233.403076923075,7274.043076923075,40.64,24300.0,3300.0
2,B6T0000001854,4,2,60,0,3,1,8,0,7274.043076923075,7314.6830769230755,40.64,24300.0,3300.0
2,B6T0000001854,4,2,60,1,3,1,8,1,7314.6830769230755,7355.323076923076,40.64,24300.0,3300.0
2,B6T0000000261,3,44,52,0,13,43,1,1,7355.323076923076,7411.867692307691,56.54461538461538,36750.0,15850.0
2,B6T0000000261,3,44,52,1,14,43,1,0,7411.867692307691,7452.187692307691,40.32,36750.0,15850.0
2,B6T0000000261,4,44,52,0,14,43,1,1,7452.187692307691,7492.50769230769,40.32,36750.0,15850.0
2,B6T0000000261,3,44,53,0,6,43,2,1,7492.50769230769,7532.98769230769,40.480000000000004,37150.0,16250.0
2,B6T0000000261,3,44,53,1,7,43,2,0,7532.98769230769,7573.30769230769,40.32,37150.0,16250.0
2,B6T0000000261,4,44,53,0,7,43,2,1,7573.30769230769,7613.627692307689,40.32,37150.0,16250.0
2,B6T0000000261,4,44,53,1,8,43,2,0,7613.627692307689,7653.947692307689,40.32,37150.0,16250.0
2,B6T0000001220,3,14,59,0,8,16,5,1,7653.947692307689,7704.510769230766,50.56307692307692,27400.0,6600.0
2,B6T0000001220,3,14,59,1,8,17,4,0,7704.510769230766,7745.950769230765,41.44,27400.0,6600.0
2,B6T0000001220,4,14,59,0,8,17,4,1,7745.950769230765,7787.550769230766,41.6,27400.0,6600.0
2,B6T0000001220,4,14,59,1,9,16,5,0,7787.550769230766,7828.990769230765,41.44,27400.0,6600.0
2,B6T0000001854,3,2,59,0,10,8,4,0,7828.990769230765,7870.430769230765,41.44,23900.0,3100.0
2,B6T0000001854,3,2,59,1,10,8,4,1,7870.430769230765,7912.030769230765,41.6,23900.0,3100.0
2,B6T0000001854,4,2,59,0,11,8,4,0,7912.030769230765,7953.6307692307655,41.6,23900.0,3100.0
2,B6T0000001854,4,2,59,1,11,8,4,1,7953.6307692307655,7995.230769230766,41.6,23900.0,3100.0
2,B6T0000001639,3,1,59,0,11,2,7,1,7995.230769230766,8036.350769230766,41.120000000000005,23700.0,3100.0
2,B6T0000001854,3,1,59,1,6,8,4,1,8036.350769230766,8077.470769230766,41.120000000000005,23700.0,3100.0
2,B6T0000001854,4,1,59,0,7,8,4,0,8077.470769230766,8119.070769230766,41.6,23700.0,3100.0
2,B6T0000001854,4,1,59,1,7,8,4,1,8119.070769230766,8160.670769230766,41.6,23700.0,3100.0
2,B6T0000001854,3,3,58,0,14,8,4,0,8160.670769230766,8201.950769230767,41.28,23700.0,3100.0
2,B6T0000001854,3,3,58,1,14,8,4,1,8201.950769230767,8243.230769230768,41.28,23700.0,3100.0
2,B6T0000001367,3,4,58,0,5,3,7,1,8243.230769230768,8284.030769230767,40.8,23900.0,3300.0
2,B6T0000001367,3,4,58,1,5,5,6,0,8284.030769230767,8324.510769230767,40.480000000000004,23900.0,3300.0
2,B6T0000000261,3,44,51,0,7,43,1,1,8324.510769230767,8379.664615384612,55.15384615384615,36350.0,15850.0
2,B6T0000000261,3,44,51,1,8,43,1,0,8379.664615384612,8419.664615384612,40.0,36350.0,15850.0
2,B6T0000000261,4,44,51,0,8,43,1,1,8419.664615384612,8459.664615384612,40.0,36350.0,15850.0
2,B6T0000000261,4,44,51,1,9,43,1,0,8459.664615384612,8499.664615384612,40.0,36350.0,15850.0
2,B6T0000000261,4,44,52,1,1,43,2,0,8499.664615384612,8539.824615384612,40.16,36750.0,16250.0
2,B6T0000001220,3,14,58,0,4,17,4,0,8539.824615384612,8590.38769230769,50.56307692307692,27000.0,6600.0
2,B6T0000001220,3,14,58,1,4,17,4,1,8590.38769230769,8631.66769230769,41.28,27000.0,6600.0
2,B6T0000001220,4,14,58,0,5,17,4,0,8631.66769230769,8672.94769230769,41.28,27000.0,6600.0
2,B6T0000001220,4,14,58,1,5,17,4,1,8672.94769230769,8714.227692307692,41.28,27000.0,6600.0
2,B6T0000001854,4,3,58,0,1,1,8,0,8714.227692307692,8754.867692307691,40.64,23700.0,3300.0
2,B6T0000001854,4,3,58,1,1,1,8,1,8754.867692307691,8794.867692307691,40.0,23700.0,3300.0
2,B6T0000000261,3,44,50,0,1,43,1,0,8794.867692307691,8851.092307692306,56.22461538461539,35950.0,15850.0
2,B6T0000000261,3,44,50,1,1,43,1,1,8851.092307692306,8890.772307692307,39.68,35950.0,15850.0
2,B6T0000000261,4,44,50,0,2,43,1,0,8890.772307692307,8930.452307692307,39.68,35950.0,15850.0
2,B6T0000000261,4,44,50,1,2,43,1,1,8930.452307692307,8970.132307692307,39.68,35950.0,15850.0
2,B6T0000001858,3,3,60,0,12,4,10,0,8970.132307692307,9025.132307692307,55.0,24500.0,4700.0
2,B6T0000001858,3,3,60,1,12,4,10,1,9025.132307692307,9065.132307692307,40.0,24500.0,4700.0
2,B6T0000001858,4,3,60,0,13,4,10,0,9065.132307692307,9105.132307692307,40.0,24500.0,4700.0
2,B6T0000001858,4,3,60,1,13,4,10,1,9105.132307692307,9145.132307692307,40.0,24500.0,4700.0
2,B6T0000000261,3,45,49,0,10,43,2,1,9145.132307692307,9200.883076923077,55.75076923076922,36050.0,16250.0
2,B6T0000000261,3,45,49,1,11,43,2,0,9200.883076923077,9239.923076923078,39.04,36050.0,16250.0
2,B6T0000000261,4,45,49,0,11,43,2,1,9239.923076923078,9278.963076923079,39.04,36050.0,16250.0
2,B6T0000000471,3,14,54,0,3,12,7,1,9278.963076923079,9328.406153846156,49.44307692307692,25400.0,5800.0
2,B6T0000000471,3,14,54,1,4,11,8,0,9328.406153846156,9367.286153846155,38.88,25400.0,5800.0
2,B6T0000000261,3,45,47,0,11,43,1,1,9367.286153846155,9419.953846153847,52.667692307692306,35250.0,15850.0
2,B6T0000000261,3,45,47,1,12,43,1,0,9419.953846153847,9458.673846153846,38.72,35250.0,15850.0
2,B6T0000000261,4,45,47,0,12,43,1,1,9458.673846153846,9497.393846153846,38.72,35250.0,15850.0
2,B6T0000000261,4,45,47,1,13,43,1,0,9497.393846153846,9536.113846153845,38.72,35250.0,15850.0
2,B6T0000000261,3,45,48,0,4,43,2,1,9536.113846153845,9574.993846153844,38.88,35650.0,16250.0
2,B6T0000000261,3,45,48,1,5,43,2,0,9574.993846153844,9613.713846153843,38.72,35650.0,16250.0
2,B6T0000000261,4,45,48,0,5,43,2,1,9613.713846153843,9652.433846153843,38.72,35650.0,16250.0
2,B6T0000000261,4,45,48,1,6,43,2,0,9652.433846153843,9691.153846153842,38.72,35650.0,16250.0
2,B6T0000001607,3,1,62,0,4,7,11,0,9691.153846153842,9746.929230769227,55.77538461538461,24900.0,5700.0
2,B6T0000001607,3,1,62,1,4,7,11,1,9746.929230769227,9787.249230769226,40.32,24900.0,5700.0
2,B6T0000001607,4,1,62,0,5,7,11,0,9787.249230769226,9827.569230769226,40.32,24900.0,5700.0
2,B6T0000001858,4,4,58,0,4,6,9,0,9827.569230769226,9866.929230769227,39.36,23900.0,4700.0
2,B6T0000001858,4,4,58,1,5,4,10,0,9866.929230769227,9906.449230769227,39.52,23900.0,4700.0
2,B6T0000001639,4,1,55,1,11,2,7,0,9906.449230769227,9945.329230769226,38.88,22100.0,3100.0
2,B6T0000000261,3,45,46,0,5,43,1,1,9945.329230769226,10001.37538461538,56.04615384615384,34850.0,15850.0
2,B6T0000000261,3,45,46,1,6,43,1,0,10001.37538461538,10039.77538461538,38.4,34850.0,15850.0
2,B6T0000000261,4,45,46,0,6,43,1,1,10039.77538461538,10078.175384615379,38.4,34850.0,15850.0
2,B6T0000000261,4,45,46,1,7,43,1,0,10078.175384615379,10116.575384615378,38.4,34850.0,15850.0
2,B6T0000001367,3,3,54,0,1,5,6,1,10116.575384615378,10171.255384615379,54.68,22100.0,3300.0
2,B6T0000001367,3,3,54,1,2,3,7,0,10171.255384615379,10210.45538461538,39.2,22100.0,3300.0
2,B6T0000001367,4,7,52,1,5,3,7,0,10210.45538461538,10248.855384615379,38.4,22100.0,3300.0
2,B6T0000000725,3,13,66,0,3,31,1,1,10248.855384615379,10293.372307692302,44.51692307692308,29800.0,11000.0
2,B6T0000000725,3,13,66,1,4,31,1,0,10293.372307692302,10339.526153846147,46.15384615384615,29800.0,11000.0
2,B6T0000000725,4,13,66,0,4,31,1,1,10339.526153846147,10385.679999999993,46.15384615384615,29800.0,11000.0
2,B6T0000001165,3,13,67,0,1,15,19,1,10385.679999999993,10428.436923076915,42.75692307692308,30200.0,11800.0
2,B6T0000001165,3,13,67,1,2,14,20,0,10428.436923076915,10467.636923076916,39.2,30200.0,11800.0
2,B6T0000001854,4,3,52,0,5,8,4,1,10467.636923076916,10504.436923076915,36.800000000000004,21300.0,3100.0
2,B6T0000001854,4,3,52,1,6,8,4,0,10504.436923076915,10543.796923076916,39.36,21300.0,3100.0
2,B6T0000001367,4,8,50,1,4,5,6,1,10543.796923076916,10582.196923076915,38.4,21500.0,3300.0
2,B6T0000000178,3,43,53,0,5,46,4,1,10582.196923076915,10636.42153846153,54.22461538461539,36650.0,18550.0
2,B6T0000000178,3,43,53,1,6,46,4,0,10636.42153846153,10676.101538461531,39.68,36650.0,18550.0
2,B6T0000000178,4,43,53,0,6,46,4,1,10676.101538461531,10715.781538461531,39.68,36650.0,18550.0
2,B6T0000000178,4,43,53,1,7,46,4,0,10715.781538461531,10755.461538461532,39.68,36650.0,18550.0
2,B6T0000000178,3,43,52,0,1,46,4,1,10755.461538461532,10794.821538461532,39.36,36250.0,18550.0
2,B6T0000000178,3,43,52,1,2,46,4,0,10794.821538461532,10834.181538461533,39.36,36250.0,18550.0
2,B6T0000000178,4,43,52,0,2,46,4,1,10834.181538461533,10873.541538461533,39.36,36250.0,18550.0
2,B6T0000000178,4,43,52,1,3,46,4,0,10873.541538461533,10912.901538461534,39.36,36250.0,18550.0
2,B6T0000000725,3,14,62,0,1,31,1,1,10912.901538461534,10967.593846153843,54.692307692307686,28600.0,11000.0
2,B6T0000000725,3,14,62,1,2,31,1,0,10967.593846153843,11012.516923076919,44.92307692307692,28600.0,11000.0
2,B6T0000000725,4,14,62,0,2,31,1,1,11012.516923076919,11057.439999999995,44.92307692307692,28600.0,11000.0
2,B6T0000000725,4,14,62,1,3,31,1,0,11057.439999999995,11102.363076923071,44.92307692307692,28600.0,11000.0
2,B6T0000000178,3,43,51,0,11,45,5,1,11102.363076923071,11141.723076923072,39.36,35850.0,18450.0
2,B6T0000000178,3,43,51,1,12,45,5,0,11141.723076923072,11180.443076923071,38.72,35850.0,18450.0
2,B6T0000000178,4,43,51,0,12,45,5,1,11180.443076923071,11219.16307692307,38.72,35850.0,18450.0
2,B6T0000000178,4,43,51,1,13,45,5,0,11219.16307692307,11257.88307692307,38.72,35850.0,18450.0
2,B6T0000000118,3,43,54,1,1,49,3,0,11257.88307692307,11297.88307692307,40.0,37050.0,19650.0
2,B6T0000000118,4,43,54,0,1,49,3,1,11297.88307692307,11338.20307692307,40.32,37050.0,19650.0
2,B6T0000000118,4,43,54,1,2,49,3,0,11338.20307692307,11378.52307692307,40.32,37050.0,19650.0
2,B6T0000001165,3,14,63,1,1,14,20,0,11378.52307692307,11431.941538461531,53.41846153846153,29000.0,11800.0
2,B6T0000001165,4,14,63,0,1,14,20,1,11431.941538461531,11469.701538461532,37.76,29000.0,11800.0
2,B6T0000001165,4,14,63,1,1,15,19,0,11469.701538461532,11507.621538461532,37.92,29000.0,11800.0
2,B6T0000000178,4,43,50,1,11,45,5,0,11507.621538461532,11556.129230769224,48.50769230769231,35450.0,18450.0
2,B6T0000001236,3,15,58,1,1,19,12,0,11556.129230769224,11606.335384615377,50.206153846153846,27400.0,10600.0
2,B6T0000001236,4,15,58,0,1,19,12,1,11606.335384615377,11645.055384615376,38.72,27400.0,10600.0
2,B6T0000001639,3,3,48,1,10,4,6,1,11645.055384615376,11683.929230769223,38.87384615384615,19700.0,3100.0
2,B6T0000000178,3,44,48,0,3,46,4,1,11683.929230769223,11738.430769230761,54.50153846153846,35150.0,18550.0
2,B6T0000000178,3,44,48,1,4,46,4,0,11738.430769230761,11776.510769230761,38.08,35150.0,18550.0
2,B6T0000000178,4,44,48,0,4,46,4,1,11776.510769230761,11814.590769230761,38.08,35150.0,18550.0
2,B6T0000000178,4,44,48,1,5,46,4,0,11814.590769230761,11852.670769230761,38.08,35150.0,18550.0
2,B6T0000001639,3,2,48,1,10,2,7,1,11852.670769230761,11908.846153846145,56.175384615384615,19500.0,3100.0
2,B6T0000000447,4,12,67,1,1,16,22,0,11908.846153846145,11949.646153846144,40.8,29800.0,13400.0
2,B6T0000000725,4,15,58,1,1,31,1,0,11949.646153846144,11989.252307692299,39.606153846153845,27400.0,11000.0
2,B6T0000000178,3,44,47,0,13,45,5,1,11989.252307692299,12028.203076923068,38.95076923076923,34750.0,18450.0
2,B6T0000000178,3,44,47,1,14,45,5,0,12028.203076923068,12065.643076923068,37.44,34750.0,18450.0
2,B6T0000000178,4,44,47,0,14,45,5,1,12065.643076923068,12103.083076923069,37.44,34750.0,18450.0
2,B6T0000000178,4,44,47,1,1,46,4,0,12103.083076923069,12140.68307692307,37.599999999999994,34750.0,18550.0
2,B6T0000001367,4,8,45,0,2,3,7,1,12140.68307692307,12194.5323076923,53.849230769230765,19500.0,3300.0
2,B6T0000001367,4,8,45,1,2,5,6,0,12194.5323076923,12230.8523076923,36.32,19500.0,3300.0
2,B6T0000001220,3,18,43,1,8,16,5,0,12230.8523076923,12267.855384615375,37.003076923076925,22600.0,6600.0
2,B6T0000000471,3,17,41,0,2,11,8,0,12267.855384615375,12302.895384615376,35.04,21400.0,5800.0
2,B6T0000000471,3,17,41,1,2,11,8,1,12302.895384615376,12337.455384615376,34.56,21400.0,5800.0
2,B6T0000001639,3,4,45,1,10,4,6,0,12337.455384615376,12373.615384615376,36.160000000000004,18700.0,3100.0
2,B6T0000001299,4,13,66,1,1,24,16,0,12373.615384615376,12415.215384615376,41.6,29800.0,14200.0
2,B6T0000000094,3,43,54,0,13,47,11,0,12415.215384615376,12457.864615384608,42.64923076923077,37050.0,21850.0
2,B6T0000000219,3,43,50,0,4,48,6,0,12457.864615384608,12495.144615384608,37.28,35450.0,20350.0
2,B6T0000001607,3,6,49,0,3,7,11,0,12495.144615384608,12551.147692307684,56.00307692307692,20700.0,5700.0
2,B6T0000001607,3,6,49,1,3,7,11,1,12551.147692307684,12587.307692307684,36.16,20700.0,5700.0
2,B6T0000001299,3,14,63,0,2,24,16,0,12587.307692307684,12627.147692307684,39.84,29000.0,14200.0
2,B6T0000000219,3,43,49,0,2,48,6,0,12627.147692307684,12669.796923076916,42.64923076923077,35050.0,20350.0
2,B6T0000000219,3,43,49,1,2,48,6,1,12669.796923076916,12707.556923076916,37.76,35050.0,20350.0
2,B6T0000000219,4,43,49,0,3,48,6,0,12707.556923076916,12745.316923076916,37.76,35050.0,20350.0
2,B6T0000000219,4,43,49,1,3,48,6,1,12745.316923076916,12783.076923076917,37.76,35050.0,20350.0
2,B6T0000000261,4,48,31,1,5,43,1,0,12783.076923076917,12815.876923076916,32.8,30350.0,15850.0
2,B6T0000000447,3,14,60,0,1,16,22,1,12815.876923076916,12863.879999999992,48.003076923076925,27800.0,13400.0
2,B6T0000000719,3,13,61,0,1,24,15,0,12863.879999999992,12901.479999999992,37.6,27800.0,13800.0
2,B6T0000001508,4,1,62,1,2,2,27,0,12901.479999999992,12942.926153846147,41.44615384615385,24900.0,11100.0
2,B6T0000000094,3,44,49,0,11,47,11,0,12942.926153846147,12997.08307692307,54.15692307692308,35550.0,21850.0
2,B6T0000000094,3,44,49,1,11,47,11,1,12997.08307692307,13033.24307692307,36.16,35550.0,21850.0
2,B6T0000000094,4,44,49,0,12,47,11,0,13033.24307692307,13069.40307692307,36.16,35550.0,21850.0
2,B6T0000000094,4,44,49,1,12,47,11,1,13069.40307692307,13105.56307692307,36.16,35550.0,21850.0
2,B6T0000001299,3,15,59,0,1,24,16,1,13105.56307692307,13156.827692307686,51.26461538461538,27800.0,14200.0
2,B6T0000001299,3,15,59,1,1,25,15,0,13156.827692307686,13194.747692307687,37.92,27800.0,14200.0
2,B6T0000001299,4,15,59,0,2,23,17,0,13194.747692307687,13232.507692307687,37.76,27800.0,14200.0
2,B6T0000001299,4,15,59,1,2,23,17,1,13232.507692307687,13269.947692307687,37.44,27800.0,14200.0
2,B6T0000000219,3,43,46,1,1,48,6,0,13269.947692307687,13312.732307692302,42.784615384615385,33850.0,20350.0
2,B6T0000001639,3,1,41,1,8,2,7,1,13312.732307692302,13369.63384615384,56.901538461538465,16500.0,3100.0
2,B6T0000000261,4,49,28,0,1,43,2,1,13369.63384615384,13426.1723076923,56.53846153846153,29650.0,16250.0
2,B6T0000000261,4,49,28,1,2,43,2,0,13426.1723076923,13459.40307692307,33.230769230769226,29650.0,16250.0
2,B6T0000001508,3,3,59,0,2,2,27,1,13459.40307692307,13511.523076923071,52.120000000000005,24100.0,11100.0
2,B6T0000001508,3,3,59,1,3,2,27,0,13511.523076923071,13545.763076923071,34.24,24100.0,11100.0
2,B6T0000001508,4,3,59,0,3,2,27,1,13545.763076923071,13580.00307692307,34.24,24100.0,11100.0
2,B6T0000001508,4,3,59,1,4,2,27,0,13580.00307692307,13614.24307692307,34.24,24100.0,11100.0
2,B6T0000001639,3,5,37,1,9,4,6,1,13614.24307692307,13644.80307692307,30.560000000000002,15700.0,3100.0
2,B6T0000001639,4,8,35,1,10,2,7,0,13644.80307692307,13677.92307692307,33.120000000000005,15500.0,3100.0
2,B6T0000001639,4,2,37,1,6,4,6,0,13677.92307692307,13711.683076923071,33.760000000000005,15100.0,3100.0
2,B6T0000000219,4,45,39,1,1,48,6,1,13711.683076923071,13765.19384615384,53.51076923076923,32050.0,20350.0
2,B6T0000000581,3,15,32,1,1,12,6,1,13765.19384615384,13814.507692307685,49.31384615384616,17000.0,5400.0
2,B6T0000000455,3,11,68,0,1,24,26,1,13814.507692307685,13856.427692307685,41.92,29800.0,18200.0
2,B6T0000000340,3,11,68,1,1,28,22,0,13856.427692307685,13898.889230769224,42.46153846153846,29800.0,18200.0
2,B6T0000000340,4,11,68,0,1,28,22,1,13898.889230769224,13943.8123076923,44.92307692307692,29800.0,18200.0
2,B6T0000000340,4,11,68,1,2,28,22,0,13943.8123076923,13988.735384615376,44.92307692307692,29800.0,18200.0
2,B6T0000000581,4,21,25,1,10,12,6,1,13988.735384615376,14022.58153846153,33.84615384615385,16600.0,5400.0
2,B6T0000001639,4,5,33,1,8,2,7,0,14022.58153846153,14055.06153846153,32.480000000000004,14100.0,3100.0
2,B6T0000001854,4,1,35,0,5,8,4,0,14055.06153846153,14088.50153846153,33.44,14100.0,3100.0
2,B6T0000000605,4,13,65,1,1,40,11,0,14088.50153846153,14138.876923076916,50.37538461538462,29400.0,18600.0
2,B6T0000001858,3,7,35,0,2,6,9,1,14138.876923076916,14186.88307692307,48.00615384615385,15300.0,4700.0
2,B6T0000001858,3,7,35,1,3,6,9,0,14186.88307692307,14219.20307692307,32.32,15300.0,4700.0
2,B6T0000001858,4,7,35,0,3,6,9,1,14219.20307692307,14251.52307692307,32.32,15300.0,4700.0
2,B6T0000000581,3,18,26,1,2,10,8,0,14251.52307692307,14287.06153846153,35.53846153846153,15800.0,5400.0
2,B6T0000000455,4,12,64,1,1,24,26,0,14287.06153846153,14327.406153846146,40.34461538461538,28600.0,18200.0
2,B6T0000001639,3,6,31,0,6,4,6,1,14327.406153846146,14365.713846153838,38.30769230769231,13500.0,3100.0
2,B6T0000001639,3,6,31,1,7,4,6,0,14365.713846153838,14397.713846153838,32.0,13500.0,3100.0
2,B6T0000001639,4,6,31,0,7,4,6,1,14397.713846153838,14429.713846153838,32.0,13500.0,3100.0
2,B6T0000001639,4,5,31,1,5,4,6,1,14429.713846153838,14461.713846153838,32.0,13300.0,3100.0
2,B6T0000000471,4,23,21,1,13,11,8,0,14461.713846153838,14503.406153846146,41.69230769230769,15800.0,5800.0
2,B6T0000001607,3,3,38,0,2,7,11,0,14503.406153846146,14536.526153846147,33.120000000000005,15700.0,5700.0
2,B6T0000001607,3,3,38,1,2,7,11,1,14536.526153846147,14569.166153846147,32.64,15700.0,5700.0
2,B6T0000001367,3,4,31,0,1,5,6,0,14569.166153846147,14600.366153846147,31.2,13100.0,3300.0
2,B6T0000001639,4,8,28,1,8,4,6,0,14600.366153846147,14631.406153846148,31.04,12700.0,3100.0
2,B6T0000001639,3,5,28,0,5,4,6,0,14631.406153846148,14662.44615384615,31.04,12100.0,3100.0
2,B6T0000000581,3,19,21,1,1,13,5,1,14662.44615384615,14697.98461538461,35.53846153846154,14200.0,5400.0
2,B6T0000000471,4,24,17,1,13,10,9,1,14697.98461538461,14737.369230769225,39.38461538461539,14600.0,5800.0
2,B6T0000000471,4,17,23,0,1,12,7,0,14737.369230769225,14768.75384615384,31.384615384615383,14200.0,5800.0
2,B6T0000000471,4,17,23,1,1,12,7,1,14768.75384615384,14798.907692307686,30.153846153846153,14200.0,5800.0
2,B6T0000001639,3,4,27,1,2,4,6,1,14798.907692307686,14829.806153846148,30.89846153846154,11500.0,3100.0
2,B6T0000001639,4,4,27,0,3,4,6,0,14829.806153846148,14860.526153846147,30.72,11500.0,3100.0
2,B6T0000001639,4,4,27,1,3,4,6,1,14860.526153846147,14891.246153846147,30.72,11500.0,3100.0
2,B6T0000001639,4,7,24,1,4,4,6,1,14891.246153846147,14921.006153846147,29.759999999999998,10900.0,3100.0
2,B6T0000001665,4,1,30,1,5,7,8,0,14921.006153846147,14952.366153846147,31.36,12100.0,4500.0
2,B6T0000000581,4,13,23,0,1,11,7,0,14952.366153846147,14982.156923076916,29.79076923076923,12600.0,5400.0
2,B6T0000000581,4,13,23,1,1,11,7,1,14982.156923076916,15011.276923076917,29.12,12600.0,5400.0
2,B6T0000001665,4,2,28,0,4,7,8,0,15011.276923076917,15042.015384615379,30.738461538461536,11500.0,4500.0
2,B6T0000001665,4,2,28,1,4,7,8,1,15042.015384615379,15072.415384615379,30.4,11500.0,4500.0
2,B6T0000001639,4,5,23,1,2,4,6,0,15072.415384615379,15101.53538461538,29.12,10100.0,3100.0
2,B6T0000001639,3,8,21,1,4,4,6,0,15101.53538461538,15130.335384615379,28.8,9900.0,3100.0
2,B6T0000001607,4,7,28,0,1,7,11,0,15130.335384615379,15160.575384615378,30.240000000000002,12500.0,5700.0
2,B6T0000001607,4,7,28,1,1,7,11,1,15160.575384615378,15190.015384615379,29.44,12500.0,5700.0
2,B6T0000001355,3,9,22,0,2,6,7,0,15190.015384615379,15218.175384615379,28.16,10600.0,3900.0
2,B6T0000001355,3,9,22,1,2,6,7,1,15218.175384615379,15246.975384615378,28.8,10600.0,3900.0
2,B6T0000001355,4,9,22,0,3,6,7,0,15246.975384615378,15275.775384615377,28.8,10600.0,3900.0
2,B6T0000000581,4,16,18,1,1,12,6,0,15275.775384615377,15307.621538461532,31.846153846153847,11800.0,5400.0
2,B6T0000001146,4,14,37,0,1,33,2,0,15307.621538461532,15348.27384615384,40.652307692307694,18600.0,12200.0
2,B6T0000001146,4,14,37,1,1,33,2,1,15348.27384615384,15395.658461538455,47.38461538461539,18600.0,12200.0
2,B6T0000001665,4,1,26,0,2,7,8,0,15395.658461538455,15439.92307692307,44.26461538461538,10500.0,4500.0
2,B6T0000001665,4,1,26,1,2,7,8,1,15439.92307692307,15469.683076923071,29.759999999999998,10500.0,4500.0
2,B6T0000000810,3,29,3,0,3,9,8,1,15469.683076923071,15519.067692307686,49.38461538461539,11000.0,5000.0
2,B6T0000000810,3,29,3,1,4,9,8,0,15519.067692307686,15567.683076923071,48.61538461538461,11000.0,5000.0
2,B6T0000000471,4,18,15,0,1,11,8,0,15567.683076923071,15601.529230769225,33.84615384615385,11400.0,5800.0
2,B6T0000000471,4,18,15,1,1,11,8,1,15601.529230769225,15634.14461538461,32.61538461538461,11400.0,5800.0
2,B6T0000000810,3,24,6,0,10,15,1,0,15634.14461538461,15671.683076923071,37.53846153846154,10200.0,4600.0
2,B6T0000000810,3,24,6,1,10,15,1,1,15671.683076923071,15706.759999999995,35.07692307692308,10200.0,4600.0
2,B6T0000000810,4,24,6,0,11,15,1,0,15706.759999999995,15741.836923076919,35.07692307692308,10200.0,4600.0
2,B6T0000000810,4,24,6,1,11,15,1,1,15741.836923076919,15776.913846153842,35.07692307692308,10200.0,4600.0
2,B6T0000001639,3,12,14,0,8,4,6,1,15776.913846153842,15806.532307692303,29.61846153846154,8600.0,3100.0
2,B6T0000001639,3,12,14,1,9,2,7,0,15806.532307692303,15838.224615384612,31.692307692307693,8600.0,3100.0
2,B6T0000001639,4,12,14,0,9,2,7,1,15838.224615384612,15870.532307692303,32.30769230769231,8600.0,3100.0
2,B6T0000001639,4,12,14,1,9,4,6,0,15870.532307692303,15902.224615384612,31.692307692307693,8600.0,3100.0
2,B6T0000000581,4,23,8,1,2,10,8,1,15902.224615384612,15944.532307692303,42.30769230769231,10600.0,5400.0
2,B6T0000001665,4,4,22,1,3,7,8,1,15944.532307692303,15973.079999999996,28.54769230769231,9500.0,4500.0
2,B6T0000001367,4,7,17,0,1,3,7,0,15973.079999999996,16000.119999999997,27.04,8100.0,3300.0
2,B6T0000001367,4,7,17,1,1,3,7,1,16000.119999999997,16027.319999999998,27.2,8100.0,3300.0
2,B6T0000001665,3,4,21,1,3,7,8,0,16027.319999999998,16055.639999999998,28.32,9100.0,4500.0
2,B6T0000001858,3,7,20,1,1,6,9,0,16055.639999999998,16083.319999999998,27.68,9300.0,4700.0
2,B6T0000001858,4,7,20,0,1,6,9,1,16083.319999999998,16110.839999999998,27.52,9300.0,4700.0
2,B6T0000001858,4,7,20,1,2,6,9,0,16110.839999999998,16138.359999999999,27.52,9300.0,4700.0
2,B6T0000001665,4,3,21,1,1,7,8,1,16138.359999999999,16166.359999999999,28.0,8900.0,4500.0
2,B6T0000001639,3,2,18,1,1,4,6,0,16166.359999999999,16193.88,27.52,7500.0,3100.0
2,B6T0000001639,4,2,18,0,1,4,6,1,16193.88,16221.72,27.84,7500.0,3100.0
2,B6T0000000581,3,23,3,1,1,13,5,0,16221.72,16262.181538461538,40.46153846153846,8600.0,5400.0
2,B6T0000000810,3,21,3,0,8,15,1,0,16262.181538461538,16294.796923076923,32.61538461538461,7800.0,4600.0
2,B6T0000000810,3,21,3,1,8,15,1,1,16294.796923076923,16326.181538461538,31.384615384615383,7800.0,4600.0
2,B6T0000000810,4,21,3,0,9,15,1,0,16326.181538461538,16357.566153846154,31.384615384615383,7800.0,4600.0
2,B6T0000000810,4,21,3,1,9,15,1,1,16357.566153846154,16388.95076923077,31.384615384615383,7800.0,4600.0
2,B6T0000001665,3,5,16,1,1,7,8,0,16388.95076923077,16419.307692307695,30.356923076923078,7300.0,4500.0
2,B6T0000001355,4,9,11,0,1,6,7,0,16419.307692307695,16445.153846153848,25.846153846153847,6200.0,3900.0
2,B6T0000001355,4,9,11,1,1,6,7,1,16445.153846153848,16471.307692307695,26.153846153846153,6200.0,3900.0
3,B6T0000000932,5,9,68,0,14,9,8,1,0.0,44.4,44.4,29000.0,5000.0
3,B6T0000000932,5,9,68,1,14,10,7,0,44.4,87.75999999999999,43.36,29000.0,5000.0
3,B6T0000001382,5,1,64,0,7,4,3,1,87.75999999999999,130.64,42.88,25700.0,1900.0
3,B6T0000001382,5,1,64,1,8,4,3,0,130.64,174.16,43.52,25700.0,1900.0
3,B6T0000001382,6,1,64,0,8,4,3,1,174.16,217.68,43.52,25700.0,1900.0
3,B6T0000001382,6,1,64,1,9,4,3,0,217.68,261.2,43.52,25700.0,1900.0
3,B6T0000000932,5,9,67,0,10,10,7,1,261.2,305.03999999999996,43.84,28600.0,5000.0
3,B6T0000000932,5,9,67,1,11,10,7,0,305.03999999999996,348.23999999999995,43.2,28600.0,5000.0
3,B6T0000000932,6,9,67,0,11,10,7,1,348.23999999999995,391.43999999999994,43.2,28600.0,5000.0
3,B6T0000000932,6,9,67,1,12,10,7,0,391.43999999999994,434.63999999999993,43.2,28600.0,5000.0
3,B6T0000001382,5,1,63,1,2,4,3,1,434.63999999999993,477.19999999999993,42.56,25300.0,1900.0
3,B6T0000001382,6,1,63,0,2,6,2,0,477.19999999999993,520.56,43.36,25300.0,1900.0
3,B6T0000001382,6,1,63,1,2,6,2,1,520.56,564.0799999999999,43.52,25300.0,1900.0
3,B6T0000000932,5,9,66,0,6,10,7,1,564.0799999999999,607.76,43.68000000000001,28200.0,5000.0
3,B6T0000000932,5,9,66,1,7,10,7,0,607.76,650.64,42.88,28200.0,5000.0
3,B6T0000000932,6,9,66,0,7,10,7,1,650.64,693.52,42.88,28200.0,5000.0
3,B6T0000000932,6,9,66,1,8,10,7,0,693.52,736.4,42.88,28200.0,5000.0
3,B6T0000000469,5,10,68,0,2,15,5,0,736.4,780.24,43.84,29400.0,6200.0
3,B6T0000000469,5,10,68,1,2,15,5,1,780.24,824.4,44.160000000000004,29400.0,6200.0
3,B6T0000000469,6,10,68,0,2,16,4,0,824.4,868.72,44.32000000000001,29400.0,6200.0
3,B6T0000000469,6,10,68,1,2,16,4,1,868.72,913.2,44.480000000000004,29400.0,6200.0
3,B6T0000000469,5,11,67,0,9,15,5,0,913.2,957.2,44.0,29400.0,6200.0
3,B6T0000000469,5,11,67,1,9,15,5,1,957.2,1001.0400000000001,43.84,29400.0,6200.0
3,B6T0000000469,6,11,67,0,9,16,4,0,1001.0400000000001,1045.04,44.0,29400.0,6200.0
3,B6T0000000469,6,11,67,1,9,16,4,1,1045.04,1089.2,44.160000000000004,29400.0,6200.0
3,B6T0000001382,5,2,62,0,5,4,3,1,1089.2,1131.92,42.72,25100.0,1900.0
3,B6T0000001382,5,2,62,1,6,4,3,0,1131.92,1174.8000000000002,42.88,25100.0,1900.0
3,B6T0000001382,6,2,62,0,6,4,3,1,1174.8000000000002,1217.6800000000003,42.88,25100.0,1900.0
3,B6T0000001382,6,2,62,1,7,4,3,0,1217.6800000000003,1260.5600000000004,42.88,25100.0,1900.0
3,B6T0000000932,5,9,65,0,4,11,6,0,1260.5600000000004,1303.9200000000003,43.36,27800.0,5000.0
3,B6T0000000932,5,9,65,1,5,10,7,0,1303.9200000000003,1346.6400000000003,42.72,27800.0,5000.0
3,B6T0000000932,6,9,65,0,5,10,7,1,1346.6400000000003,1389.2000000000003,42.56,27800.0,5000.0
3,B6T0000000932,6,9,65,1,6,10,7,0,1389.2000000000003,1431.7600000000002,42.56,27800.0,5000.0
3,B6T0000000932,5,10,64,0,12,10,7,1,1431.7600000000002,1474.0000000000002,42.24,27800.0,5000.0
3,B6T0000000932,5,10,64,1,13,10,7,0,1474.0000000000002,1516.2400000000002,42.24,27800.0,5000.0
3,B6T0000000932,6,10,64,0,13,10,7,1,1516.2400000000002,1558.4800000000002,42.24,27800.0,5000.0
3,B6T0000000932,6,10,64,1,14,9,8,0,1558.4800000000002,1600.5600000000002,42.08,27800.0,5000.0
3,B6T0000001370,5,1,61,0,8,5,2,0,1600.5600000000002,1642.4800000000002,41.92,24500.0,1700.0
3,B6T0000001370,5,1,61,1,8,5,2,1,1642.4800000000002,1685.3600000000004,42.88,24500.0,1700.0
3,B6T0000001370,6,1,61,0,9,5,2,0,1685.3600000000004,1728.2400000000005,42.88,24500.0,1700.0
3,B6T0000001370,6,1,61,1,9,5,2,1,1728.2400000000005,1771.1200000000006,42.88,24500.0,1700.0
3,B6T0000000469,5,11,66,0,6,15,5,0,1771.1200000000006,1815.1200000000006,44.0,29000.0,6200.0
3,B6T0000000469,5,11,66,1,6,15,5,1,1815.1200000000006,1858.6400000000006,43.52,29000.0,6200.0
3,B6T0000000469,6,11,66,0,6,16,4,0,1858.6400000000006,1902.3200000000006,43.68,29000.0,6200.0
3,B6T0000000469,6,11,66,1,6,16,4,1,1902.3200000000006,1946.1600000000005,43.84,29000.0,6200.0
3,B6T0000001382,5,3,60,0,4,4,3,1,1946.1600000000005,1988.2400000000005,42.08,24500.0,1900.0
3,B6T0000001382,5,3,60,1,4,6,2,0,1988.2400000000005,2030.6400000000006,42.400000000000006,24500.0,1900.0
3,B6T0000001382,6,3,60,0,4,6,2,1,2030.6400000000006,2073.2000000000007,42.56,24500.0,1900.0
3,B6T0000001382,6,3,60,1,5,4,3,0,2073.2000000000007,2115.600000000001,42.400000000000006,24500.0,1900.0
3,B6T0000000932,5,9,64,0,3,11,6,0,2115.600000000001,2158.640000000001,43.040000000000006,27400.0,5000.0
3,B6T0000000932,5,9,64,1,3,11,6,1,2158.640000000001,2201.2000000000007,42.56,27400.0,5000.0
3,B6T0000000932,6,9,64,0,4,10,7,0,2201.2000000000007,2243.600000000001,42.400000000000006,27400.0,5000.0
3,B6T0000000932,6,9,64,1,4,10,7,1,2243.600000000001,2285.8400000000006,42.24,27400.0,5000.0
3,B6T0000000932,5,10,63,0,8,10,7,1,2285.8400000000006,2327.7600000000007,41.92,27400.0,5000.0
3,B6T0000000932,5,10,63,1,9,10,7,0,2327.7600000000007,2369.6800000000007,41.92,27400.0,5000.0
3,B6T0000000932,6,10,63,0,9,10,7,1,2369.6800000000007,2411.600000000001,41.92,27400.0,5000.0
3,B6T0000000932,6,10,63,1,10,10,7,0,2411.600000000001,2453.520000000001,41.92,27400.0,5000.0
3,B6T0000001370,6,1,60,1,5,5,2,0,2453.520000000001,2495.280000000001,41.760000000000005,24100.0,1700.0
3,B6T0000000469,5,11,65,0,4,15,5,0,2495.280000000001,2538.960000000001,43.68,28600.0,6200.0
3,B6T0000000469,5,11,65,1,4,15,5,1,2538.960000000001,2582.1600000000008,43.2,28600.0,6200.0
3,B6T0000000469,6,11,65,0,4,16,4,0,2582.1600000000008,2625.520000000001,43.36,28600.0,6200.0
3,B6T0000000469,6,11,65,1,4,16,4,1,2625.520000000001,2669.040000000001,43.52,28600.0,6200.0
3,B6T0000000469,5,12,64,0,10,16,4,1,2669.040000000001,2712.2400000000007,43.2,28600.0,6200.0
3,B6T0000001370,5,2,59,0,6,5,2,0,2712.2400000000007,2754.1600000000008,41.92,23900.0,1700.0
3,B6T0000001370,5,2,59,1,6,5,2,1,2754.1600000000008,2796.4000000000005,42.24,23900.0,1700.0
3,B6T0000001370,6,2,59,0,7,5,2,0,2796.4000000000005,2838.6400000000003,42.24,23900.0,1700.0
3,B6T0000001370,6,2,59,1,7,5,2,1,2838.6400000000003,2880.88,42.24,23900.0,1700.0
3,B6T0000001370,5,3,58,0,11,5,2,0,2880.88,2922.8,41.92,23700.0,1700.0
3,B6T0000001370,5,3,58,1,11,5,2,1,2922.8,2964.7200000000003,41.92,23700.0,1700.0
3,B6T0000001370,6,3,58,0,12,5,2,0,2964.7200000000003,3006.6400000000003,41.92,23700.0,1700.0
3,B6T0000001370,6,3,58,1,12,5,2,1,3006.6400000000003,3048.5600000000004,41.92,23700.0,1700.0
3,B6T0000000469,5,11,64,0,1,15,5,0,3048.5600000000004,3091.9200000000005,43.36,28200.0,6200.0
3,B6T0000000469,5,11,64,1,1,15,5,1,3091.9200000000005,3134.8000000000006,42.88,28200.0,6200.0
3,B6T0000000469,6,11,64,0,1,16,4,0,3134.8000000000006,3177.8400000000006,43.04,28200.0,6200.0
3,B6T0000000469,6,11,64,1,1,16,4,1,3177.8400000000006,3221.0400000000004,43.2,28200.0,6200.0
3,B6T0000000469,5,12,63,0,8,15,5,0,3221.0400000000004,3263.76,42.72,28200.0,6200.0
3,B6T0000000469,5,12,63,1,8,15,5,1,3263.76,3306.32,42.56,28200.0,6200.0
3,B6T0000000469,6,12,63,0,8,16,4,0,3306.32,3349.04,42.72,28200.0,6200.0
3,B6T0000000469,6,12,63,1,8,16,4,1,3349.04,3391.92,42.88,28200.0,6200.0
3,B6T0000001382,5,4,58,0,3,4,3,1,3391.92,3433.36,41.44,23900.0,1900.0
3,B6T0000001382,5,4,58,1,3,6,2,0,3433.36,3475.1200000000003,41.760000000000005,23900.0,1900.0
3,B6T0000001382,6,4,58,0,3,6,2,1,3475.1200000000003,3517.0400000000004,41.92,23900.0,1900.0
3,B6T0000001382,6,4,58,1,4,4,3,0,3517.0400000000004,3558.8000000000006,41.760000000000005,23900.0,1900.0
3,B6T0000001382,5,5,57,0,9,4,3,1,3558.8000000000006,3600.080000000001,41.28,23700.0,1900.0
3,B6T0000001382,5,5,57,1,10,4,3,0,3600.080000000001,3641.360000000001,41.28,23700.0,1900.0
3,B6T0000001382,6,5,57,0,12,4,3,1,3641.360000000001,3682.6400000000012,41.28,23700.0,1900.0
3,B6T0000001427,5,4,59,0,7,1,6,0,3682.6400000000012,3724.0800000000013,41.44,24300.0,2500.0
3,B6T0000000469,5,12,62,0,5,15,5,0,3724.0800000000013,3766.160000000001,42.08,27800.0,6200.0
3,B6T0000000469,5,12,62,1,5,15,5,1,3766.160000000001,3808.400000000001,42.24,27800.0,6200.0
3,B6T0000000469,6,12,62,0,5,16,4,0,3808.400000000001,3850.800000000001,42.400000000000006,27800.0,6200.0
3,B6T0000000469,6,12,62,1,5,16,4,1,3850.800000000001,3893.360000000001,42.56,27800.0,6200.0
3,B6T0000001382,6,5,56,1,3,4,3,0,3893.360000000001,3934.160000000001,40.8,23300.0,1900.0
3,B6T0000000469,5,12,61,0,3,15,5,0,3934.160000000001,3976.400000000001,42.24,27400.0,6200.0
3,B6T0000000469,5,12,61,1,3,15,5,1,3976.400000000001,4018.320000000001,41.92,27400.0,6200.0
3,B6T0000000469,6,12,61,0,3,16,4,0,4018.320000000001,4060.400000000001,42.08,27400.0,6200.0
3,B6T0000000469,6,12,61,1,3,16,4,1,4060.400000000001,4102.640000000001,42.24,27400.0,6200.0
3,B6T0000000469,5,13,60,0,10,14,6,0,4102.640000000001,4144.240000000002,41.6,27400.0,6200.0
3,B6T0000000469,5,13,60,1,10,14,6,1,4144.240000000002,4185.520000000001,41.28,27400.0,6200.0
3,B6T0000000469,6,13,60,0,10,15,5,0,4185.520000000001,4226.960000000001,41.44,27400.0,6200.0
3,B6T0000000469,6,13,60,1,10,15,5,1,4226.960000000001,4268.560000000001,41.6,27400.0,6200.0
3,B6T0000001427,6,5,57,1,6,1,6,1,4268.560000000001,4309.040000000001,40.480000000000004,23700.0,2500.0
3,B6T0000001429,5,1,63,0,8,6,8,0,4309.040000000001,4350.960000000001,41.92,25300.0,4300.0
3,B6T0000000469,5,13,59,0,7,15,5,0,4350.960000000001,4391.760000000001,40.8,27000.0,6200.0
3,B6T0000000469,5,13,59,1,7,15,5,1,4391.760000000001,4433.040000000001,41.28,27000.0,6200.0
3,B6T0000000469,6,13,59,0,7,16,4,0,4433.040000000001,4474.4800000000005,41.44,27000.0,6200.0
3,B6T0000000469,6,13,59,1,7,16,4,1,4474.4800000000005,4516.080000000001,41.6,27000.0,6200.0
3,B6T0000001429,5,1,62,0,2,6,8,0,4516.080000000001,4558.000000000001,41.92,24900.0,4300.0
3,B6T0000001429,5,1,62,1,2,6,8,1,4558.000000000001,4599.280000000001,41.28,24900.0,4300.0
3,B6T0000001429,6,1,62,0,3,6,8,0,4599.280000000001,4640.56,41.28,24900.0,4300.0
3,B6T0000001429,6,1,62,1,3,6,8,1,4640.56,4681.84,41.28,24900.0,4300.0
3,B6T0000000615,6,9,68,0,4,18,8,1,4681.84,4725.04,43.2,29000.0,8600.0
3,B6T0000000615,6,9,68,1,5,15,11,0,4725.04,4767.76,42.72,29000.0,8600.0
3,B6T0000000745,5,11,68,0,2,11,17,0,4767.76,4809.04,41.28,29800.0,9400.0
3,B6T0000000745,5,11,68,1,2,11,17,1,4809.04,4849.36,40.32,29800.0,9400.0
3,B6T0000000745,6,11,68,0,2,12,16,0,4849.36,4889.839999999999,40.480000000000004,29800.0,9400.0
3,B6T0000000745,6,11,68,1,2,12,16,1,4889.839999999999,4930.48,40.64,29800.0,9400.0
3,B6T0000001429,5,2,61,0,6,6,8,0,4930.48,4970.16,39.68,24700.0,4300.0
3,B6T0000001429,5,2,61,1,6,6,8,1,4970.16,5011.12,40.96,24700.0,4300.0
3,B6T0000001429,6,2,61,0,7,6,8,0,5011.12,5052.08,40.96,24700.0,4300.0
3,B6T0000001429,6,2,61,1,7,6,8,1,5052.08,5093.04,40.96,24700.0,4300.0
3,B6T0000001370,5,6,52,1,10,5,2,1,5093.04,5132.08,39.04,21900.0,1700.0
3,B6T0000000836,5,10,66,0,4,25,1,0,5132.08,5176.72,44.64,28600.0,8600.0
3,B6T0000000836,5,10,66,1,4,25,1,1,5176.72,5221.52,44.8,28600.0,8600.0
3,B6T0000000836,6,10,66,0,5,24,2,0,5221.52,5266.160000000001,44.64,28600.0,8600.0
3,B6T0000000836,6,10,66,1,5,24,2,1,5266.160000000001,5310.64,44.480000000000004,28600.0,8600.0
3,B6T0000000367,5,10,67,0,2,20,7,0,5310.64,5354.64,44.0,29000.0,9000.0
3,B6T0000000367,5,10,67,1,2,20,7,1,5354.64,5397.84,43.2,29000.0,9000.0
3,B6T0000000367,6,10,67,0,3,20,7,0,5397.84,5441.04,43.2,29000.0,9000.0
3,B6T0000000367,6,10,67,1,3,20,7,1,5441.04,5484.24,43.2,29000.0,9000.0
3,B6T0000001429,5,3,59,0,4,6,8,0,5484.24,5525.16923076923,40.92923076923077,24100.0,4300.0
3,B6T0000001429,5,3,59,1,4,6,8,1,5525.16923076923,5565.48923076923,40.32,24100.0,4300.0
3,B6T0000001429,6,3,59,0,5,6,8,0,5565.48923076923,5605.8092307692295,40.32,24100.0,4300.0
3,B6T0000001429,6,3,59,1,5,6,8,1,5605.8092307692295,5646.129230769229,40.32,24100.0,4300.0
3,B6T0000000836,5,10,65,0,2,25,1,0,5646.129230769229,5689.489230769229,43.36,28200.0,8600.0
3,B6T0000000836,5,10,65,1,2,25,1,1,5689.489230769229,5733.9692307692285,44.480000000000004,28200.0,8600.0
3,B6T0000000836,6,10,65,0,3,24,2,0,5733.9692307692285,5778.289230769228,44.32000000000001,28200.0,8600.0
3,B6T0000000836,6,10,65,1,3,24,2,1,5778.289230769228,5822.449230769228,44.160000000000004,28200.0,8600.0
3,B6T0000001370,5,7,50,1,10,5,2,0,5822.449230769228,5864.129230769228,41.68,21300.0,1700.0
3,B6T0000000745,5,12,65,0,4,11,17,0,5864.129230769228,5905.889230769229,41.760000000000005,29000.0,9400.0
3,B6T0000000745,5,12,65,1,4,11,17,1,5905.889230769229,5945.249230769228,39.36,29000.0,9400.0
3,B6T0000000745,6,12,65,0,4,12,16,0,5945.249230769228,5984.769230769229,39.519999999999996,29000.0,9400.0
3,B6T0000000745,6,12,65,1,4,12,16,1,5984.769230769229,6024.449230769229,39.68,29000.0,9400.0
3,B6T0000001370,6,7,49,1,5,5,2,1,6024.449230769229,6061.249230769229,36.8,20900.0,1700.0
3,B6T0000000745,5,12,64,1,1,11,17,1,6061.249230769229,6102.689230769229,41.44,28600.0,9400.0
3,B6T0000000745,6,12,64,0,1,12,16,0,6102.689230769229,6141.889230769229,39.2,28600.0,9400.0
3,B6T0000000745,6,12,64,1,1,12,16,1,6141.889230769229,6181.249230769228,39.36,28600.0,9400.0
3,B6T0000001427,5,8,50,0,5,1,6,1,6181.249230769228,6217.729230769228,36.480000000000004,21500.0,2500.0
3,B6T0000001427,5,8,50,1,6,1,6,0,6217.729230769228,6255.809230769228,38.08,21500.0,2500.0
3,B6T0000000836,5,11,62,0,3,25,1,0,6255.809230769228,6298.529230769228,42.72,27400.0,8600.0
3,B6T0000000836,5,11,62,1,3,25,1,1,6298.529230769228,6342.049230769228,43.52,27400.0,8600.0
3,B6T0000000836,6,11,62,0,4,24,2,0,6342.049230769228,6385.409230769228,43.36,27400.0,8600.0
3,B6T0000000836,6,11,62,1,4,24,2,1,6385.409230769228,6428.609230769228,43.2,27400.0,8600.0
3,B6T0000000615,5,11,61,0,5,15,11,1,6428.609230769228,6470.0492307692275,41.44,27000.0,8600.0
3,B6T0000000615,5,11,61,1,5,18,8,0,6470.0492307692275,6510.529230769227,40.480000000000004,27000.0,8600.0
3,B6T0000000836,6,11,61,0,1,25,1,0,6510.529230769227,6552.609230769227,42.08,27000.0,8600.0
3,B6T0000000836,6,11,61,1,1,25,1,1,6552.609230769227,6595.809230769227,43.2,27000.0,8600.0
3,B6T0000000745,5,13,61,0,3,11,17,0,6595.809230769227,6636.449230769227,40.64,27800.0,9400.0
3,B6T0000000745,5,13,61,1,3,11,17,1,6636.449230769227,6674.529230769227,38.08,27800.0,9400.0
3,B6T0000000745,6,13,61,0,3,12,16,0,6674.529230769227,6712.769230769227,38.239999999999995,27800.0,9400.0
3,B6T0000000745,6,13,61,1,3,12,16,1,6712.769230769227,6751.1692307692265,38.4,27800.0,9400.0
3,B6T0000001553,6,1,54,1,9,3,8,1,6751.1692307692265,6788.609230769226,37.44,21700.0,3700.0
3,B6T0000000367,5,12,60,0,4,20,7,0,6788.609230769226,6829.409230769226,40.8,27000.0,9000.0
3,B6T0000000367,5,12,60,1,4,20,7,1,6829.409230769226,6870.369230769226,40.96,27000.0,9000.0
3,B6T0000000367,6,12,60,0,5,20,7,0,6870.369230769226,6911.329230769226,40.96,27000.0,9000.0
3,B6T0000000367,6,12,60,1,5,20,7,1,6911.329230769226,6952.289230769226,40.96,27000.0,9000.0
3,B6T0000001140,5,12,66,0,1,29,4,0,6952.289230769226,6996.190769230765,43.901538461538465,29400.0,11400.0
3,B6T0000001140,5,12,66,1,1,29,4,1,6996.190769230765,7041.113846153842,44.92307692307692,29400.0,11400.0
3,B6T0000001140,6,12,66,0,1,30,3,0,7041.113846153842,7086.652307692304,45.53846153846153,29400.0,11400.0
3,B6T0000001110,5,12,67,0,1,25,9,0,7086.652307692304,7131.0092307692275,44.35692307692308,29800.0,11800.0
3,B6T0000001110,5,12,67,1,2,23,11,0,7131.0092307692275,7173.249230769227,42.24,29800.0,11800.0
3,B6T0000001110,6,12,67,0,2,23,11,1,7173.249230769227,7215.169230769227,41.92,29800.0,11800.0
3,B6T0000001110,6,12,67,1,2,24,10,0,7215.169230769227,7257.249230769227,42.08,29800.0,11800.0
3,B6T0000000745,5,14,58,0,5,11,17,0,7257.249230769227,7295.489230769227,38.24,27000.0,9400.0
3,B6T0000000745,5,14,58,1,5,11,17,1,7295.489230769227,7332.609230769227,37.120000000000005,27000.0,9400.0
3,B6T0000000745,6,14,58,0,5,12,16,0,7332.609230769227,7369.889230769227,37.28,27000.0,9400.0
3,B6T0000000745,6,14,58,1,5,12,16,1,7369.889230769227,7407.329230769226,37.44,27000.0,9400.0
3,B6T0000001429,6,6,52,0,1,6,8,1,7407.329230769226,7444.1292307692265,36.8,21900.0,4300.0
3,B6T0000001429,6,6,52,1,1,8,7,0,7444.1292307692265,7482.369230769226,38.239999999999995,21900.0,4300.0
3,B6T0000001110,5,13,63,0,1,23,11,0,7482.369230769226,7523.649230769226,41.28,28600.0,11800.0
3,B6T0000001110,5,13,63,1,1,23,11,1,7523.649230769226,7564.289230769226,40.64,28600.0,11800.0
3,B6T0000001110,6,13,63,0,1,24,10,0,7564.289230769226,7605.089230769227,40.8,28600.0,11800.0
3,B6T0000001110,6,13,63,1,1,24,10,1,7605.089230769227,7646.049230769227,40.96,28600.0,11800.0
3,B6T0000001553,5,2,50,1,8,3,8,1,7646.049230769227,7688.307692307688,42.25846153846154,20300.0,3700.0
3,B6T0000000088,5,43,52,0,6,47,6,0,7688.307692307688,7742.6676923076875,54.36,36250.0,19850.0
3,B6T0000000088,5,43,52,1,6,47,6,1,7742.6676923076875,7781.387692307688,38.72,36250.0,19850.0
3,B6T0000001553,6,5,47,1,10,3,8,0,7781.387692307688,7837.089230769227,55.70153846153847,19700.0,3700.0
3,B6T0000001943,5,1,60,0,8,7,17,0,7837.089230769227,7876.289230769226,39.2,24100.0,8100.0
3,B6T0000001943,5,1,60,1,8,7,17,1,7876.289230769226,7914.049230769227,37.76,24100.0,8100.0
3,B6T0000001943,6,1,60,0,9,7,17,0,7914.049230769227,7951.809230769227,37.76,24100.0,8100.0
3,B6T0000001110,5,14,60,0,2,24,10,1,7951.809230769227,7990.689230769227,38.879999999999995,27800.0,11800.0
3,B6T0000000088,5,43,51,0,2,47,6,0,7990.689230769227,8033.658461538458,42.96923076923077,35850.0,19850.0
3,B6T0000000088,5,43,51,1,2,47,6,1,8033.658461538458,8072.058461538458,38.4,35850.0,19850.0
3,B6T0000000088,6,43,51,0,3,47,6,0,8072.058461538458,8110.458461538457,38.4,35850.0,19850.0
3,B6T0000000088,6,43,51,1,3,47,6,1,8110.458461538457,8148.858461538457,38.4,35850.0,19850.0
3,B6T0000001943,5,1,59,1,6,7,17,0,8148.858461538457,8206.270769230765,57.41230769230769,23700.0,8100.0
3,B6T0000001943,6,1,59,0,6,7,17,1,8206.270769230765,8243.710769230765,37.44,23700.0,8100.0
3,B6T0000001943,6,1,59,1,7,7,17,0,8243.710769230765,8281.150769230766,37.44,23700.0,8100.0
3,B6T0000000088,6,43,50,1,1,47,6,0,8281.150769230766,8333.959999999997,52.80923076923077,35450.0,19850.0
3,B6T0000001943,5,2,58,1,7,7,17,1,8333.959999999997,8390.904615384612,56.94461538461539,23500.0,8100.0
3,B6T0000001553,6,3,46,1,7,3,8,1,8390.904615384612,8425.624615384611,34.72,18900.0,3700.0
3,B6T0000000088,5,44,47,0,4,47,6,0,8425.624615384611,8479.953846153841,54.32923076923077,34750.0,19850.0
3,B6T0000000088,5,44,47,1,4,47,6,1,8479.953846153841,8517.073846153842,37.120000000000005,34750.0,19850.0
3,B6T0000000088,6,44,47,0,5,47,6,0,8517.073846153842,8554.193846153843,37.120000000000005,34750.0,19850.0
3,B6T0000000088,6,44,47,1,5,47,6,1,8554.193846153843,8591.313846153844,37.120000000000005,34750.0,19850.0
3,B6T0000001553,6,3,45,1,7,3,8,0,8591.313846153844,8647.310769230768,55.99692307692308,18500.0,3700.0
3,B6T0000001553,5,6,43,1,9,3,8,0,8647.310769230768,8682.510769230768,35.2,18300.0,3700.0
3,B6T0000000469,6,19,37,1,10,16,4,0,8682.510769230768,8719.944615384615,37.433846153846154,20600.0,6200.0
3,B6T0000000778,5,13,62,0,1,35,4,0,8719.944615384615,8766.763076923076,46.81846153846154,28200.0,13800.0
3,B6T0000000778,5,13,62,1,1,35,4,1,8766.763076923076,8817.84,51.07692307692308,28200.0,13800.0
3,B6T0000000778,6,13,62,0,2,35,4,0,8817.84,8868.916923076924,51.07692307692308,28200.0,13800.0
3,B6T0000000778,6,13,62,1,2,35,4,1,8868.916923076924,8919.993846153848,51.07692307692308,28200.0,13800.0
3,B6T0000001553,6,4,43,1,6,3,8,1,8919.993846153848,8967.286153846155,47.292307692307695,17900.0,3700.0
3,B6T0000000271,5,43,49,0,12,50,5,0,8967.286153846155,9021.326153846156,54.04,35050.0,20950.0
3,B6T0000001553,6,3,43,1,4,3,8,1,9021.326153846156,9079.310769230771,57.98461538461539,17700.0,3700.0
3,B6T0000000584,6,12,66,1,1,29,14,0,9079.310769230771,9123.05230769231,43.74153846153846,29400.0,15400.0
3,B6T0000001975,6,3,40,1,2,2,6,1,9123.05230769231,9166.800000000001,43.747692307692304,16500.0,2700.0
3,B6T0000001553,6,4,42,0,5,3,8,1,9166.800000000001,9202.000000000002,35.2,17500.0,3700.0
3,B6T0000001553,6,4,42,1,6,3,8,0,9202.000000000002,9236.880000000001,34.88,17500.0,3700.0
3,B6T0000001189,5,11,63,0,1,16,24,0,9236.880000000001,9275.920000000002,39.04,27800.0,14200.0
3,B6T0000001189,5,11,63,1,1,16,24,1,9275.920000000002,9312.400000000001,36.480000000000004,27800.0,14200.0
3,B6T0000001189,6,11,63,0,1,17,23,0,9312.400000000001,9349.04,36.64,27800.0,14200.0
3,B6T0000001189,6,11,63,1,1,17,23,1,9349.04,9385.84,36.8,27800.0,14200.0
3,B6T0000001975,5,2,38,1,14,7,3,1,9385.84,9422.67076923077,36.83076923076923,15500.0,2500.0
3,B6T0000001553,5,8,38,1,8,3,8,0,9422.67076923077,9457.07076923077,34.400000000000006,16700.0,3700.0
3,B6T0000001553,6,6,38,1,5,3,8,0,9457.07076923077,9490.67076923077,33.6,16300.0,3700.0
3,B6T0000001975,6,3,36,1,14,7,3,0,9490.67076923077,9524.43076923077,33.760000000000005,14900.0,2500.0
3,B6T0000001975,5,4,36,1,1,2,6,1,9524.43076923077,9558.51076923077,34.08,15100.0,2700.0
3,B6T0000000043,6,43,40,0,11,47,4,1,9558.51076923077,9611.578461538462,53.067692307692305,31450.0,19050.0
3,B6T0000000043,6,43,40,1,12,47,4,0,9611.578461538462,9647.098461538462,35.519999999999996,31450.0,19050.0
3,B6T0000001553,5,5,38,1,4,3,8,0,9647.098461538462,9701.36,54.261538461538464,16100.0,3700.0
3,B6T0000001975,6,1,36,1,12,7,3,0,9701.36,9735.12,33.760000000000005,14500.0,2500.0
3,B6T0000001975,6,3,35,1,13,7,3,1,9735.12,9769.36,34.24,14500.0,2500.0
3,B6T0000000584,5,14,59,0,1,29,14,1,9769.36,9811.55076923077,42.190769230769234,27400.0,15400.0
3,B6T0000000584,5,14,59,1,1,33,10,0,9811.55076923077,9856.473846153845,44.92307692307692,27400.0,15400.0
3,B6T0000000584,6,14,59,0,1,33,10,1,9856.473846153845,9903.85846153846,47.38461538461539,27400.0,15400.0
3,B6T0000000584,6,14,59,1,2,29,14,0,9903.85846153846,9948.781538461537,44.92307692307692,27400.0,15400.0
3,B6T0000001975,5,7,33,1,3,2,6,0,9948.781538461537,9990.17846153846,41.39692307692307,14500.0,2700.0
3,B6T0000001975,5,8,32,1,3,2,6,1,9990.17846153846,10022.49846153846,32.32,14300.0,2700.0
3,B6T0000001825,5,2,60,0,7,8,28,0,10022.49846153846,10060.25846153846,37.760000000000005,24300.0,12700.0
3,B6T0000001825,5,2,60,1,7,8,28,1,10060.25846153846,10094.49846153846,34.24,24300.0,12700.0
3,B6T0000001825,6,2,60,0,8,8,28,0,10094.49846153846,10128.73846153846,34.24,24300.0,12700.0
3,B6T0000001825,6,2,60,1,8,8,28,1,10128.73846153846,10162.97846153846,34.24,24300.0,12700.0
3,B6T0000001427,5,10,29,1,11,8,2,0,10162.97846153846,10192.375384615383,29.396923076923077,13800.0,2300.0
3,B6T0000001427,6,10,29,0,11,8,2,1,10192.375384615383,10225.015384615383,32.64,13800.0,2300.0
3,B6T0000000088,5,46,36,1,1,47,6,1,10225.015384615383,10277.584615384614,52.56923076923077,31350.0,19850.0
3,B6T0000001427,5,9,30,0,1,1,6,1,10277.584615384614,10329.501538461538,51.916923076923084,13800.0,2500.0
3,B6T0000001640,5,1,59,0,1,5,29,1,10329.501538461538,10366.781538461539,37.28,23700.0,12500.0
3,B6T0000000043,6,44,35,1,11,47,4,0,10366.781538461539,10418.895384615385,52.113846153846154,29950.0,19050.0
3,B6T0000001429,6,4,36,1,1,6,8,0,10418.895384615385,10473.144615384615,54.24923076923078,15100.0,4300.0
3,B6T0000001206,6,9,59,0,1,34,7,0,10473.144615384615,10520.68923076923,47.54461538461538,25400.0,14600.0
3,B6T0000001206,6,9,59,1,1,34,7,1,10520.68923076923,10575.458461538461,54.76923076923077,25400.0,14600.0
3,B6T0000000043,5,45,33,1,12,47,4,1,10575.458461538461,10611.252307692308,35.793846153846154,29650.0,19050.0
3,B6T0000001975,5,5,30,1,12,7,3,1,10611.252307692308,10665.033846153847,53.78153846153847,12900.0,2500.0
3,B6T0000001975,5,8,29,1,2,2,6,0,10665.033846153847,10696.873846153847,31.84,13100.0,2700.0
3,B6T0000000956,5,14,61,0,1,25,24,1,10696.873846153847,10736.443076923078,39.56923076923077,28200.0,17800.0
3,B6T0000000956,5,14,61,1,2,25,24,0,10736.443076923078,10773.98153846154,37.53846153846154,28200.0,17800.0
3,B6T0000001975,6,2,31,1,11,7,3,1,10773.98153846154,10814.615384615385,40.63384615384615,12700.0,2500.0
3,B6T0000001975,5,6,29,1,13,7,3,0,10814.615384615385,10846.935384615384,32.32,12700.0,2500.0
3,B6T0000001975,5,7,29,1,1,2,6,0,10846.935384615384,10878.775384615385,31.84,12900.0,2700.0
3,B6T0000000615,5,14,37,0,1,16,10,0,10878.775384615385,10912.48,33.70461538461538,18600.0,8600.0
3,B6T0000001466,6,1,28,1,11,4,2,0,10912.48,10947.563076923076,35.08307692307692,11300.0,1500.0
3,B6T0000000932,5,17,23,0,2,11,6,1,10947.563076923076,10981.870769230767,34.30769230769231,14200.0,5000.0
3,B6T0000000932,5,17,23,1,3,10,7,0,10981.870769230767,11013.870769230767,32.0,14200.0,5000.0
3,B6T0000000932,6,17,23,0,3,10,7,1,11013.870769230767,11046.486153846152,32.61538461538461,14200.0,5000.0
3,B6T0000001975,6,1,29,1,8,7,3,1,11046.486153846152,11078.166153846152,31.68,11700.0,2500.0
3,B6T0000000956,6,15,57,1,1,25,24,0,11078.166153846152,11116.96,38.793846153846154,27000.0,17800.0
3,B6T0000001975,5,2,28,0,9,7,3,0,11116.96,11157.113846153845,40.15384615384615,11500.0,2500.0
3,B6T0000001975,5,1,26,0,7,7,3,1,11157.113846153845,11188.473846153845,31.36,10500.0,2500.0
3,B6T0000001975,5,1,26,1,8,7,3,0,11188.473846153845,11219.833846153846,31.36,10500.0,2500.0
3,B6T0000001975,5,5,24,1,10,7,3,1,11219.833846153846,11250.553846153845,30.72,10500.0,2500.0
3,B6T0000001382,5,9,20,0,10,4,3,1,11250.553846153845,11279.993846153846,29.44,9800.0,1900.0
3,B6T0000001382,5,9,20,1,11,4,3,0,11279.993846153846,11309.433846153846,29.44,9800.0,1900.0
3,B6T0000001382,6,9,20,0,11,4,3,1,11309.433846153846,11338.873846153847,29.44,9800.0,1900.0
3,B6T0000001382,6,9,20,1,12,4,3,0,11338.873846153847,11368.313846153847,29.44,9800.0,1900.0
3,B6T0000001466,5,3,22,1,10,4,2,1,11368.313846153847,11398.553846153847,30.24,9300.0,1500.0
3,B6T0000000367,6,12,34,1,1,20,7,0,11398.553846153847,11432.596923076924,34.043076923076924,16600.0,9000.0
3,B6T0000001975,6,6,22,1,10,7,3,0,11432.596923076924,11467.483076923078,34.886153846153846,9900.0,2500.0
3,B6T0000001370,6,8,19,0,4,5,2,0,11467.483076923078,11496.763076923078,29.28,9100.0,1700.0
3,B6T0000001370,6,8,19,1,4,5,2,1,11496.763076923078,11526.203076923079,29.44,9100.0,1700.0
3,B6T0000001466,5,2,21,1,5,6,1,0,11526.203076923079,11556.443076923078,30.24,8700.0,1500.0
3,B6T0000000509,5,14,43,0,1,27,12,0,11556.443076923078,11595.163076923078,38.72,21000.0,13800.0
3,B6T0000000509,5,14,43,1,1,27,12,1,11595.163076923078,11635.163076923078,40.0,21000.0,13800.0
3,B6T0000000615,6,20,24,0,2,19,7,1,11635.163076923078,11666.19076923077,31.027692307692305,15800.0,8600.0
3,B6T0000000615,6,20,24,1,4,18,8,0,11666.19076923077,11695.470769230771,29.28,15800.0,8600.0
3,B6T0000000367,6,13,32,0,1,20,7,1,11695.470769230771,11727.618461538463,32.14769230769231,16200.0,9000.0
3,B6T0000000367,6,13,32,1,1,22,5,0,11727.618461538463,11761.464615384617,33.84615384615385,16200.0,9000.0
3,B6T0000001640,5,7,45,1,1,5,29,0,11761.464615384617,11796.793846153847,35.32923076923077,19300.0,12500.0
3,B6T0000001975,5,8,19,1,11,7,3,0,11796.793846153847,11824.953846153847,28.16,9100.0,2500.0
3,B6T0000000932,5,13,20,0,1,10,7,0,11824.953846153847,11854.264615384616,29.310769230769232,11400.0,5000.0
3,B6T0000000932,5,13,20,1,1,10,7,1,11854.264615384616,11882.424615384616,28.16,11400.0,5000.0
3,B6T0000000932,5,18,15,0,1,11,6,1,11882.424615384616,11915.655384615386,33.230769230769226,11400.0,5000.0
3,B6T0000000932,5,18,15,1,2,10,7,0,11915.655384615386,11948.886153846155,33.230769230769226,11400.0,5000.0
3,B6T0000000932,6,18,15,0,2,10,7,1,11948.886153846155,11982.73230769231,33.84615384615385,11400.0,5000.0
3,B6T0000000932,6,18,15,1,2,11,6,0,11982.73230769231,12015.963076923079,33.230769230769226,11400.0,5000.0
3,B6T0000001975,5,8,18,1,9,7,3,1,12015.963076923079,12044.283076923079,28.32,8700.0,2500.0
3,B6T0000001466,6,2,17,1,3,6,1,1,12044.283076923079,12073.083076923078,28.8,7100.0,1500.0
3,B6T0000001360,5,3,21,1,10,1,8,1,12073.083076923078,12102.363076923079,29.28,8900.0,3300.0
3,B6T0000000615,5,21,18,0,1,16,10,1,12102.363076923079,12139.440000000002,37.07692307692308,13800.0,8600.0
3,B6T0000000615,5,21,18,1,1,19,7,0,12139.440000000002,12168.276923076925,28.836923076923078,13800.0,8600.0
3,B6T0000000615,6,21,18,0,1,19,7,1,12168.276923076925,12195.796923076925,27.52,13800.0,8600.0
3,B6T0000000615,6,21,18,1,2,19,7,0,12195.796923076925,12223.316923076925,27.52,13800.0,8600.0
3,B6T0000000745,5,22,19,0,1,11,17,0,12223.316923076925,12256.006153846156,32.68923076923077,14600.0,9400.0
3,B6T0000001466,6,3,15,1,3,6,1,0,12256.006153846156,12285.476923076925,29.47076923076923,6500.0,1500.0
3,B6T0000001466,5,7,13,1,10,4,2,0,12285.476923076925,12313.156923076926,27.68,6500.0,1500.0
3,B6T0000001466,6,3,14,1,2,6,1,1,12313.156923076926,12341.156923076926,28.0,6100.0,1500.0
3,B6T0000000932,5,19,9,1,1,11,6,0,12341.156923076926,12377.310769230771,36.15384615384615,9400.0,5000.0
3,B6T0000001382,5,11,9,0,1,4,3,0,12377.310769230771,12404.713846153849,27.403076923076924,6200.0,1900.0
3,B6T0000001466,6,7,11,1,4,6,1,1,12404.713846153849,12431.593846153848,26.880000000000003,5700.0,1500.0
3,B6T0000001975,5,6,14,0,5,7,3,1,12431.593846153848,12459.433846153848,27.84,6700.0,2500.0
3,B6T0000001975,5,6,14,1,6,7,3,0,12459.433846153848,12486.953846153849,27.52,6700.0,2500.0
3,B6T0000001427,5,19,2,0,3,1,6,1,12486.953846153849,12526.646153846157,39.69230769230769,6600.0,2500.0
3,B6T0000001427,5,19,2,1,4,1,6,0,12526.646153846157,12568.184615384618,41.53846153846154,6600.0,2500.0
3,B6T0000001427,6,19,2,0,4,1,6,1,12568.184615384618,12609.72307692308,41.53846153846154,6600.0,2500.0
3,B6T0000001427,6,19,2,1,5,1,6,0,12609.72307692308,12651.26153846154,41.53846153846154,6600.0,2500.0
3,B6T0000001975,6,7,13,0,6,7,3,1,12651.26153846154,12678.707692307695,27.446153846153848,6500.0,2500.0
3,B6T0000001975,6,7,13,1,7,7,3,0,12678.707692307695,12705.907692307695,27.2,6500.0,2500.0
3,B6T0000001427,5,9,11,1,14,8,2,0,12705.907692307695,12732.627692307695,26.72,6200.0,2300.0
3,B6T0000001427,6,9,11,0,14,8,2,1,12732.627692307695,12759.507692307694,26.88,6200.0,2300.0
3,B6T0000001427,6,9,11,1,1,1,6,0,12759.507692307694,12787.56307692308,28.055384615384614,6200.0,2500.0
3,B6T0000001427,5,2,14,0,12,8,2,0,12787.56307692308,12814.76307692308,27.200000000000003,5900.0,2300.0
3,B6T0000001427,5,2,14,1,12,8,2,1,12814.76307692308,12842.60307692308,27.84,5900.0,2300.0
3,B6T0000001427,6,2,14,0,13,8,2,0,12842.60307692308,12870.44307692308,27.84,5900.0,2300.0
3,B6T0000001427,6,2,14,1,13,8,2,1,12870.44307692308,12898.28307692308,27.84,5900.0,2300.0
3,B6T0000001360,5,8,13,0,11,1,8,0,12898.28307692308,12926.196923076926,27.91384615384615,6700.0,3300.0
3,B6T0000001360,5,8,13,1,11,1,8,1,12926.196923076926,12954.504615384618,28.307692307692307,6700.0,3300.0
3,B6T0000001360,6,8,13,0,12,1,8,0,12954.504615384618,12982.81230769231,28.307692307692307,6700.0,3300.0
3,B6T0000001360,6,8,13,1,12,1,8,1,12982.81230769231,13011.12,28.307692307692307,6700.0,3300.0
3,B6T0000001360,5,1,16,0,8,1,8,1,13011.12,13037.68,26.560000000000002,6500.0,3300.0
3,B6T0000001360,5,1,16,1,9,1,8,0,13037.68,13064.24,26.560000000000002,6500.0,3300.0
3,B6T0000001360,6,1,16,0,9,1,8,1,13064.24,13090.8,26.560000000000002,6500.0,3300.0
3,B6T0000001360,6,1,16,1,10,1,8,0,13090.8,13117.359999999999,26.560000000000002,6500.0,3300.0
3,B6T0000001466,5,5,9,1,2,6,1,0,13117.359999999999,13143.870769230767,26.51076923076923,4500.0,1500.0
3,B6T0000001370,5,6,9,0,2,5,2,0,13143.870769230767,13170.270769230767,26.400000000000002,4700.0,1700.0
3,B6T0000001370,5,6,9,1,2,5,2,1,13170.270769230767,13196.510769230767,26.240000000000002,4700.0,1700.0
3,B6T0000001370,6,6,9,0,3,5,2,0,13196.510769230767,13222.750769230766,26.240000000000002,4700.0,1700.0
3,B6T0000001370,6,6,9,1,3,5,2,1,13222.750769230766,13248.990769230766,26.240000000000002,4700.0,1700.0
3,B6T0000001427,5,17,1,0,2,1,6,0,13248.990769230766,13286.83692307692,37.84615384615385,5400.0,2500.0
3,B6T0000001427,5,17,1,1,2,1,6,1,13286.83692307692,13325.913846153844,39.07692307692308,5400.0,2500.0
3,B6T0000001427,6,17,1,0,3,1,6,0,13325.913846153844,13364.990769230768,39.07692307692308,5400.0,2500.0
3,B6T0000001466,5,2,10,1,1,6,1,1,13364.990769230768,13391.070769230768,26.08,4300.0,1500.0
3,B6T0000001466,6,8,7,1,4,6,1,0,13391.070769230768,13416.990769230768,25.92,4300.0,1500.0
3,B6T0000001382,5,15,1,0,1,4,3,1,13416.990769230768,13451.144615384614,34.15384615384615,4600.0,1900.0
3,B6T0000001382,5,15,1,1,1,6,2,0,13451.144615384614,13485.29846153846,34.15384615384615,4600.0,1900.0
3,B6T0000001382,6,15,1,0,1,6,2,1,13485.29846153846,13518.83692307692,33.53846153846154,4600.0,1900.0
3,B6T0000001382,6,15,1,1,2,4,3,0,13518.83692307692,13552.990769230766,34.15384615384615,4600.0,1900.0
3,B6T0000001975,5,4,11,0,4,7,3,0,13552.990769230766,13579.550769230766,26.560000000000002,5100.0,2500.0
3,B6T0000001975,5,4,11,1,4,7,3,1,13579.550769230766,13606.110769230765,26.560000000000002,5100.0,2500.0
3,B6T0000001975,6,4,11,0,5,7,3,0,13606.110769230765,13632.670769230765,26.560000000000002,5100.0,2500.0
3,B6T0000001553,5,2,15,0,2,3,8,0,13632.670769230765,13659.710769230765,27.04,6300.0,3700.0
3,B6T0000001553,5,2,15,1,2,3,8,1,13659.710769230765,13685.950769230765,26.240000000000002,6300.0,3700.0
3,B6T0000001553,6,2,15,0,3,3,8,0,13685.950769230765,13712.190769230765,26.240000000000002,6300.0,3700.0
3,B6T0000001553,6,2,15,1,3,3,8,1,13712.190769230765,13738.430769230765,26.240000000000002,6300.0,3700.0
3,B6T0000001360,5,3,13,0,8,1,8,0,13738.430769230765,13764.030769230765,25.6,5700.0,3300.0
3,B6T0000001466,5,1,9,1,1,6,1,0,13764.030769230765,13789.729230769226,25.698461538461537,3700.0,1500.0
4,B6T0000001104,7,10,68,0,2,10,3,1,0.0,45.2,45.2,29400.0,3400.0
4,B6T0000001104,7,10,68,1,3,10,3,0,45.2,90.0,44.8,29400.0,3400.0
4,B6T0000001104,8,10,68,0,3,10,3,1,90.0,134.8,44.8,29400.0,3400.0
4,B6T0000001104,8,10,68,1,4,10,3,0,134.8,179.60000000000002,44.8,29400.0,3400.0
4,B6T0000001104,7,11,67,0,12,9,4,1,179.60000000000002,223.92000000000002,44.32000000000001,29400.0,3400.0
4,B6T0000001104,7,11,67,1,13,9,4,0,223.92000000000002,268.08000000000004,44.160000000000004,29400.0,3400.0
4,B6T0000001104,8,11,67,0,13,9,4,1,268.08000000000004,312.24000000000007,44.160000000000004,29400.0,3400.0
4,B6T0000001104,8,11,67,1,14,9,4,0,312.24000000000007,356.4000000000001,44.160000000000004,29400.0,3400.0
4,B6T0000001104,7,11,66,0,8,10,3,1,356.4000000000001,400.4000000000001,44.0,29000.0,3400.0
4,B6T0000001104,7,11,66,1,9,9,4,0,400.4000000000001,444.4000000000001,44.0,29000.0,3400.0
4,B6T0000001104,8,11,66,0,9,9,4,1,444.4000000000001,488.2400000000001,43.84,29000.0,3400.0
4,B6T0000001104,8,11,66,1,9,10,3,0,488.2400000000001,532.2400000000001,44.0,29000.0,3400.0
4,B6T0000001104,7,11,65,0,6,10,3,1,532.2400000000001,576.0800000000002,43.84,28600.0,3400.0
4,B6T0000001104,7,11,65,1,7,9,4,0,576.0800000000002,619.7600000000002,43.68000000000001,28600.0,3400.0
4,B6T0000001104,8,11,65,0,7,9,4,1,619.7600000000002,663.2800000000002,43.52,28600.0,3400.0
4,B6T0000001104,8,11,65,1,7,10,3,0,663.2800000000002,706.9600000000002,43.68,28600.0,3400.0
4,B6T0000001104,7,11,64,1,1,10,3,0,706.9600000000002,750.4800000000001,43.52,28200.0,3400.0
4,B6T0000001104,8,11,64,0,1,10,3,1,750.4800000000001,794.0000000000001,43.52,28200.0,3400.0
4,B6T0000001104,8,11,64,1,2,10,3,0,794.0000000000001,837.5200000000001,43.52,28200.0,3400.0
4,B6T0000001104,7,12,63,0,11,9,4,1,837.5200000000001,880.5600000000001,43.040000000000006,28200.0,3400.0
4,B6T0000001104,7,12,63,1,11,10,3,0,880.5600000000001,923.6,43.04,28200.0,3400.0
4,B6T0000001104,8,12,63,0,11,10,3,1,923.6,966.8000000000001,43.2,28200.0,3400.0
4,B6T0000001104,8,12,63,1,12,9,4,0,966.8000000000001,1009.84,43.040000000000006,28200.0,3400.0
4,B6T0000001104,7,12,62,0,7,10,3,1,1009.84,1052.56,42.72,27800.0,3400.0
4,B6T0000001104,7,12,62,1,8,9,4,0,1052.56,1095.28,42.72,27800.0,3400.0
4,B6T0000001104,8,12,62,0,8,9,4,1,1095.28,1137.84,42.56,27800.0,3400.0
4,B6T0000001104,8,12,62,1,8,10,3,0,1137.84,1180.56,42.72,27800.0,3400.0
4,B6T0000001104,7,12,61,0,4,10,3,1,1180.56,1223.12,42.56,27400.0,3400.0
4,B6T0000001104,7,12,61,1,5,10,3,0,1223.12,1265.6799999999998,42.56,27400.0,3400.0
4,B6T0000001104,8,12,61,0,5,10,3,1,1265.6799999999998,1308.2399999999998,42.56,27400.0,3400.0
4,B6T0000001104,8,12,61,1,6,10,3,0,1308.2399999999998,1350.7999999999997,42.56,27400.0,3400.0
4,B6T0000000843,7,13,68,0,4,11,10,0,1350.7999999999997,1394.4799999999998,43.68,30600.0,6600.0
4,B6T0000000843,7,13,68,1,4,11,10,1,1394.4799999999998,1437.0399999999997,42.56,30600.0,6600.0
4,B6T0000000843,8,13,68,0,5,11,10,0,1437.0399999999997,1479.5999999999997,42.56,30600.0,6600.0
4,B6T0000000843,8,13,68,1,5,11,10,1,1479.5999999999997,1522.1599999999996,42.56,30600.0,6600.0
4,B6T0000001104,7,13,59,0,10,9,4,1,1522.1599999999996,1562.7999999999997,40.64,27000.0,3400.0
4,B6T0000001104,7,13,59,1,10,10,3,0,1562.7999999999997,1604.5599999999997,41.760000000000005,27000.0,3400.0
4,B6T0000001104,8,13,59,0,10,10,3,1,1604.5599999999997,1646.4799999999998,41.92,27000.0,3400.0
4,B6T0000001104,8,13,59,1,11,9,4,0,1646.4799999999998,1688.2399999999998,41.760000000000005,27000.0,3400.0
4,B6T0000001180,7,13,66,0,6,17,3,0,1688.2399999999998,1732.2399999999998,44.0,29800.0,6200.0
4,B6T0000001180,7,13,66,1,6,17,3,1,1732.2399999999998,1776.3999999999999,44.160000000000004,29800.0,6200.0
4,B6T0000001180,8,13,66,0,6,18,2,0,1776.3999999999999,1820.7199999999998,44.32000000000001,29800.0,6200.0
4,B6T0000001180,8,13,66,1,6,18,2,1,1820.7199999999998,1865.1999999999998,44.480000000000004,29800.0,6200.0
4,B6T0000000843,7,14,66,0,12,10,11,0,1865.1999999999998,1908.2399999999998,43.040000000000006,30200.0,6600.0
4,B6T0000000678,7,9,68,0,5,12,7,1,1908.2399999999998,1951.12,42.88,29000.0,5800.0
4,B6T0000000678,7,9,68,1,5,13,6,0,1951.12,1994.8,43.68,29000.0,5800.0
4,B6T0000000678,8,9,68,0,5,13,6,1,1994.8,2038.6399999999999,43.84,29000.0,5800.0
4,B6T0000000678,8,9,68,1,6,12,7,0,2038.6399999999999,2082.3199999999997,43.68000000000001,29000.0,5800.0
4,B6T0000000678,7,10,67,0,11,12,7,1,2082.3199999999997,2125.5199999999995,43.2,29000.0,5800.0
4,B6T0000000678,7,10,67,1,11,13,6,0,2125.5199999999995,2168.8799999999997,43.36,29000.0,5800.0
4,B6T0000000678,8,10,67,0,11,13,6,1,2168.8799999999997,2212.3999999999996,43.52,29000.0,5800.0
4,B6T0000000678,8,10,67,1,12,12,7,0,2212.3999999999996,2255.7599999999998,43.36,29000.0,5800.0
4,B6T0000000411,7,12,68,0,4,12,10,1,2255.7599999999998,2298.7999999999997,43.040000000000006,30200.0,7000.0
4,B6T0000000411,7,12,68,1,5,11,11,0,2298.7999999999997,2341.2,42.400000000000006,30200.0,7000.0
4,B6T0000000411,8,12,68,0,5,11,11,1,2341.2,2383.4399999999996,42.24,30200.0,7000.0
4,B6T0000000411,8,12,68,1,5,12,10,0,2383.4399999999996,2425.8399999999997,42.400000000000006,30200.0,7000.0
4,B6T0000001180,7,13,65,0,2,17,3,0,2425.8399999999997,2468.5599999999995,42.72,29400.0,6200.0
4,B6T0000001180,7,13,65,1,2,17,3,1,2468.5599999999995,2512.3999999999996,43.84,29400.0,6200.0
4,B6T0000001180,8,13,65,0,2,18,2,0,2512.3999999999996,2556.3999999999996,44.0,29400.0,6200.0
4,B6T0000001180,8,13,65,1,2,18,2,1,2556.3999999999996,2600.5599999999995,44.160000000000004,29400.0,6200.0
4,B6T0000000843,7,14,65,0,8,11,10,0,2600.5599999999995,2643.4399999999996,42.88,29800.0,6600.0
4,B6T0000000843,7,14,65,1,8,11,10,1,2643.4399999999996,2685.0399999999995,41.6,29800.0,6600.0
4,B6T0000000843,8,14,65,0,9,10,11,0,2685.0399999999995,2726.4799999999996,41.44,29800.0,6600.0
4,B6T0000000843,8,14,65,1,9,10,11,1,2726.4799999999996,2767.7599999999998,41.28,29800.0,6600.0
4,B6T0000000678,8,9,67,1,4,12,7,0,2767.7599999999998,2810.3199999999997,42.56,28600.0,5800.0
4,B6T0000000678,7,10,66,0,9,12,7,1,2810.3199999999997,2853.2,42.88,28600.0,5800.0
4,B6T0000000678,7,10,66,1,9,13,6,0,2853.2,2896.24,43.04,28600.0,5800.0
4,B6T0000000678,8,10,66,0,9,13,6,1,2896.24,2939.4399999999996,43.2,28600.0,5800.0
4,B6T0000000678,8,10,66,1,10,12,7,0,2939.4399999999996,2982.4799999999996,43.040000000000006,28600.0,5800.0
4,B6T0000000411,7,12,67,0,1,13,9,1,2982.4799999999996,3025.3599999999997,42.88,29800.0,7000.0
4,B6T0000000411,7,12,67,1,2,11,11,0,3025.3599999999997,3067.5999999999995,42.24,29800.0,7000.0
4,B6T0000000411,8,12,67,0,2,11,11,1,3067.5999999999995,3109.5199999999995,41.92,29800.0,7000.0
4,B6T0000000411,8,12,67,1,2,12,10,0,3109.5199999999995,3151.5999999999995,42.08,29800.0,7000.0
4,B6T0000000843,7,14,64,0,2,11,10,0,3151.5999999999995,3192.8799999999997,41.28,29400.0,6600.0
4,B6T0000000843,7,14,64,1,2,11,10,1,3192.8799999999997,3234.16,41.28,29400.0,6600.0
4,B6T0000000843,8,14,64,0,3,11,10,0,3234.16,3275.44,41.28,29400.0,6600.0
4,B6T0000000843,8,14,64,1,3,11,10,1,3275.44,3316.7200000000003,41.28,29400.0,6600.0
4,B6T0000000678,7,10,65,0,7,12,7,1,3316.7200000000003,3358.8,42.08,28200.0,5800.0
4,B6T0000000678,7,10,65,1,7,13,6,0,3358.8,3401.52,42.72,28200.0,5800.0
4,B6T0000000678,8,10,65,0,7,13,6,1,3401.52,3444.4,42.88,28200.0,5800.0
4,B6T0000000678,8,10,65,1,8,12,7,0,3444.4,3487.12,42.72,28200.0,5800.0
4,B6T0000000678,7,11,64,0,13,12,7,1,3487.12,3529.3599999999997,42.24,28200.0,5800.0
4,B6T0000001180,7,14,62,0,5,17,3,0,3529.3599999999997,3571.5999999999995,42.24,28600.0,6200.0
4,B6T0000001180,7,14,62,1,5,17,3,1,3571.5999999999995,3614.4799999999996,42.88,28600.0,6200.0
4,B6T0000001180,8,14,62,0,5,18,2,0,3614.4799999999996,3657.5199999999995,43.04,28600.0,6200.0
4,B6T0000001180,8,14,62,1,5,18,2,1,3657.5199999999995,3700.7199999999993,43.2,28600.0,6200.0
4,B6T0000001185,7,13,67,0,1,17,7,1,3700.7199999999993,3744.7199999999993,44.0,30200.0,7800.0
4,B6T0000001185,7,13,67,1,2,16,8,0,3744.7199999999993,3787.7599999999993,43.040000000000006,30200.0,7800.0
4,B6T0000001185,8,13,67,0,2,16,8,1,3787.7599999999993,3830.6399999999994,42.88,30200.0,7800.0
4,B6T0000001185,8,13,67,1,2,17,7,0,3830.6399999999994,3873.6799999999994,43.04,30200.0,7800.0
4,B6T0000000843,7,15,62,0,10,11,10,0,3873.6799999999994,3914.7999999999993,41.120000000000005,29000.0,6600.0
4,B6T0000000843,7,15,62,1,10,11,10,1,3914.7999999999993,3955.439999999999,40.64,29000.0,6600.0
4,B6T0000000843,8,15,62,0,11,10,11,0,3955.439999999999,3995.919999999999,40.480000000000004,29000.0,6600.0
4,B6T0000000843,8,15,62,1,11,10,11,1,3995.919999999999,4036.2399999999993,40.32,29000.0,6600.0
4,B6T0000000678,7,10,64,0,4,12,7,1,4036.2399999999993,4077.8399999999992,41.6,27800.0,5800.0
4,B6T0000000678,7,10,64,1,4,13,6,0,4077.8399999999992,4120.239999999999,42.400000000000006,27800.0,5800.0
4,B6T0000000678,8,10,64,0,4,13,6,1,4120.239999999999,4162.799999999999,42.56,27800.0,5800.0
4,B6T0000000678,8,10,64,1,5,12,7,0,4162.799999999999,4205.199999999999,42.400000000000006,27800.0,5800.0
4,B6T0000000678,7,11,63,0,10,12,7,1,4205.199999999999,4247.119999999999,41.92,27800.0,5800.0
4,B6T0000000678,7,11,63,1,10,13,6,0,4247.119999999999,4289.199999999999,42.08,27800.0,5800.0
4,B6T0000000678,8,11,63,0,10,13,6,1,4289.199999999999,4331.439999999999,42.24,27800.0,5800.0
4,B6T0000000678,8,11,63,1,11,12,7,0,4331.439999999999,4373.519999999999,42.08,27800.0,5800.0
4,B6T0000000411,7,13,64,0,3,12,10,1,4373.519999999999,4415.279999999999,41.760000000000005,29000.0,7000.0
4,B6T0000000411,7,13,64,1,4,11,11,0,4415.279999999999,4456.399999999999,41.120000000000005,29000.0,7000.0
4,B6T0000000411,8,13,64,0,4,11,11,1,4456.399999999999,4497.359999999999,40.96,29000.0,7000.0
4,B6T0000000411,8,13,64,1,4,12,10,0,4497.359999999999,4538.479999999999,41.120000000000005,29000.0,7000.0
4,B6T0000001180,7,14,61,0,1,17,3,0,4538.479999999999,4579.919999999998,41.44,28200.0,6200.0
4,B6T0000001180,7,14,61,1,1,17,3,1,4579.919999999998,4622.479999999999,42.56,28200.0,6200.0
4,B6T0000001180,8,14,61,0,1,18,2,0,4622.479999999999,4665.199999999999,42.72,28200.0,6200.0
4,B6T0000001180,8,14,61,1,1,18,2,1,4665.199999999999,4708.079999999999,42.88,28200.0,6200.0
4,B6T0000001440,7,1,59,0,9,7,1,1,4708.079999999999,4750.479999999999,42.400000000000006,23700.0,1700.0
4,B6T0000001440,7,1,59,1,10,7,1,0,4750.479999999999,4793.039999999999,42.56,23700.0,1700.0
4,B6T0000001440,8,1,59,0,10,7,1,1,4793.039999999999,4835.599999999999,42.56,23700.0,1700.0
4,B6T0000001440,8,1,59,1,11,7,1,0,4835.599999999999,4878.16,42.56,23700.0,1700.0
4,B6T0000000843,7,15,61,0,7,11,10,0,4878.16,4919.92,41.760000000000005,28600.0,6600.0
4,B6T0000000843,7,15,61,1,7,11,10,1,4919.92,4960.24,40.32,28600.0,6600.0
4,B6T0000000843,8,15,61,0,8,10,11,0,4960.24,5000.4,40.16,28600.0,6600.0
4,B6T0000000843,8,15,61,1,8,10,11,1,5000.4,5040.4,40.0,28600.0,6600.0
4,B6T0000000678,7,11,62,0,8,12,7,1,5040.4,5081.36,40.96,27400.0,5800.0
4,B6T0000000678,7,11,62,1,8,13,6,0,5081.36,5123.12,41.760000000000005,27400.0,5800.0
4,B6T0000000678,8,11,62,0,8,13,6,1,5123.12,5165.04,41.92,27400.0,5800.0
4,B6T0000000678,8,11,62,1,9,12,7,0,5165.04,5206.8,41.760000000000005,27400.0,5800.0
4,B6T0000001052,7,12,66,0,3,13,11,0,5206.8,5249.04,42.24,29400.0,7800.0
4,B6T0000001052,7,12,66,1,3,13,11,1,5249.04,5290.64,41.6,29400.0,7800.0
4,B6T0000001052,8,12,66,0,4,13,11,0,5290.64,5332.240000000001,41.6,29400.0,7800.0
4,B6T0000001052,8,12,66,1,4,13,11,1,5332.240000000001,5373.840000000001,41.6,29400.0,7800.0
4,B6T0000000411,7,13,63,0,1,11,11,1,5373.840000000001,5414.480000000001,40.64,28600.0,7000.0
4,B6T0000000411,7,13,63,1,1,12,10,0,5414.480000000001,5455.280000000002,40.8,28600.0,7000.0
4,B6T0000000411,8,13,63,0,1,12,10,1,5455.280000000002,5496.240000000002,40.96,28600.0,7000.0
4,B6T0000000411,8,13,63,1,1,13,9,0,5496.240000000002,5537.3600000000015,41.120000000000005,28600.0,7000.0
4,B6T0000001180,7,15,59,0,7,17,3,0,5537.3600000000015,5578.3200000000015,40.96,27800.0,6200.0
4,B6T0000001180,7,15,59,1,7,17,3,1,5578.3200000000015,5620.240000000002,41.92,27800.0,6200.0
4,B6T0000000843,8,15,60,0,1,11,10,0,5620.240000000002,5661.3600000000015,41.120000000000005,28200.0,6600.0
4,B6T0000000843,8,15,60,1,1,11,10,1,5661.3600000000015,5701.3600000000015,40.0,28200.0,6600.0
4,B6T0000000678,8,9,63,0,2,13,6,0,5701.3600000000015,5742.960000000002,41.6,27000.0,5800.0
4,B6T0000000678,8,9,63,1,2,13,6,1,5742.960000000002,5785.200000000002,42.24,27000.0,5800.0
4,B6T0000000678,7,11,61,0,6,12,7,1,5785.200000000002,5826.640000000001,41.44,27000.0,5800.0
4,B6T0000000678,7,11,61,1,6,13,6,0,5826.640000000001,5868.080000000001,41.44,27000.0,5800.0
4,B6T0000000678,8,11,61,0,6,13,6,1,5868.080000000001,5909.680000000001,41.6,27000.0,5800.0
4,B6T0000000678,8,11,61,1,7,12,7,0,5909.680000000001,5951.120000000001,41.44,27000.0,5800.0
4,B6T0000000678,7,12,60,0,12,12,7,1,5951.120000000001,5992.080000000001,40.96,27000.0,5800.0
4,B6T0000000678,7,12,60,1,12,13,6,0,5992.080000000001,6033.200000000001,41.120000000000005,27000.0,5800.0
4,B6T0000000678,8,12,60,0,12,13,6,1,6033.200000000001,6074.4800000000005,41.28,27000.0,5800.0
4,B6T0000000678,8,12,60,1,13,12,7,0,6074.4800000000005,6115.6,41.120000000000005,27000.0,5800.0
4,B6T0000001180,7,15,58,0,4,17,3,0,6115.6,6156.56,40.96,27400.0,6200.0
4,B6T0000001180,7,15,58,1,4,17,3,1,6156.56,6198.160000000001,41.6,27400.0,6200.0
4,B6T0000001180,8,15,58,0,4,18,2,0,6198.160000000001,6239.920000000001,41.760000000000005,27400.0,6200.0
4,B6T0000001180,8,15,58,1,4,18,2,1,6239.920000000001,6281.840000000001,41.92,27400.0,6200.0
4,B6T0000001185,8,14,63,0,1,16,8,1,6281.840000000001,6324.4000000000015,42.56,29000.0,7800.0
4,B6T0000001185,8,14,63,1,1,17,7,0,6324.4000000000015,6366.160000000002,41.760000000000005,29000.0,7800.0
4,B6T0000000843,7,16,58,0,9,11,10,0,6366.160000000002,6406.000000000002,39.84,27800.0,6600.0
4,B6T0000000843,7,16,58,1,9,11,10,1,6406.000000000002,6445.3600000000015,39.36,27800.0,6600.0
4,B6T0000000843,8,16,58,0,10,10,11,0,6445.3600000000015,6484.560000000001,39.2,27800.0,6600.0
4,B6T0000000843,8,16,58,1,10,10,11,1,6484.560000000001,6523.600000000001,39.04,27800.0,6600.0
4,B6T0000000408,7,11,68,0,2,21,6,1,6523.600000000001,6566.640000000001,43.04,29800.0,9000.0
4,B6T0000000408,7,11,68,1,3,19,8,0,6566.640000000001,6610.160000000002,43.52,29800.0,9000.0
4,B6T0000000408,8,11,68,0,3,19,8,1,6610.160000000002,6653.3600000000015,43.2,29800.0,9000.0
4,B6T0000000408,8,11,68,1,3,21,6,0,6653.3600000000015,6696.880000000002,43.52,29800.0,9000.0
4,B6T0000000411,7,14,60,0,2,12,10,1,6696.880000000002,6737.520000000002,40.64,27800.0,7000.0
4,B6T0000000411,7,14,60,1,3,11,11,0,6737.520000000002,6777.360000000002,39.84,27800.0,7000.0
4,B6T0000000411,8,14,60,0,3,11,11,1,6777.360000000002,6817.040000000003,39.68,27800.0,7000.0
4,B6T0000000411,8,14,60,1,3,12,10,0,6817.040000000003,6856.880000000003,39.84,27800.0,7000.0
4,B6T0000001440,8,1,56,1,7,7,1,1,6856.880000000003,6897.040000000003,40.16,22500.0,1700.0
4,B6T0000001610,7,1,61,0,2,5,7,1,6897.040000000003,6939.2800000000025,42.24,24500.0,3700.0
4,B6T0000001610,7,1,61,1,3,5,7,0,6939.2800000000025,6980.560000000002,41.28,24500.0,3700.0
4,B6T0000001610,8,1,61,0,3,5,7,1,6980.560000000002,7021.840000000002,41.28,24500.0,3700.0
4,B6T0000001610,8,1,61,1,4,5,7,0,7021.840000000002,7063.120000000002,41.28,24500.0,3700.0
4,B6T0000000843,7,16,57,0,6,11,10,0,7063.120000000002,7102.640000000002,39.519999999999996,27400.0,6600.0
4,B6T0000000843,7,16,57,1,6,11,10,1,7102.640000000002,7141.680000000002,39.04,27400.0,6600.0
4,B6T0000000843,8,16,57,0,7,10,11,0,7141.680000000002,7180.560000000002,38.88,27400.0,6600.0
4,B6T0000000843,8,16,57,1,7,10,11,1,7180.560000000002,7219.2800000000025,38.72,27400.0,6600.0
4,B6T0000001610,7,2,60,0,7,5,7,0,7219.2800000000025,7259.600000000002,40.32,24300.0,3700.0
4,B6T0000001610,7,2,60,1,7,5,7,1,7259.600000000002,7300.560000000002,40.96,24300.0,3700.0
4,B6T0000001052,7,13,62,0,1,14,10,0,7300.560000000002,7341.680000000002,41.120000000000005,28200.0,7800.0
4,B6T0000001052,7,13,62,1,1,14,10,1,7341.680000000002,7382.320000000002,40.64,28200.0,7800.0
4,B6T0000001052,8,13,62,0,2,13,11,0,7382.320000000002,7422.800000000002,40.480000000000004,28200.0,7800.0
4,B6T0000001052,8,13,62,1,2,13,11,1,7422.800000000002,7463.120000000002,40.32,28200.0,7800.0
4,B6T0000000411,8,14,59,1,1,11,11,0,7463.120000000002,7502.480000000001,39.36,27400.0,7000.0
4,B6T0000000313,7,43,57,0,10,43,6,0,7502.480000000001,7554.409230769232,51.92923076923077,38250.0,17850.0
4,B6T0000000313,7,43,57,1,10,43,6,1,7554.409230769232,7594.729230769231,40.32,38250.0,17850.0
4,B6T0000000313,8,43,57,0,11,43,6,0,7594.729230769231,7635.049230769231,40.32,38250.0,17850.0
4,B6T0000000313,8,43,57,1,11,43,6,1,7635.049230769231,7675.369230769231,40.32,38250.0,17850.0
4,B6T0000001185,7,15,60,0,4,15,9,0,7675.369230769231,7724.836923076923,49.4676923076923,28200.0,7800.0
4,B6T0000001185,7,15,60,1,4,15,9,1,7724.836923076923,7765.156923076923,40.32,28200.0,7800.0
4,B6T0000000305,7,43,54,0,10,44,2,0,7765.156923076923,7814.784615384615,49.62769230769231,37050.0,16750.0
4,B6T0000000305,7,43,54,1,10,44,2,1,7814.784615384615,7855.424615384615,40.64,37050.0,16750.0
4,B6T0000000305,8,43,54,0,11,44,2,0,7855.424615384615,7896.0646153846155,40.64,37050.0,16750.0
4,B6T0000000305,8,43,54,1,11,44,2,1,7896.0646153846155,7936.704615384616,40.64,37050.0,16750.0
4,B6T0000001440,7,2,54,1,7,7,1,0,7936.704615384616,7993.261538461539,56.556923076923084,21900.0,1700.0
4,B6T0000001610,7,2,59,1,1,5,7,0,7993.261538461539,8034.86153846154,41.6,23900.0,3700.0
4,B6T0000001610,8,2,59,0,1,5,7,1,8034.86153846154,8075.50153846154,40.64,23900.0,3700.0
4,B6T0000001610,8,2,59,1,2,5,7,0,8075.50153846154,8116.14153846154,40.64,23900.0,3700.0
4,B6T0000001104,7,16,47,0,9,10,3,1,8116.14153846154,8153.58153846154,37.44,23400.0,3400.0
4,B6T0000001104,7,16,47,1,10,9,4,0,8153.58153846154,8191.50153846154,37.92,23400.0,3400.0
4,B6T0000000408,7,12,65,0,5,19,8,0,8191.50153846154,8234.38153846154,42.88,29000.0,9000.0
4,B6T0000000408,7,12,65,1,7,20,7,0,8234.38153846154,8276.781538461539,42.400000000000006,29000.0,9000.0
4,B6T0000000408,8,12,65,0,7,20,7,1,8276.781538461539,8319.341538461538,42.56,29000.0,9000.0
4,B6T0000000408,8,12,65,1,8,18,9,0,8319.341538461538,8361.581538461538,42.24,29000.0,9000.0
4,B6T0000000411,7,15,57,0,5,12,10,1,8361.581538461538,8400.781538461539,39.2,27000.0,7000.0
4,B6T0000000411,7,15,57,1,6,11,11,0,8400.781538461539,8439.661538461538,38.88,27000.0,7000.0
4,B6T0000000411,8,15,57,0,6,11,11,1,8439.661538461538,8478.381538461537,38.72,27000.0,7000.0
4,B6T0000000411,8,15,57,1,6,12,10,0,8478.381538461537,8517.261538461536,38.879999999999995,27000.0,7000.0
4,B6T0000000313,7,43,56,0,5,43,6,0,8517.261538461536,8568.415384615382,51.15384615384615,37850.0,17850.0
4,B6T0000000313,7,43,56,1,5,43,6,1,8568.415384615382,8608.415384615382,40.0,37850.0,17850.0
4,B6T0000000313,8,43,56,0,5,47,1,0,8608.415384615382,8649.215384615381,40.8,37850.0,17850.0
4,B6T0000000313,8,43,56,1,5,47,1,1,8649.215384615381,8690.815384615382,41.6,37850.0,17850.0
4,B6T0000001610,7,3,58,0,5,5,7,0,8690.815384615382,8749.052307692305,58.23692307692308,23700.0,3700.0
4,B6T0000001610,7,3,58,1,5,5,7,1,8749.052307692305,8789.372307692305,40.32,23700.0,3700.0
4,B6T0000001610,8,3,58,0,6,5,7,0,8789.372307692305,8829.692307692305,40.32,23700.0,3700.0
4,B6T0000001610,8,3,58,1,6,5,7,1,8829.692307692305,8870.012307692305,40.32,23700.0,3700.0
4,B6T0000000305,7,43,53,0,6,44,2,0,8870.012307692305,8924.55692307692,54.54461538461538,36650.0,16750.0
4,B6T0000000305,7,43,53,1,6,44,2,1,8924.55692307692,8964.87692307692,40.32,36650.0,16750.0
4,B6T0000000305,8,43,53,0,7,44,2,0,8964.87692307692,9005.19692307692,40.32,36650.0,16750.0
4,B6T0000000305,8,43,53,1,7,44,2,1,9005.19692307692,9045.516923076919,40.32,36650.0,16750.0
4,B6T0000000799,7,9,66,0,4,11,15,0,9045.516923076919,9099.44615384615,53.92923076923077,28200.0,8600.0
4,B6T0000000799,7,9,66,1,4,11,15,1,9099.44615384615,9139.766153846149,40.32,28200.0,8600.0
4,B6T0000000799,8,9,66,0,4,12,14,0,9139.766153846149,9180.246153846148,40.480000000000004,28200.0,8600.0
4,B6T0000000799,8,9,66,1,4,12,14,1,9180.246153846148,9220.886153846148,40.64,28200.0,8600.0
4,B6T0000000408,7,12,64,0,1,21,6,1,9220.886153846148,9262.166153846149,41.28,28600.0,9000.0
4,B6T0000000408,7,12,64,1,2,19,8,0,9262.166153846149,9304.406153846148,42.24,28600.0,9000.0
4,B6T0000000408,8,12,64,0,2,19,8,1,9304.406153846148,9346.326153846148,41.92,28600.0,9000.0
4,B6T0000000408,8,12,64,1,2,21,6,0,9346.326153846148,9388.566153846148,42.24,28600.0,9000.0
4,B6T0000001052,7,14,59,0,5,13,11,0,9388.566153846148,9428.726153846148,40.160000000000004,27400.0,7800.0
4,B6T0000001052,7,14,59,1,5,13,11,1,9428.726153846148,9468.086153846149,39.36,27400.0,7800.0
4,B6T0000000313,8,43,55,0,1,47,1,0,9468.086153846149,9519.26461538461,51.17846153846154,37450.0,17850.0
4,B6T0000000313,8,43,55,1,1,47,1,1,9519.26461538461,9560.544615384611,41.28,37450.0,17850.0
4,B6T0000000799,7,9,65,0,3,11,15,1,9560.544615384611,9616.621538461535,56.07692307692308,27800.0,8600.0
4,B6T0000000799,7,9,65,1,3,12,14,0,9616.621538461535,9656.781538461535,40.16,27800.0,8600.0
4,B6T0000000799,8,9,65,0,3,12,14,1,9656.781538461535,9697.101538461535,40.32,27800.0,8600.0
4,B6T0000000799,8,9,65,1,3,13,13,0,9697.101538461535,9737.581538461534,40.480000000000004,27800.0,8600.0
4,B6T0000000305,7,44,50,0,12,44,2,0,9737.581538461534,9788.569230769226,50.987692307692306,35950.0,16750.0
4,B6T0000001185,7,16,56,0,3,16,8,0,9788.569230769226,9837.710769230765,49.14153846153846,27000.0,7800.0
4,B6T0000001185,7,16,56,1,3,16,8,1,9837.710769230765,9877.070769230766,39.36,27000.0,7800.0
4,B6T0000001185,8,16,56,0,3,17,7,0,9877.070769230766,9916.590769230766,39.519999999999996,27000.0,7800.0
4,B6T0000001185,8,16,56,1,3,17,7,1,9916.590769230766,9956.270769230767,39.68,27000.0,7800.0
4,B6T0000001440,8,2,51,1,5,7,1,1,9956.270769230767,9995.501538461536,39.230769230769226,20700.0,1700.0
4,B6T0000000313,7,44,52,0,8,43,6,0,9995.501538461536,10049.399999999998,53.89846153846153,36750.0,17850.0
4,B6T0000000313,7,44,52,1,8,43,6,1,10049.399999999998,10088.119999999997,38.72,36750.0,17850.0
4,B6T0000000313,8,44,52,0,9,43,6,0,10088.119999999997,10126.839999999997,38.72,36750.0,17850.0
4,B6T0000000313,8,44,52,1,9,43,6,1,10126.839999999997,10165.559999999996,38.72,36750.0,17850.0
4,B6T0000000799,7,9,64,0,2,12,14,0,10165.559999999996,10218.559999999996,53.0,27400.0,8600.0
4,B6T0000000799,7,9,64,1,2,12,14,1,10218.559999999996,10258.559999999996,40.0,27400.0,8600.0
4,B6T0000000799,8,9,64,0,2,13,13,0,10258.559999999996,10298.719999999996,40.16,27400.0,8600.0
4,B6T0000000799,8,9,64,1,2,13,13,1,10298.719999999996,10339.039999999995,40.32,27400.0,8600.0
4,B6T0000000799,7,10,63,0,4,13,13,0,10339.039999999995,10379.039999999995,40.0,27400.0,8600.0
4,B6T0000000408,7,13,61,0,3,21,6,1,10379.039999999995,10419.519999999995,40.480000000000004,27800.0,9000.0
4,B6T0000000408,7,13,61,1,4,19,8,0,10419.519999999995,10460.799999999996,41.28,27800.0,9000.0
4,B6T0000000408,8,13,61,0,4,19,8,1,10460.799999999996,10501.759999999995,40.96,27800.0,9000.0
4,B6T0000000408,8,13,61,1,4,21,6,0,10501.759999999995,10543.039999999995,41.28,27800.0,9000.0
4,B6T0000000305,7,44,49,0,8,44,2,0,10543.039999999995,10588.944615384611,45.90461538461538,35550.0,16750.0
4,B6T0000000305,7,44,49,1,8,44,2,1,10588.944615384611,10627.984615384612,39.04,35550.0,16750.0
4,B6T0000000305,8,44,49,0,9,44,2,0,10627.984615384612,10667.024615384613,39.04,35550.0,16750.0
4,B6T0000000305,8,44,49,1,9,44,2,1,10667.024615384613,10706.064615384614,39.04,35550.0,16750.0
4,B6T0000001440,7,5,49,1,8,7,1,0,10706.064615384614,10760.89846153846,54.83384615384615,20500.0,1700.0
4,B6T0000001440,8,5,49,0,8,7,1,1,10760.89846153846,10800.25846153846,39.36,20500.0,1700.0
4,B6T0000001440,8,5,49,1,9,7,1,0,10800.25846153846,10839.61846153846,39.36,20500.0,1700.0
4,B6T0000001610,8,5,54,1,4,5,7,1,10839.61846153846,10879.61846153846,40.0,22500.0,3700.0
4,B6T0000000313,7,44,51,0,4,43,6,0,10879.61846153846,10933.972307692307,54.35384615384615,36350.0,17850.0
4,B6T0000000313,7,44,51,1,4,43,6,1,10933.972307692307,10972.372307692307,38.4,36350.0,17850.0
4,B6T0000000313,8,44,51,0,4,47,1,0,10972.372307692307,11011.572307692308,39.2,36350.0,17850.0
4,B6T0000000313,8,44,51,1,4,47,1,1,11011.572307692308,11051.572307692308,40.0,36350.0,17850.0
4,B6T0000000799,7,9,63,1,1,13,13,1,11051.572307692308,11107.649230769232,56.07692307692308,27000.0,8600.0
4,B6T0000000408,7,10,63,1,1,19,8,1,11107.649230769232,11148.44923076923,40.8,27400.0,9000.0
4,B6T0000000305,7,44,48,0,4,44,2,0,11148.44923076923,11195.424615384616,46.97538461538461,35150.0,16750.0
4,B6T0000000305,7,44,48,1,4,44,2,1,11195.424615384616,11234.144615384615,38.72,35150.0,16750.0
4,B6T0000000305,8,44,48,0,5,44,2,0,11234.144615384615,11272.864615384615,38.72,35150.0,16750.0
4,B6T0000000305,8,44,48,1,5,44,2,1,11272.864615384615,11311.584615384614,38.72,35150.0,16750.0
4,B6T0000000150,7,43,55,0,1,48,3,1,11311.584615384614,11352.384615384613,40.8,37450.0,19150.0
4,B6T0000000150,7,43,55,1,2,48,3,0,11352.384615384613,11393.024615384613,40.64,37450.0,19150.0
4,B6T0000000799,7,10,61,1,3,11,15,0,11393.024615384613,11448.615384615383,55.590769230769226,26600.0,8600.0
4,B6T0000000408,7,14,58,0,8,18,9,1,11448.615384615383,11487.335384615382,38.72,27000.0,9000.0
4,B6T0000000408,7,14,58,1,8,20,7,0,11487.335384615382,11527.335384615382,40.0,27000.0,9000.0
4,B6T0000000408,8,14,58,0,8,20,7,1,11527.335384615382,11567.655384615382,40.32,27000.0,9000.0
4,B6T0000000408,8,14,58,1,9,18,9,0,11567.655384615382,11607.655384615382,40.0,27000.0,9000.0
4,B6T0000000313,7,45,48,0,12,43,6,0,11607.655384615382,11655.375384615381,47.72,35650.0,17850.0
4,B6T0000000313,7,45,48,1,12,43,6,1,11655.375384615381,11692.815384615382,37.44,35650.0,17850.0
4,B6T0000000313,8,45,48,0,13,43,6,0,11692.815384615382,11730.255384615382,37.44,35650.0,17850.0
4,B6T0000000313,8,45,48,1,13,43,6,1,11730.255384615382,11767.695384615383,37.44,35650.0,17850.0
4,B6T0000001440,7,4,47,1,5,7,1,0,11767.695384615383,11821.74769230769,54.05230769230769,19500.0,1700.0
4,B6T0000000313,7,45,47,0,6,43,6,0,11821.74769230769,11875.615384615383,53.86769230769231,35250.0,17850.0
4,B6T0000000313,7,45,47,1,6,43,6,1,11875.615384615383,11912.735384615384,37.120000000000005,35250.0,17850.0
4,B6T0000000313,8,45,47,0,7,43,6,0,11912.735384615384,11949.855384615385,37.120000000000005,35250.0,17850.0
4,B6T0000000313,8,45,47,1,7,43,6,1,11949.855384615385,11986.975384615385,37.120000000000005,35250.0,17850.0
4,B6T0000000799,7,11,58,1,3,13,13,1,11986.975384615385,12037.944615384617,50.96923076923076,25800.0,8600.0
4,B6T0000000313,7,45,46,0,2,47,1,0,12037.944615384617,12089.22153846154,51.27692307692308,34850.0,17850.0
4,B6T0000000313,7,45,46,1,2,47,1,1,12089.22153846154,12127.621538461539,38.4,34850.0,17850.0
4,B6T0000000313,8,45,46,0,3,47,1,0,12127.621538461539,12166.021538461539,38.4,34850.0,17850.0
4,B6T0000000313,8,45,46,1,3,47,1,1,12166.021538461539,12204.421538461538,38.4,34850.0,17850.0
4,B6T0000000150,8,44,50,1,1,48,3,0,12204.421538461538,12243.781538461539,39.36,35950.0,19150.0
4,B6T0000000104,7,43,51,0,3,49,2,0,12243.781538461539,12283.30153846154,39.519999999999996,35850.0,19250.0
4,B6T0000000104,7,43,51,1,4,45,7,0,12283.30153846154,12322.181538461538,38.88,35850.0,19250.0
4,B6T0000000104,8,43,51,0,4,45,7,1,12322.181538461538,12360.261538461538,38.08,35850.0,19250.0
4,B6T0000000104,8,43,51,1,5,45,7,0,12360.261538461538,12398.341538461538,38.08,35850.0,19250.0
4,B6T0000001440,8,3,44,1,2,7,1,1,12398.341538461538,12453.76,55.41846153846153,18100.0,1700.0
4,B6T0000000104,7,43,50,0,2,49,2,0,12453.76,12507.209230769231,53.44923076923077,35450.0,19250.0
4,B6T0000000104,7,43,50,1,2,49,2,1,12507.209230769231,12546.569230769232,39.36,35450.0,19250.0
4,B6T0000000104,8,43,50,0,3,45,7,0,12546.569230769232,12585.129230769231,38.56,35450.0,19250.0
4,B6T0000000104,8,43,50,1,3,45,7,1,12585.129230769231,12622.889230769231,37.76,35450.0,19250.0
4,B6T0000001440,7,8,41,1,6,7,1,1,12622.889230769231,12676.289230769231,53.4,17900.0,1700.0
4,B6T0000001242,7,14,63,0,1,15,22,1,12676.289230769231,12716.76923076923,40.480000000000004,29000.0,13000.0
4,B6T0000001242,7,14,63,1,2,15,22,0,12716.76923076923,12753.889230769231,37.120000000000005,29000.0,13000.0
4,B6T0000000104,7,43,49,0,1,49,2,0,12753.889230769231,12802.716923076923,48.8276923076923,35050.0,19250.0
4,B6T0000000104,7,43,49,1,1,49,2,1,12802.716923076923,12841.756923076924,39.04,35050.0,19250.0
4,B6T0000000104,8,43,49,0,2,45,7,0,12841.756923076924,12879.996923076924,38.24,35050.0,19250.0
4,B6T0000000104,8,43,49,1,2,45,7,1,12879.996923076924,12917.436923076924,37.44,35050.0,19250.0
4,B6T0000001440,7,6,41,0,4,7,1,0,12917.436923076924,12971.452307692309,54.01538461538461,17500.0,1700.0
4,B6T0000001440,7,6,41,1,4,7,1,1,12971.452307692309,13008.252307692308,36.8,17500.0,1700.0
4,B6T0000001440,8,8,40,1,6,7,1,0,13008.252307692308,13044.732307692308,36.480000000000004,17500.0,1700.0
4,B6T0000001440,7,5,41,1,3,7,1,1,13044.732307692308,13081.532307692307,36.8,17300.0,1700.0
4,B6T0000001185,7,19,44,1,2,17,7,1,13081.532307692307,13118.375384615383,36.84307692307692,23400.0,7800.0
4,B6T0000001185,8,19,44,0,3,15,9,0,13118.375384615383,13153.895384615384,35.52,23400.0,7800.0
4,B6T0000001185,8,19,44,1,3,15,9,1,13153.895384615384,13189.095384615384,35.2,23400.0,7800.0
4,B6T0000000104,7,44,47,0,5,45,7,1,13189.095384615384,13237.572307692308,48.47692307692308,34750.0,19250.0
4,B6T0000000104,7,44,47,1,6,45,7,0,13237.572307692308,13274.372307692307,36.8,34750.0,19250.0
4,B6T0000001440,7,6,39,1,3,7,1,0,13274.372307692307,13328.067692307692,53.69538461538461,16700.0,1700.0
4,B6T0000001242,8,15,59,1,1,15,22,0,13328.067692307692,13367.267692307692,39.2,27800.0,13000.0
4,B6T0000001682,7,1,60,1,6,8,21,0,13367.267692307692,13403.815384615385,36.54769230769231,24100.0,9900.0
4,B6T0000001682,8,1,60,0,6,8,21,1,13403.815384615385,13440.295384615385,36.480000000000004,24100.0,9900.0
4,B6T0000001682,8,1,60,1,7,8,21,0,13440.295384615385,13476.775384615385,36.480000000000004,24100.0,9900.0
4,B6T0000000481,7,9,67,1,1,12,29,0,13476.775384615385,13514.215384615385,37.44,28600.0,14600.0
4,B6T0000000481,8,9,67,0,1,12,29,1,13514.215384615385,13550.375384615385,36.16,28600.0,14600.0
4,B6T0000001440,7,7,36,1,2,7,1,0,13550.375384615385,13582.59076923077,32.215384615384615,15700.0,1700.0
4,B6T0000001682,7,2,59,0,8,8,21,0,13582.59076923077,13621.95076923077,39.36,23900.0,9900.0
4,B6T0000000051,8,44,47,0,1,50,7,0,13621.95076923077,13674.58153846154,52.630769230769225,34750.0,21750.0
4,B6T0000000432,7,9,67,0,1,37,7,0,13674.58153846154,13742.196923076925,67.61538461538461,28600.0,15800.0
4,B6T0000000114,8,43,52,0,8,50,13,0,13742.196923076925,13779.636923076925,37.44,36250.0,24150.0
4,B6T0000000114,8,43,52,1,8,50,13,1,13779.636923076925,13816.116923076925,36.480000000000004,36250.0,24150.0
4,B6T0000000799,7,14,42,1,1,12,14,0,13816.116923076925,13867.904615384618,51.78769230769231,20600.0,8600.0
4,B6T0000000799,8,14,42,0,1,12,14,1,13867.904615384618,13900.864615384617,32.96,20600.0,8600.0
4,B6T0000000799,8,14,42,1,1,13,13,0,13900.864615384617,13933.984615384617,33.120000000000005,20600.0,8600.0
4,B6T0000000432,8,10,63,0,1,36,8,0,13933.984615384617,13981.984615384617,48.0,27400.0,15800.0
4,B6T0000000432,8,10,63,1,1,36,8,1,13981.984615384617,14037.984615384617,56.0,27400.0,15800.0
4,B6T0000000408,7,19,37,1,1,21,6,0,14037.984615384617,14077.406153846156,39.42153846153846,20600.0,9000.0
4,B6T0000001572,8,1,47,1,1,3,17,1,14077.406153846156,14116.206153846155,38.8,18900.0,7300.0
4,B6T0000001771,7,1,42,1,2,7,12,0,14116.206153846155,14149.006153846154,32.8,16900.0,6100.0
4,B6T0000001771,8,1,42,0,2,7,12,1,14149.006153846154,14182.606153846154,33.6,16900.0,6100.0
4,B6T0000001771,8,1,42,1,7,5,13,0,14182.606153846154,14216.046153846155,33.44,16900.0,6100.0
4,B6T0000001771,7,3,40,0,8,5,13,1,14216.046153846155,14248.686153846154,32.64,16500.0,6100.0
4,B6T0000001771,7,3,40,1,9,5,13,0,14248.686153846154,14281.326153846154,32.64,16500.0,6100.0
4,B6T0000001682,8,8,47,1,7,8,21,1,14281.326153846154,14314.926153846154,33.6,20300.0,9900.0
4,B6T0000000678,7,20,24,1,3,13,6,1,14314.926153846154,14350.464615384615,35.53846153846153,15800.0,5800.0
4,B6T0000000747,7,13,60,0,1,18,30,0,14350.464615384615,14387.904615384616,37.44,27400.0,17400.0
4,B6T0000000747,7,13,60,1,1,18,30,1,14387.904615384616,14421.504615384616,33.6,27400.0,17400.0
4,B6T0000000747,8,13,60,0,2,18,30,0,14421.504615384616,14455.104615384616,33.6,27400.0,17400.0
4,B6T0000000747,8,13,60,1,2,18,30,1,14455.104615384616,14488.704615384617,33.6,27400.0,17400.0
4,B6T0000000389,7,10,50,0,1,13,22,0,14488.704615384617,14522.107692307694,33.403076923076924,22200.0,12200.0
4,B6T0000000389,7,10,50,1,1,13,22,1,14522.107692307694,14555.067692307694,32.96,22200.0,12200.0
4,B6T0000001771,8,3,38,1,1,7,12,1,14555.067692307694,14587.689230769232,32.621538461538464,15700.0,6100.0
4,B6T0000001180,7,25,19,0,3,17,3,0,14587.689230769232,14627.227692307693,39.53846153846153,15800.0,6200.0
4,B6T0000001180,7,25,19,1,3,17,3,1,14627.227692307693,14661.073846153848,33.84615384615385,15800.0,6200.0
4,B6T0000001180,8,25,19,0,3,18,2,0,14661.073846153848,14694.304615384617,33.230769230769226,15800.0,6200.0
4,B6T0000001180,8,25,19,1,3,18,2,1,14694.304615384617,14726.920000000002,32.61538461538461,15800.0,6200.0
4,B6T0000001771,7,4,37,1,7,5,13,1,14726.920000000002,14761.990769230772,35.07076923076923,15500.0,6100.0
4,B6T0000001818,8,8,46,1,5,3,25,0,14761.990769230772,14794.630769230771,32.64,19900.0,10500.0
4,B6T0000001771,8,5,36,1,8,5,13,0,14794.630769230771,14824.070769230771,29.439999999999998,15300.0,6100.0
4,B6T0000001185,7,21,26,0,1,16,8,0,14824.070769230771,14859.916923076926,35.84615384615385,17000.0,7800.0
4,B6T0000001771,7,4,36,0,1,7,12,0,14859.916923076926,14893.756923076926,33.84,15100.0,6100.0
4,B6T0000001052,7,13,32,0,1,13,11,0,14893.756923076926,14924.347692307696,30.59076923076923,16200.0,7800.0
4,B6T0000001052,7,13,32,1,1,13,11,1,14924.347692307696,14955.067692307695,30.72,16200.0,7800.0
4,B6T0000001440,8,6,22,0,1,7,1,1,14955.067692307695,14985.966153846157,30.89846153846154,9900.0,1700.0
4,B6T0000000678,7,21,18,0,3,13,6,0,14985.966153846157,15023.04307692308,37.07692307692308,13800.0,5800.0
4,B6T0000001994,8,4,34,1,2,7,14,1,15023.04307692308,15054.723076923081,31.68,14300.0,6900.0
4,B6T0000001572,8,8,33,1,1,3,17,0,15054.723076923081,15084.323076923081,29.6,14700.0,7300.0
4,B6T0000001994,8,4,33,1,2,7,14,0,15084.323076923081,15113.923076923082,29.6,13900.0,6900.0
4,B6T0000001994,7,6,32,1,3,7,14,1,15113.923076923082,15143.683076923082,29.759999999999998,13900.0,6900.0
4,B6T0000001562,8,4,31,1,1,8,12,0,15143.683076923082,15173.443076923082,29.759999999999998,13100.0,6300.0
4,B6T0000001996,8,1,21,0,1,4,4,0,15173.443076923082,15202.316923076929,28.873846153846152,8500.0,2300.0
4,B6T0000001996,8,1,21,1,1,4,4,1,15202.316923076929,15231.75692307693,29.44,8500.0,2300.0
4,B6T0000000408,8,10,31,1,1,19,8,0,15231.75692307693,15265.61538461539,33.85846153846154,14600.0,9000.0
4,B6T0000001994,7,6,28,1,1,7,14,0,15265.61538461539,15299.08615384616,33.47076923076923,12300.0,6900.0
4,B6T0000001994,8,8,27,1,3,7,14,0,15299.08615384616,15327.24615384616,28.16,12300.0,6900.0
4,B6T0000000678,8,23,8,0,1,13,6,0,15327.24615384616,15366.78461538462,39.53846153846153,10600.0,5800.0
4,B6T0000000678,8,23,8,1,1,13,6,1,15366.78461538462,15403.092307692312,36.30769230769231,10600.0,5800.0
4,B6T0000001647,8,3,23,1,3,4,11,0,15403.092307692312,15433.47384615385,30.38153846153846,9700.0,5100.0
4,B6T0000001994,8,8,25,1,1,7,14,1,15433.47384615385,15461.47384615385,28.0,11500.0,6900.0
4,B6T0000001647,8,6,18,1,3,4,11,1,15461.47384615385,15487.233846153851,25.76,8300.0,5100.0
4,B6T0000001440,7,6,9,0,1,7,1,0,15487.233846153851,15513.129230769237,25.895384615384614,4700.0,1700.0
4,B6T0000001647,7,9,15,0,4,4,11,0,15513.129230769237,15541.061538461545,27.932307692307692,7800.0,5100.0
4,B6T0000001647,7,9,15,1,4,4,11,1,15541.061538461545,15568.44615384616,27.384615384615387,7800.0,5100.0
4,B6T0000001647,8,9,15,0,5,4,11,0,15568.44615384616,15595.830769230775,27.384615384615387,7800.0,5100.0
4,B6T0000001647,8,9,15,1,5,4,11,1,15595.830769230775,15623.21538461539,27.384615384615387,7800.0,5100.0
5,B6T0000001197,9,10,68,0,7,9,11,1,0.0,43.92,43.92,29400.0,6200.0
5,B6T0000001197,9,10,68,1,7,10,10,0,43.92,86.32000000000001,42.400000000000006,29400.0,6200.0
5,B6T0000001197,10,10,68,0,7,10,10,1,86.32000000000001,128.88,42.56,29400.0,6200.0
5,B6T0000001197,10,10,68,1,8,9,11,0,128.88,171.28,42.400000000000006,29400.0,6200.0
5,B6T0000001197,9,10,66,0,14,18,1,0,171.28,214.48000000000002,43.2,28600.0,5800.0
5,B6T0000001197,9,10,66,1,14,18,1,1,214.48000000000002,259.28000000000003,44.8,28600.0,5800.0
5,B6T0000001197,9,10,67,0,3,10,10,0,259.28000000000003,302.96000000000004,43.68000000000001,29000.0,6200.0
5,B6T0000001197,9,10,67,1,3,10,10,1,302.96000000000004,345.20000000000005,42.24,29000.0,6200.0
5,B6T0000001197,10,10,67,0,4,9,11,0,345.20000000000005,387.28000000000003,42.08,29000.0,6200.0
5,B6T0000001197,10,10,67,1,4,9,11,1,387.28000000000003,429.20000000000005,41.92,29000.0,6200.0
5,B6T0000001197,10,10,66,0,1,9,11,0,429.20000000000005,470.80000000000007,41.6,28600.0,6200.0
5,B6T0000001197,10,10,66,1,1,9,11,1,470.80000000000007,512.4000000000001,41.6,28600.0,6200.0
5,B6T0000001197,9,11,65,0,11,9,11,1,512.4000000000001,553.6800000000001,41.28,28600.0,6200.0
5,B6T0000001197,9,11,64,0,6,9,11,1,553.6800000000001,594.6400000000001,40.96,28200.0,6200.0
5,B6T0000001197,9,11,64,1,6,10,10,0,594.6400000000001,635.7600000000001,41.120000000000005,28200.0,6200.0
5,B6T0000001197,10,11,64,0,6,10,10,1,635.7600000000001,677.0400000000001,41.28,28200.0,6200.0
5,B6T0000001197,10,11,64,1,7,9,11,0,677.0400000000001,718.1600000000001,41.120000000000005,28200.0,6200.0
5,B6T0000001197,9,11,63,0,1,10,10,0,718.1600000000001,758.96,40.8,27800.0,6200.0
5,B6T0000001197,9,11,63,1,1,10,10,1,758.96,799.9200000000001,40.96,27800.0,6200.0
5,B6T0000001197,10,11,63,0,2,9,11,0,799.9200000000001,840.72,40.8,27800.0,6200.0
5,B6T0000001197,10,11,63,1,3,9,11,1,840.72,881.36,40.64,27800.0,6200.0
5,B6T0000001197,9,12,61,0,9,9,11,0,881.36,921.36,40.0,27400.0,6200.0
5,B6T0000001197,9,12,61,1,9,9,11,1,921.36,961.36,40.0,27400.0,6200.0
5,B6T0000001197,10,12,61,0,10,9,11,0,961.36,1001.36,40.0,27400.0,6200.0
5,B6T0000001197,10,12,61,1,10,9,11,1,1001.36,1041.3600000000001,40.0,27400.0,6200.0
5,B6T0000001197,9,12,60,0,5,9,11,1,1041.3600000000001,1081.0400000000002,39.68,27000.0,6200.0
5,B6T0000001197,9,12,60,1,5,10,10,0,1081.0400000000002,1120.88,39.84,27000.0,6200.0
5,B6T0000001197,10,12,60,0,5,10,10,1,1120.88,1160.88,40.0,27000.0,6200.0
5,B6T0000001197,10,12,60,1,6,9,11,0,1160.88,1200.72,39.84,27000.0,6200.0
5,B6T0000000001,9,43,59,0,3,43,7,1,1200.72,1254.04,53.32,39050.0,18250.0
5,B6T0000000001,9,43,59,1,4,43,7,0,1254.04,1294.68,40.64,39050.0,18250.0
5,B6T0000000001,10,43,59,0,4,43,7,1,1294.68,1335.3200000000002,40.64,39050.0,18250.0
5,B6T0000000001,10,43,59,1,5,43,7,0,1335.3200000000002,1375.9600000000003,40.64,39050.0,18250.0
5,B6T0000000140,9,43,58,0,12,44,5,0,1375.9600000000003,1416.6000000000004,40.64,38650.0,17950.0
5,B6T0000000140,9,43,58,1,12,44,5,1,1416.6000000000004,1457.5600000000004,40.96,38650.0,17950.0
5,B6T0000000140,10,43,58,0,13,44,5,0,1457.5600000000004,1498.5200000000004,40.96,38650.0,17950.0
5,B6T0000000001,10,43,58,1,14,46,3,0,1498.5200000000004,1539.8000000000004,41.28,38650.0,18150.0
5,B6T0000000140,9,43,57,0,6,44,5,0,1539.8000000000004,1580.7600000000004,40.96,38250.0,17950.0
5,B6T0000000140,9,43,57,1,6,44,5,1,1580.7600000000004,1621.4000000000005,40.64,38250.0,17950.0
5,B6T0000000140,10,43,57,0,7,44,5,0,1621.4000000000005,1662.0400000000006,40.64,38250.0,17950.0
5,B6T0000000140,10,43,57,1,7,44,5,1,1662.0400000000006,1702.6800000000007,40.64,38250.0,17950.0
5,B6T0000000139,9,43,54,0,6,43,4,0,1702.6800000000007,1742.5200000000007,39.84,37050.0,17050.0
5,B6T0000000139,9,43,54,1,6,43,4,1,1742.5200000000007,1782.5200000000007,40.0,37050.0,17050.0
5,B6T0000000139,10,43,54,0,7,43,4,0,1782.5200000000007,1822.5200000000007,40.0,37050.0,17050.0
5,B6T0000000139,10,43,54,1,7,43,4,1,1822.5200000000007,1862.5200000000007,40.0,37050.0,17050.0
5,B6T0000000140,9,43,56,0,13,47,1,1,1862.5200000000007,1903.6400000000008,41.120000000000005,37850.0,17850.0
5,B6T0000000140,9,43,56,1,14,47,1,0,1903.6400000000008,1945.2400000000007,41.6,37850.0,17850.0
5,B6T0000000140,10,43,56,0,14,47,1,1,1945.2400000000007,1986.8400000000006,41.6,37850.0,17850.0
5,B6T0000001157,9,13,66,0,4,22,7,1,1986.8400000000006,2041.8953846153852,55.05538461538461,29800.0,9800.0
5,B6T0000001157,9,13,66,1,4,23,6,0,2041.8953846153852,2084.9353846153854,43.04,29800.0,9800.0
5,B6T0000001685,9,1,61,0,4,3,10,1,2084.9353846153854,2128.3261538461547,43.39076923076923,24500.0,4500.0
5,B6T0000001685,9,1,61,1,5,3,10,0,2128.3261538461547,2168.646153846155,40.32,24500.0,4500.0
5,B6T0000001685,10,1,61,0,5,3,10,1,2168.646153846155,2208.966153846155,40.32,24500.0,4500.0
5,B6T0000001685,10,1,61,1,6,3,10,0,2208.966153846155,2249.2861538461552,40.32,24500.0,4500.0
5,B6T0000001157,10,13,66,0,4,23,6,1,2249.2861538461552,2291.846153846155,42.56,29800.0,9800.0
5,B6T0000001157,10,13,66,1,4,24,5,0,2291.846153846155,2335.2061538461553,43.36,29800.0,9800.0
5,B6T0000000140,10,43,56,1,1,44,5,0,2335.2061538461553,2379.135384615386,43.92923076923077,37850.0,17950.0
5,B6T0000000139,10,43,53,0,3,43,4,0,2379.135384615386,2418.655384615386,39.519999999999996,36650.0,17050.0
5,B6T0000000139,10,43,53,1,3,43,4,1,2418.655384615386,2458.335384615386,39.68,36650.0,17050.0
5,B6T0000000905,9,11,67,0,3,12,17,1,2458.335384615386,2510.104615384617,51.76923076923077,29400.0,9800.0
5,B6T0000000905,9,11,67,1,4,11,18,0,2510.104615384617,2549.944615384617,39.84,29400.0,9800.0
5,B6T0000000905,10,11,67,0,4,11,18,1,2549.944615384617,2589.624615384617,39.68,29400.0,9800.0
5,B6T0000000905,10,11,67,1,4,12,17,0,2589.624615384617,2629.464615384617,39.84,29400.0,9800.0
5,B6T0000000140,9,43,55,0,7,47,1,1,2629.464615384617,2681.258461538463,51.793846153846154,37450.0,17850.0
5,B6T0000000140,9,43,55,1,8,47,1,0,2681.258461538463,2722.5384615384633,41.28,37450.0,17850.0
5,B6T0000000140,10,43,55,0,8,47,1,1,2722.5384615384633,2763.8184615384635,41.28,37450.0,17850.0
5,B6T0000000140,10,43,55,1,9,47,1,0,2763.8184615384635,2805.0984615384637,41.28,37450.0,17850.0
5,B6T0000001157,9,13,65,0,1,23,6,1,2805.0984615384637,2860.1538461538485,55.05538461538461,29400.0,9800.0
5,B6T0000001157,9,13,65,1,1,24,5,0,2860.1538461538485,2903.1938461538484,43.04,29400.0,9800.0
5,B6T0000001157,10,13,65,0,1,24,5,1,2903.1938461538484,2946.3938461538482,43.2,29400.0,9800.0
5,B6T0000001157,10,13,65,1,2,23,6,0,2946.3938461538482,2989.433846153848,43.040000000000006,29400.0,9800.0
5,B6T0000001685,10,1,60,0,1,3,10,0,2989.433846153848,3032.6646153846173,43.230769230769226,24100.0,4500.0
5,B6T0000001685,10,1,60,1,1,3,10,1,3032.6646153846173,3072.6646153846173,40.0,24100.0,4500.0
5,B6T0000001685,9,2,59,0,2,3,10,1,3072.6646153846173,3112.344615384617,39.68,23900.0,4500.0
5,B6T0000001685,9,2,59,1,3,3,10,0,3112.344615384617,3152.024615384617,39.68,23900.0,4500.0
5,B6T0000001685,10,2,59,0,3,3,10,1,3152.024615384617,3191.704615384617,39.68,23900.0,4500.0
5,B6T0000001685,10,2,59,1,4,3,10,0,3191.704615384617,3231.3846153846166,39.68,23900.0,4500.0
5,B6T0000000001,9,44,54,0,1,47,2,1,3231.3846153846166,3287.4738461538473,56.08923076923077,37550.0,18250.0
5,B6T0000000001,9,44,54,1,2,43,7,0,3287.4738461538473,3327.3138461538474,39.84,37550.0,18250.0
5,B6T0000000001,10,44,54,0,2,43,7,1,3327.3138461538474,3366.3538461538474,39.04,37550.0,18250.0
5,B6T0000000001,10,44,54,1,3,43,7,0,3366.3538461538474,3405.3938461538473,39.04,37550.0,18250.0
5,B6T0000000905,10,11,66,1,1,12,17,0,3405.3938461538473,3457.003076923078,51.60923076923076,29000.0,9800.0
5,B6T0000000140,9,44,53,0,10,44,5,0,3457.003076923078,3508.606153846155,51.60307692307692,37150.0,17950.0
5,B6T0000000140,9,44,53,1,10,44,5,1,3508.606153846155,3547.966153846155,39.36,37150.0,17950.0
5,B6T0000000140,10,44,53,0,11,44,5,0,3547.966153846155,3587.326153846155,39.36,37150.0,17950.0
5,B6T0000000140,10,44,53,1,11,44,5,1,3587.326153846155,3626.6861538461553,39.36,37150.0,17950.0
5,B6T0000001195,9,12,66,1,1,24,6,0,3626.6861538461553,3680.2092307692324,53.52307692307692,29400.0,10200.0
5,B6T0000001195,10,12,66,0,1,24,6,1,3680.2092307692324,3723.409230769232,43.2,29400.0,10200.0
5,B6T0000001195,10,12,66,1,1,25,5,0,3723.409230769232,3766.7692307692323,43.36,29400.0,10200.0
5,B6T0000000139,9,44,50,0,8,43,4,0,3766.7692307692323,3810.052307692309,43.283076923076926,35950.0,17050.0
5,B6T0000000139,9,44,50,1,8,43,4,1,3810.052307692309,3848.772307692309,38.72,35950.0,17050.0
5,B6T0000000139,10,44,50,0,9,43,4,0,3848.772307692309,3887.4923076923087,38.72,35950.0,17050.0
5,B6T0000000947,9,9,65,0,11,26,1,0,3887.4923076923087,3942.9538461538473,55.46153846153846,27800.0,9000.0
5,B6T0000000947,9,9,65,1,11,26,1,1,3942.9538461538473,3987.8769230769244,44.92307692307692,27800.0,9000.0
5,B6T0000000140,9,44,52,0,4,44,5,0,3987.8769230769244,4030.704615384617,42.8276923076923,36750.0,17950.0
5,B6T0000000140,9,44,52,1,4,44,5,1,4030.704615384617,4069.7446153846167,39.04,36750.0,17950.0
5,B6T0000000140,10,44,52,0,5,44,5,0,4069.7446153846167,4108.784615384617,39.04,36750.0,17950.0
5,B6T0000000140,10,44,52,1,5,44,5,1,4108.784615384617,4147.824615384617,39.04,36750.0,17950.0
5,B6T0000001157,9,14,62,0,3,23,6,1,4147.824615384617,4199.476923076924,51.652307692307694,28600.0,9800.0
5,B6T0000001157,9,14,62,1,3,24,5,0,4199.476923076924,4241.556923076924,42.08,28600.0,9800.0
5,B6T0000001157,10,14,62,0,3,24,5,1,4241.556923076924,4283.796923076924,42.24,28600.0,9800.0
5,B6T0000001157,10,14,62,1,4,22,7,0,4283.796923076924,4325.716923076924,41.92,28600.0,9800.0
5,B6T0000000139,9,44,49,0,4,43,4,0,4325.716923076924,4370.686153846154,44.96923076923076,35550.0,17050.0
5,B6T0000000139,9,44,49,1,4,43,4,1,4370.686153846154,4409.086153846154,38.4,35550.0,17050.0
5,B6T0000000139,10,44,49,0,5,43,4,0,4409.086153846154,4447.486153846154,38.4,35550.0,17050.0
5,B6T0000000139,10,44,49,1,5,43,4,1,4447.486153846154,4485.886153846153,38.4,35550.0,17050.0
5,B6T0000000140,9,44,51,0,11,47,1,1,4485.886153846153,4525.406153846154,39.519999999999996,36350.0,17850.0
5,B6T0000000140,9,44,51,1,12,47,1,0,4525.406153846154,4565.406153846154,40.0,36350.0,17850.0
5,B6T0000000140,10,44,51,0,12,47,1,1,4565.406153846154,4605.406153846154,40.0,36350.0,17850.0
5,B6T0000000140,10,44,51,1,13,47,1,0,4605.406153846154,4645.406153846154,40.0,36350.0,17850.0
5,B6T0000000947,9,9,64,0,9,26,1,0,4645.406153846154,4703.944615384616,58.53846153846154,27400.0,9000.0
5,B6T0000000947,9,9,64,1,9,26,1,1,4703.944615384616,4748.867692307693,44.92307692307692,27400.0,9000.0
5,B6T0000000947,10,9,64,0,10,26,1,0,4748.867692307693,4793.79076923077,44.92307692307692,27400.0,9000.0
5,B6T0000000947,10,9,64,1,10,26,1,1,4793.79076923077,4838.713846153847,44.92307692307692,27400.0,9000.0
5,B6T0000000905,10,9,66,0,1,11,18,0,4838.713846153847,4880.855384615385,42.14153846153846,28200.0,9800.0
5,B6T0000000905,10,9,66,1,1,11,18,1,4880.855384615385,4920.215384615385,39.36,28200.0,9800.0
5,B6T0000001197,9,14,52,1,4,10,10,0,4920.215384615385,4956.375384615385,36.160000000000004,24600.0,6200.0
5,B6T0000001197,10,14,52,0,4,10,10,1,4956.375384615385,4993.815384615385,37.44,24600.0,6200.0
5,B6T0000001197,10,14,52,1,5,9,11,0,4993.815384615385,5031.095384615384,37.28,24600.0,6200.0
5,B6T0000000905,9,12,63,0,2,12,17,1,5031.095384615384,5070.775384615385,39.68,28200.0,9800.0
5,B6T0000000905,9,12,63,1,3,11,18,0,5070.775384615385,5109.335384615385,38.56,28200.0,9800.0
5,B6T0000000905,10,12,63,0,3,11,18,1,5109.335384615385,5147.735384615385,38.4,28200.0,9800.0
5,B6T0000000905,10,12,63,1,3,12,17,0,5147.735384615385,5186.295384615385,38.56,28200.0,9800.0
5,B6T0000001195,9,13,63,0,2,25,5,1,5186.295384615385,5226.935384615385,40.64,28600.0,10200.0
5,B6T0000001195,9,13,63,1,3,24,6,0,5226.935384615385,5269.335384615385,42.400000000000006,28600.0,10200.0
5,B6T0000001195,10,13,63,0,3,24,6,1,5269.335384615385,5311.575384615385,42.24,28600.0,10200.0
5,B6T0000001157,10,14,61,1,1,23,6,0,5311.575384615385,5353.175384615385,41.6,28200.0,9800.0
5,B6T0000001685,10,4,55,1,2,3,10,0,5353.175384615385,5394.683076923077,41.50769230769231,22700.0,4500.0
5,B6T0000000001,9,45,50,0,7,43,7,1,5394.683076923077,5450.101538461538,55.41846153846153,36450.0,18250.0
5,B6T0000000001,9,45,50,1,8,43,7,0,5450.101538461538,5487.861538461539,37.76,36450.0,18250.0
5,B6T0000000001,10,45,50,0,8,43,7,1,5487.861538461539,5525.621538461539,37.76,36450.0,18250.0
5,B6T0000000001,10,45,50,1,9,43,7,0,5525.621538461539,5563.381538461539,37.76,36450.0,18250.0
5,B6T0000000140,10,44,50,1,7,47,1,0,5563.381538461539,5602.101538461539,38.72,35950.0,17850.0
5,B6T0000001313,9,11,68,0,2,19,15,1,5602.101538461539,5657.427692307693,55.326153846153844,29800.0,11800.0
5,B6T0000001313,9,11,68,1,3,16,18,0,5657.427692307693,5697.907692307693,40.480000000000004,29800.0,11800.0
5,B6T0000001313,10,11,68,0,3,16,18,1,5697.907692307693,5737.907692307693,40.0,29800.0,11800.0
5,B6T0000001313,10,11,68,1,3,19,15,0,5737.907692307693,5778.387692307692,40.480000000000004,29800.0,11800.0
5,B6T0000000707,9,12,68,0,3,10,25,0,5778.387692307692,5817.747692307692,39.36,30200.0,12200.0
5,B6T0000000707,9,12,68,1,3,10,25,1,5817.747692307692,5855.507692307692,37.76,30200.0,12200.0
5,B6T0000000707,10,12,68,0,3,11,24,0,5855.507692307692,5893.427692307692,37.92,30200.0,12200.0
5,B6T0000001685,9,5,54,0,6,3,10,1,5893.427692307692,5929.267692307692,35.84,22500.0,4500.0
5,B6T0000001157,9,15,59,0,4,24,5,1,5929.267692307692,5969.747692307692,40.480000000000004,27800.0,9800.0
5,B6T0000000245,9,43,53,0,11,44,7,0,5969.747692307692,6012.876923076923,43.12923076923077,36650.0,18750.0
5,B6T0000000245,9,43,53,1,11,44,7,1,6012.876923076923,6051.596923076923,38.72,36650.0,18750.0
5,B6T0000000001,9,45,49,0,14,46,3,1,6051.596923076923,6089.676923076923,38.08,36050.0,18150.0
5,B6T0000000001,9,45,49,1,1,43,7,0,6089.676923076923,6127.756923076923,38.08,36050.0,18250.0
5,B6T0000000001,10,45,49,0,1,43,7,1,6127.756923076923,6165.196923076923,37.44,36050.0,18250.0
5,B6T0000000001,10,45,49,1,1,47,2,0,6165.196923076923,6203.4369230769225,38.239999999999995,36050.0,18250.0
5,B6T0000000140,9,45,48,0,8,44,5,0,6203.4369230769225,6241.676923076922,38.239999999999995,35650.0,17950.0
5,B6T0000000140,9,45,48,1,8,44,5,1,6241.676923076922,6279.4369230769225,37.76,35650.0,17950.0
5,B6T0000000140,10,45,48,0,9,44,5,0,6279.4369230769225,6317.196923076923,37.76,35650.0,17950.0
5,B6T0000000140,10,45,48,1,9,44,5,1,6317.196923076923,6354.956923076923,37.76,35650.0,17950.0
5,B6T0000001083,9,10,63,0,1,25,4,0,6354.956923076923,6409.550769230769,54.59384615384616,27400.0,9800.0
5,B6T0000001083,9,10,63,1,1,25,4,1,6409.550769230769,6452.430769230769,42.88,27400.0,9800.0
5,B6T0000001083,10,10,63,0,1,26,3,0,6452.430769230769,6495.716923076923,43.28615384615385,27400.0,9800.0
5,B6T0000001083,10,10,63,1,1,26,3,1,6495.716923076923,6539.409230769231,43.69230769230769,27400.0,9800.0
5,B6T0000000905,9,13,60,0,4,12,17,1,6539.409230769231,6579.409230769231,40.0,27400.0,9800.0
5,B6T0000001157,9,15,58,0,2,23,6,1,6579.409230769231,6618.289230769231,38.88,27400.0,9800.0
5,B6T0000001157,9,15,58,1,2,24,5,0,6618.289230769231,6659.089230769231,40.8,27400.0,9800.0
5,B6T0000001157,10,15,58,0,2,24,5,1,6659.089230769231,6700.049230769231,40.96,27400.0,9800.0
5,B6T0000001157,10,15,58,1,3,23,6,0,6700.049230769231,6740.849230769231,40.8,27400.0,9800.0
5,B6T0000000245,9,43,52,0,7,44,7,0,6740.849230769231,6784.433846153846,43.58461538461539,36250.0,18750.0
5,B6T0000000245,9,43,52,1,7,44,7,1,6784.433846153846,6822.833846153846,38.4,36250.0,18750.0
5,B6T0000000245,10,43,52,0,8,44,7,0,6822.833846153846,6861.233846153846,38.4,36250.0,18750.0
5,B6T0000000245,10,43,52,1,8,44,7,1,6861.233846153846,6899.633846153845,38.4,36250.0,18750.0
5,B6T0000000140,9,45,47,0,2,44,5,0,6899.633846153845,6936.753846153845,37.12,35250.0,17950.0
5,B6T0000000140,9,45,47,1,2,44,5,1,6936.753846153845,6974.193846153845,37.44,35250.0,17950.0
5,B6T0000000140,10,45,47,0,3,44,5,0,6974.193846153845,7011.633846153844,37.44,35250.0,17950.0
5,B6T0000000140,10,45,47,1,3,44,5,1,7011.633846153844,7049.073846153844,37.44,35250.0,17950.0
5,B6T0000000905,9,13,59,0,1,12,17,1,7049.073846153844,7099.101538461537,50.027692307692305,27000.0,9800.0
5,B6T0000000905,9,13,59,1,2,11,18,0,7099.101538461537,7136.381538461536,37.28,27000.0,9800.0
5,B6T0000000905,10,13,59,0,2,11,18,1,7136.381538461536,7173.501538461536,37.120000000000005,27000.0,9800.0
5,B6T0000000905,10,13,59,1,2,12,17,0,7173.501538461536,7210.781538461536,37.28,27000.0,9800.0
5,B6T0000001195,9,14,59,0,1,25,5,1,7210.781538461536,7250.141538461536,39.36,27400.0,10200.0
5,B6T0000001195,9,14,59,1,2,24,6,0,7250.141538461536,7291.261538461536,41.120000000000005,27400.0,10200.0
5,B6T0000001195,10,14,59,0,2,24,6,1,7291.261538461536,7332.221538461536,40.96,27400.0,10200.0
5,B6T0000001195,10,14,59,1,2,25,5,0,7332.221538461536,7373.3415384615355,41.120000000000005,27400.0,10200.0
5,B6T0000000431,10,12,68,1,1,27,10,0,7373.3415384615355,7416.701538461535,43.36,30200.0,13000.0
5,B6T0000000245,9,43,51,0,2,48,2,0,7416.701538461535,7458.464615384612,41.76307692307692,35850.0,18750.0
5,B6T0000000245,9,43,51,1,2,48,2,1,7458.464615384612,7498.144615384613,39.68,35850.0,18750.0
5,B6T0000000245,10,43,51,0,4,44,7,0,7498.144615384613,7537.024615384613,38.88,35850.0,18750.0
5,B6T0000000245,10,43,51,1,4,44,7,1,7537.024615384613,7575.104615384613,38.08,35850.0,18750.0
5,B6T0000000140,9,45,46,0,9,47,1,1,7575.104615384613,7612.544615384612,37.44,34850.0,17850.0
5,B6T0000000140,9,45,46,1,10,47,1,0,7612.544615384612,7650.944615384612,38.4,34850.0,17850.0
5,B6T0000000140,10,45,46,0,10,47,1,1,7650.944615384612,7689.344615384612,38.4,34850.0,17850.0
5,B6T0000000140,10,45,46,1,11,47,1,0,7689.344615384612,7727.744615384611,38.4,34850.0,17850.0
5,B6T0000000403,9,10,65,1,1,25,8,0,7727.744615384611,7784.436923076919,56.69230769230769,28200.0,11400.0
5,B6T0000000403,10,10,65,0,1,25,8,1,7784.436923076919,7826.898461538457,42.46153846153846,28200.0,11400.0
5,B6T0000001313,9,12,64,0,1,19,15,1,7826.898461538457,7867.698461538457,40.8,28600.0,11800.0
5,B6T0000001313,9,12,64,1,2,16,18,0,7867.698461538457,7906.898461538457,39.2,28600.0,11800.0
5,B6T0000001313,10,12,64,0,2,16,18,1,7906.898461538457,7945.618461538457,38.72,28600.0,11800.0
5,B6T0000001313,10,12,64,1,2,19,15,0,7945.618461538457,7984.818461538457,39.2,28600.0,11800.0
5,B6T0000000707,9,13,64,0,2,10,25,0,7984.818461538457,8022.898461538457,38.08,29000.0,12200.0
5,B6T0000000707,9,13,64,1,2,10,25,1,8022.898461538457,8059.378461538457,36.480000000000004,29000.0,12200.0
5,B6T0000000707,10,13,64,0,2,11,24,0,8059.378461538457,8096.018461538457,36.64,29000.0,12200.0
5,B6T0000000707,10,13,64,1,2,11,24,1,8096.018461538457,8132.818461538457,36.8,29000.0,12200.0
5,B6T0000000001,9,46,45,0,5,43,7,1,8132.818461538457,8184.97538461538,52.15692307692308,34950.0,18250.0
5,B6T0000000001,9,46,45,1,6,43,7,0,8184.97538461538,8221.13538461538,36.16,34950.0,18250.0
5,B6T0000000001,10,46,45,0,6,43,7,1,8221.13538461538,8257.29538461538,36.16,34950.0,18250.0
5,B6T0000000001,10,46,45,1,7,43,7,0,8257.29538461538,8293.45538461538,36.16,34950.0,18250.0
5,B6T0000001197,10,16,45,1,8,9,11,1,8293.45538461538,8339.587692307687,46.13230769230769,22600.0,6200.0
5,B6T0000000245,9,44,48,0,9,44,7,0,8339.587692307687,8391.916923076917,52.329230769230776,35150.0,18750.0
5,B6T0000000245,9,44,48,1,9,44,7,1,8391.916923076917,8429.036923076917,37.120000000000005,35150.0,18750.0
5,B6T0000000245,10,44,48,0,10,44,7,0,8429.036923076917,8466.156923076918,37.120000000000005,35150.0,18750.0
5,B6T0000000245,10,44,48,1,10,44,7,1,8466.156923076918,8503.276923076919,37.120000000000005,35150.0,18750.0
5,B6T0000000245,9,44,47,0,5,44,7,0,8503.276923076919,8540.076923076918,36.8,34750.0,18750.0
5,B6T0000000245,9,44,47,1,5,44,7,1,8540.076923076918,8576.876923076918,36.8,34750.0,18750.0
5,B6T0000000245,10,44,47,0,6,44,7,0,8576.876923076918,8613.676923076917,36.8,34750.0,18750.0
5,B6T0000000245,10,44,47,1,6,44,7,1,8613.676923076917,8650.476923076916,36.8,34750.0,18750.0
5,B6T0000001313,9,13,61,0,3,19,15,1,8650.476923076916,8701.144615384608,50.667692307692306,27800.0,11800.0
5,B6T0000001205,9,12,65,1,1,14,23,0,8701.144615384608,8739.864615384608,38.72,29000.0,13000.0
5,B6T0000001205,10,12,65,0,1,14,23,1,8739.864615384608,8777.304615384608,37.44,29000.0,13000.0
5,B6T0000001205,10,12,65,1,2,14,23,0,8777.304615384608,8814.744615384609,37.44,29000.0,13000.0
5,B6T0000000228,9,43,50,0,4,46,7,1,8814.744615384609,8863.547692307686,48.80307692307692,35450.0,19750.0
5,B6T0000000228,9,43,50,1,5,46,7,0,8863.547692307686,8901.307692307686,37.76,35450.0,19750.0
5,B6T0000001313,9,13,60,1,1,16,18,0,8901.307692307686,8952.87384615384,51.566153846153846,27400.0,11800.0
5,B6T0000001313,10,13,60,0,1,16,18,1,8952.87384615384,8990.31384615384,37.44,27400.0,11800.0
5,B6T0000001313,10,13,60,1,1,19,15,0,8990.31384615384,9028.23384615384,37.92,27400.0,11800.0
5,B6T0000000707,9,14,60,0,1,10,25,0,9028.23384615384,9065.03384615384,36.8,27800.0,12200.0
5,B6T0000000707,9,14,60,1,1,10,25,1,9065.03384615384,9100.23384615384,35.2,27800.0,12200.0
5,B6T0000000707,10,14,60,0,1,11,24,0,9100.23384615384,9135.59384615384,35.36,27800.0,12200.0
5,B6T0000000707,10,14,60,1,1,11,24,1,9135.59384615384,9171.113846153841,35.519999999999996,27800.0,12200.0
5,B6T0000000228,9,43,49,0,2,46,7,1,9171.113846153841,9221.603076923073,50.489230769230765,35050.0,19750.0
5,B6T0000000228,9,43,49,1,3,46,7,0,9221.603076923073,9259.043076923073,37.44,35050.0,19750.0
5,B6T0000000228,10,43,49,0,3,46,7,1,9259.043076923073,9296.483076923074,37.44,35050.0,19750.0
5,B6T0000000228,10,43,49,1,4,46,7,0,9296.483076923074,9333.923076923074,37.44,35050.0,19750.0
5,B6T0000000431,9,14,61,0,1,29,8,1,9333.923076923074,9387.384615384613,53.46153846153845,28200.0,13000.0
5,B6T0000000431,9,14,61,1,2,27,10,0,9387.384615384613,9428.775384615383,41.39076923076923,28200.0,13000.0
5,B6T0000000431,10,14,61,0,2,27,10,1,9428.775384615383,9469.095384615382,40.32,28200.0,13000.0
5,B6T0000001449,9,1,59,0,2,8,18,1,9469.095384615382,9513.34769230769,44.252307692307696,23700.0,8700.0
5,B6T0000001449,9,1,59,1,3,8,18,0,9513.34769230769,9550.467692307691,37.120000000000005,23700.0,8700.0
5,B6T0000001449,10,1,59,0,3,8,18,1,9550.467692307691,9587.587692307692,37.120000000000005,23700.0,8700.0
5,B6T0000001478,9,1,51,1,7,2,14,1,9587.587692307692,9622.787692307693,35.2,20500.0,5900.0
5,B6T0000000947,9,9,54,1,7,26,1,0,9622.787692307693,9663.649230769232,40.86153846153846,23400.0,9000.0
5,B6T0000001218,9,12,66,0,3,41,1,0,9663.649230769232,9715.895384615385,52.246153846153845,29400.0,15000.0
5,B6T0000001217,9,11,65,1,1,39,2,0,9715.895384615385,9775.587692307694,59.69230769230769,28600.0,14600.0
5,B6T0000001217,10,11,65,0,1,39,2,1,9775.587692307694,9834.049230769233,58.46153846153846,28600.0,14600.0
5,B6T0000001478,10,2,49,1,7,2,14,0,9834.049230769233,9884.418461538464,50.369230769230775,19900.0,5900.0
5,B6T0000001153,10,11,65,1,1,38,3,0,9884.418461538464,9933.193846153848,48.77538461538462,28600.0,14600.0
5,B6T0000001205,9,14,58,0,2,14,23,1,9933.193846153848,9977.56307692308,44.36923076923077,27000.0,13000.0
5,B6T0000001205,9,14,58,1,3,14,23,0,9977.56307692308,10012.76307692308,35.2,27000.0,13000.0
5,B6T0000001205,10,14,58,0,3,14,23,1,10012.76307692308,10047.96307692308,35.2,27000.0,13000.0
5,B6T0000001205,10,14,58,1,6,13,24,0,10047.96307692308,10083.003076923082,35.040000000000006,27000.0,13000.0
5,B6T0000000431,9,15,57,0,1,27,10,1,10083.003076923082,10119.80307692308,36.8,27000.0,13000.0
5,B6T0000000431,9,15,57,1,1,28,9,0,10119.80307692308,10159.323076923081,39.519999999999996,27000.0,13000.0
5,B6T0000000431,10,15,57,0,1,28,9,1,10159.323076923081,10199.323076923081,40.0,27000.0,13000.0
5,B6T0000000431,10,15,57,1,1,29,8,0,10199.323076923081,10239.938461538466,40.61538461538461,27000.0,13000.0
5,B6T0000001478,9,6,46,1,9,2,14,0,10239.938461538466,10282.443076923082,42.504615384615384,19500.0,5900.0
5,B6T0000001449,10,3,54,1,1,8,18,1,10282.443076923082,10318.603076923082,36.16,22100.0,8700.0
5,B6T0000001153,9,12,62,0,1,38,3,1,10318.603076923082,10365.643076923083,47.04,27800.0,14600.0
5,B6T0000001218,9,13,62,0,1,41,1,0,10365.643076923083,10422.258461538468,56.61538461538461,28200.0,15000.0
5,B6T0000001218,9,13,62,1,1,41,1,1,10422.258461538468,10480.720000000007,58.46153846153846,28200.0,15000.0
5,B6T0000001218,10,13,62,0,2,41,1,0,10480.720000000007,10539.181538461546,58.46153846153846,28200.0,15000.0
5,B6T0000001218,10,13,62,1,2,41,1,1,10539.181538461546,10597.643076923085,58.46153846153846,28200.0,15000.0
5,B6T0000001043,9,9,67,0,1,20,24,0,10597.643076923085,10648.215384615392,50.57230769230769,28600.0,15800.0
5,B6T0000001043,9,9,67,1,1,20,24,1,10648.215384615392,10685.975384615393,37.76,28600.0,15800.0
5,B6T0000001043,10,9,67,0,2,20,24,0,10685.975384615393,10723.735384615393,37.76,28600.0,15800.0
5,B6T0000001043,10,9,67,1,2,20,24,1,10723.735384615393,10761.495384615393,37.76,28600.0,15800.0
5,B6T0000000140,9,48,32,1,1,44,5,1,10761.495384615393,10807.892307692317,46.39692307692307,30750.0,17950.0
5,B6T0000001280,9,9,66,0,1,40,4,1,10807.892307692317,10872.73846153847,64.84615384615385,28200.0,15800.0
5,B6T0000001280,9,9,66,1,1,41,3,0,10872.73846153847,10935.507692307701,62.769230769230774,28200.0,15800.0
5,B6T0000000484,9,9,68,0,1,24,22,0,10935.507692307701,10988.430769230778,52.92307692307692,29000.0,16600.0
5,B6T0000000484,9,9,68,1,1,24,22,1,10988.430769230778,11030.892307692317,42.46153846153846,29000.0,16600.0
5,B6T0000000484,10,9,68,0,2,23,23,0,11030.892307692317,11072.73846153847,41.84615384615385,29000.0,16600.0
5,B6T0000000484,10,9,68,1,2,23,23,1,11072.73846153847,11113.96923076924,41.230769230769226,29000.0,16600.0
5,B6T0000001153,9,11,61,0,1,37,4,0,11113.96923076924,11161.353846153856,47.38461538461539,27000.0,14600.0
5,B6T0000001153,9,11,61,1,1,37,4,1,11161.353846153856,11217.353846153856,56.0,27000.0,14600.0
5,B6T0000000139,10,43,35,0,2,43,4,0,11217.353846153856,11251.273846153856,33.92,29450.0,17050.0
5,B6T0000000139,10,43,35,1,2,43,4,1,11251.273846153856,11285.193846153856,33.92,29450.0,17050.0
5,B6T0000001280,10,9,65,1,1,40,4,0,11285.193846153856,11349.27076923078,64.07692307692308,27800.0,15800.0
5,B6T0000001043,9,10,64,0,3,20,24,0,11349.27076923078,11398.132307692318,48.86153846153846,27800.0,15800.0
5,B6T0000001043,9,10,64,1,3,20,24,1,11398.132307692318,11434.932307692317,36.8,27800.0,15800.0
5,B6T0000000245,10,43,38,0,1,48,2,0,11434.932307692317,11478.923076923087,43.99076923076923,30650.0,18750.0
5,B6T0000000245,10,43,38,1,1,48,2,1,11478.923076923087,11514.443076923088,35.519999999999996,30650.0,18750.0
5,B6T0000001888,9,2,48,1,5,5,17,1,11514.443076923088,11570.556923076934,56.11384615384615,19500.0,7700.0
5,B6T0000001478,9,8,40,0,8,2,14,0,11570.556923076934,11602.396923076934,31.84,17500.0,5900.0
5,B6T0000001478,9,8,40,1,8,2,14,1,11602.396923076934,11634.716923076934,32.32,17500.0,5900.0
5,B6T0000001449,10,6,48,1,1,8,18,0,11634.716923076934,11668.956923076934,34.24,20300.0,8700.0
5,B6T0000001774,9,2,43,1,7,3,14,0,11668.956923076934,11701.596923076933,32.64,17500.0,6100.0
5,B6T0000000228,9,44,38,1,2,46,7,0,11701.596923076933,11754.326153846165,52.72923076923077,31150.0,19750.0
5,B6T0000001449,10,7,47,1,2,8,18,0,11754.326153846165,11807.043076923088,52.71692307692308,20100.0,8700.0
5,B6T0000000816,10,9,65,0,1,13,33,0,11807.043076923088,11843.683076923087,36.64,27800.0,16600.0
5,B6T0000000484,10,10,64,0,1,23,23,0,11843.683076923087,11880.643076923086,36.96,27800.0,16600.0
5,B6T0000000484,10,10,64,1,1,23,23,1,11880.643076923086,11920.643076923086,40.0,27800.0,16600.0
5,B6T0000001888,9,4,45,1,6,5,17,1,11920.643076923086,11959.43076923078,38.78769230769231,18700.0,7700.0
5,B6T0000000228,9,43,38,1,1,46,7,1,11959.43076923078,12010.775384615396,51.34461538461539,30650.0,19750.0
5,B6T0000000947,10,10,44,1,6,26,1,1,12010.775384615396,12067.313846153857,56.53846153846154,19800.0,9000.0
5,B6T0000001726,9,1,60,0,2,7,30,0,12067.313846153857,12109.19076923078,41.87692307692308,24100.0,13300.0
5,B6T0000001726,9,1,60,1,8,5,31,0,12109.19076923078,12142.63076923078,33.44,24100.0,13300.0
5,B6T0000000228,9,43,37,1,1,46,7,0,12142.63076923078,12193.815384615395,51.184615384615384,30250.0,19750.0
5,B6T0000001726,10,1,59,1,1,7,30,0,12193.815384615395,12248.378461538472,54.56307692307692,23700.0,13300.0
5,B6T0000001774,9,4,39,1,6,3,14,1,12248.378461538472,12277.818461538473,29.439999999999998,16300.0,6100.0
5,B6T0000000140,10,43,31,0,6,47,1,0,12277.818461538473,12329.618461538472,51.8,27850.0,17850.0
5,B6T0000000140,10,43,31,1,6,47,1,1,12329.618461538472,12363.218461538472,33.6,27850.0,17850.0
5,B6T0000000570,9,13,61,1,1,29,20,0,12363.218461538472,12418.680000000011,55.46153846153846,27800.0,17800.0
5,B6T0000000570,10,13,61,0,1,29,20,1,12418.680000000011,12462.37230769232,43.69230769230769,27800.0,17800.0
5,B6T0000000570,10,13,61,1,1,30,19,0,12462.37230769232,12506.680000000011,44.30769230769231,27800.0,17800.0
5,B6T0000001774,9,4,38,1,6,3,14,0,12506.680000000011,12549.135384615396,42.45538461538462,15900.0,6100.0
5,B6T0000001726,10,3,56,1,1,7,30,1,12549.135384615396,12584.015384615395,34.879999999999995,22900.0,13300.0
5,B6T0000000947,9,16,34,1,8,26,1,1,12584.015384615395,12619.246153846165,35.230769230769226,18200.0,9000.0
5,B6T0000001774,9,1,38,1,1,5,13,0,12619.246153846165,12660.323076923089,41.07692307692308,15300.0,6100.0
5,B6T0000001664,10,1,25,1,10,2,2,1,12660.323076923089,12689.923076923089,29.6,10100.0,1100.0
5,B6T0000000947,9,14,35,1,7,26,1,1,12689.923076923089,12726.69230769232,36.76923076923077,17800.0,9000.0
5,B6T0000001888,10,8,37,1,6,5,17,0,12726.69230769232,12764.815384615396,38.12307692307692,16300.0,7700.0
5,B6T0000001888,9,7,37,1,5,5,17,0,12764.815384615396,12795.215384615396,30.4,16100.0,7700.0
5,B6T0000001664,9,4,21,1,12,2,2,0,12795.215384615396,12822.895384615396,27.68,9100.0,1100.0
5,B6T0000001496,9,1,46,0,1,7,23,1,12822.895384615396,12857.615384615396,34.72,18500.0,10500.0
5,B6T0000001496,9,1,46,1,2,7,23,0,12857.615384615396,12888.975384615396,31.36,18500.0,10500.0
5,B6T0000001496,9,2,44,1,1,7,23,0,12888.975384615396,12919.695384615396,30.72,17900.0,10500.0
5,B6T0000001683,10,2,30,1,1,8,9,0,12919.695384615396,12948.593846153857,28.89846153846154,12300.0,5100.0
5,B6T0000001664,9,7,17,1,13,2,2,0,12948.593846153857,12976.273846153857,27.68,8100.0,1100.0
5,B6T0000001197,9,18,18,0,2,9,11,1,12976.273846153857,13013.658461538473,37.38461538461539,12600.0,6200.0
5,B6T0000001197,9,18,18,1,2,10,10,0,13013.658461538473,13048.120000000012,34.46153846153847,12600.0,6200.0
5,B6T0000001197,10,18,18,0,2,10,10,1,13048.120000000012,13081.966153846166,33.84615384615385,12600.0,6200.0
5,B6T0000001197,10,18,18,1,3,9,11,0,13081.966153846166,13116.427692307705,34.46153846153846,12600.0,6200.0
5,B6T0000001197,10,25,11,1,11,9,11,0,13116.427692307705,13160.120000000014,43.69230769230769,12600.0,6200.0
5,B6T0000001664,9,7,15,1,11,2,2,1,13160.120000000014,13186.969230769244,26.849230769230772,7300.0,1100.0
5,B6T0000000947,9,9,33,1,6,26,1,0,13186.969230769244,13226.390769230782,39.42153846153846,15000.0,9000.0
5,B6T0000001664,9,8,14,1,12,2,2,1,13226.390769230782,13263.233846153858,36.84307692307692,7100.0,1100.0
5,B6T0000001496,9,5,39,0,2,7,23,1,13263.233846153858,13295.713846153858,32.480000000000004,16500.0,10500.0
5,B6T0000000947,9,18,23,1,8,26,1,0,13295.713846153858,13330.944615384627,35.230769230769226,14600.0,9000.0
5,B6T0000001683,9,6,24,1,1,8,9,1,13330.944615384627,13368.88307692309,37.93846153846154,10700.0,5100.0
5,B6T0000001664,10,8,12,1,11,2,2,0,13368.88307692309,13395.209230769244,26.326153846153847,6300.0,1100.0
5,B6T0000001735,9,1,21,0,14,8,5,0,13395.209230769244,13424.809230769244,29.6,8500.0,3500.0
5,B6T0000001735,9,1,21,1,14,8,5,1,13424.809230769244,13453.929230769245,29.12,8500.0,3500.0
5,B6T0000001735,10,1,21,0,1,1,9,0,13453.929230769245,13482.409230769244,28.48,8500.0,3700.0
5,B6T0000001664,9,3,13,1,8,2,2,1,13482.409230769244,13508.809230769244,26.4,5700.0,1100.0
5,B6T0000001664,10,3,11,1,7,2,2,1,13508.809230769244,13535.689230769243,26.88,4900.0,1100.0
5,B6T0000001664,9,7,8,1,10,2,2,0,13535.689230769243,13562.766153846167,27.076923076923077,4500.0,1100.0
5,B6T0000001664,9,6,8,1,9,2,2,0,13562.766153846167,13589.227692307706,26.46153846153846,4300.0,1100.0
5,B6T0000001664,10,3,9,1,7,2,2,0,13589.227692307706,13615.467692307706,26.240000000000002,4100.0,1100.0
5,B6T0000001664,9,5,8,1,8,2,2,0,13615.467692307706,13641.387692307706,25.92,4100.0,1100.0
5,B6T0000001664,10,8,6,1,9,2,2,1,13641.387692307706,13669.080000000014,27.692307692307693,3900.0,1100.0
5,B6T0000001735,9,9,11,0,1,1,9,1,13669.080000000014,13698.00307692309,28.92307692307692,6200.0,3700.0
5,B6T0000001735,9,9,11,1,2,1,9,0,13698.00307692309,13727.23384615386,29.23076923076923,6200.0,3700.0
5,B6T0000001735,10,9,11,0,2,1,9,1,13727.23384615386,13756.46461538463,29.23076923076923,6200.0,3700.0
6,B6T0000001196,11,12,68,0,2,16,2,0,0.0,45.36,45.36,30200.0,5400.0
6,B6T0000001196,11,12,68,1,2,16,2,1,45.36,90.48,45.120000000000005,30200.0,5400.0
6,B6T0000001196,12,12,68,0,2,17,1,0,90.48,135.76,45.28,30200.0,5400.0
6,B6T0000001196,12,12,68,1,2,17,1,1,135.76,181.2,45.44,30200.0,5400.0
6,B6T0000001196,11,13,67,0,9,17,1,0,181.2,226.32,45.120000000000005,30200.0,5400.0
6,B6T0000001196,11,13,67,1,9,17,1,1,226.32,271.44,45.120000000000005,30200.0,5400.0
6,B6T0000001196,12,13,67,0,10,15,3,0,271.44,316.24,44.800000000000004,30200.0,5400.0
6,B6T0000001196,12,13,67,1,10,15,3,1,316.24,360.72,44.480000000000004,30200.0,5400.0
6,B6T0000001196,11,13,66,0,7,17,1,0,360.72,405.20000000000005,44.480000000000004,29800.0,5400.0
6,B6T0000001196,11,13,66,1,7,17,1,1,405.20000000000005,450.00000000000006,44.8,29800.0,5400.0
6,B6T0000001196,12,13,66,0,8,15,3,0,450.00000000000006,494.4800000000001,44.480000000000004,29800.0,5400.0
6,B6T0000001196,12,13,66,1,8,15,3,1,494.4800000000001,538.6400000000001,44.160000000000004,29800.0,5400.0
6,B6T0000001196,11,13,65,0,5,16,2,0,538.6400000000001,582.6400000000001,44.0,29400.0,5400.0
6,B6T0000001196,11,13,65,1,5,16,2,1,582.6400000000001,626.8000000000001,44.160000000000004,29400.0,5400.0
6,B6T0000001196,12,13,65,0,5,17,1,0,626.8000000000001,671.1200000000001,44.32000000000001,29400.0,5400.0
6,B6T0000001196,12,13,65,1,5,17,1,1,671.1200000000001,715.6000000000001,44.480000000000004,29400.0,5400.0
6,B6T0000001101,11,10,68,0,5,16,3,0,715.6000000000001,760.7200000000001,45.12,29400.0,5800.0
6,B6T0000001101,11,10,68,1,5,16,3,1,760.7200000000001,805.5200000000001,44.8,29400.0,5800.0
6,B6T0000001101,12,10,68,0,5,17,2,0,805.5200000000001,850.4800000000001,44.96,29400.0,5800.0
6,B6T0000001101,12,10,68,1,5,17,2,1,850.4800000000001,895.6000000000001,45.120000000000005,29400.0,5800.0
6,B6T0000001196,11,13,64,0,1,16,2,0,895.6000000000001,939.4400000000002,43.84,29000.0,5400.0
6,B6T0000001196,11,13,64,1,1,16,2,1,939.4400000000002,983.2800000000002,43.84,29000.0,5400.0
6,B6T0000001196,12,13,64,0,1,17,1,0,983.2800000000002,1027.2800000000002,44.0,29000.0,5400.0
6,B6T0000001196,12,13,64,1,1,17,1,1,1027.2800000000002,1071.4400000000003,44.160000000000004,29000.0,5400.0
6,B6T0000001196,11,14,63,0,9,15,3,0,1071.4400000000003,1114.9600000000003,43.52,29000.0,5400.0
6,B6T0000001196,11,14,63,1,9,15,3,1,1114.9600000000003,1158.1600000000003,43.2,29000.0,5400.0
6,B6T0000001196,12,14,63,0,9,16,2,0,1158.1600000000003,1201.5200000000002,43.36,29000.0,5400.0
6,B6T0000001196,12,14,63,1,9,16,2,1,1201.5200000000002,1245.0400000000002,43.52,29000.0,5400.0
6,B6T0000001101,11,9,68,0,1,17,2,1,1245.0400000000002,1290.1600000000003,45.120000000000005,29000.0,5800.0
6,B6T0000001101,11,9,68,1,1,18,1,0,1290.1600000000003,1335.4400000000003,45.28,29000.0,5800.0
6,B6T0000001101,12,9,68,0,1,18,1,1,1335.4400000000003,1380.8800000000003,45.44,29000.0,5800.0
6,B6T0000001101,12,10,67,1,2,18,1,1,1380.8800000000003,1426.0000000000005,45.120000000000005,29000.0,5800.0
6,B6T0000001101,11,11,66,0,8,18,1,0,1426.0000000000005,1470.8000000000004,44.8,29000.0,5800.0
6,B6T0000001196,11,14,62,0,6,17,1,0,1470.8000000000004,1514.3200000000004,43.52,28600.0,5400.0
6,B6T0000001196,11,14,62,1,6,17,1,1,1514.3200000000004,1557.8400000000004,43.52,28600.0,5400.0
6,B6T0000001196,12,14,62,0,7,15,3,0,1557.8400000000004,1601.0400000000004,43.2,28600.0,5400.0
6,B6T0000001196,12,14,62,1,7,15,3,1,1601.0400000000004,1643.9200000000005,42.88,28600.0,5400.0
6,B6T0000001101,11,11,65,0,7,16,3,1,1643.9200000000005,1687.7600000000004,43.84,28600.0,5800.0
6,B6T0000001101,11,11,65,1,7,17,2,0,1687.7600000000004,1731.7600000000004,44.0,28600.0,5800.0
6,B6T0000001101,12,11,65,0,7,17,2,1,1731.7600000000004,1775.9200000000005,44.160000000000004,28600.0,5800.0
6,B6T0000001101,12,11,65,1,7,18,1,0,1775.9200000000005,1820.2400000000005,44.32000000000001,28600.0,5800.0
6,B6T0000001196,11,14,61,0,4,16,2,1,1820.2400000000005,1863.2800000000004,43.040000000000006,28200.0,5400.0
6,B6T0000001196,11,14,61,1,4,17,1,0,1863.2800000000004,1906.3200000000004,43.04,28200.0,5400.0
6,B6T0000001196,12,14,61,0,4,17,1,1,1906.3200000000004,1949.5200000000004,43.2,28200.0,5400.0
6,B6T0000001196,12,14,61,1,5,15,3,0,1949.5200000000004,1992.4000000000005,42.88,28200.0,5400.0
6,B6T0000001196,11,15,60,0,11,16,2,0,1992.4000000000005,2034.8000000000006,42.400000000000006,28200.0,5400.0
6,B6T0000001196,11,15,60,1,11,16,2,1,2034.8000000000006,2077.3600000000006,42.56,28200.0,5400.0
6,B6T0000001196,12,15,60,0,12,15,3,0,2077.3600000000006,2119.7600000000007,42.400000000000006,28200.0,5400.0
6,B6T0000001196,12,15,60,1,12,15,3,1,2119.7600000000007,2162.0000000000005,42.24,28200.0,5400.0
6,B6T0000001101,11,11,64,0,4,17,2,0,2162.0000000000005,2205.6800000000003,43.68,28200.0,5800.0
6,B6T0000001101,11,11,64,1,4,17,2,1,2205.6800000000003,2249.5200000000004,43.84,28200.0,5800.0
6,B6T0000001101,12,11,64,0,4,18,1,0,2249.5200000000004,2293.5200000000004,44.0,28200.0,5800.0
6,B6T0000001101,12,11,64,1,4,18,1,1,2293.5200000000004,2337.6800000000003,44.160000000000004,28200.0,5800.0
6,B6T0000001844,11,1,62,0,9,5,4,1,2337.6800000000003,2380.7200000000003,43.040000000000006,24900.0,2500.0
6,B6T0000001844,11,1,62,1,10,5,4,0,2380.7200000000003,2423.28,42.56,24900.0,2500.0
6,B6T0000001844,12,1,62,0,10,5,4,1,2423.28,2465.84,42.56,24900.0,2500.0
6,B6T0000001844,12,1,62,1,11,5,4,0,2465.84,2508.4,42.56,24900.0,2500.0
6,B6T0000001196,11,15,59,0,8,16,2,0,2508.4,2550.32,41.92,27800.0,5400.0
6,B6T0000001196,11,15,59,1,8,16,2,1,2550.32,2592.56,42.24,27800.0,5400.0
6,B6T0000001196,12,15,59,0,8,17,1,0,2592.56,2634.96,42.400000000000006,27800.0,5400.0
6,B6T0000001196,12,15,59,1,8,17,1,1,2634.96,2677.52,42.56,27800.0,5400.0
6,B6T0000001101,12,9,65,1,1,17,2,0,2677.52,2721.84,44.32000000000001,27800.0,5800.0
6,B6T0000001698,11,1,60,0,11,3,4,1,2721.84,2764.08,42.24,24100.0,2100.0
6,B6T0000001698,11,1,60,1,12,1,5,0,2764.08,2805.84,41.760000000000005,24100.0,2100.0
6,B6T0000001698,12,1,60,0,12,1,5,1,2805.84,2847.44,41.6,24100.0,2100.0
6,B6T0000001698,12,1,60,1,12,3,4,0,2847.44,2889.2000000000003,41.760000000000005,24100.0,2100.0
6,B6T0000001101,11,12,62,0,8,16,3,0,2889.2000000000003,2931.92,42.72,27800.0,5800.0
6,B6T0000001101,11,12,62,1,8,16,3,1,2931.92,2974.8,42.88,27800.0,5800.0
6,B6T0000001101,12,12,62,0,8,17,2,0,2974.8,3017.84,43.04,27800.0,5800.0
6,B6T0000001101,12,12,62,1,8,17,2,1,3017.84,3061.04,43.2,27800.0,5800.0
6,B6T0000001844,11,1,61,0,3,7,3,0,3061.04,3103.7599999999998,42.72,24500.0,2500.0
6,B6T0000001844,11,1,61,1,4,5,4,0,3103.7599999999998,3146.16,42.400000000000006,24500.0,2500.0
6,B6T0000001844,12,1,61,0,4,5,4,1,3146.16,3188.3999999999996,42.24,24500.0,2500.0
6,B6T0000001844,12,1,61,1,5,5,4,0,3188.3999999999996,3230.6399999999994,42.24,24500.0,2500.0
6,B6T0000000445,11,12,65,1,1,21,1,0,3230.6399999999994,3274.6399999999994,44.0,29000.0,7000.0
6,B6T0000000445,12,12,65,0,1,21,1,1,3274.6399999999994,3319.1199999999994,44.480000000000004,29000.0,7000.0
6,B6T0000000445,12,12,65,1,2,21,1,0,3319.1199999999994,3363.5999999999995,44.480000000000004,29000.0,7000.0
6,B6T0000000445,11,12,66,0,2,11,12,1,3363.5999999999995,3406.6399999999994,43.04,29400.0,7400.0
6,B6T0000000445,11,12,66,1,3,11,12,0,3406.6399999999994,3447.9199999999996,41.28,29400.0,7400.0
6,B6T0000000445,12,12,66,0,3,11,12,1,3447.9199999999996,3489.2,41.28,29400.0,7400.0
6,B6T0000000445,12,12,66,1,4,10,13,0,3489.2,3530.3199999999997,41.120000000000005,29400.0,7400.0
6,B6T0000001415,11,2,61,0,9,6,4,1,3530.3199999999997,3571.12,40.8,24700.0,2700.0
6,B6T0000001415,11,2,61,1,10,6,4,0,3571.12,3613.3599999999997,42.24,24700.0,2700.0
6,B6T0000001415,12,2,61,0,10,6,4,1,3613.3599999999997,3655.5999999999995,42.24,24700.0,2700.0
6,B6T0000001415,12,2,61,1,11,6,4,0,3655.5999999999995,3697.8399999999992,42.24,24700.0,2700.0
6,B6T0000001196,11,15,58,0,6,15,3,0,3697.8399999999992,3739.2799999999993,41.44,27400.0,5400.0
6,B6T0000001196,11,15,58,1,6,15,3,1,3739.2799999999993,3780.879999999999,41.6,27400.0,5400.0
6,B6T0000001196,12,15,58,0,6,16,2,0,3780.879999999999,3822.6399999999994,41.760000000000005,27400.0,5400.0
6,B6T0000001196,12,15,58,1,6,16,2,1,3822.6399999999994,3864.5599999999995,41.92,27400.0,5400.0
6,B6T0000001698,11,2,59,0,13,1,5,0,3864.5599999999995,3906.3199999999997,41.760000000000005,23900.0,2100.0
6,B6T0000001698,11,2,59,1,13,1,5,1,3906.3199999999997,3947.6,41.28,23900.0,2100.0
6,B6T0000001698,12,2,59,0,14,1,5,0,3947.6,3988.88,41.28,23900.0,2100.0
6,B6T0000001844,11,2,60,0,7,5,4,1,3988.88,4030.6400000000003,41.760000000000005,24300.0,2500.0
6,B6T0000001844,11,2,60,1,8,5,4,0,4030.6400000000003,4072.5600000000004,41.92,24300.0,2500.0
6,B6T0000001844,12,2,60,0,8,5,4,1,4072.5600000000004,4114.4800000000005,41.92,24300.0,2500.0
6,B6T0000001844,12,2,60,1,9,5,4,0,4114.4800000000005,4156.400000000001,41.92,24300.0,2500.0
6,B6T0000001698,11,1,59,0,10,3,4,1,4156.400000000001,4198.000000000001,41.6,23700.0,2100.0
6,B6T0000001698,11,1,59,1,11,1,5,0,4198.000000000001,4239.4400000000005,41.44,23700.0,2100.0
6,B6T0000001698,12,1,59,0,11,1,5,1,4239.4400000000005,4280.72,41.28,23700.0,2100.0
6,B6T0000001698,12,1,59,1,11,3,4,0,4280.72,4322.16,41.44,23700.0,2100.0
6,B6T0000001101,11,12,61,0,6,17,2,1,4322.16,4364.72,42.56,27400.0,5800.0
6,B6T0000001101,11,12,61,1,6,18,1,0,4364.72,4407.76,43.04,27400.0,5800.0
6,B6T0000001101,12,12,61,0,6,18,1,1,4407.76,4450.96,43.2,27400.0,5800.0
6,B6T0000001101,12,12,61,1,7,16,3,0,4450.96,4493.84,42.88,27400.0,5800.0
6,B6T0000001844,11,3,59,0,13,5,4,1,4493.84,4535.6,41.760000000000005,24100.0,2500.0
6,B6T0000001844,11,3,59,1,14,5,4,0,4535.6,4577.200000000001,41.6,24100.0,2500.0
6,B6T0000000395,11,11,68,0,5,11,14,0,4577.200000000001,4620.080000000001,42.88,29800.0,8200.0
6,B6T0000000395,11,11,68,1,5,11,14,1,4620.080000000001,4661.360000000001,41.28,29800.0,8200.0
6,B6T0000000395,12,11,68,0,5,12,13,0,4661.360000000001,4702.8,41.44,29800.0,8200.0
6,B6T0000000395,12,11,68,1,5,12,13,1,4702.8,4744.400000000001,41.6,29800.0,8200.0
6,B6T0000001196,11,15,57,0,3,16,2,1,4744.400000000001,4784.240000000001,39.84,27000.0,5400.0
6,B6T0000001196,11,15,57,1,3,17,1,0,4784.240000000001,4826.000000000001,41.760000000000005,27000.0,5400.0
6,B6T0000001196,12,15,57,0,3,17,1,1,4826.000000000001,4867.920000000001,41.92,27000.0,5400.0
6,B6T0000001196,12,15,57,1,4,16,2,0,4867.920000000001,4909.680000000001,41.760000000000005,27000.0,5400.0
6,B6T0000001196,11,16,56,0,10,16,2,0,4909.680000000001,4950.960000000001,41.28,27000.0,5400.0
6,B6T0000001196,11,16,56,1,10,16,2,1,4950.960000000001,4992.240000000001,41.28,27000.0,5400.0
6,B6T0000001196,12,16,56,0,11,15,3,0,4992.240000000001,5033.360000000001,41.120000000000005,27000.0,5400.0
6,B6T0000001196,12,16,56,1,11,15,3,1,5033.360000000001,5074.320000000001,40.96,27000.0,5400.0
6,B6T0000001844,12,2,59,1,3,5,4,1,5074.320000000001,5116.080000000001,41.760000000000005,23900.0,2500.0
6,B6T0000001415,12,3,59,1,9,6,4,0,5116.080000000001,5157.680000000001,41.6,24100.0,2700.0
6,B6T0000001101,11,12,60,0,3,18,1,0,5157.680000000001,5200.080000000001,42.400000000000006,27000.0,5800.0
6,B6T0000001101,11,12,60,1,3,18,1,1,5200.080000000001,5242.960000000001,42.88,27000.0,5800.0
6,B6T0000001101,12,12,60,0,4,16,3,0,5242.960000000001,5285.520000000001,42.56,27000.0,5800.0
6,B6T0000001101,12,12,60,1,4,16,3,1,5285.520000000001,5327.760000000001,42.24,27000.0,5800.0
6,B6T0000001844,11,3,58,0,5,5,4,1,5327.760000000001,5369.200000000001,41.44,23700.0,2500.0
6,B6T0000001844,11,3,58,1,6,5,4,0,5369.200000000001,5410.4800000000005,41.28,23700.0,2500.0
6,B6T0000001844,12,3,58,0,6,5,4,1,5410.4800000000005,5451.76,41.28,23700.0,2500.0
6,B6T0000001844,12,3,58,1,7,5,4,0,5451.76,5493.04,41.28,23700.0,2500.0
6,B6T0000000395,12,11,67,0,1,12,13,0,5493.04,5535.76,42.72,29400.0,8200.0
6,B6T0000000395,12,11,67,1,1,12,13,1,5535.76,5577.04,41.28,29400.0,8200.0
6,B6T0000000445,11,13,62,0,4,21,1,1,5577.04,5618.64,41.6,28200.0,7000.0
6,B6T0000000445,11,13,62,1,5,21,1,0,5618.64,5662.160000000001,43.52,28200.0,7000.0
6,B6T0000000445,11,13,63,0,6,10,13,1,5662.160000000001,5704.080000000001,41.92,28600.0,7400.0
6,B6T0000000445,11,13,63,1,7,10,13,0,5704.080000000001,5744.080000000001,40.0,28600.0,7400.0
6,B6T0000001838,12,3,59,0,10,5,5,1,5744.080000000001,5784.080000000001,40.0,24100.0,2900.0
6,B6T0000001844,11,4,57,0,11,5,4,1,5784.080000000001,5824.880000000001,40.8,23500.0,2500.0
6,B6T0000001844,11,4,57,1,12,5,4,0,5824.880000000001,5865.840000000001,40.96,23500.0,2500.0
6,B6T0000001844,12,4,57,0,12,5,4,1,5865.840000000001,5906.800000000001,40.96,23500.0,2500.0
6,B6T0000001844,12,4,57,1,13,5,4,0,5906.800000000001,5947.760000000001,40.96,23500.0,2500.0
6,B6T0000000395,11,12,65,0,7,12,13,0,5947.760000000001,5989.840000000001,42.08,29000.0,8200.0
6,B6T0000000445,12,13,62,0,1,11,12,0,5989.840000000001,6029.680000000001,39.84,28200.0,7400.0
6,B6T0000000445,12,13,62,1,1,11,12,1,6029.680000000001,6069.680000000001,40.0,28200.0,7400.0
6,B6T0000000395,11,12,64,0,4,11,14,0,6069.680000000001,6110.000000000001,40.32,28600.0,8200.0
6,B6T0000000395,11,12,64,1,4,11,14,1,6110.000000000001,6150.000000000001,40.0,28600.0,8200.0
6,B6T0000000395,12,12,64,0,4,12,13,0,6150.000000000001,6190.160000000001,40.16,28600.0,8200.0
6,B6T0000000395,12,12,64,1,4,12,13,1,6190.160000000001,6230.4800000000005,40.32,28600.0,8200.0
6,B6T0000000445,11,14,58,0,2,21,1,1,6230.4800000000005,6270.8,40.32,27000.0,7000.0
6,B6T0000000445,11,14,58,1,3,21,1,0,6270.8,6313.04,42.24,27000.0,7000.0
6,B6T0000000445,12,14,58,0,3,21,1,1,6313.04,6355.28,42.24,27000.0,7000.0
6,B6T0000000445,12,14,58,1,4,21,1,0,6355.28,6397.5199999999995,42.24,27000.0,7000.0
6,B6T0000000445,11,14,59,0,4,11,12,0,6397.5199999999995,6438.32,40.8,27400.0,7400.0
6,B6T0000000445,11,14,59,1,5,10,13,0,6438.32,6477.2,38.88,27400.0,7400.0
6,B6T0000000445,12,14,59,0,5,10,13,1,6477.2,6515.92,38.72,27400.0,7400.0
6,B6T0000000445,12,14,59,1,6,10,13,0,6515.92,6554.64,38.72,27400.0,7400.0
6,B6T0000000395,11,13,61,0,6,12,13,0,6554.64,6594.0,39.36,27800.0,8200.0
6,B6T0000000395,11,13,61,1,6,12,13,1,6594.0,6633.36,39.36,27800.0,8200.0
6,B6T0000000395,12,13,61,0,7,11,14,0,6633.36,6672.5599999999995,39.2,27800.0,8200.0
6,B6T0000000395,12,13,61,1,7,11,14,1,6672.5599999999995,6711.599999999999,39.04,27800.0,8200.0
6,B6T0000000735,11,12,67,0,3,12,18,1,6711.599999999999,6751.919999999999,40.32,29800.0,10200.0
6,B6T0000000735,11,12,67,1,4,12,18,0,6751.919999999999,6791.599999999999,39.68,29800.0,10200.0
6,B6T0000000735,12,12,67,0,4,12,18,1,6791.599999999999,6831.28,39.68,29800.0,10200.0
6,B6T0000000735,12,12,67,1,5,12,18,0,6831.28,6870.96,39.68,29800.0,10200.0
6,B6T0000001698,11,1,53,1,7,3,4,1,6870.96,6908.4,37.44,21300.0,2100.0
6,B6T0000000758,11,11,66,1,1,10,19,1,6908.4,6949.839999999999,41.44,29000.0,9800.0
6,B6T0000000758,12,11,66,0,2,9,20,0,6949.839999999999,6988.719999999999,38.88,29000.0,9800.0
6,B6T0000000758,12,11,66,1,2,9,20,1,6988.719999999999,7027.44,38.72,29000.0,9800.0
6,B6T0000000395,11,13,60,0,2,12,13,0,7027.44,7065.36,37.92,27400.0,8200.0
6,B6T0000000395,11,13,60,1,2,12,13,1,7065.36,7104.4,39.04,27400.0,8200.0
6,B6T0000000395,12,13,60,0,3,12,13,0,7104.4,7143.44,39.04,27400.0,8200.0
6,B6T0000000395,12,13,60,1,3,12,13,1,7143.44,7182.48,39.04,27400.0,8200.0
6,B6T0000001698,12,6,49,1,10,3,4,0,7182.48,7219.44,36.959999999999994,20700.0,2100.0
6,B6T0000000758,11,12,63,0,4,9,20,1,7219.44,7259.759999999999,40.32,28200.0,9800.0
6,B6T0000000758,11,12,63,1,4,10,19,0,7259.759999999999,7297.679999999999,37.92,28200.0,9800.0
6,B6T0000000758,12,12,63,0,4,10,19,1,7297.679999999999,7335.759999999999,38.08,28200.0,9800.0
6,B6T0000000395,12,14,57,0,6,11,14,0,7335.759999999999,7372.719999999999,36.959999999999994,26600.0,8200.0
6,B6T0000000395,12,14,57,1,6,11,14,1,7372.719999999999,7410.48,37.76,26600.0,8200.0
6,B6T0000000735,12,13,63,0,2,12,18,1,7410.48,7449.5199999999995,39.04,28600.0,10200.0
6,B6T0000000735,12,13,63,1,3,12,18,0,7449.5199999999995,7487.919999999999,38.4,28600.0,10200.0
6,B6T0000001698,11,2,50,1,7,3,4,0,7487.919999999999,7524.399999999999,36.480000000000004,20300.0,2100.0
6,B6T0000000758,12,9,65,0,1,10,19,0,7524.399999999999,7565.519999999999,41.120000000000005,27800.0,9800.0
6,B6T0000001698,11,5,48,1,8,3,4,1,7565.519999999999,7601.199999999999,35.68,20100.0,2100.0
6,B6T0000000735,11,10,65,0,1,12,18,1,7601.199999999999,7642.479999999999,41.28,28200.0,10200.0
6,B6T0000000735,11,10,65,1,2,12,18,0,7642.479999999999,7681.519999999999,39.04,28200.0,10200.0
6,B6T0000000931,11,14,64,0,1,16,17,0,7681.519999999999,7720.399999999999,38.879999999999995,29400.0,11400.0
6,B6T0000000735,11,14,60,0,6,12,18,0,7720.399999999999,7757.999999999999,37.6,27800.0,10200.0
6,B6T0000000735,11,14,60,1,6,12,18,1,7757.999999999999,7795.439999999999,37.44,27800.0,10200.0
6,B6T0000000735,12,14,60,0,7,11,19,0,7795.439999999999,7832.719999999998,37.28,27800.0,10200.0
6,B6T0000000735,12,14,60,1,7,11,19,1,7832.719999999998,7869.839999999998,37.120000000000005,27800.0,10200.0
6,B6T0000001698,11,7,45,1,9,3,4,0,7869.839999999998,7904.559999999999,34.72,19300.0,2100.0
6,B6T0000000758,11,13,59,0,3,9,20,0,7904.559999999999,7943.5999999999985,39.04,27000.0,9800.0
6,B6T0000000758,11,13,59,1,3,9,20,1,7943.5999999999985,7980.079999999998,36.480000000000004,27000.0,9800.0
6,B6T0000000758,12,13,59,0,3,10,19,0,7980.079999999998,8016.719999999998,36.64,27000.0,9800.0
6,B6T0000000758,12,13,59,1,3,10,19,1,8016.719999999998,8053.519999999999,36.8,27000.0,9800.0
6,B6T0000001698,12,6,45,1,8,3,4,0,8053.519999999999,8088.239999999999,34.72,19100.0,2100.0
6,B6T0000001698,11,8,44,1,9,3,4,1,8088.239999999999,8125.039999999999,36.8,19100.0,2100.0
6,B6T0000000735,12,11,61,1,1,12,18,0,8125.039999999999,8165.039999999999,40.0,27000.0,10200.0
6,B6T0000001844,12,5,46,0,2,7,3,1,8165.039999999999,8200.4,35.36,19300.0,2500.0
6,B6T0000001844,12,5,46,1,3,5,4,0,8200.4,8238.0,37.6,19300.0,2500.0
6,B6T0000001698,12,3,45,1,4,3,4,0,8238.0,8275.12,37.120000000000005,18500.0,2100.0
6,B6T0000001698,11,5,44,1,6,3,4,1,8275.12,8311.92,36.8,18500.0,2100.0
6,B6T0000000611,11,10,66,0,2,28,7,0,8311.92,8356.916923076924,44.99692307692308,28600.0,12200.0
6,B6T0000000611,11,10,66,1,2,28,7,1,8356.916923076924,8403.07076923077,46.15384615384615,28600.0,12200.0
6,B6T0000000611,12,10,66,0,2,29,6,0,8403.07076923077,8449.84,46.769230769230774,28600.0,12200.0
6,B6T0000001196,11,20,39,0,7,16,2,0,8449.84,8485.298461538461,35.45846153846154,21800.0,5400.0
6,B6T0000001196,11,20,39,1,7,16,2,1,8485.298461538461,8521.138461538461,35.84,21800.0,5400.0
6,B6T0000001844,12,2,46,0,1,7,3,1,8521.138461538461,8559.058461538461,37.92,18700.0,2500.0
6,B6T0000001844,12,2,46,1,2,7,3,0,8559.058461538461,8596.818461538462,37.76,18700.0,2500.0
6,B6T0000000007,11,43,52,0,4,46,8,0,8596.818461538462,8649.627692307693,52.80923076923077,36250.0,20150.0
6,B6T0000000007,11,43,52,1,4,46,8,1,8649.627692307693,8687.707692307693,38.08,36250.0,20150.0
6,B6T0000000007,12,43,52,0,4,50,3,0,8687.707692307693,8726.587692307692,38.879999999999995,36250.0,20150.0
6,B6T0000001698,12,5,43,1,5,3,4,0,8726.587692307692,8784.596923076922,58.009230769230776,18100.0,2100.0
6,B6T0000000611,12,10,65,0,1,28,7,0,8784.596923076922,8829.433846153845,44.83692307692308,28200.0,12200.0
6,B6T0000000611,12,10,65,1,1,28,7,1,8829.433846153845,8875.58769230769,46.15384615384615,28200.0,12200.0
6,B6T0000001196,11,20,38,1,5,15,3,1,8875.58769230769,8910.14769230769,34.56,21400.0,5400.0
6,B6T0000000727,11,9,65,0,2,12,24,0,8910.14769230769,8950.62769230769,40.480000000000004,27800.0,12600.0
6,B6T0000000727,11,9,65,1,2,12,24,1,8950.62769230769,8987.74769230769,37.120000000000005,27800.0,12600.0
6,B6T0000001698,12,3,42,1,3,3,4,1,8987.74769230769,9021.673846153844,33.926153846153845,17300.0,2100.0
6,B6T0000001698,12,7,40,1,6,3,4,0,9021.673846153844,9057.193846153845,35.519999999999996,17300.0,2100.0
6,B6T0000000611,11,11,62,0,1,29,6,0,9057.193846153845,9101.550769230767,44.35692307692308,27400.0,12200.0
6,B6T0000000611,11,11,62,1,1,29,6,1,9101.550769230767,9147.704615384613,46.15384615384615,27400.0,12200.0
6,B6T0000000611,12,11,62,0,1,30,5,0,9147.704615384613,9194.473846153844,46.769230769230774,27400.0,12200.0
6,B6T0000000611,12,11,62,1,1,30,5,1,9194.473846153844,9241.858461538459,47.38461538461539,27400.0,12200.0
6,B6T0000000735,12,16,52,1,5,12,18,1,9241.858461538459,9279.913846153844,38.05538461538461,25400.0,10200.0
6,B6T0000000727,11,9,64,0,1,12,24,0,9279.913846153844,9317.673846153844,37.76,27400.0,12600.0
6,B6T0000000727,11,9,64,1,1,12,24,1,9317.673846153844,9354.473846153844,36.8,27400.0,12600.0
6,B6T0000000727,12,9,64,0,1,13,23,0,9354.473846153844,9391.433846153843,36.96,27400.0,12600.0
6,B6T0000000727,12,9,64,1,1,13,23,1,9391.433846153843,9428.553846153844,37.120000000000005,27400.0,12600.0
6,B6T0000000388,12,9,66,1,1,21,17,0,9428.553846153844,9467.273846153843,38.72,28200.0,13400.0
6,B6T0000001698,12,7,39,1,4,3,4,1,9467.273846153843,9505.027692307689,37.753846153846155,16900.0,2100.0
6,B6T0000000890,11,9,67,0,2,33,6,1,9505.027692307689,9553.87692307692,48.84923076923077,28600.0,13800.0
6,B6T0000000890,11,9,67,1,3,33,6,0,9553.87692307692,9607.41538461538,53.53846153846153,28600.0,13800.0
6,B6T0000000890,12,9,67,0,3,33,6,1,9607.41538461538,9660.953846153841,53.53846153846153,28600.0,13800.0
6,B6T0000000890,12,9,67,1,4,33,6,0,9660.953846153841,9714.492307692302,53.53846153846153,28600.0,13800.0
6,B6T0000000337,11,10,67,1,1,29,11,0,9714.492307692302,9764.338461538457,49.84615384615385,29000.0,14200.0
6,B6T0000000337,12,10,67,0,1,29,11,1,9764.338461538457,9811.723076923072,47.38461538461539,29000.0,14200.0
6,B6T0000000758,11,15,51,0,2,10,19,0,9811.723076923072,9849.458461538456,37.73538461538462,24600.0,9800.0
6,B6T0000000758,11,15,51,1,2,10,19,1,9849.458461538456,9883.698461538455,34.24,24600.0,9800.0
6,B6T0000001698,11,8,38,1,5,3,4,1,9883.698461538455,9916.178461538455,32.480000000000004,16700.0,2100.0
6,B6T0000000007,11,44,47,0,2,50,3,0,9916.178461538455,9970.987692307686,54.809230769230766,34750.0,20150.0
6,B6T0000000007,11,44,47,1,2,50,3,1,9970.987692307686,10009.067692307686,38.08,34750.0,20150.0
6,B6T0000000007,12,44,47,0,3,50,3,0,10009.067692307686,10047.147692307686,38.08,34750.0,20150.0
6,B6T0000000007,12,44,47,1,3,50,3,1,10047.147692307686,10085.227692307686,38.08,34750.0,20150.0
6,B6T0000000116,11,43,50,0,3,49,7,0,10085.227692307686,10123.627692307686,38.4,35450.0,21250.0
6,B6T0000000116,11,43,50,1,3,49,7,1,10123.627692307686,10161.387692307686,37.76,35450.0,21250.0
6,B6T0000000116,12,43,50,0,4,45,12,0,10161.387692307686,10198.347692307685,36.96,35450.0,21250.0
6,B6T0000000116,12,43,50,1,4,45,12,1,10198.347692307685,10234.507692307685,36.16,35450.0,21250.0
6,B6T0000000388,11,10,63,0,1,21,17,1,10234.507692307685,10287.790769230762,53.28307692307692,27400.0,13400.0
6,B6T0000000388,11,10,63,1,1,22,16,0,10287.790769230762,10326.670769230761,38.879999999999995,27400.0,13400.0
6,B6T0000001178,11,11,61,1,1,32,5,0,10326.670769230761,10370.793846153838,44.12307692307692,27000.0,13000.0
6,B6T0000001178,12,11,61,0,1,32,5,1,10370.793846153838,10420.639999999992,49.84615384615385,27000.0,13000.0
6,B6T0000000647,11,10,67,0,2,9,33,1,10420.639999999992,10463.618461538454,42.978461538461545,29000.0,15000.0
6,B6T0000000116,12,43,49,0,2,49,7,0,10463.618461538454,10515.338461538453,51.72,35050.0,21250.0
6,B6T0000000116,12,43,49,1,2,49,7,1,10515.338461538453,10552.778461538453,37.44,35050.0,21250.0
6,B6T0000000217,11,43,51,1,8,50,8,0,10552.778461538453,10590.698461538454,37.92,35850.0,22150.0
6,B6T0000000217,12,43,51,0,8,50,8,1,10590.698461538454,10628.458461538454,37.76,35850.0,22150.0
6,B6T0000000217,12,43,51,1,9,50,8,0,10628.458461538454,10666.218461538454,37.76,35850.0,22150.0
6,B6T0000000890,12,10,63,1,2,33,6,0,10666.218461538454,10730.14153846153,63.92307692307693,27400.0,13800.0
6,B6T0000000647,12,10,66,1,1,10,32,0,10730.14153846153,10773.735384615376,43.59384615384616,28600.0,15000.0
6,B6T0000001698,11,7,34,1,3,3,4,0,10773.735384615376,10803.919999999991,30.184615384615384,14900.0,2100.0
6,B6T0000000647,11,11,63,0,1,10,32,1,10803.919999999991,10842.31999999999,38.400000000000006,27800.0,15000.0
6,B6T0000000647,11,11,63,1,1,11,31,0,10842.31999999999,10876.39999999999,34.08,27800.0,15000.0
6,B6T0000000647,12,11,63,0,1,11,31,1,10876.39999999999,10910.63999999999,34.24,27800.0,15000.0
6,B6T0000000647,12,11,63,1,2,9,33,0,10910.63999999999,10944.55999999999,33.92,27800.0,15000.0
6,B6T0000000007,11,45,41,0,1,50,3,0,10944.55999999999,10997.178461538451,52.61846153846153,32850.0,20150.0
6,B6T0000000007,11,45,41,1,1,50,3,1,10997.178461538451,11033.338461538451,36.16,32850.0,20150.0
6,B6T0000001698,11,7,33,1,2,3,4,1,11033.338461538451,11089.132307692298,55.79384615384615,14500.0,2100.0
6,B6T0000001101,11,16,34,0,2,18,1,0,11089.132307692298,11124.71999999999,35.58769230769231,18200.0,5800.0
6,B6T0000000116,12,43,43,0,1,49,7,0,11124.71999999999,11169.94153846153,45.22153846153846,32650.0,21250.0
6,B6T0000000116,12,43,43,1,1,49,7,1,11169.94153846153,11205.46153846153,35.519999999999996,32650.0,21250.0
6,B6T0000001698,11,7,29,1,2,3,4,0,11205.46153846153,11259.846153846145,54.38461538461539,12900.0,2100.0
6,B6T0000001698,11,6,29,1,1,3,4,1,11259.846153846145,11291.846153846145,32.0,12700.0,2100.0
6,B6T0000000692,11,9,66,1,1,34,15,0,11291.846153846145,11341.15076923076,49.30461538461539,28200.0,17800.0
6,B6T0000000692,12,9,66,0,1,34,15,1,11341.15076923076,11395.919999999991,54.76923076923077,28200.0,17800.0
6,B6T0000000758,11,19,36,1,4,9,20,0,11395.919999999991,11435.304615384606,39.38461538461539,20200.0,9800.0
6,B6T0000001196,12,25,18,1,3,16,2,0,11435.304615384606,11474.689230769221,39.38461538461539,15400.0,5400.0
6,B6T0000001838,11,4,27,0,9,5,5,0,11474.689230769221,11508.209230769222,33.519999999999996,11500.0,2900.0
6,B6T0000001838,11,4,27,1,9,5,5,1,11508.209230769222,11539.249230769223,31.04,11500.0,2900.0
6,B6T0000001838,12,4,27,0,10,5,5,0,11539.249230769223,11570.289230769224,31.04,11500.0,2900.0
6,B6T0000001407,12,5,31,0,1,6,11,0,11570.289230769224,11601.649230769224,31.36,13300.0,5500.0
6,B6T0000001407,12,5,31,1,1,6,11,1,11601.649230769224,11632.049230769224,30.4,13300.0,5500.0
6,B6T0000001407,11,9,27,0,2,6,11,0,11632.049230769224,11661.169230769225,29.12,12600.0,5500.0
6,B6T0000001870,11,1,30,1,4,3,12,1,11661.169230769225,11691.089230769225,29.919999999999998,12100.0,5300.0
6,B6T0000001415,11,14,14,0,6,6,4,0,11691.089230769225,11724.319999999994,33.230769230769226,9400.0,2700.0
6,B6T0000001415,11,14,14,1,6,6,4,1,11724.319999999994,11756.627692307686,32.30769230769231,9400.0,2700.0
6,B6T0000001409,12,1,26,0,2,4,9,1,11756.627692307686,11786.867692307686,30.240000000000002,10500.0,4300.0
6,B6T0000001870,12,1,28,1,2,3,12,0,11786.867692307686,11816.467692307686,29.6,11300.0,5300.0
6,B6T0000001101,11,26,8,1,7,18,1,1,11816.467692307686,11857.852307692301,41.38461538461539,11800.0,5800.0
6,B6T0000000445,12,26,12,1,2,11,12,0,11857.852307692301,11896.006153846147,38.15384615384615,13400.0,7400.0
6,B6T0000001801,12,4,30,1,5,4,16,1,11896.006153846147,11925.169230769225,29.163076923076922,12700.0,7100.0
6,B6T0000001101,11,26,7,0,5,18,1,1,11925.169230769225,11966.246153846148,41.07692307692308,11400.0,5800.0
6,B6T0000001101,11,26,7,1,6,16,3,0,11966.246153846148,12001.323076923072,35.07692307692308,11400.0,5800.0
6,B6T0000001101,12,26,7,0,6,16,3,1,12001.323076923072,12037.630769230764,36.30769230769231,11400.0,5800.0
6,B6T0000001101,12,26,7,1,6,17,2,0,12037.630769230764,12073.323076923072,35.69230769230769,11400.0,5800.0
6,B6T0000001870,12,1,26,1,1,3,12,0,12073.323076923072,12107.101538461533,33.77846153846154,10500.0,5300.0
6,B6T0000001801,11,2,30,0,1,8,14,0,12107.101538461533,12136.541538461533,29.439999999999998,12300.0,7100.0
6,B6T0000001801,11,2,30,1,1,8,14,1,12136.541538461533,12165.661538461534,29.12,12300.0,7100.0
6,B6T0000001801,12,2,30,0,4,4,16,0,12165.661538461534,12194.461538461534,28.8,12300.0,7100.0
6,B6T0000001801,11,4,29,1,4,4,16,1,12194.461538461534,12222.621538461533,28.16,12300.0,7100.0
6,B6T0000001409,12,3,22,1,2,4,9,0,12222.621538461533,12249.661538461534,27.04,9300.0,4300.0
6,B6T0000001870,11,4,24,0,2,3,12,1,12249.661538461534,12277.981538461534,28.32,10300.0,5300.0
6,B6T0000001870,11,4,24,1,3,3,12,0,12277.981538461534,12305.821538461534,27.84,10300.0,5300.0
6,B6T0000001870,12,4,24,0,3,3,12,1,12305.821538461534,12333.661538461534,27.84,10300.0,5300.0
6,B6T0000001870,12,4,24,1,4,3,12,0,12333.661538461534,12361.501538461534,27.84,10300.0,5300.0
6,B6T0000001801,12,5,28,1,5,4,16,0,12361.501538461534,12389.981538461534,28.48,12100.0,7100.0
6,B6T0000001838,12,1,18,1,8,5,5,0,12389.981538461534,12416.98461538461,27.003076923076925,7300.0,2900.0
6,B6T0000001409,11,4,20,1,1,4,9,1,12416.98461538461,12445.14461538461,28.16,8700.0,4300.0
6,B6T0000001698,11,1,16,1,1,3,4,0,12445.14461538461,12472.18461538461,27.04,6500.0,2100.0
6,B6T0000001101,11,27,3,1,5,18,1,0,12472.18461538461,12514.799999999996,42.61538461538461,10200.0,5800.0
6,B6T0000001838,12,3,17,0,8,5,5,1,12514.799999999996,12548.258461538457,33.45846153846154,7300.0,2900.0
6,B6T0000001101,11,13,16,0,2,16,3,0,12548.258461538457,12578.18461538461,29.926153846153845,9800.0,5800.0
6,B6T0000001101,11,13,16,1,2,16,3,1,12578.18461538461,12606.34461538461,28.16,9800.0,5800.0
6,B6T0000001101,12,13,16,0,2,17,2,0,12606.34461538461,12634.88615384615,28.54153846153846,9800.0,5800.0
6,B6T0000001101,12,13,16,1,2,17,2,1,12634.88615384615,12663.809230769226,28.923076923076923,9800.0,5800.0
6,B6T0000001101,11,27,2,0,3,16,3,0,12663.809230769226,12700.732307692302,36.92307692307692,9800.0,5800.0
6,B6T0000001101,11,27,2,1,3,16,3,1,12700.732307692302,12738.270769230763,37.53846153846154,9800.0,5800.0
6,B6T0000001101,12,27,2,0,3,17,2,0,12738.270769230763,12775.19384615384,36.92307692307692,9800.0,5800.0
6,B6T0000001101,12,27,2,1,3,17,2,1,12775.19384615384,12811.50153846153,36.30769230769231,9800.0,5800.0
6,B6T0000000445,12,28,5,1,4,10,13,1,12811.50153846153,12853.347692307685,41.84615384615385,11400.0,7400.0
6,B6T0000001415,12,12,9,0,5,6,4,0,12853.347692307685,12881.50153846153,28.153846153846153,6600.0,2700.0
6,B6T0000001409,12,5,18,1,1,4,9,0,12881.50153846153,12909.181538461531,27.68,8100.0,4300.0
6,B6T0000001844,12,2,15,1,1,7,3,0,12909.181538461531,12936.06153846153,26.880000000000003,6300.0,2500.0
6,B6T0000001801,12,8,23,1,6,4,16,0,12936.06153846153,12964.492307692299,28.43076923076923,10700.0,7100.0
6,B6T0000001409,11,3,17,1,3,7,7,0,12964.492307692299,12990.39999999999,25.907692307692308,7300.0,4100.0
6,B6T0000001409,12,5,16,1,3,7,7,1,12990.39999999999,13017.27999999999,26.88,7300.0,4100.0
6,B6T0000001870,12,5,19,1,1,3,12,1,13017.27999999999,13044.31999999999,27.04,8500.0,5300.0
6,B6T0000001415,11,2,13,0,7,6,4,0,13044.31999999999,13070.067692307683,25.747692307692304,5500.0,2700.0
6,B6T0000001415,11,2,13,1,7,6,4,1,13070.067692307683,13096.947692307682,26.88,5500.0,2700.0
6,B6T0000001415,12,2,13,0,8,6,4,0,13096.947692307682,13123.827692307681,26.88,5500.0,2700.0
6,B6T0000001415,12,2,13,1,8,6,4,1,13123.827692307681,13150.70769230768,26.88,5500.0,2700.0
6,B6T0000001415,12,16,2,1,5,6,4,1,13150.70769230768,13185.47692307691,34.76923076923077,5400.0,2700.0
7,B6T0000001238,13,12,68,0,10,10,10,0,0.0,44.08,44.08,30200.0,6200.0
7,B6T0000001238,13,12,68,1,10,10,10,1,44.08,86.64,42.56,30200.0,6200.0
7,B6T0000001238,14,12,68,0,10,11,9,0,86.64,129.36,42.72,30200.0,6200.0
7,B6T0000001238,14,12,68,1,10,11,9,1,129.36,172.24,42.88,30200.0,6200.0
7,B6T0000001238,13,11,68,0,1,11,9,0,172.24,215.12,42.88,29800.0,6200.0
7,B6T0000001238,13,11,68,1,1,11,9,1,215.12,258.0,42.88,29800.0,6200.0
7,B6T0000001238,14,11,68,0,1,12,8,0,258.0,301.04,43.04,29800.0,6200.0
7,B6T0000001238,14,11,68,1,1,12,8,1,301.04,344.24,43.2,29800.0,6200.0
7,B6T0000001238,13,12,67,0,8,10,10,0,344.24,386.8,42.56,29800.0,6200.0
7,B6T0000001238,13,12,67,1,8,10,10,1,386.8,429.04,42.24,29800.0,6200.0
7,B6T0000001238,14,12,67,0,8,11,9,0,429.04,471.44000000000005,42.400000000000006,29800.0,6200.0
7,B6T0000001238,14,12,67,1,8,11,9,1,471.44000000000005,514.0,42.56,29800.0,6200.0
7,B6T0000001238,13,12,66,0,5,11,9,0,514.0,556.24,42.24,29400.0,6200.0
7,B6T0000001238,13,12,66,1,5,11,9,1,556.24,598.48,42.24,29400.0,6200.0
7,B6T0000001238,14,12,66,0,5,12,8,0,598.48,640.88,42.400000000000006,29400.0,6200.0
7,B6T0000001238,14,12,66,1,5,12,8,1,640.88,683.44,42.56,29400.0,6200.0
7,B6T0000000540,13,10,68,0,4,16,5,1,683.44,727.1200000000001,43.68000000000001,29400.0,6600.0
7,B6T0000000540,13,10,68,1,5,14,7,0,727.1200000000001,770.9600000000002,43.84,29400.0,6600.0
7,B6T0000000540,14,10,68,0,5,14,7,1,770.9600000000002,814.4800000000001,43.52,29400.0,6600.0
7,B6T0000000540,14,10,68,1,5,15,6,0,814.4800000000001,858.1600000000001,43.68,29400.0,6600.0
7,B6T0000000488,13,11,67,0,12,20,1,1,858.1600000000001,902.4800000000001,44.32000000000001,29400.0,6600.0
7,B6T0000000488,13,11,67,1,13,20,1,0,902.4800000000001,947.6000000000001,45.120000000000005,29400.0,6600.0
7,B6T0000000488,14,11,67,0,13,20,1,1,947.6000000000001,992.7200000000001,45.120000000000005,29400.0,6600.0
7,B6T0000000488,14,11,67,1,14,20,1,0,992.7200000000001,1037.8400000000001,45.120000000000005,29400.0,6600.0
7,B6T0000001238,13,12,65,0,2,12,8,1,1037.8400000000001,1081.2,43.36,29000.0,6200.0
7,B6T0000001238,13,12,65,1,2,13,7,0,1081.2,1123.6000000000001,42.400000000000006,29000.0,6200.0
7,B6T0000001238,14,12,65,0,2,13,7,1,1123.6000000000001,1166.16,42.56,29000.0,6200.0
7,B6T0000001238,14,12,65,1,3,11,9,0,1166.16,1208.4,42.24,29000.0,6200.0
7,B6T0000001238,13,13,64,0,9,11,9,0,1208.4,1250.0,41.6,29000.0,6200.0
7,B6T0000001238,13,13,64,1,9,11,9,1,1250.0,1291.6,41.6,29000.0,6200.0
7,B6T0000001238,14,13,64,0,9,12,8,0,1291.6,1333.36,41.760000000000005,29000.0,6200.0
7,B6T0000001238,14,13,64,1,9,12,8,1,1333.36,1375.28,41.92,29000.0,6200.0
7,B6T0000000540,13,10,67,0,2,16,5,0,1375.28,1418.6399999999999,43.36,29000.0,6600.0
7,B6T0000000540,13,10,67,1,2,16,5,1,1418.6399999999999,1462.4799999999998,43.84,29000.0,6600.0
7,B6T0000000540,14,10,67,0,3,14,7,0,1462.4799999999998,1505.9999999999998,43.52,29000.0,6600.0
7,B6T0000000540,14,10,67,1,3,14,7,1,1505.9999999999998,1549.1999999999998,43.2,29000.0,6600.0
7,B6T0000000488,13,11,66,0,5,20,1,0,1549.1999999999998,1593.0399999999997,43.84,29000.0,6600.0
7,B6T0000000488,13,11,66,1,5,20,1,1,1593.0399999999997,1637.8399999999997,44.8,29000.0,6600.0
7,B6T0000000488,14,11,66,0,6,20,1,0,1637.8399999999997,1682.6399999999996,44.8,29000.0,6600.0
7,B6T0000000488,14,11,66,1,6,20,1,1,1682.6399999999996,1727.4399999999996,44.8,29000.0,6600.0
7,B6T0000001238,13,13,63,0,7,11,9,0,1727.4399999999996,1769.9999999999995,42.56,28600.0,6200.0
7,B6T0000001238,13,13,63,1,7,11,9,1,1769.9999999999995,1811.2799999999995,41.28,28600.0,6200.0
7,B6T0000001238,14,13,63,0,7,12,8,0,1811.2799999999995,1852.7199999999996,41.44,28600.0,6200.0
7,B6T0000001238,14,13,63,1,7,12,8,1,1852.7199999999996,1894.3199999999995,41.6,28600.0,6200.0
7,B6T0000000540,13,10,66,0,1,15,6,0,1894.3199999999995,1937.1999999999996,42.88,28600.0,6600.0
7,B6T0000000540,13,10,66,1,1,15,6,1,1937.1999999999996,1980.3999999999996,43.2,28600.0,6600.0
7,B6T0000000540,14,10,66,0,1,16,5,0,1980.3999999999996,2023.7599999999995,43.36,28600.0,6600.0
7,B6T0000000540,14,10,66,1,1,16,5,1,2023.7599999999995,2067.2799999999997,43.52,28600.0,6600.0
7,B6T0000001238,13,13,62,0,4,12,8,0,2067.2799999999997,2109.04,41.760000000000005,28200.0,6200.0
7,B6T0000001238,13,13,62,1,4,12,8,1,2109.04,2150.32,41.28,28200.0,6200.0
7,B6T0000001238,14,13,62,0,4,13,7,0,2150.32,2191.76,41.44,28200.0,6200.0
7,B6T0000001238,14,13,62,1,4,13,7,1,2191.76,2233.36,41.6,28200.0,6200.0
7,B6T0000000540,13,11,64,0,4,14,7,1,2233.36,2275.6,42.24,28200.0,6600.0
7,B6T0000000540,13,11,64,1,4,15,6,0,2275.6,2318.0,42.400000000000006,28200.0,6600.0
7,B6T0000000540,14,11,64,0,4,15,6,1,2318.0,2360.56,42.56,28200.0,6600.0
7,B6T0000000540,14,11,64,1,4,16,5,0,2360.56,2403.2799999999997,42.72,28200.0,6600.0
7,B6T0000000488,13,12,63,0,10,20,1,1,2403.2799999999997,2446.4799999999996,43.2,28200.0,6600.0
7,B6T0000000488,13,12,63,1,11,20,1,0,2446.4799999999996,2490.3199999999997,43.84,28200.0,6600.0
7,B6T0000000488,14,12,63,0,11,20,1,1,2490.3199999999997,2534.16,43.84,28200.0,6600.0
7,B6T0000000488,14,12,63,1,12,20,1,0,2534.16,2578.0,43.84,28200.0,6600.0
7,B6T0000001238,13,13,61,0,1,13,7,1,2578.0,2620.24,42.24,27800.0,6200.0
7,B6T0000001238,13,13,61,1,2,11,9,0,2620.24,2661.2,40.96,27800.0,6200.0
7,B6T0000001238,14,13,61,0,2,11,9,1,2661.2,2701.8399999999997,40.64,27800.0,6200.0
7,B6T0000001238,14,13,61,1,2,12,8,0,2701.8399999999997,2742.64,40.8,27800.0,6200.0
7,B6T0000001238,13,14,60,0,8,12,8,0,2742.64,2783.2799999999997,40.64,27800.0,6200.0
7,B6T0000001238,13,14,60,1,8,12,8,1,2783.2799999999997,2823.9199999999996,40.64,27800.0,6200.0
7,B6T0000001238,14,14,60,0,9,10,10,0,2823.9199999999996,2864.24,40.32,27800.0,6200.0
7,B6T0000001238,14,14,60,1,9,10,10,1,2864.24,2904.24,40.0,27800.0,6200.0
7,B6T0000000577,13,13,66,0,5,20,5,0,2904.24,2946.9599999999996,42.72,29800.0,8200.0
7,B6T0000000577,13,13,66,1,5,20,5,1,2946.9599999999996,2990.4799999999996,43.52,29800.0,8200.0
7,B6T0000000577,14,13,66,0,6,18,7,0,2990.4799999999996,3033.6799999999994,43.2,29800.0,8200.0
7,B6T0000000577,14,13,66,1,6,18,7,1,3033.6799999999994,3076.5599999999995,42.88,29800.0,8200.0
7,B6T0000000540,13,11,63,0,2,14,7,0,3076.5599999999995,3118.4799999999996,41.92,27800.0,6600.0
7,B6T0000000540,13,11,63,1,2,14,7,1,3118.4799999999996,3160.3999999999996,41.92,27800.0,6600.0
7,B6T0000000540,14,11,63,0,2,15,6,0,3160.3999999999996,3202.4799999999996,42.08,27800.0,6600.0
7,B6T0000000540,14,11,63,1,2,15,6,1,3202.4799999999996,3244.7199999999993,42.24,27800.0,6600.0
7,B6T0000000488,13,12,62,1,3,20,1,1,3244.7199999999993,3287.439999999999,42.72,27800.0,6600.0
7,B6T0000000488,14,12,62,0,4,20,1,0,3287.439999999999,3330.959999999999,43.52,27800.0,6600.0
7,B6T0000000488,14,12,62,1,4,20,1,1,3330.959999999999,3374.479999999999,43.52,27800.0,6600.0
7,B6T0000001238,13,14,59,0,6,11,9,0,3374.479999999999,3415.7599999999993,41.28,27400.0,6200.0
7,B6T0000001238,13,14,59,1,6,11,9,1,3415.7599999999993,3455.7599999999993,40.0,27400.0,6200.0
7,B6T0000001238,14,14,59,0,6,12,8,0,3455.7599999999993,3495.919999999999,40.16,27400.0,6200.0
7,B6T0000001238,14,14,59,1,6,12,8,1,3495.919999999999,3536.2399999999993,40.32,27400.0,6200.0
7,B6T0000000577,13,13,65,0,2,20,5,0,3536.2399999999993,3578.959999999999,42.72,29400.0,8200.0
7,B6T0000000577,13,13,65,1,2,20,5,1,3578.959999999999,3622.159999999999,43.2,29400.0,8200.0
7,B6T0000000577,14,13,65,0,3,19,6,0,3622.159999999999,3665.199999999999,43.040000000000006,29400.0,8200.0
7,B6T0000000577,14,13,65,1,3,19,6,1,3665.199999999999,3708.079999999999,42.88,29400.0,8200.0
7,B6T0000000540,14,11,62,0,1,14,7,0,3708.079999999999,3749.8399999999992,41.760000000000005,27400.0,6600.0
7,B6T0000000540,14,11,62,1,1,14,7,1,3749.8399999999992,3791.439999999999,41.6,27400.0,6600.0
7,B6T0000000540,13,12,61,0,6,15,6,0,3791.439999999999,3832.879999999999,41.44,27400.0,6600.0
7,B6T0000000540,13,12,61,1,6,15,6,1,3832.879999999999,3874.479999999999,41.6,27400.0,6600.0
7,B6T0000000540,14,12,61,0,7,14,7,0,3874.479999999999,3915.919999999999,41.44,27400.0,6600.0
7,B6T0000001238,13,14,58,0,3,13,7,0,3915.919999999999,3956.2399999999993,40.32,27000.0,6200.0
7,B6T0000001238,13,14,58,1,3,13,7,1,3956.2399999999993,3996.5599999999995,40.32,27000.0,6200.0
7,B6T0000001238,14,14,58,0,4,11,9,0,3996.5599999999995,4036.5599999999995,40.0,27000.0,6200.0
7,B6T0000001238,14,14,58,1,4,11,9,1,4036.5599999999995,4076.2399999999993,39.68,27000.0,6200.0
7,B6T0000001022,13,9,67,0,14,24,1,1,4076.2399999999993,4120.079999999999,43.84,28600.0,8200.0
7,B6T0000001022,13,9,68,0,2,9,17,1,4120.079999999999,4162.959999999999,42.879999999999995,29000.0,8600.0
7,B6T0000001022,13,9,68,1,2,10,16,0,4162.959999999999,4203.439999999999,40.480000000000004,29000.0,8600.0
7,B6T0000001022,14,9,68,0,2,10,16,1,4203.439999999999,4244.079999999999,40.64,29000.0,8600.0
7,B6T0000001022,14,9,68,1,2,11,15,0,4244.079999999999,4284.879999999999,40.8,29000.0,8600.0
7,B6T0000000540,13,12,60,0,3,15,6,0,4284.879999999999,4324.719999999999,39.84,27000.0,6600.0
7,B6T0000000540,13,12,60,1,3,15,6,1,4324.719999999999,4365.999999999999,41.28,27000.0,6600.0
7,B6T0000000540,14,12,60,0,3,16,5,0,4365.999999999999,4407.439999999999,41.44,27000.0,6600.0
7,B6T0000000540,14,12,60,1,3,16,5,1,4407.439999999999,4449.039999999999,41.6,27000.0,6600.0
7,B6T0000000488,13,13,59,0,8,20,1,1,4449.039999999999,4490.959999999999,41.92,27000.0,6600.0
7,B6T0000000488,13,13,59,1,9,20,1,0,4490.959999999999,4533.5199999999995,42.56,27000.0,6600.0
7,B6T0000000488,14,13,59,0,9,20,1,1,4533.5199999999995,4576.08,42.56,27000.0,6600.0
7,B6T0000000488,14,13,59,1,10,20,1,0,4576.08,4618.64,42.56,27000.0,6600.0
7,B6T0000000488,13,13,60,0,1,9,13,0,4618.64,4659.6,40.96,27400.0,7000.0
7,B6T0000000488,13,13,60,1,1,9,13,1,4659.6,4698.64,39.04,27400.0,7000.0
7,B6T0000001375,13,1,61,0,4,3,9,1,4698.64,4738.64,40.0,24500.0,4100.0
7,B6T0000001375,13,1,61,1,5,3,9,0,4738.64,4779.280000000001,40.64,24500.0,4100.0
7,B6T0000001375,14,1,61,0,5,3,9,1,4779.280000000001,4819.920000000001,40.64,24500.0,4100.0
7,B6T0000001375,14,1,61,1,6,3,9,0,4819.920000000001,4860.560000000001,40.64,24500.0,4100.0
7,B6T0000000577,13,14,62,0,4,20,5,0,4860.560000000001,4902.160000000002,41.6,28600.0,8200.0
7,B6T0000000577,13,14,62,1,4,20,5,1,4902.160000000002,4944.4000000000015,42.24,28600.0,8200.0
7,B6T0000000577,14,14,62,0,5,19,6,0,4944.4000000000015,4986.480000000001,42.08,28600.0,8200.0
7,B6T0000000577,14,14,62,1,5,19,6,1,4986.480000000001,5028.4000000000015,41.92,28600.0,8200.0
7,B6T0000001022,13,9,66,1,11,24,1,0,5028.4000000000015,5072.4000000000015,44.0,28200.0,8200.0
7,B6T0000001022,14,9,66,0,11,24,1,1,5072.4000000000015,5117.200000000002,44.8,28200.0,8200.0
7,B6T0000001022,14,9,66,1,12,24,1,0,5117.200000000002,5162.000000000002,44.8,28200.0,8200.0
7,B6T0000001022,13,9,67,1,1,9,17,0,5162.000000000002,5204.560000000002,42.56,28600.0,8600.0
7,B6T0000001022,14,9,67,0,1,9,17,1,5204.560000000002,5244.560000000002,40.0,28600.0,8600.0
7,B6T0000001022,14,9,67,1,1,10,16,0,5244.560000000002,5284.720000000002,40.16,28600.0,8600.0
7,B6T0000001375,14,1,60,1,2,3,9,0,5284.720000000002,5323.920000000002,39.2,24100.0,4100.0
7,B6T0000000577,13,14,61,0,1,20,5,0,5323.920000000002,5365.200000000002,41.28,28200.0,8200.0
7,B6T0000000577,13,14,61,1,1,20,5,1,5365.200000000002,5407.120000000002,41.92,28200.0,8200.0
7,B6T0000000577,14,14,61,0,2,19,6,0,5407.120000000002,5448.880000000002,41.760000000000005,28200.0,8200.0
7,B6T0000000577,14,14,61,1,2,19,6,1,5448.880000000002,5490.480000000002,41.6,28200.0,8200.0
7,B6T0000001375,13,2,59,0,2,3,9,1,5490.480000000002,5530.960000000002,40.480000000000004,23900.0,4100.0
7,B6T0000001375,13,2,59,1,3,3,9,0,5530.960000000002,5570.960000000002,40.0,23900.0,4100.0
7,B6T0000001375,14,2,59,0,3,3,9,1,5570.960000000002,5610.960000000002,40.0,23900.0,4100.0
7,B6T0000001375,14,2,59,1,4,3,9,0,5610.960000000002,5650.960000000002,40.0,23900.0,4100.0
7,B6T0000001022,13,10,65,0,4,9,17,0,5650.960000000002,5691.600000000002,40.64,28200.0,8600.0
7,B6T0000001375,13,3,58,0,7,3,9,1,5691.600000000002,5730.000000000002,38.400000000000006,23700.0,4100.0
7,B6T0000001375,13,3,58,1,8,3,9,0,5730.000000000002,5769.680000000002,39.68,23700.0,4100.0
7,B6T0000001022,13,10,63,0,12,24,1,1,5769.680000000002,5812.2400000000025,42.56,27400.0,8200.0
7,B6T0000001022,13,10,63,1,13,24,1,0,5812.2400000000025,5856.080000000003,43.84,27400.0,8200.0
7,B6T0000001022,14,10,63,0,13,24,1,1,5856.080000000003,5899.920000000003,43.84,27400.0,8200.0
7,B6T0000001022,14,10,63,1,14,24,1,0,5899.920000000003,5943.760000000003,43.84,27400.0,8200.0
7,B6T0000001022,13,10,64,0,1,10,16,1,5943.760000000003,5985.520000000003,41.760000000000005,27800.0,8600.0
7,B6T0000001022,13,10,64,1,1,11,15,0,5985.520000000003,6025.040000000004,39.519999999999996,27800.0,8600.0
7,B6T0000001022,14,10,64,0,1,11,15,1,6025.040000000004,6064.720000000004,39.68,27800.0,8600.0
7,B6T0000001022,14,10,64,1,2,9,17,0,6064.720000000004,6104.080000000004,39.36,27800.0,8600.0
7,B6T0000000488,13,14,55,1,7,20,1,0,6104.080000000004,6142.800000000004,38.72,25800.0,6600.0
7,B6T0000000488,14,14,55,0,7,20,1,1,6142.800000000004,6184.080000000004,41.28,25800.0,6600.0
7,B6T0000000488,14,14,55,1,8,20,1,0,6184.080000000004,6225.360000000003,41.28,25800.0,6600.0
7,B6T0000000577,13,15,58,0,3,20,5,0,6225.360000000003,6266.960000000004,41.6,27400.0,8200.0
7,B6T0000000577,13,15,58,1,3,20,5,1,6266.960000000004,6307.920000000004,40.96,27400.0,8200.0
7,B6T0000000577,14,15,58,0,4,19,6,0,6307.920000000004,6348.720000000004,40.8,27400.0,8200.0
7,B6T0000000577,14,15,58,1,4,19,6,1,6348.720000000004,6389.360000000004,40.64,27400.0,8200.0
7,B6T0000000577,14,15,57,0,1,19,6,0,6389.360000000004,6429.680000000004,40.32,27000.0,8200.0
7,B6T0000000577,14,15,57,1,1,19,6,1,6429.680000000004,6470.000000000004,40.32,27000.0,8200.0
7,B6T0000001022,13,11,61,0,3,9,17,0,6470.000000000004,6509.840000000004,39.84,27000.0,8600.0
7,B6T0000001022,13,11,61,1,3,9,17,1,6509.840000000004,6547.920000000004,38.08,27000.0,8600.0
7,B6T0000001022,14,11,61,0,3,10,16,0,6547.920000000004,6586.1600000000035,38.239999999999995,27000.0,8600.0
7,B6T0000001022,14,11,61,1,3,10,16,1,6586.1600000000035,6624.560000000003,38.4,27000.0,8600.0
7,B6T0000000614,13,11,65,0,1,20,10,1,6624.560000000003,6665.2000000000035,40.64,28600.0,10200.0
7,B6T0000000614,13,11,65,1,2,20,10,0,6665.2000000000035,6706.800000000004,41.6,28600.0,10200.0
7,B6T0000000614,14,11,65,0,2,20,10,1,6706.800000000004,6748.400000000004,41.6,28600.0,10200.0
7,B6T0000000614,14,11,65,1,3,20,10,0,6748.400000000004,6790.000000000005,41.6,28600.0,10200.0
7,B6T0000001375,14,5,54,1,7,3,9,0,6790.000000000005,6829.353846153851,39.35384615384615,22500.0,4100.0
7,B6T0000000050,13,43,50,0,3,46,1,1,6829.353846153851,6884.193846153851,54.84,35450.0,17350.0
7,B6T0000000050,13,43,49,0,1,46,1,0,6884.193846153851,6923.553846153851,39.36,35050.0,17350.0
7,B6T0000000050,13,43,49,1,1,46,1,1,6923.553846153851,6962.9138461538505,39.36,35050.0,17350.0
7,B6T0000000050,14,43,49,0,2,46,1,0,6962.9138461538505,7002.27384615385,39.36,35050.0,17350.0
7,B6T0000000050,14,43,49,1,2,46,1,1,7002.27384615385,7041.63384615385,39.36,35050.0,17350.0
7,B6T0000000614,13,12,62,0,3,20,10,1,7041.63384615385,7095.415384615389,53.78153846153846,27800.0,10200.0
7,B6T0000001740,13,2,56,1,3,2,12,1,7095.415384615389,7135.532307692311,40.11692307692308,22700.0,5100.0
7,B6T0000000050,13,43,48,1,13,45,2,1,7135.532307692311,7190.2000000000035,54.667692307692306,34650.0,17250.0
7,B6T0000000050,14,43,48,0,14,45,2,0,7190.2000000000035,7228.920000000004,38.72,34650.0,17250.0
7,B6T0000000050,14,43,48,1,14,45,2,1,7228.920000000004,7267.640000000004,38.72,34650.0,17250.0
7,B6T0000001740,14,1,56,1,2,4,11,0,7267.640000000004,7323.99384615385,56.35384615384616,22500.0,5100.0
7,B6T0000000614,14,12,61,1,1,20,10,0,7323.99384615385,7364.15384615385,40.16,27400.0,10200.0
7,B6T0000000488,14,16,48,1,14,20,1,1,7364.15384615385,7401.753846153851,37.599999999999994,23800.0,6600.0
7,B6T0000001375,14,7,50,1,6,3,9,1,7401.753846153851,7440.15384615385,38.4,21300.0,4100.0
7,B6T0000001148,13,9,65,0,2,18,14,0,7440.15384615385,7481.27384615385,41.120000000000005,27800.0,11000.0
7,B6T0000000680,13,12,64,1,1,20,14,0,7481.27384615385,7521.27384615385,40.0,28600.0,11800.0
7,B6T0000000680,14,12,64,0,1,20,14,1,7521.27384615385,7561.27384615385,40.0,28600.0,11800.0
7,B6T0000000680,14,12,64,1,2,20,14,0,7561.27384615385,7601.27384615385,40.0,28600.0,11800.0
7,B6T0000001238,13,17,45,1,1,13,7,0,7601.27384615385,7636.31384615385,35.04,23000.0,6200.0
7,B6T0000001148,13,9,64,0,1,18,14,0,7636.31384615385,7677.43384615385,41.120000000000005,27400.0,11000.0
7,B6T0000001148,13,9,64,1,1,18,14,1,7677.43384615385,7717.43384615385,40.0,27400.0,11000.0
7,B6T0000001148,14,9,64,0,2,17,15,0,7717.43384615385,7757.27384615385,39.84,27400.0,11000.0
7,B6T0000001148,14,9,64,1,2,17,15,1,7757.27384615385,7796.9538461538505,39.68,27400.0,11000.0
7,B6T0000001740,14,4,52,0,2,4,11,1,7796.9538461538505,7834.129230769235,37.175384615384615,21500.0,5100.0
7,B6T0000001740,14,4,52,1,3,2,12,0,7834.129230769235,7871.089230769235,36.96,21500.0,5100.0
7,B6T0000000050,13,43,45,1,12,45,2,1,7871.089230769235,7925.276923076927,54.1876923076923,33450.0,17250.0
7,B6T0000001740,14,2,52,1,2,2,12,0,7925.276923076927,7980.523076923081,55.24615384615384,21100.0,5100.0
7,B6T0000000050,13,44,43,1,13,45,2,0,7980.523076923081,8035.160000000004,54.63692307692308,33150.0,17250.0
7,B6T0000001399,13,1,59,0,1,7,17,1,8035.160000000004,8091.03384615385,55.87384615384616,23700.0,8100.0
7,B6T0000001399,13,1,59,1,2,7,17,0,8091.03384615385,8128.47384615385,37.44,23700.0,8100.0
7,B6T0000001989,14,2,56,0,1,8,15,0,8128.47384615385,8165.27384615385,36.800000000000004,22700.0,7500.0
7,B6T0000001989,14,2,56,1,1,8,15,1,8165.27384615385,8202.393846153851,37.120000000000005,22700.0,7500.0
7,B6T0000000050,14,45,40,1,3,46,1,0,8202.393846153851,8255.63384615385,53.24,32450.0,17350.0
7,B6T0000001740,13,4,48,1,1,4,11,1,8255.63384615385,8310.55384615385,54.92,19900.0,5100.0
7,B6T0000000120,13,43,51,0,7,48,8,0,8310.55384615385,8364.126153846159,53.57230769230769,35850.0,21150.0
7,B6T0000000120,13,43,51,1,7,48,8,1,8364.126153846159,8401.886153846159,37.76,35850.0,21150.0
7,B6T0000000120,14,43,51,0,8,48,8,0,8401.886153846159,8439.646153846159,37.76,35850.0,21150.0
7,B6T0000000120,14,43,51,1,8,48,8,1,8439.646153846159,8477.40615384616,37.76,35850.0,21150.0
7,B6T0000001148,13,10,58,1,1,17,15,0,8477.40615384616,8532.516923076928,55.11076923076922,25400.0,11000.0
7,B6T0000001740,13,4,47,1,1,2,12,1,8532.516923076928,8568.732307692313,36.215384615384615,19500.0,5100.0
7,B6T0000000435,13,10,65,1,1,32,8,0,8568.732307692313,8614.750769230775,46.01846153846154,28200.0,14200.0
7,B6T0000000500,14,10,65,1,1,34,6,0,8614.750769230775,8667.058461538467,52.30769230769231,28200.0,14200.0
7,B6T0000001673,13,1,48,1,6,4,12,1,8667.058461538467,8714.818461538467,47.76,19300.0,5500.0
7,B6T0000001740,13,3,46,1,1,2,12,0,8714.818461538467,8749.698461538466,34.88,18900.0,5100.0
7,B6T0000001399,13,4,53,1,1,7,17,0,8749.698461538466,8786.018461538466,36.32,21900.0,8100.0
7,B6T0000000120,13,44,47,0,9,48,8,0,8786.018461538466,8838.796923076927,52.778461538461535,34750.0,21150.0
7,B6T0000000120,13,44,47,1,9,48,8,1,8838.796923076927,8875.276923076926,36.480000000000004,34750.0,21150.0
7,B6T0000000120,14,44,47,0,10,48,8,0,8875.276923076926,8911.756923076926,36.480000000000004,34750.0,21150.0
7,B6T0000000120,14,44,47,1,10,48,8,1,8911.756923076926,8948.236923076925,36.480000000000004,34750.0,21150.0
7,B6T0000000841,13,12,64,0,1,30,12,0,8948.236923076925,9006.31384615385,58.07692307692308,28600.0,15000.0
7,B6T0000000500,13,11,62,0,1,34,6,1,9006.31384615385,9056.160000000003,49.84615384615385,27400.0,14200.0
7,B6T0000000500,13,11,62,1,1,35,5,0,9056.160000000003,9109.08307692308,52.92307692307692,27400.0,14200.0
7,B6T0000001673,14,1,46,1,6,4,12,0,9109.08307692308,9157.138461538465,48.05538461538461,18500.0,5500.0
7,B6T0000001740,13,7,42,1,1,4,11,0,9157.138461538465,9190.898461538465,33.760000000000005,18100.0,5100.0
7,B6T0000001740,13,8,41,1,2,2,12,1,9190.898461538465,9224.338461538466,33.44,17900.0,5100.0
7,B6T0000001134,14,13,60,0,1,31,10,0,9224.338461538466,9267.095384615388,42.75692307692307,27400.0,14600.0
7,B6T0000001134,14,13,60,1,1,31,10,1,9267.095384615388,9313.249230769234,46.15384615384615,27400.0,14600.0
7,B6T0000001470,13,1,60,0,2,6,27,0,9313.249230769234,9358.68307692308,45.433846153846154,24100.0,11900.0
7,B6T0000001470,13,1,60,1,2,6,27,1,9358.68307692308,9393.24307692308,34.56,24100.0,11900.0
7,B6T0000001470,14,1,60,0,3,6,27,0,9393.24307692308,9427.803076923079,34.56,24100.0,11900.0
7,B6T0000001673,13,5,41,0,7,4,12,1,9427.803076923079,9458.683076923078,30.880000000000003,17300.0,5500.0
7,B6T0000001673,13,5,41,1,8,4,12,0,9458.683076923078,9491.963076923079,33.28,17300.0,5500.0
7,B6T0000001470,14,1,59,1,1,6,27,0,9491.963076923079,9528.603076923078,36.64,23700.0,11900.0
7,B6T0000000050,14,46,29,1,12,45,2,0,9528.603076923078,9581.307692307693,52.70461538461539,28550.0,17250.0
7,B6T0000001673,13,6,39,1,7,4,12,0,9581.307692307693,9633.243076923078,51.93538461538461,16700.0,5500.0
7,B6T0000001673,13,3,39,1,5,4,12,0,9633.243076923078,9665.883076923077,32.64,16100.0,5500.0
7,B6T0000001148,14,14,44,1,1,17,15,1,9665.883076923077,9699.643076923077,33.760000000000005,21400.0,11000.0
7,B6T0000001673,13,5,37,1,5,4,12,1,9699.643076923077,9733.950769230769,34.30769230769231,15700.0,5500.0
7,B6T0000001470,14,5,52,1,1,6,27,1,9733.950769230769,9768.350769230768,34.4,21700.0,11900.0
7,B6T0000001673,13,5,35,1,4,4,12,1,9768.350769230768,9797.310769230768,28.96,14900.0,5500.0
7,B6T0000001673,13,6,33,1,4,4,12,0,9797.310769230768,9828.030769230767,30.72,14300.0,5500.0
7,B6T0000001648,14,1,36,1,4,4,14,1,9828.030769230767,9859.390769230768,31.36,14500.0,6300.0
7,B6T0000001934,13,1,42,1,2,7,19,0,9859.390769230768,9891.550769230767,32.16,16900.0,8900.0
7,B6T0000001934,14,1,41,1,1,7,19,1,9891.550769230767,9922.590769230768,31.04,16500.0,8900.0
7,B6T0000001648,14,2,33,1,4,4,14,0,9922.590769230768,9951.870769230769,29.28,13500.0,6300.0
7,B6T0000000488,13,9,27,0,1,20,1,0,9951.870769230769,9984.72,32.84923076923077,12600.0,6600.0
7,B6T0000000488,13,9,27,1,1,20,1,1,9984.72,10022.25846153846,37.53846153846154,12600.0,6600.0
7,B6T0000000488,14,9,27,0,2,20,1,0,10022.25846153846,10059.796923076921,37.53846153846154,12600.0,6600.0
7,B6T0000001022,13,22,18,1,2,11,15,1,10059.796923076921,10093.286153846153,33.48923076923077,14200.0,8600.0
7,B6T0000000540,13,25,10,1,4,14,7,0,10093.286153846153,10132.670769230768,39.38461538461539,12200.0,6600.0
7,B6T0000001648,13,5,27,1,3,4,14,1,10132.670769230768,10163.212307692307,30.541538461538458,11700.0,6300.0
7,B6T0000001934,13,5,33,1,1,7,19,0,10163.212307692307,10192.492307692308,29.28,14100.0,8900.0
7,B6T0000001648,13,5,26,1,3,4,14,0,10192.492307692308,10219.532307692309,27.04,11300.0,6300.0
7,B6T0000001648,13,8,24,1,5,4,14,0,10219.532307692309,10246.73230769231,27.2,11100.0,6300.0
7,B6T0000000540,13,26,7,0,5,15,6,1,10246.73230769231,10289.655384615386,42.92307692307692,11400.0,6600.0
7,B6T0000000540,13,26,7,1,5,16,5,0,10289.655384615386,10326.578461538462,36.92307692307692,11400.0,6600.0
7,B6T0000000540,14,26,7,0,6,14,7,0,10326.578461538462,10364.116923076923,37.53846153846153,11400.0,6600.0
7,B6T0000000540,14,26,7,1,6,14,7,1,10364.116923076923,10402.886153846153,38.76923076923077,11400.0,6600.0
7,B6T0000001238,13,28,4,1,3,11,9,1,10402.886153846153,10445.963076923077,43.07692307692307,11000.0,6200.0
7,B6T0000001238,14,28,4,0,3,12,8,0,10445.963076923077,10490.270769230769,44.30769230769231,11000.0,6200.0
7,B6T0000001238,14,28,4,1,3,12,8,1,10490.270769230769,10533.963076923077,43.69230769230769,11000.0,6200.0
7,B6T0000001633,13,1,26,0,1,4,13,0,10533.963076923077,10564.504615384616,30.541538461538458,10500.0,5900.0
7,B6T0000001672,13,1,21,1,5,7,7,1,10564.504615384616,10592.024615384616,27.520000000000003,8500.0,4100.0
7,B6T0000001648,14,4,25,1,2,4,14,0,10592.024615384616,10620.664615384616,28.64,10700.0,6300.0
7,B6T0000001672,13,5,18,0,7,7,7,0,10620.664615384616,10647.064615384616,26.4,8100.0,4100.0
7,B6T0000001672,13,5,18,1,7,7,7,1,10647.064615384616,10674.584615384616,27.52,8100.0,4100.0
7,B6T0000001648,13,6,23,1,2,4,14,1,10674.584615384616,10702.584615384616,28.0,10300.0,6300.0
7,B6T0000001672,13,2,19,1,5,7,7,0,10702.584615384616,10729.304615384615,26.72,7900.0,4100.0
7,B6T0000001672,14,5,18,0,4,2,10,0,10729.304615384615,10756.344615384616,27.04,8100.0,4300.0
7,B6T0000001672,14,5,18,1,4,2,10,1,10756.344615384616,10782.904615384616,26.560000000000002,8100.0,4300.0
7,B6T0000001672,14,5,17,1,6,7,7,1,10782.904615384616,10809.624615384615,26.72,7700.0,4100.0
7,B6T0000000488,14,23,7,0,2,20,1,1,10809.624615384615,10844.855384615385,35.230769230769226,10200.0,6600.0
7,B6T0000000488,14,23,7,1,3,20,1,0,10844.855384615385,10872.547692307693,27.692307692307693,10200.0,6600.0
7,B6T0000001672,13,4,17,1,6,7,7,0,10872.547692307693,10906.60923076923,34.06153846153846,7500.0,4100.0
7,B6T0000001672,13,1,17,1,4,7,7,0,10906.60923076923,10934.30153846154,27.692307692307693,6900.0,4100.0
7,B6T0000001672,14,3,16,1,4,7,7,1,10934.30153846154,10961.181538461538,26.88,6900.0,4100.0
