入库批次,原材料编号,箱子类型,堆垛机编号,货架号,层(z),列(x),深浅位,到达时刻(s),开始时刻(s),完成时刻(s),流动时间(s),是否复合
IN0541,B6T0000001606,E1,1,2,2,1,深位,4500.0,4500.0,4511.464101615138,11.464101615138134,否
IN0541,B6T0000001606,E1,1,2,1,4,深位,4500.0,4516.081383121884,4528.081383121884,28.081383121883846,否
IN0541,B6T0000001606,E1,1,2,7,2,深位,4500.0,4533.2920850477385,4549.331614723413,49.33161472341271,否
IN0192,B6T0000000557,E3,1,2,11,6,深位,9960.0,9960.0,9981.097018512752,21.097018512751674,否
IN0192,B6T0000000557,E3,1,2,12,7,浅位,9960.0,9993.805462970658,10016.051416742892,56.05141674289189,否
IN0192,B6T0000000557,E3,1,2,12,7,深位,9960.0,10029.72855247937,10051.974506251603,91.97450625160309,否
IN0199,B6T0000000581,E3,1,2,15,5,深位,12600.0,12600.0,12623.513515265344,23.513515265343813,否
IN0199,B6T0000000581,E3,1,1,10,23,深位,12600.0,12638.113515265344,12663.086009831617,63.08600983161705,否
IN0199,B6T0000000581,E3,1,2,13,19,深位,12600.0,12679.324470929478,12705.704337782076,105.70433778207553,否
IN0199,B6T0000000581,E3,1,1,13,20,深位,12600.0,12723.023677829315,12749.630018704831,149.63001870483095,否
IN0199,B6T0000000581,E3,1,1,15,23,深位,12600.0,12767.151923276222,12795.784965633193,195.78496563319277,否
IN0199,B6T0000000581,E3,1,2,22,6,深位,12600.0,12814.964009869003,12843.731954871811,243.73195487181147,否
IN0199,B6T0000000581,E3,1,1,13,35,深位,12600.0,12862.447068665186,12891.946094152441,291.9460941524412,否
IN0199,B6T0000000581,E3,1,2,17,21,深位,12600.0,12912.05100396809,12941.636845013174,341.636845013174,否
IN0199,B6T0000000581,E3,1,1,11,45,深位,12600.0,12961.501072292609,12991.275198276317,391.2751982763166,否
IN0199,B6T0000000581,E3,1,1,9,64,浅位,12600.0,13011.601862274181,13042.96757843103,442.9675784310293,否
IN0199,B6T0000000581,E3,1,1,9,64,深位,12600.0,13064.429114994637,13095.794831151485,495.7948311514847,否
IN0199,B6T0000000581,E3,1,2,9,64,浅位,12600.0,13117.256367715092,13148.62208387194,548.62208387194,否
IN0199,B6T0000000581,E3,1,2,9,64,深位,12600.0,13170.083620435547,13201.449336592395,601.4493365923954,否
IN0199,B6T0000000581,E3,1,1,9,65,浅位,12600.0,13222.910873156003,13254.450502356329,654.4505023563288,否
IN0199,B6T0000000581,E3,1,1,9,65,深位,12600.0,13276.045372253271,13307.585001453597,707.5850014535972,否
IN0199,B6T0000000581,E3,1,2,9,65,浅位,12600.0,13329.17987135054,13360.719500550866,760.7195005508656,否
IN0199,B6T0000000581,E3,1,2,9,65,深位,12600.0,13382.314370447808,13413.853999648134,813.853999648134,否
IN0199,B6T0000000581,E3,1,1,9,66,浅位,12600.0,13435.448869545076,13467.16241178888,867.1624117888805,否
IN0199,B6T0000000581,E3,1,1,9,66,深位,12600.0,13488.890615019156,13520.60415726296,920.6041572629601,否
IN0199,B6T0000000581,E3,1,2,9,66,浅位,12600.0,13542.332360493236,13574.04590273704,974.0459027370398,否
IN0199,B6T0000000581,E3,1,2,9,66,深位,12600.0,13595.774105967315,13627.48764821112,1027.4876482111194,否
IN0199,B6T0000000581,E3,1,1,9,67,浅位,12600.0,13649.215851441395,13681.103306728677,1081.1033067286771,否
IN0199,B6T0000000581,E3,1,1,9,67,深位,12600.0,13702.964843292286,13734.852298579568,1134.852298579568,否
IN0199,B6T0000000581,E3,1,2,9,67,浅位,12600.0,13756.713835143177,13788.601290430459,1188.601290430459,否
IN0199,B6T0000000581,E3,1,2,9,67,深位,12600.0,13810.462826994068,13842.35028228135,1242.3502822813498,否
IN0199,B6T0000000581,E3,1,1,9,68,浅位,12600.0,13864.211818844959,13896.273187175719,1296.2731871757187,是
IN0199,B6T0000000581,E3,1,1,9,33,浅位,12600.0,13932.830599087292,13958.805005754606,1358.805005754606,是
IN0199,B6T0000000581,E3,1,1,9,33,深位,12600.0,13984.779412421922,14010.753819089236,1410.7538190892355,是
IN0199,B6T0000000581,E3,1,2,9,33,浅位,12600.0,14036.728225756551,14062.702632423865,1462.702632423865,是
IN0199,B6T0000000581,E3,1,2,9,33,深位,12600.0,14088.67703909118,14114.651445758494,1514.6514457584944,否
IN0199,B6T0000000581,E3,1,1,9,68,深位,12600.0,14131.855835051703,14163.917203382463,1563.9172033824634,否
IN0199,B6T0000000581,E3,1,2,9,68,浅位,12600.0,14185.912073279405,14217.973441610166,1617.9734416101655,否
IN0199,B6T0000000581,E3,1,2,9,68,深位,12600.0,14239.968311507108,14272.029679837868,1672.0296798378677,否
IN0199,B6T0000000581,E3,1,1,10,63,浅位,12600.0,14294.02454973481,14326.111902993587,1726.1119029935871,否
IN0199,B6T0000000581,E3,1,1,10,63,深位,12600.0,14348.171319855637,14380.258673114415,1780.2586731144147,否
IN0199,B6T0000000581,E3,1,2,10,63,浅位,12600.0,14402.318089976465,14434.405443235242,1834.4054432352423,否
IN0199,B6T0000000581,E3,1,2,10,63,深位,12600.0,14456.464860097292,14488.55221335607,1888.5522133560698,否
IN0199,B6T0000000581,E3,1,1,10,64,浅位,12600.0,14510.61163021812,14542.872896520375,1942.8728965203754,否
IN0199,B6T0000000581,E3,1,1,10,64,深位,12600.0,14565.065646715759,14597.326913018014,1997.3269130180142,否
IN0199,B6T0000000581,E3,1,2,10,64,浅位,12600.0,14619.519663213398,14651.780929515653,2051.780929515653,否
IN0199,B6T0000000581,E3,1,2,10,64,深位,12600.0,14673.973679711036,14706.234946013292,2106.234946013292,否
IN0199,B6T0000000581,E3,1,1,10,65,浅位,12600.0,14728.427696208675,14760.862875554409,2160.8628755544087,否
IN0199,B6T0000000581,E3,1,1,10,65,深位,12600.0,14783.188959083127,14815.62413842886,2215.6241384288605,否
IN0199,B6T0000000581,E3,1,2,10,65,浅位,12600.0,14837.950221957579,14870.385401303312,2270.3854013033124,否
IN0199,B6T0000000581,E3,1,2,10,65,深位,12600.0,14892.71148483203,14925.146664177764,2325.1466641777643,否
IN0199,B6T0000000581,E3,1,2,11,61,深位,12600.0,14947.472747706483,14980.029482385842,2380.029482385842,否
IN0199,B6T0000000581,E3,1,2,22,19,深位,12600.0,15002.48947971704,15035.076243121362,2435.0762431213625,否
IN0199,B6T0000000581,E3,1,1,10,66,浅位,12600.0,15057.207011930543,15089.816104319754,2489.8161043197542,否
IN0199,B6T0000000581,E3,1,1,10,66,深位,12600.0,15112.275521181806,15144.884613571017,2544.8846135710173,否
IN0199,B6T0000000581,E3,1,2,10,66,浅位,12600.0,15167.344030433069,15199.95312282228,2599.9531228222804,否
IN0199,B6T0000000581,E3,1,2,10,66,深位,12600.0,15222.412539684332,15255.021632073544,2655.0216320735435,是
IN0199,B6T0000000581,E3,1,1,9,45,浅位,12600.0,15294.546547340782,15322.607915671542,2722.6079156715423,是
IN0199,B6T0000000581,E3,1,1,9,45,深位,12600.0,15350.669284002302,15378.730652333063,2778.7306523330626,是
IN0199,B6T0000000581,E3,1,2,9,45,浅位,12600.0,15406.792020663823,15434.853388994583,2834.853388994583,否
IN0199,B6T0000000581,E3,1,1,11,62,浅位,12600.0,15453.78159222486,15486.512239947697,2886.512239947697,否
IN0199,B6T0000000581,E3,1,1,11,62,深位,12600.0,15509.105570612228,15541.836218335065,2941.8362183350655,否
IN0199,B6T0000000581,E3,1,2,11,62,浅位,12600.0,15564.429548999597,15597.160196722434,2997.160196722434,否
IN0199,B6T0000000581,E3,1,2,11,62,深位,12600.0,15619.753527386965,15652.484175109803,3052.484175109803,否
IN0199,B6T0000000581,E3,1,1,10,67,浅位,12600.0,15675.077505774334,15707.860511207024,3107.8605112070236,否
IN0199,B6T0000000581,E3,1,1,10,67,深位,12600.0,15730.453261402408,15763.236266835098,3163.236266835098,否
IN0199,B6T0000000581,E3,1,2,10,67,浅位,12600.0,15785.829017030483,15818.612022463172,3218.6120224631723,否
IN0199,B6T0000000581,E3,1,2,10,67,深位,12600.0,15841.204772658557,15873.987778091247,3273.9877780912466,否
IN0199,B6T0000000581,E3,1,2,12,58,深位,12600.0,15896.580528286631,15929.371935958474,3329.371935958474,否
IN0199,B6T0000000581,E3,1,1,14,50,深位,12600.0,15952.049541201806,15984.84691751365,3384.8469175136506,否
IN0199,B6T0000000581,E3,1,1,11,63,浅位,12600.0,16007.580250846984,16040.4848116133,3440.4848116133,否
IN0199,B6T0000000581,E3,1,1,11,63,深位,12600.0,16063.211475611164,16096.11603637748,3496.1160363774798,否
IN0199,B6T0000000581,E3,1,2,11,63,浅位,12600.0,16118.842700375344,16151.74726114166,3551.7472611416597,否
IN0199,B6T0000000581,E3,1,2,11,63,深位,12600.0,16174.473925139524,16207.37848590584,3607.3784859058396,否
IN0199,B6T0000000581,E3,1,1,10,68,浅位,12600.0,16230.105149903704,16263.062068379873,3663.0620683798734,否
IN0199,B6T0000000581,E3,1,1,10,68,深位,12600.0,16285.78815190859,16318.745070384759,3718.745070384759,否
IN0199,B6T0000000581,E3,1,2,10,68,浅位,12600.0,16341.471153913475,16374.428072389645,3774.4280723896445,否
IN0199,B6T0000000581,E3,1,2,10,68,深位,12600.0,16397.15415591836,16430.11107439453,3830.1110743945283,否
IN0199,B6T0000000581,E3,1,2,21,24,深位,12600.0,16452.837157923248,16485.81442723921,3885.814427239209,否
IN0199,B6T0000000581,E3,1,1,11,64,浅位,12600.0,16508.377988159293,16541.456461969086,3941.4564619690864,否
IN0199,B6T0000000581,E3,1,1,11,64,深位,12600.0,16564.316459300284,16597.394933110078,3997.3949331100775,否
IN0199,B6T0000000581,E3,1,2,11,64,浅位,12600.0,16620.254930441275,16653.33340425107,4053.3334042510687,是
IN0199,B6T0000000581,E3,1,2,11,64,深位,12600.0,16690.90054397339,16723.979017783182,4123.979017783182,是
IN0070,B6T0000000198,E4,1,1,43,6,浅位,29340.0,29340.0,29383.33691052005,43.33691052005088,否
IN0070,B6T0000000198,E4,1,1,43,6,深位,29340.0,29413.31869098009,29456.65560150014,116.65560150014062,否
IN0070,B6T0000000198,E4,1,1,45,3,浅位,29340.0,29486.63738196018,29530.263552540833,190.2635525408332,否
IN0070,B6T0000000198,E4,1,1,45,3,深位,29340.0,29560.295272551135,29603.92144313179,263.9214431317887,否
IN0070,B6T0000000198,E4,1,2,45,3,浅位,29340.0,29633.95316314209,29677.579333722744,337.5793337227442,否
IN0070,B6T0000000198,E4,1,2,45,3,深位,29340.0,29707.611053733046,29751.2372243137,411.2372243136997,否
IN0070,B6T0000000198,E4,1,1,43,7,深位,29340.0,29781.268944324,29824.998377980613,484.99837798061344,否
IN0070,B6T0000000198,E4,1,1,46,2,浅位,29340.0,29855.331241807093,29899.183806862875,559.1838068628749,否
IN0070,B6T0000000198,E4,1,1,46,2,深位,29340.0,29929.313628991007,29973.16619404679,633.1661940467893,否
IN0070,B6T0000000198,E4,1,2,46,2,浅位,29340.0,30003.29601617492,30047.148581230704,707.1485812307037,否
IN0070,B6T0000000198,E4,1,2,46,2,深位,29340.0,30077.278403358836,30121.130968414618,781.1309684146181,否
IN0070,B6T0000000198,E4,1,1,43,10,浅位,29340.0,30151.26079054275,30196.02327689757,856.0232768975693,否
IN0070,B6T0000000198,E4,1,1,43,10,深位,29340.0,30227.28013114706,30272.04261750188,932.0426175018802,否
IN0070,B6T0000000198,E4,1,2,43,10,浅位,29340.0,30303.299471751372,30348.06195810619,1008.061958106191,否
IN0070,B6T0000000198,E4,1,2,43,10,深位,29340.0,30379.318812355683,30424.081298710502,1084.0812987105019,否
IN0070,B6T0000000198,E4,1,2,48,2,深位,29340.0,30455.338152959994,30500.91485594681,1160.9148559468085,否
IN0070,B6T0000000198,E4,1,2,44,14,深位,29340.0,30532.378011408277,30579.161326181824,1239.1613261818238,否
IN0070,B6T0000000198,E4,1,1,44,18,深位,29340.0,30612.121273060762,30659.906554435,1319.9065544350015,否
IN0070,B6T0000000198,E4,1,1,45,25,深位,29340.0,30693.762687486073,30743.92475645159,1403.92475645159,否
IN0179,B6T0000000514,E3,1,1,17,2,浅位,33000.0,33000.0,33023.249116779916,23.24911677991622,否
IN0179,B6T0000000514,E3,1,1,13,8,浅位,33000.0,33037.44560557472,33060.76452878973,60.76452878973214,否
IN0179,B6T0000000514,E3,1,1,13,8,深位,33000.0,33075.34607761739,33098.6650008324,98.66500083239953,否
IN0353,B6T0000001093,E3,1,2,13,8,浅位,33060.0,33113.246549660056,33136.56547287507,76.56547287506692,否
IN0353,B6T0000001093,E3,1,2,13,8,深位,33060.0,33151.14702170272,33174.465944917734,114.4659449177343,否
IN0353,B6T0000001093,E3,1,1,17,32,浅位,33060.0,33189.04749374539,33220.78189189955,160.7818918995472,否
IN0353,B6T0000001093,E3,1,1,12,60,浅位,33060.0,33242.56784707875,33275.70708083755,215.70708083755017,否
IN0480,B6T0000001445,E1,1,1,7,3,深位,35640.0,35640.0,35656.675204166066,16.67520416606567,否
IN0480,B6T0000001445,E1,1,2,4,8,深位,35640.0,35665.66143142059,35682.60978829221,42.609788292211306,否
IN0506,B6T0000001520,E1,1,1,1,23,深位,40860.0,40860.0,40877.59166304662,17.59166304662358,否
IN0506,B6T0000001520,E1,1,2,4,10,深位,40860.0,40887.80370044429,40905.41975838676,45.41975838675717,否
IN0506,B6T0000001520,E1,1,1,3,13,深位,40860.0,40915.397106435186,40933.08034494111,73.08034494111052,否
IN0357,B6T0000001102,E3,1,2,13,20,浅位,44160.0,44218.984832007714,44245.59117288323,85.59117288322886,是
IN0357,B6T0000001102,E3,1,2,13,20,深位,44160.0,44320.15305457546,44346.75939545097,186.75939545097208,否
IN0357,B6T0000001102,E3,1,2,11,52,浅位,44160.0,44364.28130002236,44395.27281731042,235.27281731041876,否
IN0357,B6T0000001102,E3,1,2,11,52,深位,44160.0,44416.532814641614,44447.52433192967,287.52433192967146,否
IN0357,B6T0000001102,E3,1,1,12,60,深位,44160.0,44468.78432926087,44501.92356301966,341.92356301966356,否
IN0357,B6T0000001102,E3,1,2,12,60,浅位,44160.0,44524.86783492967,44558.007068688465,398.00706868846464,否
IN0357,B6T0000001102,E3,1,2,12,60,深位,44160.0,44580.95134059847,44614.090574357266,454.0905743572657,否
IN0357,B6T0000001102,E3,1,1,11,65,浅位,44160.0,44637.03484626727,44670.28723312054,510.28723312054353,否
IN0357,B6T0000001102,E3,1,1,11,65,深位,44160.0,44693.280563785076,44726.53295063835,566.5329506383496,否
IN0357,B6T0000001102,E3,1,2,11,65,浅位,44160.0,44749.52628130288,44782.778668156156,622.7786681561556,否
IN0357,B6T0000001102,E3,1,2,11,65,深位,44160.0,44805.77199882069,44839.02438567396,679.0243856739617,否
IN0357,B6T0000001102,E3,1,1,12,61,浅位,44160.0,44862.017716338494,44895.33086314077,735.3308631407708,否
IN0357,B6T0000001102,E3,1,1,12,61,深位,44160.0,44918.40846838411,44951.72161518638,791.7216151863831,否
IN0357,B6T0000001102,E3,1,2,12,61,浅位,44160.0,44974.79922042972,45008.112367231995,848.1123672319954,否
IN0341,B6T0000001046,E3,1,1,9,10,浅位,46980.0,46980.0,47000.80983669458,20.809836694577825,否
IN0341,B6T0000001046,E3,1,1,9,10,深位,46980.0,47013.394894174344,47034.20473086892,54.204730868921615,否
IN0539,B6T0000001604,E1,1,1,8,4,深位,49320.0,49320.0,49337.74596669241,17.745966692411457,否
IN0539,B6T0000001604,E1,1,1,4,12,深位,49320.0,49347.64823077675,49365.867936629154,45.86793662915443,否
IN0416,B6T0000001271,E3,1,2,9,10,浅位,52020.0,52020.0,52040.80983669458,20.809836694577825,是
IN0416,B6T0000001271,E3,1,2,9,10,深位,52020.0,52067.16684153855,52087.97667823313,67.97667823312804,是
IN0416,B6T0000001271,E3,1,2,12,61,深位,52020.0,52114.3336830771,52147.64682987938,127.64682987937704,是
IN0416,B6T0000001271,E3,1,1,11,66,浅位,52020.0,52186.59168121654,52220.01798111329,200.01798111329117,是
IN0416,B6T0000001271,E3,1,1,11,66,深位,52020.0,52258.87918763581,52292.30548753256,272.30548753256153,否
IN0416,B6T0000001271,E3,1,2,11,66,浅位,52020.0,52315.432151530425,52348.85845142718,328.8584514271788,否
IN0416,B6T0000001271,E3,1,2,11,66,深位,52020.0,52371.98511542504,52405.411415321796,385.4114153217961,否
IN0416,B6T0000001271,E3,1,1,12,62,浅位,52020.0,52428.53807931966,52462.02513916542,442.0251391654165,否
IN0416,B6T0000001271,E3,1,1,12,62,深位,52020.0,52485.23607774208,52518.72313758784,498.72313758784003,否
IN0416,B6T0000001271,E3,1,2,12,62,浅位,52020.0,52541.93407616451,52575.42113601026,555.4211360102636,否
IN0416,B6T0000001271,E3,1,2,12,62,深位,52020.0,52598.63207458693,52632.11913443269,612.1191344326871,否
IN0416,B6T0000001271,E3,1,1,11,67,浅位,52020.0,52655.330073009354,52688.93028594958,668.9302859495801,否
IN0416,B6T0000001271,E3,1,1,11,67,深位,52020.0,52712.19028328078,52745.79049622101,725.7904962210087,否
IN0416,B6T0000001271,E3,1,2,11,67,浅位,52020.0,52769.05049355221,52802.65070649244,782.6507064924372,否
IN0416,B6T0000001271,E3,1,2,11,67,深位,52020.0,52825.91070382364,52859.510916763866,839.5109167638657,否
IN0618,B6T0000001827,E1,1,1,5,12,浅位,84780.0,84780.0,84798.92820323027,18.92820323027263,否
IN0618,B6T0000001827,E1,1,1,5,12,深位,84780.0,84810.02395606978,84828.95215930005,48.95215930005361,否
IN0618,B6T0000001827,E1,1,2,5,12,浅位,84780.0,84840.04791213956,84858.97611536983,78.97611536983459,否
IN0618,B6T0000001827,E1,1,2,5,12,深位,84780.0,84870.07186820934,84889.00007143962,109.00007143961557,否
IN0618,B6T0000001827,E1,1,2,6,10,深位,84780.0,84900.09582427912,84919.05362918017,139.05362918016908,否
IN0618,B6T0000001827,E1,1,1,4,15,深位,84780.0,84930.12650903275,84949.1639783473,169.16397834729287,否
IN0618,B6T0000001827,E1,1,1,8,8,浅位,84780.0,84960.41267537652,84979.81549631842,199.81549631842063,否
IN0618,B6T0000001827,E1,1,1,8,8,深位,84780.0,84991.19969589503,85010.60251683694,230.60251683693787,否
IN0618,B6T0000001827,E1,1,2,8,8,浅位,84780.0,85021.98671641355,85041.38953735546,261.3895373554551,否
IN0618,B6T0000001827,E1,1,2,8,8,深位,84780.0,85052.77373693207,85072.17655787397,292.17655787397234,否
IN0618,B6T0000001827,E1,1,1,7,10,浅位,84780.0,85083.56075745058,85103.09641532185,323.09641532185196,否
IN0618,B6T0000001827,E1,1,1,7,10,深位,84780.0,85114.64111014889,85134.17676802016,354.1767680201592,否
IN0618,B6T0000001827,E1,1,2,7,10,浅位,84780.0,85145.7214628472,85165.25712071847,385.25712071846647,否
IN0561,B6T0000001665,E1,1,1,4,17,深位,86940.0,86970.80898836095,86990.34670223431,50.346702234310214,是
IN0561,B6T0000001665,E1,1,2,1,35,深位,86940.0,87064.51094419173,87084.34790071347,144.3479007134738,是
IN0561,B6T0000001665,E1,1,1,5,18,深位,86940.0,87122.27270711907,87142.75798849331,202.7579884933075,是
IN0561,B6T0000001665,E1,1,1,2,31,浅位,86940.0,87173.5083627603,87194.1079931011,254.1079931011045,是
IN0561,B6T0000001665,E1,1,1,2,31,深位,86940.0,87229.55107937638,87250.15070971719,310.15070971718524,是
IN0561,B6T0000001665,E1,1,2,2,31,浅位,86940.0,87285.59379599246,87306.19342633327,366.19342633326596,是
IN0561,B6T0000001665,E1,1,1,1,40,浅位,86940.0,87341.63651260854,87362.34303434768,422.34303434767935,是
IN0561,B6T0000001665,E1,1,1,1,40,深位,86940.0,87396.26784075328,87416.97436249242,476.9743624924158,是
IN0561,B6T0000001665,E1,1,2,6,17,深位,86940.0,87450.89916889802,87471.77862972996,531.7786297299608,是
IN0561,B6T0000001665,E1,1,1,4,23,深位,86940.0,87545.40953835406,87566.29270402281,626.2927040228096,是
IN0561,B6T0000001665,E1,1,1,9,11,浅位,86940.0,87652.14279921197,87673.26133016692,733.2613301669189,是
IN0561,B6T0000001665,E1,1,1,9,11,深位,86940.0,87759.95506881438,87781.07359976933,841.0735997693264,是
IN0313,B6T0000000940,E3,1,2,9,11,浅位,87000.0,87810.08040190552,87831.19893286047,831.1989328604686,是
IN0313,B6T0000000940,E3,1,2,9,11,深位,87000.0,87860.20573499666,87881.32426595161,881.3242659516109,是
IN0313,B6T0000000940,E3,1,1,9,40,浅位,87000.0,87907.42516716322,87934.61697027659,934.616970276591,是
IN0399,B6T0000001209,E3,1,1,9,8,浅位,88740.0,88743.48562107007,88763.6277566938,23.627756693793344,是
IN0399,B6T0000001209,E3,1,1,9,12,浅位,88740.0,88788.61895006231,88810.03243466683,70.03243466683489,是
IN0399,B6T0000001209,E3,1,1,9,12,深位,88740.0,88847.62368741872,88869.03717202324,129.03717202323605,是
IN0399,B6T0000001209,E3,1,2,9,12,浅位,88740.0,88906.62842477512,88928.04190937964,188.04190937963722,是
IN0399,B6T0000001209,E3,1,2,9,12,深位,88740.0,88965.63316213152,88987.04664673604,247.04664673603838,是
IN0399,B6T0000001209,E3,1,1,17,1,浅位,88740.0,89024.63789948792,89047.0585891431,307.05858914309647,否
IN0399,B6T0000001209,E3,1,1,17,1,深位,88740.0,89060.51411019175,89082.93479984693,342.9347998469311,是
IN0399,B6T0000001209,E3,1,1,9,8,深位,88740.0,89117.04740360417,89137.1895392279,397.1895392278966,是
IN0399,B6T0000001209,E3,1,2,9,8,浅位,88740.0,89157.33167485164,89177.47381047536,437.4738104753633,是
IN0399,B6T0000001209,E3,1,2,9,8,深位,88740.0,89197.6159460991,89217.75808172283,477.75808172282996,是
IN0399,B6T0000001209,E3,1,2,17,1,浅位,88740.0,89261.55851130877,89283.97920096395,543.9792009639496,是
IN0399,B6T0000001209,E3,1,2,17,1,深位,88740.0,89320.26080755919,89342.68149721436,602.681497214362,是
IN0399,B6T0000001209,E3,1,1,9,40,深位,88740.0,89378.9631038096,89406.15490692297,666.1549069229659,是
IN0399,B6T0000001209,E3,1,2,9,40,浅位,88740.0,89452.68895304477,89479.88075615813,739.8807561581343,否
IN0399,B6T0000001209,E3,1,1,26,1,浅位,88740.0,89498.1226678874,89526.7502540943,786.7502540942951,否
IN0399,B6T0000001209,E3,1,1,26,1,深位,88740.0,89545.00577514296,89573.63336134986,833.6333613498573,是
IN0399,B6T0000001209,E3,1,2,26,1,浅位,88740.0,89620.77819329167,89649.40577949857,909.4057794985711,是
IN0399,B6T0000001209,E3,1,2,26,1,深位,88740.0,89696.55061144038,89725.17819764728,985.1781976472848,否
IN0399,B6T0000001209,E3,1,1,17,18,浅位,88740.0,89743.43371869595,89772.33968972536,1032.3396897253551,否
IN0399,B6T0000001209,E3,1,1,17,18,深位,88740.0,89791.59582277642,89820.50179380583,1080.50179380583,否
IN0399,B6T0000001209,E3,1,2,17,18,浅位,88740.0,89839.7579268569,89868.6638978863,1128.6638978863048,否
IN0399,B6T0000001209,E3,1,2,17,18,深位,88740.0,89887.92003093737,89916.82600196678,1176.8260019667796,否
IN0399,B6T0000001209,E3,1,1,12,63,浅位,88740.0,89936.08213501784,89969.74310790708,1229.7431079070811,否
IN0399,B6T0000001209,E3,1,1,12,63,深位,88740.0,89993.08737981708,90026.74835270632,1286.748352706316,否
IN0399,B6T0000001209,E3,1,2,12,63,浅位,88740.0,90050.09262461631,90083.75359750555,1343.7535975055507,否
IN0399,B6T0000001209,E3,1,2,12,63,深位,88740.0,90107.09786941555,90140.75884230479,1400.7588423047855,否
IN0399,B6T0000001209,E3,1,1,13,59,浅位,88740.0,90164.10311421478,90197.77605274552,1457.7760527455248,否
IN0399,B6T0000001209,E3,1,1,13,59,深位,88740.0,90221.16462398358,90254.83756251432,1514.8375625143235,否
IN0399,B6T0000001209,E3,1,2,13,59,浅位,88740.0,90278.22613375238,90311.89907228312,1571.8990722831222,否
IN0399,B6T0000001209,E3,1,2,13,59,深位,88740.0,90335.28764352118,90368.96058205192,1628.960582051921,否
IN0399,B6T0000001209,E3,1,1,11,68,浅位,88740.0,90392.34915328998,90426.12327927368,1686.1232792736846,否
IN0399,B6T0000001209,E3,1,1,11,68,深位,88740.0,90449.51660993822,90483.29073592192,1743.2907359219244,否
IN0399,B6T0000001209,E3,1,2,11,68,浅位,88740.0,90506.68406658646,90540.45819257016,1800.458192570164,否
IN0399,B6T0000001209,E3,1,2,11,68,深位,88740.0,90563.8515232347,90597.6256492184,1857.6256492184039,否
IN0399,B6T0000001209,E3,1,1,12,64,浅位,88740.0,90621.01897988294,90654.85386581565,1914.8538658156467,否
IN0399,B6T0000001209,E3,1,1,12,64,深位,88740.0,90678.33147105898,90712.16635699169,1972.1663569916855,否
IN0399,B6T0000001209,E3,1,2,12,64,浅位,88740.0,90735.64396223502,90769.47884816772,2029.4788481677242,否
IN0399,B6T0000001209,E3,1,2,12,64,深位,88740.0,90792.95645341105,90826.79133934376,2086.791339343763,否
IN0488,B6T0000001473,E1,1,1,2,4,浅位,90840.0,90850.2689445871,90863.73304620224,23.733046202236437,否
IN0488,B6T0000001473,E1,1,1,2,9,浅位,90840.0,90870.13918209098,90885.60328370612,45.60328370612115,否
IN0488,B6T0000001473,E1,1,1,2,9,深位,90840.0,90893.79827397686,90909.262375592,69.26237559200672,否
IN0488,B6T0000001473,E1,1,2,2,9,浅位,90840.0,90917.45736586275,90932.92146747789,92.92146747789229,否
IN0399,B6T0000001209,E3,1,1,13,60,浅位,88740.0,90941.11645774863,90974.96330932285,2234.9633093228476,否
IN0399,B6T0000001209,E3,1,1,13,60,深位,88740.0,90998.48521389424,91032.33206546845,2292.3320654684503,否
IN0399,B6T0000001209,E3,1,2,13,60,浅位,88740.0,91055.85397003984,91089.70082161405,2349.700821614053,否
IN0399,B6T0000001209,E3,1,2,13,60,深位,88740.0,91113.22272618544,91147.06957775966,2407.0695777596557,否
IN0399,B6T0000001209,E3,1,1,23,22,深位,88740.0,91170.59148233104,91204.53093454035,2464.530934540351,否
IN0399,B6T0000001209,E3,1,1,12,65,浅位,88740.0,91227.78807199237,91261.79687096857,2521.7968709685665,否
IN0399,B6T0000001209,E3,1,1,12,65,深位,88740.0,91285.40780954523,91319.41660852142,2579.4166085214238,否
IN0399,B6T0000001209,E3,1,2,12,65,浅位,88740.0,91343.02754709809,91377.03634607428,2637.036346074281,否
IN0399,B6T0000001209,E3,1,2,12,65,深位,88740.0,91400.64728465094,91434.65608362714,2694.6560836271383,否
IN0182,B6T0000000536,E3,1,1,13,61,浅位,89160.0,91458.2670222038,91492.28778682149,2332.2877868214855,否
IN0182,B6T0000000536,E3,1,1,13,61,深位,89160.0,91515.94302472622,91549.9637893439,2389.9637893439067,否
IN0182,B6T0000000536,E3,1,2,13,61,浅位,89160.0,91573.61902724864,91607.63979186633,2447.639791866328,否
IN0182,B6T0000000536,E3,1,2,13,61,深位,89160.0,91631.29502977106,91665.31579438875,2505.315794388749,否
IN0182,B6T0000000536,E3,1,1,12,66,浅位,89160.0,91688.97103229348,91723.15374431315,2563.153744313153,否
IN0182,B6T0000000536,E3,1,1,12,66,深位,89160.0,91746.89801622315,91781.08072824281,2621.080728242814,否
IN0182,B6T0000000536,E3,1,2,12,66,浅位,89160.0,91804.8250001528,91839.00771217248,2679.0077121724753,否
IN0182,B6T0000000536,E3,1,2,12,66,深位,89160.0,91862.75198408247,91896.93469610214,2736.9346961021365,否
IN0182,B6T0000000536,E3,1,1,14,58,浅位,89160.0,91920.67896801213,91954.8676486718,2794.867648671803,否
IN0182,B6T0000000536,E3,1,1,14,58,深位,89160.0,91978.6676486718,92012.85632933148,2852.85632933148,否
IN0182,B6T0000000536,E3,1,2,14,58,浅位,89160.0,92036.65632933148,92070.84500999116,2910.845009991157,否
IN0182,B6T0000000536,E3,1,2,14,58,深位,89160.0,92094.64500999116,92128.83369065083,2968.833690650834,是
IN0182,B6T0000000536,E3,1,1,13,62,浅位,89160.0,92207.01605756958,92241.21073523075,3081.2107352307503,是
IN0634,B6T0000001900,E1,1,2,2,9,深位,94080.0,94080.0,94095.46410161514,15.46410161514359,否
IN0634,B6T0000001900,E1,1,2,3,13,浅位,94080.0,94103.65909188589,94121.34233039181,41.34233039180981,否
IN0634,B6T0000001900,E1,1,2,3,13,深位,94080.0,94131.44362030715,94149.12685881308,69.12685881307698,否
IN0634,B6T0000001900,E1,1,2,2,18,浅位,94080.0,94159.22814872842,94177.1775317178,97.17753171779623,否
IN0267,B6T0000000788,E3,1,1,9,41,浅位,96540.0,96540.0,96567.36571615684,27.36571615684079,否
IN0267,B6T0000000788,E3,1,1,9,41,深位,96540.0,96585.74817623774,96613.11389239458,73.11389239458367,否
IN0267,B6T0000000788,E3,1,2,9,41,浅位,96540.0,96631.49635247549,96658.86206863233,118.86206863232655,否
IN0459,B6T0000001379,E1,1,2,2,18,深位,97080.0,97080.0,97097.94938298938,17.949382989376318,否
IN0459,B6T0000001379,E1,1,1,2,34,深位,97080.0,97108.36727649852,97129.49442159192,49.49442159192404,否
IN0459,B6T0000001379,E1,1,1,8,14,深位,97080.0,97142.753572565,97163.98285403095,83.9828540309536,否
IN0459,B6T0000001379,E1,1,1,1,44,浅位,97080.0,97177.00068956356,97198.4028634766,118.40286347660003,否
IN0459,B6T0000001379,E1,1,1,1,44,深位,97080.0,97211.90177421781,97233.30394813085,153.3039481308515,否
IN0306,B6T0000000928,E3,1,1,12,14,浅位,104280.0,104280.0,104304.43776592365,24.43776592364884,否
IN0306,B6T0000000928,E3,1,1,12,14,深位,104280.0,104320.07531804593,104344.51308396958,64.51308396957756,否
IN0306,B6T0000000928,E3,1,2,12,14,浅位,104280.0,104360.15063609186,104384.5884020155,104.58840201550629,否
IN0306,B6T0000000928,E3,1,2,12,14,深位,104280.0,104400.22595413779,104424.66372006144,144.66372006143501,否
IN0306,B6T0000000928,E3,1,1,24,2,浅位,104280.0,104440.30127218371,104468.37797517053,188.37797517052968,否
IN0336,B6T0000001036,E3,1,1,9,13,浅位,112440.0,112440.0,112461.69638392517,21.696383925169357,否
IN0336,B6T0000001036,E3,1,1,9,13,深位,112440.0,112475.07439335408,112496.77077727925,56.77077727924916,否
IN0336,B6T0000001036,E3,1,2,9,13,浅位,112440.0,112510.14878670816,112531.84517063333,91.84517063332896,否
IN0066,B6T0000000186,E4,1,1,43,9,浅位,113340.0,113340.0,113384.43793103448,44.43793103448115,否
IN0066,B6T0000000186,E4,1,1,43,9,深位,113340.0,113415.40449418048,113459.84242521496,119.84242521495617,否
IN0066,B6T0000000186,E4,1,2,43,9,浅位,113340.0,113490.80898836095,113535.24691939543,195.24691939543118,否
IN0066,B6T0000000186,E4,1,2,43,9,深位,113340.0,113566.21348254143,113610.6514135759,270.6514135759062,否
IN0066,B6T0000000186,E4,1,1,43,13,浅位,113340.0,113641.6179767219,113687.26701030732,347.26701030731783,是
IN0066,B6T0000000186,E4,1,1,43,13,深位,113340.0,113735.38241921023,113781.03145279565,441.0314527956507,是
IN0066,B6T0000000186,E4,1,2,43,13,浅位,113340.0,113829.14686169857,113874.79589528398,534.7958952839836,是
IN0066,B6T0000000186,E4,1,2,43,13,深位,113340.0,113922.9113041869,113968.56033777232,628.5603377723164,否
IN0066,B6T0000000186,E4,1,1,48,4,浅位,113340.0,114000.61014397095,114047.35841983302,707.3584198330209,否
IN0066,B6T0000000186,E4,1,1,48,4,深位,113340.0,114079.86946193034,114126.61773779242,786.6177377924178,否
IN0066,B6T0000000186,E4,1,2,48,4,浅位,113340.0,114159.12877988974,114205.87705575181,865.8770557518146,否
IN0066,B6T0000000186,E4,1,2,48,4,深位,113340.0,114238.38809784914,114285.13637371121,945.1363737112115,否
IN0211,B6T0000000615,E3,1,1,17,2,深位,114300.0,114317.64741580853,114340.89653258845,40.89653258844919,否
IN0211,B6T0000000615,E3,1,2,17,2,浅位,114300.0,114355.09302138325,114378.34213816316,78.34213816316333,否
IN0211,B6T0000000615,E3,1,2,17,2,深位,114300.0,114392.53862695796,114415.78774373788,115.78774373787746,否
IN0211,B6T0000000615,E3,1,1,21,2,浅位,114300.0,114429.98423253268,114455.99197000224,155.99197000224376,否
IN0211,B6T0000000615,E3,1,1,21,2,深位,114300.0,114472.32179213039,114498.32952959996,198.329529599956,否
IN0211,B6T0000000615,E3,1,2,21,2,浅位,114300.0,114514.6593517281,114540.66708919767,240.66708919766825,否
IN0211,B6T0000000615,E3,1,2,21,2,深位,114300.0,114556.99691132581,114583.00464879538,283.0046487953805,否
IN0211,B6T0000000615,E3,1,1,24,2,深位,114300.0,114599.33447092352,114627.41117391034,327.41117391033913,否
IN0211,B6T0000000615,E3,1,2,24,2,浅位,114300.0,114645.34099603847,114673.41769902529,373.41769902528904,否
IN0211,B6T0000000615,E3,1,2,24,2,深位,114300.0,114691.34752115342,114719.42422414024,419.42422414023895,否
IN0211,B6T0000000615,E3,1,1,15,26,浅位,114300.0,114737.35404626837,114766.5934646059,466.59346460590314,否
IN0211,B6T0000000615,E3,1,1,17,25,浅位,114300.0,114786.3148680067,114816.73555766187,516.735557661872,否
IN0211,B6T0000000615,E3,1,1,17,25,深位,114300.0,114837.34649623853,114867.76718589371,567.7671858937101,否
IN0211,B6T0000000615,E3,1,1,13,62,深位,114300.0,114888.37812447037,114922.57280213154,622.5728021315444,否
IN0211,B6T0000000615,E3,1,2,13,62,浅位,114300.0,114946.3613733696,114980.55605103077,680.5560510307696,否
IN0211,B6T0000000615,E3,1,2,13,62,深位,114300.0,115004.34462226882,115038.53929993,738.5392999299947,否
IN0211,B6T0000000615,E3,1,1,12,67,浅位,114300.0,115062.32787116805,115096.68449623119,796.684496231188,否
IN0211,B6T0000000615,E3,1,1,12,67,深位,114300.0,115120.56210147453,115154.91872653767,854.9187265376677,否
IN0211,B6T0000000615,E3,1,2,12,67,浅位,114300.0,115178.796331781,115213.15295684415,913.1529568441474,否
IN0211,B6T0000000615,E3,1,2,12,67,深位,114300.0,115237.03056208749,115271.38718715063,971.3871871506271,否
IN0211,B6T0000000615,E3,1,1,14,59,浅位,114300.0,115295.26479239397,115329.62738609711,1029.6273860971123,否
IN0211,B6T0000000615,E3,1,1,14,59,深位,114300.0,115353.56071943045,115387.9233131336,1087.9233131335932,否
IN0211,B6T0000000615,E3,1,2,14,59,浅位,114300.0,115411.85664646693,115446.21924017007,1146.219240170074,否
IN0211,B6T0000000615,E3,1,2,14,59,深位,114300.0,115470.15257350341,115504.51516720655,1204.515167206555,否
IN0211,B6T0000000615,E3,1,1,13,63,浅位,114300.0,115528.44850053989,115562.81709124453,1262.8170912445348,否
IN0211,B6T0000000615,E3,1,1,13,63,深位,114300.0,115586.73899581593,115621.10758652058,1321.1075865205785,否
IN0279,B6T0000000836,E3,1,1,9,4,浅位,124860.0,124860.0,124878.48528137423,18.485281374232727,否
IN0279,B6T0000000836,E3,1,1,9,4,深位,124860.0,124888.9911933685,124907.47647474274,47.47647474273981,否
IN0279,B6T0000000836,E3,1,2,9,4,浅位,124860.0,124917.98238673701,124936.46766811125,76.4676681112469,否
IN0279,B6T0000000836,E3,1,2,9,4,深位,124860.0,124946.97358010552,124965.45886147975,105.45886147975398,否
IN0279,B6T0000000836,E3,1,2,13,63,浅位,124860.0,124975.96477347403,125010.33336417867,150.33336417867395,否
IN0279,B6T0000000836,E3,1,2,13,63,深位,124860.0,125034.25526875007,125068.62385945472,208.6238594547176,否
IN0279,B6T0000000836,E3,1,2,27,13,深位,124860.0,125092.54576402612,125127.07410795636,267.0741079563595,否
IN0279,B6T0000000836,E3,1,1,12,68,浅位,124860.0,125150.523914155,125185.05445226163,325.05445226162556,否
IN0279,B6T0000000836,E3,1,1,12,68,深位,124860.0,125209.06539083828,125243.59592894491,383.59592894490925,否
IN0279,B6T0000000836,E3,1,2,12,68,浅位,124860.0,125267.60686752156,125302.1374056282,442.13740562819294,否
IN0279,B6T0000000836,E3,1,2,12,68,深位,124860.0,125326.14834420485,125360.67888231148,500.6788823114766,否
IN0279,B6T0000000836,E3,1,1,14,60,浅位,124860.0,125384.68982088813,125419.22632763477,559.2263276347658,否
IN0279,B6T0000000836,E3,1,1,14,60,深位,124860.0,125443.29299430143,125477.82950104807,617.8295010480651,否
IN0279,B6T0000000836,E3,1,2,14,60,浅位,124860.0,125501.89616771473,125536.43267446136,676.4326744613645,否
IN0279,B6T0000000836,E3,1,2,14,60,深位,124860.0,125560.49934112803,125595.03584787466,735.0358478746639,否
IN0279,B6T0000000836,E3,1,1,13,64,浅位,124860.0,125619.10251454133,125653.64501828946,793.6450182894623,否
IN0279,B6T0000000836,E3,1,1,13,64,深位,124860.0,125677.70025619418,125712.24275994231,852.2427599423099,否
IN0279,B6T0000000836,E3,1,2,13,64,浅位,124860.0,125736.29799784702,125770.84050159516,910.8405015951575,否
IN0096,B6T0000000268,E4,1,1,45,11,浅位,133980.0,133980.0,134026.79531854624,46.79531854623929,否
IN0096,B6T0000000268,E4,1,1,45,11,深位,133980.0,134059.66161066922,134106.45692921546,126.45692921546288,否
IN0096,B6T0000000268,E4,1,2,45,11,浅位,133980.0,134139.32322133845,134186.1185398847,206.11853988468647,否
IN0084,B6T0000000228,E4,1,2,45,11,深位,137160.0,137160.0,137206.79531854624,46.79531854623929,否
IN0084,B6T0000000228,E4,1,1,43,34,浅位,137160.0,137239.66161066922,137289.76258518198,129.76258518197574,否
IN0084,B6T0000000228,E4,1,1,43,34,深位,137160.0,137325.7933090303,137375.89428354305,215.89428354304982,否
IN0084,B6T0000000228,E4,1,1,47,19,浅位,137160.0,137411.92500739137,137462.52901217501,302.52901217501494,否
IN0084,B6T0000000228,E4,1,1,47,19,深位,137160.0,137498.5931143175,137549.19711910115,389.1971191011544,否
IN0084,B6T0000000228,E4,1,2,47,19,浅位,137160.0,137585.26122124365,137635.8652260273,475.86522602729383,否
IN0084,B6T0000000228,E4,1,1,50,10,深位,137160.0,137671.9293281698,137722.72629728322,562.726297283225,否
IN0084,B6T0000000228,E4,1,1,45,30,浅位,137160.0,137758.6498181994,137809.766338315,649.7663383150066,否
IN0084,B6T0000000228,E4,1,1,45,30,深位,137160.0,137846.49763061947,137897.61415073508,737.614150735084,否
IN0084,B6T0000000228,E4,1,1,49,16,深位,137160.0,137934.34544303955,137985.95578786713,825.955787867133,否
IN0084,B6T0000000228,E4,1,1,44,42,浅位,137160.0,138022.71120539514,138075.06555322124,915.0655532212404,否
IN0084,B6T0000000228,E4,1,1,44,42,深位,137160.0,138112.92532128486,138165.27966911095,1005.2796691109543,否
IN0084,B6T0000000228,E4,1,1,47,28,深位,137160.0,138203.13943717457,138255.60864931537,1095.6086493153707,否
IN0084,B6T0000000228,E4,1,1,45,39,浅位,137160.0,138293.341043635,138346.03572129618,1186.0357212961826,否
IN0084,B6T0000000228,E4,1,1,45,39,深位,137160.0,138384.14044666453,138436.8351243257,1276.8351243257057,是
IN0445,B6T0000001349,E1,1,1,1,23,浅位,140580.0,140580.0,140597.59166304662,17.59166304662358,否
IN0445,B6T0000001349,E1,1,1,1,28,浅位,140580.0,140607.8037004443,140626.38670568855,46.38670568855014,否
IN0649,B6T0000001960,E1,1,1,4,3,浅位,141480.0,141480.0,141494.75560423726,14.755604237259831,是
IN0649,B6T0000001960,E1,1,1,4,3,深位,141480.0,141563.52719019118,141578.28279442844,98.28279442843632,是
IN0649,B6T0000001960,E1,1,2,4,3,浅位,141480.0,141647.05438038235,141661.8099846196,181.8099846196128,否
IN0660,B6T0000001984,E1,1,2,4,3,深位,143160.0,143160.0,143174.75560423726,14.755604237259831,否
IN0660,B6T0000001984,E1,1,1,1,18,浅位,143160.0,143182.17448471318,143198.65976608742,38.65976608742494,否
IN0012,B6T0000000030,E4,1,1,43,1,浅位,145380.0,145380.0,145420.43793103448,40.43793103448115,否
IN0012,B6T0000000030,E4,1,1,43,1,深位,145380.0,145447.8267854165,145488.26471645097,108.26471645096899,否
IN0012,B6T0000000030,E4,1,2,43,1,浅位,145380.0,145515.65357083298,145556.09150186746,176.09150186745683,否
IN0012,B6T0000000030,E4,1,2,43,1,深位,145380.0,145583.48035624946,145623.91828728394,243.91828728394466,否
IN0012,B6T0000000030,E4,1,1,43,45,浅位,145380.0,145651.30714166595,145703.32115965695,323.3211596569454,否
IN0531,B6T0000001578,E1,1,1,1,18,深位,145800.0,145800.0,145816.48528137425,16.48528137424728,否
IN0531,B6T0000001578,E1,1,2,1,18,浅位,145800.0,145825.7077409205,145842.19302229476,42.19302229475579,否
IN0531,B6T0000001578,E1,1,2,1,18,深位,145800.0,145851.41548184102,145867.90076321526,67.9007632152643,否
IN0531,B6T0000001578,E1,1,1,1,28,深位,145800.0,145877.12322276153,145895.7062280058,95.70622800578712,否
IN0531,B6T0000001578,E1,1,2,1,28,浅位,145800.0,145906.8049488206,145925.38795406485,125.3879540648486,否
IN0249,B6T0000000732,E3,1,2,13,8,浅位,146520.0,146520.0,146543.318923215,23.31892321500345,否
IN0249,B6T0000000732,E3,1,2,13,8,深位,146520.0,146557.90047204267,146581.21939525768,61.219395257678116,否
IN0249,B6T0000000732,E3,1,1,18,5,浅位,146520.0,146595.80094408535,146621.38342486793,101.38342486793408,否
IN0249,B6T0000000732,E3,1,1,18,5,深位,146520.0,146637.58342486795,146663.16590565053,143.16590565053048,否
IN0249,B6T0000000732,E3,1,2,18,5,浅位,146520.0,146679.36590565054,146704.94838643313,184.94838643312687,否
IN0152,B6T0000000447,E3,1,2,18,5,深位,168840.0,168840.0,168865.58248078258,25.582480782584753,否
IN0152,B6T0000000447,E3,1,2,13,20,浅位,168840.0,168881.7824807826,168908.38882165813,68.38882165812538,否
IN0152,B6T0000000447,E3,1,2,13,20,深位,168840.0,168925.91072622951,168952.51706710504,112.51706710504368,否
IN0152,B6T0000000447,E3,1,2,25,3,浅位,168840.0,168970.03897167643,168999.44100432604,159.44100432604318,否
IN0152,B6T0000000447,E3,1,2,25,3,深位,168840.0,169018.47272433634,169047.87475698596,207.87475698595517,否
IN0152,B6T0000000447,E3,1,1,26,2,浅位,168840.0,169066.90647699626,169096.3624903279,256.3624903279124,否
IN0152,B6T0000000447,E3,1,1,26,2,深位,168840.0,169115.3589791227,169144.81499245437,304.8149924543686,否
IN0152,B6T0000000447,E3,1,2,26,2,浅位,168840.0,169163.81148124917,169193.26749458082,353.26749458082486,否
IN0297,B6T0000000890,E3,1,2,26,2,深位,169500.0,169500.0,169529.45601333166,29.456013331655413,否
IN0297,B6T0000000890,E3,1,2,18,28,浅位,169500.0,169548.45250212646,169580.1458521983,80.14585219830042,否
IN0297,B6T0000000890,E3,1,2,18,28,深位,169500.0,169601.81157985126,169633.5049299231,133.5049299231032,否
IN0297,B6T0000000890,E3,1,1,17,32,浅位,169500.0,169655.17065757606,169686.90505573023,186.90505573022529,否
IN0297,B6T0000000890,E3,1,2,13,64,深位,169500.0,169708.69101090942,169743.23351465754,243.23351465753512,否
IN0297,B6T0000000890,E3,1,1,15,57,浅位,169500.0,169767.28875256228,169801.9931753509,301.9931753508863,否
IN0297,B6T0000000890,E3,1,1,15,57,深位,169500.0,169826.1931753509,169860.8975981395,360.89759813950513,否
IN0454,B6T0000001370,E1,1,2,1,28,深位,170160.0,170160.0,170178.58300524426,18.583005244261585,否
IN0454,B6T0000001370,E1,1,1,2,25,浅位,170160.0,170189.68172605906,170209.1458276742,49.145827674190514,否
IN0454,B6T0000001370,E1,1,1,2,25,深位,170160.0,170220.91852670893,170240.38262832406,80.38262832406326,否
IN0454,B6T0000001370,E1,1,2,2,25,浅位,170160.0,170252.1553273588,170271.61942897394,111.61942897393601,否
IN0454,B6T0000001370,E1,1,2,2,25,深位,170160.0,170283.39212800868,170302.8562296238,142.85622962380876,否
IN0454,B6T0000001370,E1,1,1,7,17,浅位,170160.0,170314.62892865855,170336.0862424607,176.08624246070394,否
IN0454,B6T0000001370,E1,1,2,1,46,深位,170160.0,170349.3497186041,170371.0997186041,211.09971860409132,否
IN0454,B6T0000001370,E1,1,1,6,21,深位,170160.0,170384.86604509928,170406.6644460699,246.66444606988807,否
IN0454,B6T0000001370,E1,1,2,4,28,浅位,170160.0,170420.27803228574,170442.15254015214,282.15254015213577,否
IN0454,B6T0000001370,E1,1,2,4,28,深位,170160.0,170455.93876160402,170477.8132694704,317.8132694704109,否
IN0454,B6T0000001370,E1,1,2,7,20,深位,170160.0,170491.5994909223,170513.75486538323,353.7548653832346,否
IN0454,B6T0000001370,E1,1,2,6,23,深位,170160.0,170527.64270596078,170549.86761858812,389.8676185881195,否
IN0454,B6T0000001370,E1,1,1,1,49,深位,170160.0,170563.862688427,170586.13442755744,426.13442755743745,否
IN0454,B6T0000001370,E1,1,2,5,27,深位,170160.0,170600.30075405262,170622.69305889803,462.6930588980322,否
IN0454,B6T0000001370,E1,1,1,4,31,深位,170160.0,170636.88719841448,170659.31422976227,499.31422976226895,否
IN0454,B6T0000001370,E1,1,1,5,28,深位,170160.0,170673.5946432396,170696.17764848386,536.1776484838629,否
IN0454,B6T0000001370,E1,1,2,5,28,浅位,170160.0,170710.5423556224,170733.12536086666,573.1253608666593,否
IN0454,B6T0000001370,E1,1,2,5,28,深位,170160.0,170747.4900680052,170770.07307324946,610.0730732494558,否
IN0454,B6T0000001370,E1,1,1,6,25,浅位,170160.0,170784.437780388,170807.0710299687,647.0710299687053,否
IN0454,B6T0000001370,E1,1,1,6,25,深位,170160.0,170821.43132748178,170844.0645770625,684.0645770624978,否
IN0454,B6T0000001370,E1,1,2,6,25,浅位,170160.0,170858.42487457558,170881.0581241563,721.0581241562904,否
IN0454,B6T0000001370,E1,1,2,6,25,深位,170160.0,170895.41842166937,170918.05167125008,758.051671250083,否
IN0616,B6T0000001825,E1,1,2,5,29,深位,170160.0,170932.41196876316,170955.18229837742,795.1822983774182,否
IN0616,B6T0000001825,E1,1,1,1,52,浅位,170160.0,170969.71455352602,170992.50803178689,832.5080317868851,否
IN0616,B6T0000001825,E1,1,1,1,52,深位,170160.0,171007.0743582821,171029.86783654295,869.8678365429514,否
IN0616,B6T0000001825,E1,1,1,3,39,深位,170160.0,171044.43416303815,171067.4389076888,907.4389076888037,否
IN0276,B6T0000000831,E3,1,1,15,1,浅位,172860.0,172866.8604673847,172887.90184669502,27.90184669502196,是
IN0276,B6T0000000831,E3,1,1,15,1,深位,172860.0,172908.9432260054,172929.98460531572,69.98460531572346,是
IN0276,B6T0000000831,E3,1,2,15,1,浅位,172860.0,172984.4796784843,173005.52105779463,145.52105779462727,否
IN0276,B6T0000000831,E3,1,2,15,57,浅位,172860.0,173017.90991217663,173052.61433496524,192.61433496524114,否
IN0354,B6T0000001098,E3,1,1,9,35,浅位,173220.0,173220.0,173246.32223789598,26.322237895976286,否
IN0354,B6T0000001098,E3,1,1,9,35,深位,173220.0,173263.83344637053,173290.1556842665,70.15568426650134,否
IN0354,B6T0000001098,E3,1,2,15,57,深位,173220.0,173307.66689274105,173342.37131552966,122.3713155296573,否
IN0354,B6T0000001098,E3,1,1,14,61,浅位,173220.0,173366.57131552967,173401.28173531976,181.28173531976063,是
IN0354,B6T0000001098,E3,1,1,14,61,深位,173220.0,173438.7707664167,173473.4811862068,253.4811862068018,是
IN0354,B6T0000001098,E3,1,2,14,61,浅位,173220.0,173510.97021730375,173545.68063709384,325.68063709384296,是
IN0354,B6T0000001098,E3,1,2,14,61,深位,173220.0,173583.1696681908,173617.88008798088,397.8800879808841,是
IN0354,B6T0000001098,E3,1,1,13,65,浅位,173220.0,173655.36911907783,173690.08553586944,470.0855358694389,是
IN0261,B6T0000000775,E3,1,1,9,17,浅位,175200.0,175237.97788046522,175260.70937309068,60.70937309067813,是
IN0261,B6T0000000775,E3,1,1,9,17,深位,175200.0,175306.890077975,175329.62157060046,129.62157060045865,是
IN0659,B6T0000001982,E1,1,1,2,4,深位,175920.0,175994.41243050806,176007.8765321232,87.87653212319128,是
IN0659,B6T0000001982,E1,1,2,2,4,浅位,175920.0,176091.1127213778,176104.57682299294,184.5768229929381,是
IN0659,B6T0000001982,E1,1,2,2,4,深位,175920.0,176190.24357437302,176203.70767598815,283.70767598814564,否
IN0145,B6T0000000433,E3,1,2,9,17,浅位,178560.0,178560.0,178582.73149262546,22.731492625462124,否
IN0145,B6T0000000433,E3,1,2,9,17,深位,178560.0,178597.0353314216,178619.76682404705,59.76682404705207,否
IN0282,B6T0000000844,E3,1,1,17,2,浅位,187200.0,187200.0,187223.24911677992,23.24911677991622,否
IN0282,B6T0000000844,E3,1,1,13,8,浅位,187200.0,187237.44560557473,187260.76452878973,60.76452878973214,否
IN0455,B6T0000001371,E1,1,1,1,10,浅位,190080.0,190080.0,190094.32455532035,14.324555320345098,否
IN0455,B6T0000001371,E1,1,1,1,10,深位,190080.0,190101.61440273168,190115.93895805202,35.93895805202192,否
IN0549,B6T0000001643,E1,1,2,1,10,浅位,191700.0,191700.0,191714.32455532035,14.324555320345098,否
IN0549,B6T0000001643,E1,1,2,1,10,深位,191700.0,191721.61440273168,191735.93895805202,35.93895805202192,否
IN0549,B6T0000001643,E1,1,1,5,2,浅位,191700.0,191743.22880546335,191758.0572325881,58.05723258809303,否
IN0549,B6T0000001643,E1,1,1,5,2,深位,191700.0,191765.4860342018,191780.31446132655,80.31446132654673,否
IN0549,B6T0000001643,E1,1,2,5,2,浅位,191700.0,191787.74326294026,191802.571690065,102.57169006500044,否
IN0500,B6T0000001500,E1,1,2,5,2,深位,197400.0,197400.0,197414.82842712474,14.828427124739392,否
IN0500,B6T0000001500,E1,1,1,1,20,浅位,197400.0,197422.25722873845,197439.20150064846,39.20150064845802,否
IN0500,B6T0000001500,E1,1,1,1,20,深位,197400.0,197448.8344938103,197465.77876572032,65.77876572031528,否
IN0189,B6T0000000546,E3,1,2,9,11,浅位,201120.0,201120.0,201141.11853095496,21.118530954961898,否
IN0189,B6T0000000546,E3,1,2,9,11,深位,201120.0,201153.9796929749,201175.09822392988,55.09822392987553,否
IN0203,B6T0000000592,E3,1,1,9,9,浅位,204540.0,204540.0,204560.48528137425,20.48528137424728,否
IN0203,B6T0000000592,E3,1,1,9,9,深位,204540.0,204572.7800477505,204593.26532912476,53.265329124755226,否
IN0180,B6T0000000521,E3,1,2,9,9,浅位,204780.0,204780.0,204800.48528137425,20.48528137424728,否
IN0180,B6T0000000521,E3,1,2,9,9,深位,204780.0,204812.7800477505,204833.26532912476,53.265329124755226,否
IN0180,B6T0000000521,E3,1,1,16,4,浅位,204780.0,204845.56009550102,204869.2911299838,89.29112998378696,否
IN0113,B6T0000000326,E3,1,1,15,6,浅位,213540.0,213540.0,213563.94035879592,23.940358795924112,否
IN0113,B6T0000000326,E3,1,1,15,6,深位,213540.0,213578.92213925594,213602.86249805187,62.86249805186526,否
IN0113,B6T0000000326,E3,1,2,15,6,浅位,213540.0,213617.84427851188,213641.7846373078,101.7846373078064,否
IN0113,B6T0000000326,E3,1,2,15,6,深位,213540.0,213656.76641776782,213680.70677656375,140.70677656374755,否
IN0303,B6T0000000918,E3,1,1,13,5,浅位,218640.0,218640.0,218662.13420492053,22.134204920526827,否
IN0303,B6T0000000918,E3,1,1,13,5,深位,218640.0,218675.65610949192,218697.79031441244,57.79031441244297,否
IN0303,B6T0000000918,E3,1,2,13,5,浅位,218640.0,218711.31221898383,218733.44642390436,93.44642390435911,否
IN0303,B6T0000000918,E3,1,2,13,5,深位,218640.0,218746.96832847575,218769.10253339628,129.10253339627525,否
IN0303,B6T0000000918,E3,1,1,13,14,浅位,218640.0,218782.62443796766,218807.76982170672,167.76982170672272,否
IN0303,B6T0000000918,E3,1,1,13,14,深位,218640.0,218823.9850064904,218849.13039022946,209.13039022946032,否
IN0303,B6T0000000918,E3,1,2,13,14,浅位,218640.0,218865.34557501314,218890.4909587522,250.4909587521979,否
IN0303,B6T0000000918,E3,1,2,13,14,深位,218640.0,218906.70614353588,218931.85152727494,291.8515272749355,否
IN0303,B6T0000000918,E3,1,1,17,7,浅位,218640.0,218948.06671205861,218973.77890433592,333.77890433592256,否
IN0626,B6T0000001859,E1,1,1,2,4,浅位,219000.0,219000.0,219013.46410161513,13.464101615129039,否
IN0626,B6T0000001859,E1,1,1,2,9,浅位,219000.0,219019.87023750387,219035.334339119,35.334339118999196,否
IN0626,B6T0000001859,E1,1,1,2,9,深位,219000.0,219043.52932938974,219058.99343100487,58.99343100487022,否
IN0626,B6T0000001859,E1,1,1,6,3,浅位,219000.0,219067.1884212756,219083.28577247146,83.28577247145586,否
IN0626,B6T0000001859,E1,1,1,4,6,浅位,219000.0,219091.8001847515,219107.9906668592,107.99066685920116,否
IN0626,B6T0000001859,E1,1,1,4,6,深位,219000.0,219116.69294111818,219132.88342322587,132.88342322586686,否
IN0626,B6T0000001859,E1,1,2,4,6,浅位,219000.0,219141.58569748484,219157.77617959253,157.77617959253257,否
IN0626,B6T0000001859,E1,1,2,4,6,深位,219000.0,219166.4784538515,219182.6689359592,182.66893595919828,否
IN0021,B6T0000000064,E4,1,1,45,21,浅位,219240.0,219240.0,219289.32722035542,49.32722035542247,否
IN0021,B6T0000000064,E4,1,1,45,21,深位,219240.0,219324.45811430152,219373.78533465695,133.78533465694636,否
IN0021,B6T0000000064,E4,1,2,45,21,浅位,219240.0,219408.91622860305,219458.24344895847,218.24344895847025,否
IN0044,B6T0000000130,E4,1,1,45,27,浅位,221460.0,221460.0,221510.55437381094,50.55437381094089,否
IN0044,B6T0000000130,E4,1,1,45,27,深位,221460.0,221546.78286717515,221597.3372409861,137.33724098608945,否
IN0044,B6T0000000130,E4,1,2,45,27,浅位,221460.0,221633.5657343503,221684.12010816124,224.12010816123802,否
IN0044,B6T0000000130,E4,1,1,49,15,浅位,221460.0,221720.34860152545,221771.70491304545,311.7049130454543,否
IN0385,B6T0000001178,E3,1,1,17,7,深位,231840.0,231840.0,231865.7121922773,25.712192277307622,否
IN0385,B6T0000001178,E3,1,1,15,13,浅位,231840.0,231882.11172277044,231908.3642046317,68.36420463171089,否
IN0385,B6T0000001178,E3,1,1,15,13,深位,231840.0,231925.41401083034,231951.6664926916,111.6664926916128,否
IN0385,B6T0000001178,E3,1,2,15,13,浅位,231840.0,231968.71629889024,231994.96878075151,154.96878075151471,否
IN0385,B6T0000001178,E3,1,2,15,13,深位,231840.0,232012.01858695014,232038.27106881142,198.27106881141663,否
IN0385,B6T0000001178,E3,1,1,23,1,浅位,231840.0,232055.32087501005,232081.87949569972,241.87949569971533,否
IN0385,B6T0000001178,E3,1,1,23,1,深位,231840.0,232098.53501674836,232125.09363743803,285.0936374380253,否
IN0385,B6T0000001178,E3,1,2,23,1,浅位,231840.0,232141.74915848667,232168.30777917634,328.3077791763353,否
IN0172,B6T0000000501,E3,1,2,23,1,深位,232080.0,232184.96330022498,232211.52192091465,131.5219209146453,否
IN0172,B6T0000000501,E3,1,1,22,2,浅位,232080.0,232228.1774419633,232254.87483460526,174.87483460525982,否
IN0172,B6T0000000501,E3,1,1,22,2,深位,232080.0,232271.73799006673,232298.4353827087,218.4353827087034,否
IN0172,B6T0000000501,E3,1,2,22,2,浅位,232080.0,232315.29853817017,232341.99593081215,261.995930812147,否
IN0074,B6T0000000206,E4,1,1,45,11,浅位,232020.0,232358.85908627362,232405.65440481986,385.6544048198557,否
IN0074,B6T0000000206,E4,1,1,45,11,深位,232020.0,232438.52069694284,232485.31601548908,465.3160154890793,否
IN0135,B6T0000000403,E3,1,2,22,2,深位,232440.0,232518.18230761206,232544.87970025404,104.87970025403774,否
IN0135,B6T0000000403,E3,1,1,28,1,浅位,232440.0,232561.7428557155,232591.74975226723,151.74975226723473,否
IN0135,B6T0000000403,E3,1,1,28,1,深位,232440.0,232611.07193998256,232641.0788365343,201.0788365342887,否
IN0135,B6T0000000403,E3,1,2,28,1,浅位,232440.0,232660.40102424962,232690.40792080134,250.4079208013427,否
IN0135,B6T0000000403,E3,1,2,28,1,深位,232440.0,232709.73010851667,232739.7370050684,299.7370050683967,否
IN0135,B6T0000000403,E3,1,1,24,6,浅位,232440.0,232759.05919278372,232789.20644813136,349.2064481313573,否
IN0135,B6T0000000403,E3,1,1,24,6,深位,232440.0,232808.9882285914,232839.13548393903,399.135483939026,否
IN0135,B6T0000000403,E3,1,2,24,6,浅位,232440.0,232858.91726439906,232889.0645197467,449.0645197466947,否
IN0135,B6T0000000403,E3,1,2,24,6,深位,232440.0,232908.84630020673,232938.99355555436,498.9935555543634,否
IN0135,B6T0000000403,E3,1,1,9,63,浅位,232440.0,232958.7753360144,232989.96713912778,549.9671391277807,否
IN0135,B6T0000000403,E3,1,1,9,63,深位,232440.0,233011.29534235803,233042.48714547142,602.4871454714157,否
IN0135,B6T0000000403,E3,1,1,31,1,浅位,232440.0,233063.81534870167,233095.89121077064,655.8912107706419,否
IN0554,B6T0000001652,E1,1,2,1,20,浅位,255420.0,255420.0,255436.94427191,16.944271910004318,否
IN0554,B6T0000001652,E1,1,2,1,20,深位,255420.0,255446.57726507186,255463.52153698186,43.52153698186157,否
IN0520,B6T0000001554,E1,1,1,6,7,浅位,255600.0,255600.0,255617.92475220285,17.92475220284541,否
IN0520,B6T0000001554,E1,1,1,6,7,深位,255600.0,255628.07364163242,255645.99839383527,45.99839383526705,否
IN0456,B6T0000001372,E1,1,2,6,7,浅位,255720.0,255720.0,255737.92475220285,17.92475220284541,否
IN0456,B6T0000001372,E1,1,2,6,7,深位,255720.0,255748.07364163242,255765.99839383527,45.99839383526705,否
IN0456,B6T0000001372,E1,1,1,1,36,浅位,255720.0,255776.14728326484,255796.15815283006,76.15815283005941,否
IN0456,B6T0000001372,E1,1,1,1,36,深位,255720.0,255808.52427228392,255828.53514184913,108.53514184913365,否
IN0456,B6T0000001372,E1,1,2,1,36,浅位,255720.0,255840.901261303,255860.9121308682,140.9121308682079,否
IN0456,B6T0000001372,E1,1,2,2,47,深位,255720.0,255873.27825032207,255896.66626498068,176.66626498068217,否
IN0456,B6T0000001372,E1,1,2,8,24,深位,255720.0,255911.76135877208,255935.30528443563,215.30528443562798,否
IN0456,B6T0000001372,E1,1,2,6,31,深位,255720.0,255950.39340067605,255974.16217898243,254.16217898242758,否
IN0456,B6T0000001372,E1,1,2,3,44,深位,255720.0,255989.5381242639,256013.41243413195,293.4124341319548,否
IN0456,B6T0000001372,E1,1,1,1,59,浅位,255720.0,256028.929835428,256052.9407049932,332.94070499320515,否
IN0456,B6T0000001372,E1,1,1,1,59,深位,255720.0,256068.44036482173,256092.45123438694,372.4512343869428,否
IN0456,B6T0000001372,E1,1,2,1,59,浅位,255720.0,256107.95089421546,256131.96176378068,411.9617637806805,否
IN0298,B6T0000000893,E3,1,1,31,1,深位,257700.0,257700.0,257732.07586206897,32.07586206897395,否
IN0298,B6T0000000893,E3,1,1,30,2,浅位,257700.0,257752.9980497843,257785.2126838056,85.21268380561378,否
IN0298,B6T0000000893,E3,1,1,30,2,深位,257700.0,257806.34250593375,257838.55713995505,138.55713995505357,否
IN0283,B6T0000000848,E3,1,2,30,2,浅位,258300.0,258300.0,258332.2146340213,32.214634021307575,否
IN0283,B6T0000000848,E3,1,2,30,2,深位,258300.0,258353.34445614944,258385.55909017075,85.55909017074737,否
IN0283,B6T0000000848,E3,1,1,13,65,深位,258300.0,258406.68891229888,258441.40532909048,141.40532909048488,否
IN0565,B6T0000001673,E1,1,2,1,59,深位,258420.0,258465.59390032853,258489.60476989375,69.60476989374729,否
IN0565,B6T0000001673,E1,1,2,5,36,深位,258420.0,258505.10442972227,258529.11529928748,109.11529928748496,否
IN0565,B6T0000001673,E1,1,2,2,51,深位,258420.0,258544.74740506505,258568.83107189758,148.83107189758448,否
IN0565,B6T0000001673,E1,1,1,1,60,浅位,258420.0,258584.4594990223,258608.64428163102,188.64428163101547,否
IN0565,B6T0000001673,E1,1,1,1,60,深位,258420.0,258624.27727479287,258648.46205740157,228.46205740157166,否
IN0565,B6T0000001673,E1,1,2,1,60,浅位,258420.0,258664.09505056342,258688.27983317213,268.27983317212784,否
IN0565,B6T0000001673,E1,1,2,1,60,深位,258420.0,258703.91282633398,258728.09760894268,308.097608942684,否
IN0565,B6T0000001673,E1,1,1,1,61,浅位,258420.0,258743.73060210454,258768.0892977567,348.0892977566982,否
IN0565,B6T0000001673,E1,1,1,1,61,深位,258420.0,258783.8556242519,258808.21431990407,388.2143199040729,否
IN0585,B6T0000001740,E1,1,2,1,61,浅位,258420.0,258823.9806463993,258848.33934205145,428.3393420514476,否
IN0585,B6T0000001740,E1,1,2,1,61,深位,258420.0,258864.10566854666,258888.46436419882,468.4643641988223,否
IN0585,B6T0000001740,E1,1,1,1,62,浅位,258420.0,258904.23069069404,258928.76329938968,508.7632993896841,否
IN0585,B6T0000001740,E1,1,1,1,62,深位,258420.0,258944.6629592182,258969.19556791385,549.1955679138482,否
IN0585,B6T0000001740,E1,1,2,1,62,浅位,258420.0,258985.09522774236,259009.627836438,589.6278364380123,是
IN0585,B6T0000001740,E1,1,2,1,62,深位,258420.0,259094.61042953454,259119.1430382302,699.1430382301915,是
IN0585,B6T0000001740,E1,1,1,1,63,浅位,258420.0,259204.12563132672,259228.83215306586,808.8321530658577,是
IN0585,B6T0000001740,E1,1,2,4,31,浅位,258420.0,259265.37847292618,259287.80550427397,867.8055042739725,是
IN0585,B6T0000001740,E1,1,2,4,31,深位,258420.0,259310.23253562176,259332.65956696955,912.6595669695525,否
IN0585,B6T0000001740,E1,1,1,1,63,深位,258420.0,259346.93998044688,259371.64650218602,951.6465021860204,否
IN0443,B6T0000001342,E1,1,2,1,63,浅位,258660.0,259387.67949534787,259412.386017087,752.386017087003,是
IN0443,B6T0000001342,E1,1,1,2,24,浅位,258660.0,259445.12887078503,259464.3909313713,804.3909313713084,是
IN0443,B6T0000001342,E1,1,1,2,24,深位,258660.0,259483.65299195758,259502.91505254386,842.9150525438599,是
IN0443,B6T0000001342,E1,1,2,2,24,浅位,258660.0,259522.17711313014,259541.4391737164,881.4391737164115,是
IN0443,B6T0000001342,E1,1,2,2,24,深位,258660.0,259560.7012343027,259579.96329488896,919.963294888963,是
IN0443,B6T0000001342,E1,1,2,15,1,深位,258660.0,259619.78371843512,259640.82509774546,980.8250977454591,否
IN0443,B6T0000001342,E1,1,2,1,63,深位,258660.0,259653.21395212747,259677.9204738666,1017.9204738666012,否
IN0443,B6T0000001342,E1,1,1,1,64,浅位,258660.0,259693.95346702845,259718.83390181107,1058.833901811071,否
IN0443,B6T0000001342,E1,1,1,1,64,深位,258660.0,259735.00022830625,259759.88066308887,1099.880663088872,否
IN0443,B6T0000001342,E1,1,2,1,64,浅位,258660.0,259776.04698958405,259800.92742436667,1140.9274243666732,否
IN0443,B6T0000001342,E1,1,2,1,64,深位,258660.0,259817.09375086185,259841.97418564447,1181.9741856444743,否
IN0443,B6T0000001342,E1,1,2,7,35,深位,258660.0,259858.14051213965,259883.18857121232,1223.1885712123185,否
IN0443,B6T0000001342,E1,1,1,1,65,浅位,258660.0,259899.65941703413,259924.7137648602,1264.7137648602074,否
IN0443,B6T0000001342,E1,1,1,1,65,深位,258660.0,259941.01342468875,259966.06777251483,1306.067772514827,否
IN0443,B6T0000001342,E1,1,2,1,65,浅位,258660.0,259982.36743234337,260007.42178016945,1347.4217801694467,是
IN0219,B6T0000000635,E3,1,1,9,9,浅位,265200.0,265200.0,265220.48528137425,20.48528137424728,否
IN0219,B6T0000000635,E3,1,1,9,9,深位,265200.0,265232.7800477505,265253.26532912476,53.265329124755226,否
IN0219,B6T0000000635,E3,1,1,11,9,浅位,265200.0,265265.560095501,265287.7581345282,87.75813452817965,否
IN0219,B6T0000000635,E3,1,1,11,9,深位,265200.0,265301.4513616721,265323.64940069924,123.64940069924342,否
IN0217,B6T0000000631,E3,1,1,15,1,浅位,269100.0,269100.0,269121.04137931037,21.0413793103653,否
IN0217,B6T0000000631,E3,1,1,15,1,深位,269100.0,269133.43023369234,269154.4716130027,54.47161300270818,否
IN0217,B6T0000000631,E3,1,2,15,1,浅位,269100.0,269166.8604673847,269187.90184669505,87.90184669505106,否
IN0217,B6T0000000631,E3,1,2,11,9,浅位,269100.0,269200.290701077,269222.4887401042,122.4887401041924,否
IN0217,B6T0000000631,E3,1,2,11,9,深位,269100.0,269236.1819672481,269258.38000627526,158.38000627525616,否
IN0217,B6T0000000631,E3,1,2,18,5,深位,269100.0,269272.07323341916,269297.65571420174,197.65571420174092,否
IN0217,B6T0000000631,E3,1,2,13,20,浅位,269100.0,269313.85571420175,269340.46205507725,240.46205507725244,否
IN0217,B6T0000000631,E3,1,2,13,20,深位,269100.0,269357.98395964864,269384.59030052414,284.59030052414164,否
IN0217,B6T0000000631,E3,1,1,26,2,浅位,269100.0,269402.11220509553,269431.5682184272,331.56821842718637,否
IN0217,B6T0000000631,E3,1,1,26,2,深位,269100.0,269450.564707222,269480.02072055364,380.0207205536426,否
IN0217,B6T0000000631,E3,1,2,26,2,浅位,269100.0,269499.01720934844,269528.4732226801,428.47322268009884,否
IN0217,B6T0000000631,E3,1,1,9,57,浅位,269100.0,269547.4697114749,269577.6180363274,477.61803632741794,否
IN0217,B6T0000000631,E3,1,1,9,57,深位,269100.0,269598.14623955765,269628.2945644102,528.294564410171,否
IN0217,B6T0000000631,E3,1,2,13,65,浅位,269100.0,269648.8227676404,269683.539184432,583.5391844320111,否
IN0217,B6T0000000631,E3,1,2,13,65,深位,269100.0,269707.7277556701,269742.4441724617,642.4441724616918,否
IN0217,B6T0000000631,E3,1,1,15,58,浅位,269100.0,269766.63274369977,269801.51107953186,701.5110795318615,否
IN0217,B6T0000000631,E3,1,1,15,58,深位,269100.0,269825.8444128652,269860.72274869727,760.7227486972697,否
IN0217,B6T0000000631,E3,1,2,15,58,浅位,269100.0,269885.0560820306,269919.9344178627,819.934417862678,否
IN0217,B6T0000000631,E3,1,2,15,58,深位,269100.0,269944.267751196,269979.1460870281,879.1460870280862,否
IN0217,B6T0000000631,E3,1,1,14,62,浅位,269100.0,270003.4794203614,270038.363753195,938.3637531949789,否
IN0217,B6T0000000631,E3,1,1,14,62,深位,269100.0,270062.6970865283,270097.5814193619,997.5814193618717,否
IN0339,B6T0000001040,E3,1,1,12,11,浅位,277740.0,277740.0,277763.58770073083,23.587700730829965,否
IN0339,B6T0000001040,E3,1,1,12,11,深位,277740.0,277778.46493143047,277802.0526321613,62.0526321612997,否
IN0339,B6T0000001040,E3,1,2,12,11,浅位,277740.0,277816.92986286094,277840.51756359177,100.51756359176943,否
IN0339,B6T0000001040,E3,1,2,12,11,深位,277740.0,277855.3947942914,277878.98249502224,138.98249502223916,否
IN0080,B6T0000000221,E4,1,1,43,1,浅位,284640.0,284640.0,284680.4379310345,40.43793103448115,否
IN0080,B6T0000000221,E4,1,1,43,1,深位,284640.0,284707.82678541646,284748.26471645094,108.26471645093989,否
IN0080,B6T0000000221,E4,1,2,43,1,浅位,284640.0,284775.6535708329,284816.0915018674,176.09150186739862,否
IN0080,B6T0000000221,E4,1,2,43,1,深位,284640.0,284843.4803562494,284883.91828728386,243.91828728385735,否
IN0149,B6T0000000438,E3,1,1,9,17,浅位,287400.0,287400.0,287422.7314926255,22.731492625491228,否
IN0149,B6T0000000438,E3,1,1,9,17,深位,287400.0,287437.0353314216,287459.7668240471,59.76682404708117,否
IN0149,B6T0000000438,E3,1,1,16,3,浅位,287400.0,287474.0706628432,287497.2657989411,97.26579894107999,否
IN0149,B6T0000000438,E3,1,1,16,3,深位,287400.0,287511.49751895136,287534.69265504926,134.69265504926443,否
IN0149,B6T0000000438,E3,1,2,16,3,浅位,287400.0,287548.92437505955,287572.11951115745,172.11951115744887,否
IN0149,B6T0000000438,E3,1,2,16,3,深位,287400.0,287586.35123116773,287609.54636726563,209.5463672656333,否
IN0384,B6T0000001169,E3,1,1,9,26,浅位,295680.0,295680.0,295704.6833204014,24.683320401411038,否
IN0384,B6T0000001169,E3,1,1,9,26,深位,295680.0,295720.7329270325,295745.4162474339,65.41624743392458,否
IN0379,B6T0000001153,E3,1,2,9,26,浅位,296940.0,296940.0,296964.6833204014,24.683320401411038,否
IN0379,B6T0000001153,E3,1,2,9,26,深位,296940.0,296980.7329270325,297005.4162474339,65.41624743392458,否
IN0379,B6T0000001153,E3,1,2,20,30,浅位,296940.0,297021.465854065,297054.90996038757,114.90996038756566,是
IN0379,B6T0000001153,E3,1,2,20,30,深位,296940.0,297091.9340088816,297125.37811520416,185.3781152041629,是
IN0379,B6T0000001153,E3,1,2,14,62,浅位,296940.0,297162.0334388063,297196.9177716399,256.91777163988445,是
IN0379,B6T0000001153,E3,1,2,14,62,深位,296940.0,297235.3006797395,297270.1850125731,330.18501257308526,是
IN0034,B6T0000000103,E4,1,1,44,2,浅位,298440.0,298440.0,298482.12842712476,42.128427124756854,否
IN0034,B6T0000000103,E4,1,1,44,2,深位,298440.0,298510.92491591955,298553.0533430443,113.05334304430289,否
IN0034,B6T0000000103,E4,1,2,44,2,浅位,298440.0,298581.8498318391,298623.97825896385,183.97825896384893,否
IN0034,B6T0000000103,E4,1,2,44,2,深位,298440.0,298652.77474775864,298694.9031748834,254.90317488339497,否
IN0530,B6T0000001576,E1,1,2,2,1,深位,301800.0,301800.0,301811.4641016151,11.464101615129039,否
IN0530,B6T0000001576,E1,1,2,1,4,深位,301800.0,301816.0813831219,301828.0813831219,28.081383121898398,否
IN0609,B6T0000001808,E1,1,1,2,4,深位,315780.0,315780.0,315793.4641016151,13.464101615129039,否
IN0609,B6T0000001808,E1,1,2,2,4,浅位,315780.0,315799.8702375039,315813.334339119,33.3343391190283,否
IN0609,B6T0000001808,E1,1,2,2,4,深位,315780.0,315819.7404750078,315833.2045766229,53.20457662292756,否
IN0374,B6T0000001138,E3,1,1,10,8,浅位,316680.0,316680.0,316701.03768576914,21.037685769144446,否
IN0374,B6T0000001138,E3,1,1,10,8,深位,316680.0,316713.75674688746,316734.7944326566,54.79443265660666,否
IN0374,B6T0000001138,E3,1,2,10,8,浅位,316680.0,316747.5134937749,316768.55117954407,88.55117954406887,否
IN0369,B6T0000001130,E3,1,2,10,8,深位,316740.0,316781.2702406624,316802.30792643153,62.30792643153109,否
IN0369,B6T0000001130,E3,1,1,14,4,浅位,316740.0,316815.02698754985,316837.3787116878,97.37871168780839,否
IN0369,B6T0000001130,E3,1,1,9,16,浅位,316740.0,316851.02308711846,316873.5083684927,133.50836849270854,否
IN0369,B6T0000001130,E3,1,1,9,16,深位,316740.0,316887.59198925097,316910.0772706252,170.07727062521735,否
IN0369,B6T0000001130,E3,1,2,9,16,浅位,316740.0,316924.1608913835,316946.6461727577,206.64617275772616,否
IN0369,B6T0000001130,E3,1,2,9,16,深位,316740.0,316960.729793516,316983.21507489023,243.21507489023497,否
IN0369,B6T0000001130,E3,1,1,13,6,浅位,316740.0,316997.2986956485,317019.8597440996,279.8597440996091,否
IN0369,B6T0000001130,E3,1,1,13,6,深位,316740.0,317033.763429131,317056.3244775821,316.3244775821222,否
IN0587,B6T0000001743,E1,1,1,2,10,浅位,342120.0,342120.0,342135.7886569355,15.78865693550324,否
IN0587,B6T0000001743,E1,1,1,2,10,深位,342120.0,342144.2739383097,342160.0625952452,40.06259524519555,否
IN0511,B6T0000001534,E1,1,2,2,10,浅位,342180.0,342180.0,342195.7886569355,15.78865693550324,否
IN0511,B6T0000001534,E1,1,2,2,10,深位,342180.0,342204.2739383097,342220.0625952452,40.06259524519555,否
IN0511,B6T0000001534,E1,1,1,4,7,浅位,342180.0,342228.5478766194,342245.13088186365,65.13088186364621,否
IN0635,B6T0000001919,E1,1,1,4,7,深位,342180.0,342254.1842394891,342270.76724473335,90.76724473334616,否
IN0635,B6T0000001919,E1,1,2,4,7,浅位,342180.0,342279.8206023588,342296.40360760305,116.40360760304611,否
IN0635,B6T0000001919,E1,1,2,4,7,深位,342180.0,342305.4569652285,342322.03997047275,142.03997047274606,否
IN0635,B6T0000001919,E1,1,2,7,3,浅位,342180.0,342331.0933280982,342347.7685322643,167.7685322642792,否
IN0233,B6T0000000680,E3,1,2,13,6,浅位,343140.0,343140.0,343162.5610484511,22.561048451112583,否
IN0233,B6T0000000680,E3,1,2,13,6,深位,343140.0,343176.4647334825,343199.0257819336,59.025781933625694,否
IN0233,B6T0000000680,E3,1,1,19,1,浅位,343140.0,343212.929466965,343236.729466965,96.72946696501458,否
IN0233,B6T0000000680,E3,1,1,19,1,深位,343140.0,343251.25165468035,343275.05165468034,135.05165468034102,否
IN0233,B6T0000000680,E3,1,2,19,1,浅位,343140.0,343289.5738423957,343313.37384239567,173.37384239566745,否
IN0233,B6T0000000680,E3,1,2,19,1,深位,343140.0,343327.896030111,343351.696030111,211.6960301109939,否
IN0233,B6T0000000680,E3,1,1,15,43,浅位,343140.0,343366.21821782633,343398.48785800627,258.487858006265,否
IN0233,B6T0000000680,E3,1,1,15,43,深位,343140.0,343420.81816064514,343453.0878008251,313.0878008250729,否
IN0233,B6T0000000680,E3,1,1,13,66,浅位,343140.0,343475.41810346395,343510.308433299,370.3084332990111,否
IN0233,B6T0000000680,E3,1,1,13,66,深位,343140.0,343534.63033787045,343569.5206677055,429.5206677055103,否
IN0529,B6T0000001574,E1,1,2,7,3,深位,343560.0,343593.84257227695,343610.51777644304,50.51777644304093,否
IN0529,B6T0000001574,E1,1,1,2,16,浅位,343560.0,343619.50400369754,343636.96810531267,76.96810531266965,否
IN0529,B6T0000001574,E1,1,1,2,16,深位,343560.0,343646.95194996544,343664.41605158057,104.41605158057064,否
IN0559,B6T0000001659,E1,1,2,2,16,浅位,343800.0,343800.0,343817.4641016151,17.46410161512904,否
IN0559,B6T0000001659,E1,1,2,2,16,深位,343800.0,343827.4479462679,343844.91204788303,44.91204788303003,否
IN0559,B6T0000001659,E1,1,1,1,24,浅位,343800.0,343854.8958925358,343872.6938515069,72.6938515069196,否
IN0559,B6T0000001659,E1,1,1,1,24,深位,343800.0,343883.09040558885,343900.88836455997,100.8883645599708,否
IN0658,B6T0000001980,E1,1,2,1,24,浅位,344220.0,344220.0,344237.7979589711,17.797958971117623,否
IN0658,B6T0000001980,E1,1,2,1,24,深位,344220.0,344248.19451305305,344265.99247202417,45.99247202416882,否
IN0612,B6T0000001817,E1,1,1,1,6,浅位,346380.0,346414.618951647,346427.5179311326,47.51793113257736,是
IN0612,B6T0000001817,E1,1,1,1,6,深位,346380.0,346467.32608125726,346480.2250607428,100.2250607428141,是
IN0612,B6T0000001817,E1,1,2,1,6,浅位,346380.0,346520.0332108675,346532.93219035305,152.93219035305083,是
IN0612,B6T0000001817,E1,1,2,1,6,深位,346380.0,346603.3992763463,346616.2982558319,236.2982558318763,是
IN0612,B6T0000001817,E1,1,1,1,23,浅位,346380.0,346686.76534182514,346704.35700487177,324.35700487176655,是
IN0612,B6T0000001817,E1,1,1,1,28,浅位,346380.0,346779.72570418805,346798.3087094323,418.30870943231275,是
IN0612,B6T0000001817,E1,1,1,2,42,浅位,346380.0,346874.6216806586,346897.14013009984,517.1401300998405,是
IN0612,B6T0000001817,E1,1,1,1,19,浅位,346380.0,346924.74637329945,346941.46417118656,561.4641711865552,是
IN0582,B6T0000001729,E1,1,2,1,10,浅位,356100.0,356100.0,356114.3245553203,14.324555320315994,否
IN0582,B6T0000001729,E1,1,2,1,10,深位,356100.0,356121.6144027317,356135.938958052,35.93895805202192,否
IN0582,B6T0000001729,E1,1,1,5,2,浅位,356100.0,356143.2288054634,356158.0572325882,58.05723258818034,否
IN0582,B6T0000001729,E1,1,1,5,2,深位,356100.0,356165.48603420187,356180.31446132663,80.31446132663405,否
IN0582,B6T0000001729,E1,1,1,1,19,深位,356100.0,356187.7432629403,356204.4610608274,104.46106082742335,否
IN0582,B6T0000001729,E1,1,2,1,19,浅位,356100.0,356213.8914894651,356230.6092873522,130.60928735218477,否
IN0258,B6T0000000758,E3,1,1,16,4,深位,359040.0,359040.0,359063.7310344828,23.731034482771065,否
IN0258,B6T0000000758,E3,1,2,16,4,浅位,359040.0,359078.4420765801,359102.17311106285,62.17311106284615,否
IN0258,B6T0000000758,E3,1,2,16,4,深位,359040.0,359116.88415316015,359140.6151876429,100.61518764292123,否
IN0258,B6T0000000758,E3,1,1,9,27,浅位,359040.0,359155.3262297402,359180.20381595986,140.20381595985964,否
IN0258,B6T0000000758,E3,1,1,9,27,深位,359040.0,359196.42717922106,359221.3047654407,181.30476544069825,否
IN0258,B6T0000000758,E3,1,2,9,27,浅位,359040.0,359237.5281287019,359262.40571492154,222.40571492153686,否
IN0258,B6T0000000758,E3,1,2,9,27,深位,359040.0,359278.62907818274,359303.5066644024,263.50666440237546,否
IN0258,B6T0000000758,E3,1,2,13,66,浅位,359040.0,359319.7300276636,359354.62035749864,314.620357498643,否
IN0258,B6T0000000758,E3,1,2,13,66,深位,359040.0,359378.9422620701,359413.83259190514,373.8325919051422,否
IN0258,B6T0000000758,E3,1,1,15,59,浅位,359040.0,359438.1544964766,359473.20674535213,433.2067453521304,否
IN0258,B6T0000000758,E3,1,1,15,59,深位,359040.0,359497.6734120188,359532.72566089436,492.72566089435713,否
IN0258,B6T0000000758,E3,1,2,15,59,浅位,359040.0,359557.19232756103,359592.2445764366,552.2445764365839,否
IN0258,B6T0000000758,E3,1,2,15,59,深位,359040.0,359616.71124310326,359651.7634919788,611.7634919788106,否
IN0258,B6T0000000758,E3,1,1,14,63,浅位,359040.0,359676.2301586455,359711.2884045225,671.2884045225219,否
IN0258,B6T0000000758,E3,1,1,14,63,深位,359040.0,359735.7550711892,359770.81331706623,730.8133170662331,否
IN0258,B6T0000000758,E3,1,2,14,63,浅位,359040.0,359795.2799837329,359830.33822960994,790.3382296099444,否
IN0258,B6T0000000758,E3,1,2,14,63,深位,359040.0,359854.8048962766,359889.86314215366,849.8631421536556,否
IN0258,B6T0000000758,E3,1,1,13,67,浅位,359040.0,359914.32980882033,359949.3940516989,909.3940516989096,否
IN0362,B6T0000001112,E3,1,1,13,67,深位,359040.0,359973.8492896036,360008.91353248217,968.9135324821691,否
IN0362,B6T0000001112,E3,1,2,13,67,浅位,359040.0,360033.36877038685,360068.4330132654,1028.4330132654286,否
IN0362,B6T0000001112,E3,1,2,13,67,深位,359040.0,360092.8882511701,360127.9524940487,1087.952494048688,否
IN0006,B6T0000000007,E4,1,1,43,3,浅位,363720.0,363720.0,363761.9020326496,41.90203264961019,否
IN0006,B6T0000000007,E4,1,1,43,3,深位,363720.0,363790.60041932657,363832.5024519762,112.50245197617915,否
IN0006,B6T0000000007,E4,1,2,43,3,浅位,363720.0,363861.20083865314,363903.10287130275,183.1028713027481,否
IN0006,B6T0000000007,E4,1,2,43,3,深位,363720.0,363931.8012579797,363973.7032906293,253.70329062931705,否
IN0006,B6T0000000007,E4,1,1,43,9,浅位,363720.0,364002.4016773063,364046.83960834076,326.83960834075697,否
IN0006,B6T0000000007,E4,1,1,43,9,深位,363720.0,364077.80617148674,364122.2441025212,402.2441025212174,否
IN0006,B6T0000000007,E4,1,2,43,9,浅位,363720.0,364153.2106656672,364197.6485967017,477.6485967016779,否
IN0006,B6T0000000007,E4,1,2,43,9,深位,363720.0,364228.61515984766,364273.05309088214,553.0530908821383,否
IN0006,B6T0000000007,E4,1,2,45,5,浅位,363720.0,364304.0196540281,364348.6538589486,628.6538589486154,否
IN0006,B6T0000000007,E4,1,2,45,5,深位,363720.0,364379.58719228196,364424.22139720246,704.221397202462,否
IN0006,B6T0000000007,E4,1,2,49,1,浅位,363720.0,364455.1547305358,364500.7650753634,780.7650753633934,否
IN0006,B6T0000000007,E4,1,2,49,1,深位,363720.0,364532.1539297454,364577.76427457295,857.7642745729536,否
IN0006,B6T0000000007,E4,1,1,43,13,浅位,363720.0,364609.15312895493,364654.8021625403,934.8021625403198,否
IN0006,B6T0000000007,E4,1,1,43,13,深位,363720.0,364686.851968739,364732.5010023244,1012.5010023243958,否
IN0006,B6T0000000007,E4,1,2,43,13,浅位,363720.0,364764.5508085231,364810.1998421085,1090.1998421084718,否
IN0358,B6T0000001103,E3,1,2,9,13,深位,370380.0,370380.0,370401.69638392515,21.696383925154805,否
IN0358,B6T0000001103,E3,1,1,20,1,浅位,370380.0,370415.07439335407,370439.56404852646,59.56404852645937,否
IN0358,B6T0000001103,E3,1,1,20,1,深位,370380.0,370454.6195695751,370479.1092247475,99.10922474751715,否
IN0358,B6T0000001103,E3,1,2,20,1,浅位,370380.0,370494.1647457962,370518.6544009686,138.65440096857492,否
IN0358,B6T0000001103,E3,1,2,25,21,深位,370380.0,370533.70992201724,370568.8130044416,188.81300444161752,否
IN0358,B6T0000001103,E3,1,1,16,56,浅位,370380.0,370592.9438983877,370628.16406330524,248.16406330524478,否
IN0358,B6T0000001103,E3,1,1,16,56,深位,370380.0,370652.7640633053,370687.9842282228,307.98422822280554,否
IN0358,B6T0000001103,E3,1,2,16,56,浅位,370380.0,370712.58422822284,370747.80439314037,367.8043931403663,否
IN0358,B6T0000001103,E3,1,2,16,56,深位,370380.0,370772.4043931404,370807.6245580579,427.62455805792706,否
IN0358,B6T0000001103,E3,1,1,15,60,浅位,370380.0,370832.22455805796,370867.45071997703,487.45071997703053,否
IN0358,B6T0000001103,E3,1,1,15,60,深位,370380.0,370892.050719977,370927.2768818961,547.2768818960758,否
IN0358,B6T0000001103,E3,1,2,15,60,浅位,370380.0,370951.87688189605,370987.1030438151,607.103043815121,否
IN0358,B6T0000001103,E3,1,2,15,60,深位,370380.0,371011.7030438151,371046.92920573417,666.9292057341663,否
IN0358,B6T0000001103,E3,1,1,14,64,浅位,370380.0,371071.52920573414,371106.7613646547,726.7613646546961,是
IN0358,B6T0000001103,E3,1,1,20,34,浅位,370380.0,371158.7120222765,371192.86472092714,812.8647209271439,是
IN0358,B6T0000001103,E3,1,1,20,34,深位,370380.0,371227.0174195778,371261.1701182285,881.1701182284742,否
IN0358,B6T0000001103,E3,1,1,14,64,深位,370380.0,371284.8675087435,371320.09966766404,940.0996676640352,否
IN0358,B6T0000001103,E3,1,2,14,64,浅位,370380.0,371344.699667664,371379.93182658456,999.931826584565,否
IN0358,B6T0000001103,E3,1,2,14,64,深位,370380.0,371404.53182658454,371439.7639855051,1059.7639855050948,否
IN0358,B6T0000001103,E3,1,1,13,68,浅位,370380.0,371464.3639855051,371499.6021414271,1119.602141427109,否
IN0358,B6T0000001103,E3,1,1,13,68,深位,370380.0,371524.19071266515,371559.4288685872,1179.428868587187,否
IN0358,B6T0000001103,E3,1,2,13,68,浅位,370380.0,371584.0174398252,371619.25559574727,1239.255595747265,否
IN0358,B6T0000001103,E3,1,2,13,68,深位,370380.0,371643.8441669853,371679.08232290734,1299.082322907343,否
IN0358,B6T0000001103,E3,1,1,16,57,浅位,370380.0,371703.6708941454,371739.0649721064,1359.0649721064256,否
IN0207,B6T0000000607,E3,1,1,14,4,深位,377220.0,377220.0,377242.35172413796,22.351724137959536,否
IN0207,B6T0000000607,E3,1,2,14,4,浅位,377220.0,377255.9960995686,377278.3478237066,58.347823706571944,否
IN0244,B6T0000000716,E3,1,2,14,4,深位,377400.0,377400.0,377422.35172413796,22.351724137959536,否
IN0244,B6T0000000716,E3,1,1,16,13,浅位,377400.0,377435.9960995686,377462.9382366023,62.938236602291,否
IN0244,B6T0000000716,E3,1,1,16,13,深位,377400.0,377480.52137613425,377507.4635131679,107.46351316792425,否
IN0244,B6T0000000716,E3,1,2,16,13,浅位,377400.0,377525.0466526999,377551.98878973356,151.9887897335575,否
IN0244,B6T0000000716,E3,1,1,16,57,深位,377400.0,377569.5719292655,377604.96600722655,204.9660072265542,否
IN0244,B6T0000000716,E3,1,2,16,57,浅位,377400.0,377629.6993405599,377665.09341852093,265.0934185209335,否
IN0244,B6T0000000716,E3,1,2,16,57,深位,377400.0,377689.82675185427,377725.2208298153,325.22082981531275,否
IN0244,B6T0000000716,E3,1,1,15,61,浅位,377400.0,377749.95416314865,377785.3542381112,385.3542381111765,否
IN0244,B6T0000000716,E3,1,1,15,61,深位,377400.0,377810.0875714445,377845.48764640704,445.4876464070403,否
IN0244,B6T0000000716,E3,1,2,15,61,浅位,377400.0,377870.2209797404,377905.6210547029,505.6210547029041,否
IN0244,B6T0000000716,E3,1,2,15,61,深位,377400.0,377930.35438803624,377965.75446299877,565.7544629987678,否
IN0586,B6T0000001742,E1,1,1,2,10,浅位,383580.0,383580.0,383595.7886569355,15.78865693550324,否
IN0586,B6T0000001742,E1,1,1,2,10,深位,383580.0,383604.2739383097,383620.0625952452,40.06259524519555,否
IN0586,B6T0000001742,E1,1,2,1,19,深位,383580.0,383628.5478766194,383645.2656745065,65.26567450648872,否
IN0586,B6T0000001742,E1,1,2,4,10,深位,383580.0,383654.69610314415,383672.3121610866,92.31216108659282,否
IN0586,B6T0000001742,E1,1,1,5,8,浅位,383580.0,383682.28950913507,383699.94636338454,119.94636338454438,否
IN0586,B6T0000001742,E1,1,1,5,8,深位,383580.0,383709.9049871264,383727.5618413759,147.56184137589298,否
IN0586,B6T0000001742,E1,1,1,3,13,深位,383580.0,383737.52046511776,383755.2037036237,175.20370362367248,否
IN0586,B6T0000001742,E1,1,1,2,42,深位,383580.0,383765.30499353906,383787.8234429803,207.82344298029784,否
IN0058,B6T0000000154,E4,1,1,43,2,浅位,400980.0,400980.0,401021.26635815925,41.26635815924965,否
IN0058,B6T0000000154,E4,1,1,43,2,深位,400980.0,401049.39618028735,401090.6625384466,110.66253844660241,否
IN0058,B6T0000000154,E4,1,1,46,1,浅位,400980.0,401118.7923605747,401161.81649850577,181.8164985057665,否
IN0058,B6T0000000154,E4,1,1,46,1,深位,400980.0,401191.20535288774,401234.2294908188,254.22949081880506,否
IN0058,B6T0000000154,E4,1,2,43,13,深位,400980.0,401263.6183452008,401309.2673787862,329.2673787861713,否
IN0058,B6T0000000154,E4,1,2,46,11,浅位,400980.0,401341.31718498486,401388.9745724966,408.9745724966051,否
IN0058,B6T0000000154,E4,1,2,46,11,深位,400980.0,401422.5075312863,401470.164918798,490.164918798022,否
IN0058,B6T0000000154,E4,1,2,43,24,浅位,400980.0,401503.6978775877,401551.9337675933,571.9337675932911,否
IN0058,B6T0000000154,E4,1,1,43,25,浅位,400980.0,401586.2973285134,401634.7352595479,654.7352595478878,否
IN0058,B6T0000000154,E4,1,1,43,27,浅位,400980.0,401669.27953145787,401718.10976733774,738.1097673377371,否
IN0058,B6T0000000154,E4,1,1,43,27,深位,400980.0,401753.00492736866,401801.8351632485,821.8351632485283,否
IN0058,B6T0000000154,E4,1,2,43,27,浅位,400980.0,401836.73032327945,401885.5605591593,905.5605591593194,否
IN0058,B6T0000000154,E4,1,1,45,21,浅位,400980.0,401920.45571919024,401969.7829395457,989.7829395456938,否
IN0058,B6T0000000154,E4,1,1,45,21,深位,400980.0,402004.9138334918,402054.24105384725,1074.2410538472468,是
IN0058,B6T0000000154,E4,1,1,46,18,浅位,400980.0,402101.29856795724,402150.8079872625,1170.8079872624949,是
IN0058,B6T0000000154,E4,1,1,46,18,深位,400980.0,402197.6588535058,402247.16827281105,1267.1682728110463,否
IN0058,B6T0000000154,E4,1,1,43,31,浅位,400980.0,402282.35773919546,402331.93119895563,1351.93119895563,否
IN0058,B6T0000000154,E4,1,1,43,31,深位,400980.0,402367.491118634,402417.0645783942,1437.0645783941727,否
IN0058,B6T0000000154,E4,1,1,46,20,浅位,400980.0,402452.62449807255,402502.59290791355,1522.592907913553,否
IN0058,B6T0000000154,E4,1,1,46,20,深位,400980.0,402538.1929079136,402588.1613177546,1608.161317754595,否
IN0058,B6T0000000154,E4,1,2,46,20,浅位,400980.0,402623.76131775463,402673.72972759564,1693.729727595637,否
IN0058,B6T0000000154,E4,1,1,46,21,浅位,400980.0,402709.3297275957,402759.51901691663,1779.5190169166308,否
IN0058,B6T0000000154,E4,1,1,46,21,深位,400980.0,402795.31657752936,402845.5058668503,1865.5058668503189,否
IN0058,B6T0000000154,E4,1,2,46,21,浅位,400980.0,402881.30342746305,402931.492716784,1951.492716784007,否
IN0058,B6T0000000154,E4,1,1,43,35,浅位,400980.0,402967.29027739674,403017.56516495295,2037.5651649529464,否
IN0058,B6T0000000154,E4,1,1,43,35,深位,400980.0,403053.74817019724,403104.02305775345,2124.023057753453,否
IN0058,B6T0000000154,E4,1,1,43,37,浅位,400980.0,403140.20606299775,403190.82877664093,2210.828776640934,否
IN0058,B6T0000000154,E4,1,1,43,37,深位,400980.0,403227.3099530479,403277.9326666911,2297.9326666910783,否
IN0058,B6T0000000154,E4,1,1,43,41,浅位,400980.0,403314.41384309804,403365.7322089151,2385.732208915113,否
IN0058,B6T0000000154,E4,1,1,43,41,深位,400980.0,403402.78646576573,403454.1048315828,2474.1048315828084,否
IN0058,B6T0000000154,E4,1,1,49,15,深位,400980.0,403491.15908843343,403542.5153999534,2562.5153999534086,否
IN0058,B6T0000000154,E4,1,2,49,15,浅位,400980.0,403579.0436031837,403630.3999147037,2650.399914703681,否
IN0058,B6T0000000154,E4,1,2,49,15,深位,400980.0,403666.928117934,403718.28442945395,2738.2844294539536,否
IN0058,B6T0000000154,E4,1,1,43,45,深位,400980.0,403754.81263268425,403806.82665067527,2826.82665067527,否
IN0058,B6T0000000154,E4,1,1,46,34,浅位,400980.0,403844.42665067525,403897.1138320845,2917.1138320845203,否
IN0058,B6T0000000154,E4,1,1,46,34,深位,400980.0,403935.14455593284,403987.8317373421,3007.831737342116,否
IN0058,B6T0000000154,E4,1,1,43,49,浅位,400980.0,404025.86246119044,404078.57213135535,3098.5721313553513,否
IN0058,B6T0000000154,E4,1,1,43,49,深位,400980.0,404116.7054646887,404169.4151348536,3189.415134853625,否
IN0058,B6T0000000154,E4,1,2,43,49,浅位,400980.0,404207.548468187,404260.2581383519,3280.258138351899,否
IN0610,B6T0000001811,E1,1,1,1,10,浅位,404220.0,404298.39147168526,404312.7160270056,92.7160270055756,否
IN0610,B6T0000001811,E1,1,1,1,10,深位,404220.0,404320.00587441697,404334.3304297373,114.33042973728152,否
IN0610,B6T0000001811,E1,1,1,9,10,浅位,404220.0,404341.6202771487,404362.43011384323,142.43011384323472,否
IN0610,B6T0000001811,E1,1,1,9,10,深位,404220.0,404375.01517132303,404395.8250080176,175.82500801759306,否
IN0610,B6T0000001811,E1,1,2,9,17,浅位,404220.0,404408.4100654974,404431.1415581229,211.14155812287936,否
IN0610,B6T0000001811,E1,1,2,9,17,深位,404220.0,404445.445396919,404468.17688954447,248.1768895444693,否
IN0610,B6T0000001811,E1,1,1,8,22,浅位,404220.0,404482.48072834057,404505.60752655263,285.6075265526306,否
IN0058,B6T0000000154,E4,1,2,43,49,深位,400980.0,404520.3225526583,404573.03222282324,3593.03222282324,否
IN0058,B6T0000000154,E4,1,1,43,50,浅位,400980.0,404611.1655561566,404664.049139365,3684.049139364972,否
IN0058,B6T0000000154,E4,1,1,43,50,深位,400980.0,404702.31580603163,404755.19938924,3775.199389240006,否
IN0058,B6T0000000154,E4,1,2,43,50,浅位,400980.0,404793.46605590667,404846.34963911504,3866.34963911504,否
IN0058,B6T0000000154,E4,1,2,43,50,深位,400980.0,404884.6163057817,404937.4998889901,3957.4998889900744,否
IN0581,B6T0000001726,E1,1,1,8,22,深位,429660.0,429660.0,429683.12679821206,23.126798212062567,否
IN0581,B6T0000001726,E1,1,2,1,65,深位,429660.0,429697.84182431776,429722.89617214387,62.89617214386817,否
IN0581,B6T0000001726,E1,1,1,6,39,深位,429660.0,429739.19583197235,429764.3616902487,104.36169024871197,否
IN0581,B6T0000001726,E1,1,1,4,47,深位,429660.0,429780.9491078868,429806.1645235524,146.16452355240472,否
IN0100,B6T0000000283,E4,1,1,44,5,浅位,433740.0,433751.62244359445,433795.39457954944,55.39457954943646,是
IN0100,B6T0000000283,E4,1,1,44,5,深位,433740.0,433839.2621178033,433883.03425375826,143.0342537582619,是
IN0020,B6T0000000061,E4,1,2,44,5,浅位,434100.0,434119.31784117105,434163.08997712604,63.08997712604469,否
IN0020,B6T0000000061,E4,1,1,45,18,浅位,434100.0,434193.3566437927,434242.00399413245,142.00399413245032,否
IN0639,B6T0000001938,E1,1,1,1,12,浅位,439680.0,439680.0,439694.92820323026,14.928203230258077,否
IN0639,B6T0000001938,E1,1,1,1,12,深位,439680.0,439702.7579697461,439717.68617297633,37.68617297633318,否
IN0639,B6T0000001938,E1,1,2,1,12,浅位,439680.0,439725.51593949215,439740.4441427224,60.44414272240829,否
IN0639,B6T0000001938,E1,1,2,1,12,深位,439680.0,439748.2739092382,439763.2021124685,83.20211246848339,否
IN0324,B6T0000000976,E3,1,1,9,3,浅位,442080.0,442080.0,442097.9493829894,17.949382989376318,否
IN0324,B6T0000000976,E3,1,1,9,3,深位,442080.0,442107.9759728966,442125.925355886,45.92535588599276,否
IN0324,B6T0000000976,E3,1,2,9,3,浅位,442080.0,442135.95194579323,442153.9013287826,73.9013287826092,否
IN0324,B6T0000000976,E3,1,2,9,3,深位,442080.0,442163.92791868985,442181.8773016792,101.87730167922564,否
IN0097,B6T0000000270,E4,1,2,43,2,浅位,443520.0,443520.0,443561.26635815925,41.26635815924965,否
IN0097,B6T0000000270,E4,1,2,43,2,深位,443520.0,443589.39618028735,443630.6625384466,110.66253844660241,否
IN0097,B6T0000000270,E4,1,1,45,7,浅位,443520.0,443658.7923605747,443704.24593216233,184.24593216233188,否
IN0097,B6T0000000270,E4,1,1,45,7,深位,443520.0,443735.9121293222,443781.3657009098,261.3657009098097,否
IN0097,B6T0000000270,E4,1,2,45,7,浅位,443520.0,443813.03189806966,443858.4854696573,338.48546965728747,否
IN0097,B6T0000000270,E4,1,1,45,18,深位,443520.0,443890.15166681714,443938.7990171569,418.79901715688175,是
IN0097,B6T0000000270,E4,1,2,45,18,浅位,443520.0,443989.4702181315,444038.11756847124,518.1175684712362,是
IN0097,B6T0000000270,E4,1,2,45,18,深位,443520.0,444087.9805365482,444136.62788688793,616.6278868879308,是
IN0525,B6T0000001563,E1,1,1,7,3,深位,444120.0,444186.4908549649,444203.166059131,83.16605913097737,是
IN0525,B6T0000001563,E1,1,2,4,8,深位,444120.0,444235.24556426826,444252.1939211399,132.19392113987124,是
IN0525,B6T0000001563,E1,1,2,8,3,浅位,444120.0,444284.5740586361,444301.7841269436,181.7841269436176,是
IN0097,B6T0000000270,E4,1,1,44,23,浅位,443520.0,444336.48301593633,444385.37467898295,865.3746789829456,是
IN0097,B6T0000000270,E4,1,1,43,51,浅位,443520.0,444436.4213563756,444489.4788526275,969.4788526275079,是
IN0097,B6T0000000270,E4,1,1,43,51,深位,443520.0,444544.8199234304,444597.8774196823,1077.8774196822778,是
IN0224,B6T0000000646,E3,1,2,9,9,浅位,447660.0,447660.0,447680.48528137425,20.48528137424728,否
IN0224,B6T0000000646,E3,1,2,9,9,深位,447660.0,447692.7800477505,447713.26532912476,53.265329124755226,否
IN0224,B6T0000000646,E3,1,2,9,10,浅位,447660.0,447725.560095501,447746.3699321956,86.36993219557917,否
IN0224,B6T0000000646,E3,1,2,9,10,深位,447660.0,447758.9549896754,447779.76482636994,119.76482636993751,否
IN0224,B6T0000000646,E3,1,2,11,6,深位,447660.0,447792.34988384973,447813.4469023625,153.44690236251336,否
IN0224,B6T0000000646,E3,1,1,13,5,浅位,447660.0,447826.15534682036,447848.28955174086,188.2895517408615,否
IN0644,B6T0000001949,E1,2,3,4,1,深位,7080.0,7080.0,7093.291502622129,13.291502622128974,否
IN0644,B6T0000001949,E1,2,3,2,7,深位,7080.0,7099.400850803067,7114.156455040335,34.15645504033455,否
IN0644,B6T0000001949,E1,2,3,5,2,深位,7080.0,7121.71774599156,7136.546173116306,56.54617311630591,否
IN0644,B6T0000001949,E1,2,4,2,9,深位,7080.0,7143.9749747300075,7159.439076345146,79.43907634514562,否
IN0383,B6T0000001166,E3,2,3,13,11,深位,13680.0,13688.203486213055,13712.498804759283,32.4988047592833,是
IN0383,B6T0000001166,E3,2,4,13,23,浅位,13680.0,13773.71144564332,13800.965177655462,120.96517765546196,否
IN0383,B6T0000001166,E3,2,4,13,23,深位,13680.0,13819.066126462663,13846.319858474806,166.3198584748061,否
IN0383,B6T0000001166,E3,2,3,23,3,深位,13680.0,13864.420807282007,13892.4435295868,212.44352958680065,否
IN0383,B6T0000001166,E3,2,4,16,18,深位,13680.0,13910.408582930433,13938.62489878743,258.62489878742963,否
IN0383,B6T0000001166,E3,2,4,23,8,深位,13680.0,13957.347698505168,13987.563173444316,307.5631734443159,否
IN0383,B6T0000001166,E3,2,3,15,32,深位,13680.0,14007.489484367252,14037.844572176582,357.844572176582,是
IN0383,B6T0000001166,E3,2,3,19,21,深位,13680.0,14098.835087789079,14129.80023917899,449.8002391789905,是
IN0383,B6T0000001166,E3,2,3,18,26,深位,13680.0,14192.252314993462,14223.560698848234,543.5606988482341,否
IN0383,B6T0000001166,E3,2,3,9,64,浅位,13680.0,14244.882102249027,14276.247818405875,596.2478184058746,否
IN0575,B6T0000001707,E1,2,3,8,1,深位,29040.0,29040.0,29055.745966692415,15.745966692415095,否
IN0575,B6T0000001707,E1,2,4,1,18,深位,29040.0,29063.85937639475,29080.34465776899,40.344657768990146,否
IN0575,B6T0000001707,E1,2,3,8,2,深位,29040.0,29089.567117315248,29106.14151113241,66.1415111324095,否
IN0664,B6T0000001992,E1,2,3,6,4,深位,33600.0,33600.0,33616.63324958071,16.633249580707343,否
IN0664,B6T0000001992,E1,2,4,2,14,深位,33600.0,33625.626983947805,33642.57440033649,42.57440033648891,否
IN0664,B6T0000001992,E1,2,4,7,5,深位,33600.0,33652.09610767351,33669.779346179435,69.77934617943538,否
IN0664,B6T0000001992,E1,2,3,4,11,浅位,33600.0,33679.66718675699,33697.59193895983,97.59193895982753,否
IN0664,B6T0000001992,E1,2,3,4,11,深位,33600.0,33707.84539154844,33725.77014375128,125.77014375128056,否
IN0664,B6T0000001992,E1,2,4,4,11,浅位,33600.0,33736.023596339895,33753.94834854273,153.94834854273358,否
IN0019,B6T0000000056,E4,2,3,45,3,浅位,35880.0,35880.0,35923.626170580654,43.62617058065371,否
IN0019,B6T0000000056,E4,2,3,45,3,深位,35880.0,35953.657890590956,35997.28406117161,117.28406117160921,否
IN0008,B6T0000000014,E4,2,4,45,3,浅位,39360.0,39360.0,39403.626170580654,43.62617058065371,否
IN0008,B6T0000000014,E4,2,4,45,3,深位,39360.0,39433.657890590956,39477.28406117161,117.28406117160921,否
IN0432,B6T0000001312,E3,2,3,13,20,浅位,44640.0,44640.0,44666.606340875514,26.606340875514434,否
IN0432,B6T0000001312,E3,2,3,13,20,深位,44640.0,44684.128245446904,44710.73458632242,70.73458632241818,否
IN0432,B6T0000001312,E3,2,4,13,20,浅位,44640.0,44728.25649089381,44754.86283176932,114.86283176932193,否
IN0432,B6T0000001312,E3,2,4,13,20,深位,44640.0,44772.38473634071,44798.991077216226,158.99107721622568,否
IN0411,B6T0000001251,E3,2,4,11,35,浅位,50040.0,50040.0,50068.03499554892,28.03499554892187,否
IN0411,B6T0000001251,E3,2,4,11,35,深位,50040.0,50086.944664791044,50114.979660339966,74.97966033996636,否
IN0411,B6T0000001251,E3,2,4,18,15,浅位,50040.0,50133.88932958209,50162.74564110209,122.7456411020903,否
IN0411,B6T0000001251,E3,2,4,18,15,深位,50040.0,50181.87384433237,50210.73015585237,170.73015585236863,否
IN0487,B6T0000001471,E1,2,4,4,11,深位,50280.0,50280.0,50297.92475220284,17.924752202838135,否
IN0487,B6T0000001471,E1,2,4,1,26,浅位,50280.0,50308.17820479145,50326.37624381864,46.37624381863861,否
IN0487,B6T0000001471,E1,2,4,1,26,深位,50280.0,50337.130640381285,50355.32867940847,75.32867940847063,否
IN0487,B6T0000001471,E1,2,4,4,14,深位,50280.0,50366.08307597112,50384.857893366796,104.8578933667959,否
IN0487,B6T0000001471,E1,2,4,1,30,深位,50280.0,50395.87166737801,50414.82611852811,134.82611852810805,否
IN0487,B6T0000001471,E1,2,3,6,11,深位,50280.0,50426.2570706611,50445.52356982252,165.5235698225224,否
IN0487,B6T0000001471,E1,2,4,3,21,深位,50280.0,50456.87255421529,50476.509841560204,196.50984156020422,否
IN0487,B6T0000001471,E1,2,3,5,16,深位,50280.0,50488.35888588967,50508.35888588967,228.35888588966918,否
IN0418,B6T0000001276,E3,2,3,9,10,浅位,52260.0,52288.90314370558,52309.71298040016,49.71298040015972,是
IN0418,B6T0000001276,E3,2,3,9,10,深位,52260.0,52336.06998524413,52356.87982193871,96.87982193870994,是
IN0278,B6T0000000833,E3,2,4,17,23,浅位,52260.0,52383.23682678268,52413.24917948448,153.24917948448274,否
IN0278,B6T0000000833,E3,2,4,17,23,深位,52260.0,52433.49489038696,52463.50724308876,203.50724308875942,否
IN0278,B6T0000000833,E3,2,3,9,64,深位,52260.0,52483.752953991236,52515.118670148084,255.11867014808377,否
IN0598,B6T0000001776,E1,2,4,2,8,浅位,55260.0,55260.0,55275.12095586463,15.12095586462965,否
IN0598,B6T0000001776,E1,2,4,2,8,深位,55260.0,55283.009027245644,55298.12998311027,38.129983110273315,否
IN0598,B6T0000001776,E1,2,4,8,1,浅位,55260.0,55306.01805449129,55321.7640211837,61.76402118369879,否
IN0598,B6T0000001776,E1,2,4,8,1,深位,55260.0,55329.87743088604,55345.62339757845,85.62339757844893,否
IN0598,B6T0000001776,E1,2,3,5,12,浅位,55260.0,55353.73680728079,55372.66501051106,112.66501051106025,否
IN0598,B6T0000001776,E1,2,3,5,12,深位,55260.0,55383.76076335056,55402.688966580834,142.68896658083395,否
IN0598,B6T0000001776,E1,2,4,5,12,浅位,55260.0,55413.784719420335,55432.71292265061,172.71292265060765,否
IN0598,B6T0000001776,E1,2,3,8,8,浅位,55260.0,55443.80867549011,55463.21149643201,203.21149643201352,否
IN0622,B6T0000001843,E1,2,4,5,2,浅位,55980.0,55980.0,55994.82842712475,14.828427124746668,否
IN0622,B6T0000001843,E1,2,4,5,2,深位,55980.0,56002.25722873845,56017.08565586319,37.0856558631931,否
IN0622,B6T0000001843,E1,2,3,8,8,深位,55980.0,56024.51445747689,56043.9172784188,63.91727841879765,否
IN0622,B6T0000001843,E1,2,4,2,28,浅位,55980.0,56055.3014779954,56075.3485848548,95.34858485480072,否
IN0622,B6T0000001843,E1,2,4,2,28,深位,55980.0,56087.6427396325,56107.6898464919,127.68984649189952,否
IN0155,B6T0000000455,E3,2,4,9,10,浅位,56880.0,56880.0,56900.80983669458,20.809836694577825,否
IN0155,B6T0000000455,E3,2,4,9,10,深位,56880.0,56913.394894174344,56934.20473086892,54.204730868921615,否
IN0155,B6T0000000455,E3,2,4,9,64,浅位,56880.0,56946.78978834869,56978.155504505536,98.15550450553565,否
IN0155,B6T0000000455,E3,2,4,9,64,深位,56880.0,56999.61704106914,57030.98275722599,150.9827572259892,否
IN0050,B6T0000000141,E4,2,3,46,2,浅位,83460.0,83460.0,83503.85256505579,43.85256505578582,否
IN0050,B6T0000000141,E4,2,3,46,2,深位,83460.0,83533.98238718392,83577.8349522397,117.83495223970385,否
IN0001,B6T0000000000,E4,2,4,46,2,浅位,84240.0,84240.0,84283.85256505579,43.85256505578582,否
IN0001,B6T0000000000,E4,2,4,46,2,深位,84240.0,84313.98238718392,84357.8349522397,117.83495223970385,否
IN0363,B6T0000001116,E3,2,3,9,65,浅位,84900.0,84900.0,84931.53962920033,31.53962920032791,否
IN0363,B6T0000001116,E3,2,3,9,65,深位,84900.0,84953.13449909727,84984.6741282976,84.67412829759996,否
IN0363,B6T0000001116,E3,2,4,9,65,浅位,84900.0,85006.26899819454,85037.80862739487,137.80862739487202,否
IN0091,B6T0000000257,E4,2,4,43,8,深位,84960.0,85059.40349729182,85103.49828257579,143.49828257579065,否
IN0091,B6T0000000257,E4,2,3,43,10,浅位,84960.0,85134.15792683206,85178.92041318689,218.92041318689007,否
IN0091,B6T0000000257,E4,2,3,43,10,深位,84960.0,85210.17726743637,85254.9397537912,294.9397537912009,否
IN0091,B6T0000000257,E4,2,4,43,10,浅位,84960.0,85286.19660804069,85330.95909439551,370.9590943955118,否
IN0091,B6T0000000257,E4,2,4,43,10,深位,84960.0,85362.215948645,85406.97843499982,446.97843499982264,否
IN0091,B6T0000000257,E4,2,4,44,11,深位,84960.0,85438.2352892493,85484.16853883002,524.1685388300248,否
IN0003,B6T0000000003,E4,2,4,43,16,深位,84960.0,85516.36816428637,85562.80609532085,602.8060953208478,否
IN0003,B6T0000000003,E4,2,3,44,13,深位,84960.0,85595.56151284884,85642.07261539977,682.0726153997675,否
IN0003,B6T0000000003,E4,2,3,48,4,浅位,84960.0,85674.78908826508,85721.53736412716,761.5373641271581,否
IN0003,B6T0000000003,E4,2,3,48,4,深位,84960.0,85754.04840622448,85800.79668208655,840.7966820865549,否
IN0003,B6T0000000003,E4,2,4,48,4,浅位,84960.0,85833.30772418388,85880.05600004595,920.0560000459518,否
IN0331,B6T0000001022,E3,2,4,9,65,深位,85860.0,85912.56704214327,85944.1066713436,84.10667134360119,否
IN0331,B6T0000001022,E3,2,3,9,66,浅位,85860.0,85965.70154124055,85997.41508348435,137.41508348434581,否
IN0331,B6T0000001022,E3,2,3,9,66,深位,85860.0,86019.14328671462,86050.85682895842,190.85682895842183,否
IN0331,B6T0000001022,E3,2,4,9,66,浅位,85860.0,86072.5850321887,86104.2985744325,244.29857443249784,否
IN0331,B6T0000001022,E3,2,4,9,66,深位,85860.0,86126.02677766277,86157.74031990657,297.74031990657386,否
IN0331,B6T0000001022,E3,2,3,9,67,浅位,85860.0,86179.46852313685,86211.35597842414,351.355978424137,否
IN0331,B6T0000001022,E3,2,3,9,67,深位,85860.0,86233.21751498774,86265.10497027503,405.1049702750315,否
IN0331,B6T0000001022,E3,2,4,9,67,浅位,85860.0,86286.96650683864,86318.85396212593,458.85396212592605,否
IN0331,B6T0000001022,E3,2,4,9,67,深位,85860.0,86340.71549868953,86372.60295397682,512.6029539768206,否
IN0331,B6T0000001022,E3,2,3,9,68,浅位,85860.0,86394.46449054043,86426.52585887119,566.5258588711877,否
IN0331,B6T0000001022,E3,2,3,9,68,深位,85860.0,86448.52072876813,86480.58209709889,620.5820970988862,否
IN0331,B6T0000001022,E3,2,4,9,68,浅位,85860.0,86502.57696699582,86534.63833532658,674.6383353265846,否
IN0331,B6T0000001022,E3,2,4,9,68,深位,85860.0,86556.63320522352,86588.69457355428,728.6945735542831,否
IN0331,B6T0000001022,E3,2,3,10,63,浅位,85860.0,86610.68944345122,86642.77679671,782.7767967099935,否
IN0331,B6T0000001022,E3,2,3,10,63,深位,85860.0,86664.83621357205,86696.92356683082,836.9235668308247,否
IN0331,B6T0000001022,E3,2,4,10,63,浅位,85860.0,86718.98298369288,86751.07033695166,891.0703369516559,是
IN0331,B6T0000001022,E3,2,3,26,1,浅位,85860.0,86807.49792315856,86836.12550936546,976.1255093654618,是
IN0331,B6T0000001022,E3,2,3,26,1,深位,85860.0,86864.75309557235,86893.38068177925,1033.3806817792502,是
IN0331,B6T0000001022,E3,2,4,26,1,浅位,85860.0,86922.00826798614,86950.63585419304,1090.6358541930385,是
IN0331,B6T0000001022,E3,2,4,26,1,深位,85860.0,86979.26344039993,87007.89102660683,1147.891026606827,否
IN0331,B6T0000001022,E3,2,4,10,63,深位,85860.0,87026.14654765549,87058.23390091426,1198.2339009142597,否
IN0331,B6T0000001022,E3,2,3,10,64,浅位,85860.0,87080.29331777632,87112.55458407858,1252.554584078578,否
IN0331,B6T0000001022,E3,2,3,10,64,深位,85860.0,87134.74733427395,87167.00860057621,1307.0086005762132,否
IN0331,B6T0000001022,E3,2,4,10,64,浅位,85860.0,87189.20135077159,87221.46261707385,1361.4626170738484,是
IN0331,B6T0000001022,E3,2,4,14,5,浅位,85860.0,87264.68511648086,87287.5089765738,1427.508976573794,是
IN0110,B6T0000000318,E4,2,4,48,4,深位,85200.0,87310.33283666673,87357.0811125288,2157.081112528802,是
IN0110,B6T0000000318,E4,2,3,46,13,深位,85200.0,87415.34396423215,87463.57920471411,2263.579204714115,是
IN0414,B6T0000001266,E3,2,3,9,8,浅位,90000.0,90000.0,90020.14213562373,20.142135623726062,否
IN0414,B6T0000001266,E3,2,3,9,8,深位,90000.0,90032.12998311028,90052.272118734,52.27211873400665,否
IN0414,B6T0000001266,E3,2,4,9,8,浅位,90000.0,90064.25996622056,90084.40210184429,84.40210184428724,否
IN0335,B6T0000001035,E3,2,4,9,8,深位,90360.0,90360.0,90380.14213562373,20.142135623726062,否
IN0335,B6T0000001035,E3,2,3,9,11,浅位,90360.0,90392.12998311028,90413.24851406523,53.24851406522794,否
IN0335,B6T0000001035,E3,2,3,9,11,深位,90360.0,90426.10967608518,90447.22820704013,87.22820704012702,否
IN0335,B6T0000001035,E3,2,3,17,1,浅位,90360.0,90460.08936906008,90482.51005871526,122.51005871525558,否
IN0335,B6T0000001035,E3,2,3,17,1,深位,90360.0,90495.96557976391,90518.38626941909,158.38626941909024,否
IN0335,B6T0000001035,E3,2,4,17,1,浅位,90360.0,90531.84179046775,90554.26248012292,194.2624801229249,否
IN0335,B6T0000001035,E3,2,4,17,1,深位,90360.0,90567.71800117158,90590.13869082676,230.13869082675956,否
IN0335,B6T0000001035,E3,2,4,14,5,深位,90360.0,90603.59421187542,90626.41807196835,266.41807196835,否
IN0599,B6T0000001777,E1,2,3,2,9,浅位,95100.0,95100.0,95115.46410161514,15.46410161514359,否
IN0599,B6T0000001777,E1,2,3,2,9,深位,95100.0,95123.65909188589,95139.12319350103,39.123193501029164,否
IN0599,B6T0000001777,E1,2,4,2,9,浅位,95100.0,95147.31818377177,95162.78228538691,62.78228538691474,否
IN0599,B6T0000001777,E1,2,3,3,13,浅位,95100.0,95170.97727565766,95188.66051416358,88.66051416358096,否
IN0592,B6T0000001763,E1,2,3,3,13,深位,96180.0,96180.0,96197.68323850592,17.683238505924237,否
IN0592,B6T0000001763,E1,2,4,3,13,浅位,96180.0,96207.78452842127,96225.46776692719,45.467766927191406,否
IN0592,B6T0000001763,E1,2,4,3,13,深位,96180.0,96235.56905684253,96253.25229534846,73.25229534845857,否
IN0592,B6T0000001763,E1,2,3,2,18,浅位,96180.0,96263.3535852638,96281.30296825318,101.30296825317782,否
IN0352,B6T0000001090,E3,2,3,13,8,浅位,96420.0,96420.0,96443.318923215,23.31892321500345,否
IN0352,B6T0000001090,E3,2,3,13,8,深位,96420.0,96457.90047204267,96481.21939525768,61.219395257678116,否
IN0352,B6T0000001090,E3,2,4,13,8,浅位,96420.0,96495.80094408535,96519.11986730035,99.11986730035278,否
IN0352,B6T0000001090,E3,2,4,13,8,深位,96420.0,96533.70141612802,96557.02033934303,137.02033934302744,否
IN0352,B6T0000001090,E3,2,4,10,64,深位,96420.0,96571.6018881707,96603.86315447296,183.86315447295783,否
IN0352,B6T0000001090,E3,2,3,10,65,浅位,96420.0,96626.05590466833,96658.49108401407,238.49108401406556,否
IN0352,B6T0000001090,E3,2,3,10,65,深位,96420.0,96680.81716754279,96713.25234688852,293.25234688851924,否
IN0352,B6T0000001090,E3,2,4,10,65,浅位,96420.0,96735.57843041724,96768.01360976297,348.0136097629729,否
IN0352,B6T0000001090,E3,2,4,10,65,深位,96420.0,96790.3396932917,96822.77487263743,402.7748726374266,否
IN0352,B6T0000001090,E3,2,3,11,61,浅位,96420.0,96845.10095616615,96877.6576908455,457.65769084550266,否
IN0352,B6T0000001090,E3,2,3,11,61,深位,96420.0,96900.1176881767,96932.67442285606,512.6744228560565,否
IN0352,B6T0000001090,E3,2,4,11,61,浅位,96420.0,96955.13442018726,96987.69115486661,567.6911548666103,否
IN0352,B6T0000001090,E3,2,4,11,61,深位,96420.0,97010.15115219781,97042.70788687716,622.7078868771641,否
IN0352,B6T0000001090,E3,2,3,10,66,浅位,96420.0,97065.16788420836,97097.77697659758,677.7769765975827,否
IN0352,B6T0000001090,E3,2,3,10,66,深位,96420.0,97120.23639345962,97152.84548584884,732.8454858488403,否
IN0352,B6T0000001090,E3,2,4,10,66,浅位,96420.0,97175.30490271088,97207.9139951001,787.913995100098,否
IN0352,B6T0000001090,E3,2,4,10,66,深位,96420.0,97230.37341196214,97262.98250435136,842.9825043513556,否
IN0352,B6T0000001090,E3,2,3,11,62,浅位,96420.0,97285.4419212134,97318.17256893624,898.1725689362356,否
IN0352,B6T0000001090,E3,2,3,11,62,深位,96420.0,97340.76589960077,97373.49654732361,953.496547323608,否
IN0352,B6T0000001090,E3,2,4,11,62,浅位,96420.0,97396.08987798814,97428.82052571098,1008.8205257109803,否
IN0352,B6T0000001090,E3,2,4,11,62,深位,96420.0,97451.41385637551,97484.14450409835,1064.1445040983526,否
IN0352,B6T0000001090,E3,2,3,10,67,浅位,96420.0,97506.73783476288,97539.52084019558,1119.5208401955751,否
IN0352,B6T0000001090,E3,2,3,10,67,深位,96420.0,97562.11359039096,97594.89659582365,1174.8965958236513,否
IN0352,B6T0000001090,E3,2,4,10,67,浅位,96420.0,97617.48934601904,97650.27235145173,1230.2723514517274,是
IN0352,B6T0000001090,E3,2,3,24,2,浅位,96420.0,97705.48238777187,97733.55909075869,1313.5590907586884,是
IN0352,B6T0000001090,E3,2,3,24,2,深位,96420.0,97761.6357937455,97789.71249673232,1369.712496732318,是
IN0352,B6T0000001090,E3,2,4,24,2,浅位,96420.0,97817.78919971913,97845.86590270595,1425.8659027059475,是
IN0352,B6T0000001090,E3,2,4,24,2,深位,96420.0,97873.94260569276,97902.01930867958,1482.019308679577,否
IN0352,B6T0000001090,E3,2,4,10,67,深位,96420.0,97919.94913080771,97952.7321362404,1532.7321362404036,是
IN0547,B6T0000001639,E1,2,3,2,18,深位,104460.0,104460.0,104477.94938298938,17.949382989376318,否
IN0547,B6T0000001639,E1,2,4,2,18,浅位,104460.0,104488.36727649852,104506.3166594879,46.316659487900324,否
IN0547,B6T0000001639,E1,2,3,6,14,浅位,104460.0,104516.73455299705,104536.85111735131,76.85111735131068,否
IN0547,B6T0000001639,E1,2,3,6,14,深位,104460.0,104548.96042316667,104569.07698752094,109.07698752093711,否
IN0547,B6T0000001639,E1,2,4,6,14,浅位,104460.0,104581.1862933363,104601.30285769056,141.30285769056354,否
IN0547,B6T0000001639,E1,2,4,6,14,深位,104460.0,104613.41216350593,104633.52872786019,173.52872786018997,否
IN0547,B6T0000001639,E1,2,3,4,21,深位,104460.0,104645.63803367555,104666.0946876876,206.0946876875969,否
IN0547,B6T0000001639,E1,2,4,4,22,深位,104460.0,104678.6127420993,104699.28507624108,239.2850762410817,否
IN0547,B6T0000001639,E1,2,4,8,12,深位,104460.0,104711.99604082538,104732.67021074807,272.6702107480669,否
IN0547,B6T0000001639,E1,2,3,1,41,深位,104460.0,104745.19153942235,104766.07197420496,306.07197420495504,否
IN0547,B6T0000001639,E1,2,4,5,23,深位,104460.0,104779.15922421744,104800.75088726406,340.750887264061,否
IN0547,B6T0000001639,E1,2,4,2,37,深位,104460.0,104814.22891098545,104835.87779520928,375.8777952092787,否
IN0547,B6T0000001639,E1,2,3,4,27,深位,104460.0,104849.58739874102,104871.27120620856,411.27120620856294,否
IN0547,B6T0000001639,E1,2,4,4,27,浅位,104460.0,104884.8868600384,104906.57066750595,446.5706675059482,否
IN0547,B6T0000001639,E1,2,4,4,27,深位,104460.0,104920.18632133579,104941.87012880333,481.8701288033335,否
IN0547,B6T0000001639,E1,2,3,5,28,浅位,104460.0,104955.48578263317,104978.06878787743,518.0687878774334,否
IN0547,B6T0000001639,E1,2,3,8,21,深位,104460.0,104992.43349501595,105015.34461309828,555.3446130982775,否
IN0547,B6T0000001639,E1,2,4,7,24,深位,104460.0,105029.86672903139,105052.87579055344,592.875790553444,否
IN0547,B6T0000001639,E1,2,4,5,31,深位,104460.0,105067.52719205109,105090.66272077675,630.6627207767451,否
IN0547,B6T0000001639,E1,2,4,1,55,深位,104460.0,105105.5216199407,105128.83683733201,668.8368373320118,否
IN0547,B6T0000001639,E1,2,4,5,33,深位,104460.0,105143.8031638272,105167.29228912028,707.2922891202761,否
IN0547,B6T0000001639,E1,2,3,2,48,深位,104460.0,105182.46745466877,105206.02938237086,746.0293823708635,否
IN0547,B6T0000001639,E1,2,3,6,31,浅位,104460.0,105221.25780949561,105245.02658780199,785.0265878019854,否
IN0547,B6T0000001639,E1,2,3,6,31,深位,104460.0,105260.40253308347,105284.17131138984,824.171311389844,否
IN0547,B6T0000001639,E1,2,4,6,31,浅位,104460.0,105299.54725667133,105323.3160349777,863.3160349777027,否
IN0547,B6T0000001639,E1,2,3,1,59,浅位,104460.0,105338.69198025919,105362.7028498244,902.7028498244035,否
IN0547,B6T0000001639,E1,2,3,1,59,深位,104460.0,105378.20250965293,105402.21337921814,942.2133792181412,否
IN0547,B6T0000001639,E1,2,4,1,59,浅位,104460.0,105417.71303904666,105441.72390861188,981.7239086118789,否
IN0608,B6T0000001801,E1,2,3,1,35,浅位,113640.0,113640.0,113659.83695652174,19.83695652174356,否
IN0608,B6T0000001801,E1,2,3,1,35,深位,113640.0,113672.05295492786,113691.8899114496,51.88991144960164,否
IN0608,B6T0000001801,E1,2,4,1,35,浅位,113640.0,113704.10590985572,113723.94286637746,83.94286637745972,否
IN0608,B6T0000001801,E1,2,3,4,28,浅位,113640.0,113736.15886478357,113758.03337264997,118.03337264996662,否
IN0608,B6T0000001801,E1,2,4,1,59,深位,113640.0,113771.81959410186,113795.83046366708,155.83046366708004,否
IN0608,B6T0000001801,E1,2,3,1,60,浅位,113640.0,113811.3301234956,113835.51490610429,195.51490610429028,否
IN0608,B6T0000001801,E1,2,3,1,60,深位,113640.0,113851.14789926616,113875.33268187485,235.33268187484646,否
IN0608,B6T0000001801,E1,2,3,5,37,深位,113640.0,113890.96567503671,113915.1504576454,275.15045764540264,否
IN0099,B6T0000000275,E4,2,3,43,9,浅位,115020.0,115020.0,115064.43793103448,44.43793103448115,否
IN0099,B6T0000000275,E4,2,3,43,9,深位,115020.0,115095.40449418048,115139.84242521496,119.84242521495617,否
IN0099,B6T0000000275,E4,2,4,43,9,浅位,115020.0,115170.80898836095,115215.24691939543,195.24691939543118,否
IN0099,B6T0000000275,E4,2,4,43,9,深位,115020.0,115246.21348254143,115290.6514135759,270.6514135759062,否
IN0274,B6T0000000824,E3,2,3,17,2,浅位,116880.0,116880.0,116903.24911677992,23.24911677991622,否
IN0274,B6T0000000824,E3,2,3,17,2,深位,116880.0,116917.44560557471,116940.69472235463,60.69472235463036,否
IN0274,B6T0000000824,E3,2,4,17,2,浅位,116880.0,116954.89121114943,116978.14032792934,98.1403279293445,否
IN0253,B6T0000000743,E3,2,4,17,2,深位,118680.0,118680.0,118703.24911677992,23.24911677991622,是
IN0253,B6T0000000743,E3,2,3,12,14,浅位,118680.0,118752.18139766245,118776.6191635861,96.61916358610324,是
IN0253,B6T0000000743,E3,2,3,12,14,深位,118680.0,118821.07698261293,118845.51474853657,165.5147485365742,否
IN0253,B6T0000000743,E3,2,4,12,14,浅位,118680.0,118861.15230065885,118885.5900665825,205.5900665825029,否
IN0337,B6T0000001038,E3,2,4,12,14,深位,119700.0,119700.0,119724.43776592365,24.43776592364884,否
IN0337,B6T0000001038,E3,2,3,21,2,浅位,119700.0,119740.07531804593,119766.0830555155,66.08305551549711,否
IN0073,B6T0000000204,E4,2,3,43,13,浅位,122640.0,122640.0,122685.64903358542,45.64903358541778,否
IN0073,B6T0000000204,E4,2,3,43,13,深位,122640.0,122717.69883978405,122763.34787336946,123.34787336946465,否
IN0073,B6T0000000204,E4,2,4,43,13,浅位,122640.0,122795.3976795681,122841.04671315351,201.04671315351152,否
IN0073,B6T0000000204,E4,2,4,43,13,深位,122640.0,122873.09651935214,122918.74555293756,278.7455529375584,否
IN0073,B6T0000000204,E4,2,4,43,28,深位,122640.0,122950.79535913619,122999.81629541493,359.8162954149302,否
IN0323,B6T0000000973,E3,2,3,9,4,浅位,125640.0,125640.0,125658.48528137423,18.485281374232727,否
IN0323,B6T0000000973,E3,2,3,9,4,深位,125640.0,125668.9911933685,125687.47647474274,47.47647474273981,否
IN0323,B6T0000000973,E3,2,4,9,4,浅位,125640.0,125697.98238673701,125716.46766811125,76.4676681112469,否
IN0412,B6T0000001252,E3,2,4,9,4,深位,127260.0,127260.0,127278.48528137423,18.485281374232727,否
IN0412,B6T0000001252,E3,2,3,21,2,深位,127260.0,127288.9911933685,127314.99893083808,54.99893083807547,否
IN0502,B6T0000001507,E1,2,3,4,3,浅位,145440.0,145440.0,145454.75560423726,14.755604237259831,否
IN0502,B6T0000001507,E1,2,3,4,3,深位,145440.0,145462.17448471318,145476.93008895044,36.930088950437494,否
IN0502,B6T0000001507,E1,2,4,4,3,浅位,145440.0,145484.34896942636,145499.10457366362,59.104573663615156,否
IN0079,B6T0000000219,E4,2,3,43,1,浅位,145680.0,145680.0,145720.43793103448,40.43793103448115,否
IN0079,B6T0000000219,E4,2,3,43,1,深位,145680.0,145747.8267854165,145788.26471645097,108.26471645096899,否
IN0079,B6T0000000219,E4,2,4,43,1,浅位,145680.0,145815.65357083298,145856.09150186746,176.09150186745683,否
IN0079,B6T0000000219,E4,2,4,43,1,深位,145680.0,145883.48035624946,145923.91828728394,243.91828728394466,否
IN0079,B6T0000000219,E4,2,3,47,14,深位,145680.0,145951.30714166595,146000.67666333605,320.676663336053,否
IN0079,B6T0000000219,E4,2,3,43,30,深位,145680.0,146035.63661021498,146085.02899239957,405.0289923995733,否
IN0079,B6T0000000219,E4,2,3,49,11,深位,145680.0,146120.4269513707,146170.670545779,490.670545778994,否
IN0079,B6T0000000219,E4,2,3,43,46,深位,145680.0,146206.20350456866,146258.39143560315,578.3914356031455,否
IN0079,B6T0000000219,E4,2,4,45,39,深位,145680.0,146296.12476893648,146348.81944659766,668.8194465976558,否
IN0079,B6T0000000219,E4,2,3,43,49,浅位,145680.0,146386.924171966,146439.63384213092,759.6338421309192,否
IN0079,B6T0000000219,E4,2,3,43,49,深位,145680.0,146477.76717546425,146530.47684562916,850.476845629164,否
IN0079,B6T0000000219,E4,2,4,43,49,浅位,145680.0,146568.6101789625,146621.3198491274,941.3198491274088,否
IN0033,B6T0000000102,E4,2,4,43,49,深位,145740.0,146659.45318246074,146712.16285262565,972.1628526256536,否
IN0033,B6T0000000102,E4,2,3,43,50,浅位,145740.0,146750.29618595899,146803.1797691674,1063.1797691673855,否
IN0633,B6T0000001895,E1,2,3,1,18,浅位,168780.0,168780.0,168796.48528137425,16.48528137424728,否
IN0633,B6T0000001895,E1,2,3,3,13,深位,168780.0,168805.7077409205,168823.39097942645,43.3909794264473,否
IN0633,B6T0000001895,E1,2,4,3,13,浅位,168780.0,168833.49226934178,168851.1755078477,71.17550784771447,否
IN0633,B6T0000001895,E1,2,4,3,13,深位,168780.0,168861.27679776304,168878.96003626898,98.96003626898164,否
IN0633,B6T0000001895,E1,2,4,6,9,浅位,168780.0,168889.0613261843,168907.69457576502,127.69457576502464,否
IN0633,B6T0000001895,E1,2,4,6,9,深位,168780.0,168918.4771645141,168937.11041409482,157.1104140948155,否
IN0391,B6T0000001189,E3,2,3,18,5,浅位,168960.0,168960.0,168985.58248078258,25.582480782584753,否
IN0391,B6T0000001189,E3,2,3,18,5,深位,168960.0,169001.7824807826,169027.36496156518,67.36496156518115,否
IN0391,B6T0000001189,E3,2,4,18,5,浅位,168960.0,169043.5649615652,169069.14744234778,109.14744234777754,否
IN0391,B6T0000001189,E3,2,4,18,5,深位,168960.0,169085.3474423478,169110.92992313037,150.92992313037394,否
IN0391,B6T0000001189,E3,2,4,21,2,浅位,168960.0,169127.1299231304,169153.13766059995,193.13766059995396,否
IN0391,B6T0000001189,E3,2,4,21,2,深位,168960.0,169169.4674827281,169195.47522019767,235.4752201976662,否
IN0154,B6T0000000451,E3,2,3,25,3,浅位,169200.0,169211.8050423258,169241.20707497542,41.207074975420255,否
IN0154,B6T0000000451,E3,2,3,25,3,深位,169200.0,169260.23879498572,169289.64082763533,89.64082763533224,否
IN0154,B6T0000000451,E3,2,4,25,3,浅位,169200.0,169308.67254764563,169338.07458029524,138.07458029524423,否
IN0154,B6T0000000451,E3,2,4,14,37,浅位,169200.0,169357.10630030555,169387.64280705218,187.6428070521797,否
IN0154,B6T0000000451,E3,2,4,14,37,深位,169200.0,169408.5906501258,169439.12715687245,239.1271568724478,否
IN0299,B6T0000000897,E3,2,3,18,28,浅位,170100.0,170100.0,170131.69335007184,31.69335007184418,否
IN0299,B6T0000000897,E3,2,3,18,28,深位,170100.0,170153.3590777248,170185.05242779665,85.05242779664695,否
IN0299,B6T0000000897,E3,2,3,11,63,浅位,170100.0,170206.7181554496,170239.62271621593,139.6227162159339,否
IN0299,B6T0000000897,E3,2,3,11,63,深位,170100.0,170262.3493802138,170295.25394098012,195.25394098012475,否
IN0299,B6T0000000897,E3,2,4,11,63,浅位,170100.0,170317.980604978,170350.88516574432,250.8851657443156,否
IN0299,B6T0000000897,E3,2,4,11,63,深位,170100.0,170373.61182974218,170406.5163905085,306.51639050850645,否
IN0299,B6T0000000897,E3,2,3,10,68,浅位,170100.0,170429.24305450637,170462.19997298255,362.1999729825475,否
IN0299,B6T0000000897,E3,2,3,10,68,深位,170100.0,170484.92605651126,170517.88297498744,417.88297498744214,否
IN0299,B6T0000000897,E3,2,4,10,68,浅位,170100.0,170540.60905851616,170573.56597699234,473.5659769923368,否
IN0299,B6T0000000897,E3,2,4,10,68,深位,170100.0,170596.29206052105,170629.24897899723,529.2489789972315,否
IN0299,B6T0000000897,E3,2,3,11,64,浅位,170100.0,170651.97506252595,170685.05353633573,585.053536335734,否
IN0299,B6T0000000897,E3,2,3,11,64,深位,170100.0,170707.91353366693,170740.9920074767,640.9920074767142,否
IN0299,B6T0000000897,E3,2,4,11,64,浅位,170100.0,170763.8520048079,170796.9304786177,696.9304786176945,否
IN0299,B6T0000000897,E3,2,4,11,64,深位,170100.0,170819.7904759489,170852.86894975867,752.8689497586747,否
IN0299,B6T0000000897,E3,2,3,12,60,浅位,170100.0,170875.72894708987,170908.86818084866,808.8681808486581,否
IN0299,B6T0000000897,E3,2,3,12,60,深位,170100.0,170931.81245275866,170964.95168651745,864.9516865174519,否
IN0299,B6T0000000897,E3,2,4,12,60,浅位,170100.0,170987.89595842746,171021.03519218625,921.0351921862457,否
IN0299,B6T0000000897,E3,2,4,12,60,深位,170100.0,171043.97946409625,171077.11869785504,977.1186978550395,否
IN0299,B6T0000000897,E3,2,4,21,25,深位,170100.0,171100.06296976504,171133.24228010987,1033.2422801098728,否
IN0299,B6T0000000897,E3,2,3,11,65,浅位,170100.0,171155.98655201987,171189.23893887314,1089.238938873139,否
IN0299,B6T0000000897,E3,2,3,11,65,深位,170100.0,171212.23226953766,171245.48465639094,1145.4846563909377,否
IN0580,B6T0000001724,E1,2,3,2,4,浅位,178740.0,178740.0,178753.46410161513,13.464101615129039,否
IN0580,B6T0000001724,E1,2,3,2,4,深位,178740.0,178759.87023750387,178773.334339119,33.334339118999196,否
IN0580,B6T0000001724,E1,2,4,2,4,浅位,178740.0,178779.74047500774,178793.20457662287,53.204576622869354,否
IN0580,B6T0000001724,E1,2,4,2,4,深位,178740.0,178799.6107125116,178813.07481412674,73.07481412673951,否
IN0580,B6T0000001724,E1,2,3,1,10,浅位,178740.0,178819.48095001548,178833.80550533583,93.80550533582573,否
IN0580,B6T0000001724,E1,2,3,1,10,深位,178740.0,178841.09535274716,178855.4199080675,115.41990806750255,否
IN0580,B6T0000001724,E1,2,4,1,10,浅位,178740.0,178862.70975547883,178877.03431079918,137.03431079917937,否
IN0269,B6T0000000810,E3,2,3,9,17,浅位,179580.0,179580.0,179602.73149262546,22.731492625462124,否
IN0269,B6T0000000810,E3,2,3,9,17,深位,179580.0,179617.0353314216,179639.76682404705,59.76682404705207,否
IN0269,B6T0000000810,E3,2,4,9,17,浅位,179580.0,179654.07066284318,179676.80215546864,96.80215546864201,否
IN0269,B6T0000000810,E3,2,4,9,17,深位,179580.0,179691.10599426477,179713.83748689023,133.83748689023196,否
IN0269,B6T0000000810,E3,2,3,13,8,浅位,179580.0,179728.14132568636,179751.46024890136,171.46024890136323,否
IN0269,B6T0000000810,E3,2,3,13,8,深位,179580.0,179766.04179772903,179789.36072094404,209.3607209440379,否
IN0269,B6T0000000810,E3,2,4,13,8,浅位,179580.0,179803.9422697717,179827.2611929867,247.26119298671256,否
IN0269,B6T0000000810,E3,2,3,15,5,浅位,179580.0,179841.84274181438,179865.35625707972,285.3562570797221,否
IN0269,B6T0000000810,E3,2,3,15,5,深位,179580.0,179879.95625707973,179903.46977234507,323.4697723450663,否
IN0269,B6T0000000810,E3,2,4,15,5,浅位,179580.0,179918.06977234507,179941.5832876104,361.5832876104105,否
IN0269,B6T0000000810,E3,2,4,15,5,深位,179580.0,179956.18328761042,179979.69680287575,399.69680287575466,否
IN0269,B6T0000000810,E3,2,3,13,11,深位,179580.0,179994.29680287576,180018.592121422,438.59212142199976,否
IN0269,B6T0000000810,E3,2,3,22,2,浅位,179580.0,180034.04698478305,180060.74437742503,480.7443774250278,否
IN0269,B6T0000000810,E3,2,3,22,2,深位,179580.0,180077.6075328865,180104.30492552847,524.3049255284714,否
IN0269,B6T0000000810,E3,2,4,22,2,浅位,179580.0,180121.16808098994,180147.86547363191,567.8654736319149,否
IN0269,B6T0000000810,E3,2,4,22,2,深位,179580.0,180164.72862909338,180191.42602173536,611.4260217353585,否
IN0269,B6T0000000810,E3,2,4,13,23,浅位,179580.0,180208.28917719683,180235.54290920898,655.5429092089762,否
IN0269,B6T0000000810,E3,2,4,13,23,深位,179580.0,180253.64385801618,180280.89759002833,700.8975900283258,否
IN0269,B6T0000000810,E3,2,3,23,3,深位,179580.0,180298.99853883553,180327.02126114033,747.0212611403258,否
IN0269,B6T0000000810,E3,2,4,16,18,深位,179580.0,180344.98631448395,180373.20263034094,793.2026303409366,否
IN0269,B6T0000000810,E3,2,3,24,6,浅位,179580.0,180391.92543005868,180422.0726854063,842.0726854063105,否
IN0269,B6T0000000810,E3,2,3,24,6,深位,179580.0,180441.85446586634,180472.00172121398,892.0017212139792,否
IN0269,B6T0000000810,E3,2,4,24,6,浅位,179580.0,180491.783501674,180521.93075702165,941.9307570216479,否
IN0269,B6T0000000810,E3,2,4,24,6,深位,179580.0,180541.71253748168,180571.85979282932,991.8597928293166,是
IN0269,B6T0000000810,E3,2,4,11,65,浅位,179580.0,180619.54324628235,180652.79563313563,1072.7956331356254,是
IN0269,B6T0000000810,E3,2,4,11,65,深位,179580.0,180692.40493954724,180725.6573264005,1145.6573264005128,否
IN0269,B6T0000000810,E3,2,3,17,41,浅位,179580.0,180748.65065706504,180781.9517815028,1201.9517815028084,否
IN0269,B6T0000000810,E3,2,3,17,41,深位,179580.0,180805.0727050201,180838.37382945788,1258.3738294578798,否
IN0269,B6T0000000810,E3,2,3,12,61,浅位,179580.0,180861.49475297518,180894.80789977746,1314.8078997774574,否
IN0269,B6T0000000810,E3,2,3,12,61,深位,179580.0,180917.8855050208,180951.19865182307,1371.1986518230697,否
IN0269,B6T0000000810,E3,2,4,12,61,浅位,179580.0,180974.2762570664,181007.58940386868,1427.589403868682,否
IN0269,B6T0000000810,E3,2,4,12,61,深位,179580.0,181030.66700911202,181063.9801559143,1483.9801559142943,否
IN0269,B6T0000000810,E3,2,3,11,66,浅位,179580.0,181087.05776115763,181120.4840610544,1540.4840610543906,否
IN0269,B6T0000000810,E3,2,3,11,66,深位,179580.0,181143.61072505225,181177.037024949,1597.037024949008,否
IN0269,B6T0000000810,E3,2,4,11,66,浅位,179580.0,181200.16368894686,181233.58998884363,1653.5899888436252,否
IN0269,B6T0000000810,E3,2,4,11,66,深位,179580.0,181256.71665284148,181290.14295273824,1710.1429527382425,否
IN0269,B6T0000000810,E3,2,3,12,62,浅位,179580.0,181313.2696167361,181346.75667658186,1766.7566765818628,否
IN0269,B6T0000000810,E3,2,3,12,62,深位,179580.0,181369.96761515853,181403.4546750043,1823.4546750042937,否
IN0269,B6T0000000810,E3,2,4,12,62,浅位,179580.0,181426.66561358096,181460.15267342672,1880.1526734267245,是
IN0266,B6T0000000783,E3,2,3,9,12,浅位,179640.0,181499.8896789474,181521.3031635519,1881.3031635519,是
IN0266,B6T0000000783,E3,2,3,9,12,深位,179640.0,181542.71664815643,181564.13013276094,1924.13013276094,是
IN0262,B6T0000000776,E3,2,4,9,12,浅位,183660.0,183660.0,183681.4134846045,21.413484604505356,否
IN0262,B6T0000000776,E3,2,4,9,12,深位,183660.0,183694.53846118873,183715.95194579323,55.95194579323288,否
IN0167,B6T0000000488,E3,2,3,17,2,浅位,188820.0,188820.0,188843.24911677992,23.24911677991622,否
IN0167,B6T0000000488,E3,2,3,17,2,深位,188820.0,188857.44560557473,188880.69472235464,60.69472235464491,是
IN0167,B6T0000000488,E3,2,4,17,2,浅位,188820.0,188918.56885209508,188941.817968875,121.81796887499513,是
IN0167,B6T0000000488,E3,2,3,13,14,浅位,188820.0,188979.69209861543,189004.8374823545,184.8374823544873,是
IN0167,B6T0000000488,E3,2,3,13,14,深位,188820.0,189029.98286609355,189055.1282498326,235.12824983260361,是
IN0167,B6T0000000488,E3,2,4,13,14,浅位,188820.0,189080.27363357166,189105.41901731072,285.41901731071994,否
IN0167,B6T0000000488,E3,2,4,13,14,深位,188820.0,189121.6342020944,189146.77958583346,326.77958583345753,否
IN0167,B6T0000000488,E3,2,4,12,62,深位,188820.0,189162.99477061714,189196.4818304629,376.4818304629007,否
IN0167,B6T0000000488,E3,2,3,14,54,浅位,188820.0,189219.69276903957,189253.18579752534,433.18579752533697,否
IN0167,B6T0000000488,E3,2,3,14,54,深位,188820.0,189276.452464192,189309.94549267777,489.9454926777689,否
IN0167,B6T0000000488,E3,2,4,24,17,深位,188820.0,189333.21215934443,189366.70664645772,546.706646457722,否
IN0167,B6T0000000488,E3,2,4,31,3,深位,188820.0,189389.48228202356,189423.02224570766,603.0222457076597,否
IN0167,B6T0000000488,E3,2,3,11,67,浅位,188820.0,189445.25396571797,189478.8541786582,658.8541786581918,否
IN0167,B6T0000000488,E3,2,3,11,67,深位,188820.0,189502.1141759894,189535.71438892963,715.7143889296276,否
IN0167,B6T0000000488,E3,2,4,11,67,浅位,188820.0,189558.97438626084,189592.57459920106,772.5745992010634,否
IN0167,B6T0000000488,E3,2,4,11,67,深位,188820.0,189615.83459653228,189649.4348094725,829.4348094724992,否
IN0167,B6T0000000488,E3,2,3,12,63,浅位,188820.0,189672.69480680372,189706.35577969294,886.3557796929381,否
IN0167,B6T0000000488,E3,2,3,12,63,深位,188820.0,189729.70005160294,189763.36102449216,943.3610244921583,否
IN0167,B6T0000000488,E3,2,4,12,63,浅位,188820.0,189786.70529640216,189820.36626929138,1000.3662692913786,否
IN0167,B6T0000000488,E3,2,4,12,63,深位,188820.0,189843.71054120138,189877.3715140906,1057.3715140905988,否
IN0167,B6T0000000488,E3,2,3,13,59,浅位,188820.0,189900.7157860006,189934.38872453134,1114.388724531338,否
IN0167,B6T0000000488,E3,2,3,13,59,深位,188820.0,189957.7772957694,189991.45023430014,1171.4502343001368,否
IN0167,B6T0000000488,E3,2,4,13,59,浅位,188820.0,190014.8388055382,190048.51174406894,1228.5117440689355,否
IN0167,B6T0000000488,E3,2,4,13,59,深位,188820.0,190071.900315307,190105.57325383773,1285.5732538377342,否
IN0167,B6T0000000488,E3,2,4,23,21,深位,188820.0,190128.9618250758,190162.68559715536,1342.6855971553596,否
IN0167,B6T0000000488,E3,2,3,11,68,浅位,188820.0,190185.74982443478,190219.5239504185,1399.5239504184865,否
IN0167,B6T0000000488,E3,2,3,11,68,深位,188820.0,190242.917281083,190276.6914070667,1456.6914070667117,否
IN0167,B6T0000000488,E3,2,4,11,68,浅位,188820.0,190300.08473773123,190333.85886371494,1513.858863714937,否
IN0167,B6T0000000488,E3,2,4,11,68,深位,188820.0,190357.25219437946,190391.02632036316,1571.026320363162,否
IN0167,B6T0000000488,E3,2,3,12,64,浅位,188820.0,190414.41965102768,190448.2545369604,1628.2545369603904,否
IN0167,B6T0000000488,E3,2,3,12,64,深位,188820.0,190471.73214220372,190505.56702813643,1685.5670281364291,否
IN0167,B6T0000000488,E3,2,4,12,64,浅位,188820.0,190529.04463337976,190562.87951931247,1742.879519312468,否
IN0167,B6T0000000488,E3,2,4,12,64,深位,188820.0,190586.3571245558,190620.1920104885,1800.1920104885066,否
IN0167,B6T0000000488,E3,2,3,13,60,浅位,188820.0,190643.66961573184,190677.51646730604,1857.5164673060353,否
IN0167,B6T0000000488,E3,2,3,13,60,深位,188820.0,190701.03837187745,190734.88522345165,1914.8852234516526,否
IN0167,B6T0000000488,E3,2,4,13,60,浅位,188820.0,190758.40712802307,190792.25397959727,1972.2539795972698,否
IN0167,B6T0000000488,E3,2,4,13,60,深位,188820.0,190815.7758841687,190849.6227357429,2029.622735742887,否
IN0167,B6T0000000488,E3,2,3,12,65,浅位,188820.0,190873.1446403143,190907.1534392905,2087.1534392905014,否
IN0167,B6T0000000488,E3,2,3,12,65,深位,188820.0,190930.76437786716,190964.77317684336,2144.7731768433587,否
IN0578,B6T0000001714,E1,2,4,1,10,深位,194340.0,194340.0,194354.32455532035,14.324555320345098,否
IN0578,B6T0000001714,E1,2,3,1,20,浅位,194340.0,194361.61440273168,194378.55867464168,38.55867464168114,否
IN0578,B6T0000001714,E1,2,3,3,38,浅位,194340.0,194388.19166780353,194411.0224994107,71.02249941069749,是
IN0038,B6T0000000116,E4,2,4,46,2,浅位,202620.0,202620.0,202663.85256505577,43.852565055771265,否
IN0038,B6T0000000116,E4,2,4,46,2,深位,202620.0,202693.9823871839,202737.83495223967,117.83495223967475,否
IN0038,B6T0000000116,E4,2,3,43,50,深位,202620.0,202767.9647743678,202820.8483575762,200.8483575762075,否
IN0038,B6T0000000116,E4,2,4,43,50,浅位,202620.0,202859.11502424287,202911.99860745127,291.9986074512708,否
IN0038,B6T0000000116,E4,2,4,43,50,深位,202620.0,202950.26527411793,203003.14885732633,383.1488573263341,否
IN0038,B6T0000000116,E4,2,3,43,51,浅位,202620.0,203041.415523993,203094.47302024488,474.47302024488454,否
IN0038,B6T0000000116,E4,2,3,43,51,深位,202620.0,203132.87302024488,203185.93051649677,565.9305164967664,否
IN0038,B6T0000000116,E4,2,4,43,51,浅位,202620.0,203224.33051649676,203277.38801274865,657.3880127486482,否
IN0038,B6T0000000116,E4,2,4,43,51,深位,202620.0,203315.78801274864,203368.84550900053,748.84550900053,否
IN0038,B6T0000000116,E4,2,3,44,47,浅位,202620.0,203407.24550900052,203460.469422044,840.4694220439997,否
IN0038,B6T0000000116,E4,2,3,44,47,深位,202620.0,203499.00275537733,203552.2266684208,932.2266684208007,否
IN0226,B6T0000000659,E3,2,3,9,9,浅位,204900.0,204900.0,204920.48528137425,20.48528137424728,否
IN0226,B6T0000000659,E3,2,3,9,9,深位,204900.0,204932.7800477505,204953.26532912476,53.265329124755226,否
IN0226,B6T0000000659,E3,2,4,9,9,浅位,204900.0,204965.56009550102,204986.04537687526,86.04537687526317,否
IN0226,B6T0000000659,E3,2,4,9,9,深位,204900.0,204998.34014325152,205018.82542462577,118.82542462577112,否
IN0226,B6T0000000659,E3,2,3,15,6,浅位,204900.0,205031.12019100203,205055.06054979796,155.0605497979559,否
IN0136,B6T0000000407,E3,2,4,9,8,深位,206760.0,206760.0,206780.14213562373,20.142135623726062,否
IN0136,B6T0000000407,E3,2,3,9,11,浅位,206760.0,206792.12998311027,206813.24851406523,53.24851406522794,否
IN0246,B6T0000000724,E3,2,3,9,11,深位,209760.0,209760.0,209781.11853095496,21.118530954961898,否
IN0246,B6T0000000724,E3,2,3,12,7,浅位,209760.0,209793.9796929749,209816.22564674716,56.22564674715977,否
IN0246,B6T0000000724,E3,2,3,12,7,深位,209760.0,209829.90278248364,209852.14873625588,92.1487362558837,否
IN0246,B6T0000000724,E3,2,4,12,7,浅位,209760.0,209865.82587199236,209888.0718257646,128.07182576460764,否
IN0246,B6T0000000724,E3,2,4,12,7,深位,209760.0,209901.74896150109,209923.99491527333,163.99491527333157,否
IN0129,B6T0000000380,E3,2,3,17,1,浅位,210060.0,210060.0,210082.42068965518,22.42068965517683,否
IN0129,B6T0000000380,E3,2,3,17,1,深位,210060.0,210095.87621070383,210118.296900359,58.29690035901149,否
IN0087,B6T0000000236,E4,2,4,48,4,深位,218460.0,218460.0,218506.74827586208,46.74827586207539,否
IN0087,B6T0000000236,E4,2,3,46,13,深位,218460.0,218539.2593179594,218587.49455844137,127.49455844136537,否
IN0333,B6T0000001029,E3,2,3,13,5,浅位,219120.0,219120.0,219142.13420492053,22.134204920526827,否
IN0333,B6T0000001029,E3,2,3,13,5,深位,219120.0,219155.65610949192,219177.79031441244,57.79031441244297,否
IN0333,B6T0000001029,E3,2,4,13,5,浅位,219120.0,219191.31221898383,219213.44642390436,93.44642390435911,否
IN0333,B6T0000001029,E3,2,4,13,5,深位,219120.0,219226.96832847575,219249.10253339628,129.10253339627525,否
IN0333,B6T0000001029,E3,2,4,13,8,深位,219120.0,219262.62443796766,219285.94336118267,165.943361182668,否
IN0333,B6T0000001029,E3,2,3,28,1,浅位,219120.0,219300.52491001034,219330.53180656207,210.53180656206678,否
IN0333,B6T0000001029,E3,2,3,28,1,深位,219120.0,219349.8539942774,219379.86089082912,259.86089082912076,否
IN0333,B6T0000001029,E3,2,4,28,1,浅位,219120.0,219399.18307854445,219429.18997509617,309.18997509617475,否
IN0333,B6T0000001029,E3,2,4,28,1,深位,219120.0,219448.5121628115,219478.51905936323,358.51905936322873,否
IN0333,B6T0000001029,E3,2,3,19,27,浅位,219120.0,219497.84124707856,219530.03355192396,410.03355192395975,否
IN0333,B6T0000001029,E3,2,3,19,27,深位,219120.0,219552.0620452882,219584.25435013362,464.2543501336186,否
IN0333,B6T0000001029,E3,2,4,19,27,浅位,219120.0,219606.28284349787,219638.47514834328,518.4751483432774,否
IN0065,B6T0000000178,E4,2,3,48,14,浅位,220200.0,220200.0,220250.2315906356,50.23159063560888,否
IN0065,B6T0000000178,E4,2,3,48,14,深位,220200.0,220285.85820418122,220336.08979481683,136.08979481682763,否
IN0065,B6T0000000178,E4,2,4,48,14,浅位,220200.0,220371.71640836244,220421.94799899805,221.9479989980464,否
IN0065,B6T0000000178,E4,2,4,48,14,深位,220200.0,220457.57461254366,220507.80620317927,307.80620317926514,否
IN0065,B6T0000000178,E4,2,4,44,47,浅位,220200.0,220543.43281672488,220596.65672976835,396.6567297683505,否
IN0065,B6T0000000178,E4,2,4,44,47,深位,220200.0,220635.19006310168,220688.41397614515,488.41397614515154,否
IN0065,B6T0000000178,E4,2,3,43,52,浅位,220200.0,220726.94730947848,220780.17871877382,580.1787187738228,否
IN0065,B6T0000000178,E4,2,3,43,52,深位,220200.0,220818.71205210715,220871.9434614025,671.943461402494,否
IN0065,B6T0000000178,E4,2,4,43,52,浅位,220200.0,220910.47679473582,220963.70820403117,763.7082040311652,否
IN0065,B6T0000000178,E4,2,4,43,52,深位,220200.0,221002.2415373645,221055.47294665984,855.4729466598365,否
IN0065,B6T0000000178,E4,2,3,44,48,浅位,220200.0,221094.00627999316,221147.40410608012,947.4041060801246,否
IN0065,B6T0000000178,E4,2,3,44,48,深位,220200.0,221186.07077274678,221239.46859883374,1039.4685988337442,否
IN0065,B6T0000000178,E4,2,4,44,48,浅位,220200.0,221278.1352655004,221331.53309158736,1131.5330915873637,否
IN0065,B6T0000000178,E4,2,4,44,48,深位,220200.0,221370.19975825402,221423.59758434098,1223.5975843409833,否
IN0065,B6T0000000178,E4,2,3,43,53,浅位,220200.0,221462.26425100764,221515.66957334647,1315.669573346473,否
IN0065,B6T0000000178,E4,2,3,43,53,深位,220200.0,221554.33624001313,221607.74156235196,1407.7415623519628,否
IN0065,B6T0000000178,E4,2,4,43,53,浅位,220200.0,221646.40822901862,221699.81355135745,1499.8135513574525,否
IN0065,B6T0000000178,E4,2,4,43,53,深位,220200.0,221738.4802180241,221791.88554036294,1591.8855403629423,否
IN0065,B6T0000000178,E4,2,3,44,49,浅位,220200.0,221830.5522070296,221884.12394616002,1684.1239461600198,否
IN0065,B6T0000000178,E4,2,3,44,49,深位,220200.0,221922.92394616004,221976.49568529046,1776.495685290458,否
IN0065,B6T0000000178,E4,2,4,44,49,浅位,220200.0,222015.29568529048,222068.8674244209,1868.867424420896,否
IN0065,B6T0000000178,E4,2,4,44,49,深位,220200.0,222107.6674244209,222161.23916355133,1961.239163551334,否
IN0065,B6T0000000178,E4,2,3,43,54,浅位,220200.0,222200.03916355135,222253.61839893367,2053.6183989336714,否
IN0065,B6T0000000178,E4,2,3,43,54,深位,220200.0,222292.41839893366,222345.99763431598,2145.9976343159797,否
IN0065,B6T0000000178,E4,2,4,43,54,浅位,220200.0,222384.79763431597,222438.3768696983,2238.376869698288,否
IN0013,B6T0000000039,E4,2,4,43,54,深位,220440.0,222477.17686969828,222530.7561050806,2090.756105080596,否
IN0013,B6T0000000039,E4,2,3,44,50,浅位,220440.0,222569.55610508058,222623.3017572545,2183.3017572544923,否
IN0013,B6T0000000039,E4,2,3,44,50,深位,220440.0,222662.23509058784,222715.98074276175,2275.980742761749,否
IN0013,B6T0000000039,E4,2,4,44,50,浅位,220440.0,222754.9140760951,222808.659728269,2368.6597282690054,否
IN0630,B6T0000001888,E1,2,4,1,16,浅位,224340.0,224340.0,224356.0,16.0,否
IN0630,B6T0000001888,E1,2,4,1,16,深位,224340.0,224364.78841068986,224380.78841068986,40.78841068985639,否
IN0630,B6T0000001888,E1,2,3,6,7,浅位,224340.0,224389.5768213797,224407.50157358256,67.5015735825582,否
IN0630,B6T0000001888,E1,2,3,6,7,深位,224340.0,224417.65046301213,224435.57521521498,95.57521521497983,否
IN0630,B6T0000001888,E1,2,4,6,7,浅位,224340.0,224445.72410464456,224463.6488568474,123.64885684740148,否
IN0630,B6T0000001888,E1,2,4,6,7,深位,224340.0,224473.79774627698,224491.72249847982,151.72249847982312,否
IN0438,B6T0000001330,E1,2,4,8,13,浅位,256800.0,256800.0,256820.95706924333,20.957069243333535,否
IN0438,B6T0000001330,E1,2,4,8,13,深位,256800.0,256833.73143076233,256854.68850000566,54.68850000566454,否
IN0438,B6T0000001330,E1,2,3,3,38,深位,256800.0,256867.46286152466,256890.29369313183,90.29369313182542,否
IN0438,B6T0000001330,E1,2,4,8,21,浅位,256800.0,256904.9724158502,256927.88353393253,127.88353393253055,否
IN0031,B6T0000000094,E4,2,3,43,22,浅位,257520.0,257520.0,257567.81876255412,47.81876255411771,否
IN0031,B6T0000000094,E4,2,3,43,22,深位,257520.0,257601.8092333395,257649.62799589362,129.62799589362112,否
IN0031,B6T0000000094,E4,2,4,43,22,浅位,257520.0,257683.618466679,257731.43722923312,211.43722923312453,否
IN0031,B6T0000000094,E4,2,4,43,22,深位,257520.0,257765.4277000185,257813.24646257263,293.24646257262793,否
IN0631,B6T0000001890,E1,2,4,8,21,深位,257820.0,257847.236933358,257870.14805144034,50.14805144033744,否
IN0631,B6T0000001890,E1,2,4,7,28,浅位,257820.0,257884.67016737344,257908.46427516863,88.46427516863332,否
IN0031,B6T0000000094,E4,2,4,44,50,深位,257520.0,257923.81784339913,257977.56349557303,457.56349557303474,否
IN0208,B6T0000000611,E3,2,4,19,27,深位,258000.0,258016.49682890638,258048.6891337518,48.68913375178818,否
IN0208,B6T0000000611,E3,2,3,22,19,浅位,258000.0,258070.71762711604,258103.30439052035,103.30439052035217,否
IN0208,B6T0000000611,E3,2,3,22,19,深位,258000.0,258125.43515932956,258158.02192273387,158.02192273386754,否
IN0208,B6T0000000611,E3,2,4,22,19,浅位,258000.0,258180.15269154307,258212.73945494738,212.7394549473829,否
IN0208,B6T0000000611,E3,2,4,22,19,深位,258000.0,258234.8702237566,258267.4569871609,267.4569871608983,否
IN0208,B6T0000000611,E3,2,4,12,65,浅位,258000.0,258289.5877559701,258323.5965549463,323.5965549462999,否
IN0596,B6T0000001771,E1,2,4,7,28,深位,258300.0,258347.20749352296,258371.00160131816,71.00160131815937,否
IN0596,B6T0000001771,E1,2,4,1,60,浅位,258300.0,258386.35516954865,258410.53995215736,110.53995215735631,否
IN0596,B6T0000001771,E1,2,4,1,60,深位,258300.0,258426.1729453192,258450.3577279279,150.3577279279125,否
IN0596,B6T0000001771,E1,2,4,8,28,深位,258300.0,258465.99072108977,258490.31969302645,190.31969302645302,否
IN0596,B6T0000001771,E1,2,3,1,61,浅位,258300.0,258506.10997599975,258530.4686716519,230.46867165190633,否
IN0596,B6T0000001771,E1,2,3,1,61,深位,258300.0,258546.23499814712,258570.59369379928,270.593693799281,否
IN0596,B6T0000001771,E1,2,4,1,61,浅位,258300.0,258586.3600202945,258610.71871594666,310.7187159466557,否
IN0596,B6T0000001771,E1,2,4,1,61,深位,258300.0,258626.48504244187,258650.84373809403,350.8437380940304,否
IN0596,B6T0000001771,E1,2,3,1,62,浅位,258300.0,258666.61006458924,258691.1426732849,391.1426732848922,否
IN0208,B6T0000000611,E3,2,4,12,65,深位,258000.0,258707.0423331134,258741.0511320896,741.0511320896039,否
IN0208,B6T0000000611,E3,2,3,13,61,浅位,258000.0,258764.66207066627,258798.68283528395,798.6828352839511,否
IN0208,B6T0000000611,E3,2,3,13,61,深位,258000.0,258822.33807318867,258856.35883780636,856.3588378063578,否
IN0031,B6T0000000094,E4,2,3,43,55,浅位,257520.0,258880.01407571108,258933.76722413686,1413.7672241368564,否
IN0031,B6T0000000094,E4,2,3,43,55,深位,257520.0,258972.7005574702,259026.45370589598,1506.4537058959831,是
IN0206,B6T0000000605,E3,2,3,15,1,浅位,259620.0,259653.21395212747,259674.2553314378,54.25533143780194,是
IN0206,B6T0000000605,E3,2,3,15,1,深位,259620.0,259695.29671074817,259716.3380900585,96.33809005850344,是
IN0206,B6T0000000605,E3,2,4,15,1,浅位,259620.0,259737.37946936887,259758.4208486792,138.42084867920494,是
IN0206,B6T0000000605,E3,2,4,15,1,深位,259620.0,259779.46222798957,259800.5036072999,180.50360729990643,否
IN0227,B6T0000000663,E3,2,3,11,9,浅位,270900.0,270900.0,270922.19803902716,22.19803902716376,否
IN0227,B6T0000000663,E3,2,3,11,9,深位,270900.0,270935.89126617106,270958.0893051982,58.08930519822752,否
IN0227,B6T0000000663,E3,2,4,11,9,浅位,270900.0,270971.7825323421,270993.9805713693,93.98057136929128,否
IN0427,B6T0000001300,E3,2,4,11,9,深位,273720.0,273720.0,273742.19803902716,22.19803902716376,否
IN0427,B6T0000001300,E3,2,4,10,29,浅位,273720.0,273755.89126617106,273782.04242730496,62.04242730495753,否
IN0427,B6T0000001300,E3,2,4,10,29,深位,273720.0,273799.33511983004,273825.48628096393,105.48628096393077,否
IN0338,B6T0000001039,E3,2,3,12,11,浅位,277980.0,277980.0,278003.58770073083,23.587700730829965,否
IN0338,B6T0000001039,E3,2,3,12,11,深位,277980.0,278018.46493143047,278042.0526321613,62.0526321612997,否
IN0338,B6T0000001039,E3,2,4,12,11,浅位,277980.0,278056.92986286094,278080.51756359177,100.51756359176943,否
IN0240,B6T0000000702,E3,2,3,13,5,浅位,280320.0,280320.0,280342.1342049205,22.134204920497723,否
IN0240,B6T0000000702,E3,2,3,13,5,深位,280320.0,280355.6561094919,280377.7903144124,57.79031441238476,否
IN0214,B6T0000000622,E3,2,4,13,5,浅位,287340.0,287340.0,287362.1342049205,22.134204920497723,否
IN0214,B6T0000000622,E3,2,4,13,5,深位,287340.0,287375.6561094919,287397.7903144124,57.79031441238476,否
IN0214,B6T0000000622,E3,2,4,13,8,深位,287340.0,287411.3122189838,287434.6311421988,94.63114219880663,否
IN0150,B6T0000000440,E3,2,4,12,11,深位,291600.0,291600.0,291623.58770073083,23.587700730829965,否
IN0150,B6T0000000440,E3,2,3,9,26,浅位,291600.0,291638.46493143047,291663.1482518319,63.14825183188077,否
IN0150,B6T0000000440,E3,2,3,9,26,深位,291600.0,291679.197858463,291703.8811788644,103.88117886439431,否
IN0321,B6T0000000968,E3,2,4,9,26,浅位,298920.0,298920.0,298944.6833204014,24.683320401411038,否
IN0321,B6T0000000968,E3,2,3,28,1,浅位,298920.0,298960.7329270325,298990.7398235842,70.73982358421199,否
IN0321,B6T0000000968,E3,2,3,28,1,深位,298920.0,299010.0620112996,299040.0689078513,120.06890785129508,否
IN0321,B6T0000000968,E3,2,4,28,1,浅位,298920.0,299059.3910955667,299089.3979921184,169.39799211837817,否
IN0024,B6T0000000078,E4,2,3,44,2,浅位,299340.0,299340.0,299382.12842712476,42.128427124756854,否
IN0024,B6T0000000078,E4,2,3,43,9,浅位,299340.0,299410.92491591955,299455.362846954,115.36284695402719,否
IN0583,B6T0000001732,E1,2,3,4,1,深位,306780.0,306780.0,306793.29150262213,13.291502622130793,否
IN0583,B6T0000001732,E1,2,3,2,7,深位,306780.0,306799.40085080307,306814.1564550403,34.15645504032727,否
IN0583,B6T0000001732,E1,2,3,4,3,浅位,306780.0,306821.71774599154,306836.4733502288,56.47335022879997,否
IN0583,B6T0000001732,E1,2,3,4,3,深位,306780.0,306843.8922307047,306858.647834942,78.64783494197764,否
IN0611,B6T0000001813,E1,2,4,4,3,浅位,312960.0,312984.92984803906,312999.6854522763,39.68545227631694,否
IN0611,B6T0000001813,E1,2,3,5,2,深位,312960.0,313007.10433275223,313021.932759877,61.932759877003264,否
IN0611,B6T0000001813,E1,2,3,8,1,深位,312960.0,313029.3615614907,313045.1075281831,85.10752818308538,否
IN0032,B6T0000000096,E4,2,3,45,1,浅位,314160.0,314160.0,314202.1620689655,42.162068965495564,否
IN0032,B6T0000000096,E4,2,3,45,1,深位,314160.0,314230.88425668085,314273.04632564634,113.04632564634085,否
IN0032,B6T0000000096,E4,2,4,45,1,浅位,314160.0,314301.7685133617,314343.9305823272,183.93058232718613,否
IN0032,B6T0000000096,E4,2,4,45,1,深位,314160.0,314372.65277004254,314414.81483900803,254.8148390080314,否
IN0081,B6T0000000222,E4,2,3,43,9,深位,314220.0,314443.5370267234,314487.97495775786,267.9749577578623,否
IN0081,B6T0000000222,E4,2,4,43,9,浅位,314220.0,314518.94152090384,314563.3794519383,343.37945193832275,否
IN0081,B6T0000000222,E4,2,3,45,5,浅位,314220.0,314594.3460150843,314638.9802200048,418.9802200047998,否
IN0360,B6T0000001107,E3,2,3,10,8,浅位,317760.0,317760.0,317781.03768576914,21.037685769144446,否
IN0360,B6T0000001107,E3,2,3,10,8,深位,317760.0,317793.75674688746,317814.7944326566,54.79443265660666,否
IN0360,B6T0000001107,E3,2,4,10,8,浅位,317760.0,317827.5134937749,317848.55117954407,88.55117954406887,否
IN0360,B6T0000001107,E3,2,4,10,8,深位,317760.0,317861.2702406624,317882.30792643153,122.30792643153109,否
IN0360,B6T0000001107,E3,2,3,9,16,浅位,317760.0,317895.02698754985,317917.5122689241,157.51226892409613,否
IN0360,B6T0000001107,E3,2,3,9,16,深位,317760.0,317931.59588968236,317954.0811710566,194.08117105660494,否
IN0360,B6T0000001107,E3,2,4,9,16,浅位,317760.0,317968.16479181487,317990.6500731891,230.65007318911375,否
IN0360,B6T0000001107,E3,2,4,9,16,深位,317760.0,318004.7336939474,318027.2189753216,267.21897532162257,否
IN0504,B6T0000001516,E1,2,3,2,10,浅位,342420.0,342420.0,342435.7886569355,15.78865693550324,否
IN0504,B6T0000001516,E1,2,3,2,10,深位,342420.0,342444.2739383097,342460.0625952452,40.06259524519555,否
IN0504,B6T0000001516,E1,2,4,2,10,浅位,342420.0,342468.5478766194,342484.3365335549,64.33653355488786,否
IN0504,B6T0000001516,E1,2,4,2,10,深位,342420.0,342492.8218149291,342508.6104718646,88.61047186458018,否
IN0504,B6T0000001516,E1,2,3,8,2,深位,342420.0,342517.09575323877,342533.67014705593,113.67014705593465,否
IN0504,B6T0000001516,E1,2,3,4,7,浅位,342420.0,342542.5245245044,342559.10752974864,139.10752974863863,否
IN0629,B6T0000001882,E1,2,3,4,7,深位,343380.0,343380.0,343396.58300524426,16.583005244261585,否
IN0629,B6T0000001882,E1,2,4,4,7,浅位,343380.0,343405.6363628697,343422.21936811396,42.219368113961536,否
IN0629,B6T0000001882,E1,2,4,4,7,深位,343380.0,343431.2727257394,343447.85573098366,67.85573098366149,否
IN0629,B6T0000001882,E1,2,3,7,3,浅位,343380.0,343456.9090886091,343473.5842927752,93.58429277519463,否
IN0629,B6T0000001882,E1,2,3,7,3,深位,343380.0,343482.5705200297,343499.2457241958,119.24572419578908,否
IN0663,B6T0000001989,E1,2,4,7,3,浅位,343620.0,343620.0,343636.6752041661,16.675204166094773,否
IN0663,B6T0000001989,E1,2,4,7,3,深位,343620.0,343645.6614314206,343662.3366355867,42.336635586689226,否
IN0663,B6T0000001989,E1,2,3,2,16,浅位,343620.0,343671.3228628412,343688.7869644563,68.78696445631795,否
IN0663,B6T0000001989,E1,2,3,2,16,深位,343620.0,343698.7708091091,343716.2349107242,96.23491072421893,否
IN0663,B6T0000001989,E1,2,4,7,17,浅位,343620.0,343726.218755377,343747.67606917914,127.67606917914236,否
IN0663,B6T0000001989,E1,2,4,7,17,深位,343620.0,343760.93954532256,343782.3968591247,162.39685912471032,否
IN0325,B6T0000000985,E3,2,3,13,6,浅位,343860.0,343860.0,343882.5610484511,22.561048451112583,否
IN0325,B6T0000000985,E3,2,3,13,6,深位,343860.0,343896.4647334825,343919.0257819336,59.025781933625694,否
IN0325,B6T0000000985,E3,2,4,13,6,浅位,343860.0,343932.929466965,343955.49051541614,95.4905154161388,否
IN0184,B6T0000000539,E3,2,4,13,6,深位,343860.0,343969.39420044754,343991.95524889865,131.95524889865192,否
IN0184,B6T0000000539,E3,2,3,19,1,浅位,343860.0,344005.85893393005,344029.65893393004,169.6589339300408,否
IN0235,B6T0000000686,E3,2,3,19,1,深位,343920.0,344044.1811216454,344067.98112164537,147.98112164536724,否
IN0235,B6T0000000686,E3,2,4,19,1,浅位,343920.0,344082.5033093607,344106.3033093607,186.30330936069367,否
IN0235,B6T0000000686,E3,2,4,19,1,深位,343920.0,344120.82549707603,344144.625497076,224.6254970760201,否
IN0235,B6T0000000686,E3,2,3,20,30,浅位,343920.0,344159.14768479136,344192.5917911139,272.59179111389676,否
IN0235,B6T0000000686,E3,2,4,13,61,浅位,343920.0,344215.6564167517,344249.6771813694,329.6771813693922,否
IN0650,B6T0000001965,E1,2,3,1,6,浅位,349860.0,349860.0,349872.89897948556,12.898979485558812,否
IN0650,B6T0000001965,E1,2,3,1,6,深位,349860.0,349878.9137531075,349891.81273259304,31.812732593039982,否
IN0650,B6T0000001965,E1,2,4,1,6,浅位,349860.0,349897.82750621496,349910.7264857005,50.72648570052115,否
IN0650,B6T0000001965,E1,2,4,1,6,深位,349860.0,349916.74125932244,349929.640238808,69.64023880800232,否
IN0650,B6T0000001965,E1,2,4,4,3,浅位,349860.0,349935.6550124299,349950.4106166672,90.41061666718451,否
IN0576,B6T0000001708,E1,2,3,1,6,浅位,352140.0,352140.0,352152.89897948556,12.898979485558812,否
IN0576,B6T0000001708,E1,2,3,1,6,深位,352140.0,352158.9137531075,352171.81273259304,31.812732593039982,否
IN0576,B6T0000001708,E1,2,4,1,6,浅位,352140.0,352177.82750621496,352190.7264857005,50.72648570052115,否
IN0576,B6T0000001708,E1,2,4,1,6,深位,352140.0,352196.74125932244,352209.640238808,69.64023880800232,否
IN0576,B6T0000001708,E1,2,3,5,2,深位,352140.0,352215.6550124299,352230.4834395547,90.48343955469318,否
IN0332,B6T0000001025,E3,2,3,13,6,浅位,354600.0,354600.0,354622.5610484511,22.561048451112583,否
IN0332,B6T0000001025,E3,2,3,13,6,深位,354600.0,354636.4647334825,354659.0257819336,59.025781933625694,否
IN0332,B6T0000001025,E3,2,4,13,6,浅位,354600.0,354672.929466965,354695.49051541614,95.4905154161388,否
IN0332,B6T0000001025,E3,2,3,16,4,浅位,354600.0,354709.39420044754,354733.1252349303,133.1252349303104,否
IN0301,B6T0000000905,E3,2,3,9,27,浅位,360600.0,360600.0,360624.87758621963,24.877586219634395,否
IN0301,B6T0000000905,E3,2,3,9,27,深位,360600.0,360641.10094948084,360665.9785357005,65.978535700473,否
IN0301,B6T0000000905,E3,2,4,9,27,浅位,360600.0,360682.2018989617,360707.0794851813,107.07948518131161,否
IN0301,B6T0000000905,E3,2,4,11,33,浅位,360600.0,360723.3028484425,360750.9900127628,150.99001276277704,否
IN0301,B6T0000000905,E3,2,4,11,33,深位,360600.0,360769.59286282357,360797.28002714383,197.28002714383183,否
IN0301,B6T0000000905,E3,2,4,13,43,浅位,360600.0,360815.8828772046,360846.7732070397,246.7732070396887,否
IN0301,B6T0000000905,E3,2,3,9,65,浅位,360600.0,360868.02541425,360899.5650434503,299.56504345027497,否
IN0301,B6T0000000905,E3,2,3,9,65,深位,360600.0,360921.1599133472,360952.6995425475,352.6995425475179,否
IN0301,B6T0000000905,E3,2,4,13,61,深位,360600.0,360974.29441244446,361008.3151770622,408.3151770621771,否
IN0301,B6T0000000905,E3,2,3,12,66,浅位,360600.0,361031.97041496687,361066.1531269865,466.1531269865227,否
IN0301,B6T0000000905,E3,2,3,12,66,深位,360600.0,361089.8973988965,361124.08011091617,524.0801109161694,否
IN0301,B6T0000000905,E3,2,4,12,66,浅位,360600.0,361147.82438282616,361182.0070948458,582.007094845816,否
IN0301,B6T0000000905,E3,2,4,12,66,深位,360600.0,361205.7513667558,361239.93407877546,639.9340787754627,否
IN0301,B6T0000000905,E3,2,3,14,58,浅位,360600.0,361263.67835068546,361297.86703134514,697.8670313451439,否
IN0301,B6T0000000905,E3,2,3,14,58,深位,360600.0,361321.66703134513,361355.8557120048,755.8557120048208,否
IN0301,B6T0000000905,E3,2,4,14,58,浅位,360600.0,361379.6557120048,361413.8443926645,813.8443926644977,否
IN0301,B6T0000000905,E3,2,4,14,58,深位,360600.0,361437.6443926645,361471.8330733242,871.8330733241746,否
IN0301,B6T0000000905,E3,2,3,13,62,浅位,360600.0,361495.63307332416,361529.82775098534,929.827750985336,否
IN0018,B6T0000000054,E4,2,3,43,3,浅位,367680.0,367680.0,367721.9020326496,41.90203264961019,否
IN0018,B6T0000000054,E4,2,3,43,3,深位,367680.0,367750.60041932657,367792.5024519762,112.50245197617915,否
IN0018,B6T0000000054,E4,2,4,43,3,浅位,367680.0,367821.20083865314,367863.10287130275,183.1028713027481,否
IN0018,B6T0000000054,E4,2,4,43,3,深位,367680.0,367891.8012579797,367933.7032906293,253.70329062931705,否
IN0478,B6T0000001440,E1,2,3,1,6,浅位,375660.0,375660.0,375672.89897948556,12.898979485558812,否
IN0478,B6T0000001440,E1,2,3,1,6,深位,375660.0,375678.9137531075,375691.81273259304,31.812732593039982,否
IN0478,B6T0000001440,E1,2,4,1,6,浅位,375660.0,375697.82750621496,375710.7264857005,50.72648570052115,否
IN0478,B6T0000001440,E1,2,4,1,6,深位,375660.0,375716.74125932244,375729.640238808,69.64023880800232,否
IN0478,B6T0000001440,E1,2,3,1,18,浅位,375660.0,375735.6550124299,375752.1402938042,92.14029380417196,否
IN0478,B6T0000001440,E1,2,3,1,19,浅位,375660.0,375761.3627533504,375778.0805512375,118.08055123750819,否
IN0478,B6T0000001440,E1,2,3,3,13,深位,375660.0,375787.51097987517,375805.1942183811,145.1942183810752,否
IN0478,B6T0000001440,E1,2,4,3,13,浅位,375660.0,375815.29550829646,375832.9787468024,172.97874680237146,否
IN0478,B6T0000001440,E1,2,4,3,13,深位,375660.0,375843.08003671776,375860.76327522367,200.76327522366773,否
IN0478,B6T0000001440,E1,2,4,6,9,浅位,375660.0,375870.86456513905,375889.49781471974,229.49781471973984,否
IN0478,B6T0000001440,E1,2,4,8,13,浅位,375660.0,375900.2804034689,375921.23747271224,261.2374727122369,否
IN0478,B6T0000001440,E1,2,4,8,13,深位,375660.0,375934.0118342312,375954.96890347457,294.9689034745679,否
IN0478,B6T0000001440,E1,2,3,7,20,浅位,375660.0,375967.74326499354,375989.89863945445,329.89863945444813,否
IN0478,B6T0000001440,E1,2,3,7,20,深位,375660.0,376003.786480032,376025.94185449294,365.9418544929358,否
IN0478,B6T0000001440,E1,2,4,7,20,浅位,375660.0,376039.8296950705,376061.9850695314,401.9850695314235,否
IN0478,B6T0000001440,E1,2,4,7,20,深位,375660.0,376075.872910109,376098.0282845699,438.0282845699112,否
IN0478,B6T0000001440,E1,2,3,4,31,浅位,375660.0,376111.9161251475,376134.34315649525,474.34315649524797,否
IN0478,B6T0000001440,E1,2,3,17,2,浅位,375660.0,376148.6235699726,376171.8726867525,511.8726867525256,否
IN0478,B6T0000001440,E1,2,3,17,2,深位,375660.0,376186.0691755473,376209.3182923272,549.3182923272252,否
IN0478,B6T0000001440,E1,2,4,17,2,浅位,375660.0,376223.514781122,376246.7638979019,586.7638979019248,否
IN0478,B6T0000001440,E1,2,3,1,62,深位,375660.0,376260.9603866967,376285.49299539236,625.4929953923565,否
IN0478,B6T0000001440,E1,2,4,1,62,浅位,375660.0,376301.3926552209,376325.92526391655,665.9252639165497,否
IN0478,B6T0000001440,E1,2,4,1,62,深位,375660.0,376341.82492374507,376366.35753244074,706.357532440743,否
IN0478,B6T0000001440,E1,2,3,3,48,深位,375660.0,376382.25719226926,376406.82715431124,746.8271543112351,否
IN0409,B6T0000001242,E3,2,3,14,4,浅位,378900.0,378900.0,378922.35172413796,22.351724137959536,否
IN0409,B6T0000001242,E3,2,3,14,4,深位,378900.0,378935.9960995686,378958.3478237066,58.347823706571944,否
IN0409,B6T0000001242,E3,2,4,14,4,浅位,378900.0,378971.9921991372,378994.3439232752,94.34392327518435,否
IN0409,B6T0000001242,E3,2,3,15,6,深位,378900.0,379007.98829870584,379031.92865750176,131.92865750176134,否
IN0409,B6T0000001242,E3,2,4,15,6,浅位,378900.0,379046.9104379618,379070.85079675773,170.8507967577316,否
IN0409,B6T0000001242,E3,2,4,15,6,深位,378900.0,379085.8325772178,379109.7729360137,209.77293601370184,否
IN0409,B6T0000001242,E3,2,3,13,62,深位,378900.0,379124.75471647375,379158.9493941349,258.949394134921,否
IN0409,B6T0000001242,E3,2,4,13,62,浅位,378900.0,379182.737965373,379216.93264303415,316.93264303414617,否
IN0594,B6T0000001767,E1,2,4,5,2,浅位,387000.0,387000.0,387014.82842712477,14.828427124768496,否
IN0594,B6T0000001767,E1,2,4,5,2,深位,387000.0,387022.25722873845,387037.0856558632,37.0856558632222,否
IN0594,B6T0000001767,E1,2,3,6,4,深位,387000.0,387044.5144574769,387061.1477070576,61.147707057592925,否
IN0218,B6T0000000633,E3,2,4,12,11,深位,391500.0,391500.0,391523.58770073083,23.587700730829965,否
IN0218,B6T0000000633,E3,2,3,9,26,浅位,391500.0,391538.46493143047,391563.1482518319,63.14825183188077,否
IN0218,B6T0000000633,E3,2,4,13,62,深位,391500.0,391579.197858463,391613.39253612416,113.39253612415632,否
IN0620,B6T0000001838,E1,2,4,2,14,深位,392400.0,392400.0,392416.94741638866,16.947416388662532,否
IN0620,B6T0000001838,E1,2,4,7,5,深位,392400.0,392426.4691237257,392444.15236223163,44.15236223163083,否
IN0620,B6T0000001838,E1,2,3,4,11,浅位,392400.0,392454.0402028092,392471.964955012,71.96495501202298,否
IN0620,B6T0000001838,E1,2,3,8,8,深位,392400.0,392482.21840760065,392501.6212285426,101.62122854258632,否
IN0620,B6T0000001838,E1,2,3,1,63,浅位,392400.0,392513.00542811916,392537.7119498583,137.7119498582906,否
IN0620,B6T0000001838,E1,2,3,1,63,深位,392400.0,392553.74494302017,392578.4514647593,178.45146475930233,否
IN0620,B6T0000001838,E1,2,4,1,63,浅位,392400.0,392594.4844579212,392619.1909796603,219.19097966031404,否
IN0620,B6T0000001838,E1,2,4,1,63,深位,392400.0,392635.2239728222,392659.9304945613,259.93049456132576,否
IN0620,B6T0000001838,E1,2,3,4,45,深位,392400.0,392675.9634877232,392700.8310773019,300.83107730187476,否
IN0620,B6T0000001838,E1,2,3,1,64,浅位,392400.0,392717.1515711008,392742.0320058834,342.03200588340405,否
IN0401,B6T0000001218,E3,2,3,18,43,深位,398640.0,398640.0,398674.33860569715,34.33860569715034,否
IN0401,B6T0000001218,E3,2,3,12,67,浅位,398640.0,398698.26890833606,398732.62553339923,92.62553339923033,否
IN0401,B6T0000001218,E3,2,3,12,67,深位,398640.0,398756.5031386425,398790.8597637057,150.8597637056955,否
IN0401,B6T0000001218,E3,2,4,12,67,浅位,398640.0,398814.737368949,398849.09399401216,209.0939940121607,否
IN0401,B6T0000001218,E3,2,4,12,67,深位,398640.0,398872.97159925546,398907.3282243186,267.32822431862587,否
IN0370,B6T0000001131,E3,2,3,10,1,浅位,404040.0,404040.0,404057.38083151967,17.380831519665662,否
IN0370,B6T0000001131,E3,2,3,10,1,深位,404040.0,404066.8291027637,404084.20993428334,44.20993428333895,否
IN0370,B6T0000001131,E3,2,4,10,1,浅位,404040.0,404093.65820552735,404111.039037047,71.03903704701224,否
IN0156,B6T0000000456,E3,2,4,10,1,深位,404220.0,404220.0,404237.38083151967,17.380831519665662,否
IN0156,B6T0000000456,E3,2,3,14,59,浅位,404220.0,404246.8291027637,404281.1916964668,61.19169646681985,否
IN0156,B6T0000000456,E3,2,3,14,59,深位,404220.0,404305.12502980017,404339.4876235033,119.48762350331526,否
IN0045,B6T0000000131,E4,2,3,44,2,深位,404760.0,404760.0,404802.12842712476,42.128427124756854,否
IN0045,B6T0000000131,E4,2,4,44,2,浅位,404760.0,404830.92491591955,404873.0533430443,113.05334304430289,否
IN0452,B6T0000001365,E1,2,3,2,9,浅位,405000.0,405000.0,405015.4641016151,15.464101615129039,否
IN0452,B6T0000001365,E1,2,3,2,9,深位,405000.0,405023.6590918859,405039.12319350103,39.123193501029164,否
IN0452,B6T0000001365,E1,2,4,2,9,浅位,405000.0,405047.3181837718,405062.78228538693,62.78228538692929,否
IN0509,B6T0000001530,E1,2,4,7,3,浅位,405480.0,405480.0,405496.6752041661,16.675204166094773,否
IN0509,B6T0000001530,E1,2,4,7,3,深位,405480.0,405505.6614314206,405522.3366355867,42.336635586689226,否
IN0509,B6T0000001530,E1,2,3,2,16,浅位,405480.0,405531.3228628412,405548.7869644563,68.78696445631795,否
IN0613,B6T0000001818,E1,2,3,2,16,深位,405960.0,405960.0,405977.4641016151,17.46410161512904,否
IN0613,B6T0000001818,E1,2,3,1,64,深位,405960.0,405987.4479462679,406012.3283810505,52.3283810504945,否
IN0613,B6T0000001818,E1,2,4,1,64,浅位,405960.0,406028.4947075457,406053.37514232827,93.37514232826652,否
IN0613,B6T0000001818,E1,2,4,1,64,深位,405960.0,406069.54146882345,406094.42190360604,134.42190360603854,否
IN0613,B6T0000001818,E1,2,3,7,35,浅位,405960.0,406110.5882301012,406135.6362891739,175.6362891739118,否
IN0613,B6T0000001818,E1,2,3,7,35,深位,405960.0,406152.1071349957,406177.1551940684,217.15519406838575,否
IN0043,B6T0000000124,E4,2,4,44,2,深位,428040.0,428040.0,428082.12842712476,42.128427124756854,否
IN0043,B6T0000000124,E4,2,3,45,1,浅位,428040.0,428110.92491591955,428153.08698488504,113.0869848850416,否
IN0043,B6T0000000124,E4,2,3,45,1,深位,428040.0,428181.8091726004,428223.9712415659,183.97124156588688,否
IN0056,B6T0000000149,E4,2,4,45,1,浅位,428040.0,428252.69342928124,428294.85549824673,254.85549824673217,否
IN0056,B6T0000000149,E4,2,3,45,3,浅位,428040.0,428323.5776859621,428367.20385654276,327.2038565427647,否
IN0056,B6T0000000149,E4,2,3,45,3,深位,428040.0,428397.23557655304,428440.8617471337,400.8617471337202,否
IN0051,B6T0000000142,E4,2,3,46,2,浅位,428100.0,428470.893467144,428514.74603219976,414.74603219976416,否
IN0051,B6T0000000142,E4,2,3,46,2,深位,428100.0,428544.8758543279,428588.7284193837,488.72841938369675,否
IN0051,B6T0000000142,E4,2,3,45,5,深位,428100.0,428618.85824151186,428663.49244643236,563.4924464323558,否
IN0242,B6T0000000707,E3,2,4,14,59,浅位,429120.0,429120.0,429154.36259370315,34.36259370314656,否
IN0242,B6T0000000707,E3,2,4,14,59,深位,429120.0,429178.2959270365,429212.65852073964,92.65852073964197,否
IN0242,B6T0000000707,E3,2,3,13,63,浅位,429120.0,429236.591854073,429270.9604447776,150.9604447776219,否
IN0242,B6T0000000707,E3,2,3,13,63,深位,429120.0,429294.88234934903,429329.25094005367,209.25094005366554,否
IN0242,B6T0000000707,E3,2,4,13,63,浅位,429120.0,429353.1728446251,429387.5414353297,267.5414353297092,否
IN0242,B6T0000000707,E3,2,4,13,63,深位,429120.0,429411.4633399011,429445.83193060575,325.83193060575286,否
IN0242,B6T0000000707,E3,2,3,12,68,浅位,429120.0,429469.75383517717,429504.2843732838,384.2843732837937,否
IN0242,B6T0000000707,E3,2,3,12,68,深位,429120.0,429528.29531186045,429562.8258499671,442.8258499670774,否
IN0242,B6T0000000707,E3,2,4,12,68,浅位,429120.0,429586.83678854373,429621.36732665036,501.36732665036106,否
IN0242,B6T0000000707,E3,2,4,12,68,深位,429120.0,429645.378265227,429679.90880333364,559.9088033336448,否
IN0242,B6T0000000707,E3,2,3,14,60,浅位,429120.0,429703.9197419103,429738.4562486569,618.4562486569048,否
IN0410,B6T0000001247,E3,2,3,14,60,深位,429600.0,429762.5229153236,429797.0594220702,197.05942207021872,否
IN0410,B6T0000001247,E3,2,4,14,60,浅位,429600.0,429821.1260887369,429855.66259548353,255.66259548353264,否
IN0229,B6T0000000668,E3,2,4,14,60,深位,429720.0,429879.72926215024,429914.26576889685,194.26576889684657,否
IN0229,B6T0000000668,E3,2,3,13,64,浅位,429720.0,429938.33243556356,429972.8749393117,252.8749393117032,否
IN0229,B6T0000000668,E3,2,3,13,64,深位,429720.0,429996.9301772164,430031.47268096457,311.47268096456537,否
IN0394,B6T0000001196,E3,2,4,13,64,浅位,429960.0,430055.5279188693,430090.0704226174,130.07042261742754,否
IN0394,B6T0000001196,E3,2,4,13,64,深位,429960.0,430114.12566052214,430148.6681642703,188.6681642702897,否
IN0394,B6T0000001196,E3,2,3,15,57,浅位,429960.0,430172.723402175,430207.4278249636,247.42782496358268,否
IN0394,B6T0000001196,E3,2,3,15,57,深位,429960.0,430231.6278249636,430266.3322477522,306.3322477521724,否
IN0394,B6T0000001196,E3,2,4,15,57,浅位,429960.0,430290.5322477522,430325.23667054076,365.23667054076213,否
IN0394,B6T0000001196,E3,2,4,15,57,深位,429960.0,430349.4366705408,430384.14109332935,424.14109332935186,否
IN0394,B6T0000001196,E3,2,3,14,61,浅位,429960.0,430408.34109332936,430443.0515131195,483.0515131194843,否
IN0394,B6T0000001196,E3,2,3,14,61,深位,429960.0,430467.2515131195,430501.9619329096,541.9619329096167,否
IN0394,B6T0000001196,E3,2,4,14,61,浅位,429960.0,430526.1619329096,430560.87235269975,600.8723526997492,否
IN0394,B6T0000001196,E3,2,4,14,61,深位,429960.0,430585.07235269976,430619.7827724899,659.7827724898816,否
IN0394,B6T0000001196,E3,2,3,13,65,浅位,429960.0,430643.9827724899,430678.6991892815,718.6991892814985,否
IN0394,B6T0000001196,E3,2,3,13,65,深位,429960.0,430702.8877605196,430737.6041773112,777.6041773111792,否
IN0394,B6T0000001196,E3,2,4,13,65,浅位,429960.0,430761.79274854925,430796.50916534086,836.5091653408599,否
IN0394,B6T0000001196,E3,2,4,13,65,深位,429960.0,430820.69773657894,430855.41415337054,895.4141533705406,否
IN0394,B6T0000001196,E3,2,3,15,58,浅位,429960.0,430879.6027246086,430914.4810604407,954.4810604407103,否
IN0394,B6T0000001196,E3,2,3,15,58,深位,429960.0,430938.814393774,430973.6927296061,1013.6927296061185,否
IN0394,B6T0000001196,E3,2,4,15,58,浅位,429960.0,430998.02606293943,431032.9043987715,1072.9043987715268,否
IN0640,B6T0000001940,E1,2,4,7,35,浅位,431040.0,431057.23773210484,431082.28579117754,42.28579117753543,否
IN0640,B6T0000001940,E1,2,3,1,65,浅位,431040.0,431098.7566369993,431123.8109848254,83.81098482542438,否
IN0640,B6T0000001940,E1,2,3,1,65,深位,431040.0,431140.1106446539,431165.16499248,125.16499248001492,否
IN0652,B6T0000001969,E1,2,4,1,65,浅位,431160.0,431181.4646523085,431206.5190001346,46.51900013460545,否
IN0652,B6T0000001969,E1,2,4,1,65,深位,431160.0,431222.8186599631,431247.8730077892,87.87300778919598,否
IN0528,B6T0000001573,E1,2,3,1,66,浅位,431160.0,431264.1726676177,431289.40092848724,129.40092848724453,否
IN0528,B6T0000001573,E1,2,3,1,66,深位,431160.0,431305.8339216491,431331.06218251865,171.06218251865357,否
IN0528,B6T0000001573,E1,2,4,1,66,浅位,431160.0,431347.4951756805,431372.72343655006,212.72343655006262,否
IN0528,B6T0000001573,E1,2,4,1,66,深位,431160.0,431389.1564297119,431414.3846905815,254.38469058147166,否
IN0528,B6T0000001573,E1,2,4,3,52,浅位,431160.0,431430.8176837433,431456.0832979592,296.0832979591796,否
IN0528,B6T0000001573,E1,2,4,3,52,深位,431160.0,431472.6681150092,431497.9337292251,337.93372922507115,否
IN0528,B6T0000001573,E1,2,3,1,67,浅位,431160.0,431514.5185462751,431539.9207201881,379.9207201881218,否
IN0528,B6T0000001573,E1,2,3,1,67,深位,431160.0,431556.4870466833,431581.88922059635,421.88922059634933,否
IN0528,B6T0000001573,E1,2,4,1,67,浅位,431160.0,431598.45554709155,431623.8577210046,463.8577210045769,否
IN0528,B6T0000001573,E1,2,4,1,67,深位,431160.0,431640.4240474998,431665.8262214128,505.82622141280444,否
IN0528,B6T0000001573,E1,2,3,2,59,浅位,431160.0,431682.392547908,431707.8675190884,547.8675190883805,否
IN0528,B6T0000001573,E1,2,3,2,59,深位,431160.0,431724.5626128798,431750.03758406016,590.0375840601628,否
IN0528,B6T0000001573,E1,2,4,2,59,浅位,431160.0,431766.73267785157,431792.20764903195,632.207649031945,否
IN0528,B6T0000001573,E1,2,4,2,59,深位,431160.0,431808.90274282335,431834.3777140037,674.3777140037273,否
IN0528,B6T0000001573,E1,2,3,1,68,浅位,431160.0,431851.07280779514,431876.6488947517,716.6488947516773,否
IN0394,B6T0000001196,E3,2,4,15,58,深位,429960.0,431893.3485545802,431928.2268904123,1968.2268904122757,否
IN0394,B6T0000001196,E3,2,3,14,62,浅位,429960.0,431952.5602237456,431987.44455657917,2027.4445565791684,否
IN0394,B6T0000001196,E3,2,3,14,62,深位,429960.0,432011.7778899125,432046.66222274606,2086.662222746061,否
IN0394,B6T0000001196,E3,2,4,14,62,浅位,429960.0,432070.9955560794,432105.87988891295,2145.879888912954,否
IN0394,B6T0000001196,E3,2,4,14,62,深位,429960.0,432130.21322224627,432165.09755507985,2205.0975550798466,是
IN0394,B6T0000001196,E3,2,3,9,22,浅位,429960.0,432207.5803439061,432231.44645680004,2271.4464568000403,是
IN0394,B6T0000001196,E3,2,3,9,22,深位,429960.0,432255.3125696939,432279.1786825878,2319.178682587808,是
IN0394,B6T0000001196,E3,2,4,9,22,浅位,429960.0,432303.04479548166,432326.9109083756,2366.9109083755757,是
IN0394,B6T0000001196,E3,2,4,9,22,深位,429960.0,432350.77702126943,432374.64313416334,2414.6431341633433,否
IN0394,B6T0000001196,E3,2,3,13,66,浅位,429960.0,432389.961808179,432424.85213801404,2464.8521380140446,否
IN0394,B6T0000001196,E3,2,3,13,66,深位,429960.0,432449.1740425855,432484.06437242054,2524.064372420544,是
IN0394,B6T0000001196,E3,2,4,13,66,浅位,429960.0,432521.5734071705,432556.46373700554,2596.4637370055425,是
IN0394,B6T0000001196,E3,2,4,13,66,深位,429960.0,432593.9727717555,432628.86310159054,2668.863101590541,否
IN0394,B6T0000001196,E3,2,3,15,59,浅位,429960.0,432653.185006162,432688.23725503753,2728.2372550375294,否
IN0394,B6T0000001196,E3,2,3,15,59,深位,429960.0,432712.7039217042,432747.75617057976,2787.756170579756,否
IN0394,B6T0000001196,E3,2,4,15,59,浅位,429960.0,432772.22283724643,432807.275086122,2847.275086121983,否
IN0394,B6T0000001196,E3,2,4,15,59,深位,429960.0,432831.74175278866,432866.7940016642,2906.7940016642096,否
IN0394,B6T0000001196,E3,2,3,14,63,浅位,429960.0,432891.2606683309,432926.3189142079,2966.318914207921,否
IN0394,B6T0000001196,E3,2,3,14,63,深位,429960.0,432950.7855808746,432985.84382675163,3025.843826751632,否
IN0394,B6T0000001196,E3,2,4,14,63,浅位,429960.0,433010.3104934183,433045.36873929534,3085.3687392953434,否
IN0394,B6T0000001196,E3,2,4,14,63,深位,429960.0,433069.835405962,433104.89365183905,3144.8936518390547,否
IN0394,B6T0000001196,E3,2,3,13,67,浅位,429960.0,433129.3603185057,433164.4245613843,3204.4245613843086,否
IN0394,B6T0000001196,E3,2,3,13,67,深位,429960.0,433188.879799289,433223.94404216757,3263.944042167568,否
IN0394,B6T0000001196,E3,2,4,13,67,浅位,429960.0,433248.39928007225,433283.4635229508,3323.4635229508276,否
IN0394,B6T0000001196,E3,2,4,13,67,深位,429960.0,433307.9187608555,433342.9830037341,3382.983003734087,否
IN0394,B6T0000001196,E3,2,3,16,56,浅位,429960.0,433367.43824163877,433402.6584065563,3442.658406556293,否
IN0394,B6T0000001196,E3,2,3,16,56,深位,429960.0,433427.2584065563,433462.47857147385,3502.4785714738537,否
IN0394,B6T0000001196,E3,2,4,16,56,浅位,429960.0,433487.0785714739,433522.2987363914,3562.2987363914144,否
IN0394,B6T0000001196,E3,2,4,16,56,深位,429960.0,433546.89873639145,433582.118901309,3622.118901308975,否
IN0394,B6T0000001196,E3,2,3,15,60,浅位,429960.0,433606.718901309,433641.9450632281,3681.9450632280787,否
IN0394,B6T0000001196,E3,2,3,15,60,深位,429960.0,433666.54506322806,433701.7712251471,3741.771225147124,否
IN0394,B6T0000001196,E3,2,4,15,60,浅位,429960.0,433726.3712251471,433761.59738706617,3801.597387066169,否
IN0394,B6T0000001196,E3,2,4,15,60,深位,429960.0,433786.19738706615,433821.4235489852,3861.4235489852144,否
IN0394,B6T0000001196,E3,2,3,14,64,浅位,429960.0,433846.0235489852,433881.25570790574,3921.255707905744,否
IN0394,B6T0000001196,E3,2,3,14,64,深位,429960.0,433905.8557079057,433941.0878668263,3981.087866826274,否
IN0394,B6T0000001196,E3,2,4,14,64,浅位,429960.0,433965.68786682625,434000.9200257468,4040.9200257468037,否
IN0394,B6T0000001196,E3,2,4,14,64,深位,429960.0,434025.5200257468,434060.75218466733,4100.7521846673335,是
IN0394,B6T0000001196,E3,2,4,9,11,浅位,429960.0,434102.2403497223,434123.35888067726,4163.3588806772605,是
IN0394,B6T0000001196,E3,2,4,9,11,深位,429960.0,434144.47741163225,434165.5959425872,4205.595942587184,否
IN0015,B6T0000000048,E4,2,4,45,5,浅位,430380.0,434178.45710460714,434223.09130952763,3843.0913095276337,否
IN0015,B6T0000000048,E4,2,4,45,5,深位,430380.0,434254.024642861,434298.6588477815,3918.6588477814803,否
IN0015,B6T0000000048,E4,2,3,49,1,浅位,430380.0,434329.59218111483,434375.2025259424,3995.2025259424117,否
IN0015,B6T0000000048,E4,2,3,49,1,深位,430380.0,434406.5913803244,434452.201725152,4072.201725151972,否
IN0255,B6T0000000746,E3,2,3,9,3,浅位,442320.0,442320.0,442337.9493829894,17.949382989376318,否
IN0255,B6T0000000746,E3,2,3,9,4,浅位,442320.0,442347.9759728966,442366.46125427086,46.46125427086372,否
IN0255,B6T0000000746,E3,2,3,9,4,深位,442320.0,442376.9671662651,442395.45244763937,75.4524476393708,否
IN0474,B6T0000001427,E1,2,3,1,12,浅位,443160.0,443160.0,443174.92820323026,14.928203230258077,否
IN0474,B6T0000001427,E1,2,3,1,12,深位,443160.0,443182.7579697461,443197.68617297633,37.68617297633318,否
IN0474,B6T0000001427,E1,2,3,8,3,浅位,443160.0,443205.51593949215,443222.7260077997,62.726007799676154,否
IN0474,B6T0000001427,E1,2,3,8,3,深位,443160.0,443232.14894979703,443249.35901810456,89.35901810455834,否
IN0474,B6T0000001427,E1,2,4,8,3,浅位,443160.0,443258.7819601019,443275.99202840944,115.99202840944054,否
IN0474,B6T0000001427,E1,2,4,8,3,深位,443160.0,443285.4149704068,443302.6250387143,142.62503871432273,否
IN0474,B6T0000001427,E1,2,4,17,2,深位,443160.0,443312.0479807117,443335.2970974916,175.2970974916243,否
IN0474,B6T0000001427,E1,2,3,12,14,浅位,443160.0,443349.4935862864,443373.93135221006,213.9313522100565,否
IN0474,B6T0000001427,E1,2,3,12,14,深位,443160.0,443389.5689043323,443414.00667025597,254.00667025597068,否
IN0474,B6T0000001427,E1,2,3,20,1,浅位,443160.0,443429.6442223782,443454.1338775506,294.133877550601,否
IN0474,B6T0000001427,E1,2,3,20,1,深位,443160.0,443469.18939859926,443493.67905377166,333.6790537716588,否
IN0474,B6T0000001427,E1,2,4,20,1,浅位,443160.0,443508.7345748203,443533.2242299927,373.2242299927166,否
IN0474,B6T0000001427,E1,2,4,20,1,深位,443160.0,443548.2797510414,443572.7694062138,412.76940621377435,否
IN0474,B6T0000001427,E1,2,4,9,26,浅位,443160.0,443587.82492726244,443612.50824766385,452.50824766384903,否
IN0474,B6T0000001427,E1,2,4,1,65,浅位,443160.0,443628.55785429495,443653.61220212106,493.6122021210613,否
IN0474,B6T0000001427,E1,2,4,1,65,深位,443160.0,443669.91186194954,443694.96620977565,534.9662097756518,否
IN0474,B6T0000001427,E1,2,3,9,30,浅位,443160.0,443711.26586960413,443736.70560212847,576.7056021284661,否
IN0474,B6T0000001427,E1,2,3,9,30,深位,443160.0,443753.4317643299,443778.87149685423,618.8714968542336,否
IN0474,B6T0000001427,E1,2,4,9,30,浅位,443160.0,443795.59765905567,443821.03739158,661.037391580001,否
IN0474,B6T0000001427,E1,2,4,9,30,深位,443160.0,443837.76355378143,443863.20328630577,703.2032863057684,否
IN0474,B6T0000001427,E1,2,3,1,68,深位,443160.0,443879.9294485072,443905.50553546374,745.5055354637443,否
IN0474,B6T0000001427,E1,2,4,1,68,浅位,443160.0,443922.20519529225,443947.7812822488,787.7812822487904,否
IN0667,B6T0000000137,E4,2,3,43,2,浅位,446280.0,446280.0,446321.26635815925,41.26635815924965,否
IN0667,B6T0000000137,E4,2,3,43,2,深位,446280.0,446349.39618028735,446390.6625384466,110.66253844660241,否
IN0667,B6T0000000137,E4,2,4,43,2,浅位,446280.0,446418.7923605747,446460.05871873396,180.05871873395517,否
IN0093,B6T0000000261,E4,2,4,43,2,深位,446820.0,446820.0,446861.26635815925,41.26635815924965,否
IN0093,B6T0000000261,E4,2,4,49,1,浅位,446820.0,446889.39618028735,446935.00652511494,115.00652511493536,否
IN0093,B6T0000000261,E4,2,4,49,1,深位,446820.0,446966.3953794969,447012.0057243245,192.00572432449553,否
IN0093,B6T0000000261,E4,2,3,43,13,浅位,446820.0,447043.3945787065,447089.04361229186,269.0436122918618,否
IN0093,B6T0000000261,E4,2,3,43,13,深位,446820.0,447121.09341849055,447166.74245207594,346.74245207593776,否
IN0093,B6T0000000261,E4,2,4,43,13,浅位,446820.0,447198.7922582746,447244.44129186,424.44129186001373,否
IN0093,B6T0000000261,E4,2,4,43,13,深位,446820.0,447276.4910980587,447322.1401316441,502.1401316440897,否
IN0093,B6T0000000261,E4,2,3,44,13,深位,446820.0,447354.1899378428,447400.70104039373,580.7010403937311,否
IN0093,B6T0000000261,E4,2,3,48,4,浅位,446820.0,447433.417513259,447480.16578912106,660.1657891210634,是
IN0093,B6T0000000261,E4,2,3,48,4,深位,446820.0,447525.7182820802,447572.4665579423,752.4665579422726,是
IN0093,B6T0000000261,E4,2,4,48,4,浅位,446820.0,447618.0190509014,447664.7673267635,844.7673267634818,否
IN0093,B6T0000000261,E4,2,4,48,4,深位,446820.0,447697.27836886083,447744.0266447229,924.0266447229078,否
IN0093,B6T0000000261,E4,2,3,46,11,浅位,446820.0,447776.53768682026,447824.195074332,1004.1950743320049,否
IN0093,B6T0000000261,E4,2,3,46,11,深位,446820.0,447857.7280331217,447905.3854206334,1085.3854206334217,否
IN0093,B6T0000000261,E4,2,3,46,13,深位,446820.0,447938.9183794231,447987.15361990506,1167.1536199050606,否
IN0093,B6T0000000261,E4,2,3,46,14,浅位,446820.0,448021.2034261037,448069.7108788083,1249.7108788082842,是
IN0093,B6T0000000261,E4,2,4,43,55,浅位,446820.0,448122.72221255256,448176.47536097834,1356.4753609783365,是
IN0093,B6T0000000261,E4,2,4,43,55,深位,446820.0,448233.68791950686,448287.44106793264,1467.4410679326393,是
IN0093,B6T0000000261,E4,2,4,48,31,深位,446820.0,448344.65362646116,448398.53743104887,1578.5374310488696,是
IN0093,B6T0000000261,E4,2,3,45,46,浅位,446820.0,448454.43327645614,448508.34534542164,1688.345345421636,否
IN0093,B6T0000000261,E4,2,3,45,46,深位,446820.0,448547.41201208835,448601.32408105384,1781.324081053841,否
IN0093,B6T0000000261,E4,2,4,45,46,浅位,446820.0,448640.39074772055,448694.30281668605,1874.3028166860458,否
IN0093,B6T0000000261,E4,2,4,45,46,深位,446820.0,448733.36948335276,448787.28155231825,1967.2815523182508,否
IN0093,B6T0000000261,E4,2,3,44,51,浅位,446820.0,448826.34821898496,448880.26778420235,2060.267784202355,否
IN0093,B6T0000000261,E4,2,3,44,51,深位,446820.0,448919.334450869,448973.2540160864,2153.254016086401,否
IN0093,B6T0000000261,E4,2,4,44,51,浅位,446820.0,449012.32068275305,449066.24024797045,2246.240247970447,否
IN0093,B6T0000000261,E4,2,4,44,51,深位,446820.0,449105.3069146371,449159.2264798545,2339.226479854493,否
IN0093,B6T0000000261,E4,2,3,43,56,浅位,446820.0,449198.29314652114,449252.22020799044,2432.220207990438,否
IN0093,B6T0000000261,E4,2,3,43,56,深位,446820.0,449291.2868746571,449345.2139361264,2525.2139361263835,否
IN0093,B6T0000000261,E4,2,4,43,56,浅位,446820.0,449384.28060279303,449438.2076642623,2618.2076642623288,否
IN0093,B6T0000000261,E4,2,4,43,56,深位,446820.0,449477.274330929,449531.2013923983,2711.201392398274,否
IN0093,B6T0000000261,E4,2,3,45,47,浅位,446820.0,449570.2680590649,449624.35404107394,2804.354041073937,否
IN0093,B6T0000000261,E4,2,3,45,47,深位,446820.0,449663.55404107395,449717.64002308296,2897.6400230829604,否
IN0093,B6T0000000261,E4,2,4,45,47,浅位,446820.0,449756.840023083,449810.926005092,2990.926005091984,否
IN0093,B6T0000000261,E4,2,4,45,47,深位,446820.0,449850.126005092,449904.211987101,3084.2119871010073,否
IN0093,B6T0000000261,E4,2,3,44,52,浅位,446820.0,449943.411987101,449997.5054653619,3177.5054653618718,否
IN0093,B6T0000000261,E4,2,3,44,52,深位,446820.0,450036.7054653619,450090.79894362274,3270.7989436227363,否
IN0093,B6T0000000261,E4,2,4,44,52,浅位,446820.0,450129.99894362275,450184.0924218836,3364.0924218836008,否
IN0093,B6T0000000261,E4,2,4,44,52,深位,446820.0,450223.2924218836,450277.38590014447,3457.3859001444653,否
IN0093,B6T0000000261,E4,2,3,43,57,浅位,446820.0,450316.5859001445,450370.6868746572,3550.686874657229,否
IN0093,B6T0000000261,E4,2,3,43,57,深位,446820.0,450409.88687465724,450463.98784917,3643.987849169993,否
IN0093,B6T0000000261,E4,2,4,43,57,浅位,446820.0,450503.18784917,450557.28882368276,3737.2888236827566,否
IN0093,B6T0000000261,E4,2,4,43,57,深位,446820.0,450596.48882368277,450650.5897981955,3830.5897981955204,否
IN0093,B6T0000000261,E4,2,4,49,28,浅位,446820.0,450689.78979819553,450743.9831482674,3923.9831482673762,否
IN0093,B6T0000000261,E4,2,4,49,28,深位,446820.0,450783.04887592036,450837.2422259922,4017.2422259922023,否
IN0093,B6T0000000261,E4,2,3,45,48,浅位,446820.0,450876.3079536452,450930.56784869765,4110.567848697654,否
IN0093,B6T0000000261,E4,2,3,45,48,深位,446820.0,450969.90118203097,451024.16107708344,4204.161077083438,否
IN0093,B6T0000000261,E4,2,4,45,48,浅位,446820.0,451063.49441041675,451117.7543054692,4297.754305469221,否
IN0093,B6T0000000261,E4,2,4,45,48,深位,446820.0,451157.08763880254,451211.347533855,4391.347533855005,否
IN0093,B6T0000000261,E4,2,3,44,53,浅位,446820.0,451250.6808671883,451304.9482584927,4484.948258492688,否
IN0093,B6T0000000261,E4,2,3,44,53,深位,446820.0,451344.281591826,451398.5489831304,4578.548983130371,否
IN0621,B6T0000001842,E1,2,4,4,5,浅位,453720.0,453720.0,453735.76363857713,15.763638577132951,否
IN0621,B6T0000001842,E1,2,4,4,5,深位,453720.0,453744.08413237607,453759.8477709532,39.84777095320169,否
IN0621,B6T0000001842,E1,2,3,9,15,浅位,453720.0,453768.16826475214,453790.3995128188,70.39951281878166,否
IN0621,B6T0000001842,E1,2,3,9,15,深位,453720.0,453804.25591927936,453826.487167346,106.4871673460002,否
IN0281,B6T0000000843,E3,2,4,9,4,深位,455100.0,455100.0,455118.48528137425,18.48528137424728,否
IN0281,B6T0000000843,E3,2,4,9,15,浅位,455100.0,455128.9911933685,455151.22244143515,51.22244143515127,否
IN0281,B6T0000000843,E3,2,4,9,15,深位,455100.0,455165.0788478957,455187.31009596237,87.31009596236981,否
IN0281,B6T0000000843,E3,2,3,9,20,浅位,455100.0,455201.16650242294,455224.5960557072,124.59605570719577,否
IN0281,B6T0000000843,E3,2,3,9,20,深位,455100.0,455239.52425893745,455262.9538122217,162.95381222170545,否
IN0281,B6T0000000843,E3,2,4,9,20,浅位,455100.0,455277.88201545196,455301.3115687362,201.31156873621512,否
IN0281,B6T0000000843,E3,2,4,9,20,深位,455100.0,455316.2397719665,455339.6693252507,239.6693252507248,否
IN0281,B6T0000000843,E3,2,3,21,2,深位,455100.0,455354.597528481,455380.60526595055,280.60526595055126,否
IN0281,B6T0000000843,E3,2,3,20,5,浅位,455100.0,455396.93508807867,455423.89687920606,323.8968792060623,否
IN0281,B6T0000000843,E3,2,3,20,5,深位,455100.0,455441.1635458727,455468.1253370001,368.12533700012136,否
IN0281,B6T0000000843,E3,2,4,20,5,浅位,455100.0,455485.3920036668,455512.3537947942,412.35379479418043,否
IN0281,B6T0000000843,E3,2,4,20,5,深位,455100.0,455529.62046146084,455556.58225258824,456.5822525882395,否
IN0281,B6T0000000843,E3,2,3,28,1,浅位,455100.0,455573.8489192549,455603.8558158066,503.85581580660073,否
IN0281,B6T0000000843,E3,2,3,28,1,深位,455100.0,455623.178003522,455653.1849000737,553.1849000736838,否
IN0281,B6T0000000843,E3,2,4,28,1,浅位,455100.0,455672.50708778907,455702.51398434077,602.5139843407669,否
IN0281,B6T0000000843,E3,2,3,13,68,浅位,455100.0,455721.83617205615,455757.0743279782,657.0743279781891,否
IN0281,B6T0000000843,E3,2,3,13,68,深位,455100.0,455781.66289921623,455816.90105513827,716.9010551382671,否
IN0281,B6T0000000843,E3,2,4,13,68,浅位,455100.0,455841.4896263763,455876.72778229835,776.7277822983451,否
IN0281,B6T0000000843,E3,2,4,13,68,深位,455100.0,455901.3163535364,455936.5545094584,836.5545094584231,否
IN0281,B6T0000000843,E3,2,3,16,57,浅位,455100.0,455961.14308069646,455996.5371586575,896.5371586575056,否
IN0281,B6T0000000843,E3,2,3,16,57,深位,455100.0,456021.27049199084,456056.6645699519,956.6645699518849,否
IN0281,B6T0000000843,E3,2,4,16,57,浅位,455100.0,456081.3979032852,456116.79198124626,1016.7919812462642,否
IN0281,B6T0000000843,E3,2,4,16,57,深位,455100.0,456141.5253145796,456176.91939254064,1076.9193925406435,否
IN0281,B6T0000000843,E3,2,3,15,61,浅位,455100.0,456201.652725874,456237.0528008365,1137.0528008365072,否
IN0281,B6T0000000843,E3,2,3,15,61,深位,455100.0,456261.78613416984,456297.1862091324,1197.186209132371,否
IN0281,B6T0000000843,E3,2,4,15,61,浅位,455100.0,456321.9195424657,456357.31961742823,1257.3196174282348,否
IN0281,B6T0000000843,E3,2,4,15,61,深位,455100.0,456382.0529507616,456417.4530257241,1317.4530257240986,否
IN0281,B6T0000000843,E3,2,3,14,65,浅位,455100.0,456442.18635905744,456477.59243102145,1377.5924310214468,否
IN0281,B6T0000000843,E3,2,3,14,65,深位,455100.0,456502.3257643548,456537.7318363188,1437.731836318795,否
IN0281,B6T0000000843,E3,2,4,14,65,浅位,455100.0,456562.46516965213,456597.87124161614,1497.8712416161434,否
IN0281,B6T0000000843,E3,2,4,14,65,深位,455100.0,456622.6045749495,456658.0106469135,1558.0106469134917,否
IN0281,B6T0000000843,E3,2,4,20,42,浅位,455100.0,456682.7439802468,456718.28798324533,1618.2879832453327,是
IN0281,B6T0000000843,E3,2,4,20,42,深位,455100.0,456758.3533386036,456793.89734160213,1693.8973416021327,是
IN0281,B6T0000000843,E3,2,3,16,58,浅位,455100.0,456833.9626969604,456869.5306879649,1769.5306879649288,是
IN0281,B6T0000000843,E3,2,3,16,58,深位,455100.0,456909.65716819535,456945.22515919985,1845.2251591998502,否
IN0593,B6T0000001764,E1,2,4,2,7,浅位,459960.0,459960.0,459974.75560423726,14.755604237259831,否
IN0593,B6T0000001764,E1,2,4,2,7,深位,459960.0,459982.3168951885,459997.07249942573,37.07249942573253,否
IN0484,B6T0000001466,E1,3,6,1,1,深位,0.0,0.0,10.0,10.0,否
IN0484,B6T0000001466,E1,3,6,1,6,深位,0.0,13.421847543855284,26.320827029421643,26.320827029421643,否
IN0484,B6T0000001466,E1,3,5,1,9,深位,0.0,32.33560065131842,46.33560065131842,46.33560065131842,否
IN0484,B6T0000001466,E1,3,5,5,1,深位,0.0,53.33515695917337,67.33515695917336,67.33515695917336,否
IN0484,B6T0000001466,E1,3,6,4,4,深位,0.0,74.02299082673956,89.31449344886875,89.31449344886875,否
IN0484,B6T0000001466,E1,3,6,3,7,深位,0.0,97.21269601180697,112.97633458893573,112.97633458893573,否
IN0484,B6T0000001466,E1,3,5,2,10,深位,0.0,121.36068213211652,137.14933906759103,137.14933906759103,否
IN0484,B6T0000001466,E1,3,6,4,7,深位,0.0,145.6346204418296,162.21762568608798,162.21762568608798,否
IN0484,B6T0000001466,E1,3,6,2,17,深位,0.0,171.27098331150626,188.98129617787933,188.98129617787933,否
IN0484,B6T0000001466,E1,3,6,3,14,深位,0.0,199.18535886845984,217.14080959700732,217.14080959700732,否
IN0484,B6T0000001466,E1,3,5,5,9,深位,0.0,227.485573525981,245.485573525981,245.485573525981,否
IN0484,B6T0000001466,E1,3,6,3,15,深位,0.0,255.75111615754685,273.96921880496126,273.96921880496126,否
IN0484,B6T0000001466,E1,3,6,1,28,深位,0.0,284.54890575193787,303.1319109961962,303.1319109961962,否
IN0484,B6T0000001466,E1,3,5,2,21,深位,0.0,314.23063181101105,332.85988481606046,332.85988481606046,否
IN0484,B6T0000001466,E1,3,6,1,29,深位,0.0,343.88587255357436,362.6562021678434,362.6562021678434,否
IN0484,B6T0000001466,E1,3,6,8,7,深位,0.0,373.92247099273266,392.95994030727667,392.95994030727667,否
IN0484,B6T0000001466,E1,3,6,7,11,深位,0.0,404.01735945409314,423.86171158573194,423.86171158573194,否
IN0484,B6T0000001466,E1,3,5,3,22,深位,0.0,435.68251095296034,455.5354784276068,455.5354784276068,否
IN0241,B6T0000000704,E3,3,6,10,14,深位,12000.0,12000.0,12022.864146293196,22.864146293195518,否
IN0241,B6T0000000704,E3,3,5,13,23,浅位,12000.0,12037.216843367518,12064.47057537966,64.47057537966066,否
IN0089,B6T0000000247,E4,3,6,44,3,深位,12540.0,12540.0,12582.764101615137,42.764101615137406,否
IN0089,B6T0000000247,E4,3,5,45,6,深位,12540.0,12612.12915495877,12657.190203409853,117.19020340985298,否
IN0089,B6T0000000247,E4,3,6,46,5,深位,12540.0,12688.505317203228,12734.001591089262,194.00159108926164,否
IN0089,B6T0000000247,E4,3,5,43,18,深位,12540.0,12765.601591089262,12812.524803497983,272.52480349798316,否
IN0089,B6T0000000247,E4,3,6,47,7,深位,12540.0,12845.714269882388,12892.891979401069,352.89197940106897,否
IN0089,B6T0000000247,E4,3,5,47,9,深位,12540.0,12925.891509894216,12973.777716790768,433.77771679076795,否
IN0089,B6T0000000247,E4,3,6,48,7,深位,12540.0,13007.410946603433,13055.450725087632,515.4507250876322,否
IN0089,B6T0000000247,E4,3,6,47,21,深位,12540.0,13089.116922247444,13140.168280533908,600.1682805339078,否
IN0089,B6T0000000247,E4,3,6,44,35,深位,12540.0,13176.632507813341,13227.76946433508,687.7694643350806,否
IN0089,B6T0000000247,E4,3,5,45,33,深位,12540.0,13264.619136246005,13316.270330504598,776.270330504598,否
IN0089,B6T0000000247,E4,3,6,45,36,深位,12540.0,13353.479849900863,13405.652788431598,865.6527884315983,否
IN0089,B6T0000000247,E4,3,5,43,49,浅位,12540.0,13443.31924805693,13496.028918221848,956.0289182218476,否
IN0089,B6T0000000247,E4,3,5,43,49,深位,12540.0,13534.16225155518,13586.871921720098,1046.8719217200978,否
IN0089,B6T0000000247,E4,3,6,43,49,浅位,12540.0,13625.005255053431,13677.714925218348,1137.714925218348,否
IN0089,B6T0000000247,E4,3,6,43,49,深位,12540.0,13715.848258551681,13768.557928716598,1228.5579287165983,否
IN0089,B6T0000000247,E4,3,5,43,50,浅位,12540.0,13806.691262049932,13859.574845258327,1319.5748452583266,否
IN0089,B6T0000000247,E4,3,5,43,50,深位,12540.0,13897.841511924995,13950.72509513339,1410.72509513339,否
IN0089,B6T0000000247,E4,3,6,43,50,浅位,12540.0,13988.991761800058,14041.875345008453,1501.8753450084532,否
IN0089,B6T0000000247,E4,3,6,43,50,深位,12540.0,14080.142011675121,14133.025594883517,1593.0255948835165,否
IN0089,B6T0000000247,E4,3,5,46,36,深位,12540.0,14171.292261550185,14224.327269046436,1684.3272690464364,否
IN0089,B6T0000000247,E4,3,5,43,51,浅位,12540.0,14262.660395338437,14315.717891590311,1775.7178915903114,否
IN0089,B6T0000000247,E4,3,5,43,51,深位,12540.0,14354.117891590311,14407.175387842186,1867.175387842186,否
IN0089,B6T0000000247,E4,3,6,43,51,浅位,12540.0,14445.575387842186,14498.63288409406,1958.6328840940605,否
IN0089,B6T0000000247,E4,3,6,43,51,深位,12540.0,14537.03288409406,14590.090380345935,2050.090380345935,否
IN0089,B6T0000000247,E4,3,5,44,47,浅位,12540.0,14628.490380345935,14681.714293389414,2141.714293389414,否
IN0089,B6T0000000247,E4,3,5,44,47,深位,12540.0,14720.247626722747,14773.471539766226,2233.4715397662258,否
IN0089,B6T0000000247,E4,3,6,44,47,浅位,12540.0,14812.004873099559,14865.228786143038,2325.2287861430377,否
IN0089,B6T0000000247,E4,3,6,44,47,深位,12540.0,14903.76211947637,14956.98603251985,2416.9860325198497,否
IN0089,B6T0000000247,E4,3,5,43,52,浅位,12540.0,14995.519365853183,15048.750775148535,2508.7507751485355,否
IN0089,B6T0000000247,E4,3,5,43,52,深位,12540.0,15087.284108481868,15140.515517777221,2600.5155177772212,否
IN0089,B6T0000000247,E4,3,6,43,52,浅位,12540.0,15179.048851110554,15232.280260405907,2692.280260405907,否
IN0089,B6T0000000247,E4,3,6,43,52,深位,12540.0,15270.81359373924,15324.045003034593,2784.045003034593,否
IN0089,B6T0000000247,E4,3,5,44,48,浅位,12540.0,15362.578336367926,15415.976162454883,2875.976162454883,否
IN0089,B6T0000000247,E4,3,5,44,48,深位,12540.0,15454.642829121549,15508.040655208506,2968.040655208506,否
IN0089,B6T0000000247,E4,3,6,44,48,浅位,12540.0,15546.707321875172,15600.10514796213,3060.105147962129,否
IN0089,B6T0000000247,E4,3,6,44,48,深位,12540.0,15638.771814628795,15692.169640715752,3152.1696407157524,否
IN0089,B6T0000000247,E4,3,5,43,53,浅位,12540.0,15730.836307382418,15784.24162972125,3244.2416297212494,否
IN0089,B6T0000000247,E4,3,5,43,53,深位,12540.0,15822.908296387915,15876.313618726746,3336.3136187267464,否
IN0089,B6T0000000247,E4,3,6,43,53,浅位,12540.0,15914.980285393412,15968.385607732243,3428.3856077322434,否
IN0089,B6T0000000247,E4,3,6,43,53,深位,12540.0,16007.05227439891,16060.45759673774,3520.4575967377405,否
IN0089,B6T0000000247,E4,3,6,49,24,深位,12540.0,16099.124263404407,16152.532567203125,3612.532567203125,否
IN0270,B6T0000000816,E3,3,5,13,23,深位,33480.0,33480.0,33507.25373201214,27.253732012140972,否
IN0270,B6T0000000816,E3,3,6,13,23,浅位,33480.0,33525.35468081934,33552.60841283148,72.60841283148329,否
IN0270,B6T0000000816,E3,3,6,13,23,深位,33480.0,33570.709361638685,33597.963093650826,117.96309365082561,否
IN0270,B6T0000000816,E3,3,5,19,9,深位,33480.0,33616.06404245803,33643.86404245803,163.86404245802987,否
IN0270,B6T0000000816,E3,3,5,11,35,浅位,33480.0,33661.96393893736,33689.998934486284,209.99893448628427,否
IN0451,B6T0000001361,E1,3,5,7,5,浅位,42000.0,42000.0,42017.683238505924,17.683238505924237,否
IN0451,B6T0000001361,E1,3,5,7,5,深位,42000.0,42027.57107908348,42045.2543175894,45.25431758940249,否
IN0016,B6T0000000050,E4,3,5,45,3,浅位,42840.0,42840.0,42883.626170580654,43.62617058065371,否
IN0016,B6T0000000050,E4,3,5,45,3,深位,42840.0,42913.657890590956,42957.28406117161,117.28406117160921,是
IN0016,B6T0000000050,E4,3,6,45,3,浅位,42840.0,43013.66603761296,43057.29220819361,217.29220819361217,是
IN0016,B6T0000000050,E4,3,6,45,3,深位,42840.0,43113.67418463496,43157.300355215615,317.3003552156151,否
IN0016,B6T0000000050,E4,3,5,46,2,浅位,42840.0,43187.33207522592,43231.184640281695,391.18464028169547,否
IN0016,B6T0000000050,E4,3,5,43,10,浅位,42840.0,43261.314462409835,43306.076948764654,466.07694876465393,否
IN0016,B6T0000000050,E4,3,5,43,10,深位,42840.0,43337.333803014146,43382.096289368965,542.0962893689648,否
IN0016,B6T0000000050,E4,3,6,43,10,浅位,42840.0,43413.35314361846,43458.115629973276,618.1156299732756,否
IN0016,B6T0000000050,E4,3,6,43,10,深位,42840.0,43489.37248422277,43534.13497057759,694.1349705775865,否
IN0016,B6T0000000050,E4,3,6,43,40,浅位,42840.0,43565.39182482708,43616.536277600695,776.536277600695,否
IN0016,B6T0000000050,E4,3,6,43,40,深位,42840.0,43653.44998609967,43704.59443887329,864.5944388732896,否
IN0016,B6T0000000050,E4,3,5,44,49,浅位,42840.0,43741.50814737227,43795.0798865027,955.0798865027027,否
IN0016,B6T0000000050,E4,3,5,44,49,深位,42840.0,43833.879886502706,43887.45162563314,1047.4516256331408,否
IN0016,B6T0000000050,E4,3,6,44,49,浅位,42840.0,43926.251625633144,43979.82336476358,1139.8233647635789,否
IN0016,B6T0000000050,E4,3,6,44,49,深位,42840.0,44018.62336476358,44072.19510389402,1232.195103894017,否
IN0016,B6T0000000050,E4,3,5,43,54,浅位,42840.0,44110.99510389402,44164.574339276325,1324.5743392763252,否
IN0016,B6T0000000050,E4,3,5,43,54,深位,42840.0,44203.37433927633,44256.95357465863,1416.9535746586334,是
IN0016,B6T0000000050,E4,3,6,43,54,浅位,42840.0,44312.16286512745,44365.74210050976,1525.7421005097567,是
IN0016,B6T0000000050,E4,3,6,43,54,深位,42840.0,44420.951390978575,44474.53062636088,1634.53062636088,否
IN0016,B6T0000000050,E4,3,5,44,50,浅位,42840.0,44513.33062636088,44567.0762785348,1727.076278534798,是
IN0016,B6T0000000050,E4,3,5,44,50,深位,42840.0,44621.38052284622,44675.12617502014,1835.1261750201375,否
IN0016,B6T0000000050,E4,3,6,44,50,浅位,42840.0,44714.05950835347,44767.80516052739,1927.8051605273868,否
IN0016,B6T0000000050,E4,3,6,44,50,深位,42840.0,44806.73849386072,44860.484146034636,2020.484146034636,否
IN0016,B6T0000000050,E4,3,5,43,55,浅位,42840.0,44899.41747936797,44953.170627793756,2113.1706277937556,否
IN0016,B6T0000000050,E4,3,5,43,55,深位,42840.0,44992.10396112709,45045.857109552875,2205.857109552875,否
IN0016,B6T0000000050,E4,3,6,43,55,浅位,42840.0,45084.79044288621,45138.543591311995,2298.5435913119945,否
IN0309,B6T0000000932,E3,3,5,13,20,浅位,45120.0,45177.47692464533,45204.08326552084,84.08326552084327,否
IN0309,B6T0000000932,E3,3,5,13,20,深位,45120.0,45221.60517009223,45248.21151096775,128.21151096774702,否
IN0309,B6T0000000932,E3,3,5,11,35,深位,45120.0,45265.733415539136,45293.76841108806,173.7684110880582,否
IN0309,B6T0000000932,E3,3,5,18,15,浅位,45120.0,45312.67808033018,45341.53439185018,221.53439185018215,否
IN0309,B6T0000000932,E3,3,5,18,15,深位,45120.0,45360.66259508046,45389.51890660046,269.51890660046047,否
IN0309,B6T0000000932,E3,3,6,18,15,浅位,45120.0,45408.64710983074,45437.50342135074,317.5034213507388,否
IN0309,B6T0000000932,E3,3,6,18,15,深位,45120.0,45456.631624581016,45485.48793610102,365.4879361010171,否
IN0309,B6T0000000932,E3,3,5,13,32,深位,45120.0,45504.616139331294,45533.5919167958,413.59191679579817,否
IN0309,B6T0000000932,E3,3,5,17,23,浅位,45120.0,45553.23310987972,45583.24546258152,463.2454625815226,否
IN0309,B6T0000000932,E3,3,5,17,23,深位,45120.0,45603.491173484,45633.5035261858,513.5035261857993,否
IN0309,B6T0000000932,E3,3,6,17,23,浅位,45120.0,45653.749237088276,45683.761589790076,563.761589790076,否
IN0309,B6T0000000932,E3,3,5,9,64,浅位,45120.0,45704.00730069255,45735.3730168494,615.3730168494003,否
IN0309,B6T0000000932,E3,3,5,9,64,深位,45120.0,45756.834553413006,45788.200269569854,668.2002695698538,否
IN0309,B6T0000000932,E3,3,6,9,64,浅位,45120.0,45809.66180613346,45841.02752229031,721.0275222903074,否
IN0309,B6T0000000932,E3,3,6,9,64,深位,45120.0,45862.48905885391,45893.85477501076,773.8547750107609,否
IN0309,B6T0000000932,E3,3,5,9,65,浅位,45120.0,45915.31631157437,45946.855940774694,826.8559407746943,否
IN0309,B6T0000000932,E3,3,5,9,65,深位,45120.0,45968.45081067163,45999.99043987196,879.9904398719591,否
IN0309,B6T0000000932,E3,3,6,9,65,浅位,45120.0,46021.585309768896,46053.124938969224,933.1249389692239,否
IN0309,B6T0000000932,E3,3,6,9,65,深位,45120.0,46074.71980886616,46106.25943806649,986.2594380664887,否
IN0309,B6T0000000932,E3,3,5,9,66,浅位,45120.0,46127.854307963426,46159.567850207226,1039.567850207226,否
IN0309,B6T0000000932,E3,3,5,9,66,深位,45120.0,46181.2960534375,46213.0095956813,1093.009595681302,否
IN0309,B6T0000000932,E3,3,6,9,66,浅位,45120.0,46234.73779891158,46266.45134115538,1146.451341155378,否
IN0309,B6T0000000932,E3,3,6,9,66,深位,45120.0,46288.17954438565,46319.893086629454,1199.893086629454,否
IN0309,B6T0000000932,E3,3,5,9,67,浅位,45120.0,46341.62128985973,46373.50874514701,1253.50874514701,否
IN0309,B6T0000000932,E3,3,5,9,67,深位,45120.0,46395.370281710624,46427.257736997904,1307.2577369979044,否
IN0309,B6T0000000932,E3,3,6,9,67,浅位,45120.0,46449.11927356152,46481.0067288488,1361.006728848799,否
IN0309,B6T0000000932,E3,3,6,9,67,深位,45120.0,46502.86826541241,46534.75572069969,1414.7557206996935,否
IN0309,B6T0000000932,E3,3,5,9,68,浅位,45120.0,46556.61725726331,46588.67862559407,1468.6786255940679,否
IN0309,B6T0000000932,E3,3,5,9,68,深位,45120.0,46610.67349549101,46642.73486382177,1522.7348638217736,否
IN0309,B6T0000000932,E3,3,6,9,68,浅位,45120.0,46664.72973371872,46696.79110204948,1576.7911020494794,否
IN0309,B6T0000000932,E3,3,6,9,68,深位,45120.0,46718.785971946425,46750.847340277185,1630.8473402771851,否
IN0309,B6T0000000932,E3,3,5,10,63,浅位,45120.0,46772.84221017413,46804.92956343291,1684.92956343291,否
IN0309,B6T0000000932,E3,3,5,10,63,深位,45120.0,46826.98898029496,46859.07633355374,1739.0763335537413,否
IN0309,B6T0000000932,E3,3,6,10,63,浅位,45120.0,46881.13575041579,46913.22310367457,1793.2231036745725,否
IN0309,B6T0000000932,E3,3,6,10,63,深位,45120.0,46935.282520536624,46967.369873795404,1847.3698737954037,否
IN0309,B6T0000000932,E3,3,5,10,64,浅位,45120.0,46989.429290657456,47021.690556959715,1901.6905569597147,否
IN0016,B6T0000000050,E4,3,6,43,55,深位,42840.0,47043.8833071551,47097.63645558088,4257.636455580883,否
IN0016,B6T0000000050,E4,3,5,45,46,浅位,42840.0,47136.56978891422,47190.481857879735,4350.481857879735,否
IN0656,B6T0000001975,E1,3,6,7,5,浅位,47160.0,47229.5485245464,47247.231763052325,87.23176305232482,否
IN0656,B6T0000001975,E1,3,6,7,5,深位,47160.0,47257.11960362988,47274.8028421358,114.80284213580308,否
IN0656,B6T0000001975,E1,3,5,4,11,浅位,47160.0,47284.69068271336,47302.615434916195,142.61543491619523,否
IN0656,B6T0000001975,E1,3,5,4,11,深位,47160.0,47312.86888750481,47330.79363970765,170.79363970764825,否
IN0656,B6T0000001975,E1,3,6,4,11,浅位,47160.0,47341.04709229626,47358.9718444991,198.97184449910128,否
IN0656,B6T0000001975,E1,3,6,6,7,浅位,47160.0,47369.225297087716,47387.150049290554,227.1500492905543,否
IN0656,B6T0000001975,E1,3,6,6,7,深位,47160.0,47397.29893872012,47415.22369092296,255.2236909229614,否
IN0656,B6T0000001975,E1,3,5,1,26,浅位,47160.0,47425.37258035253,47443.570619379716,283.57061937971594,否
IN0656,B6T0000001975,E1,3,5,1,26,深位,47160.0,47454.32501594236,47472.52305496955,312.52305496954796,否
IN0656,B6T0000001975,E1,3,6,1,36,深位,47160.0,47483.277451532194,47503.28832109741,343.2883210974105,否
IN0656,B6T0000001975,E1,3,5,2,28,浅位,47160.0,47515.65444055127,47535.70154741067,375.70154741066654,否
IN0656,B6T0000001975,E1,3,5,6,14,浅位,47160.0,47547.99570218837,47568.11226654262,408.1122665426228,否
IN0656,B6T0000001975,E1,3,5,6,14,深位,47160.0,47580.22157235799,47600.33813671224,440.338136712242,否
IN0656,B6T0000001975,E1,3,5,7,13,深位,47160.0,47612.447442527606,47632.869647629464,472.86964762946445,否
IN0656,B6T0000001975,E1,3,6,7,13,浅位,47160.0,47645.20729440565,47665.62949950751,505.6294995075077,否
IN0656,B6T0000001975,E1,3,6,7,13,深位,47160.0,47677.96714628369,47698.38935138555,538.389351385551,否
IN0656,B6T0000001975,E1,3,6,2,31,深位,47160.0,47710.726998161736,47731.32662850253,571.3266285025311,否
IN0656,B6T0000001975,E1,3,5,5,24,深位,47160.0,47744.11497530567,47765.9129342768,605.9129342767992,否
IN0656,B6T0000001975,E1,3,5,2,38,深位,47160.0,47779.575474682446,47801.39827194976,641.398271949758,否
IN0656,B6T0000001975,E1,3,6,6,22,深位,47160.0,47815.253938076174,47837.26801917653,677.2680191765321,否
IN0656,B6T0000001975,E1,3,5,8,18,深位,47160.0,47851.074515564986,47873.30576363164,713.3057636316371,否
IN0656,B6T0000001975,E1,3,6,3,35,深位,47160.0,47887.21978533638,47909.52887781312,749.5288778131217,否
IN0656,B6T0000001975,E1,3,5,8,19,深位,47160.0,47923.76336677408,47946.227131353575,786.2271313535748,否
IN0656,B6T0000001975,E1,3,6,3,36,深位,47160.0,47960.34912214976,47982.83212766998,822.832127669979,否
IN0656,B6T0000001975,E1,3,5,5,30,深位,47160.0,47997.216737678675,48020.171188828775,860.1711888287755,否
IN0656,B6T0000001975,E1,3,6,1,54,深位,47160.0,48034.868127285474,48058.0094316333,898.0094316332979,否
IN0656,B6T0000001975,E1,3,6,3,40,深位,47160.0,48072.842424795155,48096.021082489286,936.0210824892856,否
IN0656,B6T0000001975,E1,3,5,4,36,深位,47160.0,48110.98627470497,48134.28864689232,974.288646892317,否
IN0656,B6T0000001975,E1,3,5,6,29,深位,47160.0,48149.34226698325,48172.74584617823,1012.7458461782298,否
IN0656,B6T0000001975,E1,3,6,3,43,深位,47160.0,48187.795147444354,48211.49554426892,1051.495544268917,否
IN0656,B6T0000001975,E1,3,5,2,50,深位,47160.0,48226.87733062451,48250.78708441356,1090.7870844135614,否
IN0656,B6T0000001975,E1,3,5,7,29,深位,47160.0,48266.28217820498,48290.26361037017,1130.2636103701734,否
IN0535,B6T0000001587,E1,3,5,5,2,浅位,57420.0,57420.0,57434.82842712475,14.828427124746668,否
IN0535,B6T0000001587,E1,3,5,5,2,深位,57420.0,57442.25722873845,57457.08565586319,37.0856558631931,否
IN0535,B6T0000001587,E1,3,6,5,2,浅位,57420.0,57464.51445747689,57479.34288460164,59.342884601639525,否
IN0535,B6T0000001587,E1,3,6,5,2,深位,57420.0,57486.77168621534,57501.600113340086,81.60011334008595,否
IN0177,B6T0000000509,E3,3,5,9,10,浅位,57540.0,57540.0,57560.80983669458,20.809836694577825,否
IN0177,B6T0000000509,E3,3,5,9,10,深位,57540.0,57573.394894174344,57594.20473086892,54.204730868921615,否
IN0177,B6T0000000509,E3,3,6,9,10,浅位,57540.0,57606.78978834869,57627.599625043265,87.5996250432654,否
IN0177,B6T0000000509,E3,3,6,9,10,深位,57540.0,57640.18468252303,57660.99451921761,120.9945192176092,否
IN0177,B6T0000000509,E3,3,5,14,43,浅位,57540.0,57673.579576697375,57705.15956170487,165.15956170487334,否
IN0177,B6T0000000509,E3,3,5,14,43,深位,57540.0,57726.95653101043,57758.53651601793,218.53651601792808,否
IN0534,B6T0000001586,E1,3,5,2,8,浅位,82740.0,82740.0,82755.12095586464,15.120955864636926,否
IN0534,B6T0000001586,E1,3,5,2,8,深位,82740.0,82763.00902724564,82778.12998311028,38.12998311028059,否
IN0534,B6T0000001586,E1,3,6,2,8,浅位,82740.0,82786.01805449129,82801.13901035592,61.139010355924256,否
IN0534,B6T0000001586,E1,3,6,2,8,深位,82740.0,82809.02708173693,82824.14803760157,84.14803760156792,否
IN0534,B6T0000001586,E1,3,5,8,1,浅位,82740.0,82832.03610898257,82847.78207567499,107.78207567498612,否
IN0534,B6T0000001586,E1,3,5,8,1,深位,82740.0,82855.89548537733,82871.64145206974,131.64145206974354,否
IN0534,B6T0000001586,E1,3,6,8,1,浅位,82740.0,82879.75486177209,82895.5008284645,155.50082846450096,否
IN0534,B6T0000001586,E1,3,6,8,1,深位,82740.0,82903.61423816685,82919.36020485926,179.36020485925837,否
IN0519,B6T0000001553,E1,3,5,2,15,浅位,84300.0,84300.0,84317.21006830756,17.210068307555048,否
IN0519,B6T0000001553,E1,3,5,2,15,深位,84300.0,84326.96669866257,84344.17676697012,44.17676697012212,否
IN0519,B6T0000001553,E1,3,6,2,15,浅位,84300.0,84353.93339732513,84371.14346563269,71.14346563268919,否
IN0519,B6T0000001553,E1,3,6,2,15,深位,84300.0,84380.9000959877,84398.11016429526,98.11016429525625,否
IN0519,B6T0000001553,E1,3,5,1,59,浅位,84300.0,84407.86679465027,84431.87766421548,131.8776642154844,否
IN0519,B6T0000001553,E1,3,5,1,59,深位,84300.0,84447.377324044,84471.38819360922,171.38819360922207,否
IN0519,B6T0000001553,E1,3,6,1,59,浅位,84300.0,84486.88785343774,84510.89872300296,210.89872300295974,否
IN0519,B6T0000001553,E1,3,6,1,59,深位,84300.0,84526.39838283148,84550.4092523967,250.4092523966974,否
IN0519,B6T0000001553,E1,3,6,3,45,深位,84300.0,84565.90891222522,84589.95713513673,289.957135136734,否
IN0519,B6T0000001553,E1,3,5,1,60,浅位,84300.0,84605.60861885344,84629.79340146213,329.7934014621278,否
IN0519,B6T0000001553,E1,3,5,1,60,深位,84300.0,84645.426394624,84669.61117723268,369.611177232684,否
IN0519,B6T0000001553,E1,3,6,1,60,浅位,84300.0,84685.24417039455,84709.42895300324,409.42895300324017,否
IN0519,B6T0000001553,E1,3,6,1,60,深位,84300.0,84725.06194616511,84749.2467287738,449.24672877379635,否
IN0519,B6T0000001553,E1,3,6,3,46,深位,84300.0,84764.87972193566,84789.10185789067,489.101857890666,否
IN0519,B6T0000001553,E1,3,6,4,42,浅位,84300.0,84804.8866749407,84829.23252538891,529.2325253889139,否
IN0519,B6T0000001553,E1,3,6,4,42,深位,84300.0,84845.1461205848,84869.49197103301,569.4919710330141,否
IN0519,B6T0000001553,E1,3,5,1,61,浅位,84300.0,84885.4055662289,84909.76426188108,609.7642618810787,否
IN0647,B6T0000001956,E1,3,6,1,9,浅位,87720.0,87725.23755715539,87739.23755715539,19.23755715538573,否
IN0647,B6T0000001956,E1,3,6,1,9,深位,87720.0,87746.23711346324,87760.23711346324,40.23711346324126,否
IN0647,B6T0000001956,E1,3,5,4,27,浅位,87720.0,87767.2366697711,87788.92047723864,68.9204772386438,否
IN0647,B6T0000001956,E1,3,5,14,5,浅位,87720.0,87802.53613106848,87825.35999116141,105.35999116141465,否
IN0647,B6T0000001956,E1,3,5,14,5,深位,87720.0,87839.42665782808,87862.25051792101,142.25051792101294,否
IN0548,B6T0000001640,E1,3,6,14,5,浅位,87720.0,87876.31718458768,87899.14104468061,179.14104468061123,否
IN0548,B6T0000001640,E1,3,6,14,5,深位,87720.0,87913.20771134728,87936.03157144021,216.03157144020952,否
IN0548,B6T0000001640,E1,3,5,1,61,深位,87720.0,87950.09823810688,87974.45693375905,254.45693375905103,否
IN0548,B6T0000001640,E1,3,5,5,38,深位,87720.0,87990.22326025424,88014.58195590641,294.58195590641117,是
IN0423,B6T0000001292,E3,3,5,17,1,浅位,90660.0,90660.0,90682.42068965518,22.42068965517683,否
IN0423,B6T0000001292,E3,3,5,17,1,深位,90660.0,90695.87621070383,90718.29690035901,58.29690035901149,否
IN0423,B6T0000001292,E3,3,6,17,1,浅位,90660.0,90731.75242140767,90754.17311106285,94.17311106284615,否
IN0423,B6T0000001292,E3,3,6,17,1,深位,90660.0,90767.6286321115,90790.04932176668,130.0493217666808,否
IN0423,B6T0000001292,E3,3,6,14,5,浅位,90660.0,90803.50484281534,90826.32870290827,166.32870290827123,否
IN0423,B6T0000001292,E3,3,6,14,5,深位,90660.0,90840.39536957494,90863.21922966787,203.2192296678695,否
IN0315,B6T0000000946,E3,3,5,26,1,浅位,90660.0,90877.28589633454,90905.91348254144,245.91348254143668,否
IN0315,B6T0000000946,E3,3,5,26,1,深位,90660.0,90924.1690035901,90952.796589797,292.7965897969989,否
IN0315,B6T0000000946,E3,3,6,26,1,浅位,90660.0,90971.05211084566,90999.67969705256,339.6796970525611,否
IN0642,B6T0000001943,E1,3,5,3,13,浅位,96480.0,96480.0,96497.68323850592,17.683238505924237,否
IN0642,B6T0000001943,E1,3,6,1,61,浅位,96480.0,96507.78452842127,96532.14322407344,52.14322407344298,否
IN0642,B6T0000001943,E1,3,6,1,61,深位,96480.0,96547.90955056863,96572.2682462208,92.26824622080312,否
IN0642,B6T0000001943,E1,3,5,8,29,深位,96480.0,96588.03457271599,96612.55086902267,132.55086902267067,否
IN0642,B6T0000001943,E1,3,6,4,43,深位,96480.0,96628.50870000604,96653.02846349774,173.02846349774336,否
IN0642,B6T0000001943,E1,3,5,1,62,浅位,96480.0,96669.07925993556,96693.61186863121,213.6118686312111,否
IN0642,B6T0000001943,E1,3,5,1,62,深位,96480.0,96709.51152845974,96734.04413715539,254.04413715538976,否
IN0642,B6T0000001943,E1,3,6,1,62,浅位,96480.0,96749.94379698392,96774.47640567957,294.4764056795684,否
IN0068,B6T0000000191,E4,3,5,44,1,浅位,104820.0,104820.0,104861.3,41.30000000000291,否
IN0068,B6T0000000191,E4,3,5,44,1,深位,104820.0,104889.35552104867,104930.65552104867,110.65552104866947,否
IN0068,B6T0000000191,E4,3,6,44,1,浅位,104820.0,104958.71104209733,105000.01104209734,180.01104209733603,否
IN0068,B6T0000000191,E4,3,6,44,1,深位,104820.0,105028.066563146,105069.366563146,249.3665631460026,否
IN0068,B6T0000000191,E4,3,5,43,9,浅位,104820.0,105097.42208419467,105141.86001522915,321.8600152291474,否
IN0068,B6T0000000191,E4,3,5,43,9,深位,104820.0,105172.82657837514,105217.26450940962,397.2645094096224,否
IN0068,B6T0000000191,E4,3,6,43,9,浅位,104820.0,105248.23107255562,105292.6690035901,472.6690035900974,否
IN0068,B6T0000000191,E4,3,6,43,9,深位,104820.0,105323.63556673609,105368.07349777057,548.0734977705724,否
IN0068,B6T0000000191,E4,3,5,44,11,浅位,104820.0,105399.04006091657,105444.97331049728,624.9733104972838,否
IN0068,B6T0000000191,E4,3,5,44,11,深位,104820.0,105477.17293595363,105523.10618553434,703.1061855343432,否
IN0068,B6T0000000191,E4,3,6,44,11,浅位,104820.0,105555.30581099069,105601.2390605714,781.2390605714027,否
IN0068,B6T0000000191,E4,3,6,44,11,深位,104820.0,105633.43868602774,105679.37193560846,859.3719356084621,否
IN0068,B6T0000000191,E4,3,5,48,4,浅位,104820.0,105711.5715610648,105758.31983692688,938.3198369268794,否
IN0068,B6T0000000191,E4,3,5,48,4,深位,104820.0,105790.8308790242,105837.57915488628,1017.5791548862762,否
IN0068,B6T0000000191,E4,3,5,45,46,深位,104820.0,105870.0901969836,105924.00226594911,1104.0022659491078,否
IN0068,B6T0000000191,E4,3,6,45,46,浅位,104820.0,105963.06893261579,106016.9810015813,1196.9810015812982,否
IN0068,B6T0000000191,E4,3,6,45,46,深位,104820.0,106056.04766824798,106109.95973721349,1289.9597372134886,否
IN0068,B6T0000000191,E4,3,5,44,51,浅位,104820.0,106149.02640388017,106202.94596909756,1382.9459690975636,是
IN0068,B6T0000000191,E4,3,5,44,51,深位,104820.0,106261.37575605646,106315.29532127385,1495.2953212738503,否
IN0068,B6T0000000191,E4,3,6,44,51,浅位,104820.0,106354.36198794052,106408.28155315791,1588.2815531579108,否
IN0376,B6T0000001146,E3,3,5,17,2,浅位,119400.0,119400.0,119423.24911677992,23.24911677991622,否
IN0376,B6T0000001146,E3,3,5,17,2,深位,119400.0,119437.44560557471,119460.69472235463,60.69472235463036,否
IN0376,B6T0000001146,E3,3,6,17,2,浅位,119400.0,119474.89121114943,119498.14032792934,98.1403279293445,否
IN0376,B6T0000001146,E3,3,5,12,14,浅位,119400.0,119512.33681672414,119536.77458264779,136.77458264779125,否
IN0376,B6T0000001146,E3,3,5,12,14,深位,119400.0,119552.41213477007,119576.84990069372,176.84990069371997,否
IN0376,B6T0000001146,E3,3,6,12,14,浅位,119400.0,119592.487452816,119616.92521873965,216.9252187396487,否
IN0376,B6T0000001146,E3,3,6,12,14,深位,119400.0,119632.56277086193,119657.00053678558,257.0005367855774,否
IN0376,B6T0000001146,E3,3,5,21,2,浅位,119400.0,119672.63808890786,119698.64582637743,298.6458263774257,否
IN0376,B6T0000001146,E3,3,5,21,2,深位,119400.0,119714.97564850557,119740.98338597514,340.98338597513794,否
IN0376,B6T0000001146,E3,3,6,21,2,浅位,119400.0,119757.31320810328,119783.32094557285,383.3209455728502,否
IN0221,B6T0000000642,E3,3,6,21,2,深位,119400.0,119799.650767701,119825.65850517056,425.6585051705624,否
IN0221,B6T0000000642,E3,3,5,24,2,浅位,119400.0,119841.9883272987,119870.06503028552,470.06503028552106,否
IN0221,B6T0000000642,E3,3,5,24,2,深位,119400.0,119887.99485241366,119916.07155540047,516.071555400471,否
IN0434,B6T0000001316,E3,3,5,9,4,浅位,128280.0,128280.0,128298.48528137423,18.485281374232727,否
IN0434,B6T0000001316,E3,3,5,9,4,深位,128280.0,128308.9911933685,128327.47647474274,47.47647474273981,否
IN0434,B6T0000001316,E3,3,6,9,4,浅位,128280.0,128337.98238673701,128356.46766811125,76.4676681112469,否
IN0434,B6T0000001316,E3,3,6,9,4,深位,128280.0,128366.97358010552,128385.45886147975,105.45886147975398,否
IN0210,B6T0000000614,E3,3,6,10,14,深位,132300.0,132300.0,132322.8641462932,22.864146293199155,否
IN0210,B6T0000000614,E3,3,5,18,5,浅位,132300.0,132337.21684336753,132362.7993241501,62.799324150109896,否
IN0210,B6T0000000614,E3,3,5,18,5,深位,132300.0,132378.99932415012,132404.5818049327,104.58180493270629,否
IN0210,B6T0000000614,E3,3,6,18,5,浅位,132300.0,132420.78180493272,132446.3642857153,146.36428571530269,否
IN0210,B6T0000000614,E3,3,6,18,5,深位,132300.0,132462.5642857153,132488.1467664979,188.14676649789908,否
IN0210,B6T0000000614,E3,3,5,13,23,浅位,132300.0,132504.3467664979,132531.60049851006,231.60049851005897,否
IN0210,B6T0000000614,E3,3,6,24,2,浅位,132300.0,132549.70144731726,132577.77815030408,277.7781503040751,否
IN0210,B6T0000000614,E3,3,6,24,2,深位,132300.0,132595.7079724322,132623.784675419,323.78467541901045,否
IN0210,B6T0000000614,E3,3,6,26,1,深位,132300.0,132641.71449754713,132670.34208375402,370.34208375401795,否
IN0210,B6T0000000614,E3,3,5,23,8,浅位,132300.0,132688.5976048027,132718.81307974184,418.81307974184165,否
IN0210,B6T0000000614,E3,3,5,23,8,深位,132300.0,132738.73939066476,132768.9548656039,468.95486560391146,否
IN0210,B6T0000000614,E3,3,6,23,8,浅位,132300.0,132788.88117652683,132819.09665146598,519.0966514659813,否
IN0210,B6T0000000614,E3,3,6,23,8,深位,132300.0,132839.0229623889,132869.23843732805,569.2384373280511,否
IN0210,B6T0000000614,E3,3,5,14,37,浅位,132300.0,132889.16474825097,132919.7012549976,619.7012549976062,否
IN0210,B6T0000000614,E3,3,5,21,18,浅位,132300.0,132940.64909807124,132972.31368979032,672.3136897903169,否
IN0210,B6T0000000614,E3,3,5,21,18,深位,132300.0,132993.7031561747,133025.3677478938,725.3677478937898,否
IN0029,B6T0000000090,E4,3,5,43,1,浅位,169860.0,169860.0,169900.43793103448,40.43793103448115,否
IN0029,B6T0000000090,E4,3,5,43,1,深位,169860.0,169927.8267854165,169968.26471645097,108.26471645096899,否
IN0328,B6T0000000996,E3,3,6,21,18,浅位,170040.0,170040.0,170071.66459171908,31.66459171907627,否
IN0328,B6T0000000996,E3,3,6,21,18,深位,170040.0,170093.05405810347,170124.71864982255,84.7186498225492,否
IN0328,B6T0000000996,E3,3,5,10,64,深位,170040.0,170146.10811620695,170178.3693825092,138.36938250920502,否
IN0328,B6T0000000996,E3,3,6,10,64,浅位,170040.0,170200.5621327046,170232.82339900685,192.82339900685474,否
IN0328,B6T0000000996,E3,3,6,10,64,深位,170040.0,170255.01614920225,170287.2774155045,247.27741550450446,否
IN0328,B6T0000000996,E3,3,6,20,24,浅位,170040.0,170309.4701656999,170341.75777984344,301.75777984343586,否
IN0328,B6T0000000996,E3,3,6,20,24,深位,170040.0,170363.78800743018,170396.07562157372,356.0756215737201,否
IN0328,B6T0000000996,E3,3,5,10,65,浅位,170040.0,170418.10584916046,170450.5410285062,410.54102850620984,否
IN0654,B6T0000001973,E1,3,5,6,9,浅位,170460.0,170472.8671120349,170491.50036161562,31.500361615617294,否
IN0654,B6T0000001973,E1,3,5,6,9,深位,170460.0,170502.2829503647,170520.9161999454,60.91619994540815,否
IN0654,B6T0000001973,E1,3,6,6,9,浅位,170460.0,170531.69878869448,170550.3320382752,90.33203827519901,否
IN0654,B6T0000001973,E1,3,6,6,9,深位,170460.0,170561.11462702428,170579.747876605,119.74787660498987,否
IN0328,B6T0000000996,E3,3,5,10,65,深位,170040.0,170590.53046535407,170622.9656446998,582.9656446998124,否
IN0328,B6T0000000996,E3,3,6,10,65,浅位,170040.0,170645.2917282285,170677.72690757425,637.7269075742515,否
IN0328,B6T0000000996,E3,3,6,10,65,深位,170040.0,170700.05299110294,170732.4881704487,692.4881704486907,否
IN0328,B6T0000000996,E3,3,5,11,61,浅位,170040.0,170754.81425397738,170787.37098865674,747.3709886567376,否
IN0328,B6T0000000996,E3,3,5,11,61,深位,170040.0,170809.83098598794,170842.3877206673,802.3877206672914,否
IN0328,B6T0000000996,E3,3,6,11,61,浅位,170040.0,170864.8477179985,170897.40445267785,857.4044526778453,否
IN0328,B6T0000000996,E3,3,6,11,61,深位,170040.0,170919.86445000904,170952.4211846884,912.4211846883991,否
IN0328,B6T0000000996,E3,3,5,10,66,浅位,170040.0,170974.8811820196,171007.4902744088,967.4902744088031,否
IN0328,B6T0000000996,E3,3,5,10,66,深位,170040.0,171029.94969127086,171062.55878366006,1022.5587836600607,否
IN0328,B6T0000000996,E3,3,6,10,66,浅位,170040.0,171085.0182005221,171117.62729291132,1077.6272929113184,否
IN0328,B6T0000000996,E3,3,6,10,66,深位,170040.0,171140.08670977337,171172.69580216258,1132.695802162576,否
IN0328,B6T0000000996,E3,3,5,11,62,浅位,170040.0,171195.15521902463,171227.88586674747,1187.8858667474706,否
IN0328,B6T0000000996,E3,3,5,11,62,深位,170040.0,171250.479197412,171283.20984513484,1243.209845134843,否
IN0479,B6T0000001442,E1,3,6,8,19,浅位,171300.0,171305.80317579937,171328.26694037888,28.266940378875006,否
IN0479,B6T0000001442,E1,3,6,8,19,深位,171300.0,171342.38893117505,171364.85269575455,64.85269575455459,否
IN0479,B6T0000001442,E1,3,6,1,62,深位,171300.0,171378.97468655073,171403.50729524638,103.50729524638155,否
IN0479,B6T0000001442,E1,3,5,7,33,深位,171300.0,171419.4069550749,171444.1071829189,144.10718291890225,否
IN0479,B6T0000001442,E1,3,5,1,63,浅位,171300.0,171460.27120955937,171484.9777312985,184.97773129850975,否
IN0479,B6T0000001442,E1,3,5,1,63,深位,171300.0,171501.01072446036,171525.7172461995,225.71724619949237,否
IN0479,B6T0000001442,E1,3,6,1,63,浅位,171300.0,171541.75023936134,171566.45676110047,266.456761100475,否
IN0328,B6T0000000996,E3,3,6,11,62,浅位,170040.0,171582.48975426232,171615.22040198516,1575.2204019851633,否
IN0328,B6T0000000996,E3,3,6,11,62,深位,170040.0,171637.8137326497,171670.54438037254,1630.5443803725357,否
IN0328,B6T0000000996,E3,3,5,10,67,浅位,170040.0,171693.13771103707,171725.92071646976,1685.9207164697582,否
IN0328,B6T0000000996,E3,3,5,10,67,深位,170040.0,171748.51346666514,171781.29647209783,1741.2964720978343,否
IN0292,B6T0000000877,E3,3,6,10,67,浅位,170040.0,171803.88922229322,171836.6722277259,1796.6722277259105,否
IN0292,B6T0000000877,E3,3,6,10,67,深位,170040.0,171859.2649779213,171892.047983354,1852.0479833539866,否
IN0292,B6T0000000877,E3,3,5,11,63,浅位,170040.0,171914.64073354937,171947.5452943157,1907.5452943156997,否
IN0292,B6T0000000877,E3,3,5,11,63,深位,170040.0,171970.27195831356,172003.1765190799,1963.1765190798906,否
IN0292,B6T0000000877,E3,3,6,11,63,浅位,170040.0,172025.90318307775,172058.80774384408,2018.8077438440814,否
IN0055,B6T0000000148,E4,3,6,43,1,浅位,171300.0,172081.53440784194,172121.97233887643,821.972338876425,否
IN0055,B6T0000000148,E4,3,6,43,1,深位,171300.0,172149.36119325843,172189.7991242929,889.7991242929129,否
IN0017,B6T0000000051,E4,3,6,44,51,深位,171900.0,172217.18797867492,172271.1075438923,371.1075438923144,否
IN0017,B6T0000000051,E4,3,5,43,56,浅位,171900.0,172310.17421055897,172364.10127202823,464.1012720282306,否
IN0017,B6T0000000051,E4,3,5,43,56,深位,171900.0,172403.1679386949,172457.09500016418,557.0950001641759,否
IN0017,B6T0000000051,E4,3,6,43,56,浅位,171900.0,172496.16166683086,172550.08872830012,650.0887283001211,否
IN0017,B6T0000000051,E4,3,6,43,56,深位,171900.0,172589.1553949668,172643.08245643607,743.0824564360664,是
IN0017,B6T0000000051,E4,3,5,45,47,浅位,171900.0,172698.22022637498,172752.30620838396,852.3062083839613,是
IN0017,B6T0000000051,E4,3,5,45,47,深位,171900.0,172809.19960289221,172863.2855849012,963.2855849011976,是
IN0017,B6T0000000051,E4,3,5,43,13,浅位,171900.0,172924.5293201299,172970.1783537153,1070.1783537153096,是
IN0017,B6T0000000051,E4,3,5,43,13,深位,171900.0,173015.82738730073,173061.47642088615,1161.4764208861452,是
IN0076,B6T0000000210,E4,3,6,43,13,浅位,172020.0,173107.12545447156,173152.77448805698,1132.7744880569808,是
IN0076,B6T0000000210,E4,3,6,43,13,深位,172020.0,173198.4235216424,173244.07255522782,1224.0725552278163,否
IN0076,B6T0000000210,E4,3,6,45,47,浅位,172020.0,173276.12236142645,173330.20834343543,1310.208343435428,否
IN0589,B6T0000001749,E1,3,5,2,4,浅位,178860.0,178860.0,178873.46410161513,13.464101615129039,否
IN0589,B6T0000001749,E1,3,5,2,4,深位,178860.0,178879.87023750387,178893.334339119,33.334339118999196,否
IN0589,B6T0000001749,E1,3,6,2,4,浅位,178860.0,178899.74047500774,178913.20457662287,53.204576622869354,否
IN0287,B6T0000000864,E3,3,5,9,17,浅位,179880.0,179880.0,179902.73149262546,22.731492625462124,否
IN0287,B6T0000000864,E3,3,5,9,17,深位,179880.0,179917.0353314216,179939.76682404705,59.76682404705207,否
IN0457,B6T0000001373,E1,3,6,2,4,深位,179940.0,179954.07066284318,179967.5347644583,27.534764458308928,否
IN0457,B6T0000001373,E1,3,5,1,10,浅位,179940.0,179973.94090034705,179988.2654556674,48.265455667395145,否
IN0457,B6T0000001373,E1,3,5,1,10,深位,179940.0,179995.55530307873,180009.87985839907,69.87985839907196,否
IN0457,B6T0000001373,E1,3,5,3,21,浅位,179940.0,180017.1697058104,180036.8069931553,96.80699315530364,否
IN0287,B6T0000000864,E3,3,6,9,17,浅位,179880.0,180048.6560374848,180071.38753011025,191.38753011025256,否
IN0287,B6T0000000864,E3,3,6,9,17,深位,179880.0,180085.69136890638,180108.42286153184,228.4228615318425,否
IN0222,B6T0000000643,E3,3,5,9,12,浅位,184740.0,184740.0,184761.4134846045,21.413484604505356,否
IN0222,B6T0000000643,E3,3,5,9,12,深位,184740.0,184774.53846118873,184795.95194579323,55.95194579323288,否
IN0222,B6T0000000643,E3,3,6,9,12,浅位,184740.0,184809.07692237746,184830.49040698196,90.4904069819604,否
IN0216,B6T0000000629,E3,3,6,9,12,深位,185100.0,185100.0,185121.4134846045,21.413484604505356,否
IN0216,B6T0000000629,E3,3,5,15,5,浅位,185100.0,185134.53846118873,185158.05197645407,58.05197645406588,否
IN0216,B6T0000000629,E3,3,5,15,5,深位,185100.0,185172.65197645407,185196.1654917194,96.16549171941006,否
IN0422,B6T0000001289,E3,3,6,15,5,浅位,189180.0,189204.35533913987,189227.8688544052,47.868854405212915,否
IN0422,B6T0000001289,E3,3,6,15,5,深位,189180.0,189242.46885440522,189265.98236967056,85.98236967055709,否
IN0350,B6T0000001086,E3,3,5,13,14,浅位,189240.0,189280.58236967056,189305.72775340962,65.72775340962107,否
IN0350,B6T0000001086,E3,3,5,13,14,深位,189240.0,189321.9429381933,189347.08832193236,107.08832193235867,否
IN0350,B6T0000001086,E3,3,6,13,14,浅位,189240.0,189363.30350671604,189388.4488904551,148.44889045509626,否
IN0350,B6T0000001086,E3,3,5,22,2,浅位,189240.0,189404.66407523878,189431.36146788075,191.36146788074984,否
IN0350,B6T0000001086,E3,3,5,22,2,深位,189240.0,189448.22462334222,189474.9220159842,234.92201598419342,否
IN0345,B6T0000001059,E3,3,5,9,8,浅位,191580.0,191580.0,191600.14213562373,20.142135623726062,否
IN0345,B6T0000001059,E3,3,5,9,8,深位,191580.0,191612.12998311027,191632.272118734,52.2721187339921,否
IN0345,B6T0000001059,E3,3,6,9,8,浅位,191580.0,191644.25996622053,191664.40210184426,84.40210184425814,否
IN0345,B6T0000001059,E3,3,6,9,8,深位,191580.0,191676.3899493308,191696.53208495452,116.53208495452418,否
IN0345,B6T0000001059,E3,3,6,22,2,浅位,191580.0,191708.51993244106,191735.21732508304,155.2173250830383,否
IN0127,B6T0000000367,E3,3,5,9,9,浅位,207420.0,207420.0,207440.48528137425,20.48528137424728,否
IN0127,B6T0000000367,E3,3,5,9,9,深位,207420.0,207452.7800477505,207473.26532912476,53.265329124755226,否
IN0127,B6T0000000367,E3,3,6,9,9,浅位,207420.0,207485.56009550102,207506.04537687526,86.04537687526317,否
IN0127,B6T0000000367,E3,3,6,9,9,深位,207420.0,207518.34014325152,207538.82542462577,118.82542462577112,否
IN0127,B6T0000000367,E3,3,6,22,2,深位,207420.0,207551.12019100203,207577.817583644,157.81758364400594,否
IN0127,B6T0000000367,E3,3,5,13,23,深位,207420.0,207594.68073910548,207621.93447111762,201.93447111762362,否
IN0127,B6T0000000367,E3,3,6,13,23,浅位,207420.0,207640.03541992482,207667.28915193697,247.2891519369732,否
IN0127,B6T0000000367,E3,3,6,13,23,深位,207420.0,207685.39010074417,207712.64383275632,292.6438327563228,否
IN0127,B6T0000000367,E3,3,5,19,9,深位,207420.0,207730.74478156352,207758.5447815635,338.5447815635125,否
IN0127,B6T0000000367,E3,3,5,12,34,浅位,207420.0,207776.64467804285,207805.2621726712,385.26217267120956,否
IN0127,B6T0000000367,E3,3,5,12,34,深位,207420.0,207824.63716842953,207853.2546630579,433.2546630578872,否
IN0127,B6T0000000367,E3,3,6,12,34,浅位,207420.0,207872.6296588162,207901.24715344456,481.2471534445649,否
IN0127,B6T0000000367,E3,3,6,12,34,深位,207420.0,207920.62214920289,207949.23964383124,529.2396438312426,否
IN0127,B6T0000000367,E3,3,6,13,32,浅位,207420.0,207968.61463958956,207997.59041705407,577.5904170540744,否
IN0127,B6T0000000367,E3,3,6,13,32,深位,207420.0,208017.231610138,208046.2073876025,626.2073876025097,否
IN0127,B6T0000000367,E3,3,6,20,13,浅位,207420.0,208065.84858068643,208095.54933840976,675.5493384097645,否
IN0127,B6T0000000367,E3,3,6,20,13,深位,207420.0,208115.26581127508,208144.9665689984,724.9665689984104,否
IN0127,B6T0000000367,E3,3,6,11,63,深位,207420.0,208164.68304186373,208197.58760263005,777.5876026300539,否
IN0127,B6T0000000367,E3,3,5,10,68,浅位,207420.0,208220.31426662792,208253.2711851041,833.2711851040949,否
IN0127,B6T0000000367,E3,3,5,10,68,深位,207420.0,208275.9972686328,208308.954187109,888.9541871089896,否
IN0127,B6T0000000367,E3,3,6,10,68,浅位,207420.0,208331.6802706377,208364.63718911388,944.6371891138842,否
IN0161,B6T0000000469,E3,3,6,10,68,深位,207420.0,208387.3632726426,208420.32019111878,1000.3201911187789,否
IN0161,B6T0000000469,E3,3,5,11,64,浅位,207420.0,208443.0462746475,208476.12474845728,1056.1247484572814,否
IN0161,B6T0000000469,E3,3,5,11,64,深位,207420.0,208498.98474578848,208532.06321959826,1112.0632195982616,否
IN0161,B6T0000000469,E3,3,6,11,64,浅位,207420.0,208554.92321692946,208588.00169073924,1168.001690739242,否
IN0161,B6T0000000469,E3,3,6,11,64,深位,207420.0,208610.86168807044,208643.94016188022,1223.9401618802221,否
IN0161,B6T0000000469,E3,3,5,12,60,浅位,207420.0,208666.80015921142,208699.9393929702,1279.9393929702055,否
IN0161,B6T0000000469,E3,3,5,12,60,深位,207420.0,208722.8836648802,208756.022898639,1336.0228986389993,否
IN0161,B6T0000000469,E3,3,6,12,60,浅位,207420.0,208778.967170549,208812.1064043078,1392.1064043077931,否
IN0161,B6T0000000469,E3,3,6,12,60,深位,207420.0,208835.0506762178,208868.1899099766,1448.189909976587,否
IN0161,B6T0000000469,E3,3,5,11,65,浅位,207420.0,208891.1341818866,208924.38656873986,1504.3865687398647,否
IN0161,B6T0000000469,E3,3,5,11,65,深位,207420.0,208947.3798994044,208980.63228625766,1560.6322862576635,否
IN0161,B6T0000000469,E3,3,6,11,65,浅位,207420.0,209003.6256169222,209036.87800377546,1616.8780037754623,否
IN0161,B6T0000000469,E3,3,6,11,65,深位,207420.0,209059.87133444,209093.12372129326,1673.123721293261,否
IN0161,B6T0000000469,E3,3,5,12,61,浅位,207420.0,209116.1170519578,209149.43019876006,1729.430198760063,否
IN0161,B6T0000000469,E3,3,5,12,61,深位,207420.0,209172.5078040034,209205.82095080568,1785.8209508056752,否
IN0161,B6T0000000469,E3,3,6,12,61,浅位,207420.0,209228.898556049,209262.2117028513,1842.2117028512876,否
IN0161,B6T0000000469,E3,3,6,12,61,深位,207420.0,209285.28930809462,209318.6024548969,1898.6024548968999,否
IN0161,B6T0000000469,E3,3,5,11,66,浅位,207420.0,209341.68006014024,209375.106360037,1955.1063600369962,否
IN0161,B6T0000000469,E3,3,5,11,66,深位,207420.0,209398.23302403485,209431.6593239316,2011.6593239316135,否
IN0161,B6T0000000469,E3,3,6,11,66,浅位,207420.0,209454.78598792947,209488.21228782623,2068.2122878262307,否
IN0161,B6T0000000469,E3,3,6,11,66,深位,207420.0,209511.3389518241,209544.76525172085,2124.765251720848,否
IN0161,B6T0000000469,E3,3,5,12,62,浅位,207420.0,209567.8919157187,209601.37897556447,2181.3789755644684,否
IN0161,B6T0000000469,E3,3,5,12,62,深位,207420.0,209624.58991414114,209658.0769739869,2238.0769739868992,否
IN0161,B6T0000000469,E3,3,6,12,62,浅位,207420.0,209681.28791256357,209714.77497240933,2294.77497240933,否
IN0161,B6T0000000469,E3,3,6,12,62,深位,207420.0,209737.985910986,209771.47297083176,2351.472970831761,否
IN0161,B6T0000000469,E3,3,5,11,67,浅位,207420.0,209794.68390940843,209828.28412234865,2408.2841223486466,否
IN0161,B6T0000000469,E3,3,5,11,67,深位,207420.0,209851.54411967986,209885.14433262008,2465.1443326200824,否
IN0161,B6T0000000469,E3,3,6,11,67,浅位,207420.0,209908.4043299513,209942.00454289152,2522.004542891518,否
IN0161,B6T0000000469,E3,3,6,11,67,深位,207420.0,209965.26454022274,209998.86475316295,2578.864753162954,否
IN0161,B6T0000000469,E3,3,5,12,63,浅位,207420.0,210022.12475049417,210055.7857233834,2635.785723383393,否
IN0161,B6T0000000469,E3,3,5,12,63,深位,207420.0,210079.1299952934,210112.7909681826,2692.790968182613,否
IN0161,B6T0000000469,E3,3,6,12,63,浅位,207420.0,210136.1352400926,210169.79621298183,2749.7962129818334,否
IN0161,B6T0000000469,E3,3,6,12,63,深位,207420.0,210193.14048489183,210226.80145778105,2806.8014577810536,否
IN0161,B6T0000000469,E3,3,5,13,59,浅位,207420.0,210250.14572969105,210283.8186682218,2863.818668221793,否
IN0161,B6T0000000469,E3,3,5,13,59,深位,207420.0,210307.20723945985,210340.8801779906,2920.8801779905916,否
IN0161,B6T0000000469,E3,3,6,13,59,浅位,207420.0,210364.26874922865,210397.9416877594,2977.9416877593903,否
IN0161,B6T0000000469,E3,3,6,13,59,深位,207420.0,210421.33025899745,210455.0031975282,3035.003197528189,否
IN0161,B6T0000000469,E3,3,5,11,68,浅位,207420.0,210478.39176876625,210512.16589474995,3092.1658947499527,否
IN0161,B6T0000000469,E3,3,5,11,68,深位,207420.0,210535.55922541447,210569.33335139818,3149.333351398178,否
IN0161,B6T0000000469,E3,3,6,11,68,浅位,207420.0,210592.7266820627,210626.5008080464,3206.500808046403,否
IN0161,B6T0000000469,E3,3,6,11,68,深位,207420.0,210649.89413871092,210683.66826469463,3263.6682646946283,否
IN0161,B6T0000000469,E3,3,5,12,64,浅位,207420.0,210707.06159535915,210740.89648129186,3320.8964812918566,否
IN0311,B6T0000000938,E3,3,5,13,5,浅位,221400.0,221400.0,221422.13420492053,22.134204920526827,否
IN0311,B6T0000000938,E3,3,5,13,5,深位,221400.0,221435.65610949192,221457.79031441244,57.79031441244297,否
IN0195,B6T0000000569,E3,3,6,13,5,浅位,221580.0,221580.0,221602.13420492053,22.134204920526827,否
IN0195,B6T0000000569,E3,3,6,13,5,深位,221580.0,221615.65610949192,221637.79031441244,57.79031441244297,否
IN0195,B6T0000000569,E3,3,5,17,1,浅位,221580.0,221651.31221898383,221673.732908639,93.73290863900911,否
IN0117,B6T0000000333,E3,3,5,17,1,深位,223500.0,223500.0,223522.42068965518,22.42068965517683,否
IN0117,B6T0000000333,E3,3,6,17,1,浅位,223500.0,223535.87621070383,223558.296900359,58.29690035901149,否
IN0117,B6T0000000333,E3,3,6,17,1,深位,223500.0,223571.75242140767,223594.17311106285,94.17311106284615,否
IN0461,B6T0000001385,E1,3,5,1,16,浅位,229800.0,229800.0,229816.0,16.0,否
IN0461,B6T0000001385,E1,3,5,1,16,深位,229800.0,229824.78841068986,229840.78841068986,40.78841068985639,否
IN0550,B6T0000001645,E1,3,6,1,16,浅位,233100.0,233100.0,233116.0,16.0,否
IN0550,B6T0000001645,E1,3,6,1,16,深位,233100.0,233124.78841068986,233140.78841068986,40.78841068985639,否
IN0550,B6T0000001645,E1,3,5,7,5,浅位,233100.0,233149.5768213797,233167.26005988565,67.26005988565157,否
IN0550,B6T0000001645,E1,3,5,7,5,深位,233100.0,233177.1479004632,233194.83113896914,94.8311389691371,否
IN0550,B6T0000001645,E1,3,5,3,21,深位,233100.0,233204.71897954668,233224.35626689158,124.3562668915838,否
IN0550,B6T0000001645,E1,3,6,3,21,浅位,233100.0,233236.20531122107,233255.84259856597,155.84259856597055,否
IN0550,B6T0000001645,E1,3,6,3,21,深位,233100.0,233267.69164289546,233287.32893024036,187.3289302403573,否
IN0550,B6T0000001645,E1,3,5,8,13,浅位,233100.0,233299.17797456984,233320.13504381318,220.13504381317762,否
IN0550,B6T0000001645,E1,3,5,8,13,深位,233100.0,233332.90940533218,233353.8664745755,253.86647457550862,否
IN0254,B6T0000000745,E3,3,5,21,6,浅位,256440.0,256440.0,256468.0782898304,28.078289830387803,否
IN0254,B6T0000000745,E3,3,5,21,6,深位,256440.0,256486.26007029045,256514.33836012083,74.33836012083339,否
IN0254,B6T0000000745,E3,3,6,21,6,浅位,256440.0,256532.5201405809,256560.59843041128,120.59843041127897,否
IN0254,B6T0000000745,E3,3,6,21,6,深位,256440.0,256578.78021087134,256606.85850070172,166.85850070172455,否
IN0254,B6T0000000745,E3,3,5,26,1,浅位,256440.0,256625.04028116178,256653.66786736867,213.66786736866925,否
IN0254,B6T0000000745,E3,3,5,26,1,深位,256440.0,256671.92338841734,256700.55097462423,260.55097462423146,否
IN0254,B6T0000000745,E3,3,5,28,1,浅位,256440.0,256718.8064956729,256748.81339222463,308.8133922246343,否
IN0254,B6T0000000745,E3,3,5,28,1,深位,256440.0,256768.13557993996,256798.1424764917,358.1424764916883,否
IN0254,B6T0000000745,E3,3,6,28,1,浅位,256440.0,256817.46466420701,256847.47156075874,407.47156075874227,否
IN0254,B6T0000000745,E3,3,5,22,19,浅位,256440.0,256866.79374847407,256899.38051187838,459.38051187837846,否
IN0254,B6T0000000745,E3,3,5,12,64,深位,256440.0,256921.51128068758,256955.3461666203,515.3461666202929,否
IN0254,B6T0000000745,E3,3,6,12,64,浅位,256440.0,256978.82377186362,257012.65865779633,572.6586577963317,否
IN0254,B6T0000000745,E3,3,6,12,64,深位,256440.0,257036.13626303966,257069.97114897237,629.9711489723704,否
IN0254,B6T0000000745,E3,3,5,13,60,浅位,256440.0,257093.4487542157,257127.2956057899,687.2956057898991,否
IN0254,B6T0000000745,E3,3,5,13,60,深位,256440.0,257150.81751036132,257184.66436193552,744.6643619355164,否
IN0254,B6T0000000745,E3,3,6,13,60,浅位,256440.0,257208.18626650693,257242.03311808113,802.0331180811336,否
IN0254,B6T0000000745,E3,3,6,13,60,深位,256440.0,257265.55502265255,257299.40187422675,859.4018742267508,否
IN0254,B6T0000000745,E3,3,6,19,37,深位,256440.0,257322.92377879817,257356.90856140686,916.9085614068608,否
IN0254,B6T0000000745,E3,3,5,12,65,浅位,256440.0,257380.52307114718,257414.53187012338,974.5318701233773,否
IN0254,B6T0000000745,E3,3,5,12,65,深位,256440.0,257438.14280870004,257472.15160767623,1032.1516076762346,否
IN0254,B6T0000000745,E3,3,6,12,65,浅位,256440.0,257495.7625462529,257529.7713452291,1089.7713452290918,否
IN0632,B6T0000001891,E1,3,6,8,13,浅位,257700.0,257700.0,257720.95706924333,20.957069243333535,否
IN0632,B6T0000001891,E1,3,6,8,13,深位,257700.0,257733.73143076233,257754.68850000566,54.68850000566454,否
IN0632,B6T0000001891,E1,3,5,8,21,浅位,257700.0,257767.46286152466,257790.373979607,90.37397960698581,否
IN0475,B6T0000001429,E1,3,5,8,21,深位,258000.0,258000.0,258022.91111808232,22.91111808232381,否
IN0475,B6T0000001429,E1,3,6,4,36,浅位,258000.0,258037.43323401542,258060.73560620277,60.735606202768395,否
IN0475,B6T0000001429,E1,3,6,4,36,深位,258000.0,258075.7892262937,258099.09159848106,99.09159848105628,否
IN0475,B6T0000001429,E1,3,5,7,28,浅位,258000.0,258114.145218572,258137.9393263672,137.93932636719546,否
IN0475,B6T0000001429,E1,3,6,1,63,深位,258000.0,258153.2928945977,258177.99941633682,177.99941633682465,否
IN0475,B6T0000001429,E1,3,5,1,64,浅位,258000.0,258194.03240949867,258218.9128442813,218.91284428129438,否
IN0475,B6T0000001429,E1,3,5,1,64,深位,258000.0,258235.07917077647,258259.9596055591,259.9596055590955,否
IN0475,B6T0000001429,E1,3,6,1,64,浅位,258000.0,258276.12593205427,258301.0063668369,301.00636683689663,否
IN0475,B6T0000001429,E1,3,6,1,64,深位,258000.0,258317.17269333208,258342.0531281147,342.05312811469776,否
IN0475,B6T0000001429,E1,3,6,6,38,深位,258000.0,258358.21945460988,258383.21139984275,383.21139984275214,否
IN0475,B6T0000001429,E1,3,5,1,65,浅位,258000.0,258399.65466444753,258424.7090122736,424.70901227361173,否
IN0475,B6T0000001429,E1,3,5,1,65,深位,258000.0,258441.00867210215,258466.06301992823,466.06301992823137,否
IN0475,B6T0000001429,E1,3,6,1,65,浅位,258000.0,258482.36267975677,258507.41702758285,507.417027582851,否
IN0475,B6T0000001429,E1,3,6,1,65,深位,258000.0,258523.7166874114,258548.77103523747,548.7710352374706,否
IN0475,B6T0000001429,E1,3,5,8,32,深位,258000.0,258565.070695066,258590.13037025742,590.1303702574223,否
IN0475,B6T0000001429,E1,3,5,1,66,浅位,258000.0,258606.57421409027,258631.80247495984,631.8024749598408,否
IN0106,B6T0000000305,E4,3,5,43,13,浅位,260220.0,260220.0,260265.64903358542,45.64903358541778,否
IN0106,B6T0000000305,E4,3,5,43,13,深位,260220.0,260297.69883978405,260343.34787336946,123.34787336946465,否
IN0106,B6T0000000305,E4,3,6,45,33,浅位,260220.0,260375.3976795681,260427.0488738267,207.04887382668676,是
IN0106,B6T0000000305,E4,3,6,45,33,深位,260220.0,260481.47714044063,260533.12833469923,313.1283346992277,是
IN0106,B6T0000000305,E4,3,6,45,47,深位,260220.0,260584.83274334428,260638.91872535326,418.9187253532582,否
IN0106,B6T0000000305,E4,3,5,44,52,浅位,260220.0,260678.11872535327,260732.21220361415,512.2122036141518,否
IN0106,B6T0000000305,E4,3,5,44,52,深位,260220.0,260771.41220361413,260825.50568187502,605.5056818750163,否
IN0106,B6T0000000305,E4,3,6,44,52,浅位,260220.0,260864.705681875,260918.79916013588,698.7991601358808,否
IN0460,B6T0000001382,E1,3,6,1,1,深位,260940.0,260957.99916013586,260967.99916013586,27.99916013586335,否
IN0460,B6T0000001382,E1,3,6,1,6,深位,260940.0,260971.42100767972,260984.31998716528,44.31998716527596,否
IN0460,B6T0000001382,E1,3,5,2,4,浅位,260940.0,260990.33476078717,261003.7988624023,63.798862402298255,否
IN0460,B6T0000001382,E1,3,5,2,4,深位,260940.0,261010.20499829104,261023.66909990617,83.66909990616841,否
IN0460,B6T0000001382,E1,3,5,5,1,深位,260940.0,261030.0752357949,261044.0752357949,104.07523579490953,否
IN0460,B6T0000001382,E1,3,5,4,7,浅位,260940.0,261050.76306966247,261067.34607490673,127.34607490673079,否
IN0460,B6T0000001382,E1,3,5,15,1,浅位,260940.0,261076.39943253214,261097.44081184248,157.44081184247625,否
IN0460,B6T0000001382,E1,3,5,15,1,深位,260940.0,261109.82966622448,261130.87104553482,190.87104553481913,否
IN0460,B6T0000001382,E1,3,6,15,1,浅位,260940.0,261143.25989991683,261164.30127922716,224.301279227162,否
IN0460,B6T0000001382,E1,3,6,15,1,深位,260940.0,261176.69013360917,261197.7315129195,257.7315129195049,否
IN0460,B6T0000001382,E1,3,5,11,9,浅位,260940.0,261210.1203673015,261232.3184063287,292.31840632870444,否
IN0460,B6T0000001382,E1,3,5,1,66,深位,260940.0,261246.01163347258,261271.23989434214,331.2398943421431,否
IN0460,B6T0000001382,E1,3,6,1,66,浅位,260940.0,261287.67288750398,261312.90114837355,372.90114837355213,否
IN0460,B6T0000001382,E1,3,6,1,66,深位,260940.0,261329.3341415354,261354.56240240496,414.5624024049612,否
IN0460,B6T0000001382,E1,3,5,2,58,深位,260940.0,261370.9953955668,261396.2964537037,456.2964537036896,否
IN0460,B6T0000001382,E1,3,5,1,67,浅位,260940.0,261412.85821416177,261438.26038807482,498.2603880748211,否
IN0460,B6T0000001382,E1,3,5,1,67,深位,260940.0,261454.82671457,261480.22888848305,540.2288884830486,否
IN0460,B6T0000001382,E1,3,6,1,67,浅位,260940.0,261496.79521497822,261522.19738889128,582.1973888912762,否
IN0460,B6T0000001382,E1,3,6,1,67,深位,260940.0,261538.76371538645,261564.1658892995,624.1658892995038,否
IN0460,B6T0000001382,E1,3,5,2,59,浅位,260940.0,261580.73221579468,261606.20718697502,666.2071869750216,是
IN0460,B6T0000001382,E1,3,5,2,59,深位,260940.0,261653.46533428686,261678.9403054672,738.9403054672002,是
IN0460,B6T0000001382,E1,3,6,2,59,浅位,260940.0,261726.19845277903,261751.67342395938,811.6734239593789,是
IN0460,B6T0000001382,E1,3,6,2,59,深位,260940.0,261798.9315712712,261824.40654245156,884.4065424515575,是
IN0460,B6T0000001382,E1,3,5,9,20,浅位,260940.0,261865.33204309116,261888.7615963754,948.761596375407,是
IN0460,B6T0000001382,E1,3,5,9,20,深位,260940.0,261912.19114965963,261935.62070294388,995.620702943881,是
IN0460,B6T0000001382,E1,3,6,9,20,浅位,260940.0,261959.0502562281,261982.47980951236,1042.4798095123551,是
IN0460,B6T0000001382,E1,3,6,9,20,深位,260940.0,262005.90936279658,262029.33891608083,1089.3389160808292,否
IN0460,B6T0000001382,E1,3,5,1,68,浅位,260940.0,262044.2671193111,262069.8432062676,1129.8432062676002,否
IN0460,B6T0000001382,E1,3,5,1,68,深位,260940.0,262086.54286609613,262112.11895305265,1172.1189530526462,否
IN0460,B6T0000001382,E1,3,6,1,68,浅位,260940.0,262128.81861288118,262154.3946998377,1214.3946998377214,否
IN0460,B6T0000001382,E1,3,6,1,68,深位,260940.0,262171.0943596662,262196.67044662277,1256.6704466227675,否
IN0460,B6T0000001382,E1,3,5,2,60,浅位,260940.0,262213.3701064513,262239.0189906751,1299.0189906751039,否
IN0460,B6T0000001382,E1,3,5,2,60,深位,260940.0,262255.8474177999,262281.4963020237,1341.4963020237046,否
IN0460,B6T0000001382,E1,3,6,2,60,浅位,260940.0,262298.3247291485,262323.9736133723,1383.9736133723054,否
IN0460,B6T0000001382,E1,3,6,2,60,深位,260940.0,262340.8020404971,262366.4509247209,1426.4509247209062,否
IN0460,B6T0000001382,E1,3,5,2,61,浅位,260940.0,262383.2793518457,262409.10214911296,1469.102149112965,否
IN0460,B6T0000001382,E1,3,5,2,61,深位,260940.0,262426.0639095711,262451.8867068384,1511.8867068383843,否
IN0191,B6T0000000552,E3,3,5,13,40,浅位,260880.0,262468.8484672965,262499.21705800114,1619.2170580011443,否
IN0191,B6T0000000552,E3,3,5,13,40,深位,260880.0,262520.05267107155,262550.4212617762,1670.4212617761805,否
IN0191,B6T0000000552,E3,3,6,13,40,浅位,260880.0,262571.2568748466,262601.6254655512,1721.6254655512166,否
IN0106,B6T0000000305,E4,3,6,44,52,深位,260220.0,262622.4610786216,262676.5545568825,2456.5545568824746,否
IN0106,B6T0000000305,E4,3,5,43,57,浅位,260220.0,262715.7545568825,262769.85553139524,2549.8555313952384,是
IN0106,B6T0000000305,E4,3,5,43,57,深位,260220.0,262828.13908684877,262882.2400613615,2662.2400613615173,是
IN0106,B6T0000000305,E4,3,6,43,57,浅位,260220.0,262940.52361681504,262994.6245913278,2774.624591327796,是
IN0106,B6T0000000305,E4,3,6,43,57,深位,260220.0,263052.9081467813,263107.0091212941,2887.009121294075,否
IN0106,B6T0000000305,E4,3,5,45,48,浅位,260220.0,263146.2091212941,263200.46901634656,2980.4690163465566,否
IN0106,B6T0000000305,E4,3,5,45,48,深位,260220.0,263239.80234967987,263294.06224473234,3074.0622447323403,否
IN0106,B6T0000000305,E4,3,6,45,48,浅位,260220.0,263333.39557806565,263387.6554731181,3167.655473118124,否
IN0106,B6T0000000305,E4,3,6,45,48,深位,260220.0,263426.98880645144,263481.2487015039,3261.248701503908,否
IN0106,B6T0000000305,E4,3,5,44,53,浅位,260220.0,263520.5820348372,263574.8494261416,3354.849426141591,否
IN0106,B6T0000000305,E4,3,5,44,53,深位,260220.0,263614.1827594749,263668.4501507793,3448.450150779274,否
IN0106,B6T0000000305,E4,3,6,44,53,浅位,260220.0,263707.7834841126,263762.05087541696,3542.050875416957,否
IN0106,B6T0000000305,E4,3,6,44,53,深位,260220.0,263801.38420875027,263855.65160005464,3635.65160005464,否
IN0106,B6T0000000305,E4,3,5,43,58,浅位,260220.0,263894.98493338795,263949.25982094416,3729.259820944164,否
IN0106,B6T0000000305,E4,3,5,43,58,深位,260220.0,263988.59315427754,264042.86804183375,3822.8680418337462,否
IN0106,B6T0000000305,E4,3,6,43,58,浅位,260220.0,264082.2013751671,264136.4762627233,3916.4762627233285,否
IN0106,B6T0000000305,E4,3,6,43,58,深位,260220.0,264175.8095960567,264230.0844836129,4010.084483612911,否
IN0106,B6T0000000305,E4,3,5,45,49,浅位,260220.0,264269.4178169463,264323.8516250422,4103.851625042211,否
IN0106,B6T0000000305,E4,3,5,45,49,深位,260220.0,264363.3182917089,264417.7520998048,4197.752099804813,否
IN0106,B6T0000000305,E4,3,6,45,49,浅位,260220.0,264457.2187664715,264511.6525745674,4291.652574567415,否
IN0106,B6T0000000305,E4,3,6,45,49,深位,260220.0,264551.1192412341,264605.55304933,4385.5530493300175,否
IN0106,B6T0000000305,E4,3,5,44,54,浅位,260220.0,264645.0197159967,264699.4610203445,4479.461020344519,否
IN0106,B6T0000000305,E4,3,5,44,54,深位,260220.0,264738.9276870112,264793.368991359,4573.368991359021,否
IN0092,B6T0000000260,E4,3,5,43,1,浅位,272160.0,272160.0,272200.4379310345,40.43793103448115,否
IN0092,B6T0000000260,E4,3,5,43,1,深位,272160.0,272227.82678541646,272268.26471645094,108.26471645093989,是
IN0092,B6T0000000260,E4,3,6,44,54,浅位,272160.0,272319.67052545195,272374.1118297998,214.11182979977457,是
IN0092,B6T0000000260,E4,3,6,44,54,深位,272160.0,272428.8175938399,272483.2588981877,323.25889818771975,否
IN0092,B6T0000000260,E4,3,5,43,59,浅位,272160.0,272522.7255648544,272577.1743654541,417.17436545412056,否
IN0092,B6T0000000260,E4,3,5,43,59,深位,272160.0,272616.64103212074,272671.08983272046,511.08983272046316,否
IN0378,B6T0000001149,E3,3,5,9,17,浅位,287880.0,287880.0,287902.7314926255,22.731492625491228,否
IN0378,B6T0000001149,E3,3,5,9,17,深位,287880.0,287917.0353314216,287939.7668240471,59.76682404708117,否
IN0378,B6T0000001149,E3,3,6,9,17,浅位,287880.0,287954.0706628432,287976.8021554687,96.80215546867112,否
IN0378,B6T0000001149,E3,3,6,17,2,深位,287880.0,287991.10599426477,288014.3551110447,134.35511104471516,否
IN0378,B6T0000001149,E3,3,5,12,11,浅位,287880.0,288028.55159983947,288052.1393005703,172.13930057029938,否
IN0378,B6T0000001149,E3,3,6,21,2,深位,287880.0,288067.01653126994,288093.0242687395,213.02426873950753,是
IN0378,B6T0000001149,E3,3,5,10,29,浅位,287880.0,288123.55499395425,288149.70615508815,269.7061550881481,是
IN0378,B6T0000001149,E3,3,5,10,29,深位,287880.0,288180.4017421406,288206.5529032745,326.55290327448165,是
IN0378,B6T0000001149,E3,3,6,10,29,浅位,287880.0,288237.2484903269,288263.3996514608,383.3996514608152,是
IN0378,B6T0000001149,E3,3,5,24,2,浅位,287880.0,288294.09523851326,288322.1719415001,442.1719415000989,否
IN0378,B6T0000001149,E3,3,6,12,65,深位,287880.0,288340.1017636282,288374.1105626044,494.11056260438636,否
IN0378,B6T0000001149,E3,3,5,13,61,浅位,287880.0,288397.721501181,288431.74226579873,551.7422657987336,否
IN0556,B6T0000001654,E1,3,6,1,1,深位,300480.0,300480.0,300490.0,10.0,否
IN0556,B6T0000001654,E1,3,6,1,6,深位,300480.0,300493.42184754385,300506.3208270294,26.320827029412612,否
IN0141,B6T0000000429,E3,3,5,10,8,浅位,318960.0,318960.0,318981.03768576914,21.037685769144446,否
IN0141,B6T0000000429,E3,3,5,10,8,深位,318960.0,318993.75674688746,319014.7944326566,54.79443265660666,否
IN0234,B6T0000000683,E3,3,6,10,8,浅位,319380.0,319380.0,319401.03768576914,21.037685769144446,否
IN0234,B6T0000000683,E3,3,6,10,8,深位,319380.0,319413.75674688746,319434.7944326566,54.79443265660666,否
IN0234,B6T0000000683,E3,3,5,13,5,浅位,319380.0,319447.5134937749,319469.6476986954,89.64769869542215,否
IN0234,B6T0000000683,E3,3,5,13,5,深位,319380.0,319483.1696032668,319505.3038081873,125.30380818730919,否
IN0234,B6T0000000683,E3,3,5,12,7,浅位,319380.0,319518.8257127587,319541.0716665309,161.07166653091554,否
IN0234,B6T0000000683,E3,3,5,12,7,深位,319380.0,319554.7488022674,319576.99475603964,196.99475603963947,否
IN0234,B6T0000000683,E3,3,6,12,7,浅位,319380.0,319590.67189177615,319612.91784554836,232.9178455483634,否
IN0078,B6T0000000217,E4,3,5,45,1,浅位,342420.0,342420.0,342462.1620689655,42.162068965495564,否
IN0078,B6T0000000217,E4,3,5,45,1,深位,342420.0,342490.88425668085,342533.04632564634,113.04632564634085,否
IN0453,B6T0000001367,E1,3,5,2,10,浅位,342540.0,342561.7685133617,342577.5571702972,37.55717029719381,否
IN0453,B6T0000001367,E1,3,5,7,3,浅位,342540.0,342586.0424516714,342602.7176558375,62.71765583747765,否
IN0453,B6T0000001367,E1,3,5,7,3,深位,342540.0,342611.703883092,342628.3790872581,88.3790872580721,否
IN0453,B6T0000001367,E1,3,6,7,3,浅位,342540.0,342637.3653145126,342654.04051867867,114.04051867866656,否
IN0453,B6T0000001367,E1,3,6,7,3,深位,342540.0,342663.02674593317,342679.70195009926,139.701950099261,否
IN0453,B6T0000001367,E1,3,6,2,20,浅位,342540.0,342688.68817735376,342707.0965508789,167.09655087889405,否
IN0453,B6T0000001367,E1,3,6,2,20,深位,342540.0,342717.92497800366,342736.3333515288,196.3333515287959,否
IN0453,B6T0000001367,E1,3,5,7,17,浅位,342540.0,342747.16177865356,342768.6190924557,228.61909245571587,否
IN0453,B6T0000001367,E1,3,5,7,17,深位,342540.0,342781.88256859913,342803.3398824013,263.33988240128383,否
IN0453,B6T0000001367,E1,3,6,7,17,浅位,342540.0,342816.6033585447,342838.06067234685,298.0606723468518,否
IN0453,B6T0000001367,E1,3,6,12,7,深位,342540.0,342851.32414849027,342873.5701022625,333.5701022624853,否
IN0453,B6T0000001367,E1,3,5,9,16,浅位,342540.0,342887.247237999,342909.73251937324,369.7325193732395,否
IN0453,B6T0000001367,E1,3,5,9,16,深位,342540.0,342923.8161401315,342946.30142150575,406.3014215057483,否
IN0453,B6T0000001367,E1,3,6,9,16,浅位,342540.0,342960.385042264,342982.87032363826,442.8703236382571,否
IN0453,B6T0000001367,E1,3,6,9,16,深位,342540.0,342996.9539443965,343019.43922577077,479.4392257707659,否
IN0453,B6T0000001367,E1,3,5,13,6,浅位,342540.0,343033.522846529,343056.08389498014,516.08389498014,否
IN0453,B6T0000001367,E1,3,5,19,1,浅位,342540.0,343069.98758001154,343093.7875800115,553.7875800115289,否
IN0453,B6T0000001367,E1,3,5,19,1,深位,342540.0,343108.30976772687,343132.10976772686,592.1097677268554,否
IN0453,B6T0000001367,E1,3,6,19,1,浅位,342540.0,343146.6319554422,343170.4319554422,630.4319554421818,否
IN0453,B6T0000001367,E1,3,6,2,61,浅位,342540.0,343184.9541431575,343210.7769404248,670.7769404248102,否
IN0453,B6T0000001367,E1,3,6,2,61,深位,342540.0,343227.73870088294,343253.56149815023,713.5614981502295,否
IN0453,B6T0000001367,E1,3,5,6,43,深位,342540.0,343270.52325860836,343296.3847690586,756.3847690586117,否
IN0386,B6T0000001180,E3,3,6,10,51,浅位,342660.0,343313.53109730064,343343.53149403766,683.5314940376556,否
IN0386,B6T0000001180,E3,3,6,9,59,浅位,342660.0,343363.9909108997,343394.48706183914,734.4870618391433,否
IN0386,B6T0000001180,E3,3,6,9,59,深位,342660.0,343415.2819317361,343445.77808267553,785.7780826755334,否
IN0386,B6T0000001180,E3,3,5,13,61,深位,342660.0,343466.5729525725,343500.5937171902,840.5937171902042,否
IN0386,B6T0000001180,E3,3,6,13,61,浅位,342660.0,343524.2489550949,343558.2697197126,898.2697197126108,否
IN0386,B6T0000001180,E3,3,6,13,61,深位,342660.0,343581.9249576173,343615.945722235,955.9457222350175,否
IN0386,B6T0000001180,E3,3,5,12,66,浅位,342660.0,343639.6009601397,343673.78367215936,1013.783672159363,否
IN0386,B6T0000001180,E3,3,5,12,66,深位,342660.0,343697.52794406936,343731.710656089,1071.7106560890097,否
IN0386,B6T0000001180,E3,3,6,12,66,浅位,342660.0,343755.454927999,343789.63764001866,1129.6376400186564,否
IN0386,B6T0000001180,E3,3,6,12,66,深位,342660.0,343813.38191192865,343847.5646239483,1187.564623948303,否
IN0386,B6T0000001180,E3,3,5,25,17,深位,342660.0,343871.3088958583,343905.493038144,1245.4930381440208,否
IN0386,B6T0000001180,E3,3,5,14,58,浅位,342660.0,343928.8020070432,343962.9906877029,1302.9906877028989,否
IN0386,B6T0000001180,E3,3,5,14,58,深位,342660.0,343986.7906877029,344020.9793683626,1360.9793683625758,否
IN0386,B6T0000001180,E3,3,6,14,58,浅位,342660.0,344044.77936836256,344078.96804902225,1418.9680490222527,否
IN0386,B6T0000001180,E3,3,6,14,58,深位,342660.0,344102.76804902224,344136.95672968193,1476.9567296819296,否
IN0386,B6T0000001180,E3,3,5,13,62,浅位,342660.0,344160.7567296819,344194.9514073431,1534.951407343091,否
IN0386,B6T0000001180,E3,3,5,13,62,深位,342660.0,344218.73997858114,344252.9346562423,1592.9346562423161,否
IN0386,B6T0000001180,E3,3,6,13,62,浅位,342660.0,344276.72322748037,344310.91790514154,1650.9179051415413,否
IN0386,B6T0000001180,E3,3,6,13,62,深位,342660.0,344334.7064763796,344368.90115404077,1708.9011540407664,否
IN0386,B6T0000001180,E3,3,5,12,67,浅位,342660.0,344392.6897252788,344427.046350342,1767.0463503419887,否
IN0386,B6T0000001180,E3,3,5,12,67,深位,342660.0,344450.9239555853,344485.28058064845,1825.280580648454,否
IN0386,B6T0000001180,E3,3,6,12,67,浅位,342660.0,344509.15818589175,344543.5148109549,1883.514810954919,否
IN0386,B6T0000001180,E3,3,6,12,67,深位,342660.0,344567.3924161982,344601.7490412614,1941.7490412613843,否
IN0386,B6T0000001180,E3,3,5,14,59,浅位,342660.0,344625.6266465047,344659.9892402078,1999.9892402078258,否
IN0386,B6T0000001180,E3,3,5,14,59,深位,342660.0,344683.9225735412,344718.2851672443,2058.285167244321,否
IN0386,B6T0000001180,E3,3,6,14,59,浅位,342660.0,344742.21850057767,344776.5810942808,2116.5810942808166,否
IN0386,B6T0000001180,E3,3,6,14,59,深位,342660.0,344800.51442761417,344834.8770213173,2174.877021317312,否
IN0386,B6T0000001180,E3,3,5,13,63,浅位,342660.0,344858.81035465066,344893.1789453553,2233.178945355292,否
IN0386,B6T0000001180,E3,3,5,13,63,深位,342660.0,344917.1008499267,344951.46944063134,2291.4694406313356,否
IN0386,B6T0000001180,E3,3,6,13,63,浅位,342660.0,344975.39134520275,345009.7599359074,2349.7599359073793,否
IN0386,B6T0000001180,E3,3,6,13,63,深位,342660.0,345033.6818404788,345068.0504311834,2408.050431183423,否
IN0386,B6T0000001180,E3,3,5,12,68,浅位,342660.0,345091.97233575484,345126.50287386146,2466.5028738614637,否
IN0386,B6T0000001180,E3,3,5,12,68,深位,342660.0,345150.5138124381,345185.04435054475,2525.0443505447474,否
IN0386,B6T0000001180,E3,3,6,12,68,浅位,342660.0,345209.0552891214,345243.58582722803,2583.585827228031,否
IN0386,B6T0000001180,E3,3,6,12,68,深位,342660.0,345267.5967658047,345302.1273039113,2642.127303911315,否
IN0386,B6T0000001180,E3,3,5,14,60,浅位,342660.0,345326.13824248797,345360.6747492346,2700.674749234575,否
IN0386,B6T0000001180,E3,3,5,14,60,深位,342660.0,345384.7414159013,345419.2779226479,2759.2779226478888,否
IN0078,B6T0000000217,E4,3,6,45,1,浅位,342420.0,345443.3445893146,345485.5066582801,3065.5066582800937,否
IN0078,B6T0000000217,E4,3,6,45,1,深位,342420.0,345514.22884599544,345556.39091496094,3136.390914960939,否
IN0078,B6T0000000217,E4,3,5,45,5,浅位,342420.0,345585.1131026763,345629.7473075968,3209.7473075967864,否
IN0078,B6T0000000217,E4,3,5,45,5,深位,342420.0,345660.68064093014,345705.31484585063,3285.314845850633,否
IN0078,B6T0000000217,E4,3,6,45,5,浅位,342420.0,345736.248179184,345780.8823841045,3360.8823841044796,否
IN0085,B6T0000000229,E4,3,6,45,5,深位,343260.0,345811.8157174378,345856.4499223583,2596.449922358326,否
IN0085,B6T0000000229,E4,3,6,45,6,浅位,343260.0,345887.3832556917,345932.4443041428,2672.4443041427876,否
IN0085,B6T0000000229,E4,3,6,45,6,深位,343260.0,345963.75941793615,346008.82046638726,2748.8204663872602,否
IN0085,B6T0000000229,E4,3,5,49,1,浅位,343260.0,346040.1355801806,346085.7459250082,2825.745925008203,是
IN0085,B6T0000000229,E4,3,5,49,1,深位,343260.0,346149.68571117433,346195.2960560019,2935.296056001913,是
IN0085,B6T0000000229,E4,3,6,49,1,浅位,343260.0,346259.23584216804,346304.8461869956,3044.8461869956227,否
IN0082,B6T0000000223,E4,3,6,49,1,深位,344160.0,346336.2350413776,346381.8453862052,2221.845386205183,否
IN0082,B6T0000000223,E4,3,6,43,13,浅位,344160.0,346413.23424058716,346458.88327417255,2298.883274172549,是
IN0082,B6T0000000223,E4,3,6,43,13,深位,344160.0,346501.9817841513,346547.6308177367,2387.6308177366736,是
IN0063,B6T0000000173,E4,3,6,43,59,浅位,344220.0,346590.7293277154,346645.17812831514,2425.178128315136,是
IN0063,B6T0000000173,E4,3,6,43,59,深位,344220.0,346696.610441134,346751.05924173375,2531.0592417337466,否
IN0063,B6T0000000173,E4,3,5,46,45,浅位,344220.0,346790.52590840036,346845.1261332879,2625.1261332879076,是
IN0215,B6T0000000625,E3,3,5,9,4,浅位,346980.0,346980.0,346998.48528137425,18.48528137424728,否
IN0215,B6T0000000625,E3,3,5,9,4,深位,346980.0,347008.9911933685,347027.47647474275,47.47647474275436,否
IN0215,B6T0000000625,E3,3,6,9,4,浅位,346980.0,347037.982386737,347056.46766811126,76.46766811126145,否
IN0054,B6T0000000146,E4,3,5,43,1,浅位,347700.0,347706.77168621536,347747.20961724984,47.20961724984227,否
IN0054,B6T0000000146,E4,3,5,43,1,深位,347700.0,347774.5984716318,347815.0364026663,115.036402666301,否
IN0054,B6T0000000146,E4,3,5,43,3,浅位,347700.0,347842.4252570483,347884.3272896979,184.32728969788877,是
IN0054,B6T0000000146,E4,3,5,43,3,深位,347700.0,347931.475653072,347973.3776857216,273.3776857216144,是
IN0054,B6T0000000146,E4,3,6,43,3,浅位,347700.0,348020.52604909573,348062.42808174534,362.42808174534,是
IN0641,B6T0000001942,E1,3,5,1,6,浅位,352740.0,352740.0,352752.89897948556,12.898979485558812,否
IN0641,B6T0000001942,E1,3,5,1,6,深位,352740.0,352758.9137531075,352771.81273259304,31.812732593039982,否
IN0641,B6T0000001942,E1,3,6,1,6,浅位,352740.0,352777.82750621496,352790.7264857005,50.72648570052115,否
IN0641,B6T0000001942,E1,3,5,5,2,浅位,352740.0,352796.74125932244,352811.5696864472,71.569686447212,否
IN0641,B6T0000001942,E1,3,5,5,2,深位,352740.0,352818.9984880609,352833.82691518567,93.82691518566571,否
IN0641,B6T0000001942,E1,3,6,5,2,浅位,352740.0,352841.25571679935,352856.0841439241,116.08414392411942,否
IN0641,B6T0000001942,E1,3,5,6,9,浅位,352740.0,352863.5129455378,352882.1461951185,142.14619511849014,否
IN0641,B6T0000001942,E1,3,5,6,9,深位,352740.0,352892.9287838676,352911.5620334483,171.5620334483101,否
IN0381,B6T0000001161,E3,3,5,9,17,浅位,355740.0,355740.0,355762.7314926255,22.731492625491228,否
IN0381,B6T0000001161,E3,3,5,9,17,深位,355740.0,355777.0353314216,355799.7668240471,59.76682404708117,否
IN0407,B6T0000001238,E3,3,6,9,17,浅位,355740.0,355814.0706628432,355836.8021554687,96.80215546867112,否
IN0407,B6T0000001238,E3,3,6,17,2,深位,355740.0,355851.10599426477,355874.3551110447,134.35511104471516,否
IN0407,B6T0000001238,E3,3,5,12,11,浅位,355740.0,355888.55159983947,355912.1393005703,172.13930057029938,否
IN0407,B6T0000001238,E3,3,6,21,2,深位,355740.0,355927.01653126994,355953.0242687395,213.02426873950753,否
IN0407,B6T0000001238,E3,3,5,10,29,浅位,355740.0,355969.3540908676,355995.5052520015,255.50525200151606,否
IN0407,B6T0000001238,E3,3,5,10,29,深位,355740.0,356012.7979445266,356038.9491056605,298.9491056604893,否
IN0407,B6T0000001238,E3,3,6,10,29,浅位,355740.0,356056.24179818557,356082.39295931946,342.39295931946253,否
IN0407,B6T0000001238,E3,3,6,15,15,浅位,355740.0,356099.68565184454,356126.4729978473,386.4729978473042,否
IN0407,B6T0000001238,E3,3,5,11,33,浅位,355740.0,356144.0012010776,356171.68836539786,431.68836539785843,否
IN0407,B6T0000001238,E3,3,5,11,33,深位,355740.0,356190.29121545865,356217.9783797789,477.9783797789132,否
IN0407,B6T0000001238,E3,3,6,14,60,浅位,355740.0,356236.5812298397,356271.1177365863,531.1177365863114,否
IN0407,B6T0000001238,E3,3,6,14,60,深位,355740.0,356295.184403253,356329.7209099996,589.7209099996253,否
IN0407,B6T0000001238,E3,3,5,13,64,浅位,355740.0,356353.78757666633,356388.3300804145,648.3300804144819,否
IN0407,B6T0000001238,E3,3,5,13,64,深位,355740.0,356412.3853183192,356446.92782206734,706.9278220673441,否
IN0407,B6T0000001238,E3,3,6,13,64,浅位,355740.0,356470.98305997206,356505.5255637202,765.5255637202063,否
IN0407,B6T0000001238,E3,3,6,13,64,深位,355740.0,356529.5808016249,356564.12330537307,824.1233053730684,否
IN0407,B6T0000001238,E3,3,5,15,57,浅位,355740.0,356588.1785432778,356622.88296606636,882.8829660663614,否
IN0407,B6T0000001238,E3,3,5,15,57,深位,355740.0,356647.0829660664,356681.78738885495,941.7873888549511,否
IN0407,B6T0000001238,E3,3,6,15,57,浅位,355740.0,356705.98738885496,356740.69181164354,1000.6918116435409,否
IN0407,B6T0000001238,E3,3,6,15,57,深位,355740.0,356764.89181164355,356799.59623443213,1059.5962344321306,否
IN0407,B6T0000001238,E3,3,5,14,61,浅位,355740.0,356823.79623443214,356858.50665422226,1118.506654222263,否
IN0407,B6T0000001238,E3,3,5,14,61,深位,355740.0,356882.7066542223,356917.4170740124,1177.4170740123955,否
IN0407,B6T0000001238,E3,3,6,14,61,浅位,355740.0,356941.6170740124,356976.3274938025,1236.327493802528,否
IN0407,B6T0000001238,E3,3,6,14,61,深位,355740.0,357000.52749380254,357035.23791359266,1295.2379135926603,否
IN0407,B6T0000001238,E3,3,5,13,65,浅位,355740.0,357059.4379135927,357094.1543303843,1354.1543303842773,否
IN0407,B6T0000001238,E3,3,5,13,65,深位,355740.0,357118.34290162235,357153.05931841396,1413.059318413958,否
IN0407,B6T0000001238,E3,3,6,13,65,浅位,355740.0,357177.24788965203,357211.96430644364,1471.9643064436386,否
IN0407,B6T0000001238,E3,3,6,13,65,深位,355740.0,357236.1528776817,357270.8692944733,1530.8692944733193,否
IN0407,B6T0000001238,E3,3,5,15,58,浅位,355740.0,357295.0578657114,357329.9362015435,1589.936201543489,否
IN0407,B6T0000001238,E3,3,5,15,58,深位,355740.0,357354.2695348768,357389.1478707089,1649.1478707088972,否
IN0407,B6T0000001238,E3,3,6,15,58,浅位,355740.0,357413.4812040422,357448.3595398743,1708.3595398743055,否
IN0407,B6T0000001238,E3,3,6,15,58,深位,355740.0,357472.6928732076,357507.5712090397,1767.5712090397137,否
IN0407,B6T0000001238,E3,3,5,14,62,浅位,355740.0,357531.904542373,357566.7888752066,1826.7888752066065,否
IN0407,B6T0000001238,E3,3,5,14,62,深位,355740.0,357591.1222085399,357626.0065413735,1886.0065413734992,否
IN0407,B6T0000001238,E3,3,6,14,62,浅位,355740.0,357650.3398747068,357685.2242075404,1945.224207540392,否
IN0407,B6T0000001238,E3,3,6,14,62,深位,355740.0,357709.5575408737,357744.4418737073,2004.4418737072847,否
IN0407,B6T0000001238,E3,3,5,13,66,浅位,355740.0,357768.7752070406,357803.66553687566,2063.665536875662,否
IN0407,B6T0000001238,E3,3,5,13,66,深位,355740.0,357827.9874414471,357862.87777128216,2122.877771282161,否
IN0407,B6T0000001238,E3,3,6,13,66,浅位,355740.0,357887.1996758536,357922.09000568866,2182.0900056886603,否
IN0407,B6T0000001238,E3,3,6,13,66,深位,355740.0,357946.4119102601,357981.30224009516,2241.3022400951595,否
IN0407,B6T0000001238,E3,3,5,15,59,浅位,355740.0,358005.6241446666,358040.67639354215,2300.6763935421477,否
IN0407,B6T0000001238,E3,3,5,15,59,深位,355740.0,358065.1430602088,358100.1953090844,2360.1953090843745,否
IN0407,B6T0000001238,E3,3,6,15,59,浅位,355740.0,358124.66197575105,358159.7142246266,2419.714224626601,否
IN0407,B6T0000001238,E3,3,6,15,59,深位,355740.0,358184.1808912933,358219.2331401688,2479.233140168828,否
IN0407,B6T0000001238,E3,3,5,14,63,浅位,355740.0,358243.6998068355,358278.75805271254,2538.758052712539,否
IN0407,B6T0000001238,E3,3,5,14,63,深位,355740.0,358303.2247193792,358338.28296525625,2598.2829652562505,否
IN0407,B6T0000001238,E3,3,6,14,63,浅位,355740.0,358362.7496319229,358397.80787779996,2657.8078777999617,否
IN0407,B6T0000001238,E3,3,6,14,63,深位,355740.0,358422.27454446664,358457.3327903437,2717.332790343673,否
IN0407,B6T0000001238,E3,3,5,13,67,浅位,355740.0,358481.79945701035,358516.8636998889,2776.863699888927,否
IN0407,B6T0000001238,E3,3,5,13,67,深位,355740.0,358541.3189377936,358576.3831806722,2836.3831806721864,否
IN0407,B6T0000001238,E3,3,6,13,67,浅位,355740.0,358600.83841857687,358635.90266145545,2895.902661455446,否
IN0407,B6T0000001238,E3,3,6,13,67,深位,355740.0,358660.3578993601,358695.4221422387,2955.4221422387054,否
IN0407,B6T0000001238,E3,3,5,16,56,浅位,355740.0,358719.8773801434,358755.0975450609,3015.097545060911,否
IN0407,B6T0000001238,E3,3,5,16,56,深位,355740.0,358779.69754506095,358814.9177099785,3074.917709978472,否
IN0346,B6T0000001064,E3,3,6,16,56,浅位,355800.0,358839.5177099785,358874.73787489603,3074.7378748960327,否
IN0346,B6T0000001064,E3,3,6,16,56,深位,355800.0,358899.33787489607,358934.5580398136,3134.5580398135935,否
IN0346,B6T0000001064,E3,3,5,15,60,浅位,355800.0,358959.1580398136,358994.3842017327,3194.384201732697,否
IN0010,B6T0000000019,E4,3,6,43,3,深位,368340.0,368340.0,368381.9020326496,41.90203264961019,否
IN0010,B6T0000000019,E4,3,5,44,2,浅位,368340.0,368410.60041932657,368452.7288464513,112.72884645132581,否
IN0010,B6T0000000019,E4,3,5,46,45,深位,368340.0,368481.5253352461,368536.12556013366,196.12556013365975,否
IN0437,B6T0000001327,E1,3,5,2,8,浅位,369900.0,369900.0,369915.1209558646,15.120955864607822,否
IN0437,B6T0000001327,E1,3,5,2,8,深位,369900.0,369923.00902724563,369938.12998311024,38.129983110236935,否
IN0437,B6T0000001327,E1,3,6,2,8,浅位,369900.0,369946.01805449126,369961.13901035587,61.13901035586605,否
IN0437,B6T0000001327,E1,3,6,2,8,深位,369900.0,369969.0270817369,369984.1480376015,84.14803760149516,否
IN0437,B6T0000001327,E1,3,5,8,1,浅位,369900.0,369992.0361089825,370007.7820756749,107.78207567491336,否
IN0437,B6T0000001327,E1,3,6,6,9,浅位,369900.0,370015.8954853773,370034.528734958,134.52873495797394,否
IN0437,B6T0000001327,E1,3,5,13,8,浅位,369900.0,370045.3113237071,370068.63024692214,168.63024692214094,否
IN0437,B6T0000001327,E1,3,6,5,47,深位,369900.0,370083.2117957498,370109.13570879324,209.13570879324106,否
IN0437,B6T0000001327,E1,3,5,2,62,浅位,369900.0,370126.3013549455,370152.2980652563,252.2980652563274,否
IN0437,B6T0000001327,E1,3,5,2,62,深位,369900.0,370169.3931590477,370195.3898693585,295.389869358507,否
IN0153,B6T0000000449,E3,3,5,9,4,浅位,372120.0,372120.0,372138.48528137425,18.48528137424728,否
IN0153,B6T0000000449,E3,3,5,9,4,深位,372120.0,372148.9911933685,372167.47647474275,47.47647474275436,否
IN0153,B6T0000000449,E3,3,5,15,60,深位,372120.0,372177.982386737,372213.2085486561,93.20854865608271,否
IN0605,B6T0000001792,E1,3,6,2,4,深位,378780.0,378780.0,378793.4641016151,13.464101615129039,否
IN0605,B6T0000001792,E1,3,5,1,10,浅位,378780.0,378799.8702375039,378814.1947928242,34.194792824215256,否
IN0605,B6T0000001792,E1,3,5,1,10,深位,378780.0,378821.4846402356,378835.8091955559,55.80919555592118,否
IN0605,B6T0000001792,E1,3,5,15,6,浅位,378780.0,378843.0990429673,378867.03940176324,87.03940176323522,否
IN0375,B6T0000001140,E3,3,6,9,12,深位,382860.0,382860.0,382881.4134846045,21.413484604505356,否
IN0375,B6T0000001140,E3,3,5,15,5,浅位,382860.0,382894.5384611887,382918.0519764541,58.051976454094984,否
IN0375,B6T0000001140,E3,3,5,15,6,深位,382860.0,382932.6519764541,382956.59233525,96.59233524999581,否
IN0375,B6T0000001140,E3,3,6,15,6,浅位,382860.0,382971.57411571004,382995.51447450597,135.51447450596606,否
IN0375,B6T0000001140,E3,3,6,15,6,深位,382860.0,383010.496254966,383034.43661376194,174.43661376193631,否
IN0375,B6T0000001140,E3,3,6,15,60,浅位,382860.0,383049.418394222,383084.64455614105,224.644556141051,否
IN0375,B6T0000001140,E3,3,6,15,60,深位,382860.0,383109.244556141,383144.4707180601,284.47071806009626,否
IN0375,B6T0000001140,E3,3,5,14,64,浅位,382860.0,383169.0707180601,383204.3028769806,344.302876980626,否
IN0375,B6T0000001140,E3,3,5,14,64,深位,382860.0,383228.9028769806,383264.13503590116,404.1350359011558,否
IN0375,B6T0000001140,E3,3,6,14,64,浅位,382860.0,383288.73503590113,383323.9671948217,463.96719482168555,否
IN0375,B6T0000001140,E3,3,6,14,64,深位,382860.0,383348.56719482166,383383.7993537422,523.7993537422153,否
IN0375,B6T0000001140,E3,3,5,13,68,浅位,382860.0,383408.3993537422,383443.63750966423,583.6375096642296,否
IN0397,B6T0000001205,E3,3,5,17,2,浅位,390000.0,390000.0,390023.24911677995,23.249116779945325,否
IN0397,B6T0000001205,E3,3,5,17,2,深位,390000.0,390037.4456055747,390060.69472235464,60.69472235464491,否
IN0397,B6T0000001205,E3,3,6,17,2,浅位,390000.0,390074.8912111494,390098.14032792934,98.1403279293445,否
IN0397,B6T0000001205,E3,3,5,12,14,浅位,390000.0,390112.3368167241,390136.7745826478,136.7745826477767,否
IN0397,B6T0000001205,E3,3,5,12,14,深位,390000.0,390152.41213477,390176.8499006937,176.84990069369087,否
IN0397,B6T0000001205,E3,3,6,12,14,浅位,390000.0,390192.4874528159,390216.9252187396,216.92521873960504,否
IN0397,B6T0000001205,E3,3,6,12,14,深位,390000.0,390232.56277086184,390257.0005367855,257.0005367855192,否
IN0397,B6T0000001205,E3,3,5,13,68,深位,390000.0,390272.63808890776,390307.8762448298,307.876244829793,否
IN0397,B6T0000001205,E3,3,6,13,68,浅位,390000.0,390332.46481606783,390367.7029719899,367.702971989871,否
IN0501,B6T0000001506,E1,3,6,1,9,浅位,403620.0,403620.0,403634.0,14.0,否
IN0501,B6T0000001506,E1,3,6,1,9,深位,403620.0,403640.99955630786,403654.99955630786,34.99955630785553,否
IN0501,B6T0000001506,E1,3,5,10,1,浅位,403620.0,403661.9991126157,403679.3799441354,59.37994413537672,否
IN0501,B6T0000001506,E1,3,5,10,1,深位,403620.0,403688.8282153794,403706.20904689905,86.20904689905001,否
IN0501,B6T0000001506,E1,3,6,10,1,浅位,403620.0,403715.65731814306,403733.0381496627,113.0381496627233,否
IN0382,B6T0000001165,E3,3,6,10,1,深位,404580.0,404580.0,404597.38083151967,17.380831519665662,否
IN0382,B6T0000001165,E3,3,6,13,68,深位,404580.0,404606.8291027637,404642.0672586857,62.06725868571084,否
IN0382,B6T0000001165,E3,3,5,16,57,浅位,404580.0,404666.65582992375,404702.0499078848,122.04990788479336,否
IN0382,B6T0000001165,E3,3,5,16,57,深位,404580.0,404726.78324121813,404762.1773191792,182.17731917917263,否
IN0382,B6T0000001165,E3,3,6,16,57,浅位,404580.0,404786.9106525125,404822.30473047355,242.3047304735519,否
IN0382,B6T0000001165,E3,3,6,16,57,深位,404580.0,404847.0380638069,404882.43214176793,302.43214176793117,否
IN0382,B6T0000001165,E3,3,5,15,61,浅位,404580.0,404907.16547510127,404942.5655500638,362.56555006379494,否
IN0382,B6T0000001165,E3,3,5,15,61,深位,404580.0,404967.29888339713,405002.69895835966,422.6989583596587,否
IN0382,B6T0000001165,E3,3,6,15,61,浅位,404580.0,405027.432291693,405062.8323666555,482.8323666555225,否
IN0382,B6T0000001165,E3,3,6,15,61,深位,404580.0,405087.56569998886,405122.9657749514,542.9657749513863,否
IN0382,B6T0000001165,E3,3,5,14,65,浅位,404580.0,405147.6991082847,405183.10518024873,603.1051802487345,否
IN0040,B6T0000000118,E4,3,6,44,3,深位,428520.0,428520.0,428562.7641016151,42.7641016151174,否
IN0040,B6T0000000118,E4,3,6,46,45,浅位,428520.0,428592.12915495876,428646.7293798463,126.72937984630698,否
IN0040,B6T0000000118,E4,3,6,46,45,深位,428520.0,428686.32937984634,428740.9296047339,220.92960473388666,否
IN0040,B6T0000000118,E4,3,5,45,50,浅位,428520.0,428780.5296047339,428835.13732587337,315.1373258733656,否
IN0040,B6T0000000118,E4,3,5,45,50,深位,428520.0,428874.73732587334,428929.3450470128,409.3450470127864,否
IN0040,B6T0000000118,E4,3,6,45,50,浅位,428520.0,428968.94504701276,429023.5527681522,503.55276815220714,否
IN0040,B6T0000000118,E4,3,6,45,50,深位,428520.0,429063.1527681522,429117.7604892916,597.7604892916279,否
IN0646,B6T0000001955,E1,3,5,2,25,浅位,429120.0,429157.3604892916,429176.82459090673,56.82459090673365,否
IN0646,B6T0000001955,E1,3,6,2,62,浅位,429120.0,429188.5972899415,429214.5940002523,94.59400025231298,否
IN0646,B6T0000001955,E1,3,6,2,62,深位,429120.0,429231.6890940437,429257.6858043545,137.68580435449257,否
IN0646,B6T0000001955,E1,3,5,8,38,深位,429120.0,429274.78089814587,429300.8855604905,180.88556049048202,否
IN0646,B6T0000001955,E1,3,5,2,63,浅位,429120.0,429318.23735481245,429344.4079781667,224.40797816670965,否
IN0646,B6T0000001955,E1,3,5,2,63,深位,429120.0,429361.63640529144,429387.8070286457,267.80702864570776,否
IN0646,B6T0000001955,E1,3,6,2,63,浅位,429120.0,429405.03545577044,429431.2060791247,311.20607912470587,否
IN0646,B6T0000001955,E1,3,6,2,63,深位,429120.0,429448.43450624944,429474.6051296037,354.605129603704,否
IN0646,B6T0000001955,E1,3,5,3,58,浅位,429120.0,429491.83355672844,429518.14264920517,398.1426492051687,否
IN0646,B6T0000001955,E1,3,5,3,58,深位,429120.0,429535.5274662552,429561.8365587319,441.8365587319131,否
IN0646,B6T0000001955,E1,3,6,3,58,浅位,429120.0,429579.2213757819,429605.53046825866,485.5304682586575,否
IN0646,B6T0000001955,E1,3,6,3,58,深位,429120.0,429622.91528530867,429649.2243777854,529.2243777854019,否
IN0646,B6T0000001955,E1,3,5,2,64,浅位,429120.0,429666.6091948354,429692.95373123314,572.9537312331377,否
IN0646,B6T0000001955,E1,3,5,2,64,深位,429120.0,429710.31549169123,429736.66002808895,616.6600280889543,否
IN0646,B6T0000001955,E1,3,6,2,64,浅位,429120.0,429754.02178854705,429780.36632494477,660.3663249447709,否
IN0646,B6T0000001955,E1,3,6,2,64,深位,429120.0,429797.72808540286,429824.0726218006,704.0726218005875,否
IN0646,B6T0000001955,E1,3,5,3,59,浅位,429120.0,429841.4343822587,429867.91738777887,747.9173877788708,否
IN0040,B6T0000000118,E4,3,5,44,55,浅位,428520.0,429885.43553816224,429940.05075555353,1420.0507555535296,否
IN0040,B6T0000000118,E4,3,5,44,55,深位,428520.0,429979.65075555356,430034.26597294485,1514.2659729448496,否
IN0040,B6T0000000118,E4,3,6,44,55,浅位,428520.0,430073.8659729449,430128.48119033617,1608.4811903361697,否
IN0040,B6T0000000118,E4,3,6,44,55,深位,428520.0,430168.0811903362,430222.6964077275,1702.6964077274897,否
IN0040,B6T0000000118,E4,3,5,43,60,浅位,428520.0,430262.2964077275,430316.9191213707,1796.919121370709,否
IN0040,B6T0000000118,E4,3,5,43,60,深位,428520.0,430356.5191213707,430411.14183501387,1891.1418350138701,否
IN0040,B6T0000000118,E4,3,6,43,60,浅位,428520.0,430450.74183501385,430505.36454865703,1985.3645486570313,否
IN0040,B6T0000000118,E4,3,6,43,60,深位,428520.0,430544.964548657,430599.5872623002,2079.5872623001924,否
IN0040,B6T0000000118,E4,3,5,46,46,浅位,428520.0,430639.18726230017,430693.96140023123,2173.96140023123,否
IN0040,B6T0000000118,E4,3,5,46,46,深位,428520.0,430733.6947335645,430788.46887149557,2268.46887149557,否
IN0040,B6T0000000118,E4,3,6,46,46,浅位,428520.0,430828.20220482885,430882.9763427599,2362.97634275991,否
IN0040,B6T0000000118,E4,3,6,46,46,深位,428520.0,430922.7096760932,430977.48381402425,2457.48381402425,否
IN0007,B6T0000000013,E4,3,6,43,1,浅位,438780.0,438780.0,438820.4379310345,40.43793103448115,否
IN0007,B6T0000000013,E4,3,6,43,1,深位,438780.0,438847.82678541646,438888.26471645094,108.26471645093989,否
IN0536,B6T0000001589,E1,3,5,2,14,浅位,447120.0,447120.0,447136.94741638866,16.947416388662532,否
IN0536,B6T0000001589,E1,3,5,2,14,深位,447120.0,447146.4691237257,447163.4165401144,43.41654011438368,否
IN0536,B6T0000001589,E1,3,6,2,14,浅位,447120.0,447172.93824745144,447189.8856638401,69.88566384010483,否
IN0536,B6T0000001589,E1,3,6,2,14,深位,447120.0,447199.40737117716,447216.3547875658,96.35478756582597,否
IN0536,B6T0000001589,E1,3,5,8,3,浅位,447120.0,447225.8764949029,447243.0865632104,123.08656321041053,否
IN0536,B6T0000001589,E1,3,5,8,3,深位,447120.0,447252.50950520777,447269.7195735153,149.71957351529272,否
IN0028,B6T0000000088,E4,3,5,43,2,浅位,447240.0,447279.14251551265,447320.4088736719,80.40887367189862,否
IN0028,B6T0000000088,E4,3,5,43,2,深位,447240.0,447348.5386958,447389.80505395925,149.80505395925138,否
IN0028,B6T0000000088,E4,3,6,43,2,浅位,447240.0,447417.93487608735,447459.2012342466,219.20123424660414,否
IN0028,B6T0000000088,E4,3,6,43,2,深位,447240.0,447487.3310563747,447528.59741453396,288.5974145339569,否
IN0028,B6T0000000088,E4,3,5,44,1,浅位,447240.0,447556.72723666206,447598.02723666205,358.0272366620484,否
IN0028,B6T0000000088,E4,3,5,44,1,深位,447240.0,447626.0827577107,447667.3827577107,427.3827577107004,是
IN0028,B6T0000000088,E4,3,6,44,1,浅位,447240.0,447712.05743838515,447753.35743838514,513.3574383851374,是
IN0028,B6T0000000088,E4,3,6,44,1,深位,447240.0,447798.0321190596,447839.3321190596,599.3321190595743,是
IN0028,B6T0000000088,E4,3,5,43,9,浅位,447240.0,447884.006799734,447928.4447307685,688.4447307685041,是
IN0028,B6T0000000088,E4,3,5,43,9,深位,447240.0,447972.4527447763,448016.8906758108,776.890675810806,否
IN0028,B6T0000000088,E4,3,6,43,9,浅位,447240.0,448047.8572389568,448092.29516999127,852.2951699912664,否
IN0028,B6T0000000088,E4,3,6,43,9,深位,447240.0,448123.26173313725,448167.6996641717,927.6996641717269,否
IN0028,B6T0000000088,E4,3,6,45,5,深位,447240.0,448198.6662273177,448243.3004322382,1003.3004322382039,否
IN0028,B6T0000000088,E4,3,6,45,6,浅位,447240.0,448274.23376557155,448319.29481402267,1079.2948140226654,否
IN0028,B6T0000000088,E4,3,6,45,6,深位,447240.0,448350.609927816,448395.67097626714,1155.670976267138,否
IN0028,B6T0000000088,E4,3,5,49,1,浅位,447240.0,448426.9860900605,448472.5964348881,1232.5964348880807,否
IN0028,B6T0000000088,E4,3,5,45,51,浅位,447240.0,448503.98528927006,448558.76692345296,1318.7669234529603,否
IN0551,B6T0000001647,E1,3,5,4,5,浅位,453960.0,453960.0,453975.76363857713,15.763638577132951,否
IN0551,B6T0000001647,E1,3,5,4,5,深位,453960.0,453984.08413237607,453999.8477709532,39.84777095320169,否
IN0551,B6T0000001647,E1,3,6,4,5,浅位,453960.0,454008.16826475214,454023.93190332927,63.931903329270426,否
IN0551,B6T0000001647,E1,3,6,4,5,深位,453960.0,454032.2523971282,454048.01603570534,88.01603570533916,否
IN0551,B6T0000001647,E1,3,6,8,3,浅位,453960.0,454056.3365295043,454073.5465978118,113.5465978118009,否
IN0551,B6T0000001647,E1,3,6,10,8,浅位,453960.0,454082.96953980916,454104.0072255783,144.0072255783016,否
IN0551,B6T0000001647,E1,3,6,10,8,深位,453960.0,454116.7262866966,454137.76397246576,177.7639724657638,否
IN0551,B6T0000001647,E1,3,5,9,11,浅位,453960.0,454150.4830335841,454171.601564539,211.60156453901436,否
IN0551,B6T0000001647,E1,3,5,9,11,深位,453960.0,454184.46272655897,454205.5812575139,245.5812575138989,否
IN0551,B6T0000001647,E1,3,6,9,11,浅位,453960.0,454218.44241953385,454239.5609504888,279.5609504887834,否
IN0118,B6T0000000334,E3,3,6,9,11,深位,453960.0,454252.42211250874,454273.54064346367,313.54064346366795,否
IN0118,B6T0000000334,E3,3,5,13,5,浅位,453960.0,454286.4018054836,454308.5360104041,348.5360104041174,否
IN0120,B6T0000000338,E3,3,5,10,1,浅位,455520.0,455520.0,455537.38083151967,17.380831519665662,否
IN0120,B6T0000000338,E3,3,5,10,1,深位,455520.0,455546.8291027637,455564.20993428334,44.20993428333895,否
IN0120,B6T0000000338,E3,3,5,13,5,深位,455520.0,455573.65820552735,455595.79241044784,75.7924104478443,否
IN0120,B6T0000000338,E3,3,5,9,15,浅位,455520.0,455609.31431501923,455631.5455630859,111.5455630858778,否
IN0446,B6T0000001351,E1,3,6,1,9,浅位,456420.0,456420.0,456434.0,14.0,否
IN0446,B6T0000001351,E1,3,6,1,9,深位,456420.0,456440.99955630786,456454.99955630786,34.99955630785553,否
IN0446,B6T0000001351,E1,3,5,2,7,浅位,456420.0,456461.9991126157,456476.75471685297,56.75471685297089,否
IN0446,B6T0000001351,E1,3,5,2,7,深位,456420.0,456484.3160078042,456499.07161204144,79.07161204144359,否
IN0446,B6T0000001351,E1,3,6,2,7,浅位,456420.0,456506.63290299266,456521.3885072299,101.38850722991629,否
IN0653,B6T0000001972,E1,4,8,1,2,深位,3360.0,3360.0,3370.828427124746,10.828427124746213,否
IN0653,B6T0000001972,E1,4,7,1,12,深位,3360.0,3374.9912424147365,3389.919445645012,29.91944564501182,否
IN0653,B6T0000001972,E1,4,7,5,5,深位,3360.0,3397.7492121607993,3414.2213481157987,54.22134811579872,否
IN0011,B6T0000000023,E4,4,8,43,2,深位,10680.0,10680.0,10721.26635815923,41.26635815922964,否
IN0011,B6T0000000023,E4,4,7,43,11,深位,10680.0,10749.396180287364,10794.467360902558,114.46736090255763,否
IN0183,B6T0000000538,E3,4,8,14,2,深位,11580.0,11580.0,11601.180151262677,21.1801512626771,否
IN0183,B6T0000000538,E3,4,8,17,2,深位,11580.0,11613.776640057478,11637.025756837396,57.02575683739633,否
IN0183,B6T0000000538,E3,4,8,19,5,深位,11580.0,11651.222245632198,11677.494381587197,97.4943815871975,否
IN0183,B6T0000000538,E3,4,8,12,27,深位,11580.0,11694.227714920531,11721.574470916048,141.57447091604809,否
IN0263,B6T0000000777,E3,4,7,15,4,浅位,19680.0,19680.0,19703.041379310343,23.041379310343473,否
IN0263,B6T0000000777,E3,4,7,15,4,深位,19680.0,19717.219088074344,19740.260467384687,60.26046738468722,否
IN0263,B6T0000000777,E3,4,8,15,4,浅位,19680.0,19754.438176148687,19777.47955545903,97.47955545903096,是
IN0263,B6T0000000777,E3,4,8,15,4,深位,19680.0,19821.32444906233,19844.365828372673,164.3658283726727,是
IN0263,B6T0000000777,E3,4,8,24,2,深位,19680.0,19888.21072197597,19916.287424962786,236.28742496278574,否
IN0263,B6T0000000777,E3,4,7,21,12,深位,19680.0,19934.21724709092,19964.324760666022,284.3247606660225,否
IN0564,B6T0000001672,E1,4,7,1,21,深位,39840.0,39840.0,39857.16515138991,17.165151389912353,否
IN0564,B6T0000001672,E1,4,7,7,5,浅位,39840.0,39866.99570516453,39884.67894367046,44.67894367045665,否
IN0564,B6T0000001672,E1,4,7,7,5,深位,39840.0,39894.56678424801,39912.250022753935,72.2500227539349,否
IN0564,B6T0000001672,E1,4,8,7,5,浅位,39840.0,39922.13786333149,39939.82110183741,99.82110183741315,否
IN0564,B6T0000001672,E1,4,8,7,5,深位,39840.0,39949.70894241497,39967.39218092089,127.3921809208914,否
IN0564,B6T0000001672,E1,4,7,6,7,浅位,39840.0,39977.280021498445,39995.20477370128,155.20477370128356,否
IN0564,B6T0000001672,E1,4,7,6,7,深位,39840.0,40005.35366313085,40023.27841533369,183.27841533369065,否
IN0564,B6T0000001672,E1,4,8,6,7,浅位,39840.0,40033.42730476326,40051.3520569661,211.35205696609773,否
IN0564,B6T0000001672,E1,4,8,6,7,深位,39840.0,40061.50094639567,40079.425698598505,239.42569859850482,否
IN0564,B6T0000001672,E1,4,7,2,18,深位,39840.0,40089.574588028074,40107.52397101745,267.5239710174501,否
IN0564,B6T0000001672,E1,4,8,7,6,深位,39840.0,40117.9418645266,40136.05194656309,296.0519465630932,否
IN0564,B6T0000001672,E1,4,8,2,24,深位,39840.0,40146.32156760069,40165.583628186956,325.58362818695605,否
IN0570,B6T0000001694,E1,4,8,6,12,深位,39840.0,40177.17561623178,40196.73706904277,356.7370690427706,否
IN0570,B6T0000001694,E1,4,7,2,26,深位,39840.0,40208.349867999794,40228.012008642116,388.0120086421157,否
IN0570,B6T0000001694,E1,4,8,3,23,深位,39840.0,40239.961839167656,40260.02563816928,420.0256381692816,否
IN0101,B6T0000000285,E4,4,7,45,3,浅位,45840.0,45840.0,45883.626170580654,43.62617058065371,否
IN0101,B6T0000000285,E4,4,7,45,3,深位,45840.0,45913.657890590956,45957.28406117161,117.28406117160921,否
IN0101,B6T0000000285,E4,4,8,45,3,浅位,45840.0,45987.31578118191,46030.941951762565,190.9419517625647,否
IN0086,B6T0000000234,E4,4,8,46,9,深位,45960.0,46060.97367177287,46107.9978097039,147.99780970389838,否
IN0086,B6T0000000234,E4,4,7,43,21,深位,45960.0,46140.9643728499,46188.56745527429,228.56745527429302,否
IN0420,B6T0000001285,E3,4,7,10,31,浅位,51240.0,51240.0,51266.51636024531,26.516360245310352,否
IN0420,B6T0000001285,E3,4,7,10,31,深位,51240.0,51284.13569678575,51310.65205703106,70.6520570310604,否
IN0420,B6T0000001285,E3,4,8,10,31,浅位,51240.0,51328.2713935715,51354.78775381681,114.78775381681044,否
IN0144,B6T0000000432,E3,4,8,10,31,深位,55200.0,55200.0,55226.51636024531,26.516360245310352,否
IN0144,B6T0000000432,E3,4,7,18,15,浅位,55200.0,55244.13569678575,55272.99200830575,72.99200830575137,否
IN0144,B6T0000000432,E3,4,7,18,15,深位,55200.0,55292.12021153603,55320.97652305603,120.97652305602969,否
IN0144,B6T0000000432,E3,4,7,23,10,深位,55200.0,55340.10472628631,55370.9879022963,170.98790229629958,否
IN0144,B6T0000000432,E3,4,7,9,63,深位,55200.0,55391.511423212454,55422.70322632582,222.70322632582247,否
IN0562,B6T0000001666,E1,4,7,5,2,浅位,59220.0,59220.0,59234.82842712475,14.828427124746668,否
IN0562,B6T0000001666,E1,4,7,5,2,深位,59220.0,59242.25722873845,59257.08565586319,37.0856558631931,否
IN0562,B6T0000001666,E1,4,8,5,2,浅位,59220.0,59264.51445747689,59279.34288460164,59.342884601639525,否
IN0444,B6T0000001346,E1,4,8,5,2,深位,59400.0,59400.0,59414.82842712475,14.828427124746668,否
IN0444,B6T0000001346,E1,4,7,2,8,浅位,59400.0,59422.25722873845,59437.378184603076,37.37818460307608,否
IN0164,B6T0000000481,E3,4,7,9,10,浅位,59400.0,59445.26625598409,59466.07609267867,66.07609267866792,否
IN0164,B6T0000000481,E3,4,7,9,10,深位,59400.0,59478.661150158434,59499.47098685301,99.47098685301171,否
IN0164,B6T0000000481,E3,4,8,9,10,浅位,59400.0,59512.05604433278,59532.865881027355,132.8658810273555,否
IN0164,B6T0000000481,E3,4,8,9,10,深位,59400.0,59545.45093850712,59566.2607752017,166.2607752016993,否
IN0164,B6T0000000481,E3,4,7,9,64,浅位,59400.0,59578.845832681465,59610.21154883831,210.21154883831332,否
IN0164,B6T0000000481,E3,4,7,9,64,深位,59400.0,59631.67308540192,59663.03880155877,263.03880155876686,否
IN0477,B6T0000001437,E1,4,7,2,8,深位,83160.0,83160.0,83175.12095586464,15.120955864636926,否
IN0477,B6T0000001437,E1,4,8,2,8,浅位,83160.0,83183.00902724564,83198.12998311028,38.12998311028059,否
IN0477,B6T0000001437,E1,4,8,2,8,深位,83160.0,83206.01805449129,83221.13901035592,61.139010355924256,否
IN0477,B6T0000001437,E1,4,7,8,1,浅位,83160.0,83229.02708173693,83244.77304842934,84.77304842934245,否
IN0477,B6T0000001437,E1,4,7,8,1,深位,83160.0,83252.88645813169,83268.6324248241,108.63242482409987,否
IN0477,B6T0000001437,E1,4,8,8,1,浅位,83160.0,83276.74583452645,83292.49180121886,132.4918012188573,否
IN0319,B6T0000000958,E3,4,8,9,64,浅位,83340.0,83340.0,83371.36571615684,31.36571615684079,否
IN0319,B6T0000000958,E3,4,8,9,64,深位,83340.0,83392.82725272045,83424.1929688773,84.19296887729433,否
IN0178,B6T0000000511,E3,4,7,14,42,深位,83640.0,83640.0,83671.40607196401,31.406071964011062,否
IN0178,B6T0000000511,E3,4,8,14,42,浅位,83640.0,83693.06584002763,83724.47191199164,84.47191199164081,否
IN0178,B6T0000000511,E3,4,8,14,42,深位,83640.0,83746.13168005526,83777.53775201927,137.53775201927056,否
IN0178,B6T0000000511,E3,4,7,9,65,浅位,83640.0,83799.19752008289,83830.73714928322,190.73714928321715,否
IN0533,B6T0000001583,E1,4,8,8,1,深位,84060.0,84060.0,84075.74596669241,15.745966692411457,否
IN0533,B6T0000001583,E1,4,7,2,15,浅位,84060.0,84083.85937639476,84101.06944470231,41.06944470231247,否
IN0533,B6T0000001583,E1,4,7,2,15,深位,84060.0,84110.82607505732,84128.03614336488,68.03614336487954,否
IN0245,B6T0000000719,E3,4,7,17,1,浅位,91260.0,91260.0,91282.42068965518,22.42068965517683,否
IN0245,B6T0000000719,E3,4,7,14,5,浅位,91260.0,91295.87621070383,91318.70007079677,58.70007079676725,否
IN0245,B6T0000000719,E3,4,7,26,1,浅位,91260.0,91332.76673746343,91361.39432367033,101.39432367033442,否
IN0245,B6T0000000719,E3,4,7,23,8,浅位,91260.0,91379.649844719,91409.86531965814,149.86531965814356,否
IN0245,B6T0000000719,E3,4,7,23,8,深位,91260.0,91429.79163058108,91460.00710552023,200.00710552022792,否
IN0245,B6T0000000719,E3,4,8,23,8,浅位,91260.0,91479.93341644316,91510.14889138231,250.14889138231229,否
IN0482,B6T0000001460,E1,4,7,1,9,浅位,91800.0,91800.0,91814.0,14.0,否
IN0482,B6T0000001460,E1,4,7,1,9,深位,91800.0,91820.99955630786,91834.99955630786,34.99955630785553,否
IN0482,B6T0000001460,E1,4,8,1,9,浅位,91800.0,91841.99911261571,91855.99911261571,55.999112615711056,否
IN0482,B6T0000001460,E1,4,8,1,9,深位,91800.0,91862.99866892357,91876.99866892357,76.99866892356658,否
IN0286,B6T0000000861,E3,4,8,14,2,深位,95580.0,95580.0,95601.18015126268,21.180151262684376,否
IN0286,B6T0000000861,E3,4,8,17,2,深位,95580.0,95613.77664005748,95637.02575683739,57.02575683739269,否
IN0286,B6T0000000861,E3,4,8,19,5,深位,95580.0,95651.22224563219,95677.4943815872,97.49438158719568,否
IN0286,B6T0000000861,E3,4,7,21,10,浅位,95580.0,95694.22771492052,95723.73158058568,143.73158058567788,否
IN0062,B6T0000000167,E4,4,7,44,1,浅位,105960.0,105960.0,106001.3,41.30000000000291,否
IN0062,B6T0000000167,E4,4,7,44,1,深位,105960.0,106029.35552104867,106070.65552104867,110.65552104866947,否
IN0062,B6T0000000167,E4,4,8,44,1,浅位,105960.0,106098.71104209733,106140.01104209734,180.01104209733603,否
IN0483,B6T0000001463,E1,4,7,7,13,浅位,106920.0,106920.0,106940.42220510186,20.422205101858708,否
IN0483,B6T0000001463,E1,4,7,7,13,深位,106920.0,106952.75985187804,106973.1820569799,53.18205697990197,否
IN0483,B6T0000001463,E1,4,8,7,13,浅位,106920.0,106985.51970375609,107005.94190885795,85.94190885794524,否
IN0483,B6T0000001463,E1,4,8,7,13,深位,106920.0,107018.27955563413,107038.70176073599,118.7017607359885,否
IN0483,B6T0000001463,E1,4,8,6,16,深位,106920.0,107051.03940751217,107071.67265709289,151.67265709288768,否
IN0493,B6T0000001481,E1,4,8,7,14,深位,108180.0,108180.0,108200.69441732447,20.694417324470123,否
IN0493,B6T0000001481,E1,4,8,2,33,深位,108180.0,108213.2755381143,108234.22876502252,54.22876502251893,否
IN0493,B6T0000001481,E1,4,7,1,42,深位,108180.0,108247.3333782102,108268.38772603628,88.38772603627876,否
IN0041,B6T0000000119,E4,4,8,44,1,深位,108420.0,108420.0,108461.3,41.30000000000291,否
IN0041,B6T0000000119,E4,4,7,46,5,浅位,108420.0,108489.35552104867,108534.8517949347,114.85179493470059,否
IN0041,B6T0000000119,E4,4,7,46,5,深位,108420.0,108566.4517949347,108611.94806882074,191.94806882074045,否
IN0557,B6T0000001656,E1,4,8,6,18,深位,110340.0,110340.0,110361.11853095495,21.118530954947346,否
IN0557,B6T0000001656,E1,4,8,4,26,深位,110340.0,110374.12402294244,110395.61356459175,55.61356459175295,否
IN0557,B6T0000001656,E1,4,8,1,46,深位,110340.0,110409.05546179149,110430.80546179149,90.8054617914895,否
IN0557,B6T0000001656,E1,4,8,1,47,深位,110340.0,110444.57178828667,110466.49570133015,126.4957013301464,否
IN0505,B6T0000001518,E1,4,7,2,2,浅位,118560.0,118570.60311197105,118582.89564071094,22.895640710936277,否
IN0505,B6T0000001518,E1,4,7,2,2,深位,118560.0,118588.25388996382,118600.5464187037,40.5464187036996,否
IN0112,B6T0000000323,E3,4,7,12,14,浅位,121620.0,121620.0,121644.43776592365,24.43776592364884,否
IN0112,B6T0000000323,E3,4,7,12,14,深位,121620.0,121660.07531804593,121684.51308396958,64.51308396957756,否
IN0602,B6T0000001782,E1,4,8,2,2,浅位,121860.0,121860.0,121872.29252873988,12.292528739882982,否
IN0602,B6T0000001782,E1,4,8,2,2,深位,121860.0,121877.65077799276,121889.94330673265,29.943306732646306,否
IN0602,B6T0000001782,E1,4,7,6,22,浅位,121860.0,121895.30155598553,121917.31563708588,57.315637085877825,否
IN0602,B6T0000001782,E1,4,7,6,22,深位,121860.0,121931.12213347433,121953.13621457468,93.13621457468253,否
IN0009,B6T0000000016,E4,4,7,44,11,浅位,127440.0,127440.0,127485.93324958072,45.93324958071753,否
IN0009,B6T0000000016,E4,4,7,44,11,深位,127440.0,127518.13287503706,127564.06612461778,124.06612461777695,否
IN0009,B6T0000000016,E4,4,8,44,11,浅位,127440.0,127596.26575007412,127642.19899965484,202.19899965483637,否
IN0307,B6T0000000929,E3,4,7,9,4,浅位,130740.0,130785.0400126873,130803.52529406153,63.525294061531895,否
IN0307,B6T0000000929,E3,4,8,12,14,浅位,130740.0,130814.0312060558,130838.46897197946,98.46897197945509,否
IN0035,B6T0000000104,E4,4,8,44,11,深位,131760.0,131760.0,131805.9332495807,45.93324958070298,否
IN0035,B6T0000000104,E4,4,7,48,7,浅位,131760.0,131838.13287503706,131886.17265352127,126.1726535212656,否
IN0035,B6T0000000104,E4,4,7,48,7,深位,131760.0,131919.83885068106,131967.87862916527,207.878629165265,否
IN0035,B6T0000000104,E4,4,8,48,7,浅位,131760.0,132001.54482632506,132049.58460480926,289.5846048092644,否
IN0035,B6T0000000104,E4,4,8,45,19,深位,131760.0,132083.25080196906,132132.13066882166,372.1306688216573,否
IN0035,B6T0000000104,E4,4,7,44,27,深位,131760.0,132166.86143763084,132216.55374247624,456.5537424762442,否
IN0035,B6T0000000104,E4,4,7,47,26,深位,131760.0,132252.11556917382,132304.19981509756,544.199815097556,否
IN0035,B6T0000000104,E4,4,7,43,49,浅位,131760.0,132341.58788516503,132394.29755532995,634.2975553299475,是
IN0035,B6T0000000104,E4,4,7,43,49,深位,131760.0,132447.98283670418,132500.6925068691,740.6925068690907,是
IN0035,B6T0000000104,E4,4,8,43,49,浅位,131760.0,132554.37778824332,132607.08745840823,847.0874584082339,是
IN0035,B6T0000000104,E4,4,8,43,49,深位,131760.0,132660.77273978246,132713.48240994738,953.4824099473772,否
IN0035,B6T0000000104,E4,4,7,43,50,浅位,131760.0,132751.6157432807,132804.4993264891,1044.499326489109,否
IN0035,B6T0000000104,E4,4,7,43,50,深位,131760.0,132842.76599315577,132895.64957636417,1135.6495763641724,否
IN0035,B6T0000000104,E4,4,8,43,50,浅位,131760.0,132933.91624303084,132986.79982623924,1226.7998262392357,否
IN0035,B6T0000000104,E4,4,8,43,50,深位,131760.0,133025.0664929059,133077.9500761143,1317.950076114299,否
IN0035,B6T0000000104,E4,4,7,43,51,浅位,131760.0,133116.21674278096,133169.27423903285,1409.2742390328494,否
IN0035,B6T0000000104,E4,4,7,43,51,深位,131760.0,133207.67423903284,133260.73173528473,1500.7317352847313,否
IN0349,B6T0000001083,E3,4,7,9,4,深位,133440.0,133440.0,133458.48528137425,18.48528137424728,否
IN0349,B6T0000001083,E3,4,8,9,4,浅位,133440.0,133468.9911933685,133487.47647474275,47.47647474275436,否
IN0349,B6T0000001083,E3,4,8,9,4,深位,133440.0,133497.982386737,133516.46766811126,76.46766811126145,否
IN0349,B6T0000001083,E3,4,7,21,2,浅位,133440.0,133526.97358010552,133552.9813175751,112.98131757508963,否
IN0349,B6T0000001083,E3,4,7,21,2,深位,133440.0,133569.31113970323,133595.3188771728,155.31887717280188,否
IN0349,B6T0000001083,E3,4,8,21,2,浅位,133440.0,133611.64869930095,133637.6564367705,197.65643677051412,否
IN0349,B6T0000001083,E3,4,7,24,2,浅位,133440.0,133653.98625889866,133682.06296188547,242.06296188547276,否
IN0349,B6T0000001083,E3,4,7,24,2,深位,133440.0,133699.9927840136,133728.0694870004,288.0694870004081,否
IN0349,B6T0000001083,E3,4,7,21,10,深位,133440.0,133745.99930912853,133775.5031747937,335.5031747937028,否
IN0349,B6T0000001083,E3,4,8,21,10,浅位,133440.0,133794.9600290432,133824.46389470837,384.4638947083731,否
IN0349,B6T0000001083,E3,4,7,11,46,浅位,133440.0,133843.92074895787,133873.86878798506,433.8687879850622,是
IN0349,B6T0000001083,E3,4,7,11,46,深位,133440.0,133937.5502482124,133967.4982872396,527.4982872396067,是
IN0349,B6T0000001083,E3,4,8,23,8,深位,133440.0,134031.17974746696,134061.3952224061,621.3952224061068,否
IN0232,B6T0000000678,E3,4,8,9,63,浅位,169680.0,169680.0,169711.19180311338,31.191803113382775,否
IN0232,B6T0000000678,E3,4,8,9,63,深位,169680.0,169732.52000634364,169763.71180945702,83.71180945701781,否
IN0232,B6T0000000678,E3,4,7,9,65,深位,169680.0,169785.04001268727,169816.5796418876,136.57964188759797,否
IN0232,B6T0000000678,E3,4,8,9,65,浅位,169680.0,169838.17451178454,169869.71414098487,189.71414098487003,否
IN0232,B6T0000000678,E3,4,8,9,65,深位,169680.0,169891.3090108818,169922.84864008214,242.84864008214208,否
IN0232,B6T0000000678,E3,4,7,21,18,浅位,169680.0,169944.4435099791,169976.10810169816,296.1081016981625,否
IN0232,B6T0000000678,E3,4,7,9,66,浅位,169680.0,169997.49756808256,170029.21111032637,349.2111103263742,否
IN0232,B6T0000000678,E3,4,7,9,66,深位,169680.0,170050.93931355665,170082.65285580046,402.65285580046475,否
IN0232,B6T0000000678,E3,4,8,9,66,浅位,169680.0,170104.38105903074,170136.09460127456,456.0946012745553,否
IN0232,B6T0000000678,E3,4,8,9,66,深位,169680.0,170157.82280450483,170189.53634674865,509.5363467486459,否
IN0232,B6T0000000678,E3,4,7,10,61,深位,169680.0,170211.26454997892,170243.00407715075,563.0040771507483,否
IN0232,B6T0000000678,E3,4,7,9,67,浅位,169680.0,170264.79682734612,170296.6842826334,616.6842826333886,否
IN0232,B6T0000000678,E3,4,7,9,67,深位,169680.0,170318.545819197,170350.43327448427,670.4332744842686,否
IN0232,B6T0000000678,E3,4,8,9,67,浅位,169680.0,170372.29481104788,170404.18226633515,724.1822663351486,否
IN0232,B6T0000000678,E3,4,8,9,67,深位,169680.0,170426.04380289876,170457.93125818603,777.9312581860286,否
IN0232,B6T0000000678,E3,4,7,11,58,深位,169680.0,170479.79279474964,170511.82779029856,831.8277902985574,否
IN0232,B6T0000000678,E3,4,7,9,68,浅位,169680.0,170533.88778762976,170565.94915596052,885.9491559605231,否
IN0232,B6T0000000678,E3,4,7,9,68,深位,169680.0,170587.94402585746,170620.00539418822,940.0053941882215,否
IN0662,B6T0000001988,E1,4,7,6,9,浅位,170640.0,170642.00026408516,170660.63351366587,20.63351366587449,否
IN0662,B6T0000001988,E1,4,7,6,9,深位,170640.0,170671.41610241495,170690.04935199567,50.04935199566535,否
IN0662,B6T0000001988,E1,4,8,6,22,浅位,170640.0,170700.83194074474,170722.8460218451,82.84602184509276,否
IN0662,B6T0000001988,E1,4,8,6,22,深位,170640.0,170736.65251823355,170758.6665993339,118.66659933389747,否
IN0490,B6T0000001476,E1,4,7,5,26,深位,170700.0,170772.47309572235,170794.67113474954,94.67113474954385,否
IN0490,B6T0000001476,E1,4,8,5,26,浅位,170700.0,170808.6915176359,170830.88955666308,130.88955666308175,否
IN0490,B6T0000001476,E1,4,8,5,26,深位,170700.0,170844.90993954943,170867.10797857662,167.10797857661964,否
IN0490,B6T0000001476,E1,4,8,4,31,深位,170700.0,170881.12836146296,170903.55539281075,203.5553928107547,否
IN0490,B6T0000001476,E1,4,7,8,19,浅位,170700.0,170917.8358062881,170940.2995708676,240.29957086758805,否
IN0490,B6T0000001476,E1,4,7,5,28,浅位,170700.0,170954.42156166377,170977.00456690803,277.0045669080282,否
IN0490,B6T0000001476,E1,4,7,5,28,深位,170700.0,170991.36927404656,171013.95227929082,313.95227929082466,否
IN0490,B6T0000001476,E1,4,8,5,28,浅位,170700.0,171028.31698642936,171050.89999167362,350.8999916736211,否
IN0490,B6T0000001476,E1,4,8,4,33,深位,170700.0,171065.26469881216,171088.04532672736,388.04532672735513,否
IN0232,B6T0000000678,E3,4,8,9,68,浅位,169680.0,171102.64200658925,171134.70337492,1454.7033749200054,否
IN0232,B6T0000000678,E3,4,8,9,68,深位,169680.0,171156.69824481694,171188.7596131477,1508.759613147704,否
IN0232,B6T0000000678,E3,4,7,10,63,浅位,169680.0,171210.75448304464,171242.8418363034,1562.8418363034143,否
IN0232,B6T0000000678,E3,4,7,10,63,深位,169680.0,171264.90125316547,171296.98860642425,1616.9886064242455,否
IN0232,B6T0000000678,E3,4,8,10,63,浅位,169680.0,171319.0480232863,171351.13537654508,1671.1353765450767,否
IN0232,B6T0000000678,E3,4,8,10,63,深位,169680.0,171373.19479340714,171405.2821466659,1725.282146665908,否
IN0232,B6T0000000678,E3,4,7,10,64,浅位,169680.0,171427.34156352797,171459.60282983023,1779.6028298302263,否
IN0232,B6T0000000678,E3,4,7,10,64,深位,169680.0,171481.79558002562,171514.05684632788,1834.056846327876,否
IN0232,B6T0000000678,E3,4,8,10,64,浅位,169680.0,171536.24959652327,171568.51086282553,1888.5108628255257,否
IN0232,B6T0000000678,E3,4,8,10,64,深位,169680.0,171590.70361302092,171622.96487932318,1942.9648793231754,否
IN0232,B6T0000000678,E3,4,7,20,24,浅位,169680.0,171645.15762951857,171677.4452436621,1997.4452436621068,否
IN0232,B6T0000000678,E3,4,7,20,24,深位,169680.0,171699.47547124885,171731.7630853924,2051.763085392391,否
IN0588,B6T0000001748,E1,4,8,3,38,深位,171720.0,171753.79331297913,171776.6241445863,56.624144586297916,否
IN0588,B6T0000001748,E1,4,8,2,44,深位,171720.0,171791.30286730468,171814.16914283286,94.16914283286314,否
IN0588,B6T0000001748,E1,4,8,4,34,深位,171720.0,171828.86348753696,171851.81803363736,131.81803363736253,否
IN0588,B6T0000001748,E1,4,7,3,40,浅位,171720.0,171866.5692512846,171889.74790897875,169.7479089787521,否
IN0588,B6T0000001748,E1,4,7,3,40,深位,171720.0,171904.71310119444,171927.89175888858,207.89175888858153,否
IN0588,B6T0000001748,E1,4,7,6,28,深位,171720.0,171942.85695110427,171966.07320592925,246.07320592924953,否
IN0588,B6T0000001748,E1,4,7,4,37,深位,171720.0,171980.9549591853,172004.43124441613,284.43124441613327,否
IN0232,B6T0000000678,E3,4,7,10,65,浅位,169680.0,172019.63291462205,172052.0680939678,2372.0680939677986,否
IN0232,B6T0000000678,E3,4,7,10,65,深位,169680.0,172074.3941774965,172106.82935684224,2426.8293568422378,否
IN0232,B6T0000000678,E3,4,8,10,65,浅位,169680.0,172129.15544037093,172161.59061971668,2481.590619716677,否
IN0232,B6T0000000678,E3,4,8,10,65,深位,169680.0,172183.91670324537,172216.35188259112,2536.351882591116,否
IN0232,B6T0000000678,E3,4,7,11,61,浅位,169680.0,172238.6779661198,172271.23470079916,2591.234700799163,否
IN0232,B6T0000000678,E3,4,7,11,61,深位,169680.0,172293.69469813036,172326.25143280972,2646.251432809717,否
IN0232,B6T0000000678,E3,4,8,11,61,浅位,169680.0,172348.71143014092,172381.26816482027,2701.2681648202706,否
IN0232,B6T0000000678,E3,4,8,11,61,深位,169680.0,172403.72816215147,172436.28489683082,2756.2848968308244,否
IN0232,B6T0000000678,E3,4,7,10,66,浅位,169680.0,172458.74489416202,172491.35398655123,2811.3539865512284,否
IN0232,B6T0000000678,E3,4,7,10,66,深位,169680.0,172513.81340341328,172546.4224958025,2866.422495802486,否
IN0232,B6T0000000678,E3,4,8,10,66,浅位,169680.0,172568.88191266454,172601.49100505374,2921.4910050537437,否
IN0232,B6T0000000678,E3,4,8,10,66,深位,169680.0,172623.9504219158,172656.559514305,2976.5595143050014,是
IN0232,B6T0000000678,E3,4,7,11,62,浅位,169680.0,172740.95815899436,172773.6888067172,3093.6888067171967,是
IN0232,B6T0000000678,E3,4,7,11,62,深位,169680.0,172856.9112076733,172889.64185539616,3209.6418553961557,否
IN0232,B6T0000000678,E3,4,8,11,62,浅位,169680.0,172912.2351860607,172944.96583378353,3264.965833783528,否
IN0232,B6T0000000678,E3,4,8,11,62,深位,169680.0,172967.55916444806,173000.2898121709,3320.2898121709004,否
IN0232,B6T0000000678,E3,4,7,10,67,浅位,169680.0,173022.88314283543,173055.66614826812,3375.666148268123,否
IN0359,B6T0000001104,E3,4,7,10,67,深位,169680.0,173078.2588984635,173111.0419038962,3431.041903896199,否
IN0359,B6T0000001104,E3,4,8,10,67,浅位,169680.0,173133.63465409158,173166.41765952428,3486.417659524275,否
IN0359,B6T0000001104,E3,4,8,10,67,深位,169680.0,173189.01040971966,173221.79341515235,3541.7934151523514,是
IN0359,B6T0000001104,E3,4,8,10,31,深位,169680.0,173259.04290168965,173285.55926193495,3605.559261934948,是
IN0359,B6T0000001104,E3,4,7,18,15,浅位,169680.0,173330.80859529,173359.66490681,3679.6649068100087,是
IN0359,B6T0000001104,E3,4,7,11,63,浅位,169680.0,173426.24376252355,173459.14832328988,3779.1483232898754,是
IN0359,B6T0000001104,E3,4,7,11,63,深位,169680.0,173539.59735687528,173572.5019176416,3892.50191764161,是
IN0359,B6T0000001104,E3,4,8,11,63,浅位,169680.0,173652.95095122702,173685.85551199334,4005.8555119933444,否
IN0359,B6T0000001104,E3,4,8,11,63,深位,169680.0,173708.5821759912,173741.48673675754,4061.4867367575353,否
IN0359,B6T0000001104,E3,4,7,10,68,浅位,169680.0,173764.2134007554,173797.17031923158,4117.170319231576,否
IN0359,B6T0000001104,E3,4,7,10,68,深位,169680.0,173819.8964027603,173852.85332123647,4172.853321236471,否
IN0359,B6T0000001104,E3,4,8,10,68,浅位,169680.0,173875.5794047652,173908.53632324137,4228.536323241366,否
IN0359,B6T0000001104,E3,4,8,10,68,深位,169680.0,173931.26240677008,173964.21932524626,4284.21932524626,否
IN0359,B6T0000001104,E3,4,7,11,64,浅位,169680.0,173986.94540877498,174020.02388258476,4340.023882584763,否
IN0359,B6T0000001104,E3,4,7,11,64,深位,169680.0,174042.88387991596,174075.96235372574,4395.962353725743,否
IN0359,B6T0000001104,E3,4,8,11,64,浅位,169680.0,174098.82235105694,174131.90082486672,4451.900824866723,否
IN0359,B6T0000001104,E3,4,8,11,64,深位,169680.0,174154.76082219792,174187.8392960077,4507.8392960077035,否
IN0359,B6T0000001104,E3,4,7,12,60,浅位,169680.0,174210.6992933389,174243.8385270977,4563.838527097687,否
IN0359,B6T0000001104,E3,4,7,12,60,深位,169680.0,174266.7827990077,174299.92203276648,4619.922032766481,否
IN0359,B6T0000001104,E3,4,8,12,60,浅位,169680.0,174322.86630467649,174356.00553843527,4676.0055384352745,否
IN0359,B6T0000001104,E3,4,8,12,60,深位,169680.0,174378.94981034528,174412.08904410407,4732.089044104068,否
IN0359,B6T0000001104,E3,4,7,11,65,浅位,169680.0,174435.03331601407,174468.28570286735,4788.285702867346,否
IN0359,B6T0000001104,E3,4,7,11,65,深位,169680.0,174491.27903353187,174524.53142038514,4844.531420385145,是
IN0359,B6T0000001104,E3,4,7,15,5,浅位,169680.0,174568.57690829792,174592.09042356326,4912.090423563262,是
IN0359,B6T0000001104,E3,4,7,15,5,深位,169680.0,174615.6039388286,174639.11745409394,4959.117454093939,是
IN0359,B6T0000001104,E3,4,8,15,5,浅位,169680.0,174662.63096935928,174686.14448462462,5006.144484624616,是
IN0359,B6T0000001104,E3,4,8,15,5,深位,169680.0,174709.65799988995,174733.1715151553,5053.171515155293,否
IN0359,B6T0000001104,E3,4,8,11,65,浅位,169680.0,174747.7715151553,174781.02390200857,5101.023902008572,否
IN0359,B6T0000001104,E3,4,8,11,65,深位,169680.0,174804.0172326731,174837.26961952637,5157.269619526371,否
IN0359,B6T0000001104,E3,4,7,12,61,浅位,169680.0,174860.2629501909,174893.57609699317,5213.5760969931725,否
IN0359,B6T0000001104,E3,4,7,12,61,深位,169680.0,174916.6537022365,174949.96684903878,5269.966849038785,是
IN0359,B6T0000001104,E3,4,7,9,17,浅位,169680.0,174990.2211134931,175012.95260611858,5332.952606118575,是
IN0359,B6T0000001104,E3,4,7,9,17,深位,169680.0,175035.68409874407,175058.41559136953,5378.415591369529,是
IN0359,B6T0000001104,E3,4,8,9,17,浅位,169680.0,175081.14708399502,175103.87857662048,5423.878576620482,否
IN0359,B6T0000001104,E3,4,8,12,61,浅位,169680.0,175118.1824154166,175151.4955622189,5471.495562218886,否
IN0359,B6T0000001104,E3,4,8,12,61,深位,169680.0,175174.57316746222,175207.8863142645,5527.886314264499,否
IN0359,B6T0000001104,E3,4,7,11,66,浅位,169680.0,175230.96391950783,175264.3902194046,5584.390219404595,否
IN0256,B6T0000000747,E3,4,7,11,66,深位,169800.0,175287.51688340245,175320.9431832992,5520.943183299212,否
IN0256,B6T0000000747,E3,4,8,11,66,浅位,169800.0,175344.06984729707,175377.49614719383,5577.4961471938295,否
IN0256,B6T0000000747,E3,4,8,11,66,深位,169800.0,175400.6228111917,175434.04911108845,5634.049111088447,否
IN0256,B6T0000000747,E3,4,7,12,62,浅位,169800.0,175457.1757750863,175490.66283493207,5690.662834932067,否
IN0256,B6T0000000747,E3,4,7,12,62,深位,169800.0,175513.87377350873,175547.3608333545,5747.360833354498,否
IN0137,B6T0000000408,E3,4,8,12,62,浅位,169860.0,175570.57177193117,175604.05883177693,5744.058831776929,否
IN0137,B6T0000000408,E3,4,8,12,62,深位,169860.0,175627.2697703536,175660.75683019936,5800.75683019936,否
IN0137,B6T0000000408,E3,4,7,32,2,深位,169860.0,175683.96776877603,175717.56171314215,5857.561713142146,否
IN0137,B6T0000000408,E3,4,7,11,67,浅位,169860.0,175739.75820193696,175773.35841487718,5913.358414877177,否
IN0137,B6T0000000408,E3,4,7,11,67,深位,169860.0,175796.6184122084,175830.2186251486,5970.218625148613,否
IN0137,B6T0000000408,E3,4,8,11,67,浅位,169860.0,175853.47862247983,175887.07883542005,6027.078835420049,否
IN0137,B6T0000000408,E3,4,8,11,67,深位,169860.0,175910.33883275127,175943.93904569148,6083.939045691484,是
IN0137,B6T0000000408,E3,4,7,22,2,浅位,169860.0,175996.1697716668,176022.8671643088,6162.867164308787,否
IN0137,B6T0000000408,E3,4,7,16,47,浅位,169860.0,176039.73031977026,176073.3852672965,6213.385267296486,是
IN0137,B6T0000000408,E3,4,7,16,47,深位,169860.0,176109.31300488385,176142.96795241008,6282.967952410079,否
IN0137,B6T0000000408,E3,4,7,12,63,浅位,169860.0,176166.36795241007,176200.0289252993,6340.028925299295,否
IN0137,B6T0000000408,E3,4,7,12,63,深位,169860.0,176223.3731972093,176257.03417009852,6397.0341700985155,否
IN0137,B6T0000000408,E3,4,8,12,63,浅位,169860.0,176280.3784420085,176314.03941489774,6454.039414897736,否
IN0137,B6T0000000408,E3,4,8,12,63,深位,169860.0,176337.38368680773,176371.04465969696,6511.044659696956,否
IN0137,B6T0000000408,E3,4,7,13,59,浅位,169860.0,176394.38893160695,176428.0618701377,6568.061870137695,否
IN0137,B6T0000000408,E3,4,7,13,59,深位,169860.0,176451.45044137575,176485.1233799065,6625.123379906494,否
IN0137,B6T0000000408,E3,4,8,13,59,浅位,169860.0,176508.51195114455,176542.1848896753,6682.184889675293,否
IN0137,B6T0000000408,E3,4,8,13,59,深位,169860.0,176565.57346091335,176599.2463994441,6739.246399444091,否
IN0137,B6T0000000408,E3,4,7,11,68,浅位,169860.0,176622.63497068215,176656.40909666586,6796.409096665855,否
IN0137,B6T0000000408,E3,4,7,11,68,深位,169860.0,176679.80242733037,176713.57655331408,6853.57655331408,否
IN0137,B6T0000000408,E3,4,8,11,68,浅位,169860.0,176736.9698839786,176770.7440099623,6910.744009962305,否
IN0137,B6T0000000408,E3,4,8,11,68,深位,169860.0,176794.13734062682,176827.91146661053,6967.911466610531,否
IN0137,B6T0000000408,E3,4,7,12,64,浅位,169860.0,176851.30479727505,176885.13968320776,7025.139683207759,否
IN0142,B6T0000000430,E3,4,7,12,64,深位,171000.0,176908.6172884511,176942.4521743838,5942.452174383798,否
IN0142,B6T0000000430,E3,4,8,12,64,浅位,171000.0,176965.92977962713,176999.76466555984,5999.764665559836,否
IN0147,B6T0000000436,E3,4,8,12,64,深位,171060.0,177023.24227080317,177057.07715673588,5997.077156735875,否
IN0147,B6T0000000436,E3,4,7,13,60,浅位,171060.0,177080.5547619792,177114.4016135534,6054.401613553404,否
IN0098,B6T0000000271,E4,4,7,43,1,浅位,181740.0,181740.0,181780.43793103448,40.43793103448115,否
IN0098,B6T0000000271,E4,4,7,43,1,深位,181740.0,181807.8267854165,181848.26471645097,108.26471645096899,是
IN0098,B6T0000000271,E4,4,8,43,1,浅位,181740.0,181898.81115984515,181939.24909087963,199.2490908796317,否
IN0098,B6T0000000271,E4,4,7,43,13,浅位,181740.0,181966.63794526164,182012.28697884706,272.28697884705616,否
IN0098,B6T0000000271,E4,4,7,43,13,深位,181740.0,182044.33678504569,182089.9858186311,349.98581863110303,否
IN0098,B6T0000000271,E4,4,8,43,13,浅位,181740.0,182122.03562482973,182167.68465841515,427.6846584151499,否
IN0098,B6T0000000271,E4,4,8,44,33,浅位,181740.0,182199.73446461378,182250.52358990686,510.5235899068648,否
IN0098,B6T0000000271,E4,4,8,44,33,深位,181740.0,182287.06644263645,182337.85556792954,597.8555679295387,是
IN0440,B6T0000001338,E1,4,7,2,4,浅位,184920.0,184920.0,184933.46410161513,13.464101615129039,否
IN0440,B6T0000001338,E1,4,8,1,42,浅位,184920.0,184939.87023750387,184960.92458532995,40.92458532995079,否
IN0114,B6T0000000327,E3,4,7,9,12,浅位,186180.0,186180.0,186201.4134846045,21.413484604505356,否
IN0114,B6T0000000327,E3,4,7,13,32,浅位,186180.0,186214.53846118873,186243.51423865324,63.51423865323886,否
IN0114,B6T0000000327,E3,4,7,13,32,深位,186180.0,186263.15543173716,186292.13120920167,112.13120920167421,否
IN0114,B6T0000000327,E3,4,7,20,13,浅位,186180.0,186311.7724022856,186341.47316000893,161.47316000892897,否
IN0114,B6T0000000327,E3,4,7,20,13,深位,186180.0,186361.18963287424,186390.89039059757,210.89039059757488,否
IN0114,B6T0000000327,E3,4,8,20,13,浅位,186180.0,186410.6068634629,186440.30762118622,260.3076211862208,否
IN0343,B6T0000001052,E3,4,7,9,8,浅位,193140.0,193140.0,193160.14213562373,20.142135623726062,否
IN0343,B6T0000001052,E3,4,7,9,8,深位,193140.0,193172.12998311027,193192.272118734,52.2721187339921,否
IN0343,B6T0000001052,E3,4,8,9,8,浅位,193140.0,193204.25996622053,193224.40210184426,84.40210184425814,否
IN0343,B6T0000001052,E3,4,8,9,8,深位,193140.0,193236.3899493308,193256.53208495452,116.53208495452418,否
IN0343,B6T0000001052,E3,4,8,20,13,深位,193140.0,193268.51993244106,193298.2206901644,158.2206901643949,否
IN0343,B6T0000001052,E3,4,7,13,60,深位,193140.0,193317.9371630297,193351.7840146039,211.78401460390887,否
IN0343,B6T0000001052,E3,4,8,13,60,浅位,193140.0,193375.30591917533,193409.15277074953,269.1527707495261,否
IN0343,B6T0000001052,E3,4,8,13,60,深位,193140.0,193432.67467532094,193466.52152689514,326.5215268951433,否
IN0343,B6T0000001052,E3,4,7,19,37,浅位,193140.0,193490.04343146656,193524.02821407525,384.02821407525335,否
IN0343,B6T0000001052,E3,4,7,19,37,深位,193140.0,193547.64272381557,193581.62750642427,441.62750642426545,否
IN0343,B6T0000001052,E3,4,7,12,65,浅位,193140.0,193605.2420161646,193639.25081514078,499.2508151407819,否
IN0343,B6T0000001052,E3,4,7,12,65,深位,193140.0,193662.86175371744,193696.87055269364,556.8705526936392,否
IN0343,B6T0000001052,E3,4,8,12,65,浅位,193140.0,193720.4814912703,193754.4902902465,614.4902902464964,否
IN0343,B6T0000001052,E3,4,8,12,65,深位,193140.0,193778.10122882316,193812.11002779935,672.1100277993537,否
IN0343,B6T0000001052,E3,4,7,13,61,浅位,193140.0,193835.72096637601,193869.7417309937,729.7417309937009,否
IN0343,B6T0000001052,E3,4,7,13,61,深位,193140.0,193893.39696889842,193927.4177335161,787.4177335161075,否
IN0343,B6T0000001052,E3,4,8,13,61,浅位,193140.0,193951.07297142083,193985.0937360385,845.0937360385142,否
IN0343,B6T0000001052,E3,4,8,13,61,深位,193140.0,194008.74897394323,194042.76973856092,902.7697385609208,否
IN0343,B6T0000001052,E3,4,7,12,66,浅位,193140.0,194066.42497646564,194100.6076884853,960.6076884852955,否
IN0343,B6T0000001052,E3,4,7,12,66,深位,193140.0,194124.35196039532,194158.534672415,1018.5346724150004,否
IN0343,B6T0000001052,E3,4,8,12,66,浅位,193140.0,194182.278944325,194216.46165634465,1076.461656344647,否
IN0343,B6T0000001052,E3,4,8,12,66,深位,193140.0,194240.20592825467,194274.38864027435,1134.388640274352,否
IN0343,B6T0000001052,E3,4,7,14,58,浅位,193140.0,194298.13291218434,194332.321592844,1192.321592844004,否
IN0343,B6T0000001052,E3,4,7,14,58,深位,193140.0,194356.12159284402,194390.31027350368,1250.310273503681,否
IN0524,B6T0000001562,E1,4,8,1,2,深位,209520.0,209520.0,209530.82842712474,10.828427124739392,否
IN0524,B6T0000001562,E1,4,7,5,2,浅位,209520.0,209534.99124241475,209549.8196695395,29.819669539487222,否
IN0524,B6T0000001562,E1,4,7,5,2,深位,209520.0,209557.2484711532,209572.07689827794,52.07689827794093,否
IN0524,B6T0000001562,E1,4,7,1,12,深位,209520.0,209579.50569989166,209594.43390312194,74.43390312194242,否
IN0524,B6T0000001562,E1,4,7,4,4,浅位,209520.0,209602.26366963773,209617.55517225986,97.55517225986114,否
IN0524,B6T0000001562,E1,4,7,4,4,深位,209520.0,209625.4533748228,209640.74487744493,120.74487744492944,否
IN0524,B6T0000001562,E1,4,8,4,4,浅位,209520.0,209648.64308000787,209663.93458263,143.93458262999775,否
IN0524,B6T0000001562,E1,4,8,4,4,深位,209520.0,209671.83278519294,209687.12428781507,167.12428781506605,否
IN0524,B6T0000001562,E1,4,8,6,12,深位,209520.0,209695.022490378,209714.58394318898,194.58394318897626,否
IN0524,B6T0000001562,E1,4,7,2,26,深位,209520.0,209726.196742146,209745.85888278834,225.8588827883359,否
IN0524,B6T0000001562,E1,4,7,9,9,浅位,209520.0,209757.8087133139,209778.29399468814,258.2939946881379,否
IN0373,B6T0000001135,E3,4,7,16,8,浅位,223620.0,223620.0,223645.38788873225,25.38788873224985,否
IN0373,B6T0000001135,E3,4,7,16,8,深位,223620.0,223661.58086632186,223686.9687550541,66.96875505411299,否
IN0223,B6T0000000644,E3,4,8,16,8,浅位,224460.0,224460.0,224485.38788873225,25.38788873224985,否
IN0223,B6T0000000644,E3,4,8,16,8,深位,224460.0,224501.58086632186,224526.9687550541,66.96875505411299,否
IN0223,B6T0000000644,E3,4,7,21,6,浅位,224460.0,224543.16173264373,224571.2400224741,111.24002247411408,否
IN0643,B6T0000001948,E1,4,7,2,4,深位,227040.0,227040.0,227053.46410161513,13.464101615129039,否
IN0643,B6T0000001948,E1,4,8,2,4,浅位,227040.0,227059.87023750387,227073.334339119,33.334339118999196,否
IN0643,B6T0000001948,E1,4,8,2,4,深位,227040.0,227079.74047500774,227093.20457662287,53.204576622869354,否
IN0371,B6T0000001133,E3,4,8,14,2,深位,230760.0,230760.0,230781.18015126267,21.180151262669824,否
IN0371,B6T0000001133,E3,4,8,17,2,深位,230760.0,230793.77664005748,230817.0257568374,57.02575683739269,否
IN0371,B6T0000001133,E3,4,8,19,5,深位,230760.0,230831.2222456322,230857.4943815872,97.49438158719568,否
IN0146,B6T0000000435,E3,4,7,21,6,深位,256920.0,256920.0,256948.0782898304,28.078289830387803,否
IN0146,B6T0000000435,E3,4,8,21,6,浅位,256920.0,256966.26007029045,256994.33836012083,74.33836012083339,否
IN0146,B6T0000000435,E3,4,8,21,6,深位,256920.0,257012.5201405809,257040.59843041128,120.59843041127897,否
IN0146,B6T0000000435,E3,4,7,10,50,浅位,256920.0,257058.78021087134,257088.6066945649,168.60669456489268,否
IN0146,B6T0000000435,E3,4,7,10,50,深位,256920.0,257108.93277809361,257138.75926178717,218.75926178717054,否
IN0146,B6T0000000435,E3,4,8,14,58,浅位,256920.0,257159.0853453159,257193.27402597555,273.2740259755519,否
IN0146,B6T0000000435,E3,4,8,14,58,深位,256920.0,257217.07402597557,257251.26270663523,331.2627066352288,否
IN0364,B6T0000001117,E3,4,7,13,62,浅位,256980.0,257275.06270663525,257309.25738429642,329.25738429641933,否
IN0364,B6T0000001117,E3,4,7,13,62,深位,256980.0,257333.04595553447,257367.24063319564,387.2406331956445,否
IN0364,B6T0000001117,E3,4,8,13,62,浅位,256980.0,257391.0292044337,257425.22388209487,445.2238820948696,否
IN0364,B6T0000001117,E3,4,8,13,62,深位,256980.0,257449.01245333292,257483.2071309941,503.20713099409477,否
IN0364,B6T0000001117,E3,4,7,33,2,深位,256980.0,257506.99570223215,257541.27930177067,561.2793017706717,否
IN0364,B6T0000001117,E3,4,7,12,67,浅位,256980.0,257564.0091238988,257598.36574896195,618.3657489619509,否
IN0364,B6T0000001117,E3,4,7,12,67,深位,256980.0,257622.24335420527,257656.59997926842,676.5999792684161,否
IN0364,B6T0000001117,E3,4,8,12,67,浅位,256980.0,257680.47758451174,257714.83420957488,734.8342095748812,否
IN0364,B6T0000001117,E3,4,8,12,67,深位,256980.0,257738.7118148182,257773.06843988135,793.0684398813464,否
IN0542,B6T0000001607,E1,4,8,1,42,深位,257760.0,257796.94604512467,257818.00039295075,58.00039295075112,否
IN0542,B6T0000001607,E1,4,7,4,36,浅位,257760.0,257831.22648750956,257854.5288596969,94.52885969690396,否
IN0542,B6T0000001607,E1,4,8,1,56,深位,257760.0,257869.58247978784,257893.07161022263,133.0716102226288,否
IN0542,B6T0000001607,E1,4,8,8,25,深位,257760.0,257908.17127005116,257931.91723674358,171.91723674358218,否
IN0542,B6T0000001607,E1,4,8,3,44,深位,257760.0,257947.1860639739,257971.06037384196,211.06037384195952,否
IN0542,B6T0000001607,E1,4,7,6,32,深位,257760.0,257986.577775138,258010.5247332177,250.52473321769503,否
IN0542,B6T0000001607,E1,4,7,1,59,浅位,257760.0,258026.06004733333,258050.07091689855,290.0709168985486,否
IN0542,B6T0000001607,E1,4,7,1,59,深位,257760.0,258065.57057672707,258089.5814462923,329.5814462922863,否
IN0542,B6T0000001607,E1,4,8,1,59,浅位,257760.0,258105.0811061208,258129.09197568602,369.09197568602394,否
IN0503,B6T0000001508,E1,4,8,1,59,深位,257760.0,258144.59163551455,258168.60250507976,408.6025050797616,否
IN0503,B6T0000001508,E1,4,8,5,36,深位,257760.0,258184.10216490828,258208.1130344735,448.1130344734993,否
IN0503,B6T0000001508,E1,4,8,2,51,深位,257760.0,258223.74514025106,258247.8288070836,487.8288070835988,否
IN0503,B6T0000001508,E1,4,8,8,27,深位,257760.0,258263.45723420833,258287.59550574617,527.5955057461688,否
IN0503,B6T0000001508,E1,4,7,1,60,浅位,257760.0,258303.2152210974,258327.4000037061,567.400003706105,否
IN0364,B6T0000001117,E3,4,7,14,59,浅位,256980.0,258343.03299686796,258377.3955905711,1397.3955905711045,否
IN0364,B6T0000001117,E3,4,7,14,59,深位,256980.0,258401.32892390445,258435.6915176076,1455.6915176076,否
IN0364,B6T0000001117,E3,4,8,14,59,浅位,256980.0,258459.62485094095,258493.9874446441,1513.9874446440954,否
IN0364,B6T0000001117,E3,4,8,14,59,深位,256980.0,258517.92077797744,258552.2833716806,1572.2833716805908,否
IN0364,B6T0000001117,E3,4,7,13,63,浅位,256980.0,258576.21670501394,258610.5852957186,1630.5852957185998,否
IN0364,B6T0000001117,E3,4,7,13,63,深位,256980.0,258634.50720028998,258668.87579099464,1688.8757909946435,否
IN0364,B6T0000001117,E3,4,8,13,63,浅位,256980.0,258692.79769556603,258727.1662862707,1747.1662862706871,否
IN0499,B6T0000001498,E1,4,7,1,60,深位,258720.0,258751.08819084207,258775.27297345077,55.27297345077386,否
IN0499,B6T0000001498,E1,4,8,1,60,浅位,258720.0,258790.90596661263,258815.09074922133,95.09074922133004,否
IN0472,B6T0000001417,E1,4,8,1,60,深位,258780.0,258830.72374238318,258854.9085249919,74.90852499188622,否
IN0472,B6T0000001417,E1,4,7,1,61,浅位,258780.0,258870.54151815374,258894.9002138059,114.90021380590042,否
IN0364,B6T0000001117,E3,4,8,13,63,深位,256980.0,258910.6665403011,258945.03513100577,1965.035131005774,否
IN0364,B6T0000001117,E3,4,7,12,68,浅位,256980.0,258968.95703557716,259003.4875736838,2023.4875736837857,否
IN0400,B6T0000001217,E3,4,7,9,4,深位,263280.0,263280.0,263298.48528137425,18.48528137424728,否
IN0400,B6T0000001217,E3,4,8,9,4,浅位,263280.0,263308.9911933685,263327.47647474275,47.47647474275436,否
IN0400,B6T0000001217,E3,4,8,9,4,深位,263280.0,263337.982386737,263356.46766811126,76.46766811126145,否
IN0400,B6T0000001217,E3,4,7,15,1,浅位,263280.0,263366.9735801055,263388.0149594159,108.01495941588655,否
IN0400,B6T0000001217,E3,4,7,15,1,深位,263280.0,263400.40381379786,263421.44519310823,141.44519310822943,否
IN0400,B6T0000001217,E3,4,8,15,1,浅位,263280.0,263433.8340474902,263454.8754268006,174.8754268005723,否
IN0400,B6T0000001217,E3,4,8,15,1,深位,263280.0,263467.26428118255,263488.3056604929,208.3056604929152,否
IN0555,B6T0000001653,E1,4,7,4,2,浅位,265440.0,265440.0,265454.1199297469,14.119929746899288,否
IN0555,B6T0000001653,E1,4,7,4,2,深位,265440.0,265460.97024567396,265475.09017542086,35.09017542086076,否
IN0555,B6T0000001653,E1,4,8,4,2,浅位,265440.0,265481.9404913479,265496.0604210948,56.06042109482223,否
IN0230,B6T0000000672,E3,4,7,17,1,浅位,274560.0,274560.0,274582.4206896552,22.42068965517683,否
IN0230,B6T0000000672,E3,4,7,14,5,浅位,274560.0,274595.87621070386,274618.70007079677,58.70007079676725,否
IN0317,B6T0000000952,E3,4,7,9,20,浅位,275160.0,275160.0,275183.42955328425,23.429553284251597,否
IN0317,B6T0000000952,E3,4,7,9,20,深位,275160.0,275198.3577565145,275221.78730979876,61.78730979876127,否
IN0527,B6T0000001572,E1,4,8,4,2,深位,275220.0,275236.715513029,275250.8354427759,30.835442775918636,否
IN0527,B6T0000001572,E1,4,8,8,1,深位,275220.0,275257.685758703,275273.4317253954,53.431725395377725,否
IN0527,B6T0000001572,E1,4,7,2,15,浅位,275220.0,275281.54513509775,275298.7552034053,78.75520340527873,否
IN0527,B6T0000001572,E1,4,7,2,15,深位,275220.0,275308.5118337603,275325.72190206783,105.72190206783125,否
IN0527,B6T0000001572,E1,4,7,2,20,浅位,275220.0,275335.47853242286,275353.886905948,133.88690594799118,否
IN0527,B6T0000001572,E1,4,7,2,20,深位,275220.0,275364.71533307276,275383.1237065979,163.12370659789303,否
IN0527,B6T0000001572,E1,4,8,2,20,浅位,275220.0,275393.95213372266,275412.3605072478,192.36050724779489,否
IN0527,B6T0000001572,E1,4,8,9,20,浅位,275220.0,275423.18893437256,275446.6184876568,226.61848765681498,否
IN0527,B6T0000001572,E1,4,8,9,20,深位,275220.0,275461.5466908871,275484.9762441713,264.97624417132465,否
IN0124,B6T0000000356,E3,4,8,16,8,浅位,275280.0,275499.9044474016,275525.29233613383,245.29233613383258,否
IN0124,B6T0000000356,E3,4,8,16,8,深位,275280.0,275541.48531372345,275566.8732024557,286.8732024556957,否
IN0284,B6T0000000858,E3,4,7,17,2,浅位,288600.0,288600.0,288623.24911677995,23.249116779945325,否
IN0284,B6T0000000858,E3,4,7,17,2,深位,288600.0,288637.4456055747,288660.69472235464,60.69472235464491,否
IN0284,B6T0000000858,E3,4,8,17,2,浅位,288600.0,288674.8912111494,288698.14032792934,98.1403279293445,否
IN0157,B6T0000000457,E3,4,7,26,1,浅位,288660.0,288712.3368167241,288740.964402931,80.96440293098567,否
IN0157,B6T0000000457,E3,4,7,23,8,浅位,288660.0,288759.21992397966,288789.4353989188,129.43539891880937,否
IN0157,B6T0000000457,E3,4,7,23,8,深位,288660.0,288809.36170984176,288839.5771847809,179.57718478090828,否
IN0157,B6T0000000457,E3,4,7,12,68,深位,288660.0,288859.50349570386,288894.0340338105,234.03403381048702,否
IN0648,B6T0000001957,E1,4,7,1,9,浅位,289320.0,289320.0,289334.0,14.0,否
IN0648,B6T0000001957,E1,4,7,1,9,深位,289320.0,289340.99955630786,289354.99955630786,34.99955630785553,否
IN0648,B6T0000001957,E1,4,8,1,9,浅位,289320.0,289361.9991126157,289375.9991126157,55.999112615711056,否
IN0648,B6T0000001957,E1,4,7,7,3,浅位,289320.0,289382.99866892357,289399.67387308966,79.67387308966136,否
IN0367,B6T0000001127,E3,4,7,9,12,深位,306000.0,306000.0,306021.4134846045,21.413484604505356,否
IN0367,B6T0000001127,E3,4,7,9,16,浅位,306000.0,306034.5384611887,306057.023742563,57.0237425629748,否
IN0367,B6T0000001127,E3,4,7,9,16,深位,306000.0,306071.10736332124,306093.5926446955,93.59264469548361,否
IN0057,B6T0000000150,E4,4,8,43,2,深位,308460.0,308460.0,308501.26635815925,41.26635815924965,否
IN0057,B6T0000000150,E4,4,8,44,1,深位,308460.0,308529.39618028735,308570.69618028734,110.69618028734112,否
IN0057,B6T0000000150,E4,4,7,45,1,浅位,308460.0,308598.751701336,308640.9137703015,180.91377030150034,否
IN0057,B6T0000000150,E4,4,7,45,1,深位,308460.0,308669.63595801685,308711.79802698235,251.79802698234562,否
IN0057,B6T0000000150,E4,4,8,45,1,浅位,308460.0,308740.5202146977,308782.6822836632,322.6822836631909,否
IN0057,B6T0000000150,E4,4,8,45,1,深位,308460.0,308811.40447137854,308853.56654034404,393.5665403440362,是
IN0057,B6T0000000150,E4,4,7,45,6,浅位,308460.0,308909.06311496045,308954.12416341156,494.1241634115577,是
IN0057,B6T0000000150,E4,4,7,45,6,深位,308460.0,309007.83188364597,309052.8929320971,592.8929320970783,否
IN0057,B6T0000000150,E4,4,8,45,6,浅位,308460.0,309084.20804589044,309129.26909434155,669.269094341551,是
IN0057,B6T0000000150,E4,4,7,45,5,浅位,308460.0,309175.69215364405,309220.32635856455,760.3263585645473,是
IN0057,B6T0000000150,E4,4,7,45,5,深位,308460.0,309264.9605634851,309309.5947684056,849.5947684056009,是
IN0057,B6T0000000150,E4,4,8,45,5,浅位,308460.0,309354.22897332616,309398.86317824665,938.8631782466546,是
IN0057,B6T0000000150,E4,4,8,45,6,深位,308460.0,309443.3973831672,309488.4584316183,1028.4584316182882,是
IN0057,B6T0000000150,E4,4,7,43,11,深位,308460.0,309534.78149092075,309579.8526715359,1119.8526715359185,是
IN0057,B6T0000000150,E4,4,7,46,5,浅位,308460.0,309627.4353235832,309672.93159746926,1212.9315974692581,是
IN0057,B6T0000000150,E4,4,7,46,5,深位,308460.0,309718.1324690564,309763.62874294247,1303.6287429424701,否
IN0057,B6T0000000150,E4,4,7,49,1,浅位,308460.0,309795.22874294245,309840.83908777003,1380.8390877700294,否
IN0057,B6T0000000150,E4,4,7,49,1,深位,308460.0,309872.227942152,309917.8382869796,1457.8382869795896,否
IN0057,B6T0000000150,E4,4,8,49,1,浅位,308460.0,309949.22714136157,309994.83748618915,1534.8374861891498,否
IN0071,B6T0000000200,E4,4,8,49,1,深位,308520.0,310026.2263405711,310071.8366853987,1551.83668539871,否
IN0071,B6T0000000200,E4,4,8,44,27,浅位,308520.0,310103.2255397807,310152.9178446261,1632.9178446261212,否
IN0071,B6T0000000200,E4,4,8,44,27,深位,308520.0,310188.4796713237,310238.1719761691,1718.1719761691056,是
IN0071,B6T0000000200,E4,4,8,43,51,浅位,308520.0,310290.684596608,310343.7420928599,1823.742092859873,是
IN0071,B6T0000000200,E4,4,8,43,51,深位,308520.0,310399.45396421145,310452.51146046334,1932.5114604633418,是
IN0071,B6T0000000200,E4,4,7,44,47,浅位,308520.0,310508.2233318149,310561.4472448584,2041.4472448584274,是
IN0170,B6T0000000497,E3,4,7,13,5,浅位,311160.0,311160.0,311182.1342049205,22.134204920497723,否
IN0170,B6T0000000497,E3,4,7,13,5,深位,311160.0,311195.6561094919,311217.7903144124,57.79031441238476,否
IN0387,B6T0000001182,E3,4,8,13,5,浅位,311400.0,311400.0,311422.1342049205,22.134204920497723,否
IN0387,B6T0000001182,E3,4,8,13,5,深位,311400.0,311435.6561094919,311457.7903144124,57.79031441238476,否
IN0387,B6T0000001182,E3,4,7,12,7,浅位,311400.0,311471.3122189838,311493.558172756,93.55817275599111,否
IN0387,B6T0000001182,E3,4,7,12,7,深位,311400.0,311507.2353084925,311529.4812622647,129.48126226471504,否
IN0387,B6T0000001182,E3,4,8,12,7,浅位,311400.0,311543.1583980012,311565.40435177344,165.40435177343898,否
IN0204,B6T0000000600,E3,4,7,9,9,深位,312840.0,312840.0,312860.48528137425,20.48528137424728,否
IN0204,B6T0000000600,E3,4,8,9,9,浅位,312840.0,312872.7800477505,312893.26532912476,53.265329124755226,是
IN0204,B6T0000000600,E3,4,8,9,9,深位,312840.0,312919.3578555996,312939.84313697385,99.84313697385369,是
IN0107,B6T0000000313,E4,4,8,43,1,深位,316560.0,316560.0,316600.4379310345,40.43793103448115,否
IN0107,B6T0000000313,E4,4,7,44,47,深位,316560.0,316627.82678541646,316681.05069845996,121.05069845996331,否
IN0107,B6T0000000313,E4,4,8,44,47,浅位,316560.0,316719.5840317933,316772.8079448368,212.80794483679347,否
IN0107,B6T0000000313,E4,4,8,44,47,深位,316560.0,316811.3412781701,316864.5651912136,304.5651912136236,否
IN0107,B6T0000000313,E4,4,7,43,52,浅位,316560.0,316903.09852454695,316956.3299338423,396.32993384229485,否
IN0107,B6T0000000313,E4,4,7,43,52,深位,316560.0,316994.8632671756,317048.09467647097,488.0946764709661,否
IN0107,B6T0000000313,E4,4,8,43,52,浅位,316560.0,317086.6280098043,317139.85941909964,579.8594190996373,否
IN0107,B6T0000000313,E4,4,8,43,52,深位,316560.0,317178.39275243296,317231.6241617283,671.6241617283085,否
IN0107,B6T0000000313,E4,4,8,45,43,深位,316560.0,317270.15749506163,317323.5478248967,763.5478248966974,否
IN0107,B6T0000000313,E4,4,7,44,48,浅位,316560.0,317362.21146086894,317415.6092869559,855.609286955907,否
IN0107,B6T0000000313,E4,4,7,44,48,深位,316560.0,317454.2759536226,317507.67377970956,947.6737797095557,否
IN0107,B6T0000000313,E4,4,8,44,48,浅位,316560.0,317546.34044637624,317599.7382724632,1039.7382724632043,否
IN0107,B6T0000000313,E4,4,8,44,48,深位,316560.0,317638.4049391299,317691.80276521685,1131.802765216853,否
IN0107,B6T0000000313,E4,4,7,43,53,浅位,316560.0,317730.46943188354,317783.87475422234,1223.8747542223427,否
IN0107,B6T0000000313,E4,4,7,43,53,深位,316560.0,317822.541420889,317875.94674322783,1315.9467432278325,否
IN0107,B6T0000000313,E4,4,8,43,53,浅位,316560.0,317914.6134098945,317968.0187322333,1408.0187322333222,否
IN0107,B6T0000000313,E4,4,8,43,53,深位,316560.0,318006.6853989,318060.0907212388,1500.090721238812,否
IN0107,B6T0000000313,E4,4,7,44,49,浅位,316560.0,318098.7573879055,318152.3291270359,1592.3291270359186,否
IN0107,B6T0000000313,E4,4,7,44,49,深位,316560.0,318191.1291270359,318244.7008661663,1684.7008661663276,否
IN0107,B6T0000000313,E4,4,8,44,49,浅位,316560.0,318283.5008661663,318337.07260529674,1777.0726052967366,否
IN0107,B6T0000000313,E4,4,8,44,49,深位,316560.0,318375.8726052967,318429.44434442715,1869.4443444271456,否
IN0107,B6T0000000313,E4,4,7,43,54,浅位,316560.0,318468.24434442713,318521.82357980945,1961.8235798094538,否
IN0107,B6T0000000313,E4,4,7,43,54,深位,316560.0,318560.62357980944,318614.20281519176,2054.202815191762,否
IN0107,B6T0000000313,E4,4,8,43,54,浅位,316560.0,318653.00281519175,318706.58205057407,2146.5820505740703,否
IN0107,B6T0000000313,E4,4,8,43,54,深位,316560.0,318745.38205057406,318798.9612859564,2238.9612859563786,否
IN0107,B6T0000000313,E4,4,7,44,50,浅位,316560.0,318837.76128595637,318891.5069381303,2331.5069381303038,否
IN0107,B6T0000000313,E4,4,7,44,50,深位,316560.0,318930.4402714636,318984.18592363753,2424.1859236375312,否
IN0107,B6T0000000313,E4,4,8,44,50,浅位,316560.0,319023.1192569708,319076.86490914476,2516.8649091447587,否
IN0107,B6T0000000313,E4,4,8,44,50,深位,316560.0,319115.79824247805,319169.543894652,2609.543894651986,否
IN0107,B6T0000000313,E4,4,7,43,55,浅位,316560.0,319208.4772279853,319262.23037641105,2702.2303764110547,否
IN0107,B6T0000000313,E4,4,7,43,55,深位,316560.0,319301.1637097444,319354.9168581702,2794.9168581701815,否
IN0175,B6T0000000507,E3,4,7,10,8,浅位,341640.0,341640.0,341661.03768576914,21.037685769144446,否
IN0175,B6T0000000507,E3,4,7,10,8,深位,341640.0,341673.75674688746,341694.7944326566,54.79443265660666,否
IN0175,B6T0000000507,E3,4,8,10,8,浅位,341640.0,341707.5134937749,341728.55117954407,88.55117954406887,否
IN0175,B6T0000000507,E3,4,8,10,8,深位,341640.0,341741.2702406624,341762.30792643153,122.30792643153109,否
IN0175,B6T0000000507,E3,4,8,9,12,浅位,341640.0,341775.02698754985,341796.44047215435,156.4404721543542,否
IN0175,B6T0000000507,E3,4,8,9,12,深位,341640.0,341809.5654487386,341830.9789333431,190.97893334308174,否
IN0175,B6T0000000507,E3,4,8,16,1,浅位,341640.0,341844.1039099273,341865.8349444101,225.83494441007497,否
IN0175,B6T0000000507,E3,4,8,16,1,深位,341640.0,341878.7571321254,341900.48816660815,260.4881666081492,否
IN0175,B6T0000000507,E3,4,8,12,7,深位,341640.0,341913.41035432345,341935.65630809567,295.6563080956694,否
IN0175,B6T0000000507,E3,4,8,9,16,浅位,341640.0,341949.3334438322,341971.8187252064,331.81872520642355,否
IN0175,B6T0000000507,E3,4,8,9,16,深位,341640.0,341985.9023459647,342008.38762733893,368.38762733893236,否
IN0175,B6T0000000507,E3,4,8,12,68,浅位,341640.0,342022.4712480972,342057.0017862038,417.0017862038221,否
IN0485,B6T0000001469,E1,4,7,2,4,浅位,356040.0,356040.0,356053.4641016151,13.464101615129039,否
IN0485,B6T0000001469,E1,4,7,2,4,深位,356040.0,356059.8702375039,356073.334339119,33.3343391190283,否
IN0485,B6T0000001469,E1,4,8,2,4,浅位,356040.0,356079.7404750078,356093.2045766229,53.20457662292756,否
IN0485,B6T0000001469,E1,4,8,1,42,浅位,356040.0,356099.6107125117,356120.6650603378,80.66506033780752,否
IN0485,B6T0000001469,E1,4,7,14,5,深位,356040.0,356133.8911548966,356156.7150149895,116.71501498948783,否
IN0485,B6T0000001469,E1,4,8,14,5,浅位,356040.0,356170.7816816562,356193.6055417491,153.60554174910067,否
IN0485,B6T0000001469,E1,4,8,12,10,浅位,356040.0,356207.6722084158,356230.95121488627,190.95121488627046,否
IN0485,B6T0000001469,E1,4,8,12,10,深位,356040.0,356245.55234104575,356268.8313475162,228.831347516214,否
IN0485,B6T0000001469,E1,4,7,1,61,深位,356040.0,356283.4324736757,356307.79116932786,267.79116932785837,否
IN0239,B6T0000000696,E3,4,8,9,64,浅位,361560.0,361560.0,361591.36571615684,31.36571615684079,否
IN0239,B6T0000000696,E3,4,8,9,64,深位,361560.0,361612.8272527205,361644.1929688773,84.19296887732344,否
IN0239,B6T0000000696,E3,4,8,12,68,深位,361560.0,361665.65450544097,361700.1850435476,140.18504354759352,否
IN0036,B6T0000000110,E4,4,7,43,3,浅位,372240.0,372240.0,372281.9020326496,41.90203264961019,否
IN0036,B6T0000000110,E4,4,7,43,3,深位,372240.0,372310.60041932657,372352.5024519762,112.50245197617915,否
IN0004,B6T0000000004,E4,4,8,43,3,浅位,373200.0,373200.0,373241.9020326496,41.90203264961019,否
IN0004,B6T0000000004,E4,4,8,43,3,深位,373200.0,373270.60041932657,373312.5024519762,112.50245197617915,否
IN0067,B6T0000000189,E4,4,8,43,55,浅位,373260.0,373341.20083865314,373394.9539870789,134.95398707891582,否
IN0067,B6T0000000189,E4,4,8,43,55,深位,373260.0,373433.88732041226,373487.64046883804,227.64046883804258,否
IN0247,B6T0000000725,E3,4,7,15,6,浅位,383760.0,383760.0,383783.9403587959,23.940358795924112,否
IN0247,B6T0000000725,E3,4,7,15,6,深位,383760.0,383798.92213925597,383822.8624980519,62.86249805189436,否
IN0247,B6T0000000725,E3,4,8,15,6,浅位,383760.0,383837.84427851194,383861.78463730786,101.78463730786461,否
IN0247,B6T0000000725,E3,4,8,15,6,深位,383760.0,383876.7664177679,383900.70677656383,140.70677656383486,否
IN0247,B6T0000000725,E3,4,7,12,14,浅位,383760.0,383915.6885570239,383940.12632294756,180.12632294755895,否
IN0247,B6T0000000725,E3,4,7,12,14,深位,383760.0,383955.7638750698,383980.2016409935,220.20164099347312,否
IN0247,B6T0000000725,E3,4,7,14,60,浅位,383760.0,383995.8391931157,384030.3756998623,270.3756998623139,否
IN0247,B6T0000000725,E3,4,7,14,60,深位,383760.0,384054.442366529,384088.9788732756,328.97887327562785,否
IN0247,B6T0000000725,E3,4,8,14,60,浅位,383760.0,384113.04553994234,384147.58204668894,387.5820466889418,否
IN0247,B6T0000000725,E3,4,8,14,60,深位,383760.0,384171.64871335565,384206.18522010226,446.1852201022557,否
IN0247,B6T0000000725,E3,4,7,13,64,浅位,383760.0,384230.25188676897,384264.7943905171,504.79439051711233,否
IN0247,B6T0000000725,E3,4,7,13,64,深位,383760.0,384288.8496284218,384323.39213217,563.3921321699745,否
IN0095,B6T0000000267,E4,4,7,44,1,浅位,404520.0,404520.0,404561.3,41.29999999998836,否
IN0095,B6T0000000267,E4,4,7,44,1,深位,404520.0,404589.35552104865,404630.65552104864,110.65552104864037,否
IN0095,B6T0000000267,E4,4,7,45,3,浅位,404520.0,404658.7110420973,404702.337212678,182.33721267798683,否
IN0095,B6T0000000267,E4,4,7,45,3,深位,404520.0,404732.36893268826,404775.99510326894,255.99510326894233,否
IN0095,B6T0000000267,E4,4,7,45,46,浅位,404520.0,404806.0268232792,404859.9388922447,339.9388922447106,否
IN0095,B6T0000000267,E4,4,7,45,46,深位,404520.0,404899.0055589114,404952.9176278769,432.9176278769155,否
IN0095,B6T0000000267,E4,4,8,45,46,浅位,404520.0,404991.9842945436,405045.8963635091,525.8963635091204,否
IN0005,B6T0000000006,E4,4,8,45,46,深位,404520.0,405084.96303017583,405138.8750991413,618.8750991413253,否
IN0005,B6T0000000006,E4,4,7,44,51,浅位,404520.0,405177.94176580803,405231.86133102543,711.8613310254295,否
IN0428,B6T0000001301,E3,4,7,10,1,浅位,405180.0,405270.9279976921,405288.30882921175,108.30882921174634,否
IN0428,B6T0000001301,E3,4,7,10,1,深位,405180.0,405297.75710045575,405315.1379319754,135.13793197541963,否
IN0428,B6T0000001301,E3,4,8,10,1,浅位,405180.0,405324.5862032194,405341.9670347391,161.96703473909292,否
IN0428,B6T0000001301,E3,4,8,10,1,深位,405180.0,405351.4153059831,405368.79613750277,188.79613750276621,否
IN0428,B6T0000001301,E3,4,8,13,64,浅位,405180.0,405378.2444087468,405412.7869124949,232.78691249492113,否
IN0428,B6T0000001301,E3,4,8,13,64,深位,405180.0,405436.84215039964,405471.3846541478,291.3846541477833,否
IN0428,B6T0000001301,E3,4,7,25,19,浅位,405180.0,405495.4398920525,405530.0956209741,350.09562097408343,否
IN0428,B6T0000001301,E3,4,7,25,19,深位,405180.0,405553.82638978324,405588.4821187048,408.4821187048219,否
IN0428,B6T0000001301,E3,4,8,25,19,浅位,405180.0,405612.212887514,405646.86861643556,466.8686164355604,否
IN0428,B6T0000001301,E3,4,8,25,19,深位,405180.0,405670.5993852447,405705.2551141663,525.2551141662989,否
IN0428,B6T0000001301,E3,4,7,15,57,浅位,405180.0,405728.98588297545,405763.69030576403,583.6903057640302,否
IN0428,B6T0000001301,E3,4,7,15,57,深位,405180.0,405787.89030576404,405822.5947285526,642.5947285526199,否
IN0428,B6T0000001301,E3,4,8,15,57,浅位,405180.0,405846.79472855263,405881.4991513412,701.4991513412097,否
IN0428,B6T0000001301,E3,4,8,15,57,深位,405180.0,405905.6991513412,405940.4035741298,760.4035741297994,否
IN0428,B6T0000001301,E3,4,7,14,61,浅位,405180.0,405964.6035741298,405999.31399391993,819.3139939199318,否
IN0428,B6T0000001301,E3,4,7,14,61,深位,405180.0,406023.51399391994,406058.22441371006,878.2244137100643,否
IN0428,B6T0000001301,E3,4,8,14,61,浅位,405180.0,406082.4244137101,406117.1348335002,937.1348335001967,否
IN0428,B6T0000001301,E3,4,8,14,61,深位,405180.0,406141.3348335002,406176.04525329033,996.0452532903291,否
IN0428,B6T0000001301,E3,4,7,13,65,浅位,405180.0,406200.24525329034,406234.96167008195,1054.961670081946,否
IN0428,B6T0000001301,E3,4,7,13,65,深位,405180.0,406259.15024132,406293.8666581116,1113.8666581116267,否
IN0428,B6T0000001301,E3,4,8,13,65,浅位,405180.0,406318.0552293497,406352.7716461413,1172.7716461413074,否
IN0428,B6T0000001301,E3,4,8,13,65,深位,405180.0,406376.9602173794,406411.676634171,1231.676634170988,否
IN0428,B6T0000001301,E3,4,7,15,58,浅位,405180.0,406435.86520540906,406470.74354124116,1290.7435412411578,否
IN0128,B6T0000000375,E3,4,7,15,58,深位,405180.0,406495.0768745745,406529.95521040657,1349.955210406566,否
IN0128,B6T0000000375,E3,4,8,15,58,浅位,405180.0,406554.2885437399,406589.166879572,1409.1668795719743,否
IN0128,B6T0000000375,E3,4,8,15,58,深位,405180.0,406613.5002129053,406648.3785487374,1468.3785487373825,否
IN0393,B6T0000001195,E3,4,7,14,62,浅位,405240.0,406672.7118820707,406707.5962149043,1467.5962149042753,否
IN0393,B6T0000001195,E3,4,7,14,62,深位,405240.0,406731.9295482376,406766.81388107117,1526.813881071168,否
IN0393,B6T0000001195,E3,4,8,14,62,浅位,405240.0,406791.1472144045,406826.03154723806,1586.0315472380607,否
IN0393,B6T0000001195,E3,4,8,14,62,深位,405240.0,406850.3648805714,406885.24921340495,1645.2492134049535,否
IN0393,B6T0000001195,E3,4,7,13,66,浅位,405240.0,406909.58254673827,406944.47287657333,1704.4728765733307,否
IN0393,B6T0000001195,E3,4,7,13,66,深位,405240.0,406968.79478114477,407003.68511097983,1763.68511097983,否
IN0393,B6T0000001195,E3,4,8,13,66,浅位,405240.0,407028.00701555127,407062.89734538633,1822.897345386329,否
IN0393,B6T0000001195,E3,4,8,13,66,深位,405240.0,407087.21924995776,407122.1095797928,1882.1095797928283,否
IN0393,B6T0000001195,E3,4,7,15,59,浅位,405240.0,407146.43148436426,407181.4837332398,1941.4837332398165,否
IN0393,B6T0000001195,E3,4,7,15,59,深位,405240.0,407205.9503999065,407241.00264878204,2001.0026487820433,否
IN0393,B6T0000001195,E3,4,8,15,59,浅位,405240.0,407265.4693154487,407300.52156432427,2060.52156432427,否
IN0393,B6T0000001195,E3,4,8,15,59,深位,405240.0,407324.98823099094,407360.0404798665,2120.0404798664968,否
IN0393,B6T0000001195,E3,4,7,14,63,浅位,405240.0,407384.5071465332,407419.5653924102,2179.565392410208,否
IN0590,B6T0000001751,E1,4,7,2,17,浅位,429000.0,429000.0,429017.7103128664,17.710312866372988,否
IN0590,B6T0000001751,E1,4,8,1,61,浅位,429000.0,429027.914375557,429052.27307120914,52.27307120914338,否
IN0486,B6T0000001470,E1,4,8,1,61,深位,429720.0,429720.0,429744.35869565216,24.35869565216126,否
IN0486,B6T0000001470,E1,4,7,1,62,浅位,429720.0,429760.1250221474,429784.65763084305,64.65763084305217,否
IN0486,B6T0000001470,E1,4,7,1,62,深位,429720.0,429800.55729067157,429825.08989936725,105.08989936724538,否
IN0486,B6T0000001470,E1,4,8,1,62,浅位,429720.0,429840.98955919576,429865.52216789144,145.52216789143858,否
IN0486,B6T0000001470,E1,4,8,1,62,深位,429720.0,429881.42182771995,429905.95443641563,185.9544364156318,否
IN0661,B6T0000001985,E1,4,7,2,54,深位,430140.0,430140.0,430164.60540596297,24.60540596296778,否
IN0661,B6T0000001985,E1,4,7,1,63,浅位,430140.0,430180.6338330877,430205.3403548268,65.3403548268252,否
IN0447,B6T0000001354,E1,4,7,1,63,深位,430440.0,430440.0,430464.70652173914,24.706521739135496,否
IN0447,B6T0000001354,E1,4,8,1,63,浅位,430440.0,430480.739514901,430505.44603664015,65.44603664014721,否
IN0447,B6T0000001354,E1,4,8,1,63,深位,430440.0,430521.479029802,430546.18555154116,106.18555154115893,否
IN0447,B6T0000001354,E1,4,7,1,64,浅位,430440.0,430562.21854470304,430587.0989794856,147.09897948562866,否
IN0566,B6T0000001682,E1,4,7,1,64,深位,430560.0,430603.2653059808,430628.1457407634,68.14574076340068,否
IN0566,B6T0000001682,E1,4,7,5,41,深位,430560.0,430644.3120672586,430669.1925020412,109.1925020411727,否
IN0566,B6T0000001682,E1,4,8,1,64,浅位,430560.0,430685.5457383774,430710.42617315997,150.42617315996904,否
IN0566,B6T0000001682,E1,4,8,1,64,深位,430560.0,430726.59249965515,430751.47293443774,191.47293443774106,否
IN0566,B6T0000001682,E1,4,7,1,65,浅位,430560.0,430767.6392609329,430792.69360875903,232.6936087590293,否
IN0543,B6T0000001610,E1,4,7,1,65,深位,430560.0,430808.9932685875,430834.0476164136,274.04761641361983,否
IN0543,B6T0000001610,E1,4,8,1,65,浅位,430560.0,430850.3472762421,430875.4016240682,315.40162406821037,否
IN0543,B6T0000001610,E1,4,8,1,65,深位,430560.0,430891.7012838967,430916.7556317228,356.7556317228009,否
IN0543,B6T0000001610,E1,4,7,6,39,深位,430560.0,430933.0552915513,430958.22114982764,398.2211498276447,否
IN0543,B6T0000001610,E1,4,7,4,47,深位,430560.0,430974.80856746575,431000.02398313134,440.02398313133745,否
IN0543,B6T0000001610,E1,4,7,7,36,深位,430560.0,431016.61114359694,431041.8331157131,481.8331157130888,否
IN0543,B6T0000001610,E1,4,7,1,66,浅位,430560.0,431058.4540825826,431083.6823434522,523.6823434521793,否
IN0543,B6T0000001610,E1,4,7,1,66,深位,430560.0,431100.115336614,431125.3435974836,565.3435974835884,否
IN0543,B6T0000001610,E1,4,8,1,66,浅位,430560.0,431141.77659064543,431167.004851515,607.0048515149974,否
IN0543,B6T0000001610,E1,4,8,1,66,深位,430560.0,431183.43784467684,431208.6661055464,648.6661055464065,否
IN0543,B6T0000001610,E1,4,8,8,33,深位,430560.0,431225.09909870825,431250.33419069374,690.3341906937421,否
IN0543,B6T0000001610,E1,4,7,1,67,浅位,430560.0,431266.934932077,431292.33710599004,732.3371059900383,否
IN0543,B6T0000001610,E1,4,7,1,67,深位,430560.0,431308.90343248524,431334.30560639827,774.3056063982658,否
IN0543,B6T0000001610,E1,4,8,1,67,浅位,430560.0,431350.87193289347,431376.2741068065,816.2741068064934,否
IN0568,B6T0000001685,E1,4,8,1,67,深位,430620.0,431392.8404333017,431418.2426072147,798.2426072147209,否
IN0568,B6T0000001685,E1,4,7,2,59,浅位,430620.0,431434.8089337099,431460.2839048903,840.283904890297,否
IN0568,B6T0000001685,E1,4,7,2,59,深位,430620.0,431476.9789986817,431502.4539698621,882.4539698620792,否
IN0568,B6T0000001685,E1,4,8,2,59,浅位,430620.0,431519.1490636535,431544.62403483386,924.6240348338615,否
IN0568,B6T0000001685,E1,4,8,2,59,深位,430620.0,431561.31912862527,431586.79409980564,966.7940998056438,否
IN0568,B6T0000001685,E1,4,7,6,41,浅位,430620.0,431603.48919359705,431629.0028779604,1009.002877960389,否
IN0568,B6T0000001685,E1,4,7,6,41,深位,430620.0,431645.8731604141,431671.38684477744,1051.386844777444,是
IN0568,B6T0000001685,E1,4,8,5,2,深位,430620.0,431699.69606501394,431714.5244921387,1094.5244921387057,是
IN0568,B6T0000001685,E1,4,7,2,8,浅位,430620.0,431738.0272284634,431753.148184328,1133.1481843279907,否
IN0568,B6T0000001685,E1,4,7,1,68,浅位,430620.0,431761.036255709,431786.61234266555,1166.612342665554,否
IN0568,B6T0000001685,E1,4,7,1,68,深位,430620.0,431803.31200249406,431828.8880894506,1208.8880894506,否
IN0568,B6T0000001685,E1,4,8,1,68,浅位,430620.0,431845.5877492791,431871.16383623565,1251.1638362356462,否
IN0666,B6T0000001996,E1,4,8,1,2,深位,435120.0,435192.8433931501,435203.67182027485,83.67182027484523,否
IN0666,B6T0000001996,E1,4,7,5,2,浅位,435120.0,435207.8346355648,435222.6630626896,102.66306268959306,否
IN0666,B6T0000001996,E1,4,7,5,2,深位,435120.0,435230.0918643033,435244.92029142805,124.92029142804677,否
IN0666,B6T0000001996,E1,4,7,1,12,深位,435120.0,435252.34909304173,435267.277296272,147.27729627199005,否
IN0666,B6T0000001996,E1,4,7,4,4,浅位,435120.0,435275.1070627878,435290.39856540994,170.39856540993787,否
IN0666,B6T0000001996,E1,4,7,4,4,深位,435120.0,435298.2967679729,435313.588270595,193.58827059500618,否
IN0666,B6T0000001996,E1,4,8,4,4,浅位,435120.0,435321.48647315794,435336.7779757801,216.77797578007448,否
IN0666,B6T0000001996,E1,4,8,1,21,浅位,435120.0,435344.676178343,435361.8413297329,241.8413297329098,否
IN0666,B6T0000001996,E1,4,8,1,21,深位,435120.0,435371.6718835076,435388.8370348975,268.8370348974713,否
IN0666,B6T0000001996,E1,4,7,9,11,浅位,435120.0,435398.66758867214,435419.78611962707,299.7861196270678,否
IN0666,B6T0000001996,E1,4,7,9,11,深位,435120.0,435432.647281647,435453.76581260195,333.76581260195235,否
IN0666,B6T0000001996,E1,4,8,9,11,浅位,435120.0,435466.6269746219,435487.74550557684,367.7455055768369,否
IN0584,B6T0000001735,E1,4,8,9,11,深位,435180.0,435500.6066675968,435521.7251985517,341.7251985517214,否
IN0584,B6T0000001735,E1,4,7,17,1,深位,435180.0,435534.5863605717,435557.00705022685,377.00705022684997,否
IN0584,B6T0000001735,E1,4,8,17,1,浅位,435180.0,435570.46257127554,435592.8832609307,412.88326093071373,否
IN0584,B6T0000001735,E1,4,8,17,1,深位,435180.0,435606.3387819794,435628.7594716346,448.7594716345775,否
IN0584,B6T0000001735,E1,4,7,20,1,浅位,435180.0,435642.21499268326,435666.70464785566,486.70464785565855,否
IN0584,B6T0000001735,E1,4,7,20,1,深位,435180.0,435681.7601689043,435706.2498240767,526.2498240767163,否
IN0584,B6T0000001735,E1,4,8,1,68,深位,435180.0,435721.3053451254,435746.8814320819,566.881432081922,否
IN0584,B6T0000001735,E1,4,7,2,60,浅位,435180.0,435763.5810919104,435789.22997613426,609.2299761342583,否
IN0584,B6T0000001735,E1,4,7,2,60,深位,435180.0,435806.058403259,435831.70728748286,651.7072874828591,否
IN0584,B6T0000001735,E1,4,8,2,60,浅位,435180.0,435848.5357146076,435874.18459883146,694.1845988314599,否
IN0584,B6T0000001735,E1,4,8,2,60,深位,435180.0,435891.0130259562,435916.66191018006,736.6619101800607,否
IN0584,B6T0000001735,E1,4,7,2,61,浅位,435180.0,435933.49033730483,435959.3131345721,779.3131345721195,否
IN0584,B6T0000001735,E1,4,7,2,61,深位,435180.0,435976.27489503025,436002.09769229754,822.0976922975387,是
IN0584,B6T0000001735,E1,4,8,2,61,浅位,435180.0,436082.43071712344,436108.25351439073,928.2535143907298,是
IN0584,B6T0000001735,E1,4,8,2,61,深位,435180.0,436188.58653921663,436214.4093364839,1034.409336483921,否
IN0584,B6T0000001735,E1,4,7,2,62,浅位,435180.0,436231.37109694205,436257.36780725286,1077.3678072528564,否
IN0584,B6T0000001735,E1,4,7,2,62,深位,435180.0,436274.46290104423,436300.45961135504,1120.459611355036,否
IN0186,B6T0000000541,E3,4,7,10,1,浅位,445680.0,445680.0,445697.38083151967,17.380831519665662,否
IN0186,B6T0000000541,E3,4,7,10,1,深位,445680.0,445706.8291027637,445724.20993428334,44.20993428333895,否
IN0186,B6T0000000541,E3,4,8,10,1,浅位,445680.0,445733.65820552735,445751.039037047,71.03903704701224,否
IN0186,B6T0000000541,E3,4,8,10,1,深位,445680.0,445760.487308291,445777.8681398107,97.86813981068553,否
IN0186,B6T0000000541,E3,4,7,9,15,浅位,445680.0,445787.3164110547,445809.54765912134,129.54765912133735,否
IN0105,B6T0000000303,E4,4,7,43,2,浅位,451500.0,451500.0,451541.26635815925,41.26635815924965,否
IN0105,B6T0000000303,E4,4,7,43,2,深位,451500.0,451569.39618028735,451610.6625384466,110.66253844660241,否
IN0105,B6T0000000303,E4,4,7,43,3,浅位,451500.0,451638.7923605747,451680.6943932243,180.69439322431572,否
IN0105,B6T0000000303,E4,4,7,43,3,深位,451500.0,451709.3927799013,451751.2948125509,251.29481255088467,否
IN0105,B6T0000000303,E4,4,7,47,1,浅位,451500.0,451779.99319922784,451823.8794061244,323.8794061244116,否
IN0168,B6T0000000490,E3,5,10,10,2,深位,1860.0,1860.0,1878.209258644393,18.209258644393003,否
IN0168,B6T0000000490,E3,5,9,10,8,深位,1860.0,1888.3984976345785,1909.4361834037177,49.43618340371768,否
IN0168,B6T0000000490,E3,5,9,10,10,深位,1860.0,1922.1552445220377,1943.8606313620214,83.86063136202142,否
IN0168,B6T0000000490,E3,5,9,14,4,深位,1860.0,1957.1769024735645,1979.5286266114956,119.52862661149561,否
IN0471,B6T0000001416,E1,5,9,2,5,深位,12780.0,12780.0,12793.936237570137,13.936237570136655,否
IN0471,B6T0000001416,E1,5,9,2,6,深位,12780.0,12800.764664694883,12815.127745795588,35.12774579558754,否
IN0316,B6T0000000947,E3,5,9,13,15,浅位,14640.0,14640.0,14665.408035657932,25.408035657932487,否
IN0316,B6T0000000947,E3,5,9,13,15,深位,14640.0,14681.858143459598,14707.26617911753,67.26617911753056,否
IN0316,B6T0000000947,E3,5,10,13,15,浅位,14640.0,14723.716286919196,14749.124322577129,109.12432257712862,否
IN0316,B6T0000000947,E3,5,10,13,15,深位,14640.0,14765.574430378794,14790.982466036727,150.9824660367267,否
IN0316,B6T0000000947,E3,5,10,14,13,深位,14640.0,14807.432573838392,14832.995400527252,192.99540052725206,否
IN0316,B6T0000000947,E3,5,10,14,14,深位,14640.0,14849.511873392557,14875.346912304036,235.34691230403587,否
IN0316,B6T0000000947,E3,5,9,9,33,深位,14640.0,14892.106859182975,14918.08126585029,278.0812658502891,否
IN0316,B6T0000000947,E3,5,9,21,2,深位,14640.0,14935.285655143498,14961.293392613072,321.2933926130718,否
IN0316,B6T0000000947,E3,5,10,15,22,深位,14640.0,14977.623214741207,15006.045425571197,366.0454255711975,否
IN0316,B6T0000000947,E3,5,10,10,44,深位,14640.0,15025.03589635656,15053.81890178925,413.81890178924914,否
IN0316,B6T0000000947,E3,5,9,9,54,深位,14640.0,15073.344236230654,15102.970821952718,462.9708219527183,否
IN0316,B6T0000000947,E3,5,9,14,35,深位,14640.0,15123.099025182994,15153.287705842664,513.2877058426639,是
IN0316,B6T0000000947,E3,5,9,18,23,深位,14640.0,15192.857286719369,15223.55929459358,583.5592945935805,是
IN0316,B6T0000000947,E3,5,9,9,64,浅位,14640.0,15268.72742932043,15300.093145477278,660.0931454772781,否
IN0316,B6T0000000947,E3,5,9,9,64,深位,14640.0,15321.554682040885,15352.920398197733,712.9203981977334,否
IN0316,B6T0000000947,E3,5,10,9,64,浅位,14640.0,15374.38193476134,15405.747650918189,765.7476509181888,否
IN0316,B6T0000000947,E3,5,10,9,64,深位,14640.0,15427.209187481796,15458.574903638644,818.5749036386442,否
IN0316,B6T0000000947,E3,5,9,16,34,深位,14640.0,15480.036440202251,15511.430518163272,871.4305181632717,否
IN0316,B6T0000000947,E3,5,9,9,65,浅位,14640.0,15532.994575344928,15564.534204545254,924.5342045452544,否
IN0316,B6T0000000947,E3,5,9,9,65,深位,14640.0,15586.129074442197,15617.668703642523,977.6687036425228,否
IN0190,B6T0000000548,E3,5,9,15,4,浅位,21480.0,21480.0,21503.041379310343,23.041379310343473,否
IN0190,B6T0000000548,E3,5,9,15,4,深位,21480.0,21517.219088074344,21540.260467384687,60.26046738468722,否
IN0190,B6T0000000548,E3,5,10,15,4,浅位,21480.0,21554.438176148687,21577.47955545903,97.47955545903096,否
IN0439,B6T0000001335,E1,5,10,6,1,深位,23760.0,23760.0,23774.63324958071,14.63324958071098,否
IN0439,B6T0000001335,E1,5,9,2,7,深位,23760.0,23781.8381295658,23796.593733803067,36.59373380306715,否
IN0439,B6T0000001335,E1,5,10,3,9,深位,23760.0,23804.155024754295,23820.627160709293,60.62716070929309,否
IN0439,B6T0000001335,E1,5,9,8,2,深位,23760.0,23829.645207571994,23846.219601389155,86.21960138915529,否
IN0439,B6T0000001335,E1,5,10,3,11,深位,23760.0,23855.073978837627,23872.179364373336,112.17936437333628,否
IN0614,B6T0000001819,E1,5,9,5,8,深位,23760.0,23881.763806879713,23899.420661129207,139.42066112920656,否
IN0614,B6T0000001819,E1,5,9,3,13,深位,23760.0,23909.37928487104,23927.062523376968,167.06252337696787,否
IN0614,B6T0000001819,E1,5,10,1,25,深位,23760.0,23937.163813292307,23955.163813292307,195.16381329230717,否
IN0403,B6T0000001221,E3,5,10,15,4,深位,24480.0,24480.0,24503.041379310343,23.041379310343473,否
IN0403,B6T0000001221,E3,5,10,9,65,浅位,24480.0,24517.219088074344,24548.758717274668,68.75871727466802,否
IN0403,B6T0000001221,E3,5,10,9,65,深位,24480.0,24570.353587171612,24601.893216371936,121.89321637193643,否
IN0326,B6T0000000994,E3,5,9,12,29,浅位,38220.0,38220.0,38247.72478076437,27.724780764372554,否
IN0326,B6T0000000994,E3,5,9,12,29,深位,38220.0,38266.302328337406,38294.02710910178,74.02710910177848,否
IN0126,B6T0000000365,E3,5,10,12,29,浅位,45600.0,45600.0,45627.72478076437,27.724780764372554,否
IN0126,B6T0000000365,E3,5,10,12,29,深位,45600.0,45646.302328337406,45674.02710910178,74.02710910177848,否
IN0069,B6T0000000193,E4,5,9,45,3,浅位,46440.0,46440.0,46483.626170580654,43.62617058065371,是
IN0069,B6T0000000193,E4,5,9,45,3,深位,46440.0,46546.1316170134,46589.757787594055,149.75778759405512,是
IN0069,B6T0000000193,E4,5,10,45,3,浅位,46440.0,46652.2632340268,46695.88940460746,255.88940460745653,是
IN0069,B6T0000000193,E4,5,10,45,3,深位,46440.0,46758.394851040204,46802.02102162086,362.02102162085794,否
IN0069,B6T0000000193,E4,5,10,45,26,深位,46440.0,46832.05274163116,46882.41284962386,442.4128496238627,否
IN0069,B6T0000000193,E4,5,10,44,31,深位,46440.0,46918.46758635799,46968.90311508365,528.9031150836527,否
IN0607,B6T0000001794,E1,5,9,7,5,浅位,48720.0,48720.0,48737.683238505924,17.683238505924237,否
IN0607,B6T0000001794,E1,5,9,7,5,深位,48720.0,48747.57107908348,48765.2543175894,45.25431758940249,否
IN0546,B6T0000001636,E1,5,10,7,5,浅位,49200.0,49200.0,49217.683238505924,17.683238505924237,否
IN0546,B6T0000001636,E1,5,10,7,5,深位,49200.0,49227.57107908348,49245.2543175894,45.25431758940249,否
IN0546,B6T0000001636,E1,5,9,6,7,浅位,49200.0,49255.14215816696,49273.066910369795,73.06691036979464,否
IN0546,B6T0000001636,E1,5,9,6,7,深位,49200.0,49283.21579979936,49301.1405520022,101.14055200220173,否
IN0604,B6T0000001791,E1,5,10,6,7,浅位,50760.0,50760.0,50777.92475220284,17.924752202838135,否
IN0604,B6T0000001791,E1,5,10,6,7,深位,50760.0,50788.07364163241,50805.998393835245,45.998393835245224,否
IN0604,B6T0000001791,E1,5,9,6,8,深位,50760.0,50816.147283264814,50834.437387095015,74.43738709501486,否
IN0604,B6T0000001791,E1,5,10,8,6,深位,50760.0,50844.91305695438,50863.55800313236,103.5580031323625,否
IN0604,B6T0000001791,E1,5,9,7,8,深位,50760.0,50874.26433891273,50893.132295713156,133.13229571315605,否
IN0604,B6T0000001791,E1,5,9,1,38,深位,50760.0,50904.07978054698,50924.43847619915,164.43847619915323,否
IN0604,B6T0000001791,E1,5,10,2,30,深位,50760.0,50937.09870836268,50957.51726112793,197.51726112792676,否
IN0604,B6T0000001791,E1,5,9,4,21,深位,50760.0,50970.143647223806,50990.60030123585,230.60030123584875,否
IN0522,B6T0000001560,E1,5,9,5,2,浅位,59460.0,59460.0,59474.82842712475,14.828427124746668,否
IN0522,B6T0000001560,E1,5,9,5,2,深位,59460.0,59482.25722873845,59497.08565586319,37.0856558631931,否
IN0188,B6T0000000543,E3,5,9,9,10,浅位,59580.0,59580.0,59600.80983669458,20.809836694577825,否
IN0188,B6T0000000543,E3,5,9,9,10,深位,59580.0,59613.394894174344,59634.20473086892,54.204730868921615,否
IN0188,B6T0000000543,E3,5,10,9,10,浅位,59580.0,59646.78978834869,59667.599625043265,87.5996250432654,否
IN0188,B6T0000000543,E3,5,10,9,10,深位,59580.0,59680.18468252303,59700.99451921761,120.9945192176092,否
IN0188,B6T0000000543,E3,5,9,10,31,浅位,59580.0,59713.579576697375,59740.095936942686,160.0959369426855,否
IN0188,B6T0000000543,E3,5,9,14,36,浅位,59580.0,59757.715273483125,59788.07786718627,208.07786718627176,否
IN0567,B6T0000001683,E1,5,10,5,2,浅位,59820.0,59820.0,59834.82842712475,14.828427124746668,否
IN0567,B6T0000001683,E1,5,10,5,2,深位,59820.0,59842.25722873845,59857.08565586319,37.0856558631931,否
IN0567,B6T0000001683,E1,5,9,2,8,浅位,59820.0,59864.51445747689,59879.63541334152,59.63541334152251,否
IN0567,B6T0000001683,E1,5,9,2,8,深位,59820.0,59887.52348472254,59902.644440587166,82.64444058716617,否
IN0567,B6T0000001683,E1,5,9,8,1,浅位,59820.0,59910.53251196818,59926.27847866059,106.27847866059165,否
IN0567,B6T0000001683,E1,5,9,8,1,深位,59820.0,59934.39188836293,59950.13785505534,130.1378550553418,否
IN0567,B6T0000001683,E1,5,10,8,1,浅位,59820.0,59958.25126475768,59973.99723145009,153.99723145009193,否
IN0567,B6T0000001683,E1,5,10,8,1,深位,59820.0,59982.11064115243,59997.85660784484,177.85660784484207,否
IN0567,B6T0000001683,E1,5,10,5,12,浅位,59820.0,60005.97001754718,60024.89822077745,204.8982207774534,否
IN0567,B6T0000001683,E1,5,10,5,12,深位,59820.0,60035.993973616954,60054.92217684723,234.9221768472271,否
IN0567,B6T0000001683,E1,5,10,8,12,深位,59820.0,60066.01792968673,60086.69209960942,266.69209960941953,否
IN0567,B6T0000001683,E1,5,9,7,15,深位,59820.0,60099.213428283685,60120.170497527026,300.1704975270259,否
IN0601,B6T0000001780,E1,5,9,5,21,深位,59820.0,60132.98654133485,60154.151692724765,334.15169272476487,否
IN0601,B6T0000001780,E1,5,9,8,14,深位,59820.0,60167.2482328231,60188.47751428906,368.4775142890576,否
IN0601,B6T0000001780,E1,5,10,5,22,深位,59820.0,60201.49534982167,60222.876181341315,402.8761813413148,否
IN0419,B6T0000001280,E3,5,9,14,36,深位,83280.0,83280.0,83310.36259370315,30.36259370314656,否
IN0419,B6T0000001280,E3,5,10,14,36,浅位,83280.0,83331.16238666182,83361.52498036496,81.524980364964,否
IN0419,B6T0000001280,E3,5,9,9,66,浅位,83280.0,83382.32477332363,83414.03831556744,134.03831556743535,否
IN0419,B6T0000001280,E3,5,9,9,66,深位,83280.0,83435.76651879771,83467.48006104151,187.48006104151136,否
IN0419,B6T0000001280,E3,5,10,9,66,浅位,83280.0,83489.20826427179,83520.92180651559,240.92180651558738,否
IN0597,B6T0000001774,E1,5,9,1,9,浅位,93660.0,93660.0,93674.0,14.0,否
IN0597,B6T0000001774,E1,5,9,1,9,深位,93660.0,93680.99955630786,93694.99955630786,34.99955630785553,否
IN0597,B6T0000001774,E1,5,10,1,9,浅位,93660.0,93701.99911261571,93715.99911261571,55.999112615711056,否
IN0597,B6T0000001774,E1,5,10,1,9,深位,93660.0,93722.99866892357,93736.99866892357,76.99866892356658,否
IN0597,B6T0000001774,E1,5,9,7,6,浅位,93660.0,93743.99822523142,93762.10830726792,102.10830726791755,否
IN0597,B6T0000001774,E1,5,9,7,6,深位,93660.0,93772.3779283055,93790.488010342,130.48801034200005,否
IN0597,B6T0000001774,E1,5,10,7,6,浅位,93660.0,93800.75763137959,93818.86771341608,158.86771341608255,否
IN0597,B6T0000001774,E1,5,9,7,17,深位,93660.0,93829.13733445367,93850.59464825584,190.59464825583564,否
IN0597,B6T0000001774,E1,5,9,3,31,深位,93660.0,93863.85812439922,93885.46578907988,225.46578907988442,否
IN0597,B6T0000001774,E1,5,9,1,46,浅位,93660.0,93899.07719247497,93920.82719247497,260.8271924749715,否
IN0597,B6T0000001774,E1,5,9,1,46,深位,93660.0,93934.59351897016,93956.34351897016,296.34351897015586,否
IN0304,B6T0000000919,E3,5,10,13,24,浅位,97320.0,97320.0,97347.46002793666,27.460027936656843,否
IN0304,B6T0000000919,E3,5,10,13,24,深位,97320.0,97365.74549342813,97393.20552136478,73.20552136478364,否
IN0059,B6T0000000161,E4,5,9,44,1,浅位,108840.0,108840.0,108881.3,41.30000000000291,否
IN0059,B6T0000000161,E4,5,9,44,1,深位,108840.0,108909.35552104867,108950.65552104867,110.65552104866947,否
IN0059,B6T0000000161,E4,5,10,44,1,浅位,108840.0,108978.71104209733,109020.01104209734,180.01104209733603,否
IN0059,B6T0000000161,E4,5,10,44,1,深位,108840.0,109048.066563146,109089.366563146,249.3665631460026,否
IN0059,B6T0000000161,E4,5,9,43,37,深位,108840.0,109117.42208419467,109168.04479783785,328.04479783785064,否
IN0606,B6T0000001793,E1,5,9,2,2,浅位,131520.0,131520.0,131532.2925287399,12.292528739897534,否
IN0606,B6T0000001793,E1,5,9,2,2,深位,131520.0,131537.65077799276,131549.94330673266,29.943306732660858,否
IN0606,B6T0000001793,E1,5,10,2,2,浅位,131520.0,131555.30155598553,131567.59408472542,47.59408472542418,否
IN0606,B6T0000001793,E1,5,10,2,2,深位,131520.0,131572.9523339783,131585.2448627182,65.2448627181875,否
IN0606,B6T0000001793,E1,5,9,1,16,浅位,131520.0,131590.60311197105,131606.60311197105,86.6031119710533,否
IN0606,B6T0000001793,E1,5,9,1,16,深位,131520.0,131615.3915226609,131631.3915226609,111.39152266090969,否
IN0606,B6T0000001793,E1,5,10,1,16,浅位,131520.0,131640.17993335077,131656.17993335077,136.17993335076608,否
IN0314,B6T0000000942,E3,5,9,9,4,浅位,134460.0,134460.0,134478.48528137425,18.48528137424728,否
IN0314,B6T0000000942,E3,5,10,19,17,浅位,134460.0,134488.9911933685,134519.03740461974,59.03740461973939,否
IN0314,B6T0000000942,E3,5,10,19,17,深位,134460.0,134539.14637351892,134569.19258477015,109.19258477014955,否
IN0314,B6T0000000942,E3,5,9,23,8,浅位,134460.0,134589.30155366933,134619.51702860848,159.5170286084758,否
IN0314,B6T0000000942,E3,5,10,9,66,深位,134460.0,134639.4433395314,134671.1568817752,211.15688177521224,否
IN0314,B6T0000000942,E3,5,9,9,67,浅位,134460.0,134692.8850850055,134724.77254029276,264.7725402927608,否
IN0603,B6T0000001789,E1,5,9,2,5,深位,136440.0,136440.0,136453.93623757013,13.936237570131198,否
IN0603,B6T0000001789,E1,5,9,2,6,深位,136440.0,136460.76466469487,136475.1277457956,35.12774579558754,否
IN0603,B6T0000001789,E1,5,10,1,16,深位,136440.0,136482.33795338037,136498.33795338037,58.33795338036725,否
IN0603,B6T0000001789,E1,5,9,5,26,浅位,136440.0,136507.12636407022,136529.32440309742,89.3244030974165,否
IN0515,B6T0000001543,E1,5,9,5,2,浅位,138060.0,138060.0,138074.82842712474,14.828427124739392,否
IN0515,B6T0000001543,E1,5,9,5,2,深位,138060.0,138082.25722873845,138097.0856558632,37.0856558631931,否
IN0340,B6T0000001043,E3,5,9,9,67,深位,170700.0,170700.0,170731.88745528727,31.887455287273042,否
IN0340,B6T0000001043,E3,5,10,9,67,浅位,170700.0,170753.74899185088,170785.63644713815,85.63644713815302,否
IN0340,B6T0000001043,E3,5,10,9,67,深位,170700.0,170807.49798370176,170839.38543898903,139.385438989033,否
IN0340,B6T0000001043,E3,5,9,15,41,浅位,170700.0,170861.24697555264,170893.1687896456,193.16878964559874,否
IN0340,B6T0000001043,E3,5,9,15,41,深位,170700.0,170915.22304649622,170947.14486058918,247.14486058917828,否
IN0340,B6T0000001043,E3,5,9,9,68,浅位,170700.0,170969.1991174398,171001.26048577056,301.26048577055917,否
IN0165,B6T0000000484,E3,5,9,9,68,深位,170760.0,171023.2553556675,171055.31672399826,295.31672399825766,否
IN0553,B6T0000001650,E1,5,9,6,24,深位,171060.0,171077.3115938952,171099.74280244703,39.742802447028225,否
IN0553,B6T0000001650,E1,5,9,1,51,深位,171060.0,171113.9223889702,171136.5419541876,76.541954187589,否
IN0165,B6T0000000484,E3,5,10,9,68,浅位,170760.0,171150.97494734946,171183.03631568022,423.03631568021956,否
IN0165,B6T0000000484,E3,5,10,9,68,深位,170760.0,171205.03118557716,171237.09255390792,477.09255390791805,否
IN0165,B6T0000000484,E3,5,9,10,63,浅位,170760.0,171259.08742380486,171291.17477706363,531.1747770636284,否
IN0165,B6T0000000484,E3,5,9,10,63,深位,170760.0,171313.2341939257,171345.32154718446,585.3215471844596,否
IN0165,B6T0000000484,E3,5,10,10,63,浅位,170760.0,171367.38096404652,171399.4683173053,639.4683173052908,否
IN0574,B6T0000001703,E1,5,9,2,43,深位,171420.0,171421.52773416735,171444.22009665205,24.220096652046777,否
IN0574,B6T0000001703,E1,5,9,2,44,浅位,171420.0,171458.77882641568,171481.64510194387,61.64510194386821,否
IN0574,B6T0000001703,E1,5,9,2,44,深位,171420.0,171496.33944664797,171519.20572217615,99.20572217614972,否
IN0574,B6T0000001703,E1,5,10,7,25,深位,171420.0,171533.90006688025,171557.11116943118,137.11116943118395,否
IN0200,B6T0000000583,E3,5,10,10,63,深位,170820.0,171571.94328191874,171604.0306351775,784.0306351775071,否
IN0200,B6T0000000583,E3,5,9,10,64,浅位,170820.0,171626.09005203957,171658.35131834183,838.3513183418254,否
IN0200,B6T0000000583,E3,5,9,10,64,深位,170820.0,171680.54406853722,171712.80533483948,892.8053348394751,否
IN0220,B6T0000000638,E3,5,10,10,64,浅位,170880.0,171734.99808503487,171767.25935133712,887.2593513371248,否
IN0220,B6T0000000638,E3,5,10,10,64,深位,170880.0,171789.45210153252,171821.71336783477,941.7133678347745,否
IN0300,B6T0000000904,E3,5,10,12,55,深位,171660.0,171843.90611803017,171876.17578657158,216.1757865715772,否
IN0300,B6T0000000904,E3,5,9,10,65,浅位,171660.0,171898.4533918149,171930.88857116064,270.88857116064173,否
IN0300,B6T0000000904,E3,5,9,10,65,深位,171660.0,171953.21465468933,171985.64983403508,325.64983403508086,否
IN0300,B6T0000000904,E3,5,10,10,65,浅位,171660.0,172007.97591756377,172040.41109690952,380.41109690952,否
IN0329,B6T0000001000,E3,5,10,10,65,深位,172500.0,172500.0,172532.43517934575,32.43517934574629,否
IN0329,B6T0000001000,E3,5,9,11,61,浅位,172500.0,172554.76126287444,172587.3179975538,87.31799755379325,否
IN0579,B6T0000001723,E1,5,10,3,3,浅位,174060.0,174060.0,174073.93623757013,13.936237570131198,否
IN0579,B6T0000001723,E1,5,10,3,3,深位,174060.0,174080.68610796382,174094.62234553395,34.622345533949556,否
IN0526,B6T0000001568,E1,5,9,2,5,深位,175020.0,175020.0,175033.93623757013,13.936237570131198,否
IN0526,B6T0000001568,E1,5,9,2,6,深位,175020.0,175040.76466469487,175055.1277457956,35.12774579558754,否
IN0526,B6T0000001568,E1,5,10,1,16,深位,175020.0,175062.33795338037,175078.33795338037,58.33795338036725,否
IN0526,B6T0000001568,E1,5,9,15,5,浅位,175020.0,175087.12636407022,175110.63987933556,90.639879335562,否
IN0526,B6T0000001568,E1,5,9,15,5,深位,175020.0,175125.23987933557,175148.7533946009,128.75339460090618,否
IN0526,B6T0000001568,E1,5,10,15,5,浅位,175020.0,175163.3533946009,175186.86690986625,166.86690986625035,否
IN0467,B6T0000001407,E1,5,9,2,5,深位,185340.0,185340.0,185353.93623757013,13.936237570131198,否
IN0467,B6T0000001407,E1,5,9,2,6,深位,185340.0,185360.76466469487,185375.1277457956,35.12774579558754,否
IN0467,B6T0000001407,E1,5,10,1,16,深位,185340.0,185382.33795338037,185398.33795338037,58.33795338036725,否
IN0467,B6T0000001407,E1,5,9,2,24,浅位,185340.0,185407.12636407022,185426.3884246565,86.38842465649941,否
IN0467,B6T0000001407,E1,5,10,15,5,深位,185340.0,185437.98041270132,185461.49392796666,121.4939279666578,否
IN0467,B6T0000001407,E1,5,9,2,48,深位,185340.0,185476.09392796666,185499.65585566877,159.6558556687669,否
IN0467,B6T0000001407,E1,5,9,4,38,深位,185340.0,185514.8842827935,185538.5344810678,198.5344810677925,否
IN0467,B6T0000001407,E1,5,10,2,49,深位,185340.0,185553.8822138684,185577.61805461397,237.6180546139658,否
IN0467,B6T0000001407,E1,5,9,4,39,深位,185340.0,185592.97981507206,185616.80392638984,276.80392638983903,否
IN0389,B6T0000001186,E3,5,9,9,4,深位,195180.0,195180.0,195198.48528137425,18.48528137424728,否
IN0389,B6T0000001186,E3,5,10,9,4,浅位,195180.0,195208.9911933685,195227.47647474275,47.47647474275436,否
IN0389,B6T0000001186,E3,5,9,9,8,浅位,195180.0,195237.982386737,195258.12452236074,78.12452236074023,否
IN0389,B6T0000001186,E3,5,9,9,8,深位,195180.0,195270.11236984728,195290.254505471,110.25450547100627,否
IN0389,B6T0000001186,E3,5,10,9,8,浅位,195180.0,195302.24235295755,195322.38448858127,142.3844885812723,否
IN0389,B6T0000001186,E3,5,10,9,8,深位,195180.0,195334.3723360678,195354.51447169154,174.51447169153835,否
IN0389,B6T0000001186,E3,5,10,15,1,浅位,195180.0,195366.50231917808,195387.5436984884,207.54369848841452,否
IN0148,B6T0000000437,E3,5,10,15,1,深位,198900.0,198900.0,198921.04137931034,21.041379310336197,否
IN0148,B6T0000000437,E3,5,9,13,29,浅位,198900.0,198933.43023369234,198961.86263227212,61.862632272124756,否
IN0148,B6T0000000437,E3,5,9,13,29,深位,198900.0,198981.01781250656,199009.45021108634,109.45021108633955,是
IN0148,B6T0000000437,E3,5,10,13,29,浅位,198900.0,199041.6884072403,199070.12080582007,170.12080582007184,是
IN0148,B6T0000000437,E3,5,10,13,29,深位,198900.0,199102.35900197402,199130.7914005538,230.79140055380412,否
IN0148,B6T0000000437,E3,5,10,20,12,浅位,198900.0,199149.94658078824,199179.36443919092,279.36443919091835,否
IN0148,B6T0000000437,E3,5,10,20,12,深位,198900.0,199198.82787921152,199228.2457376142,328.2457376141974,否
IN0148,B6T0000000437,E3,5,9,20,13,浅位,198900.0,199247.7091776348,199277.40993535813,377.40993535812595,否
IN0148,B6T0000000437,E3,5,9,20,13,深位,198900.0,199297.12640822344,199326.82716594677,426.82716594677186,否
IN0148,B6T0000000437,E3,5,9,11,61,深位,198900.0,199346.5436388121,199379.10037349144,479.10037349144113,否
IN0148,B6T0000000437,E3,5,10,11,61,浅位,198900.0,199401.56037082264,199434.117105502,534.117105501995,否
IN0148,B6T0000000437,E3,5,10,11,61,深位,198900.0,199456.5771028332,199489.13383751255,589.1338375125488,否
IN0498,B6T0000001496,E1,5,10,2,7,浅位,202740.0,202767.90433160932,202782.65993584658,42.659935846575536,是
IN0498,B6T0000001496,E1,5,10,2,7,深位,202740.0,202820.57001229416,202835.32561653142,95.3256165314233,是
IN0498,B6T0000001496,E1,5,9,1,59,浅位,202740.0,202873.235692979,202897.24656254423,157.24656254422734,是
IN0498,B6T0000001496,E1,5,9,1,59,深位,202740.0,202946.43445127647,202970.44532084168,230.44532084168168,否
IN0498,B6T0000001496,E1,5,10,1,59,浅位,202740.0,202985.9449806702,203009.95585023542,269.95585023541935,否
IN0498,B6T0000001496,E1,5,10,1,59,深位,202740.0,203025.45551006394,203049.46637962916,309.466379629157,否
IN0046,B6T0000000135,E4,5,10,44,23,浅位,205500.0,205500.0,205548.8916630466,48.89166304661194,否
IN0046,B6T0000000135,E4,5,10,44,23,深位,205500.0,205583.73737394912,205632.62903699573,132.6290369957278,否
IN0494,B6T0000001484,E1,5,9,4,4,浅位,217500.0,217500.0,217515.29150262213,15.291502622130793,否
IN0494,B6T0000001484,E1,5,9,4,4,深位,217500.0,217523.18970518507,217538.4812078072,38.4812078071991,否
IN0494,B6T0000001484,E1,5,10,4,4,浅位,217500.0,217546.37941037014,217561.67091299227,61.670912992267404,否
IN0466,B6T0000001402,E1,5,10,4,4,深位,222720.0,222720.0,222735.29150262213,15.291502622130793,否
IN0466,B6T0000001402,E1,5,10,7,5,浅位,222720.0,222743.18970518507,222760.872943691,40.872943691007094,否
IN0294,B6T0000000882,E3,5,9,16,8,浅位,225720.0,225720.0,225745.38788873225,25.38788873224985,否
IN0294,B6T0000000882,E3,5,9,16,8,深位,225720.0,225761.58086632186,225786.9687550541,66.96875505411299,否
IN0294,B6T0000000882,E3,5,10,16,8,浅位,225720.0,225803.16173264373,225828.54962137598,108.54962137597613,否
IN0131,B6T0000000389,E3,5,10,16,8,深位,226200.0,226200.0,226225.38788873225,25.38788873224985,否
IN0131,B6T0000000389,E3,5,9,21,6,浅位,226200.0,226241.58086632186,226269.65915615225,69.65915615225094,否
IN0131,B6T0000000389,E3,5,9,21,6,深位,226200.0,226287.8409366123,226315.9192264427,115.91922644269653,否
IN0131,B6T0000000389,E3,5,10,21,6,浅位,226200.0,226334.10100690275,226362.17929673314,162.1792967331421,否
IN0131,B6T0000000389,E3,5,10,21,6,深位,226200.0,226380.3610771932,226408.4393670236,208.4393670235877,否
IN0131,B6T0000000389,E3,5,10,25,11,深位,226200.0,226426.62114748365,226459.19232809884,259.19232809884124,否
IN0131,B6T0000000389,E3,5,9,10,66,浅位,226200.0,226481.05862022185,226513.66771261106,313.66771261105896,否
IN0131,B6T0000000389,E3,5,9,10,66,深位,226200.0,226536.1271294731,226568.73622186232,368.7362218623166,否
IN0131,B6T0000000389,E3,5,10,10,66,浅位,226200.0,226591.19563872437,226623.80473111357,423.80473111357423,否
IN0450,B6T0000001360,E1,5,10,2,13,浅位,255180.0,255180.0,255196.67520416607,16.67520416606567,否
IN0450,B6T0000001360,E1,5,10,2,13,深位,255180.0,255205.95343748946,255222.62864165552,42.6286416555231,否
IN0450,B6T0000001360,E1,5,10,7,5,深位,255180.0,255231.90687497891,255249.59011348485,69.59011348485365,否
IN0450,B6T0000001360,E1,5,9,6,7,浅位,255180.0,255259.4779540624,255277.40270626525,97.4027062652458,否
IN0450,B6T0000001360,E1,5,9,1,60,浅位,255180.0,255287.55159569482,255311.73637830353,131.73637830352527,否
IN0450,B6T0000001360,E1,5,9,1,60,深位,255180.0,255327.36937146538,255351.55415407408,171.55415407408145,否
IN0450,B6T0000001360,E1,5,10,1,60,浅位,255180.0,255367.18714723593,255391.37192984464,211.37192984463763,否
IN0450,B6T0000001360,E1,5,10,1,60,深位,255180.0,255407.0049230065,255431.1897056152,251.18970561519382,否
IN0450,B6T0000001360,E1,5,9,1,61,浅位,255180.0,255446.82269877705,255471.1813944292,291.181394429208,否
IN0450,B6T0000001360,E1,5,9,1,61,深位,255180.0,255486.94772092442,255511.30641657658,331.3064165765827,否
IN0450,B6T0000001360,E1,5,10,1,61,浅位,255180.0,255527.0727430718,255551.43143872396,371.4314387239574,否
IN0450,B6T0000001360,E1,5,10,1,61,深位,255180.0,255567.19776521917,255591.55646087133,411.5564608713321,否
IN0327,B6T0000000995,E3,5,10,10,66,深位,258600.0,258600.0,258632.6090923892,32.60909238920431,否
IN0327,B6T0000000995,E3,5,9,11,62,浅位,258600.0,258655.06850925126,258687.7991569741,87.79915697409888,否
IN0395,B6T0000001197,E3,5,9,11,62,深位,258720.0,258720.0,258752.73064772284,32.73064772284124,否
IN0395,B6T0000001197,E3,5,10,11,62,浅位,258720.0,258775.32397838737,258808.0546261102,88.05462611021358,否
IN0395,B6T0000001197,E3,5,10,11,62,深位,258720.0,258830.64795677474,258863.3786044976,143.3786044975859,否
IN0395,B6T0000001197,E3,5,9,10,67,浅位,258720.0,258885.97193516212,258918.7549405948,198.75494059480843,否
IN0395,B6T0000001197,E3,5,9,10,67,深位,258720.0,258941.3476907902,258974.13069622288,254.13069622288458,是
IN0395,B6T0000001197,E3,5,10,10,10,浅位,258720.0,259009.43608306287,259031.14146990285,311.1414699028537,是
IN0395,B6T0000001197,E3,5,10,10,10,深位,258720.0,259052.84685674284,259074.55224358282,354.552243582817,是
IN0395,B6T0000001197,E3,5,9,18,18,浅位,258720.0,259118.44511834794,259148.04074454977,428.04074454976944,是
IN0395,B6T0000001197,E3,5,9,18,18,深位,258720.0,259177.6363707516,259207.23199695343,487.2319969534292,是
IN0395,B6T0000001197,E3,5,10,18,18,浅位,258720.0,259236.82762315526,259266.4232493571,546.4232493570889,是
IN0395,B6T0000001197,E3,5,10,18,18,深位,258720.0,259296.01887555892,259325.61450176075,605.6145017607487,否
IN0395,B6T0000001197,E3,5,10,10,67,浅位,258720.0,259345.40396814514,259378.18697357783,658.1869735778309,否
IN0395,B6T0000001197,E3,5,10,10,67,深位,258720.0,259400.77972377322,259433.5627292059,713.5627292059071,否
IN0395,B6T0000001197,E3,5,9,11,63,浅位,258720.0,259456.1554794013,259489.06004016762,769.0600401676202,否
IN0395,B6T0000001197,E3,5,9,11,63,深位,258720.0,259511.78670416548,259544.6912649318,824.691264931811,否
IN0395,B6T0000001197,E3,5,10,11,63,浅位,258720.0,259567.41792892967,259600.322489696,880.3224896960019,否
IN0395,B6T0000001197,E3,5,10,11,63,深位,258720.0,259623.04915369386,259655.9537144602,935.9537144601927,否
IN0395,B6T0000001197,E3,5,9,10,68,浅位,258720.0,259678.68037845806,259711.63729693423,991.6372969342337,否
IN0395,B6T0000001197,E3,5,9,10,68,深位,258720.0,259734.36338046295,259767.32029893913,1047.3202989391284,否
IN0395,B6T0000001197,E3,5,10,10,68,浅位,258720.0,259790.04638246784,259823.00330094402,1103.003300944023,否
IN0395,B6T0000001197,E3,5,10,10,68,深位,258720.0,259845.72938447274,259878.68630294892,1158.6863029489177,否
IN0395,B6T0000001197,E3,5,9,11,64,浅位,258720.0,259901.41238647763,259934.49086028742,1214.4908602874202,否
IN0395,B6T0000001197,E3,5,9,11,64,深位,258720.0,259957.3508576186,259990.4293314284,1270.4293314284005,是
IN0395,B6T0000001197,E3,5,10,11,64,浅位,258720.0,260028.00429315228,260061.08276696206,1341.082766962063,是
IN0395,B6T0000001197,E3,5,10,11,64,深位,258720.0,260096.58741554365,260129.66588935343,1409.6658893534332,是
IN0395,B6T0000001197,E3,5,9,12,60,浅位,258720.0,260165.17053793502,260198.3097716938,1478.3097716938064,是
IN0395,B6T0000001197,E3,5,9,12,60,深位,258720.0,260233.994594857,260267.1338286158,1547.1338286157988,是
IN0395,B6T0000001197,E3,5,10,12,60,浅位,258720.0,260302.818651779,260335.9578855378,1615.9578855377913,是
IN0395,B6T0000001197,E3,5,10,12,60,深位,258720.0,260373.6532352196,260406.79246897838,1686.792468978383,是
IN0395,B6T0000001197,E3,5,9,15,1,浅位,258720.0,260447.3573692049,260468.39874851523,1748.398748515232,是
IN0395,B6T0000001197,E3,5,9,15,1,深位,258720.0,260489.4401278256,260510.48150713593,1790.4815071359335,是
IN0395,B6T0000001197,E3,5,9,14,2,浅位,258720.0,260536.71649910434,260557.896650367,1837.896650367009,是
IN0395,B6T0000001197,E3,5,9,14,2,深位,258720.0,260579.0768016297,260600.25695289238,1880.2569528923777,是
IN0395,B6T0000001197,E3,5,10,14,2,浅位,258720.0,260621.43710415508,260642.61725541775,1922.6172554177465,是
IN0395,B6T0000001197,E3,5,10,14,2,深位,258720.0,260663.79740668045,260684.97755794312,1964.9775579431152,否
IN0395,B6T0000001197,E3,5,9,14,52,深位,258720.0,260697.57404673792,260730.71924913672,2010.7192491367168,否
IN0395,B6T0000001197,E3,5,10,14,52,浅位,258720.0,260753.71924913672,260786.8644515355,2066.8644515355118,是
IN0395,B6T0000001197,E3,5,10,16,34,浅位,258720.0,260830.46679803447,260861.86087599548,2141.8608759954805,是
IN0395,B6T0000001197,E3,5,10,16,34,深位,258720.0,260893.2549539565,260924.6490319175,2204.6490319175064,是
IN0395,B6T0000001197,E3,5,10,14,52,深位,258720.0,260995.9776509122,261029.12285331098,2309.1228533109825,是
IN0395,B6T0000001197,E3,5,9,11,65,浅位,258720.0,261104.09155262727,261137.34393948055,2417.3439394805464,是
IN0395,B6T0000001197,E3,5,9,11,65,深位,258720.0,261219.56905953144,261252.8214463847,2532.8214463847107,是
IN0395,B6T0000001197,E3,5,10,11,65,浅位,258720.0,261335.0465664356,261368.29895328888,2648.298953288875,否
IN0225,B6T0000000647,E3,5,10,11,65,深位,258840.0,261391.2922839534,261424.54467080667,2584.544670806674,否
IN0225,B6T0000000647,E3,5,10,16,45,深位,258840.0,261447.5380014712,261480.84512291048,2640.845122910483,否
IN0225,B6T0000000647,E3,5,9,12,61,浅位,258840.0,261503.9784562438,261537.2916030461,2697.291603046091,否
IN0225,B6T0000000647,E3,5,9,12,61,深位,258840.0,261560.36920828943,261593.6823550917,2753.6823550917034,否
IN0225,B6T0000000647,E3,5,10,12,61,浅位,258840.0,261616.75996033504,261650.07310713732,2810.0731071373157,否
IN0225,B6T0000000647,E3,5,10,12,61,深位,258840.0,261673.15071238065,261706.46385918293,2866.463859182928,否
IN0225,B6T0000000647,E3,5,9,11,66,浅位,258840.0,261729.54146442626,261762.96776432302,2922.9677643230243,否
IN0289,B6T0000000866,E3,5,9,11,66,深位,259560.0,261786.09442832088,261819.52072821764,2259.5207282176416,否
IN0289,B6T0000000866,E3,5,10,11,66,浅位,259560.0,261842.6473922155,261876.07369211226,2316.073692112259,否
IN0042,B6T0000000120,E4,5,10,43,3,浅位,259020.0,261899.20035611012,261941.10238875973,2921.1023887597257,否
IN0042,B6T0000000120,E4,5,10,43,3,深位,259020.0,261969.8007754367,262011.70280808632,2991.702808086324,否
IN0042,B6T0000000120,E4,5,10,44,23,浅位,259020.0,262040.4011947633,262089.29285780992,3069.2928578099236,否
IN0042,B6T0000000120,E4,5,10,44,23,深位,259020.0,262124.13856871243,262173.03023175907,3153.0302317590686,否
IN0042,B6T0000000120,E4,5,9,43,38,深位,259020.0,262207.87594266154,262258.6725693482,3238.672569348186,否
IN0042,B6T0000000120,E4,5,10,43,38,浅位,259020.0,262295.29980834987,262346.0964350365,3326.0964350365102,否
IN0042,B6T0000000120,E4,5,10,43,38,深位,259020.0,262382.7236740382,262433.52030072483,3413.5203007248347,否
IN0042,B6T0000000120,E4,5,10,45,31,深位,259020.0,262470.1475397265,262521.4451374177,3501.4451374177006,否
IN0060,B6T0000000163,E4,5,10,46,27,深位,259320.0,262558.33839042945,262609.7548332059,3289.754833205894,否
IN0060,B6T0000000163,E4,5,9,44,38,深位,259320.0,262646.6499932368,262698.30868888897,3378.3086888889666,否
IN0060,B6T0000000163,E4,5,9,48,20,深位,259320.0,262735.60259455733,262787.2951423294,3467.2951423294144,否
IN0060,B6T0000000163,E4,5,10,46,31,深位,259320.0,262824.22847566276,262876.38814231945,3556.3881423194543,否
IN0492,B6T0000001478,E1,5,9,4,2,浅位,278400.0,278400.0,278414.1199297469,14.119929746899288,否
IN0492,B6T0000001478,E1,5,9,4,2,深位,278400.0,278420.97024567396,278435.09017542086,35.09017542086076,否
IN0492,B6T0000001478,E1,5,10,4,2,浅位,278400.0,278441.9404913479,278456.0604210948,56.06042109482223,否
IN0492,B6T0000001478,E1,5,10,4,2,深位,278400.0,278462.9107370219,278477.0306667688,77.0306667687837,否
IN0492,B6T0000001478,E1,5,10,2,15,浅位,278400.0,278483.88098269585,278501.0910510034,101.09105100337183,否
IN0492,B6T0000001478,E1,5,10,2,15,深位,278400.0,278510.8476813584,278528.0577496659,128.05774966592435,否
IN0492,B6T0000001478,E1,5,9,1,62,浅位,278400.0,278537.81438002095,278562.3469887166,162.3469887166284,否
IN0492,B6T0000001478,E1,5,9,1,62,深位,278400.0,278578.24664854514,278602.7792572408,202.7792572408216,否
IN0492,B6T0000001478,E1,5,10,1,62,浅位,278400.0,278618.67891706934,278643.211525765,243.2115257650148,否
IN0518,B6T0000001548,E1,5,9,2,2,浅位,284340.0,284340.0,284352.2925287399,12.292528739897534,否
IN0518,B6T0000001548,E1,5,9,2,2,深位,284340.0,284357.6507779928,284369.9433067327,29.943306732689962,否
IN0645,B6T0000001950,E1,5,10,2,2,浅位,284880.0,284880.0,284892.2925287399,12.292528739897534,否
IN0645,B6T0000001950,E1,5,10,2,2,深位,284880.0,284897.6507779928,284909.9433067327,29.943306732689962,否
IN0507,B6T0000001525,E1,5,9,2,4,浅位,301860.0,301876.0193406043,301889.48344221944,29.483442219439894,是
IN0507,B6T0000001525,E1,5,9,2,4,深位,301860.0,301963.8277090343,301977.29181064945,117.29181064944714,是
IN0507,B6T0000001525,E1,5,10,2,4,浅位,301860.0,302051.6360774643,302065.10017907945,205.1001790794544,是
IN0617,B6T0000001826,E1,5,10,2,4,深位,303240.0,303254.04655391106,303267.5106555262,27.510655526188202,是
IN0617,B6T0000001826,E1,5,9,1,16,浅位,303240.0,303339.304444502,303355.304444502,115.30444450199138,是
IN0617,B6T0000001826,E1,5,9,4,11,浅位,303240.0,303431.1947166978,303449.1194689006,209.1194689006079,是
IN0139,B6T0000000416,E3,5,9,9,9,浅位,315300.0,315300.0,315320.48528137425,20.48528137424728,否
IN0139,B6T0000000416,E3,5,9,9,9,深位,315300.0,315332.7800477505,315353.26532912476,53.265329124755226,否
IN0139,B6T0000000416,E3,5,10,9,9,浅位,315300.0,315365.560095501,315386.04537687526,86.04537687526317,否
IN0322,B6T0000000969,E3,5,10,9,9,深位,315960.0,315960.0,315980.48528137425,20.48528137424728,否
IN0322,B6T0000000969,E3,5,9,10,8,浅位,315960.0,315992.7800477505,316013.81773351965,53.81773351965239,否
IN0322,B6T0000000969,E3,5,9,9,12,浅位,315960.0,316026.53679463797,316047.9502792425,87.95027924247552,否
IN0408,B6T0000001241,E3,5,9,9,12,深位,341820.0,341820.0,341841.4134846045,21.413484604505356,否
IN0408,B6T0000001241,E3,5,10,9,12,浅位,341820.0,341854.5384611887,341875.95194579323,55.95194579323288,否
IN0408,B6T0000001241,E3,5,10,9,12,深位,341820.0,341889.07692237746,341910.49040698196,90.4904069819604,否
IN0408,B6T0000001241,E3,5,9,16,1,浅位,341820.0,341923.6153835662,341945.34641804895,125.34641804895364,否
IN0408,B6T0000001241,E3,5,9,16,1,深位,341820.0,341958.26860576426,341979.999640247,159.99964024702786,否
IN0408,B6T0000001241,E3,5,9,13,5,浅位,341820.0,341992.92182796233,342015.0560328828,195.05603288282873,否
IN0408,B6T0000001241,E3,5,9,13,5,深位,341820.0,342028.5779374542,342050.7121423747,230.71214237471577,否
IN0408,B6T0000001241,E3,5,10,13,5,浅位,341820.0,342064.2340469461,342086.3682518666,266.3682518666028,否
IN0296,B6T0000000889,E3,5,10,13,5,深位,341880.0,342099.890156438,342122.0243613585,242.02436135848984,否
IN0296,B6T0000000889,E3,5,9,12,7,浅位,341880.0,342135.5462659299,342157.7922197021,277.7922197020962,否
IN0296,B6T0000000889,E3,5,9,12,7,深位,341880.0,342171.4693554386,342193.7153092108,313.7153092108201,否
IN0398,B6T0000001206,E3,5,10,12,7,浅位,342900.0,342900.0,342922.2459537722,22.245953772217035,否
IN0398,B6T0000001206,E3,5,10,12,7,深位,342900.0,342935.9230895087,342958.16904328094,58.16904328094097,否
IN0398,B6T0000001206,E3,5,9,9,16,浅位,342900.0,342971.84617901745,342994.3314603917,94.33146039169515,否
IN0398,B6T0000001206,E3,5,9,13,16,浅位,342900.0,343008.41508114996,343034.07715011545,134.07715011545224,否
IN0398,B6T0000001206,E3,5,9,13,16,深位,342900.0,343050.75447221485,343076.41654118034,176.41654118034057,否
IN0398,B6T0000001206,E3,5,10,13,16,浅位,342900.0,343093.09386327973,343118.7559322452,218.7559322452289,否
IN0398,B6T0000001206,E3,5,10,13,16,深位,342900.0,343135.4332543446,343161.0953233101,261.09532331011724,否
IN0398,B6T0000001206,E3,5,10,13,24,浅位,342900.0,343177.7726454095,343205.2326733462,305.2326733461814,否
IN0532,B6T0000001579,E1,5,10,5,8,浅位,343860.0,343860.0,343877.6568542495,17.656854249478783,否
IN0532,B6T0000001579,E1,5,10,5,8,深位,343860.0,343887.61547799135,343905.2723322408,45.27233224082738,否
IN0532,B6T0000001579,E1,5,9,4,11,深位,343860.0,343915.2309559827,343933.1557081855,73.1557081855135,否
IN0532,B6T0000001579,E1,5,10,4,11,浅位,343860.0,343943.40916077414,343961.33391297696,101.33391297695925,否
IN0421,B6T0000001287,E3,5,10,13,24,深位,344280.0,344280.0,344307.4600279367,27.460027936671395,否
IN0421,B6T0000001287,E3,5,9,17,35,浅位,344280.0,344325.74549342814,344358.00313960505,78.00313960504718,否
IN0202,B6T0000000587,E3,5,10,10,64,浅位,344460.0,344460.0,344492.26126630226,32.26126630225917,否
IN0202,B6T0000000587,E3,5,10,10,64,深位,344460.0,344514.45401649765,344546.7152827999,86.71528279990889,否
IN0623,B6T0000001844,E1,5,10,4,11,深位,344520.0,344568.9080329953,344586.8327851981,66.83278519811574,否
IN0623,B6T0000001844,E1,5,10,1,62,深位,344520.0,344597.08623778675,344621.6188464824,101.61884648242267,否
IN0623,B6T0000001844,E1,5,9,5,39,浅位,344520.0,344637.51850631094,344662.0511150066,142.05111500661587,否
IN0623,B6T0000001844,E1,5,9,5,39,深位,344520.0,344678.12148652715,344702.6540952228,182.65409522282425,否
IN0623,B6T0000001844,E1,5,9,1,63,浅位,344520.0,344718.72446674336,344743.4309884825,223.43098848249065,否
IN0623,B6T0000001844,E1,5,9,1,63,深位,344520.0,344759.46398164437,344784.1705033835,264.17050338350236,否
IN0623,B6T0000001844,E1,5,10,1,63,浅位,344520.0,344800.2034965454,344824.9100182845,304.9100182845141,否
IN0623,B6T0000001844,E1,5,10,1,63,深位,344520.0,344840.9430114464,344865.6495331855,345.6495331855258,否
IN0623,B6T0000001844,E1,5,9,4,45,深位,344520.0,344881.6825263474,344906.5501159261,386.5501159260748,否
IN0623,B6T0000001844,E1,5,9,1,64,浅位,344520.0,344922.870609725,344947.7510445076,427.7510445076041,否
IN0623,B6T0000001844,E1,5,9,1,64,深位,344520.0,344963.9173710028,344988.7978057854,468.7978057853761,否
IN0623,B6T0000001844,E1,5,10,1,64,浅位,344520.0,345004.96413228055,345029.84456706315,509.84456706314813,否
IN0623,B6T0000001844,E1,5,10,1,64,深位,344520.0,345046.0108935583,345070.8913283409,550.8913283409202,否
IN0623,B6T0000001844,E1,5,9,1,65,浅位,344520.0,345087.0576548361,345112.1120026622,592.1120026622084,否
IN0623,B6T0000001844,E1,5,9,1,65,深位,344520.0,345128.4116624907,345153.4660103168,633.4660103167989,否
IN0623,B6T0000001844,E1,5,10,1,65,浅位,344520.0,345169.7656701453,345194.8200179714,674.8200179713895,否
IN0623,B6T0000001844,E1,5,10,1,65,深位,344520.0,345211.11967779987,345236.174025626,716.17402562598,否
IN0623,B6T0000001844,E1,5,9,1,66,浅位,344520.0,345252.47368545446,345277.701946324,757.7019463240285,否
IN0623,B6T0000001844,E1,5,9,1,66,深位,344520.0,345294.13493948587,345319.36320035544,799.3632003554376,否
IN0623,B6T0000001844,E1,5,10,1,66,浅位,344520.0,345335.7961935173,345361.02445438685,841.0244543868466,否
IN0623,B6T0000001844,E1,5,10,1,66,深位,344520.0,345377.4574475487,345402.68570841826,882.6857084182557,否
IN0623,B6T0000001844,E1,5,9,7,37,深位,344520.0,345419.1187015801,345444.5145867397,924.5145867397077,否
IN0623,B6T0000001844,E1,5,9,1,67,浅位,344520.0,345461.28360372427,345486.6857776373,966.6857776372926,否
IN0623,B6T0000001844,E1,5,9,1,67,深位,344520.0,345503.2521041325,345528.6542780455,1008.6542780455202,否
IN0623,B6T0000001844,E1,5,10,1,67,浅位,344520.0,345545.2206045407,345570.62277845375,1050.6227784537477,否
IN0623,B6T0000001844,E1,5,10,1,67,深位,344520.0,345587.18910494895,345612.591278862,1092.5912788619753,否
IN0623,B6T0000001844,E1,5,9,2,59,浅位,344520.0,345629.1576053572,345654.63257653755,1134.6325765375514,否
IN0623,B6T0000001844,E1,5,9,2,59,深位,344520.0,345671.32767032896,345696.80264150933,1176.8026415093336,否
IN0121,B6T0000000340,E3,5,10,12,55,深位,344640.0,345713.49773530074,345745.7674038421,1105.7674038421246,否
IN0121,B6T0000000340,E3,5,9,10,65,浅位,344640.0,345768.0450090855,345800.4801884312,1160.4801884312183,否
IN0121,B6T0000000340,E3,5,9,10,65,深位,344640.0,345822.80627195997,345855.2414513057,1215.2414513056865,否
IN0121,B6T0000000340,E3,5,9,11,66,深位,344640.0,345877.56753483444,345910.99383473117,1270.993834731169,否
IN0275,B6T0000000826,E3,5,10,11,66,浅位,344820.0,345934.12049872905,345967.5467986258,1147.5467986257863,否
IN0275,B6T0000000826,E3,5,10,11,66,深位,344820.0,345990.6734626237,346024.0997625204,1204.0997625204036,否
IN0275,B6T0000000826,E3,5,9,12,62,浅位,344820.0,346047.2264265183,346080.71348636405,1260.713486364053,否
IN0320,B6T0000000963,E3,5,9,12,62,深位,345120.0,346103.9244249407,346137.4114847865,1017.4114847864839,否
IN0320,B6T0000000963,E3,5,10,12,62,浅位,345120.0,346160.62242336315,346194.1094832089,1074.1094832089148,否
IN0320,B6T0000000963,E3,5,10,12,62,深位,345120.0,346217.3204217856,346250.80748163135,1130.8074816313456,否
IN0413,B6T0000001260,E3,5,9,15,1,浅位,348240.0,348240.0,348261.04137931037,21.0413793103653,否
IN0413,B6T0000001260,E3,5,9,15,1,深位,348240.0,348273.43023369234,348294.4716130027,54.47161300270818,否
IN0413,B6T0000001260,E3,5,9,14,2,浅位,348240.0,348306.8604673847,348328.04061864736,88.04061864735559,否
IN0368,B6T0000001129,E3,5,9,14,2,深位,352500.0,352500.0,352521.18015126267,21.180151262669824,否
IN0368,B6T0000001129,E3,5,10,14,2,浅位,352500.0,352533.7766400575,352554.9567913202,54.9567913201754,否
IN0285,B6T0000000859,E3,5,10,14,2,深位,353760.0,353760.0,353781.18015126267,21.180151262669824,否
IN0285,B6T0000000859,E3,5,10,10,10,浅位,353760.0,353793.7766400575,353815.4820268975,55.48202689748723,否
IN0291,B6T0000000875,E3,5,10,10,10,深位,354420.0,354420.0,354441.70538684,21.705386839981657,否
IN0291,B6T0000000875,E3,5,9,12,10,浅位,354420.0,354455.0216579515,354478.300664422,58.30066442198586,否
IN0272,B6T0000000818,E3,5,9,12,10,深位,358020.0,358020.0,358043.27900647046,23.279006470460445,否
IN0272,B6T0000000818,E3,5,10,12,10,浅位,358020.0,358057.88013262994,358081.1591391004,61.15913910040399,否
IN0462,B6T0000001391,E1,5,10,6,1,深位,358320.0,358320.0,358334.6332495807,14.633249580685515,否
IN0462,B6T0000001391,E1,5,9,2,7,深位,358320.0,358341.8381295658,358356.5937338031,36.59373380307807,否
IN0273,B6T0000000821,E3,5,10,12,10,深位,358440.0,358440.0,358463.27900647046,23.279006470460445,否
IN0273,B6T0000000821,E3,5,10,13,24,深位,358440.0,358477.88013262994,358505.3401605666,65.34016056661494,否
IN0273,B6T0000000821,E3,5,9,12,29,浅位,358440.0,358523.6256260581,358551.35040682246,111.35040682245744,否
IN0463,B6T0000001393,E1,5,9,5,2,浅位,360300.0,360300.0,360314.82842712477,14.828427124768496,否
IN0463,B6T0000001393,E1,5,9,5,2,深位,360300.0,360322.25722873845,360337.0856558632,37.0856558632222,否
IN0463,B6T0000001393,E1,5,10,3,9,深位,360300.0,360344.5144574769,360360.9865934319,60.98659343190957,否
IN0463,B6T0000001393,E1,5,9,8,2,深位,360300.0,360370.0046402946,360386.57903411175,86.57903411175357,否
IN0264,B6T0000000778,E3,5,9,12,29,深位,360840.0,360840.0,360867.7247807644,27.724780764372554,否
IN0264,B6T0000000778,E3,5,10,29,6,深位,360840.0,360886.3023283374,360919.8978595471,79.8978595471126,否
IN0264,B6T0000000778,E3,5,9,11,67,浅位,360840.0,360942.3463066738,360975.946519614,135.9465196140227,否
IN0264,B6T0000000778,E3,5,9,11,67,深位,360840.0,360999.2065169452,361032.80672988546,192.80672988545848,否
IN0264,B6T0000000778,E3,5,10,11,67,浅位,360840.0,361056.06672721665,361089.6669401569,249.66694015689427,否
IN0264,B6T0000000778,E3,5,10,11,67,深位,360840.0,361112.9269374881,361146.52715042833,306.52715042833006,否
IN0264,B6T0000000778,E3,5,9,12,63,浅位,360840.0,361169.7871477595,361203.44812064874,363.44812064873986,否
IN0252,B6T0000000741,E3,5,9,12,63,深位,364920.0,364920.0,364953.6609728892,33.66097288922174,否
IN0252,B6T0000000741,E3,5,10,12,63,浅位,364920.0,364977.00524479925,365010.6662176885,90.66621768847108,否
IN0134,B6T0000000395,E3,5,10,12,63,深位,366180.0,366180.0,366213.6609728892,33.66097288922174,否
IN0134,B6T0000000395,E3,5,9,13,59,浅位,366180.0,366237.00524479925,366270.67818333,90.67818332999013,否
IN0134,B6T0000000395,E3,5,9,13,59,深位,366180.0,366294.066754568,366327.73969309876,147.73969309875974,否
IN0134,B6T0000000395,E3,5,10,13,59,浅位,366180.0,366351.1282643368,366384.80120286753,204.80120286752935,否
IN0134,B6T0000000395,E3,5,10,13,59,深位,366180.0,366408.18977410556,366441.8627126363,261.86271263629897,否
IN0134,B6T0000000395,E3,5,9,11,68,浅位,366180.0,366465.2512838743,366499.02540985803,319.0254098580335,否
IN0134,B6T0000000395,E3,5,9,11,68,深位,366180.0,366522.4187405226,366556.1928665063,376.1928665062878,否
IN0134,B6T0000000395,E3,5,10,11,68,浅位,366180.0,366579.58619717084,366613.36032315454,433.36032315454213,否
IN0134,B6T0000000395,E3,5,10,11,68,深位,366180.0,366636.7536538191,366670.5277798028,490.52777980279643,否
IN0134,B6T0000000395,E3,5,9,12,64,浅位,366180.0,366693.92111046734,366727.7559964001,547.755996400083,否
IN0134,B6T0000000395,E3,5,9,12,64,深位,366180.0,366751.2336016434,366785.06848757615,605.0684875761508,否
IN0134,B6T0000000395,E3,5,10,12,64,浅位,366180.0,366808.5460928195,366842.3809787522,662.3809787522187,否
IN0134,B6T0000000395,E3,5,10,12,64,深位,366180.0,366865.85858399555,366899.6934699283,719.6934699282865,否
IN0134,B6T0000000395,E3,5,9,13,60,浅位,366180.0,366923.1710751716,366957.0179267458,777.0179267458152,否
IN0134,B6T0000000395,E3,5,9,13,60,深位,366180.0,366980.5398313172,367014.3866828914,834.3866828914033,否
IN0134,B6T0000000395,E3,5,10,13,60,浅位,366180.0,367037.9085874628,367071.755439037,891.7554390369914,否
IN0134,B6T0000000395,E3,5,10,13,60,深位,366180.0,367095.2773436084,367129.1241951826,949.1241951825796,否
IN0134,B6T0000000395,E3,5,9,12,65,浅位,366180.0,367152.64609975397,367186.65489873016,1006.6548987301649,否
IN0134,B6T0000000395,E3,5,9,12,65,深位,366180.0,367210.2658373068,367244.274636283,1064.274636282993,否
IN0134,B6T0000000395,E3,5,10,12,65,浅位,366180.0,367267.8855748596,367301.8943738358,1121.8943738358212,否
IN0134,B6T0000000395,E3,5,10,12,65,深位,366180.0,367325.50531241245,367359.51411138865,1179.5141113886493,否
IN0433,B6T0000001313,E3,5,9,13,61,浅位,367320.0,367383.1250499653,367417.145814583,97.14581458299654,否
IN0433,B6T0000001313,E3,5,9,13,61,深位,367320.0,367440.8010524877,367474.8218171054,154.82181710540317,否
IN0433,B6T0000001313,E3,5,10,13,61,浅位,367320.0,367498.4770550101,367532.4978196278,212.4978196278098,否
IN0433,B6T0000001313,E3,5,10,13,61,深位,367320.0,367556.1530575325,367590.1738221502,270.17382215021644,否
IN0433,B6T0000001313,E3,5,9,12,66,浅位,367320.0,367613.8290600549,367648.01177207456,328.01177207456203,否
IN0433,B6T0000001313,E3,5,9,12,66,深位,367320.0,367671.75604398455,367705.9387560042,385.9387560042087,否
IN0433,B6T0000001313,E3,5,10,12,66,浅位,367320.0,367729.6830279142,367763.86573993386,443.86573993385537,否
IN0433,B6T0000001313,E3,5,10,12,66,深位,367320.0,367787.61001184385,367821.7927238635,501.79272386350203,否
IN0433,B6T0000001313,E3,5,9,14,58,浅位,367320.0,367845.5369957735,367879.7256764332,559.7256764331833,否
IN0433,B6T0000001313,E3,5,9,14,58,深位,367320.0,367903.5256764332,367937.71435709286,617.7143570928602,否
IN0433,B6T0000001313,E3,5,10,14,58,浅位,367320.0,367961.51435709285,367995.70303775254,675.703037752537,否
IN0433,B6T0000001313,E3,5,10,14,58,深位,367320.0,368019.5030377525,368053.6917184122,733.691718412214,否
IN0196,B6T0000000570,E3,5,9,13,62,浅位,367440.0,368077.4917184122,368111.6863960734,671.6863960733754,否
IN0196,B6T0000000570,E3,5,9,13,62,深位,367440.0,368135.4749673114,368169.6696449726,729.6696449726005,否
IN0196,B6T0000000570,E3,5,10,13,62,浅位,367440.0,368193.45821621065,368227.6528938718,787.6528938718257,否
IN0030,B6T0000000093,E4,5,9,43,3,浅位,373740.0,373740.0,373781.9020326496,41.90203264961019,否
IN0030,B6T0000000093,E4,5,9,45,1,浅位,373740.0,373810.60041932657,373852.76248829206,112.76248829206452,否
IN0030,B6T0000000093,E4,5,9,45,1,深位,373740.0,373881.4846760074,373923.6467449729,183.6467449729098,否
IN0030,B6T0000000093,E4,5,10,45,1,浅位,373740.0,373952.36893268826,373994.53100165376,254.53100165375508,否
IN0049,B6T0000000140,E4,5,9,43,1,浅位,377340.0,377340.0,377380.4379310345,40.43793103448115,否
IN0049,B6T0000000140,E4,5,9,43,1,深位,377340.0,377407.82678541646,377448.26471645094,108.26471645093989,否
IN0049,B6T0000000140,E4,5,10,43,1,浅位,377340.0,377475.6535708329,377516.0915018674,176.09150186739862,否
IN0049,B6T0000000140,E4,5,10,43,1,深位,377340.0,377543.4803562494,377583.91828728386,243.91828728385735,否
IN0049,B6T0000000140,E4,5,10,45,1,深位,377340.0,377611.30714166583,377653.46921063133,313.4692106313305,否
IN0049,B6T0000000140,E4,5,9,45,3,浅位,377340.0,377682.1913983467,377725.81756892736,385.817568927363,否
IN0049,B6T0000000140,E4,5,9,45,3,深位,377340.0,377755.84928893764,377799.4754595183,459.47545951831853,否
IN0049,B6T0000000140,E4,5,10,45,3,浅位,377340.0,377829.5071795286,377873.1333501093,533.133350109274,否
IN0049,B6T0000000140,E4,5,10,45,3,深位,377340.0,377903.16507011955,377946.79124070023,606.7912407002295,否
IN0049,B6T0000000140,E4,5,9,43,10,浅位,377340.0,377976.8229607105,378021.5854470653,681.5854470652994,否
IN0049,B6T0000000140,E4,5,9,43,10,深位,377340.0,378052.8423013148,378097.6047876696,757.6047876696102,否
IN0049,B6T0000000140,E4,5,10,43,10,浅位,377340.0,378128.8616419191,378173.6241282739,833.6241282739211,否
IN0049,B6T0000000140,E4,5,10,43,10,深位,377340.0,378204.88098252343,378249.64346887823,909.6434688782319,否
IN0049,B6T0000000140,E4,5,9,45,6,浅位,377340.0,378280.90032312775,378325.96137157886,985.9613715788582,否
IN0049,B6T0000000140,E4,5,9,45,6,深位,377340.0,378357.2764853722,378402.33753382333,1062.337533823331,否
IN0049,B6T0000000140,E4,5,10,45,6,浅位,377340.0,378433.6526476167,378478.7136960678,1138.7136960678035,否
IN0049,B6T0000000140,E4,5,10,45,6,深位,377340.0,378510.02880986116,378555.0898583123,1215.0898583122762,否
IN0049,B6T0000000140,E4,5,9,44,27,浅位,377340.0,378586.40497210564,378636.09727695107,1296.09727695107,否
IN0049,B6T0000000140,E4,5,9,43,49,浅位,377340.0,378671.6591036486,378724.36877381353,1384.368773813534,否
IN0049,B6T0000000140,E4,5,9,43,49,深位,377340.0,378762.5021071469,378815.2117773118,1475.211777311808,是
IN0049,B6T0000000140,E4,5,10,43,49,浅位,377340.0,378870.88243874663,378923.59210891154,1583.5921089115436,是
IN0049,B6T0000000140,E4,5,10,43,49,深位,377340.0,378979.26277034637,379031.9724405113,1691.9724405112793,否
IN0049,B6T0000000140,E4,5,9,43,50,浅位,377340.0,379070.10577384464,379122.989357053,1782.9893570530112,否
IN0049,B6T0000000140,E4,5,9,43,50,深位,377340.0,379161.2560237197,379214.13960692805,1874.1396069280454,否
IN0049,B6T0000000140,E4,5,10,43,50,浅位,377340.0,379252.4062735947,379305.2898568031,1965.2898568030796,否
IN0049,B6T0000000140,E4,5,10,43,50,深位,377340.0,379343.55652346974,379396.4401066781,2056.440106678114,否
IN0049,B6T0000000140,E4,5,10,48,26,深位,377340.0,379434.7067733448,379487.653088234,2147.6530882340157,否
IN0049,B6T0000000140,E4,5,9,43,51,浅位,377340.0,379525.70782496815,379578.76532122004,2238.7653212200385,否
IN0049,B6T0000000140,E4,5,9,43,51,深位,377340.0,379617.16532122,379670.2228174719,2330.222817471891,否
IN0049,B6T0000000140,E4,5,10,43,51,浅位,377340.0,379708.62281747186,379761.68031372374,2421.680313723744,否
IN0049,B6T0000000140,E4,5,10,43,51,深位,377340.0,379800.0803137237,379853.1378099756,2513.1378099755966,否
IN0049,B6T0000000140,E4,5,9,44,47,浅位,377340.0,379891.53780997556,379944.76172301907,2604.7617230190663,否
IN0049,B6T0000000140,E4,5,9,44,47,深位,377340.0,379983.2950563524,380036.5189693959,2696.5189693958964,否
IN0049,B6T0000000140,E4,5,10,44,47,浅位,377340.0,380075.0523027292,380128.2762157727,2788.2762157727266,否
IN0049,B6T0000000140,E4,5,10,44,47,深位,377340.0,380166.80954910605,380220.03346214956,2880.0334621495567,否
IN0049,B6T0000000140,E4,5,9,43,52,浅位,377340.0,380258.5667954829,380311.7982047782,2971.798204778228,否
IN0049,B6T0000000140,E4,5,9,43,52,深位,377340.0,380350.33153811155,380403.5629474069,3063.562947406899,否
IN0049,B6T0000000140,E4,5,10,43,52,浅位,377340.0,380442.0962807402,380495.32769003557,3155.3276900355704,否
IN0049,B6T0000000140,E4,5,10,43,52,深位,377340.0,380533.8610233689,380587.09243266424,3247.0924326642416,否
IN0049,B6T0000000140,E4,5,9,44,48,浅位,377340.0,380625.62576599757,380679.02359208453,3339.02359208453,否
IN0049,B6T0000000140,E4,5,9,44,48,深位,377340.0,380717.6902587512,380771.0880848382,3431.0880848381785,否
IN0049,B6T0000000140,E4,5,10,44,48,浅位,377340.0,380809.75475150486,380863.1525775918,3523.152577591827,否
IN0049,B6T0000000140,E4,5,10,44,48,深位,377340.0,380901.8192442585,380955.2170703455,3615.217070345476,否
IN0049,B6T0000000140,E4,5,9,43,53,浅位,377340.0,380993.88373701216,381047.28905935097,3707.2890593509655,否
IN0049,B6T0000000140,E4,5,9,43,53,深位,377340.0,381085.95572601765,381139.36104835646,3799.3610483564553,否
IN0049,B6T0000000140,E4,5,10,43,53,浅位,377340.0,381178.02771502314,381231.43303736195,3891.433037361945,否
IN0049,B6T0000000140,E4,5,10,43,53,深位,377340.0,381270.09970402863,381323.50502636743,3983.5050263674348,否
IN0049,B6T0000000140,E4,5,9,44,49,浅位,377340.0,381362.1716930341,381415.74343216454,4075.7434321645414,否
IN0049,B6T0000000140,E4,5,9,44,49,深位,377340.0,381454.54343216453,381508.11517129495,4168.11517129495,否
IN0508,B6T0000001529,E1,5,10,8,2,浅位,391080.0,391080.0,391096.57439381717,16.5743938171654,否
IN0508,B6T0000001529,E1,5,10,8,2,深位,391080.0,391105.4287712656,391122.0031650828,42.003165082773194,否
IN0508,B6T0000001529,E1,5,9,5,8,深位,391080.0,391130.8575425312,391148.5143967807,68.51439678069437,否
IN0508,B6T0000001529,E1,5,10,5,8,浅位,391080.0,391158.47302052256,391176.12987477204,96.12987477204297,否
IN0508,B6T0000001529,E1,5,10,5,8,深位,391080.0,391186.0884985139,391203.7453527634,123.74535276339157,否
IN0426,B6T0000001299,E3,5,9,15,6,浅位,393960.0,393960.0,393983.9403587959,23.940358795924112,否
IN0426,B6T0000001299,E3,5,9,15,6,深位,393960.0,393998.92213925597,394022.8624980519,62.86249805189436,否
IN0426,B6T0000001299,E3,5,10,13,62,深位,393960.0,394037.84427851194,394072.0389561731,112.03895617311355,否
IN0426,B6T0000001299,E3,5,9,12,67,浅位,393960.0,394095.82752741117,394130.18415247434,170.18415247433586,否
IN0426,B6T0000001299,E3,5,9,12,67,深位,393960.0,394154.06175771763,394188.4183827808,228.41838278080104,否
IN0426,B6T0000001299,E3,5,10,12,67,浅位,393960.0,394212.2959880241,394246.65261308727,286.6526130872662,否
IN0426,B6T0000001299,E3,5,10,12,67,深位,393960.0,394270.53021833056,394304.88684339373,344.8868433937314,否
IN0625,B6T0000001858,E1,5,9,3,13,深位,398220.0,398220.0,398237.6832385059,17.683238505909685,否
IN0625,B6T0000001858,E1,5,9,4,11,深位,398220.0,398247.7845284213,398265.7092806241,45.70928062411258,否
IN0625,B6T0000001858,E1,5,9,6,24,深位,398220.0,398275.96273321274,398298.3939417646,78.39394176460337,否
IN0625,B6T0000001858,E1,5,9,1,51,深位,398220.0,398312.57352828776,398335.19309350516,115.19309350516414,否
IN0625,B6T0000001858,E1,5,10,2,59,浅位,398220.0,398349.626086667,398375.1010578474,155.1010578473797,否
IN0625,B6T0000001858,E1,5,10,2,59,深位,398220.0,398391.7961516388,398417.27112281916,197.27112281916197,否
IN0625,B6T0000001858,E1,5,9,1,68,浅位,398220.0,398433.96621661057,398459.5423035671,239.54230356711196,否
IN0625,B6T0000001858,E1,5,9,1,68,深位,398220.0,398476.2419633956,398501.81805035216,281.818050352158,否
IN0625,B6T0000001858,E1,5,10,1,68,浅位,398220.0,398518.51771018066,398544.0937971372,324.0937971372041,否
IN0625,B6T0000001858,E1,5,10,1,68,深位,398220.0,398560.7934569657,398586.36954392225,366.36954392225016,否
IN0625,B6T0000001858,E1,5,10,3,54,深位,398220.0,398603.06920375075,398628.6826440536,408.68264405359514,否
IN0625,B6T0000001858,E1,5,9,2,60,浅位,398220.0,398645.5341277703,398671.1830119941,451.1830119941151,否
IN0625,B6T0000001858,E1,5,9,2,60,深位,398220.0,398688.0114391189,398713.6603233427,493.66032334271586,否
IN0201,B6T0000000584,E3,5,9,15,4,浅位,405420.0,405420.0,405443.04137931037,23.0413793103653,否
IN0201,B6T0000000584,E3,5,9,15,4,深位,405420.0,405457.21908807434,405480.2604673847,60.260467384709045,否
IN0201,B6T0000000584,E3,5,10,15,4,浅位,405420.0,405494.4381761487,405517.47955545905,97.47955545905279,否
IN0201,B6T0000000584,E3,5,9,14,59,浅位,405420.0,405531.65726422303,405566.0198579262,146.0198579261778,否
IN0201,B6T0000000584,E3,5,9,14,59,深位,405420.0,405589.9531912595,405624.3157849627,204.3157849626732,否
IN0143,B6T0000000431,E3,5,10,14,59,浅位,429180.0,429180.0,429214.36259370315,34.36259370314656,否
IN0143,B6T0000000431,E3,5,10,14,59,深位,429180.0,429238.2959270365,429272.65852073964,92.65852073964197,否
IN0143,B6T0000000431,E3,5,9,13,63,浅位,429180.0,429296.591854073,429330.9604447776,150.9604447776219,否
IN0143,B6T0000000431,E3,5,9,13,63,深位,429180.0,429354.88234934903,429389.25094005367,209.25094005366554,否
IN0143,B6T0000000431,E3,5,10,13,63,浅位,429180.0,429413.1728446251,429447.5414353297,267.5414353297092,否
IN0143,B6T0000000431,E3,5,10,13,63,深位,429180.0,429471.4633399011,429505.83193060575,325.83193060575286,否
IN0143,B6T0000000431,E3,5,9,12,68,浅位,429180.0,429529.75383517717,429564.2843732838,384.2843732837937,否
IN0143,B6T0000000431,E3,5,9,12,68,深位,429180.0,429588.29531186045,429622.8258499671,442.8258499670774,否
IN0380,B6T0000001157,E3,5,10,12,68,浅位,429180.0,429646.83678854373,429681.36732665036,501.36732665036106,否
IN0380,B6T0000001157,E3,5,10,12,68,深位,429180.0,429705.378265227,429739.90880333364,559.9088033336448,否
IN0380,B6T0000001157,E3,5,9,14,60,浅位,429180.0,429763.9197419103,429798.4562486569,618.4562486569048,否
IN0380,B6T0000001157,E3,5,9,14,60,深位,429180.0,429822.5229153236,429857.0594220702,677.0594220702187,否
IN0380,B6T0000001157,E3,5,10,14,60,浅位,429180.0,429881.1260887369,429915.66259548353,735.6625954835326,否
IN0380,B6T0000001157,E3,5,10,14,60,深位,429180.0,429939.72926215024,429974.26576889685,794.2657688968466,否
IN0380,B6T0000001157,E3,5,9,13,64,浅位,429180.0,429998.33243556356,430032.8749393117,852.8749393117032,否
IN0380,B6T0000001157,E3,5,9,13,64,深位,429180.0,430056.9301772164,430091.47268096457,911.4726809645654,否
IN0380,B6T0000001157,E3,5,10,13,64,浅位,429180.0,430115.5279188693,430150.0704226174,970.0704226174275,否
IN0380,B6T0000001157,E3,5,10,13,64,深位,429180.0,430174.12566052214,430208.6681642703,1028.6681642702897,否
IN0380,B6T0000001157,E3,5,9,28,11,浅位,429180.0,430232.723402175,430267.36354830745,1087.3635483074468,否
IN0380,B6T0000001157,E3,5,9,28,11,深位,429180.0,430290.82984043047,430325.4699865629,1145.4699865629082,否
IN0380,B6T0000001157,E3,5,10,28,11,浅位,429180.0,430348.9362786859,430383.57642481837,1203.5764248183696,否
IN0380,B6T0000001157,E3,5,10,28,11,深位,429180.0,430407.0427169414,430441.68286307383,1261.682863073831,否
IN0380,B6T0000001157,E3,5,9,15,57,浅位,429180.0,430465.14915519685,430499.8535779854,1319.8535779854283,否
IN0380,B6T0000001157,E3,5,9,15,57,深位,429180.0,430524.05357798544,430558.758000774,1378.758000774018,否
IN0380,B6T0000001157,E3,5,10,15,57,浅位,429180.0,430582.95800077403,430617.6624235626,1437.6624235626077,否
IN0380,B6T0000001157,E3,5,10,15,57,深位,429180.0,430641.8624235626,430676.5668463512,1496.5668463511975,否
IN0310,B6T0000000936,E3,5,9,10,1,浅位,434940.0,434947.82678541646,434965.2076169361,25.207616936124396,是
IN0310,B6T0000000936,E3,5,9,10,1,深位,434940.0,435028.31221463723,435045.6930461569,105.69304615689907,是
IN0310,B6T0000000936,E3,5,10,10,1,浅位,434940.0,435108.797643858,435126.1784753777,186.17847537767375,是
IN0448,B6T0000001355,E1,5,10,5,2,浅位,438900.0,438900.0,438914.82842712477,14.828427124768496,否
IN0448,B6T0000001355,E1,5,10,5,2,深位,438900.0,438922.25722873845,438937.0856558632,37.0856558632222,否
IN0448,B6T0000001355,E1,5,9,1,21,浅位,438900.0,438944.5144574769,438961.6796088668,61.67960886680521,否
IN0448,B6T0000001355,E1,5,9,1,21,深位,438900.0,438971.51016264147,438988.67531403137,88.67531403136672,否
IN0448,B6T0000001355,E1,5,10,1,21,浅位,438900.0,438998.50586780603,439015.6710191959,115.67101919592824,否
IN0448,B6T0000001355,E1,5,10,10,1,深位,438900.0,439025.5015729706,439042.88240449026,142.8824044902576,否
IN0448,B6T0000001355,E1,5,10,9,4,深位,438900.0,439052.33067573427,439070.8159571085,170.81595710851252,否
IN0448,B6T0000001355,E1,5,9,9,11,浅位,438900.0,439081.3218691028,439102.4404000577,202.44040005770512,否
IN0448,B6T0000001355,E1,5,9,9,11,深位,438900.0,439115.30156207766,439136.4200930326,236.42009303258965,否
IN0448,B6T0000001355,E1,5,10,9,11,浅位,438900.0,439149.28125505254,439170.3997860075,270.3997860074742,否
IN0448,B6T0000001355,E1,5,9,17,1,浅位,438900.0,439183.2609480274,439205.6816376826,305.68163768260274,否
IN0448,B6T0000001355,E1,5,10,15,6,浅位,438900.0,439219.1371587313,439243.0775175272,343.0775175272138,否
IN0448,B6T0000001355,E1,5,10,15,6,深位,438900.0,439258.05929798726,439281.9996567832,381.99965678318404,否
IN0448,B6T0000001355,E1,5,10,2,60,浅位,438900.0,439296.98143724323,439322.63032146706,422.63032146706246,否
IN0448,B6T0000001355,E1,5,10,2,60,深位,438900.0,439339.45874859183,439365.10763281566,465.10763281566324,否
IN0002,B6T0000000001,E4,5,9,43,1,浅位,439740.0,439740.0,439780.4379310345,40.43793103448115,否
IN0002,B6T0000000001,E4,5,9,43,1,深位,439740.0,439807.82678541646,439848.26471645094,108.26471645093989,否
IN0002,B6T0000000001,E4,5,10,43,1,浅位,439740.0,439875.6535708329,439916.0915018674,176.09150186739862,否
IN0002,B6T0000000001,E4,5,10,43,1,深位,439740.0,439943.4803562494,439983.91828728386,243.91828728385735,否
IN0002,B6T0000000001,E4,5,10,45,1,深位,439740.0,440011.30714166583,440053.46921063133,313.4692106313305,否
IN0002,B6T0000000001,E4,5,9,45,3,浅位,439740.0,440082.1913983467,440125.81756892736,385.817568927363,否
IN0002,B6T0000000001,E4,5,9,45,3,深位,439740.0,440155.84928893764,440199.4754595183,459.47545951831853,否
IN0002,B6T0000000001,E4,5,9,47,1,浅位,439740.0,440229.5071795286,440273.39338642516,533.3933864251594,否
IN0002,B6T0000000001,E4,5,9,47,1,深位,439740.0,440303.4489074738,440347.3351143704,607.3351143703912,否
IN0002,B6T0000000001,E4,5,10,47,1,浅位,439740.0,440377.39063541905,440421.2768423156,681.2768423156231,否
IN0002,B6T0000000001,E4,5,10,47,1,深位,439740.0,440451.3323633643,440495.21857026085,755.2185702608549,否
IN0002,B6T0000000001,E4,5,10,44,49,浅位,439740.0,440525.2740913095,440578.84583043994,838.8458304399392,否
IN0002,B6T0000000001,E4,5,10,44,49,深位,439740.0,440617.6458304399,440671.21756957035,931.2175695703481,否
IN0002,B6T0000000001,E4,5,9,43,54,浅位,439740.0,440710.01756957034,440763.59680495266,1023.5968049526564,否
IN0002,B6T0000000001,E4,5,9,43,54,深位,439740.0,440802.39680495264,440855.97604033496,1115.9760403349646,否
IN0002,B6T0000000001,E4,5,10,43,54,浅位,439740.0,440894.77604033495,440948.3552757173,1208.355275717273,否
IN0002,B6T0000000001,E4,5,10,43,54,深位,439740.0,440987.15527571726,441040.7345110996,1300.7345110995811,否
IN0002,B6T0000000001,E4,5,9,44,50,浅位,439740.0,441079.53451109957,441133.2801632735,1393.2801632735063,否
IN0002,B6T0000000001,E4,5,9,44,50,深位,439740.0,441172.2134966068,441225.95914878073,1485.9591487807338,否
IN0002,B6T0000000001,E4,5,10,44,50,浅位,439740.0,441264.892482114,441318.63813428796,1578.6381342879613,否
IN0002,B6T0000000001,E4,5,10,44,50,深位,439740.0,441357.57146762125,441411.3171197952,1671.3171197951888,否
IN0002,B6T0000000001,E4,5,9,43,55,浅位,439740.0,441450.2504531285,441504.00360155426,1764.0036015542573,否
IN0002,B6T0000000001,E4,5,9,43,55,深位,439740.0,441542.9369348876,441596.6900833134,1856.690083313384,否
IN0002,B6T0000000001,E4,5,10,43,55,浅位,439740.0,441635.62341664673,441689.3765650725,1949.3765650725109,否
IN0002,B6T0000000001,E4,5,10,43,55,深位,439740.0,441728.30989840586,441782.06304683164,2042.0630468316376,否
IN0002,B6T0000000001,E4,5,9,45,46,浅位,439740.0,441820.996380165,441874.9084491305,2134.908449130482,否
IN0002,B6T0000000001,E4,5,9,45,46,深位,439740.0,441913.9751157972,441967.8871847627,2227.887184762687,否
IN0002,B6T0000000001,E4,5,10,45,46,浅位,439740.0,442006.9538514294,442060.8659203949,2320.865920394892,否
IN0002,B6T0000000001,E4,5,10,45,46,深位,439740.0,442099.9325870616,442153.8446560271,2413.844656027097,否
IN0002,B6T0000000001,E4,5,9,44,51,浅位,439740.0,442192.9113226938,442246.8308879112,2506.830887911201,否
IN0002,B6T0000000001,E4,5,9,44,51,深位,439740.0,442285.89755457785,442339.81711979525,2599.817119795247,否
IN0265,B6T0000000781,E3,6,12,11,3,深位,2100.0,2100.0,2119.6621406423233,19.662140642323266,否
IN0265,B6T0000000781,E3,6,11,11,4,深位,2100.0,2131.0871913171536,2151.285230344339,51.2852303443392,否
IN0265,B6T0000000781,E3,6,11,12,9,深位,2100.0,2163.1896031062033,2186.144054256307,86.14405425630684,否
IN0265,B6T0000000781,E3,6,12,18,4,深位,2100.0,2200.454889312305,2225.5652341398913,125.56523413989134,否
IN0495,B6T0000001491,E1,6,11,1,9,深位,13800.0,13800.0,13814.0,14.0,否
IN0495,B6T0000001491,E1,6,12,1,10,深位,13800.0,13820.999556307856,13835.324111628192,35.32411162819153,否
IN0302,B6T0000000907,E3,6,11,13,15,浅位,15960.0,15960.0,15985.408035657932,25.408035657932487,否
IN0302,B6T0000000907,E3,6,11,13,15,深位,15960.0,16001.858143459598,16027.26617911753,67.26617911753056,否
IN0396,B6T0000001204,E3,6,12,13,15,浅位,17460.0,17460.0,17485.408035657932,25.408035657932487,否
IN0396,B6T0000001204,E3,6,12,13,15,深位,17460.0,17501.858143459598,17527.26617911753,67.26617911753056,否
IN0396,B6T0000001204,E3,6,11,22,1,深位,17460.0,17543.716286919196,17569.585252436438,109.58525243643817,否
IN0396,B6T0000001204,E3,6,12,22,8,深位,17460.0,17585.70744015177,17615.233259918507,155.23325991850652,否
IN0476,B6T0000001436,E1,6,12,5,2,深位,23940.0,23940.0,23954.828427124747,14.828427124746668,否
IN0476,B6T0000001436,E1,6,11,6,2,深位,23940.0,23962.257228738446,23977.718905443904,37.71890544390408,否
IN0288,B6T0000000865,E3,6,12,12,9,浅位,26340.0,26342.242616096868,26365.197067246972,25.197067246972438,是
IN0288,B6T0000000865,E3,6,12,12,9,深位,26340.0,26436.138351621,26459.092802771105,119.0928027711052,否
IN0288,B6T0000000865,E3,6,11,15,4,浅位,26340.0,26473.4036378271,26496.445017137445,156.44501713744467,否
IN0248,B6T0000000727,E3,6,11,15,4,深位,26340.0,26510.622725901445,26533.66410521179,193.6641052117884,否
IN0248,B6T0000000727,E3,6,12,15,4,浅位,26340.0,26547.84181397579,26570.883193286132,230.88319328613215,否
IN0248,B6T0000000727,E3,6,12,15,4,深位,26340.0,26585.060902050132,26608.102281360476,268.1022813604759,否
IN0248,B6T0000000727,E3,6,12,11,44,深位,26340.0,26622.279990124476,26651.880203064706,311.8802030647057,否
IN0248,B6T0000000727,E3,6,12,16,25,深位,26340.0,26672.07278464192,26701.80381912468,361.80381912468147,否
IN0248,B6T0000000727,E3,6,11,27,3,深位,26340.0,26721.881424368014,26752.66276736246,412.6627673624607,否
IN0248,B6T0000000727,E3,6,11,9,64,浅位,26340.0,26772.76115403943,26804.126870196276,464.1268701962763,否
IN0248,B6T0000000727,E3,6,11,9,64,深位,26340.0,26825.588406759885,26856.954122916733,516.9541229167335,否
IN0248,B6T0000000727,E3,6,12,9,64,浅位,26340.0,26878.415659480343,26909.78137563719,569.7813756371906,否
IN0248,B6T0000000727,E3,6,12,9,64,深位,26340.0,26931.2429122008,26962.608628357648,622.6086283576478,否
IN0248,B6T0000000727,E3,6,11,9,65,浅位,26340.0,26984.070164921257,27015.60979412158,675.6097941215812,否
IN0512,B6T0000001536,E1,6,11,1,15,深位,29760.0,29760.0,29775.745966692415,15.745966692415095,否
IN0512,B6T0000001536,E1,6,11,4,5,深位,29760.0,29784.307163084544,29800.070801661674,40.07080166167361,否
IN0627,B6T0000001866,E1,6,11,2,10,深位,33300.0,33300.0,33315.788656935474,15.788656935474137,否
IN0627,B6T0000001866,E1,6,11,4,6,深位,33300.0,33324.273938309714,33340.46442041741,40.46442041741102,否
IN0514,B6T0000001539,E1,6,12,1,18,深位,33300.0,33349.16669467639,33365.65197605063,65.65197605062713,否
IN0514,B6T0000001539,E1,6,12,4,7,深位,33300.0,33374.87443559689,33391.45744084115,91.45744084114995,否
IN0514,B6T0000001539,E1,6,12,8,3,深位,33300.0,33400.51079846657,33417.72086677412,117.72086677412153,否
IN0162,B6T0000000471,E3,6,11,12,29,浅位,48240.0,48240.0,48267.72478076437,27.724780764372554,否
IN0162,B6T0000000471,E3,6,11,9,65,深位,48240.0,48286.302328337406,48317.841957537734,77.84195753773383,否
IN0162,B6T0000000471,E3,6,12,9,65,浅位,48240.0,48339.43682743467,48370.976456635,130.9764566349986,否
IN0162,B6T0000000471,E3,6,12,9,65,深位,48240.0,48392.571326531935,48424.11095573226,184.1109557322634,否
IN0162,B6T0000000471,E3,6,11,9,66,浅位,48240.0,48445.7058256292,48477.419367873,237.41936787300074,否
IN0162,B6T0000000471,E3,6,11,9,66,深位,48240.0,48499.147571103276,48530.86111334708,290.86111334707675,否
IN0162,B6T0000000471,E3,6,12,9,66,浅位,48240.0,48552.58931657735,48584.30285882115,344.30285882115277,否
IN0162,B6T0000000471,E3,6,12,9,66,深位,48240.0,48606.03106205143,48637.74460429523,397.7446042952288,否
IN0162,B6T0000000471,E3,6,11,9,67,浅位,48240.0,48659.472807525504,48691.360262812785,451.36026281278464,否
IN0162,B6T0000000471,E3,6,11,9,67,深位,48240.0,48713.22179937639,48745.10925466367,505.1092546636719,否
IN0162,B6T0000000471,E3,6,12,9,67,浅位,48240.0,48766.970791227286,48798.85824651457,558.8582465145664,否
IN0162,B6T0000000471,E3,6,12,9,67,深位,48240.0,48820.71978307818,48852.60723836546,612.607238365461,否
IN0162,B6T0000000471,E3,6,11,9,68,浅位,48240.0,48874.468774929075,48906.530143259835,666.5301432598353,否
IN0162,B6T0000000471,E3,6,11,9,68,深位,48240.0,48928.52501315678,48960.58638148754,720.5863814875411,否
IN0162,B6T0000000471,E3,6,12,9,68,浅位,48240.0,48982.58125138449,49014.64261971525,774.6426197152468,否
IN0162,B6T0000000471,E3,6,12,9,68,深位,48240.0,49036.63748961219,49068.69885794295,828.6988579429526,否
IN0162,B6T0000000471,E3,6,11,10,63,浅位,48240.0,49090.6937278399,49122.78108109868,882.7810810986775,否
IN0162,B6T0000000471,E3,6,11,10,63,深位,48240.0,49144.84049796073,49176.92785121951,936.9278512195087,否
IN0162,B6T0000000471,E3,6,12,10,63,浅位,48240.0,49198.98726808156,49231.07462134034,991.07462134034,否
IN0162,B6T0000000471,E3,6,12,10,63,深位,48240.0,49253.13403820239,49285.22139146117,1045.2213914611712,否
IN0162,B6T0000000471,E3,6,11,10,64,浅位,48240.0,49307.28080832322,49339.54207462548,1099.5420746254822,否
IN0162,B6T0000000471,E3,6,11,10,64,深位,48240.0,49361.734824820865,49393.996091123125,1153.9960911231246,否
IN0162,B6T0000000471,E3,6,12,10,64,浅位,48240.0,49416.18884131851,49448.45010762077,1208.450107620767,否
IN0162,B6T0000000471,E3,6,12,10,64,深位,48240.0,49470.64285781615,49502.90412411841,1262.9041241184095,否
IN0162,B6T0000000471,E3,6,11,26,8,深位,48240.0,49525.09687431379,49557.38131477018,1317.3813147701803,否
IN0162,B6T0000000471,E3,6,11,10,65,浅位,48240.0,49578.907625693115,49611.34280503885,1371.3428050388466,否
IN0162,B6T0000000471,E3,6,11,10,65,深位,48240.0,49633.66888856757,49666.1040679133,1426.1040679133002,否
IN0162,B6T0000000471,E3,6,12,10,65,浅位,48240.0,49688.43015144202,49720.865330787754,1480.865330787754,否
IN0162,B6T0000000471,E3,6,12,10,65,深位,48240.0,49743.191414316476,49775.62659366221,1535.6265936622076,否
IN0162,B6T0000000471,E3,6,12,28,5,深位,48240.0,49797.95267719093,49830.43170969765,1590.431709697652,否
IN0162,B6T0000000471,E3,6,11,11,61,浅位,48240.0,49851.965043030985,49884.521777710346,1644.5217777103462,否
IN0162,B6T0000000471,E3,6,11,11,61,深位,48240.0,49906.98177504154,49939.5385097209,1699.5385097209,否
IN0162,B6T0000000471,E3,6,12,11,61,浅位,48240.0,49961.99850705209,49994.555241731454,1754.5552417314539,否
IN0162,B6T0000000471,E3,6,12,11,61,深位,48240.0,50017.015239062646,50049.57197374201,1809.5719737420077,否
IN0162,B6T0000000471,E3,6,12,17,37,深位,48240.0,50072.0319710732,50104.637443337066,1864.6374433370656,否
IN0162,B6T0000000471,E3,6,11,10,66,浅位,48240.0,50127.18528641072,50159.79437879993,1919.794378799932,否
IN0162,B6T0000000471,E3,6,11,10,66,深位,48240.0,50182.253795661985,50214.8628880512,1974.862888051197,否
IN0162,B6T0000000471,E3,6,12,10,66,浅位,48240.0,50237.32230491325,50269.93139730246,2029.9313973024618,否
IN0162,B6T0000000471,E3,6,12,10,66,深位,48240.0,50292.390814164515,50324.99990655373,2084.9999065537268,否
IN0473,B6T0000001426,E1,6,12,1,26,浅位,51180.0,51180.0,51198.198039027186,18.198039027185587,否
IN0473,B6T0000001426,E1,6,12,1,26,深位,51180.0,51208.95243558983,51227.15047461702,47.15047461701761,否
IN0489,B6T0000001474,E1,6,11,8,5,深位,53160.0,53160.0,53178.21810264741,18.218102647413616,否
IN0489,B6T0000001474,E1,6,12,3,15,深位,53160.0,53188.54265796775,53206.760760615165,46.760760615165054,否
IN0489,B6T0000001474,E1,6,11,4,13,深位,53160.0,53217.34044756214,53235.8430527352,75.84305273520295,否
IN0552,B6T0000001648,E1,6,12,1,28,深位,53760.0,53760.0,53778.58300524426,18.583005244261585,否
IN0552,B6T0000001648,E1,6,11,3,17,深位,53760.0,53789.681726059076,53808.40007326531,48.40007326530758,否
IN0552,B6T0000001648,E1,6,11,1,30,深位,53760.0,53819.427192547846,53838.38164369795,78.38164369794686,否
IN0552,B6T0000001648,E1,6,12,7,9,深位,53760.0,53849.81259583094,53869.02369838187,109.0236983818686,否
IN0552,B6T0000001648,E1,6,12,8,8,深位,53760.0,53880.27810210542,53899.68092304732,139.68092304732272,否
IN0552,B6T0000001648,E1,6,11,8,9,深位,53760.0,53911.06512262393,53930.81108931634,170.81108931633935,否
IN0552,B6T0000001648,E1,6,12,3,22,深位,53760.0,53942.50220778268,53962.355175257326,202.35517525732575,否
IN0552,B6T0000001648,E1,6,12,5,16,深位,53760.0,53974.39712975939,53994.39712975939,234.39712975938892,否
IN0552,B6T0000001648,E1,6,11,8,10,深位,53760.0,54006.45152677295,54026.5220487857,266.52204878570046,否
IN0552,B6T0000001648,E1,6,11,4,20,深位,53760.0,54038.50345835553,54058.73923288766,298.73923288765945,否
IN0552,B6T0000001648,E1,6,11,2,30,浅位,53760.0,54071.059726686595,54091.47827945184,331.4782794518396,否
IN0305,B6T0000000924,E3,6,12,12,6,浅位,55980.0,55980.0,56001.85343063567,21.853430635666882,否
IN0305,B6T0000000924,E3,6,12,12,6,深位,55980.0,56015.17948300571,56037.03291364138,57.0329136413784,否
IN0305,B6T0000000924,E3,6,11,11,62,浅位,55980.0,56050.35896601142,56083.089613734264,103.08961373426428,否
IN0305,B6T0000000924,E3,6,11,11,62,深位,55980.0,56105.682944398795,56138.41359212164,158.4135921216366,是
IN0014,B6T0000000043,E4,6,11,45,3,浅位,59340.0,59340.0,59383.626170580654,43.62617058065371,否
IN0014,B6T0000000043,E4,6,11,45,3,深位,59340.0,59413.657890590956,59457.28406117161,117.28406117160921,否
IN0014,B6T0000000043,E4,6,12,45,3,浅位,59340.0,59487.31578118191,59530.941951762565,190.9419517625647,否
IN0014,B6T0000000043,E4,6,12,45,3,深位,59340.0,59560.97367177287,59604.59984235352,264.5998423535202,否
IN0014,B6T0000000043,E4,6,11,43,20,深位,59340.0,59634.63156236382,59682.01376530831,342.0137653083075,否
IN0014,B6T0000000043,E4,6,11,48,9,深位,59340.0,59715.613765308306,59764.362041170374,424.36204117037414,否
IN0014,B6T0000000043,E4,6,12,43,27,深位,59340.0,59798.66193764971,59847.49217352961,507.4921735296084,否
IN0014,B6T0000000043,E4,6,12,47,19,深位,59340.0,59882.3873335605,59932.99133834414,592.9913383441381,否
IN0014,B6T0000000043,E4,6,12,48,16,深位,59340.0,59969.05544048665,60019.80371634872,679.803716348717,否
IN0014,B6T0000000043,E4,6,12,44,34,深位,59340.0,60055.89246721005,60106.85551068831,766.8555106883068,否
IN0014,B6T0000000043,E4,6,11,43,43,深位,59340.0,60143.5529012033,60195.21909310735,855.2190931073492,否
IN0014,B6T0000000043,E4,6,11,43,49,浅位,59340.0,60232.54939574624,60285.25906591116,945.2590659111593,否
IN0569,B6T0000001688,E1,6,11,5,2,浅位,60240.0,60323.39239924449,60338.22082636924,98.22082636923733,否
IN0569,B6T0000001688,E1,6,11,5,2,深位,60240.0,60345.64962798294,60360.478055107684,120.47805510768376,否
IN0569,B6T0000001688,E1,6,11,8,1,浅位,60240.0,60367.90685672138,60383.652823413795,143.65282341379498,否
IN0569,B6T0000001688,E1,6,11,8,1,深位,60240.0,60391.766233116134,60407.512199808545,167.51219980854512,否
IN0569,B6T0000001688,E1,6,12,8,1,浅位,60240.0,60415.625609510884,60431.371576203295,191.37157620329526,否
IN0014,B6T0000000043,E4,6,11,43,49,深位,59340.0,60439.484985905634,60492.194656070555,1152.1946560705546,否
IN0014,B6T0000000043,E4,6,12,43,49,浅位,59340.0,60530.327989403886,60583.03765956881,1243.0376595688067,否
IN0014,B6T0000000043,E4,6,12,43,49,深位,59340.0,60621.17099290214,60673.88066306706,1333.8806630670588,否
IN0014,B6T0000000043,E4,6,11,43,50,浅位,59340.0,60712.01399640039,60764.89757960878,1424.8975796087834,否
IN0014,B6T0000000043,E4,6,11,43,50,深位,59340.0,60803.16424627545,60856.04782948385,1516.0478294838467,否
IN0228,B6T0000000664,E3,6,11,9,10,浅位,82440.0,82440.0,82460.80983669458,20.809836694577825,否
IN0228,B6T0000000664,E3,6,11,9,10,深位,82440.0,82473.39489417434,82494.20473086892,54.204730868921615,否
IN0130,B6T0000000388,E3,6,12,9,10,浅位,82860.0,82860.0,82880.80983669458,20.809836694577825,否
IN0130,B6T0000000388,E3,6,12,9,10,深位,82860.0,82893.39489417434,82914.20473086892,54.204730868921615,否
IN0130,B6T0000000388,E3,6,12,11,62,浅位,82860.0,82926.78978834869,82959.52043607153,99.52043607152882,否
IN0130,B6T0000000388,E3,6,12,11,62,深位,82860.0,82982.11376673606,83014.8444144589,154.84441445890116,否
IN0130,B6T0000000388,E3,6,11,18,34,深位,82860.0,83037.43774512343,83070.21113342929,210.21113342928584,否
IN0130,B6T0000000388,E3,6,11,10,67,浅位,82860.0,83092.8418572776,83125.62486271029,265.6248627102905,否
IN0130,B6T0000000388,E3,6,11,10,67,深位,82860.0,83148.21761290568,83181.00061833837,321.0006183383666,否
IN0468,B6T0000001409,E1,6,11,5,12,浅位,85200.0,85200.0,85218.92820323027,18.92820323027263,否
IN0468,B6T0000001409,E1,6,11,5,12,深位,85200.0,85230.02395606978,85248.95215930005,48.95215930005361,否
IN0468,B6T0000001409,E1,6,12,5,12,浅位,85200.0,85260.04791213956,85278.97611536983,78.97611536983459,否
IN0468,B6T0000001409,E1,6,12,5,12,深位,85200.0,85290.07186820934,85309.00007143962,109.00007143961557,否
IN0468,B6T0000001409,E1,6,11,2,30,深位,85200.0,85320.09582427912,85340.51437704437,140.5143770443683,否
IN0468,B6T0000001409,E1,6,12,2,30,浅位,85200.0,85353.14076314024,85373.55931590548,173.55931590548425,否
IN0468,B6T0000001409,E1,6,12,5,18,深位,85200.0,85386.18570200136,85406.67098337559,206.67098337558855,否
IN0468,B6T0000001409,E1,6,12,5,19,深位,85200.0,85419.15942924557,85439.87722713265,239.8772271326452,否
IN0468,B6T0000001409,E1,6,11,8,13,深位,85200.0,85452.57364209407,85473.53071133741,273.5307113374147,否
IN0468,B6T0000001409,E1,6,11,4,24,浅位,85200.0,85486.30507285638,85507.39453444965,307.394534449646,否
IN0468,B6T0000001409,E1,6,11,4,24,深位,85200.0,85520.47858916866,85541.56805076193,341.5680507619254,否
IN0468,B6T0000001409,E1,6,12,4,24,浅位,85200.0,85554.65210548094,85575.7415670742,375.7415670742048,否
IN0468,B6T0000001409,E1,6,12,4,24,深位,85200.0,85588.82562179322,85609.91508338648,409.9150833864842,否
IN0468,B6T0000001409,E1,6,11,4,29,深位,85200.0,85622.9991381055,85645.0609703419,445.06097034190316,否
IN0347,B6T0000001070,E3,6,11,15,4,深位,91680.0,91680.0,91703.04137931035,23.04137931035075,否
IN0347,B6T0000001070,E3,6,12,15,4,浅位,91680.0,91717.21908807434,91740.2604673847,60.26046738469449,否
IN0169,B6T0000000493,E3,6,12,15,4,深位,95820.0,95820.0,95843.04137931035,23.04137931035075,否
IN0169,B6T0000000493,E3,6,11,13,24,浅位,95820.0,95857.21908807434,95884.679116011,64.67911601100059,否
IN0169,B6T0000000493,E3,6,11,13,24,深位,95820.0,95902.96458150247,95930.42460943913,110.42460943912738,否
IN0290,B6T0000000867,E3,6,12,11,3,深位,100440.0,100440.0,100459.66214064232,19.6621406423219,否
IN0290,B6T0000000867,E3,6,11,11,4,深位,100440.0,100471.08719131716,100491.28523034434,51.285230344336014,否
IN0251,B6T0000000740,E3,6,11,12,9,深位,102360.0,102360.0,102382.9544511501,22.954451150100795,否
IN0251,B6T0000000740,E3,6,12,13,24,浅位,102360.0,102397.26528620611,102424.72531414276,64.72531414276455,否
IN0251,B6T0000000740,E3,6,12,13,24,深位,102360.0,102443.01077963423,102470.47080757089,110.47080757089134,否
IN0251,B6T0000000740,E3,6,11,26,7,浅位,102360.0,102488.75627306236,102520.6753618914,160.67536189139355,否
IN0103,B6T0000000292,E4,6,11,44,1,浅位,110760.0,110760.0,110801.3,41.30000000000291,否
IN0103,B6T0000000292,E4,6,11,44,1,深位,110760.0,110829.35552104867,110870.65552104867,110.65552104866947,否
IN0103,B6T0000000292,E4,6,12,44,1,浅位,110760.0,110898.71104209733,110940.01104209734,180.01104209733603,否
IN0103,B6T0000000292,E4,6,12,44,1,深位,110760.0,110968.066563146,111009.366563146,249.3665631460026,否
IN0103,B6T0000000292,E4,6,12,43,43,浅位,110760.0,111037.42208419467,111089.08827609872,329.08827609871514,否
IN0103,B6T0000000292,E4,6,12,43,43,深位,110760.0,111126.4185787376,111178.08477064165,418.08477064165345,否
IN0103,B6T0000000292,E4,6,12,43,50,浅位,110760.0,111215.41507328054,111268.29865648894,508.2986564889434,否
IN0103,B6T0000000292,E4,6,12,43,50,深位,110760.0,111306.5653231556,111359.448906364,599.4489063640067,否
IN0103,B6T0000000292,E4,6,11,43,51,浅位,110760.0,111397.71557303067,111450.77306928254,690.7730692825426,否
IN0103,B6T0000000292,E4,6,11,43,51,深位,110760.0,111489.17306928254,111542.23056553441,782.2305655344098,是
IN0103,B6T0000000292,E4,6,12,43,51,浅位,110760.0,111600.57416730064,111653.63166355251,893.6316635525145,是
IN0103,B6T0000000292,E4,6,12,43,51,深位,110760.0,111711.97526531875,111765.03276157062,1005.0327615706192,是
IN0348,B6T0000001080,E3,6,12,11,1,浅位,124080.0,124080.0,124098.19803902718,18.19803902717831,否
IN0348,B6T0000001080,E3,6,12,11,1,深位,124080.0,124108.31355740705,124126.51159643423,46.511596434225794,否
IN0348,B6T0000001080,E3,6,11,19,17,浅位,124080.0,124136.6271148141,124166.67332606533,86.67332606532727,否
IN0348,B6T0000001080,E3,6,11,19,17,深位,124080.0,124186.7822949645,124216.82850621574,136.82850621573743,否
IN0348,B6T0000001080,E3,6,12,19,17,浅位,124080.0,124236.93747511492,124266.98368636615,186.9836863661476,否
IN0348,B6T0000001080,E3,6,12,19,17,深位,124080.0,124287.09265526533,124317.13886651656,237.13886651655775,否
IN0348,B6T0000001080,E3,6,11,26,7,深位,124080.0,124337.24783541574,124369.16692424477,289.16692424476787,否
IN0348,B6T0000001080,E3,6,12,26,7,浅位,124080.0,124390.3664547379,124422.28554356693,342.2855435669335,否
IN0348,B6T0000001080,E3,6,12,26,7,深位,124080.0,124443.48507406007,124475.4041628891,395.4041628890991,否
IN0348,B6T0000001080,E3,6,12,10,67,浅位,124080.0,124496.60369338223,124529.38669881492,449.3866988149239,否
IN0348,B6T0000001080,E3,6,12,10,67,深位,124080.0,124551.97944901031,124584.762454443,504.762454443,否
IN0430,B6T0000001308,E3,6,11,11,63,浅位,124080.0,124607.35520463838,124640.2597654047,560.2597654046986,否
IN0430,B6T0000001308,E3,6,11,11,63,深位,124080.0,124662.98642940256,124695.89099016887,615.8909901688749,否
IN0430,B6T0000001308,E3,6,12,11,63,浅位,124080.0,124718.61765416674,124751.52221493305,671.5222149330511,否
IN0236,B6T0000000689,E3,6,11,17,6,浅位,131580.0,131580.0,131605.31966914074,25.31966914073564,否
IN0236,B6T0000000689,E3,6,11,17,6,深位,131580.0,131621.36811626743,131646.68778540817,66.68778540816857,否
IN0236,B6T0000000689,E3,6,12,17,6,浅位,131580.0,131662.73623253487,131688.0559016756,108.05590167560149,否
IN0441,B6T0000001339,E1,6,11,2,2,浅位,134280.0,134280.0,134292.2925287399,12.292528739897534,否
IN0441,B6T0000001339,E1,6,11,1,16,浅位,134280.0,134297.65077799276,134313.65077799276,33.650777992763324,否
IN0293,B6T0000000880,E3,6,12,17,6,深位,135600.0,135600.0,135625.31966914074,25.31966914073564,否
IN0293,B6T0000000880,E3,6,12,11,63,深位,135600.0,135641.36811626743,135674.27267703376,74.27267703376128,否
IN0293,B6T0000000880,E3,6,11,10,68,浅位,135600.0,135696.99934103162,135729.9562595078,129.95625950780232,否
IN0572,B6T0000001698,E1,6,11,1,16,深位,139920.0,139920.0,139936.0,16.0,否
IN0572,B6T0000001698,E1,6,11,8,5,深位,139920.0,139944.78841068986,139963.00651333728,43.00651333728456,否
IN0572,B6T0000001698,E1,6,12,3,15,深位,139920.0,139973.3310686576,139991.54917130503,71.54917130502872,否
IN0572,B6T0000001698,E1,6,11,8,18,深位,139920.0,140002.128858252,140024.36010631864,104.3601063186361,否
IN0572,B6T0000001698,E1,6,12,4,30,深位,139920.0,140038.2741280234,140060.52008179564,140.52008179563563,否
IN0572,B6T0000001698,E1,6,12,5,28,深位,139920.0,140074.6385345657,140097.22153980995,177.22153980995063,否
IN0572,B6T0000001698,E1,6,11,1,53,深位,139920.0,140111.5862469485,140134.55363825284,214.55363825283712,否
IN0572,B6T0000001698,E1,6,12,8,23,深位,139920.0,140149.25329808134,140172.5909278204,252.5909278203908,否
IN0572,B6T0000001698,E1,6,11,6,29,深位,139920.0,140187.49452737652,140210.8981065715,290.89810657149064,否
IN0572,B6T0000001698,E1,6,12,3,42,深位,139920.0,140225.94740783764,140249.47389161872,329.4738916187198,否
IN0572,B6T0000001698,E1,6,11,2,50,深位,139920.0,140264.71847673238,140288.62823052143,368.6282305214263,否
IN0572,B6T0000001698,E1,6,11,7,29,深位,139920.0,140304.12332431285,140328.10475647805,408.1047564780456,否
IN0572,B6T0000001698,E1,6,11,1,59,浅位,139920.0,140343.62587271864,140367.63674228385,447.6367422838521,否
IN0572,B6T0000001698,E1,6,11,1,59,深位,139920.0,140383.13640211237,140407.1472716776,487.14727167758974,否
IN0572,B6T0000001698,E1,6,12,1,59,浅位,139920.0,140422.6469315061,140446.65780107133,526.6578010713274,否
IN0572,B6T0000001698,E1,6,12,1,59,深位,139920.0,140462.15746089985,140486.16833046507,566.1683304650651,否
IN0572,B6T0000001698,E1,6,12,3,45,深位,139920.0,140501.6679902936,140525.7162132051,605.7162132051017,否
IN0572,B6T0000001698,E1,6,11,1,60,浅位,139920.0,140541.3676969218,140565.5524795305,645.55247953051,否
IN0572,B6T0000001698,E1,6,11,1,60,深位,139920.0,140581.18547269236,140605.37025530107,685.3702553010662,是
IN0572,B6T0000001698,E1,6,12,5,31,浅位,139920.0,140642.75786184327,140665.89339056893,745.8933905689337,是
IN0572,B6T0000001698,E1,6,12,5,31,深位,139920.0,140689.0289192946,140712.16444802025,792.1644480202522,否
IN0572,B6T0000001698,E1,6,12,1,60,浅位,139920.0,140727.0233471842,140751.2081297929,831.2081297929108,否
IN0572,B6T0000001698,E1,6,12,1,60,深位,139920.0,140766.84112295476,140791.02590556347,871.025905563467,否
IN0572,B6T0000001698,E1,6,11,1,61,浅位,139920.0,140806.65889872532,140831.01759437748,911.0175943774811,否
IN0572,B6T0000001698,E1,6,11,1,61,深位,139920.0,140846.7839208727,140871.14261652486,951.1426165248558,否
IN0572,B6T0000001698,E1,6,12,1,61,浅位,139920.0,140886.90894302007,140911.26763867223,991.2676386722305,否
IN0572,B6T0000001698,E1,6,12,1,61,深位,139920.0,140927.03396516744,140951.3926608196,1031.3926608196052,否
IN0572,B6T0000001698,E1,6,11,1,62,浅位,139920.0,140967.15898731482,140991.69159601047,1071.691596010467,否
IN0572,B6T0000001698,E1,6,11,1,62,深位,139920.0,141007.59125583898,141032.12386453463,1112.1238645346311,否
IN0572,B6T0000001698,E1,6,12,1,62,浅位,139920.0,141048.02352436315,141072.5561330588,1152.5561330587952,否
IN0537,B6T0000001594,E1,6,11,3,3,浅位,175560.0,175586.57341455057,175600.5096521207,40.5096521207015,是
IN0537,B6T0000001594,E1,6,11,3,3,深位,175560.0,175640.038639838,175653.97487740812,93.97487740812358,是
IN0537,B6T0000001594,E1,6,12,3,3,浅位,175560.0,175693.5038651254,175707.44010269555,147.44010269554565,否
IN0537,B6T0000001594,E1,6,12,3,3,深位,175560.0,175714.18997308923,175728.12621065936,168.126210659364,否
IN0537,B6T0000001594,E1,6,12,11,12,浅位,175560.0,175734.87608105305,175758.0023233105,198.0023233105021,否
IN0537,B6T0000001594,E1,6,12,11,12,深位,175560.0,175772.5257606623,175795.65200291976,235.65200291975634,否
IN0537,B6T0000001594,E1,6,11,15,5,浅位,175560.0,175810.17544027156,175833.6889555369,273.688955536898,否
IN0209,B6T0000000613,E3,6,11,15,5,深位,189300.0,189300.0,189323.51351526534,23.513515265338356,否
IN0209,B6T0000000613,E3,6,12,15,5,浅位,189300.0,189338.11351526534,189361.62703053068,61.62703053068253,否
IN0209,B6T0000000613,E3,6,12,15,5,深位,189300.0,189376.2270305307,189399.74054579603,99.74054579602671,否
IN0213,B6T0000000619,E3,6,11,15,1,浅位,199200.0,199200.0,199221.04137931034,21.041379310336197,否
IN0213,B6T0000000619,E3,6,11,15,1,深位,199200.0,199233.43023369234,199254.47161300268,54.47161300267908,否
IN0213,B6T0000000619,E3,6,11,9,27,浅位,199200.0,199266.8604673847,199291.73805360435,91.73805360434926,否
IN0213,B6T0000000619,E3,6,11,9,27,深位,199200.0,199307.96141686552,199332.8390030852,132.83900308518787,否
IN0213,B6T0000000619,E3,6,12,9,27,浅位,199200.0,199349.06236634636,199373.93995256603,173.93995256602648,否
IN0213,B6T0000000619,E3,6,11,14,14,浅位,199200.0,199390.1633158272,199415.9983547387,215.99835473869462,否
IN0213,B6T0000000619,E3,6,11,14,14,深位,199200.0,199432.7583016176,199458.5933405291,258.5933405290998,否
IN0194,B6T0000000566,E3,6,12,12,9,浅位,201360.0,201360.0,201382.95445115012,22.954451150115347,是
IN0194,B6T0000000566,E3,6,12,12,9,深位,201360.0,201427.06894233063,201450.02339348075,90.02339348074747,是
IN0194,B6T0000000566,E3,6,11,15,4,浅位,201360.0,201494.13788466126,201517.1792639716,157.17926397160045,否
IN0194,B6T0000000566,E3,6,12,14,14,浅位,201360.0,201531.3569727356,201557.1920116471,197.19201164710103,否
IN0496,B6T0000001493,E1,6,11,2,7,浅位,203160.0,203160.0,203174.75560423726,14.755604237259831,否
IN0496,B6T0000001493,E1,6,11,2,7,深位,203160.0,203182.3168951885,203197.07249942576,37.072499425761634,否
IN0496,B6T0000001493,E1,6,12,2,7,浅位,203160.0,203204.633790377,203219.38939461426,59.38939461426344,否
IN0061,B6T0000000164,E4,6,11,44,23,浅位,209580.0,209580.0,209628.8916630466,48.89166304661194,否
IN0061,B6T0000000164,E4,6,11,44,47,浅位,209580.0,209663.73737394912,209716.9612869926,136.96128699259134,否
IN0061,B6T0000000164,E4,6,11,44,47,深位,209580.0,209755.49462032592,209808.7185333694,228.7185333693924,否
IN0600,B6T0000001778,E1,6,12,2,7,深位,212340.0,212340.0,212354.75560423726,14.755604237259831,否
IN0600,B6T0000001778,E1,6,11,4,4,浅位,212340.0,212362.3168951885,212377.60839781063,37.608397810632596,否
IN0600,B6T0000001778,E1,6,11,4,4,深位,212340.0,212385.50660037357,212400.7981029957,60.7981029957009,否
IN0615,B6T0000001823,E1,6,12,4,4,浅位,224280.0,224280.0,224295.29150262213,15.291502622130793,否
IN0615,B6T0000001823,E1,6,12,4,4,深位,224280.0,224303.18970518507,224318.4812078072,38.4812078071991,否
IN0615,B6T0000001823,E1,6,11,2,13,浅位,224280.0,224326.37941037014,224343.0546145362,63.05461453620228,否
IN0615,B6T0000001823,E1,6,11,2,13,深位,224280.0,224352.3328478596,224369.00805202566,89.00805202565971,否
IN0615,B6T0000001823,E1,6,12,2,13,浅位,224280.0,224378.28628534905,224394.96148951512,114.96148951511714,否
IN0615,B6T0000001823,E1,6,12,2,13,深位,224280.0,224404.2397228385,224420.91492700457,140.91492700457457,否
IN0615,B6T0000001823,E1,6,12,1,19,浅位,224280.0,224430.19316032797,224446.91095821504,166.91095821504132,否
IN0615,B6T0000001823,E1,6,12,1,19,深位,224280.0,224456.34138685276,224473.05918473983,193.05918473983184,否
IN0615,B6T0000001823,E1,6,12,1,62,深位,224280.0,224482.48961337755,224507.0222220732,227.02222207319573,否
IN0238,B6T0000000694,E3,6,11,9,10,浅位,225300.0,225306.78978834866,225327.59962504322,27.59962504322175,否
IN0238,B6T0000000694,E3,6,11,9,10,深位,225300.0,225340.184682523,225360.99451921755,60.99451921755099,否
IN0238,B6T0000000694,E3,6,11,16,8,浅位,225300.0,225373.57957669732,225398.96746542957,98.9674654295668,否
IN0163,B6T0000000476,E3,6,11,16,8,深位,231000.0,231000.0,231025.38788873225,25.38788873224985,否
IN0163,B6T0000000476,E3,6,12,16,8,浅位,231000.0,231041.58086632186,231066.9687550541,66.96875505411299,否
IN0351,B6T0000001087,E3,6,12,16,8,深位,231060.0,231083.16173264373,231108.54962137598,48.54962137597613,否
IN0351,B6T0000001087,E3,6,12,14,14,深位,231060.0,231124.7425989656,231150.57763787708,90.57763787708245,否
IN0351,B6T0000001087,E3,6,12,9,38,浅位,231060.0,231167.337584756,231194.1815617824,134.18156178240315,否
IN0174,B6T0000000505,E3,6,12,9,38,深位,255360.0,255360.0,255386.8439770264,26.843977026408538,否
IN0174,B6T0000000505,E3,6,11,21,6,浅位,255360.0,255404.79941925837,255432.87770908876,72.87770908875973,否
IN0173,B6T0000000504,E3,6,11,20,12,浅位,257100.0,257100.0,257129.41785840268,29.417858402681304,否
IN0173,B6T0000000504,E3,6,11,20,12,深位,257100.0,257148.88129842328,257178.29915682596,78.29915682596038,否
IN0173,B6T0000000504,E3,6,12,20,12,浅位,257100.0,257197.76259684656,257227.18045524924,127.18045524923946,否
IN0173,B6T0000000504,E3,6,12,20,12,深位,257100.0,257246.64389526984,257276.06175367252,176.06175367251853,否
IN0173,B6T0000000504,E3,6,11,21,11,浅位,257100.0,257295.52519369312,257325.33775361866,225.33775361865992,否
IN0173,B6T0000000504,E3,6,11,21,11,深位,257100.0,257345.07071240834,257374.8832723339,274.88327233388554,否
IN0173,B6T0000000504,E3,6,12,21,11,浅位,257100.0,257394.61623112357,257424.4287910491,324.42879104911117,否
IN0173,B6T0000000504,E3,6,11,10,68,深位,257100.0,257444.1617498388,257477.11866831497,377.1186683149717,否
IN0119,B6T0000000337,E3,6,11,10,10,浅位,259200.0,259200.0,259221.70538683998,21.705386839981657,否
IN0119,B6T0000000337,E3,6,11,10,10,深位,259200.0,259235.02165795153,259256.7270447915,56.72704479150707,否
IN0119,B6T0000000337,E3,6,12,10,10,浅位,259200.0,259270.04331590305,259291.74870274303,91.74870274303248,否
IN0119,B6T0000000337,E3,6,12,10,68,浅位,259200.0,259305.06497385458,259338.02189233075,138.02189233075478,是
IN0119,B6T0000000337,E3,6,11,18,18,浅位,259200.0,259389.52178950628,259419.1174157081,219.11741570811137,是
IN0119,B6T0000000337,E3,6,11,18,18,深位,259200.0,259448.71304190994,259478.30866811177,278.3086681117711,否
IN0108,B6T0000000316,E4,6,11,43,3,浅位,263700.0,263700.0,263741.9020326496,41.90203264961019,否
IN0108,B6T0000000316,E4,6,11,43,3,深位,263700.0,263770.60041932657,263812.5024519762,112.50245197617915,否
IN0108,B6T0000000316,E4,6,12,43,3,浅位,263700.0,263841.20083865314,263883.10287130275,183.1028713027481,否
IN0108,B6T0000000316,E4,6,12,43,3,深位,263700.0,263911.8012579797,263953.7032906293,253.70329062931705,否
IN0022,B6T0000000065,E4,6,12,44,47,浅位,263760.0,263982.4016773063,264035.6255903498,275.6255903497804,否
IN0022,B6T0000000065,E4,6,12,44,47,深位,263760.0,264074.1589236831,264127.3828367266,367.38283672661055,否
IN0022,B6T0000000065,E4,6,11,43,52,浅位,263760.0,264165.91617005994,264219.1475793553,459.1475793552818,否
IN0231,B6T0000000676,E3,6,11,14,2,浅位,265860.0,265860.0,265881.18015126267,21.180151262669824,否
IN0231,B6T0000000676,E3,6,11,14,2,深位,265860.0,265893.7766400575,265914.9567913202,54.9567913201754,否
IN0372,B6T0000001134,E3,6,12,14,2,浅位,266520.0,266520.0,266541.18015126267,21.180151262669824,否
IN0372,B6T0000001134,E3,6,12,14,2,深位,266520.0,266553.7766400575,266574.9567913202,54.9567913201754,否
IN0372,B6T0000001134,E3,6,12,10,10,深位,266520.0,266587.553280115,266609.258666955,89.2586669549928,否
IN0372,B6T0000001134,E3,6,11,16,8,深位,266520.0,266622.57493806654,266647.9628267988,127.96282679878641,否
IN0372,B6T0000001134,E3,6,12,16,8,浅位,266520.0,266664.1558043884,266689.54369312065,169.54369312064955,否
IN0372,B6T0000001134,E3,6,11,16,34,浅位,266520.0,266705.73667071026,266737.1307486713,217.1307486713049,否
IN0372,B6T0000001134,E3,6,12,10,68,深位,266520.0,266758.69480585295,266791.6517243291,271.65172432910185,否
IN0372,B6T0000001134,E3,6,11,11,64,浅位,266520.0,266814.3778078578,266847.45628166763,327.45628166763345,否
IN0540,B6T0000001605,E1,6,11,4,2,浅位,279780.0,279780.0,279794.1199297469,14.119929746899288,否
IN0540,B6T0000001605,E1,6,12,1,15,浅位,279780.0,279800.97024567396,279816.71621236636,36.71621236635838,否
IN0540,B6T0000001605,E1,6,12,1,15,深位,279780.0,279825.2774087585,279841.0233754509,61.023375450924505,否
IN0540,B6T0000001605,E1,6,12,8,1,深位,279780.0,279849.5845718431,279865.3305385355,85.33053853549063,否
IN0424,B6T0000001296,E3,6,12,12,9,浅位,288000.0,288000.0,288022.9544511501,22.954451150086243,是
IN0424,B6T0000001296,E3,6,12,12,9,深位,288000.0,288076.6096235639,288099.56407471397,99.5640747139696,是
IN0138,B6T0000000411,E3,6,11,15,4,浅位,288060.0,288153.21924712777,288176.26062643813,116.26062643813202,否
IN0138,B6T0000000411,E3,6,12,13,15,浅位,288060.0,288190.4383352021,288215.84637086006,155.84637086006114,否
IN0138,B6T0000000411,E3,6,12,13,15,深位,288060.0,288232.2964786617,288257.70451431966,197.7045143196592,否
IN0138,B6T0000000411,E3,6,11,22,1,深位,288060.0,288274.1546221213,288300.02358763857,240.02358763857046,否
IN0138,B6T0000000411,E3,6,11,11,64,深位,288060.0,288316.1457753539,288349.2242491637,289.22424916370073,否
IN0138,B6T0000000411,E3,6,12,11,64,浅位,288060.0,288372.08424649487,288405.1627203047,345.162720304681,否
IN0138,B6T0000000411,E3,6,12,11,64,深位,288060.0,288428.02271763585,288461.10119144566,401.10119144566124,否
IN0138,B6T0000000411,E3,6,11,12,60,浅位,288060.0,288483.9611887768,288517.1004225356,457.1004225356155,否
IN0138,B6T0000000411,E3,6,11,12,60,深位,288060.0,288540.0446944456,288573.1839282044,513.1839282044093,否
IN0138,B6T0000000411,E3,6,12,12,60,浅位,288060.0,288596.1282001144,288629.2674338732,569.2674338732031,否
IN0138,B6T0000000411,E3,6,12,12,60,深位,288060.0,288652.2117057832,288685.350939542,625.3509395419969,否
IN0138,B6T0000000411,E3,6,11,11,65,浅位,288060.0,288708.295211452,288741.5475983053,681.5475983052747,否
IN0138,B6T0000000411,E3,6,11,11,65,深位,288060.0,288764.5409289698,288797.7933158231,737.7933158230735,否
IN0138,B6T0000000411,E3,6,12,11,65,浅位,288060.0,288820.7866464876,288854.0390333409,794.0390333408723,否
IN0138,B6T0000000411,E3,6,12,11,65,深位,288060.0,288877.0323640054,288910.2847508587,850.284750858671,否
IN0138,B6T0000000411,E3,6,11,12,61,浅位,288060.0,288933.2780815232,288966.5912283255,906.591228325502,否
IN0138,B6T0000000411,E3,6,11,12,61,深位,288060.0,288989.6688335688,289022.9819803711,962.9819803711143,否
IN0138,B6T0000000411,E3,6,12,12,61,浅位,288060.0,289046.0595856144,289079.3727324167,1019.3727324167266,否
IN0138,B6T0000000411,E3,6,12,12,61,深位,288060.0,289102.45033766003,289135.76348446234,1075.763484462339,否
IN0138,B6T0000000411,E3,6,11,11,66,浅位,288060.0,289158.84108970565,289192.2673896024,1132.267389602377,否
IN0138,B6T0000000411,E3,6,11,11,66,深位,288060.0,289215.39405360026,289248.820353497,1188.8203534969944,否
IN0138,B6T0000000411,E3,6,12,11,66,浅位,288060.0,289271.9470174949,289305.3733173916,1245.3733173916116,否
IN0138,B6T0000000411,E3,6,12,11,66,深位,288060.0,289328.4999813895,289361.9262812862,1301.926281286229,否
IN0138,B6T0000000411,E3,6,11,12,62,浅位,288060.0,289385.0529452841,289418.5400051299,1358.5400051298784,否
IN0138,B6T0000000411,E3,6,11,12,62,深位,288060.0,289441.75094370655,289475.2380035523,1415.2380035523092,否
IN0138,B6T0000000411,E3,6,12,12,62,浅位,288060.0,289498.448942129,289531.93600197474,1471.93600197474,否
IN0138,B6T0000000411,E3,6,12,12,62,深位,288060.0,289555.1469405514,289588.63400039717,1528.634000397171,否
IN0138,B6T0000000411,E3,6,12,26,12,深位,288060.0,289611.84493897384,289645.400728411,1585.400728410983,否
IN0138,B6T0000000411,E3,6,11,11,67,浅位,288060.0,289668.0641684316,289701.66438137187,1641.6643813718692,否
IN0138,B6T0000000411,E3,6,11,11,67,深位,288060.0,289724.92437870306,289758.5245916433,1698.524591643305,否
IN0259,B6T0000000764,E3,6,12,12,9,浅位,294300.0,294300.0,294322.9544511501,22.954451150086243,否
IN0259,B6T0000000764,E3,6,12,12,9,深位,294300.0,294337.2652862061,294360.2197373562,60.219737356179394,否
IN0280,B6T0000000841,E3,6,12,14,2,浅位,301620.0,301620.0,301641.18015126267,21.180151262669824,否
IN0280,B6T0000000841,E3,6,12,14,2,深位,301620.0,301653.7766400575,301674.9567913202,54.9567913201754,否
IN0280,B6T0000000841,E3,6,12,10,10,深位,301620.0,301687.553280115,301709.258666955,89.2586669549928,否
IN0280,B6T0000000841,E3,6,11,16,8,深位,301620.0,301722.57493806654,301747.9628267988,127.96282679878641,否
IN0280,B6T0000000841,E3,6,12,16,8,浅位,301620.0,301764.1558043884,301789.54369312065,169.54369312064955,否
IN0280,B6T0000000841,E3,6,12,11,67,浅位,301620.0,301805.73667071026,301839.3368836505,219.33688365051057,否
IN0523,B6T0000001561,E1,6,11,2,4,浅位,305400.0,305400.0,305413.4641016151,13.464101615129039,否
IN0523,B6T0000001561,E1,6,11,2,4,深位,305400.0,305419.8702375039,305433.334339119,33.3343391190283,否
IN0176,B6T0000000508,E3,6,12,12,6,浅位,308700.0,308700.0,308721.85343063565,21.853430635645054,否
IN0176,B6T0000000508,E3,6,12,12,6,深位,308700.0,308735.1794830057,308757.03291364136,57.03291364136385,否
IN0176,B6T0000000508,E3,6,12,11,67,深位,308700.0,308770.35896601144,308803.9591789517,103.95917895168532,否
IN0176,B6T0000000508,E3,6,11,15,51,浅位,308700.0,308827.2191762829,308860.8801208106,160.88012081058696,否
IN0176,B6T0000000508,E3,6,11,15,51,深位,308700.0,308884.2801208106,308917.9410653383,217.94106533832382,否
IN0176,B6T0000000508,E3,6,11,12,63,浅位,308700.0,308941.34106533835,308975.00203822757,275.00203822756885,否
IN0176,B6T0000000508,E3,6,11,12,63,深位,308700.0,308998.3463101376,309032.0072830268,332.0072830268182,是
IN0176,B6T0000000508,E3,6,11,13,16,浅位,308700.0,309073.20200498274,309098.86407394824,398.8640739482362,是
IN0176,B6T0000000508,E3,6,11,13,16,深位,308700.0,309124.5261429138,309150.1882118793,450.1882118792855,是
IN0176,B6T0000000508,E3,6,12,13,16,浅位,308700.0,309175.85028084484,309201.51234981033,501.51234981033485,是
IN0176,B6T0000000508,E3,6,12,13,16,深位,308700.0,309227.1744187759,309252.8364877414,552.8364877413842,否
IN0176,B6T0000000508,E3,6,12,12,63,浅位,308700.0,309269.5138098408,309303.17478273,603.1747827299987,否
IN0176,B6T0000000508,E3,6,12,12,63,深位,308700.0,309326.51905464,309360.18002752925,660.180027529248,否
IN0176,B6T0000000508,E3,6,11,13,59,浅位,308700.0,309383.5242994393,309417.19723797,717.1972379700164,否
IN0176,B6T0000000508,E3,6,11,13,59,深位,308700.0,309440.58580920805,309474.2587477388,774.258747738786,否
IN0176,B6T0000000508,E3,6,12,13,59,浅位,308700.0,309497.6473189768,309531.32025750756,831.3202575075557,否
IN0176,B6T0000000508,E3,6,12,13,59,深位,308700.0,309554.7088287456,309588.3817672763,888.3817672763253,否
IN0176,B6T0000000508,E3,6,11,11,68,浅位,308700.0,309611.77033851435,309645.54446449806,945.5444644980598,否
IN0176,B6T0000000508,E3,6,11,11,68,深位,308700.0,309668.9377951626,309702.7119211463,1002.7119211463141,否
IN0176,B6T0000000508,E3,6,12,11,68,浅位,308700.0,309726.10525181086,309759.87937779457,1059.8793777945684,是
IN0176,B6T0000000508,E3,6,12,11,68,深位,308700.0,309797.7137685402,309831.4878945239,1131.4878945238888,是
IN0176,B6T0000000508,E3,6,11,19,36,深位,308700.0,309868.8048083741,309902.6156779393,1202.6156779393204,是
IN0176,B6T0000000508,E3,6,11,12,64,浅位,308700.0,309940.83526564314,309974.6701515759,1274.670151575876,是
IN0176,B6T0000000508,E3,6,11,13,5,浅位,308700.0,310013.9370094867,310036.0712144072,1336.0712144072168,是
IN0176,B6T0000000508,E3,6,11,13,5,深位,308700.0,310058.2054193278,310080.33962424827,1380.3396242482704,是
IN0176,B6T0000000508,E3,6,12,13,5,浅位,308700.0,310102.4738291688,310124.6080340893,1424.608034089324,是
IN0176,B6T0000000508,E3,6,12,13,5,深位,308700.0,310146.7422390099,310168.8764439304,1468.8764439303777,否
IN0176,B6T0000000508,E3,6,11,12,64,深位,308700.0,310182.39834850177,310216.2332344345,1516.233234434505,否
IN0176,B6T0000000508,E3,6,12,12,64,浅位,308700.0,310239.71083967783,310273.5457256106,1573.5457256105728,否
IN0176,B6T0000000508,E3,6,12,12,64,深位,308700.0,310297.0233308539,310330.85821678664,1630.8582167866407,否
IN0176,B6T0000000508,E3,6,11,13,60,浅位,308700.0,310354.33582202997,310388.18267360417,1688.1826736041694,否
IN0176,B6T0000000508,E3,6,11,13,60,深位,308700.0,310411.70457817556,310445.55142974976,1745.5514297497575,否
IN0176,B6T0000000508,E3,6,12,13,60,浅位,308700.0,310469.07333432115,310502.92018589535,1802.9201858953456,否
IN0176,B6T0000000508,E3,6,12,13,60,深位,308700.0,310526.44209046673,310560.28894204093,1860.2889420409338,否
IN0176,B6T0000000508,E3,6,11,12,65,浅位,308700.0,310583.8108466123,310617.8196455885,1917.819645588519,否
IN0176,B6T0000000508,E3,6,11,12,65,深位,308700.0,310641.43058416515,310675.43938314135,1975.4393831413472,否
IN0176,B6T0000000508,E3,6,12,12,65,浅位,308700.0,310699.050321718,310733.0591206942,2033.0591206941754,否
IN0176,B6T0000000508,E3,6,12,12,65,深位,308700.0,310756.6700592708,310790.678858247,2090.6788582470035,否
IN0510,B6T0000001531,E1,6,12,2,4,浅位,310920.0,310922.0590653498,310935.52316696494,15.523166964936536,是
IN0510,B6T0000001531,E1,6,12,2,4,深位,310920.0,310969.3527887884,310982.8168904035,62.816890403511934,是
IN0510,B6T0000001531,E1,6,12,1,18,深位,310920.0,311021.93304833904,311038.4183297133,118.41832971328404,否
IN0510,B6T0000001531,E1,6,12,4,7,深位,310920.0,311047.6407892595,311064.2237945038,144.22379450377775,否
IN0510,B6T0000001531,E1,6,12,8,3,深位,310920.0,311073.2771521292,311090.48722043674,170.48722043674206,否
IN0510,B6T0000001531,E1,6,11,2,15,浅位,310920.0,311099.9101624341,311117.1202307416,197.12023074162425,否
IN0404,B6T0000001226,E3,6,11,9,9,浅位,316500.0,316500.0,316520.48528137425,20.48528137424728,否
IN0404,B6T0000001226,E3,6,11,9,9,深位,316500.0,316532.7800477505,316553.26532912476,53.265329124755226,否
IN0404,B6T0000001226,E3,6,12,9,9,浅位,316500.0,316565.560095501,316586.04537687526,86.04537687526317,否
IN0404,B6T0000001226,E3,6,12,9,9,深位,316500.0,316598.3401432515,316618.8254246258,118.82542462577112,否
IN0638,B6T0000001937,E1,6,11,2,7,浅位,318360.0,318360.0,318374.75560423726,14.755604237259831,否
IN0638,B6T0000001937,E1,6,11,2,7,深位,318360.0,318382.3168951885,318397.07249942573,37.07249942573253,否
IN0638,B6T0000001937,E1,6,11,2,15,深位,318360.0,318404.63379037695,318421.8438586845,61.84385868447134,否
IN0638,B6T0000001937,E1,6,12,2,15,浅位,318360.0,318431.6004890395,318448.810557347,88.81055734702386,否
IN0638,B6T0000001937,E1,6,12,2,15,深位,318360.0,318458.56718770205,318475.7772560096,115.77725600957638,否
IN0638,B6T0000001937,E1,6,11,5,8,浅位,318360.0,318485.5338863646,318503.1907406141,143.19074061408173,否
IN0638,B6T0000001937,E1,6,11,5,8,深位,318360.0,318513.14936435595,318530.80621860543,170.80621860543033,否
IN0638,B6T0000001937,E1,6,12,5,8,浅位,318360.0,318540.7648423473,318558.4216965968,198.42169659677893,否
IN0638,B6T0000001937,E1,6,12,5,8,深位,318360.0,318568.38032033865,318586.0371745881,226.03717458812753,否
IN0365,B6T0000001122,E3,6,11,9,12,浅位,341940.0,341940.0,341961.4134846045,21.413484604505356,否
IN0365,B6T0000001122,E3,6,11,9,12,深位,341940.0,341974.5384611887,341995.95194579323,55.95194579323288,否
IN0365,B6T0000001122,E3,6,12,9,12,浅位,341940.0,342009.07692237746,342030.49040698196,90.4904069819604,否
IN0365,B6T0000001122,E3,6,11,12,7,浅位,341940.0,342043.6153835662,342065.8613373384,125.86133733839961,否
IN0365,B6T0000001122,E3,6,11,12,7,深位,341940.0,342079.5384730749,342101.7844268471,161.78442684712354,否
IN0365,B6T0000001122,E3,6,12,12,7,浅位,341940.0,342115.46156258363,342137.70751635585,197.70751635584747,否
IN0365,B6T0000001122,E3,6,12,12,7,深位,341940.0,342151.38465209235,342173.6306058646,233.6306058645714,否
IN0365,B6T0000001122,E3,6,11,15,4,深位,341940.0,342187.3077416011,342210.34912091144,270.3491209114436,否
IN0365,B6T0000001122,E3,6,12,15,4,浅位,341940.0,342224.5268296754,342247.5682089858,307.56820898578735,否
IN0365,B6T0000001122,E3,6,12,17,6,深位,341940.0,342261.74591774977,342287.0655868905,347.06558689050144,否
IN0365,B6T0000001122,E3,6,12,14,57,浅位,341940.0,342303.1140340172,342337.1288016334,397.12880163337104,否
IN0365,B6T0000001122,E3,6,12,14,57,深位,341940.0,342360.79546830006,342394.81023591623,454.81023591622943,否
IN0563,B6T0000001671,E1,6,11,4,11,浅位,344700.0,344700.0,344717.9247522028,17.924752202816308,否
IN0563,B6T0000001671,E1,6,11,4,11,深位,344700.0,344728.17820479145,344746.10295699426,46.10295699426206,否
IN0563,B6T0000001671,E1,6,12,4,11,浅位,344700.0,344756.3564095829,344774.2811617857,74.28116178570781,否
IN0563,B6T0000001671,E1,6,12,2,46,浅位,344700.0,344784.53461437434,344807.74871598947,107.74871598946629,否
IN0563,B6T0000001671,E1,6,12,2,46,深位,344700.0,344822.71047644754,344845.92457806267,145.92457806266611,否
IN0563,B6T0000001671,E1,6,11,7,33,深位,344700.0,344860.88633852074,344885.58656636474,185.58656636474188,否
IN0563,B6T0000001671,E1,6,11,1,63,浅位,344700.0,344901.7505930052,344926.45711474435,226.45711474434938,否
IN0563,B6T0000001671,E1,6,11,1,63,深位,344700.0,344942.4901079062,344967.19662964536,267.1966296453611,否
IN0563,B6T0000001671,E1,6,12,1,63,浅位,344700.0,344983.22962280724,345007.9361445464,307.9361445463728,否
IN0563,B6T0000001671,E1,6,12,1,63,深位,344700.0,345023.96913770825,345048.6756594474,348.67565944738453,否
IN0563,B6T0000001671,E1,6,11,7,34,深位,344700.0,345064.70865260926,345089.58279863844,389.5827986384393,否
IN0563,B6T0000001671,E1,6,11,1,64,浅位,344700.0,345105.9013630643,345130.7817978469,430.78179784689564,否
IN0563,B6T0000001671,E1,6,11,1,64,深位,344700.0,345146.9481243421,345171.82855912467,471.82855912466766,否
IN0563,B6T0000001671,E1,6,12,1,64,浅位,344700.0,345187.99488561985,345212.87532040244,512.8753204024397,否
IN0563,B6T0000001671,E1,6,12,1,64,深位,344700.0,345229.0416468976,345253.9220816802,553.9220816802117,否
IN0563,B6T0000001671,E1,6,11,1,65,浅位,344700.0,345270.0884081754,345295.1427560015,595.1427560015,否
IN0563,B6T0000001671,E1,6,11,1,65,深位,344700.0,345311.44241583,345336.4967636561,636.4967636560905,否
IN0125,B6T0000000362,E3,6,12,15,1,浅位,349140.0,349140.0,349161.04137931037,21.0413793103653,否
IN0125,B6T0000000362,E3,6,12,15,1,深位,349140.0,349173.43023369234,349194.4716130027,54.47161300270818,否
IN0125,B6T0000000362,E3,6,11,12,9,深位,349140.0,349206.8604673847,349229.8149185348,89.814918534772,否
IN0125,B6T0000000362,E3,6,11,12,10,浅位,349140.0,349244.1257535908,349267.40476006124,127.40476006123936,否
IN0334,B6T0000001034,E3,6,12,14,2,浅位,354360.0,354360.0,354381.18015126267,21.180151262669824,否
IN0334,B6T0000001034,E3,6,12,14,2,深位,354360.0,354393.7766400575,354414.9567913202,54.9567913201754,否
IN0431,B6T0000001310,E3,6,12,10,10,深位,354360.0,354427.553280115,354449.258666955,89.2586669549928,否
IN0431,B6T0000001310,E3,6,11,12,10,深位,354360.0,354462.57493806654,354485.853944537,125.853944536997,否
IN0406,B6T0000001236,E3,6,12,12,10,浅位,358620.0,358620.0,358643.27900647046,23.279006470460445,否
IN0406,B6T0000001236,E3,6,12,12,10,深位,358620.0,358657.88013262994,358681.1591391004,61.15913910040399,否
IN0406,B6T0000001236,E3,6,11,16,8,深位,358620.0,358695.7602652599,358721.14815399214,101.14815399213694,否
IN0406,B6T0000001236,E3,6,12,13,24,浅位,358620.0,358737.34113158175,358764.8011595184,144.80115951842163,否
IN0406,B6T0000001236,E3,6,12,13,24,深位,358620.0,358783.0866250099,358810.54665294656,190.54665294656297,否
IN0406,B6T0000001236,E3,6,11,13,61,浅位,358620.0,358828.83211843803,358862.85288305575,242.85288305574795,否
IN0406,B6T0000001236,E3,6,11,13,61,深位,358620.0,358886.50812096044,358920.52888557815,300.5288855781546,否
IN0406,B6T0000001236,E3,6,12,13,61,浅位,358620.0,358944.18412348285,358978.20488810056,358.2048881005612,否
IN0406,B6T0000001236,E3,6,12,13,61,深位,358620.0,359001.86012600525,359035.88089062297,415.88089062296785,否
IN0406,B6T0000001236,E3,6,11,12,66,浅位,358620.0,359059.53612852766,359093.7188405473,473.71884054731345,否
IN0406,B6T0000001236,E3,6,11,12,66,深位,358620.0,359117.4631124573,359151.64582447696,531.6458244769601,否
IN0406,B6T0000001236,E3,6,12,12,66,浅位,358620.0,359175.39009638695,359209.5728084066,589.5728084066068,否
IN0406,B6T0000001236,E3,6,12,12,66,深位,358620.0,359233.3170803166,359267.49979233625,647.4997923362534,否
IN0558,B6T0000001657,E1,6,11,5,2,浅位,361200.0,361200.0,361214.82842712477,14.828427124768496,否
IN0558,B6T0000001657,E1,6,11,5,2,深位,361200.0,361222.25722873845,361237.0856558632,37.0856558632222,否
IN0651,B6T0000001966,E1,6,11,3,3,浅位,362940.0,362940.0,362953.93623757013,13.936237570131198,否
IN0651,B6T0000001966,E1,6,11,3,3,深位,362940.0,362960.6861079638,362974.6223455339,34.62234553392045,否
IN0655,B6T0000001974,E1,6,12,3,3,浅位,367380.0,367380.0,367393.93623757013,13.936237570131198,否
IN0655,B6T0000001974,E1,6,12,3,3,深位,367380.0,367400.6861079638,367414.6223455339,34.62234553392045,否
IN0140,B6T0000000418,E3,6,12,12,6,浅位,373980.0,373980.0,374001.85343063565,21.853430635645054,否
IN0140,B6T0000000418,E3,6,12,12,6,深位,373980.0,374015.1794830057,374037.03291364136,57.03291364136385,否
IN0140,B6T0000000418,E3,6,11,13,5,浅位,373980.0,374050.35896601144,374072.49317093194,92.49317093193531,是
IN0140,B6T0000000418,E3,6,11,13,5,深位,373980.0,374109.00323031534,374131.13743523584,151.1374352358398,是
IN0140,B6T0000000418,E3,6,12,13,5,浅位,373980.0,374167.64749461925,374189.78169953974,209.7816995397443,是
IN0140,B6T0000000418,E3,6,12,13,5,深位,373980.0,374226.29175892315,374248.42596384365,268.4259638436488,是
IN0140,B6T0000000418,E3,6,11,15,14,浅位,373980.0,374284.93602322706,374311.46071731095,331.46071731095435,否
IN0212,B6T0000000616,E3,6,11,15,4,浅位,379440.0,379440.0,379463.04137931037,23.0413793103653,否
IN0212,B6T0000000616,E3,6,11,15,14,深位,379440.0,379477.21908807434,379503.74378215824,63.74378215824254,否
IN0075,B6T0000000209,E4,6,11,43,1,浅位,380760.0,380760.0,380800.4379310345,40.43793103448115,否
IN0075,B6T0000000209,E4,6,11,43,1,深位,380760.0,380827.82678541646,380868.26471645094,108.26471645093989,否
IN0619,B6T0000001831,E1,6,11,1,9,深位,381960.0,381960.0,381974.0,14.0,否
IN0619,B6T0000001831,E1,6,12,1,10,深位,381960.0,381980.99955630786,381995.3241116282,35.32411162817152,否
IN0619,B6T0000001831,E1,6,11,8,1,浅位,381960.0,382002.61395903956,382018.35992573196,58.359925731958356,否
IN0619,B6T0000001831,E1,6,11,8,1,深位,381960.0,382026.47333543433,382042.21930212673,82.21930212673033,否
IN0619,B6T0000001831,E1,6,11,3,9,浅位,381960.0,382050.3327118291,382066.8048477841,106.80484778410755,否
IN0052,B6T0000000143,E4,6,12,43,1,浅位,384720.0,384720.0,384760.4379310345,40.43793103448115,否
IN0052,B6T0000000143,E4,6,12,43,1,深位,384720.0,384787.82678541646,384828.26471645094,108.26471645093989,否
IN0052,B6T0000000143,E4,6,11,45,1,浅位,384720.0,384855.6535708329,384897.8156397984,177.81563979841303,否
IN0636,B6T0000001922,E1,6,11,3,9,深位,384900.0,384926.53782751376,384943.00996346876,43.00996346876491,否
IN0636,B6T0000001922,E1,6,12,3,9,浅位,384900.0,384952.02801033144,384968.50014628645,68.50014628644567,否
IN0636,B6T0000001922,E1,6,12,3,9,深位,384900.0,384977.5181931491,384993.9903291041,93.99032910412643,否
IN0636,B6T0000001922,E1,6,11,8,2,浅位,384900.0,385003.0083759668,385019.58276978397,119.58276978397043,否
IN0636,B6T0000001922,E1,6,11,8,2,深位,384900.0,385028.4371472324,385045.0115410496,145.01154104957823,否
IN0636,B6T0000001922,E1,6,12,8,2,浅位,384900.0,385053.865918498,385070.4403123152,170.44031231518602,否
IN0151,B6T0000000445,E3,6,12,12,9,浅位,388620.0,388620.0,388642.9544511501,22.954451150086243,否
IN0151,B6T0000000445,E3,6,12,12,9,深位,388620.0,388657.2652862061,388680.2197373562,60.219737356179394,否
IN0151,B6T0000000445,E3,6,12,15,14,浅位,388620.0,388694.5305724122,388721.0552664961,101.0552664960851,否
IN0151,B6T0000000445,E3,6,12,15,14,深位,388620.0,388738.34854670835,388764.87324079225,144.87324079225073,否
IN0151,B6T0000000445,E3,6,11,14,58,浅位,388620.0,388782.1665210045,388816.3552016642,196.3552016642061,否
IN0151,B6T0000000445,E3,6,11,14,58,深位,388620.0,388840.1552016642,388874.3438823239,254.343882323883,否
IN0151,B6T0000000445,E3,6,12,14,58,浅位,388620.0,388898.1438823239,388932.33256298356,312.3325629835599,否
IN0151,B6T0000000445,E3,6,12,14,58,深位,388620.0,388956.13256298355,388990.32124364324,370.3212436432368,否
IN0151,B6T0000000445,E3,6,11,13,62,浅位,388620.0,389014.1212436432,389048.3159213044,428.3159213043982,否
IN0151,B6T0000000445,E3,6,11,13,62,深位,388620.0,389072.10449254245,389106.2991702036,486.29917020362336,否
IN0151,B6T0000000445,E3,6,12,13,62,浅位,388620.0,389130.0877414417,389164.28241910285,544.2824191028485,否
IN0151,B6T0000000445,E3,6,12,13,62,深位,388620.0,389188.0709903409,389222.2656680021,602.2656680020737,否
IN0151,B6T0000000445,E3,6,11,12,67,浅位,388620.0,389246.0542392401,389280.4108643033,660.410864303296,否
IN0151,B6T0000000445,E3,6,11,12,67,深位,388620.0,389304.2884695466,389338.64509460976,718.6450946097611,否
IN0151,B6T0000000445,E3,6,12,12,67,浅位,388620.0,389362.52269985306,389396.8793249162,776.8793249162263,否
IN0151,B6T0000000445,E3,6,12,12,67,深位,388620.0,389420.7569301595,389455.1135552227,835.1135552226915,否
IN0151,B6T0000000445,E3,6,11,14,59,浅位,388620.0,389478.991160466,389513.35375416913,893.353754169133,否
IN0151,B6T0000000445,E3,6,11,14,59,深位,388620.0,389537.2870875025,389571.6496812056,951.6496812056284,否
IN0151,B6T0000000445,E3,6,12,14,59,浅位,388620.0,389595.583014539,389629.9456082421,1009.9456082421239,否
IN0151,B6T0000000445,E3,6,12,14,59,深位,388620.0,389653.8789415755,389688.2415352786,1068.2415352786193,否
IN0151,B6T0000000445,E3,6,11,13,63,浅位,388620.0,389712.17486861197,389746.5434593166,1126.5434593165992,否
IN0151,B6T0000000445,E3,6,11,13,63,深位,388620.0,389770.465363888,389804.83395459264,1184.8339545926428,否
IN0151,B6T0000000445,E3,6,12,13,63,浅位,388620.0,389828.75585916406,389863.1244498687,1243.1244498686865,否
IN0151,B6T0000000445,E3,6,12,13,63,深位,388620.0,389887.0463544401,389921.41494514473,1301.4149451447302,否
IN0151,B6T0000000445,E3,6,12,25,18,深位,388620.0,389945.33684971614,389979.7600621249,1359.7600621248712,否
IN0151,B6T0000000445,E3,6,12,16,52,深位,388620.0,390003.2828618426,390037.80737458623,1417.8073745862348,否
IN0151,B6T0000000445,E3,6,11,12,68,浅位,388620.0,390061.8740412529,390096.4045793595,1476.4045793595142,否
IN0151,B6T0000000445,E3,6,11,12,68,深位,388620.0,390120.41551793617,390154.9460560428,1534.9460560427979,否
IN0151,B6T0000000445,E3,6,12,12,68,浅位,388620.0,390178.95699461945,390213.4875327261,1593.4875327260816,否
IN0151,B6T0000000445,E3,6,12,12,68,深位,388620.0,390237.49847130274,390272.02900940937,1652.0290094093652,否
IN0151,B6T0000000445,E3,6,11,14,60,浅位,388620.0,390296.039947986,390330.5764547326,1710.5764547326253,否
IN0436,B6T0000001323,E1,6,12,8,2,深位,392280.0,392280.0,392296.57439381717,16.5743938171654,否
IN0436,B6T0000001323,E1,6,11,3,11,浅位,392280.0,392305.4287712656,392322.5341568013,42.53415680129547,否
IN0465,B6T0000001399,E1,6,11,3,11,深位,392820.0,392820.0,392837.1053855357,17.105385535687674,否
IN0465,B6T0000001399,E1,6,12,3,11,浅位,392820.0,392846.6898280421,392863.7952135778,43.795213577803224,否
IN0465,B6T0000001399,E1,6,12,3,11,深位,392820.0,392873.37965608423,392890.4850416199,70.48504161991877,否
IN0465,B6T0000001399,E1,6,12,3,17,浅位,392820.0,392900.06948412635,392918.7878313326,98.78783133259276,否
IN0465,B6T0000001399,E1,6,11,4,27,浅位,392820.0,392929.8149506151,392951.4987580826,131.49875808262732,否
IN0465,B6T0000001399,E1,6,12,1,65,浅位,392820.0,392965.1144119125,392990.1687597386,170.16875973861897,否
IN0465,B6T0000001399,E1,6,12,1,65,深位,392820.0,393006.4684195671,393031.5227673932,211.5227673932095,否
IN0470,B6T0000001415,E1,6,12,4,4,浅位,404460.0,404460.0,404475.29150262213,15.291502622130793,否
IN0470,B6T0000001415,E1,6,12,4,4,深位,404460.0,404483.18970518507,404498.4812078072,38.4812078071991,否
IN0470,B6T0000001415,E1,6,11,2,13,浅位,404460.0,404506.37941037014,404523.05461453623,63.054614536231384,否
IN0470,B6T0000001415,E1,6,11,2,13,深位,404460.0,404532.3328478596,404549.0080520257,89.00805202568881,否
IN0470,B6T0000001415,E1,6,12,2,13,浅位,404460.0,404558.28628534905,404574.96148951515,114.96148951514624,否
IN0470,B6T0000001415,E1,6,12,2,13,深位,404460.0,404584.2397228385,404600.9149270046,140.91492700460367,否
IN0470,B6T0000001415,E1,6,12,11,1,浅位,404460.0,404610.19316032797,404628.39119935513,168.39119935513008,否
IN0470,B6T0000001415,E1,6,12,11,1,深位,404460.0,404638.506717735,404656.7047567622,196.70475676219212,否
IN0470,B6T0000001415,E1,6,12,12,9,浅位,404460.0,404666.8202751421,404689.7747262922,229.77472629217664,否
IN0470,B6T0000001415,E1,6,11,1,66,浅位,404460.0,404704.0855613482,404729.31382221775,269.3138222177513,否
IN0470,B6T0000001415,E1,6,11,1,66,深位,404460.0,404745.7468153796,404770.97507624916,310.97507624916034,否
IN0470,B6T0000001415,E1,6,12,1,66,浅位,404460.0,404787.408069411,404812.63633028057,352.6363302805694,否
IN0470,B6T0000001415,E1,6,12,1,66,深位,404460.0,404829.0693234424,404854.297584312,394.2975843119784,否
IN0470,B6T0000001415,E1,6,12,5,43,深位,404460.0,404870.7305774738,404895.9588383434,435.95883834338747,否
IN0470,B6T0000001415,E1,6,11,1,67,浅位,404460.0,404912.58812046784,404937.99029438087,477.9902943808702,否
IN0090,B6T0000000255,E4,6,11,45,1,深位,428280.0,428280.0,428322.1620689655,42.162068965495564,否
IN0090,B6T0000000255,E4,6,12,45,1,浅位,428280.0,428350.88425668085,428393.04632564634,113.04632564634085,否
IN0090,B6T0000000255,E4,6,11,45,3,浅位,428280.0,428421.7685133617,428465.3946839424,185.39468394237338,否
IN0090,B6T0000000255,E4,6,11,45,3,深位,428280.0,428495.42640395265,428539.0525745333,259.0525745333289,否
IN0405,B6T0000001232,E3,6,11,19,17,浅位,428760.0,428760.0,428790.04621125123,30.046211251232307,否
IN0405,B6T0000001232,E3,6,11,19,17,深位,428760.0,428810.1551801504,428840.20139140164,80.20139140164247,否
IN0405,B6T0000001232,E3,6,12,19,17,浅位,428760.0,428860.3103603008,428890.35657155205,130.35657155205263,否
IN0122,B6T0000000347,E3,6,12,19,17,深位,428760.0,428910.46554045123,428940.51175170246,180.5117517024628,否
IN0122,B6T0000000347,E3,6,11,26,7,深位,428760.0,428960.62072060164,428992.53980943066,232.53980943065835,否
IN0193,B6T0000000563,E3,6,11,14,60,深位,428940.0,429013.73933992384,429048.27584667044,108.27584667043993,否
IN0193,B6T0000000563,E3,6,12,14,60,浅位,428940.0,429072.34251333715,429106.87902008375,166.87902008375386,否
IN0193,B6T0000000563,E3,6,12,14,60,深位,428940.0,429130.94568675046,429165.48219349707,225.48219349706778,否
IN0072,B6T0000000201,E4,6,12,45,3,浅位,429840.0,429840.0,429883.6261705807,43.62617058068281,否
IN0072,B6T0000000201,E4,6,12,45,3,深位,429840.0,429913.65789059096,429957.28406117164,117.28406117163831,否
IN0295,B6T0000000883,E3,6,11,13,64,浅位,430260.0,430260.0,430294.54250374815,34.54250374814728,否
IN0295,B6T0000000883,E3,6,11,13,64,深位,430260.0,430318.59774165286,430353.140245401,93.14024540100945,否
IN0295,B6T0000000883,E3,6,12,13,64,浅位,430260.0,430377.1954833057,430411.7379870539,151.73798705387162,否
IN0330,B6T0000001010,E3,6,12,13,64,深位,430260.0,430435.7932249586,430470.33572870673,210.3357287067338,否
IN0330,B6T0000001010,E3,6,11,28,11,浅位,430260.0,430494.39096661145,430529.0311127439,269.03111274389084,否
IN0330,B6T0000001010,E3,6,11,15,57,浅位,430260.0,430552.4974048669,430587.2018276555,327.20182765548816,否
IN0198,B6T0000000577,E3,6,11,15,57,深位,430800.0,430800.0,430834.7044227886,34.704422788578086,否
IN0198,B6T0000000577,E3,6,12,15,57,浅位,430800.0,430858.9044227886,430893.60884557717,93.60884557716781,否
IN0198,B6T0000000577,E3,6,12,15,57,深位,430800.0,430917.8088455772,430952.51326836576,152.51326836575754,否
IN0198,B6T0000000577,E3,6,11,14,61,浅位,430800.0,430976.71326836577,431011.4236881559,211.42368815588998,否
IN0198,B6T0000000577,E3,6,11,14,61,深位,430800.0,431035.6236881559,431070.334107946,270.3341079460224,否
IN0198,B6T0000000577,E3,6,12,14,61,浅位,430800.0,431094.53410794603,431129.24452773615,329.24452773615485,否
IN0198,B6T0000000577,E3,6,12,14,61,深位,430800.0,431153.44452773617,431188.1549475263,388.1549475262873,否
IN0198,B6T0000000577,E3,6,11,13,65,浅位,430800.0,431212.3549475263,431247.0713643179,447.0713643179042,否
IN0198,B6T0000000577,E3,6,11,13,65,深位,430800.0,431271.259935556,431305.9763523476,505.9763523475849,否
IN0198,B6T0000000577,E3,6,12,13,65,浅位,430800.0,431330.16492358566,431364.88134037727,564.8813403772656,否
IN0198,B6T0000000577,E3,6,12,13,65,深位,430800.0,431389.06991161534,431423.78632840695,623.7863284069463,否
IN0198,B6T0000000577,E3,6,11,20,38,深位,430800.0,431447.974899645,431482.82325046964,682.8232504696352,否
IN0198,B6T0000000577,E3,6,11,15,58,浅位,430800.0,431507.11715613795,431541.99549197004,741.9954919700394,否
IN0198,B6T0000000577,E3,6,11,15,58,深位,430800.0,431566.32882530335,431601.20716113545,801.2071611354477,否
IN0198,B6T0000000577,E3,6,12,15,58,浅位,430800.0,431625.54049446876,431660.41883030086,860.4188303008559,否
IN0198,B6T0000000577,E3,6,12,15,58,深位,430800.0,431684.75216363417,431719.63049946626,919.6304994662642,否
IN0198,B6T0000000577,E3,6,11,14,62,浅位,430800.0,431743.9638327996,431778.84816563316,978.8481656331569,否
IN0198,B6T0000000577,E3,6,11,14,62,深位,430800.0,431803.18149896647,431838.06583180005,1038.0658318000496,否
IN0198,B6T0000000577,E3,6,12,14,62,浅位,430800.0,431862.39916513336,431897.28349796694,1097.2834979669424,否
IN0198,B6T0000000577,E3,6,12,14,62,深位,430800.0,431921.61683130026,431956.50116413384,1156.5011641338351,否
IN0198,B6T0000000577,E3,6,11,13,66,浅位,430800.0,431980.83449746715,432015.7248273022,1215.7248273022124,否
IN0198,B6T0000000577,E3,6,11,13,66,深位,430800.0,432040.04673187365,432074.9370617087,1274.9370617087116,是
IN0469,B6T0000001412,E1,6,11,2,2,浅位,434280.0,434280.0,434292.2925287399,12.292528739897534,是
IN0469,B6T0000001412,E1,6,11,1,16,浅位,434280.0,434324.4865650111,434340.4865650111,60.486565011087805,是
IN0388,B6T0000001185,E3,6,11,10,1,浅位,440220.0,440220.0,440237.38083151967,17.380831519665662,否
IN0388,B6T0000001185,E3,6,11,10,1,深位,440220.0,440246.8291027637,440264.20993428334,44.20993428333895,否
IN0388,B6T0000001185,E3,6,12,10,1,浅位,440220.0,440273.65820552735,440291.039037047,71.03903704701224,否
IN0388,B6T0000001185,E3,6,12,10,1,深位,440220.0,440300.487308291,440317.8681398107,97.86813981068553,否
IN0388,B6T0000001185,E3,6,11,9,4,浅位,440220.0,440327.3164110547,440345.80169242894,125.80169242894044,否
IN0388,B6T0000001185,E3,6,11,9,4,深位,440220.0,440356.3076044232,440374.79288579745,154.79288579744752,否
IN0388,B6T0000001185,E3,6,12,9,4,浅位,440220.0,440385.2987977917,440403.78407916595,183.7840791659546,否
IN0388,B6T0000001185,E3,6,11,9,10,浅位,440220.0,440414.2899911602,440435.0998278548,215.0998278547777,否
IN0388,B6T0000001185,E3,6,11,9,10,深位,440220.0,440447.6848853346,440468.49472202914,248.49472202913603,否
IN0388,B6T0000001185,E3,6,12,12,9,深位,440220.0,440481.07977950893,440504.034230659,284.03423065901734,否
IN0388,B6T0000001185,E3,6,11,15,4,浅位,440220.0,440518.345065715,440541.3864450254,321.38644502538955,否
IN0388,B6T0000001185,E3,6,11,15,6,浅位,440220.0,440555.56415378937,440579.5045125853,359.5045125852921,否
IN0388,B6T0000001185,E3,6,11,15,14,深位,440220.0,440594.48629304534,440621.01098712924,401.01098712923704,否
IN0388,B6T0000001185,E3,6,12,13,66,浅位,440220.0,440638.3042673415,440673.19459717657,453.1945971765672,否
IN0388,B6T0000001185,E3,6,12,13,66,深位,440220.0,440697.516501748,440732.40683158307,512.4068315830664,否
IN0388,B6T0000001185,E3,6,11,20,39,浅位,440220.0,440756.7287361545,440791.7510000226,571.7510000225739,否
IN0388,B6T0000001185,E3,6,11,20,39,深位,440220.0,440816.18905872427,440851.21132259234,631.2113225923385,否
IN0388,B6T0000001185,E3,6,11,15,59,浅位,440220.0,440875.64938129403,440910.7016301696,690.701630169584,否
IN0388,B6T0000001185,E3,6,11,15,59,深位,440220.0,440935.16829683626,440970.2205457118,750.2205457118107,否
IN0388,B6T0000001185,E3,6,12,15,59,浅位,440220.0,440994.6872123785,441029.73946125404,809.7394612540375,否
IN0388,B6T0000001185,E3,6,12,15,59,深位,440220.0,441054.2061279207,441089.25837679626,869.2583767962642,否
IN0388,B6T0000001185,E3,6,11,14,63,浅位,440220.0,441113.72504346294,441148.78328934,928.7832893399755,否
IN0388,B6T0000001185,E3,6,11,14,63,深位,440220.0,441173.24995600665,441208.3082018837,988.3082018836867,否
IN0388,B6T0000001185,E3,6,12,14,63,浅位,440220.0,441232.77486855036,441267.8331144274,1047.833114427398,否
IN0388,B6T0000001185,E3,6,12,14,63,深位,440220.0,441292.2997810941,441327.3580269711,1107.3580269711092,否
IN0388,B6T0000001185,E3,6,11,27,15,深位,440220.0,441351.8246936378,441386.88790170953,1166.8879017095314,否
IN0388,B6T0000001185,E3,6,11,13,67,浅位,440220.0,441410.8161049398,441445.88034781837,1225.880347818369,否
IN0388,B6T0000001185,E3,6,11,13,67,深位,440220.0,441470.33558572305,441505.3998286016,1285.3998286016285,否
IN0388,B6T0000001185,E3,6,12,13,67,浅位,440220.0,441529.8550665063,441564.9193093849,1344.919309384888,否
IN0571,B6T0000001695,E1,6,11,3,3,浅位,450960.0,450967.95938594977,450981.8956235199,21.895623519900255,是
IN0571,B6T0000001695,E1,6,11,3,3,深位,450960.0,451013.96163930866,451027.8978768788,67.89787687879289,是
IN0160,B6T0000000468,E3,6,12,9,10,浅位,451980.0,451980.0,452000.80983669456,20.809836694563273,否
IN0160,B6T0000000468,E3,6,12,9,10,深位,451980.0,452013.39489417436,452034.2047308689,54.204730868921615,否
IN0544,B6T0000001622,E1,6,12,5,2,深位,453180.0,453180.0,453194.82842712477,14.828427124768496,否
IN0544,B6T0000001622,E1,6,11,6,2,深位,453180.0,453202.25722873845,453217.7189054439,37.718905443907715,否
IN0544,B6T0000001622,E1,6,11,9,11,浅位,453180.0,453225.6647531751,453246.78328413004,66.78328413004056,否
IN0544,B6T0000001622,E1,6,11,9,11,深位,453180.0,453259.64444615,453280.7629771049,100.76297710492508,否
IN0415,B6T0000001268,E3,6,12,9,10,浅位,456360.0,456360.0,456380.80983669456,20.809836694563273,否
IN0415,B6T0000001268,E3,6,12,9,10,深位,456360.0,456393.39489417436,456414.2047308689,54.204730868921615,否
IN0415,B6T0000001268,E3,6,12,9,11,浅位,456360.0,456426.7897883487,456447.90831930365,87.90831930364948,否
IN0415,B6T0000001268,E3,6,12,9,11,深位,456360.0,456460.7694813236,456481.88801227853,121.888012278534,否
IN0237,B6T0000000692,E3,6,12,25,12,浅位,456360.0,456494.7491742985,456527.6153085632,167.61530856322497,否
IN0237,B6T0000000692,E3,6,12,25,12,深位,456360.0,456549.74541525054,456582.6115495153,222.61154951527715,否
IN0237,B6T0000000692,E3,6,12,13,67,深位,456360.0,456604.7416562026,456639.80589908117,279.8058990811696,否
IN0237,B6T0000000692,E3,6,11,16,56,浅位,456360.0,456664.26113698585,456699.4813019034,339.4813019033754,否
IN0521,B6T0000001557,E1,7,14,1,7,深位,10260.0,10260.0,10273.291502622129,13.291502622128974,否
IN0521,B6T0000001557,E1,7,13,2,4,深位,10260.0,10279.657359610464,10293.121461225603,33.121461225602616,否
IN0521,B6T0000001557,E1,7,13,4,2,深位,10260.0,10299.527597114347,10313.647526861223,53.647526861223014,否
IN0521,B6T0000001557,E1,7,13,4,3,深位,10260.0,10320.497842788296,10335.253447025563,75.25344702556322,否
IN0355,B6T0000001099,E3,7,13,18,1,深位,12300.0,12300.0,12323.110344827586,23.110344827586232,否
IN0355,B6T0000001099,E3,7,14,9,21,深位,12300.0,12337.099199209586,12360.749631973737,60.74963197373654,否
IN0181,B6T0000000534,E3,7,13,13,15,浅位,18480.0,18480.0,18505.408035657932,25.408035657932487,否
IN0181,B6T0000000534,E3,7,13,13,15,深位,18480.0,18521.858143459598,18547.26617911753,67.26617911753056,否
IN0181,B6T0000000534,E3,7,14,13,15,浅位,18480.0,18563.716286919196,18589.12432257713,109.12432257712862,否
IN0181,B6T0000000534,E3,7,14,13,15,深位,18480.0,18605.574430378794,18630.982466036727,150.9824660367267,否
IN0181,B6T0000000534,E3,7,14,11,24,深位,18480.0,18647.432573838392,18673.42857183671,193.42857183671003,否
IN0181,B6T0000000534,E3,7,14,17,9,深位,18480.0,18690.51879675466,18716.939486409832,236.93948640983217,否
IN0181,B6T0000000534,E3,7,14,20,4,深位,18480.0,18733.9727162225,18760.46237139491,280.4623713949113,否
IN0181,B6T0000000534,E3,7,13,16,13,深位,18480.0,18777.30674682558,18804.248883859265,324.24888385926533,否
IN0181,B6T0000000534,E3,7,14,14,19,深位,18480.0,18821.832023391238,18848.90154541625,368.9015454162509,否
IN0077,B6T0000000212,E4,7,13,44,4,浅位,23040.0,23040.0,23083.3,43.29999999999927,否
IN0077,B6T0000000212,E4,7,13,44,4,深位,23040.0,23113.144375430667,23156.444375430667,116.4443754306667,否
IN0077,B6T0000000212,E4,7,14,44,4,浅位,23040.0,23186.288750861335,23229.588750861334,189.58875086133412,否
IN0077,B6T0000000212,E4,7,14,44,4,深位,23040.0,23259.433126292002,23302.733126292,262.73312629200154,否
IN0077,B6T0000000212,E4,7,13,44,9,深位,23040.0,23332.57750172267,23377.87750172267,337.87750172266897,否
IN0077,B6T0000000212,E4,7,14,46,8,深位,23040.0,23409.510731535334,23456.19172371586,416.19172371585955,否
IN0560,B6T0000001664,E1,7,13,1,12,深位,27600.0,27600.0,27614.928203230276,14.928203230276267,否
IN0560,B6T0000001664,E1,7,13,1,13,深位,27600.0,27622.757969746064,27637.969072296994,37.969072296993545,否
IN0560,B6T0000001664,E1,7,13,7,1,深位,27600.0,27646.051871657488,27661.262974208417,61.26297420841729,否
IN0560,B6T0000001664,E1,7,13,1,17,深位,27600.0,27668.93966916797,27685.185880419205,85.1858804192052,否
IN0560,B6T0000001664,E1,7,13,3,10,深位,27600.0,27694.194509146895,27710.99120042223,110.99120042223149,否
IN0560,B6T0000001664,E1,7,13,2,14,深位,27600.0,27720.299538388426,27737.24695477711,137.24695477711066,否
IN0560,B6T0000001664,E1,7,13,1,21,深位,27600.0,27746.76866211413,27763.93381350404,163.9338135040416,否
IN0560,B6T0000001664,E1,7,14,3,12,深位,27600.0,27773.764367278665,27791.16470646394,191.1647064639401,否
IN0560,B6T0000001664,E1,7,13,2,19,深位,27600.0,27801.012963534573,27819.19486303679,219.1948630367915,否
IN0560,B6T0000001664,E1,7,14,3,16,深位,27600.0,27829.820725637386,27848.292861592385,248.29286159238472,否
IN0560,B6T0000001664,E1,7,13,6,10,深位,27600.0,27859.099762837086,27878.057567738135,278.0575677381348,否
IN0560,B6T0000001664,E1,7,13,4,17,深位,27600.0,27889.130447590716,27908.66816146408,308.6681614640802,否
IN0560,B6T0000001664,E1,7,14,1,36,深位,27600.0,27920.364290828853,27940.37516039407,340.3751603940691,否
IN0560,B6T0000001664,E1,7,14,5,17,深位,27600.0,27952.741279847924,27972.98749109916,372.98749109916025,否
IN0166,B6T0000000487,E3,7,13,12,9,浅位,28980.0,28980.0,29002.954451150104,22.954451150104433,否
IN0166,B6T0000000487,E3,7,13,12,9,深位,28980.0,29017.2652862061,29040.219737356205,60.21973735620486,否
IN0390,B6T0000001187,E3,7,14,12,9,浅位,29160.0,29160.0,29182.954451150104,22.954451150104433,否
IN0390,B6T0000001187,E3,7,14,12,9,深位,29160.0,29197.2652862061,29220.219737356205,60.21973735620486,否
IN0390,B6T0000001187,E3,7,13,15,4,浅位,29160.0,29234.5305724122,29257.571951722544,97.57195172254433,否
IN0243,B6T0000000714,E3,7,13,15,4,深位,30780.0,30780.0,30803.041379310343,23.041379310343473,否
IN0243,B6T0000000714,E3,7,14,15,4,浅位,30780.0,30817.219088074344,30840.260467384687,60.26046738468722,否
IN0260,B6T0000000765,E3,7,14,15,4,深位,32820.0,32820.0,32843.04137931034,23.041379310343473,否
IN0260,B6T0000000765,E3,7,13,15,30,深位,32820.0,32857.219088074344,32887.214918534795,67.21491853479529,否
IN0260,B6T0000000765,E3,7,13,15,31,深位,32820.0,32907.612877505926,32937.78978554193,117.78978554192872,否
IN0260,B6T0000000765,E3,7,14,20,18,深位,32820.0,32958.349705220324,32989.32464176698,169.32464176697977,否
IN0260,B6T0000000765,E3,7,13,10,58,深位,32820.0,33010.18077481804,33041.39856285943,221.39856285943097,否
IN0260,B6T0000000765,E3,7,14,16,33,浅位,32820.0,33062.79131305481,33094.01147283064,274.01147283064347,否
IN0268,B6T0000000799,E3,7,13,18,1,深位,48960.0,48960.0,48983.11034482758,23.110344827582594,否
IN0268,B6T0000000799,E3,7,14,9,21,深位,48960.0,48997.09919920959,49020.74963197374,60.74963197374018,否
IN0268,B6T0000000799,E3,7,14,16,33,深位,48960.0,49035.87539581678,49067.09555559261,107.09555559261207,否
IN0268,B6T0000000799,E3,7,13,9,64,浅位,48960.0,49088.50507498888,49119.87079114573,159.87079114573135,否
IN0268,B6T0000000799,E3,7,13,9,64,深位,48960.0,49141.33232770934,49172.698043866185,212.6980438661849,否
IN0268,B6T0000000799,E3,7,14,9,64,浅位,48960.0,49194.15958042979,49225.52529658664,265.52529658663843,否
IN0268,B6T0000000799,E3,7,14,9,64,深位,48960.0,49246.986833150244,49278.35254930709,318.352549307092,否
IN0268,B6T0000000799,E3,7,13,9,65,浅位,48960.0,49299.8140858707,49331.353715071025,371.35371507102536,否
IN0268,B6T0000000799,E3,7,13,9,65,深位,48960.0,49352.94858496796,49384.48821416829,424.48821416829014,否
IN0268,B6T0000000799,E3,7,14,9,65,浅位,48960.0,49406.08308406523,49437.622713265555,477.6227132655549,否
IN0268,B6T0000000799,E3,7,14,9,65,深位,48960.0,49459.21758316249,49490.75721236282,530.7572123628197,否
IN0268,B6T0000000799,E3,7,13,9,66,浅位,48960.0,49512.35208225976,49544.06562450356,584.065624503557,否
IN0268,B6T0000000799,E3,7,13,9,66,深位,48960.0,49565.79382773383,49597.50736997763,637.5073699776331,否
IN0268,B6T0000000799,E3,7,14,9,66,浅位,48960.0,49619.23557320791,49650.94911545171,690.9491154517091,否
IN0268,B6T0000000799,E3,7,14,9,66,深位,48960.0,49672.677318681985,49704.390860925785,744.3908609257851,否
IN0268,B6T0000000799,E3,7,14,14,44,深位,48960.0,49726.11906415606,49757.87296220704,797.8729622070387,否
IN0268,B6T0000000799,E3,7,13,9,67,浅位,48960.0,49779.805546453055,49811.693001740336,851.6930017403356,否
IN0268,B6T0000000799,E3,7,13,9,67,深位,48960.0,49833.55453830394,49865.44199359122,905.4419935912229,否
IN0268,B6T0000000799,E3,7,14,9,67,浅位,48960.0,49887.30353015484,49919.19098544212,959.1909854421174,否
IN0268,B6T0000000799,E3,7,14,9,67,深位,48960.0,49941.05252200573,49972.93997729301,1012.9399772930119,否
IN0268,B6T0000000799,E3,7,13,28,4,深位,48960.0,49994.801513856626,50026.808410408354,1066.8084104083537,否
IN0268,B6T0000000799,E3,7,13,9,68,浅位,48960.0,50047.91945250568,50079.98082083644,1119.9808208364411,否
IN0268,B6T0000000799,E3,7,13,9,68,深位,48960.0,50101.97569073339,50134.03705906415,1174.037059064147,否
IN0268,B6T0000000799,E3,7,14,9,68,浅位,48960.0,50156.03192896109,50188.09329729185,1228.0932972918527,否
IN0268,B6T0000000799,E3,7,14,9,68,深位,48960.0,50210.0881671888,50242.14953551956,1282.1495355195584,否
IN0268,B6T0000000799,E3,7,13,10,63,浅位,48960.0,50264.144405416504,50296.23175867528,1336.2317586752833,否
IN0442,B6T0000001340,E1,7,13,1,26,浅位,51840.0,51840.0,51858.198039027186,18.198039027185587,否
IN0442,B6T0000001340,E1,7,13,1,26,深位,51840.0,51868.95243558983,51887.15047461702,47.15047461701761,否
IN0442,B6T0000001340,E1,7,13,5,11,浅位,51840.0,51897.904871179664,51916.53812076037,76.53812076037138,否
IN0449,B6T0000001358,E1,7,13,5,11,深位,54180.0,54180.0,54198.63324958071,18.633249580707343,否
IN0449,B6T0000001358,E1,7,14,5,11,浅位,54180.0,54209.46518785595,54228.09843743666,48.09843743665988,否
IN0449,B6T0000001358,E1,7,14,5,11,深位,54180.0,54238.930375711905,54257.56362529261,77.56362529261241,否
IN0053,B6T0000000145,E4,7,13,45,3,浅位,82440.0,82440.0,82483.62617058065,43.62617058065371,否
IN0053,B6T0000000145,E4,7,13,45,3,深位,82440.0,82513.65789059096,82557.28406117161,117.28406117160921,否
IN0053,B6T0000000145,E4,7,14,45,3,浅位,82440.0,82587.31578118191,82630.94195176256,190.9419517625647,否
IN0109,B6T0000000317,E4,7,14,45,3,深位,82740.0,82740.0,82783.62617058065,43.62617058065371,否
IN0109,B6T0000000317,E4,7,14,44,9,浅位,82740.0,82813.65789059096,82858.95789059096,118.95789059095841,否
IN0377,B6T0000001148,E3,7,13,9,10,浅位,82980.0,82980.0,83000.80983669458,20.809836694577825,否
IN0377,B6T0000001148,E3,7,13,9,10,深位,82980.0,83013.39489417434,83034.20473086892,54.204730868921615,否
IN0377,B6T0000001148,E3,7,13,12,6,浅位,82980.0,83046.78978834869,83068.64321898436,88.64321898436174,否
IN0377,B6T0000001148,E3,7,13,17,1,浅位,82980.0,83081.96927135439,83104.38996100957,124.38996100956865,否
IN0377,B6T0000001148,E3,7,13,17,1,深位,82980.0,83117.84548205823,83140.2661717134,160.2661717134033,否
IN0377,B6T0000001148,E3,7,14,17,1,浅位,82980.0,83153.72169276206,83176.14238241724,196.14238241723797,否
IN0377,B6T0000001148,E3,7,13,10,63,深位,82980.0,83189.5979034659,83221.68525672467,241.68525672466785,否
IN0377,B6T0000001148,E3,7,14,10,63,浅位,82980.0,83243.74467358673,83275.8320268455,295.83202684549906,否
IN0377,B6T0000001148,E3,7,14,10,63,深位,82980.0,83297.89144370756,83329.97879696633,349.97879696633026,否
IN0377,B6T0000001148,E3,7,14,12,54,浅位,82980.0,83352.03821382839,83384.13396932631,404.1339693263144,否
IN0377,B6T0000001148,E3,7,14,12,54,深位,82980.0,83406.27824123632,83438.37399673424,458.3739967342408,否
IN0377,B6T0000001148,E3,7,13,10,64,浅位,82980.0,83460.51826864424,83492.7795349465,512.7795349465014,否
IN0377,B6T0000001148,E3,7,13,10,64,深位,82980.0,83514.97228514188,83547.23355144414,567.2335514441365,否
IN0377,B6T0000001148,E3,7,14,10,64,浅位,82980.0,83569.42630163951,83601.68756794177,621.6875679417717,否
IN0517,B6T0000001547,E1,7,14,6,9,浅位,84600.0,84600.0,84618.63324958071,18.63324958071462,否
IN0517,B6T0000001547,E1,7,14,6,9,深位,84600.0,84629.4158383298,84648.04908791052,48.04908791052003,否
IN0517,B6T0000001547,E1,7,13,5,12,浅位,84600.0,84658.83167665961,84677.75987988988,77.75987988988345,否
IN0517,B6T0000001547,E1,7,13,3,25,深位,84600.0,84688.85563272939,84709.3277686844,109.32776868439396,否
IN0517,B6T0000001547,E1,7,13,5,18,浅位,84600.0,84721.92352431109,84742.40880568532,142.40880568532157,否
IN0392,B6T0000001192,E3,7,13,9,10,浅位,92640.0,92640.0,92660.80983669458,20.809836694577825,否
IN0392,B6T0000001192,E3,7,13,9,10,深位,92640.0,92673.39489417434,92694.20473086892,54.204730868921615,否
IN0171,B6T0000000500,E3,7,13,12,6,浅位,94440.0,94440.0,94461.85343063567,21.853430635674158,否
IN0171,B6T0000000500,E3,7,13,17,1,浅位,94440.0,94475.1794830057,94497.60017266088,57.60017266088107,否
IN0171,B6T0000000500,E3,7,13,17,1,深位,94440.0,94511.05569370954,94533.47638336472,93.47638336471573,否
IN0171,B6T0000000500,E3,7,14,17,1,浅位,94440.0,94546.93190441337,94569.35259406855,129.3525940685504,否
IN0171,B6T0000000500,E3,7,13,26,7,浅位,94440.0,94582.80811511721,94614.72720394624,174.72720394624048,否
IN0171,B6T0000000500,E3,7,13,26,7,深位,94440.0,94635.92673443937,94667.8458232684,227.8458232684061,否
IN0171,B6T0000000500,E3,7,14,26,7,浅位,94440.0,94689.04535376154,94720.96444259057,280.9644425905717,否
IN0185,B6T0000000540,E3,7,14,26,7,深位,94500.0,94742.1639730837,94774.08306191274,274.0830619127373,否
IN0185,B6T0000000540,E3,7,14,10,64,深位,94500.0,94795.28259240587,94827.54385870813,327.54385870812985,否
IN0185,B6T0000000540,E3,7,13,25,10,深位,94500.0,94849.7366089035,94881.99909525833,381.9990952583321,否
IN0185,B6T0000000540,E3,7,13,22,18,深位,94500.0,94903.58928284115,94935.94352973263,435.9435297326272,否
IN0185,B6T0000000540,E3,7,13,10,65,浅位,94500.0,94957.86632945036,94990.3015087961,490.30150879609573,否
IN0185,B6T0000000540,E3,7,13,10,65,深位,94500.0,95012.62759232482,95045.06277167055,545.0627716705494,否
IN0185,B6T0000000540,E3,7,14,10,65,浅位,94500.0,95067.38885519927,95099.824034545,599.8240345450031,否
IN0185,B6T0000000540,E3,7,14,10,65,深位,94500.0,95122.15011807373,95154.58529741946,654.5852974194568,否
IN0185,B6T0000000540,E3,7,13,11,61,浅位,94500.0,95176.91138094818,95209.46811562753,709.4681156275328,否
IN0185,B6T0000000540,E3,7,13,11,61,深位,94500.0,95231.92811295873,95264.48484763809,764.4848476380866,否
IN0185,B6T0000000540,E3,7,14,11,61,浅位,94500.0,95286.94484496929,95319.50157964864,819.5015796486405,否
IN0185,B6T0000000540,E3,7,14,11,61,深位,94500.0,95341.96157697984,95374.5183116592,874.5183116591943,否
IN0185,B6T0000000540,E3,7,13,10,66,浅位,94500.0,95396.9783089904,95429.58740137961,929.5874013796129,否
IN0185,B6T0000000540,E3,7,13,10,66,深位,94500.0,95452.04681824165,95484.65591063087,984.6559106308705,否
IN0185,B6T0000000540,E3,7,14,10,66,浅位,94500.0,95507.11532749291,95539.72441988213,1039.7244198821281,否
IN0185,B6T0000000540,E3,7,14,10,66,深位,94500.0,95562.18383674417,95594.79292913339,1094.7929291333858,否
IN0185,B6T0000000540,E3,7,13,11,62,浅位,94500.0,95617.25234599542,95649.98299371827,1149.9829937182658,否
IN0185,B6T0000000540,E3,7,13,11,62,深位,94500.0,95672.5763243828,95705.30697210564,1205.3069721056381,否
IN0185,B6T0000000540,E3,7,14,11,62,浅位,94500.0,95727.90030277017,95760.63095049301,1260.6309504930105,否
IN0185,B6T0000000540,E3,7,14,11,62,深位,94500.0,95783.22428115754,95815.95492888038,1315.9549288803828,否
IN0185,B6T0000000540,E3,7,13,10,67,浅位,94500.0,95838.54825954491,95871.3312649776,1371.3312649776053,否
IN0185,B6T0000000540,E3,7,13,10,67,深位,94500.0,95893.92401517299,95926.70702060568,1426.7070206056815,否
IN0185,B6T0000000540,E3,7,14,10,67,浅位,94500.0,95949.29977080107,95982.08277623376,1482.0827762337576,否
IN0185,B6T0000000540,E3,7,14,10,67,深位,94500.0,96004.67552642914,96037.45853186183,1537.4585318618338,否
IN0185,B6T0000000540,E3,7,13,31,2,深位,94500.0,96060.05128205722,96092.95557125093,1592.9555712509318,否
IN0185,B6T0000000540,E3,7,13,11,63,浅位,94500.0,96114.6187267124,96147.52328747872,1647.523287478718,否
IN0185,B6T0000000540,E3,7,13,11,63,深位,94500.0,96170.24995147658,96203.1545122429,1703.1545122428943,否
IN0185,B6T0000000540,E3,7,14,11,63,浅位,94500.0,96225.88117624076,96258.78573700707,1758.7857370070706,否
IN0185,B6T0000000540,E3,7,14,11,63,深位,94500.0,96281.51240100493,96314.41696177125,1814.4169617712469,否
IN0185,B6T0000000540,E3,7,13,10,68,浅位,94500.0,96337.14362576911,96370.10054424527,1870.1005442452733,否
IN0185,B6T0000000540,E3,7,13,10,68,深位,94500.0,96392.82662777399,96425.78354625015,1925.7835462501534,否
IN0185,B6T0000000540,E3,7,14,10,68,浅位,94500.0,96448.50962977887,96481.46654825503,1981.4665482550336,否
IN0185,B6T0000000540,E3,7,14,10,68,深位,94500.0,96504.19263178375,96537.14955025991,2037.1495502599137,否
IN0185,B6T0000000540,E3,7,13,11,64,浅位,94500.0,96559.87563378863,96592.95410759843,2092.9541075984307,否
IN0628,B6T0000001870,E1,7,13,5,18,深位,107640.0,107640.0,107660.48528137423,20.485281374232727,否
IN0628,B6T0000001870,E1,7,14,5,18,浅位,107640.0,107672.97372724421,107693.45900861845,53.459008618447115,否
IN0628,B6T0000001870,E1,7,14,5,18,深位,107640.0,107705.94745448843,107726.43273586266,86.4327358626615,否
IN0628,B6T0000001870,E1,7,14,1,41,深位,107640.0,107738.92118173264,107759.80161651525,119.80161651525123,否
IN0628,B6T0000001870,E1,7,14,2,33,深位,107640.0,107772.88886652773,107793.84209343595,153.84209343594557,否
IN0628,B6T0000001870,E1,7,13,1,42,深位,107640.0,107806.94670662362,107828.0010544497,188.0010544497054,否
IN0628,B6T0000001870,E1,7,14,4,25,深位,107640.0,107841.22714900853,107862.51865163066,222.51865163065668,否
IN0628,B6T0000001870,E1,7,13,2,36,深位,107640.0,107875.7834173396,107897.25838851996,257.2583885199565,否
IN0628,B6T0000001870,E1,7,14,1,46,深位,107640.0,107910.8199419367,107932.5699419367,292.56994193670107,否
IN0064,B6T0000000175,E4,7,14,44,9,深位,122460.0,122460.0,122505.3,45.30000000000291,否
IN0064,B6T0000000175,E4,7,13,44,16,深位,122460.0,122536.93322981267,122584.23322981267,124.2332298126712,否
IN0064,B6T0000000175,E4,7,13,44,21,深位,122460.0,122617.65531400734,122666.12046539725,206.1204653972527,否
IN0123,B6T0000000350,E3,7,13,12,9,浅位,123360.0,123360.0,123382.9544511501,22.954451150100795,否
IN0123,B6T0000000350,E3,7,13,12,9,深位,123360.0,123397.26528620611,123420.21973735621,60.2197373562085,否
IN0123,B6T0000000350,E3,7,13,19,4,浅位,123360.0,123434.53057241222,123460.33057241222,100.33057241221832,否
IN0123,B6T0000000350,E3,7,13,19,4,深位,123360.0,123476.64161450954,123502.44161450955,142.44161450954562,否
IN0402,B6T0000001220,E3,7,13,11,1,浅位,124200.0,124200.0,124218.19803902718,18.19803902717831,否
IN0402,B6T0000001220,E3,7,13,11,1,深位,124200.0,124228.31355740705,124246.51159643423,46.511596434225794,否
IN0402,B6T0000001220,E3,7,14,11,1,浅位,124200.0,124256.6271148141,124274.82515384127,74.82515384127328,否
IN0402,B6T0000001220,E3,7,14,11,1,深位,124200.0,124284.94067222114,124303.13871124832,103.13871124832076,否
IN0402,B6T0000001220,E3,7,14,19,4,浅位,124200.0,124313.25422962819,124339.0542296282,139.05422962819284,否
IN0402,B6T0000001220,E3,7,14,19,4,深位,124200.0,124355.36527172552,124381.16527172552,181.16527172552014,是
IN0402,B6T0000001220,E3,7,13,14,27,浅位,124200.0,124431.45025260851,124460.19428159186,260.1942815918592,是
IN0402,B6T0000001220,E3,7,13,14,27,深位,124200.0,124504.31565551618,124533.05968449953,333.0596844995307,否
IN0402,B6T0000001220,E3,7,14,14,27,浅位,124200.0,124552.4215111971,124581.16554018045,381.16554018044553,否
IN0402,B6T0000001220,E3,7,14,14,27,深位,124200.0,124600.52736687801,124629.27139586136,429.27139586136036,否
IN0402,B6T0000001220,E3,7,14,16,26,浅位,124200.0,124648.63322255893,124678.56229606888,478.5622960688779,否
IN0402,B6T0000001220,E3,7,14,16,26,深位,124200.0,124698.817032803,124728.74610631294,528.7461063129449,否
IN0402,B6T0000001220,E3,7,13,11,64,深位,124200.0,124749.00084304706,124782.07931685686,582.0793168568634,否
IN0402,B6T0000001220,E3,7,14,11,64,浅位,124200.0,124804.93931418806,124838.01778799786,638.0177879978582,否
IN0402,B6T0000001220,E3,7,14,11,64,深位,124200.0,124860.87778532905,124893.95625913885,693.956259138853,否
IN0402,B6T0000001220,E3,7,13,12,60,浅位,124200.0,124916.81625647005,124949.95549022885,749.955490228851,否
IN0402,B6T0000001220,E3,7,13,12,60,深位,124200.0,124972.89976213884,125006.03899589764,806.0389958976448,否
IN0402,B6T0000001220,E3,7,14,12,60,浅位,124200.0,125028.98326780763,125062.12250156644,862.1225015664386,否
IN0402,B6T0000001220,E3,7,14,12,60,深位,124200.0,125085.06677347643,125118.20600723523,918.2060072352324,否
IN0402,B6T0000001220,E3,7,13,11,65,浅位,124200.0,125141.15027914522,125174.4026659985,974.4026659984956,否
IN0402,B6T0000001220,E3,7,13,11,65,深位,124200.0,125197.39599666302,125230.6483835163,1030.6483835162944,否
IN0402,B6T0000001220,E3,7,14,11,65,浅位,124200.0,125253.64171418082,125286.8941010341,1086.8941010340932,否
IN0402,B6T0000001220,E3,7,14,11,65,深位,124200.0,125309.88743169862,125343.13981855189,1143.139818551892,否
IN0402,B6T0000001220,E3,7,13,12,61,浅位,124200.0,125366.13314921642,125399.4462960187,1199.4462960186938,否
IN0402,B6T0000001220,E3,7,13,12,61,深位,124200.0,125422.52390126203,125455.8370480643,1255.8370480643061,否
IN0402,B6T0000001220,E3,7,14,12,61,浅位,124200.0,125478.91465330764,125512.22780010992,1312.2278001099185,否
IN0402,B6T0000001220,E3,7,14,12,61,深位,124200.0,125535.30540535325,125568.61855215553,1368.6185521555308,否
IN0402,B6T0000001220,E3,7,13,11,66,浅位,124200.0,125591.69615739887,125625.12245729561,1425.1224572956125,否
IN0402,B6T0000001220,E3,7,13,11,66,深位,124200.0,125648.24912129348,125681.67542119023,1481.6754211902298,否
IN0402,B6T0000001220,E3,7,14,11,66,浅位,124200.0,125704.8020851881,125738.22838508485,1538.228385084847,否
IN0402,B6T0000001220,E3,7,14,11,66,深位,124200.0,125761.35504908272,125794.78134897946,1594.7813489794644,否
IN0402,B6T0000001220,E3,7,13,12,62,浅位,124200.0,125817.90801297734,125851.39507282308,1651.3950728230848,否
IN0402,B6T0000001220,E3,7,13,12,62,深位,124200.0,125874.60601139975,125908.0930712455,1708.093071245501,否
IN0344,B6T0000001055,E3,7,13,11,1,浅位,126600.0,126600.0,126618.19803902718,18.19803902717831,否
IN0344,B6T0000001055,E3,7,13,11,1,深位,126600.0,126628.31355740705,126646.51159643423,46.511596434225794,否
IN0344,B6T0000001055,E3,7,14,12,62,浅位,126600.0,126656.6271148141,126690.11417465984,90.11417465984414,否
IN0047,B6T0000000138,E4,7,13,44,22,浅位,137880.0,137880.0,137928.68083151965,48.68083151965402,否
IN0047,B6T0000000138,E4,7,13,44,22,深位,137880.0,137963.33796897167,138012.01880049132,132.0188004913216,否
IN0637,B6T0000001934,E1,7,14,2,4,浅位,141300.0,141300.0,141313.46410161513,13.464101615129039,否
IN0637,B6T0000001934,E1,7,14,2,4,深位,141300.0,141319.87023750387,141333.334339119,33.334339118999196,否
IN0637,B6T0000001934,E1,7,13,1,48,深位,141300.0,141339.74047500774,141361.8383010947,61.83830109468545,否
IN0637,B6T0000001934,E1,7,13,5,26,深位,141300.0,141375.87129425656,141398.06933328375,98.06933328375453,否
IN0637,B6T0000001934,E1,7,13,6,23,深位,141300.0,141412.0897161701,141434.31462879744,134.31462879743776,否
IN0637,B6T0000001934,E1,7,14,3,35,深位,141300.0,141448.30969863632,141470.61879111305,170.6187911130546,否
IN0637,B6T0000001934,E1,7,13,5,27,深位,141300.0,141484.85328007402,141507.24558491944,207.24558491943753,否
IN0637,B6T0000001934,E1,7,14,5,27,浅位,141300.0,141521.43972443588,141543.8320292813,243.8320292813005,否
IN0417,B6T0000001272,E3,7,13,17,6,浅位,146760.0,146760.0,146785.31966914074,25.31966914073564,否
IN0417,B6T0000001272,E3,7,13,17,6,深位,146760.0,146801.36811626743,146826.68778540817,66.68778540816857,否
IN0417,B6T0000001272,E3,7,14,17,6,浅位,146760.0,146842.73623253487,146868.0559016756,108.05590167560149,否
IN0417,B6T0000001272,E3,7,14,17,6,深位,146760.0,146884.1043488023,146909.42401794303,149.4240179430344,否
IN0417,B6T0000001272,E3,7,14,12,62,深位,146760.0,146925.47246506973,146958.9595249155,198.95952491549542,否
IN0417,B6T0000001272,E3,7,13,11,67,浅位,146760.0,146982.17046349216,147015.77067643238,255.77067643238115,否
IN0417,B6T0000001272,E3,7,13,11,67,深位,146760.0,147039.0306737636,147072.63088670382,312.63088670381694,否
IN0417,B6T0000001272,E3,7,14,11,67,浅位,146760.0,147095.89088403503,147129.49109697525,369.49109697525273,否
IN0417,B6T0000001272,E3,7,14,11,67,深位,146760.0,147152.75109430647,147186.3513072467,426.3513072466885,否
IN0624,B6T0000001854,E1,7,13,3,39,深位,171840.0,171840.0,171863.00474465065,23.004744650650537,否
IN0624,B6T0000001854,E1,7,13,5,31,浅位,171840.0,171877.82762040236,171900.96314912802,60.963149128016084,否
IN0624,B6T0000001854,E1,7,13,5,33,深位,171840.0,171915.82204829197,171939.31117358504,99.3111735850398,否
IN0624,B6T0000001854,E1,7,14,1,56,深位,171840.0,171954.48633913355,171977.97546956834,137.97546956833685,否
IN0624,B6T0000001854,E1,7,13,8,24,深位,171840.0,171993.07512939686,172016.6190550604,176.61905506040785,否
IN0624,B6T0000001854,E1,7,13,5,35,深位,171840.0,172031.70717130083,172055.54412782256,215.5441278225626,否
IN0624,B6T0000001854,E1,7,13,1,59,浅位,171840.0,172071.02611255238,172095.0369821176,255.0369821175991,否
IN0624,B6T0000001854,E1,7,13,1,59,深位,171840.0,172110.53664194612,172134.54751151134,294.5475115113368,否
IN0624,B6T0000001854,E1,7,14,1,59,浅位,171840.0,172150.04717133986,172174.05804090507,334.05804090507445,否
IN0624,B6T0000001854,E1,7,14,1,59,深位,171840.0,172189.5577007336,172213.5685702988,373.5685702988121,否
IN0624,B6T0000001854,E1,7,13,6,33,深位,171840.0,172229.06823012733,172253.19060500112,413.19060500111664,否
IN0624,B6T0000001854,E1,7,13,1,60,浅位,171840.0,172268.88281666714,172293.06759927585,453.0675992758479,否
IN0624,B6T0000001854,E1,7,13,1,60,深位,171840.0,172308.7005924377,172332.8853750464,492.8853750464041,否
IN0624,B6T0000001854,E1,7,13,5,37,深位,171840.0,172348.51836820826,172372.70315081696,532.7031508169603,否
IN0624,B6T0000001854,E1,7,14,1,60,浅位,171840.0,172388.4833067095,172412.6680893182,572.6680893182056,否
IN0624,B6T0000001854,E1,7,14,1,60,深位,171840.0,172428.30108248006,172452.48586508876,612.4858650887618,否
IN0624,B6T0000001854,E1,7,13,3,46,深位,171840.0,172468.11885825061,172492.34099420562,652.3409942056169,否
IN0624,B6T0000001854,E1,7,14,2,52,深位,171840.0,172508.12581125565,172532.38339113165,692.3833911316469,是
IN0624,B6T0000001854,E1,7,13,1,61,浅位,171840.0,172601.2615520512,172625.62024770337,785.6202477033657,是
IN0624,B6T0000001854,E1,7,13,1,61,深位,171840.0,172695.9650752896,172720.32377094176,880.323770941759,是
IN0624,B6T0000001854,E1,7,14,1,61,浅位,171840.0,172790.668598528,172815.02729418015,975.0272941801522,是
IN0624,B6T0000001854,E1,7,14,1,61,深位,171840.0,172885.37212176638,172909.73081741855,1069.7308174185455,否
IN0624,B6T0000001854,E1,7,13,1,62,浅位,171840.0,172925.49714391376,172950.0297526094,1110.0297526094073,否
IN0624,B6T0000001854,E1,7,13,1,62,深位,171840.0,172965.92941243792,172990.46202113357,1150.4620211335714,否
IN0624,B6T0000001854,E1,7,14,1,62,浅位,171840.0,173006.3616809621,173030.89428965774,1190.8942896577355,否
IN0624,B6T0000001854,E1,7,14,1,62,深位,171840.0,173046.79394948625,173071.3265581819,1231.3265581818996,否
IN0257,B6T0000000756,E3,7,13,11,12,浅位,180600.0,180600.0,180623.12624225745,23.12624225745094,否
IN0257,B6T0000000756,E3,7,13,11,12,深位,180600.0,180637.64967960925,180660.7759218667,60.775921866705175,否
IN0257,B6T0000000756,E3,7,14,11,12,浅位,180600.0,180675.2993592185,180698.42560147596,98.42560147595941,否
IN0257,B6T0000000756,E3,7,14,11,12,深位,180600.0,180712.94903882776,180736.0752810852,136.07528108521365,否
IN0257,B6T0000000756,E3,7,13,15,5,浅位,180600.0,180750.59871843702,180774.11223370236,174.1122337023553,否
IN0257,B6T0000000756,E3,7,13,15,5,深位,180600.0,180788.71223370236,180812.2257489677,212.22574896769947,否
IN0102,B6T0000000287,E4,7,14,44,22,浅位,182460.0,182460.0,182508.68083151965,48.68083151965402,否
IN0102,B6T0000000287,E4,7,14,44,22,深位,182460.0,182543.33796897167,182592.01880049132,132.0188004913216,否
IN0102,B6T0000000287,E4,7,14,45,20,深位,182460.0,182626.67593794334,182675.78227881886,215.78227881886414,否
IN0538,B6T0000001598,E1,7,13,3,3,浅位,186180.0,186180.0,186193.93623757013,13.936237570131198,否
IN0538,B6T0000001598,E1,7,13,3,3,深位,186180.0,186200.68610796382,186214.62234553395,34.622345533949556,否
IN0538,B6T0000001598,E1,7,14,3,3,浅位,186180.0,186221.37221592764,186235.30845349777,55.308453497767914,否
IN0577,B6T0000001711,E1,7,14,3,3,深位,186840.0,186840.0,186853.93623757013,13.936237570131198,否
IN0577,B6T0000001711,E1,7,13,1,19,浅位,186840.0,186860.68610796382,186877.4039058509,37.40390585089335,否
IN0023,B6T0000000073,E4,7,13,44,25,浅位,209940.0,209940.0,209989.3,49.29999999998836,否
IN0023,B6T0000000073,E4,7,13,44,25,深位,209940.0,210024.51093857666,210073.81093857664,133.81093857664382,否
IN0023,B6T0000000073,E4,7,14,44,25,浅位,209940.0,210109.0218771533,210158.3218771533,218.32187715329928,否
IN0023,B6T0000000073,E4,7,14,49,15,深位,209940.0,210193.53281572997,210244.88912724997,304.889127249975,否
IN0023,B6T0000000073,E4,7,14,46,29,深位,209940.0,210281.41733048024,210333.21179802553,393.21179802552797,否
IN0023,B6T0000000073,E4,7,13,43,45,深位,209940.0,210370.44507368858,210422.45909167957,482.45909167957143,否
IN0023,B6T0000000073,E4,7,13,44,43,深位,209940.0,210460.05909167958,210512.58735254913,572.5873525491334,否
IN0023,B6T0000000073,E4,7,13,43,48,深位,209940.0,210550.5843218547,210603.12007897612,663.1200789761206,否
IN0023,B6T0000000073,E4,7,14,43,48,浅位,209940.0,210641.12007897612,210693.65583609755,753.6558360975469,否
IN0116,B6T0000000332,E3,7,14,15,5,浅位,212160.0,212160.0,212183.51351526534,23.513515265338356,否
IN0116,B6T0000000332,E3,7,14,15,5,深位,212160.0,212198.11351526534,212221.62703053068,61.62703053068253,否
IN0116,B6T0000000332,E3,7,14,14,7,浅位,212160.0,212236.2270305307,212259.87025729075,99.87025729074958,否
IN0545,B6T0000001633,E1,7,13,2,7,浅位,212640.0,212640.0,212654.75560423726,14.755604237259831,否
IN0545,B6T0000001633,E1,7,13,2,7,深位,212640.0,212662.3168951885,212677.07249942576,37.072499425761634,否
IN0545,B6T0000001633,E1,7,14,2,7,浅位,212640.0,212684.633790377,212699.38939461426,59.38939461426344,否
IN0545,B6T0000001633,E1,7,14,2,7,深位,212640.0,212706.9506855655,212721.70628980277,81.70628980276524,否
IN0545,B6T0000001633,E1,7,13,4,4,浅位,212640.0,212729.267580754,212744.55908337614,104.559083376138,否
IN0545,B6T0000001633,E1,7,13,4,4,深位,212640.0,212752.45728593908,212767.7487885612,127.74878856120631,否
IN0545,B6T0000001633,E1,7,14,4,4,浅位,212640.0,212775.64699112414,212790.93849374627,150.93849374627462,否
IN0545,B6T0000001633,E1,7,14,4,4,深位,212640.0,212798.8366963092,212814.12819893134,174.12819893134292,否
IN0545,B6T0000001633,E1,7,13,1,19,深位,212640.0,212822.02640149428,212838.74419938136,198.74419938135543,否
IN0545,B6T0000001633,E1,7,14,1,19,浅位,212640.0,212848.17462801907,212864.89242590615,224.89242590614595,否
IN0366,B6T0000001125,E3,7,14,14,7,深位,213480.0,213480.0,213503.64322676006,23.643226760061225,否
IN0366,B6T0000001125,E3,7,14,12,15,浅位,213480.0,213518.44275725321,213543.14317509573,63.1431750957272,否
IN0366,B6T0000001125,E3,7,14,12,15,深位,213480.0,213559.01565023602,213583.71606807853,103.71606807853095,否
IN0366,B6T0000001125,E3,7,13,17,6,浅位,213480.0,213599.58854321882,213624.90821235956,144.9082123595581,否
IN0205,B6T0000000601,E3,7,13,17,6,深位,213480.0,213640.95665948626,213666.276328627,186.27632862699102,否
IN0205,B6T0000000601,E3,7,14,17,6,浅位,213480.0,213682.3247757537,213707.64444489442,227.64444489442394,否
IN0037,B6T0000000114,E4,7,13,45,3,浅位,216180.0,216180.0,216223.62617058065,43.62617058065371,否
IN0037,B6T0000000114,E4,7,13,45,3,深位,216180.0,216253.65789059096,216297.2840611716,117.28406117160921,否
IN0037,B6T0000000114,E4,7,14,43,48,深位,216180.0,216327.3157811819,216379.85153830334,199.8515383033373,否
IN0037,B6T0000000114,E4,7,13,43,49,浅位,216180.0,216417.85153830334,216470.56120846825,290.5612084682507,否
IN0037,B6T0000000114,E4,7,13,43,49,深位,216180.0,216508.69454180158,216561.4042119665,381.4042119664955,是
IN0429,B6T0000001304,E3,7,13,12,6,深位,217320.0,217320.0,217341.85343063567,21.853430635674158,否
IN0429,B6T0000001304,E3,7,14,12,6,浅位,217320.0,217355.17948300572,217377.0329136414,57.03291364139295,否
IN0429,B6T0000001304,E3,7,14,12,6,深位,217320.0,217390.35896601144,217412.2123966471,92.21239664711175,否
IN0429,B6T0000001304,E3,7,14,17,6,深位,217320.0,217425.53844901716,217450.8581181579,130.85811815789202,否
IN0429,B6T0000001304,E3,7,13,16,8,浅位,217320.0,217466.9065652846,217492.29445401684,172.29445401683915,否
IN0429,B6T0000001304,E3,7,13,16,8,深位,217320.0,217508.48743160645,217533.8753203387,213.8753203387023,否
IN0429,B6T0000001304,E3,7,14,16,8,浅位,217320.0,217550.06829792832,217575.45618666057,255.45618666056544,否
IN0197,B6T0000000571,E3,7,14,16,8,深位,231360.0,231360.0,231385.38788873225,25.38788873224985,否
IN0197,B6T0000000571,E3,7,13,14,14,浅位,231360.0,231401.58086632186,231427.41590523336,67.41590523335617,否
IN0197,B6T0000000571,E3,7,13,14,14,深位,231360.0,231444.17585211227,231470.01089102376,110.01089102376136,否
IN0197,B6T0000000571,E3,7,14,14,14,浅位,231360.0,231486.77083790267,231512.60587681417,152.60587681416655,否
IN0197,B6T0000000571,E3,7,14,14,14,深位,231360.0,231529.36582369308,231555.20086260457,195.20086260457174,否
IN0197,B6T0000000571,E3,7,13,9,38,浅位,231360.0,231571.96080948348,231598.8047865099,238.80478650989244,否
IN0197,B6T0000000571,E3,7,13,20,12,浅位,231360.0,231616.76022874186,231646.17808714454,286.17808714453713,否
IN0197,B6T0000000571,E3,7,13,20,12,深位,231360.0,231665.64152716513,231695.05938556782,335.0593855678162,否
IN0197,B6T0000000571,E3,7,14,23,7,浅位,231360.0,231714.5228255884,231744.37294890019,384.3729489001853,否
IN0197,B6T0000000571,E3,7,14,23,7,深位,231360.0,231763.97247939336,231793.82260270513,433.8226027051278,否
IN0197,B6T0000000571,E3,7,14,28,4,浅位,231360.0,231813.4221331983,231845.42902975003,485.42902975002653,否
IN0665,B6T0000001994,E1,7,13,2,13,浅位,255300.0,255300.0,255316.67520416607,16.67520416606567,否
IN0665,B6T0000001994,E1,7,14,4,8,浅位,255300.0,255325.95343748946,255342.90179436107,42.901794361067005,否
IN0665,B6T0000001994,E1,7,14,4,8,深位,255300.0,255352.28193241628,255369.2302892879,69.23028928789427,否
IN0665,B6T0000001994,E1,7,13,4,30,浅位,255300.0,255378.6104273431,255400.85638111536,100.85638111535809,否
IN0665,B6T0000001994,E1,7,13,4,30,深位,255300.0,255414.9748338854,255437.22078765766,137.22078765765764,否
IN0665,B6T0000001994,E1,7,14,4,30,浅位,255300.0,255451.3392404277,255473.58519419996,173.5851941999572,否
IN0665,B6T0000001994,E1,7,13,1,63,浅位,255300.0,255487.70364697,255512.41016870915,212.4101687091461,否
IN0665,B6T0000001994,E1,7,13,1,63,深位,255300.0,255528.443161871,255553.14968361013,253.1496836101287,否
IN0665,B6T0000001994,E1,7,14,1,63,浅位,255300.0,255569.18267677198,255593.8891985111,293.8891985111113,否
IN0271,B6T0000000817,E3,7,14,28,4,深位,257460.0,257460.0,257492.00689655173,32.00689655172755,否
IN0271,B6T0000000817,E3,7,13,12,63,浅位,257460.0,257513.11793864905,257546.77891153828,86.77891153827659,否
IN0271,B6T0000000817,E3,7,13,12,63,深位,257460.0,257570.12318344828,257603.7841563375,143.78415633749682,否
IN0027,B6T0000000085,E4,7,13,44,20,浅位,258480.0,258480.0,258528.24427191,48.244271909992676,否
IN0027,B6T0000000085,E4,7,13,44,20,深位,258480.0,258562.51093857666,258610.75521048665,130.75521048664814,否
IN0026,B6T0000000081,E4,7,14,44,20,浅位,258660.0,258660.0,258708.24427191,48.244271909992676,否
IN0026,B6T0000000081,E4,7,14,44,20,深位,258660.0,258742.51093857666,258790.75521048665,130.75521048664814,否
IN0026,B6T0000000081,E4,7,14,43,49,浅位,258660.0,258825.0218771533,258877.73154731822,217.73154731822433,否
IN0026,B6T0000000081,E4,7,14,43,49,深位,258660.0,258915.86488065156,258968.57455081647,308.5745508164691,否
IN0026,B6T0000000081,E4,7,14,45,40,深位,258660.0,259006.7078841498,259059.57647485446,399.5764748544607,否
IN0464,B6T0000001396,E1,7,13,3,3,浅位,262260.0,262260.0,262273.93623757013,13.936237570131198,否
IN0464,B6T0000001396,E1,7,13,3,3,深位,262260.0,262280.6861079638,262294.6223455339,34.62234553392045,否
IN0464,B6T0000001396,E1,7,14,2,8,浅位,262260.0,262301.3722159276,262316.4931717922,56.49317179218633,否
IN0464,B6T0000001396,E1,7,14,2,8,深位,262260.0,262324.3812431732,262339.5021990378,79.50219903781544,否
IN0132,B6T0000000392,E3,7,13,14,2,浅位,269400.0,269400.0,269421.18015126267,21.180151262669824,否
IN0132,B6T0000000392,E3,7,13,14,2,深位,269400.0,269433.7766400575,269454.9567913202,54.9567913201754,否
IN0133,B6T0000000393,E3,7,14,14,2,浅位,269520.0,269520.0,269541.18015126267,21.180151262669824,否
IN0133,B6T0000000393,E3,7,13,10,10,浅位,269520.0,269553.7766400575,269575.4820268975,55.48202689748723,否
IN0133,B6T0000000393,E3,7,13,10,10,深位,269520.0,269588.79829800903,269610.503684849,90.50368484901264,否
IN0133,B6T0000000393,E3,7,14,10,10,浅位,269520.0,269623.81995596056,269645.52534280054,125.52534280053806,否
IN0133,B6T0000000393,E3,7,14,10,10,深位,269520.0,269658.8416139121,269680.54700075206,160.54700075206347,否
IN0133,B6T0000000393,E3,7,14,12,63,浅位,269520.0,269693.8632718636,269727.5242447528,207.52424475282896,否
IN0133,B6T0000000393,E3,7,14,12,63,深位,269520.0,269750.86851666286,269784.5294895521,264.5294895520783,否
IN0133,B6T0000000393,E3,7,13,14,55,深位,269520.0,269807.8737614621,269841.54070299136,321.5407029913622,否
IN0133,B6T0000000393,E3,7,14,14,55,浅位,269520.0,269864.9407029913,269898.6076445206,378.60764452058356,否
IN0088,B6T0000000245,E4,7,13,43,3,浅位,279420.0,279420.0,279461.9020326496,41.90203264961019,否
IN0088,B6T0000000245,E4,7,13,43,3,深位,279420.0,279490.60041932657,279532.5024519762,112.50245197617915,否
IN0088,B6T0000000245,E4,7,14,43,3,浅位,279420.0,279561.20083865314,279603.10287130275,183.1028713027481,否
IN0088,B6T0000000245,E4,7,14,43,3,深位,279420.0,279631.8012579797,279673.7032906293,253.70329062931705,否
IN0088,B6T0000000245,E4,7,13,44,22,浅位,279420.0,279702.4016773063,279751.08250882593,331.08250882592984,否
IN0088,B6T0000000245,E4,7,13,44,22,深位,279420.0,279785.739646278,279834.4204777976,414.4204777976265,否
IN0088,B6T0000000245,E4,7,13,43,50,浅位,279420.0,279869.07761524967,279921.96119845804,501.9611984580406,否
IN0088,B6T0000000245,E4,7,13,43,50,深位,279420.0,279960.2278651247,280013.1114483331,593.1114483330748,否
IN0088,B6T0000000245,E4,7,14,43,50,浅位,279420.0,280051.37811499974,280104.2616982081,684.261698208109,否
IN0088,B6T0000000245,E4,7,14,43,50,深位,279420.0,280142.5283648748,280195.41194808314,775.4119480831432,否
IN0088,B6T0000000245,E4,7,13,43,51,浅位,279420.0,280233.6786147498,280286.7361110017,866.7361110016936,否
IN0088,B6T0000000245,E4,7,13,43,51,深位,279420.0,280325.13611100166,280378.19360725355,958.1936072535464,否
IN0088,B6T0000000245,E4,7,14,43,51,浅位,279420.0,280416.5936072535,280469.6511035054,1049.651103505399,否
IN0088,B6T0000000245,E4,7,14,43,51,深位,279420.0,280508.05110350536,280561.10859975725,1141.1085997572518,否
IN0088,B6T0000000245,E4,7,13,44,47,浅位,279420.0,280599.5085997572,280652.7325128007,1232.7325128007215,否
IN0088,B6T0000000245,E4,7,13,44,47,深位,279420.0,280691.26584613405,280744.48975917755,1324.4897591775516,否
IN0088,B6T0000000245,E4,7,14,44,47,浅位,279420.0,280783.0230925109,280836.2470055544,1416.2470055543818,否
IN0088,B6T0000000245,E4,7,14,44,47,深位,279420.0,280874.7803388877,280928.0042519312,1508.004251931212,否
IN0088,B6T0000000245,E4,7,13,43,52,浅位,279420.0,280966.53758526454,281019.7689945599,1599.7689945598831,否
IN0088,B6T0000000245,E4,7,13,43,52,深位,279420.0,281058.3023278932,281111.53373718855,1691.5337371885544,否
IN0088,B6T0000000245,E4,7,14,43,52,浅位,279420.0,281150.0670705219,281203.2984798172,1783.2984798172256,否
IN0088,B6T0000000245,E4,7,14,43,52,深位,279420.0,281241.83181315055,281295.0632224459,1875.0632224458968,否
IN0088,B6T0000000245,E4,7,13,44,48,浅位,279420.0,281333.5965557792,281386.9943818662,1966.994381866185,否
IN0497,B6T0000001494,E1,7,13,1,15,浅位,281940.0,281940.0,281955.7459666924,15.745966692396905,否
IN0497,B6T0000001494,E1,7,13,1,15,深位,281940.0,281964.30716308457,281980.05312977696,40.05312977696303,否
IN0497,B6T0000001494,E1,7,14,1,15,浅位,281940.0,281988.61432616913,282004.36029286153,64.36029286152916,否
IN0497,B6T0000001494,E1,7,14,1,15,深位,281940.0,282012.9214892537,282028.6674559461,88.66745594609529,否
IN0497,B6T0000001494,E1,7,13,8,1,浅位,281940.0,282037.22865233826,282052.97461903066,112.97461903066142,否
IN0158,B6T0000000460,E3,7,13,17,6,深位,299280.0,299280.0,299305.31966914074,25.31966914073564,否
IN0158,B6T0000000460,E3,7,14,17,6,浅位,299280.0,299321.36811626743,299346.68778540817,66.68778540816857,否
IN0048,B6T0000000139,E4,7,13,43,3,浅位,310080.0,310080.0,310121.9020326496,41.90203264961019,否
IN0048,B6T0000000139,E4,7,13,43,3,深位,310080.0,310150.60041932657,310192.5024519762,112.50245197617915,是
IN0048,B6T0000000139,E4,7,14,43,3,浅位,310080.0,310238.2331456915,310280.1351783411,200.1351783411228,是
IN0048,B6T0000000139,E4,7,14,43,3,深位,310080.0,310325.86587205646,310367.76790470607,287.7679047060665,是
IN0048,B6T0000000139,E4,7,13,43,10,浅位,310080.0,310413.4985984214,310458.2610847762,378.2610847761971,是
IN0048,B6T0000000139,E4,7,13,43,10,深位,310080.0,310505.4619563634,310550.2244427182,470.2244427182013,否
IN0048,B6T0000000139,E4,7,14,43,10,浅位,310080.0,310581.4812969677,310626.2437833225,546.2437833225122,否
IN0048,B6T0000000139,E4,7,14,43,10,深位,310080.0,310657.500637572,310702.2631239268,622.263123926823,否
IN0048,B6T0000000139,E4,7,13,44,48,深位,310080.0,310733.51997817634,310786.9178042633,706.9178042632993,否
IN0048,B6T0000000139,E4,7,14,44,48,浅位,310080.0,310825.58447093,310878.98229701695,798.982297016948,否
IN0048,B6T0000000139,E4,7,14,44,48,深位,310080.0,310917.64896368363,310971.0467897706,891.0467897705967,否
IN0048,B6T0000000139,E4,7,13,43,53,浅位,310080.0,311009.7134564373,311063.1187787761,983.1187787760864,是
IN0048,B6T0000000139,E4,7,13,43,53,深位,310080.0,311119.0980658817,311172.5033882205,1092.5033882205025,是
IN0048,B6T0000000139,E4,7,14,43,53,浅位,310080.0,311228.4826753261,311281.8879976649,1201.8879976649187,是
IN0048,B6T0000000139,E4,7,14,43,53,深位,310080.0,311337.86728477053,311391.27260710933,1311.2726071093348,是
IN0048,B6T0000000139,E4,7,13,44,49,浅位,310080.0,311447.25189421495,311500.82363334537,1420.8236333453679,否
IN0048,B6T0000000139,E4,7,13,44,49,深位,310080.0,311539.62363334536,311593.1953724758,1513.1953724757768,否
IN0048,B6T0000000139,E4,7,14,44,49,浅位,310080.0,311631.99537247577,311685.5671116062,1605.5671116061858,否
IN0048,B6T0000000139,E4,7,14,44,49,深位,310080.0,311724.3671116062,311777.9388507366,1697.9388507365948,否
IN0048,B6T0000000139,E4,7,13,43,54,浅位,310080.0,311816.7388507366,311870.3180861189,1790.318086118903,否
IN0048,B6T0000000139,E4,7,13,43,54,深位,310080.0,311909.1180861189,311962.6973215012,1882.6973215012113,否
IN0048,B6T0000000139,E4,7,14,43,54,浅位,310080.0,312001.4973215012,312055.0765568835,1975.0765568835195,是
IN0048,B6T0000000139,E4,7,14,43,54,深位,310080.0,312110.7618382577,312164.34107364004,2084.34107364004,是
IN0048,B6T0000000139,E4,7,13,44,50,浅位,310080.0,312220.02635501424,312273.7720071882,2193.7720071881777,是
IN0048,B6T0000000139,E4,7,13,44,50,深位,310080.0,312329.5782120797,312383.32386425365,2303.3238642536453,是
IN0048,B6T0000000139,E4,7,14,44,50,浅位,310080.0,312439.1300691452,312492.8757213191,2412.875721319113,否
IN0048,B6T0000000139,E4,7,14,44,50,深位,310080.0,312531.8090546524,312585.55470682634,2505.5547068263404,否
IN0048,B6T0000000139,E4,7,13,43,55,浅位,310080.0,312624.48804015963,312678.2411885854,2598.241188585409,否
IN0048,B6T0000000139,E4,7,13,43,55,深位,310080.0,312717.17452191876,312770.92767034454,2690.9276703445357,否
IN0048,B6T0000000139,E4,7,14,43,55,浅位,310080.0,312809.8610036779,312863.61415210366,2783.6141521036625,否
IN0513,B6T0000001537,E1,7,13,8,1,深位,313260.0,313260.0,313275.7459666924,15.745966692396905,否
IN0513,B6T0000001537,E1,7,14,8,1,浅位,313260.0,313283.8593763948,313299.60534308717,39.605343087168876,否
IN0513,B6T0000001537,E1,7,13,1,26,浅位,313260.0,313307.71875278954,313325.9167918167,65.9167918167077,否
IN0513,B6T0000001537,E1,7,13,1,26,深位,313260.0,313336.6711883794,313354.86922740657,94.86922740656883,否
IN0513,B6T0000001537,E1,7,14,11,1,浅位,313260.0,313365.62362396927,313383.82166299643,123.82166299642995,否
IN0513,B6T0000001537,E1,7,14,11,1,深位,313260.0,313393.9371813763,313412.1352204035,152.13522040349199,否
IN0435,B6T0000001321,E1,7,13,2,7,浅位,314220.0,314220.0,314234.75560423726,14.755604237259831,否
IN0435,B6T0000001321,E1,7,13,2,7,深位,314220.0,314242.3168951885,314257.07249942573,37.07249942573253,否
IN0435,B6T0000001321,E1,7,14,2,7,浅位,314220.0,314264.63379037695,314279.3893946142,59.38939461420523,否
IN0591,B6T0000001762,E1,7,14,2,7,深位,314220.0,314286.9506855654,314301.7062898027,81.70628980267793,否
IN0591,B6T0000001762,E1,7,13,4,4,浅位,314220.0,314309.2675807539,314324.559083376,104.55908337602159,否
IN0491,B6T0000001477,E1,7,13,4,4,深位,314640.0,314640.0,314655.29150262213,15.291502622130793,否
IN0491,B6T0000001477,E1,7,14,4,4,浅位,314640.0,314663.18970518507,314678.4812078072,38.4812078071991,否
IN0491,B6T0000001477,E1,7,13,5,8,浅位,314640.0,314686.37941037014,314704.0362646196,64.0362646196154,否
IN0491,B6T0000001477,E1,7,13,5,8,深位,314640.0,314713.9948883615,314731.65174261096,91.65174261096399,否
IN0491,B6T0000001477,E1,7,14,5,8,浅位,314640.0,314741.61036635283,314759.2672206023,119.26722060231259,否
IN0491,B6T0000001477,E1,7,13,9,9,浅位,314640.0,314769.2258443442,314789.71112571843,149.71112571842968,否
IN0491,B6T0000001477,E1,7,13,9,9,深位,314640.0,314802.0058920947,314822.49117346894,182.49117346893763,否
IN0187,B6T0000000542,E3,7,14,9,9,浅位,316620.0,316620.0,316640.48528137425,20.48528137424728,否
IN0187,B6T0000000542,E3,7,14,9,9,深位,316620.0,316652.7800477505,316673.26532912476,53.265329124755226,否
IN0342,B6T0000001047,E3,7,13,13,5,浅位,342120.0,342120.0,342142.1342049205,22.134204920497723,否
IN0342,B6T0000001047,E3,7,13,13,5,深位,342120.0,342155.6561094919,342177.7903144124,57.79031441238476,否
IN0342,B6T0000001047,E3,7,14,13,5,浅位,342120.0,342191.3122189838,342213.4464239043,93.4464239042718,否
IN0356,B6T0000001101,E3,7,14,13,5,深位,342540.0,342540.0,342562.1342049205,22.134204920497723,否
IN0356,B6T0000001101,E3,7,13,12,7,浅位,342540.0,342575.6561094919,342597.9020632641,57.90206326410407,否
IN0356,B6T0000001101,E3,7,13,12,7,深位,342540.0,342611.5791990006,342633.8251527728,93.825152772828,否
IN0356,B6T0000001101,E3,7,14,12,7,浅位,342540.0,342647.50228850933,342669.74824228155,129.74824228155194,否
IN0356,B6T0000001101,E3,7,14,12,7,深位,342540.0,342683.42537801806,342705.6713317903,165.67133179027587,否
IN0356,B6T0000001101,E3,7,13,13,16,浅位,342540.0,342719.3484675268,342745.0105364923,205.01053649227833,否
IN0356,B6T0000001101,E3,7,13,13,16,深位,342540.0,342761.6878585917,342787.34992755717,247.34992755716667,否
IN0356,B6T0000001101,E3,7,14,13,16,浅位,342540.0,342804.02724965656,342829.68931862205,289.689318622055,否
IN0356,B6T0000001101,E3,7,14,14,55,深位,342540.0,342846.36664072145,342880.0335822507,340.03358225070406,否
IN0356,B6T0000001101,E3,7,13,13,59,浅位,342540.0,342903.43358225067,342937.1065207814,397.1065207814099,否
IN0356,B6T0000001101,E3,7,13,13,59,深位,342540.0,342960.49509201944,342994.1680305502,454.16803055017954,否
IN0356,B6T0000001101,E3,7,14,13,59,浅位,342540.0,343017.5566017882,343051.22954031895,511.22954031894915,否
IN0356,B6T0000001101,E3,7,14,13,59,深位,342540.0,343074.618111557,343108.2910500877,568.2910500877188,否
IN0356,B6T0000001101,E3,7,13,11,68,浅位,342540.0,343131.67962132575,343165.45374730945,625.4537473094533,否
IN0356,B6T0000001101,E3,7,13,11,68,深位,342540.0,343188.847077974,343222.6212039577,682.6212039577076,否
IN0356,B6T0000001101,E3,7,14,11,68,浅位,342540.0,343246.01453462226,343279.78866060596,739.7886606059619,否
IN0356,B6T0000001101,E3,7,14,11,68,深位,342540.0,343303.1819912705,343336.9561172542,796.9561172542162,否
IN0356,B6T0000001101,E3,7,14,16,48,深位,342540.0,343360.34944791876,343394.17830848845,854.1783084884519,否
IN0356,B6T0000001101,E3,7,13,12,64,浅位,342540.0,343417.71164182184,343451.5465277546,911.5465277545736,否
IN0356,B6T0000001101,E3,7,13,12,64,深位,342540.0,343475.0241329979,343508.85901893064,968.8590189306415,否
IN0356,B6T0000001101,E3,7,14,12,64,浅位,342540.0,343532.336624174,343566.1715101067,1026.1715101067093,否
IN0356,B6T0000001101,E3,7,14,12,64,深位,342540.0,343589.64911535004,343623.4840012828,1083.4840012827772,否
IN0356,B6T0000001101,E3,7,13,13,60,浅位,342540.0,343646.9616065261,343680.8084581003,1140.8084581003059,否
IN0356,B6T0000001101,E3,7,13,13,60,深位,342540.0,343704.3303626717,343738.1772142459,1198.177214245894,否
IN0356,B6T0000001101,E3,7,14,13,60,浅位,342540.0,343761.6991188173,343795.5459703915,1255.5459703914821,否
IN0356,B6T0000001101,E3,7,14,13,60,深位,342540.0,343819.0678749629,343852.91472653707,1312.9147265370702,否
IN0356,B6T0000001101,E3,7,13,17,45,深位,342540.0,343876.43663110846,343910.4334077202,1370.4334077201784,否
IN0356,B6T0000001101,E3,7,13,12,65,浅位,342540.0,343934.1000743868,343968.108873363,1428.1088733630022,否
IN0356,B6T0000001101,E3,7,13,12,65,深位,342540.0,343991.71981193963,344025.72861091583,1485.7286109158304,否
IN0356,B6T0000001101,E3,7,14,12,65,浅位,342540.0,344049.33954949246,344083.34834846866,1543.3483484686585,否
IN0356,B6T0000001101,E3,7,14,12,65,深位,342540.0,344106.9592870453,344140.9680860215,1600.9680860214867,否
IN0356,B6T0000001101,E3,7,13,13,61,浅位,342540.0,344164.5790245981,344198.59978921583,1658.5997892158339,否
IN0356,B6T0000001101,E3,7,13,13,61,深位,342540.0,344222.2550271205,344256.27579173824,1716.2757917382405,否
IN0356,B6T0000001101,E3,7,14,13,61,浅位,342540.0,344279.93102964293,344313.95179426065,1773.9517942606471,否
IN0356,B6T0000001101,E3,7,14,13,61,深位,342540.0,344337.60703216534,344371.62779678305,1831.6277967830538,否
IN0356,B6T0000001101,E3,7,13,12,66,浅位,342540.0,344395.28303468775,344429.4657467074,1889.4657467073994,否
IN0356,B6T0000001101,E3,7,13,12,66,深位,342540.0,344453.2100186174,344487.39273063705,1947.392730637046,否
IN0356,B6T0000001101,E3,7,14,12,66,浅位,342540.0,344511.13700254704,344545.3197145667,2005.3197145666927,否
IN0356,B6T0000001101,E3,7,14,12,66,深位,342540.0,344569.0639864767,344603.24669849634,2063.2466984963394,否
IN0356,B6T0000001101,E3,7,13,14,58,浅位,342540.0,344626.99097040633,344661.179651066,2121.1796510660206,否
IN0356,B6T0000001101,E3,7,13,14,58,深位,342540.0,344684.979651066,344719.1683317257,2179.1683317256975,否
IN0356,B6T0000001101,E3,7,14,14,58,浅位,342540.0,344742.9683317257,344777.1570123854,2237.1570123853744,否
IN0356,B6T0000001101,E3,7,14,14,58,深位,342540.0,344800.95701238536,344835.14569304505,2295.1456930450513,否
IN0356,B6T0000001101,E3,7,13,13,62,浅位,342540.0,344858.94569304504,344893.1403707062,2353.1403707062127,否
IN0356,B6T0000001101,E3,7,13,13,62,深位,342540.0,344916.92894194426,344951.12361960544,2411.123619605438,否
IN0356,B6T0000001101,E3,7,14,13,62,浅位,342540.0,344974.9121908435,345009.10686850466,2469.106868504663,否
IN0356,B6T0000001101,E3,7,14,13,62,深位,342540.0,345032.8954397427,345067.0901174039,2527.090117403888,否
IN0356,B6T0000001101,E3,7,13,12,67,浅位,342540.0,345090.87868864194,345125.2353137051,2585.2353137051105,否
IN0356,B6T0000001101,E3,7,13,12,67,深位,342540.0,345149.1129189484,345183.4695440116,2643.4695440115756,否
IN0356,B6T0000001101,E3,7,14,12,67,浅位,342540.0,345207.34714925487,345241.70377431804,2701.703774318041,否
IN0356,B6T0000001101,E3,7,14,12,67,深位,342540.0,345265.58137956134,345299.9380046245,2759.938004624506,否
IN0356,B6T0000001101,E3,7,13,14,59,浅位,342540.0,345323.8156098678,345358.17820357095,2818.1782035709475,否
IN0356,B6T0000001101,E3,7,13,14,59,深位,342540.0,345382.1115369043,345416.47413060744,2876.474130607443,否
IN0356,B6T0000001101,E3,7,14,14,59,浅位,342540.0,345440.4074639408,345474.77005764394,2934.7700576439383,否
IN0356,B6T0000001101,E3,7,14,14,59,深位,342540.0,345498.7033909773,345533.06598468043,2993.0659846804338,否
IN0356,B6T0000001101,E3,7,13,13,63,浅位,342540.0,345556.9993180138,345591.3679087184,3051.3679087184137,是
IN0111,B6T0000000322,E3,7,13,15,1,浅位,349380.0,349380.0,349401.04137931037,21.0413793103653,否
IN0111,B6T0000000322,E3,7,13,15,1,深位,349380.0,349413.43023369234,349434.4716130027,54.47161300270818,否
IN0111,B6T0000000322,E3,7,14,15,1,浅位,349380.0,349446.8604673847,349467.90184669505,87.90184669505106,否
IN0111,B6T0000000322,E3,7,13,12,10,浅位,349380.0,349480.290701077,349503.5697075475,123.56970754748909,否
IN0111,B6T0000000322,E3,7,14,15,5,浅位,349380.0,349518.170833707,349541.68434897234,161.68434897233965,否
IN0025,B6T0000000079,E4,7,13,44,1,浅位,350520.0,350520.0,350561.3,41.29999999998836,否
IN0025,B6T0000000079,E4,7,13,44,1,深位,350520.0,350589.35552104865,350630.65552104864,110.65552104864037,否
IN0025,B6T0000000079,E4,7,14,44,1,浅位,350520.0,350658.7110420973,350700.0110420973,180.01104209729237,否
IN0039,B6T0000000117,E4,7,13,44,1,浅位,355440.0,355440.0,355481.3,41.29999999998836,否
IN0039,B6T0000000117,E4,7,13,44,1,深位,355440.0,355509.35552104865,355550.65552104864,110.65552104864037,否
IN0039,B6T0000000117,E4,7,14,44,1,深位,355440.0,355578.7110420973,355620.0110420973,180.01104209729237,否
IN0425,B6T0000001298,E3,7,14,15,5,深位,358740.0,358740.0,358763.51351526537,23.51351526536746,否
IN0425,B6T0000001298,E3,7,13,13,63,深位,358740.0,358778.11351526534,358812.48210597,72.48210596997524,否
IN0425,B6T0000001298,E3,7,14,13,63,浅位,358740.0,358836.4040105414,358870.772601246,130.7726012460189,否
IN0425,B6T0000001298,E3,7,14,13,63,深位,358740.0,358894.69450581743,358929.06309652206,189.06309652206255,否
IN0425,B6T0000001298,E3,7,13,25,18,浅位,358740.0,358952.9850010935,358987.4082135022,247.40821350220358,否
IN0425,B6T0000001298,E3,7,13,25,18,深位,358740.0,359010.93101321993,359045.35422562866,305.35422562866006,否
IN0657,B6T0000001976,E1,7,13,3,9,浅位,385320.0,385320.0,385336.472135955,16.47213595500216,否
IN0657,B6T0000001976,E1,7,13,3,9,深位,385320.0,385345.4901828177,385361.9623187727,41.96231877268292,否
IN0083,B6T0000000224,E4,7,13,43,1,浅位,387300.0,387300.0,387340.4379310345,40.43793103448115,否
IN0083,B6T0000000224,E4,7,13,43,1,深位,387300.0,387367.82678541646,387408.26471645094,108.26471645093989,否
IN0104,B6T0000000301,E4,7,14,43,1,浅位,388380.0,388380.0,388420.4379310345,40.43793103448115,否
IN0104,B6T0000000301,E4,7,14,43,1,深位,388380.0,388447.82678541646,388488.26471645094,108.26471645093989,否
IN0104,B6T0000000301,E4,7,14,43,55,深位,388380.0,388515.6535708329,388569.4067192587,189.40671925869538,否
IN0104,B6T0000000301,E4,7,13,45,46,浅位,388380.0,388608.34005259204,388662.25212155754,282.2521215575398,否
IN0516,B6T0000001546,E1,7,14,3,9,浅位,388980.0,388980.0,388996.472135955,16.47213595500216,否
IN0516,B6T0000001546,E1,7,14,3,9,深位,388980.0,389005.4901828177,389021.9623187727,41.96231877268292,否
IN0516,B6T0000001546,E1,7,13,8,2,浅位,388980.0,389030.98036563536,389047.5547594525,67.55475945252692,否
IN0516,B6T0000001546,E1,7,13,8,2,深位,388980.0,389056.40913690097,389072.98353071813,92.98353071813472,否
IN0516,B6T0000001546,E1,7,14,8,2,浅位,388980.0,389081.8379081666,389098.41230198374,118.41230198374251,否
IN0516,B6T0000001546,E1,7,13,3,11,浅位,388980.0,389107.2666794322,389124.3720649679,144.37206496787257,否
IN0516,B6T0000001546,E1,7,13,3,11,深位,388980.0,389133.9565074743,389151.06189301,171.06189300998813,否
IN0516,B6T0000001546,E1,7,14,3,11,浅位,388980.0,389160.6463355164,389177.7517210521,197.75172105210368,否
IN0573,B6T0000001701,E1,7,14,3,11,深位,395040.0,395040.0,395057.1053855357,17.105385535687674,否
IN0573,B6T0000001701,E1,7,14,6,23,浅位,395040.0,395066.6898280421,395088.9147406694,48.914740669424646,否
IN0573,B6T0000001701,E1,7,14,6,23,深位,395040.0,395102.90981050837,395125.1347231357,85.13472313567763,否
IN0573,B6T0000001701,E1,7,14,1,63,深位,395040.0,395139.1297929746,395163.83631471376,123.83631471375702,否
IN0115,B6T0000000330,E3,7,13,15,14,浅位,396660.0,396660.0,396686.5246940839,26.524694083898794,否
IN0115,B6T0000000330,E3,7,13,15,14,深位,396660.0,396703.81797429617,396730.34266838006,70.34266838006442,否
IN0115,B6T0000000330,E3,7,14,15,14,浅位,396660.0,396747.63594859233,396774.16064267623,114.16064267623005,否
IN0250,B6T0000000735,E3,7,14,15,14,深位,397020.0,397020.0,397046.5246940839,26.524694083898794,否
IN0250,B6T0000000735,E3,7,14,28,4,深位,397020.0,397063.81797429617,397095.82487084786,75.82487084786408,否
IN0250,B6T0000000735,E3,7,13,12,63,浅位,397020.0,397116.93591294525,397150.5968858345,130.59688583447132,否
IN0250,B6T0000000735,E3,7,13,12,63,深位,397020.0,397173.9411577445,397207.6021306337,187.60213063372066,否
IN0250,B6T0000000735,E3,7,14,25,18,浅位,397020.0,397230.94640254375,397265.3696149525,245.3696149524767,否
IN0250,B6T0000000735,E3,7,14,25,18,深位,397020.0,397288.8924146702,397323.31562707893,303.3156270789332,否
IN0250,B6T0000000735,E3,7,13,12,68,浅位,397020.0,397346.83842679666,397381.3689649033,361.36896490328945,否
IN0250,B6T0000000735,E3,7,13,12,68,深位,397020.0,397405.37990347994,397439.9104415866,419.91044158657314,否
IN0250,B6T0000000735,E3,7,14,12,68,浅位,397020.0,397463.9213801632,397498.45191826986,478.45191826985683,否
IN0250,B6T0000000735,E3,7,14,12,68,深位,397020.0,397522.4628568465,397556.99339495314,536.9933949531405,否
IN0250,B6T0000000735,E3,7,13,14,60,浅位,397020.0,397581.0043335298,397615.5408402764,595.5408402764006,否
IN0250,B6T0000000735,E3,7,13,14,60,深位,397020.0,397639.6075069431,397674.1440136897,654.1440136897145,否
IN0250,B6T0000000735,E3,7,14,14,60,浅位,397020.0,397698.2106803564,397732.747187103,712.7471871030284,否
IN0250,B6T0000000735,E3,7,14,14,60,深位,397020.0,397756.81385376974,397791.35036051634,771.3503605163423,否
IN0094,B6T0000000262,E4,7,14,43,1,浅位,398580.0,398580.0,398620.4379310345,40.43793103448115,否
IN0094,B6T0000000262,E4,7,14,43,1,深位,398580.0,398647.82678541646,398688.26471645094,108.26471645093989,否
IN0094,B6T0000000262,E4,7,13,45,46,深位,398580.0,398715.6535708329,398769.5656397984,189.56563979841303,否
IN0312,B6T0000000939,E3,7,13,12,6,深位,399300.0,399300.0,399321.85343063565,21.853430635645054,否
IN0312,B6T0000000939,E3,7,14,12,6,浅位,399300.0,399335.1794830057,399357.03291364136,57.03291364136385,否
IN0312,B6T0000000939,E3,7,14,12,6,深位,399300.0,399370.35896601144,399392.2123966471,92.21239664708264,否
IN0312,B6T0000000939,E3,7,14,17,6,深位,399300.0,399405.53844901716,399430.8581181579,130.85811815789202,否
IN0312,B6T0000000939,E3,7,13,16,8,浅位,399300.0,399446.9065652846,399472.29445401684,172.29445401683915,否
IN0312,B6T0000000939,E3,7,13,13,64,浅位,399300.0,399488.48743160645,399523.0299353546,223.02993535459973,否
IN0361,B6T0000001110,E3,7,14,14,7,深位,428280.0,428280.0,428303.64322676003,23.64322676003212,否
IN0361,B6T0000001110,E3,7,14,12,15,浅位,428280.0,428318.4427572532,428343.1431750957,63.1431750957272,否
IN0361,B6T0000001110,E3,7,14,12,15,深位,428280.0,428359.015650236,428383.71606807853,103.71606807853095,否
IN0361,B6T0000001110,E3,7,14,16,8,深位,428280.0,428399.5885432188,428424.97643195104,144.9764319510432,否
IN0361,B6T0000001110,E3,7,13,14,14,浅位,428280.0,428441.16940954066,428467.00444845215,187.00444845214952,否
IN0361,B6T0000001110,E3,7,13,14,14,深位,428280.0,428483.7643953311,428509.5994342426,229.5994342425838,否
IN0361,B6T0000001110,E3,7,14,14,14,浅位,428280.0,428526.3593811215,428552.194420033,272.1944200330181,否
IN0361,B6T0000001110,E3,7,14,14,14,深位,428280.0,428568.95436691196,428594.78940582345,314.7894058234524,否
IN0361,B6T0000001110,E3,7,13,9,38,浅位,428280.0,428611.5493527024,428638.3933297288,358.3933297288022,否
IN0361,B6T0000001110,E3,7,13,20,12,浅位,428280.0,428656.34877196077,428685.7666303635,405.766630363476,否
IN0481,B6T0000001449,E1,7,13,3,22,浅位,429480.0,429480.0,429499.85296747467,19.85296747466782,否
IN0481,B6T0000001449,E1,7,13,3,22,深位,429480.0,429511.8949219767,429531.7478894514,51.74788945139153,否
IN0481,B6T0000001449,E1,7,13,1,64,浅位,429480.0,429543.78984395345,429568.67027873604,88.67027873604093,否
IN0481,B6T0000001449,E1,7,13,1,64,深位,429480.0,429584.8366052312,429609.7170400138,129.71704001381295,否
IN0481,B6T0000001449,E1,7,14,1,64,浅位,429480.0,429625.883366509,429650.7638012916,170.76380129158497,否
IN0481,B6T0000001449,E1,7,14,1,64,深位,429480.0,429666.93012778676,429691.81056256936,211.810562569357,否
IN0318,B6T0000000956,E3,7,13,13,64,深位,430440.0,430440.0,430474.54250374815,34.54250374814728,否
IN0318,B6T0000000956,E3,7,14,13,64,浅位,430440.0,430498.59774165286,430533.140245401,93.14024540100945,否
IN0318,B6T0000000956,E3,7,14,13,64,深位,430440.0,430557.1954833057,430591.7379870539,151.73798705387162,否
IN0277,B6T0000000832,E3,7,14,30,7,深位,430740.0,430740.0,430774.6777095187,34.677709518698975,否
IN0277,B6T0000000832,E3,7,13,15,57,浅位,430740.0,430798.0105733452,430832.71499613376,92.71499613375636,否
IN0458,B6T0000001375,E1,7,13,5,41,浅位,430860.0,430860.0,430884.8804347826,24.88043478259351,否
IN0458,B6T0000001375,E1,7,13,5,41,深位,430860.0,430901.2336711188,430926.1141059014,66.11410590138985,否
IN0458,B6T0000001375,E1,7,13,2,56,深位,430860.0,430942.4673422376,430967.42057428753,107.42057428753469,否
IN0458,B6T0000001375,E1,7,14,2,56,浅位,430860.0,430983.7156680789,431008.66890012886,148.66890012886142,否
IN0458,B6T0000001375,E1,7,14,2,56,深位,430860.0,431024.96399392025,431049.9172259702,189.91722597018816,否
IN0458,B6T0000001375,E1,7,13,1,65,浅位,430860.0,431066.2123197616,431091.2666675877,231.2666675876826,否
IN0458,B6T0000001375,E1,7,13,1,65,深位,430860.0,431107.56632741616,431132.6206752423,272.62067524227314,否
IN0458,B6T0000001375,E1,7,14,1,65,浅位,430860.0,431148.92033507075,431173.97468289686,313.97468289686367,否
IN0458,B6T0000001375,E1,7,14,1,65,深位,430860.0,431190.27434272534,431215.32869055145,355.3286905514542,否
IN0458,B6T0000001375,E1,7,13,6,39,深位,430860.0,431231.62835037994,431256.7942086563,396.794208656298,否
IN0458,B6T0000001375,E1,7,13,4,47,深位,430860.0,431273.3816262944,431298.59704196,438.59704195999075,否
IN0458,B6T0000001375,E1,7,13,1,66,浅位,430860.0,431315.1842024256,431340.41246329516,480.41246329515707,否
IN0458,B6T0000001375,E1,7,13,1,66,深位,430860.0,431356.845456457,431382.07371732657,522.0737173265661,否
IN0159,B6T0000000466,E3,7,13,15,57,深位,431040.0,431398.5067104884,431433.211133277,393.2111332769855,否
IN0159,B6T0000000466,E3,7,14,15,57,浅位,431040.0,431457.411133277,431492.1155560656,452.1155560655752,否
IN0595,B6T0000001769,E1,7,13,3,3,浅位,435480.0,435480.0,435493.93623757013,13.936237570131198,否
IN0595,B6T0000001769,E1,7,13,3,3,深位,435480.0,435500.6861079638,435514.6223455339,34.62234553392045,否
IN0595,B6T0000001769,E1,7,14,2,8,浅位,435480.0,435521.3722159276,435536.4931717922,56.49317179218633,否
IN0595,B6T0000001769,E1,7,13,10,1,浅位,435480.0,435544.3812431732,435561.7620746929,81.76207469287328,否
IN0308,B6T0000000931,E3,7,13,10,1,深位,441780.0,441780.0,441797.38083151967,17.380831519665662,否
IN0308,B6T0000000931,E3,7,14,10,1,浅位,441780.0,441806.8291027637,441824.20993428334,44.20993428333895,否
IN0308,B6T0000000931,E3,7,14,10,1,深位,441780.0,441833.65820552735,441851.039037047,71.03903704701224,否
IN0308,B6T0000000931,E3,7,14,9,9,浅位,441780.0,441860.487308291,441880.97258966527,100.97258966526715,否
IN0308,B6T0000000931,E3,7,14,9,9,深位,441780.0,441893.2673560415,441913.7526374158,133.7526374157751,否
IN0308,B6T0000000931,E3,7,13,9,10,浅位,441780.0,441926.04740379204,441946.8572404866,166.85724048659904,否
IN0308,B6T0000000931,E3,7,13,9,10,深位,441780.0,441959.4422979664,441980.25213466096,200.25213466095738,否
IN0308,B6T0000000931,E3,7,14,13,5,深位,441780.0,441992.83719214075,442014.97139706125,234.97139706125017,否
IN0308,B6T0000000931,E3,7,13,12,10,深位,441780.0,442028.49330163264,442051.7723081031,271.77230810309993,否
IN0308,B6T0000000931,E3,7,14,12,10,浅位,441780.0,442066.3734342626,442089.65244073304,309.6524407330435,否
IN0308,B6T0000000931,E3,7,14,12,10,深位,441780.0,442104.2535668925,442127.532573363,347.532573362987,否
