订单号,原材料编号,箱子类型,堆垛机编号,货架号,层(z),列(x),深浅位,到达时刻(s),开始时刻(s),完成时刻(s),操作时间(s),等待时间(s),流动时间(s),是否复合
3639,B6T0000001187,E3,1,1,31,37,浅位,240.0,240.0,312.2751544179829,72.27515441798286,0.0,72.27515441798289,否
3638,B6T0000001187,E3,1,1,31,37,深位,240.0,312.2751544179829,384.5503088359658,72.27515441798286,72.27515441798289,144.55030883596578,否
3036,B6T0000001703,E1,1,1,2,31,浅位,3300.0,3300.0,3333.387977143935,33.387977143934975,0.0,33.38797714393513,否
3035,B6T0000001703,E1,1,1,2,31,深位,3300.0,3333.387977143935,3366.7759542878703,33.387977143934975,33.38797714393513,66.77595428787026,否
3034,B6T0000001703,E1,1,2,2,31,浅位,3300.0,3366.7759542878703,3400.1639314318054,33.387977143934975,66.77595428787026,100.1639314318054,否
2525,B6T0000001776,E1,1,1,7,17,浅位,7500.0,7631.894908976836,7666.6156989223855,34.720789945549505,131.89490897683572,166.6156989223855,否
483,B6T0000001101,E3,1,2,12,7,浅位,9300.0,9300.0,9335.923089508711,35.92308950871136,0.0,35.9230895087112,否
484,B6T0000001101,E3,1,2,12,7,深位,9300.0,9335.923089508711,9371.846179017422,35.92308950871136,35.9230895087112,71.8461790174224,否
2612,B6T0000000877,E3,1,1,9,33,浅位,13860.0,13896.273187175719,13932.830599087292,36.557411911572984,36.273187175718704,72.83059908729228,是
2613,B6T0000000877,E3,1,1,9,33,深位,13860.0,13958.805005754606,13984.77941242192,25.974406667314625,98.8050057546061,124.77941242191991,是
2614,B6T0000000877,E3,1,2,9,33,浅位,13860.0,14010.753819089236,14036.72822575655,25.974406667314625,150.75381908923555,176.72822575654936,是
2615,B6T0000000877,E3,1,2,9,33,深位,13860.0,14062.702632423865,14088.677039091179,25.974406667314625,202.702632423865,228.6770390911788,是
3220,B6T0000001266,E3,1,1,9,45,浅位,15180.0,15255.021632073544,15294.546547340782,39.524915267238896,75.02163207354351,114.54654734078213,是
3222,B6T0000001266,E3,1,1,9,45,深位,15180.0,15322.607915671542,15350.669284002302,28.06136833076031,142.6079156715423,170.66928400230245,是
3221,B6T0000001266,E3,1,2,9,45,浅位,15180.0,15378.730652333063,15406.792020663823,28.06136833076031,198.7306523330626,226.79202066382277,是
3390,B6T0000001652,E1,1,1,1,44,浅位,16620.0,16653.33340425107,16690.90054397339,37.56713972232074,33.333404251068714,70.90054397338827,是
3391,B6T0000001652,E1,1,1,1,44,深位,16620.0,16723.979017783182,16761.5461575055,37.56713972232074,103.97901778318192,141.54615750550147,是
1507,B6T0000000118,E4,1,1,43,10,浅位,17760.0,17760.0,17836.01934060431,76.01934060431192,0.0,76.01934060431086,否
1506,B6T0000000118,E4,1,1,43,10,深位,17760.0,17836.01934060431,17912.03868120862,76.01934060431192,76.01934060431086,152.0386812086217,否
1509,B6T0000000118,E4,1,2,43,10,浅位,17760.0,17912.03868120862,17988.058021812933,76.01934060431192,152.0386812086217,228.05802181293257,否
1510,B6T0000000118,E4,1,2,43,10,深位,17760.0,17988.058021812933,18064.077362417243,76.01934060431192,228.05802181293257,304.0773624172434,否
587,B6T0000001238,E3,1,1,17,2,浅位,19080.0,19675.5054091895,19712.95101476422,37.44560557471998,595.5054091894999,632.9510147642213,否
708,B6T0000000313,E4,1,1,45,3,浅位,19560.0,19968.08291091217,20041.740801503125,73.65789059095431,408.0829109121696,481.7408015031251,否
709,B6T0000000313,E4,1,1,45,3,深位,19560.0,20041.740801503125,20115.39869209408,73.65789059095431,481.7408015031251,555.3986920940806,否
710,B6T0000000313,E4,1,2,45,3,浅位,19560.0,20115.39869209408,20189.056582685036,73.65789059095431,555.3986920940806,629.0565826850361,否
712,B6T0000000313,E4,1,2,45,3,深位,19560.0,20189.056582685036,20262.71447327599,73.65789059095431,629.0565826850361,702.7144732759916,否
741,B6T0000000140,E4,1,1,43,6,浅位,25680.0,25680.0,25753.31869098009,73.31869098009047,0.0,73.31869098008974,否
742,B6T0000000140,E4,1,1,43,6,深位,25680.0,25753.31869098009,25826.63738196018,73.31869098009047,73.31869098008974,146.63738196017948,否
895,B6T0000000488,E3,1,1,13,8,浅位,25680.0,25903.591717236603,25941.492189279274,37.90047204266949,223.59171723660256,261.4921892792736,否
897,B6T0000000488,E3,1,1,13,8,深位,25680.0,25941.492189279274,25979.392661321945,37.90047204266949,261.4921892792736,299.3926613219446,否
898,B6T0000000488,E3,1,2,13,8,浅位,25680.0,25979.392661321945,26017.293133364616,37.90047204266949,299.3926613219446,337.29313336461564,否
896,B6T0000000488,E3,1,2,13,8,深位,25680.0,26017.293133364616,26055.193605407287,37.90047204266949,337.29313336461564,375.19360540728667,否
750,B6T0000000140,E4,1,1,46,2,浅位,25680.0,26730.769913984823,26804.752301168737,73.98238718391542,1050.7699139848228,1124.7523011687372,否
749,B6T0000000140,E4,1,1,46,2,深位,25680.0,26804.752301168737,26878.73468835265,73.98238718391542,1124.7523011687372,1198.7346883526516,否
747,B6T0000000140,E4,1,2,46,2,浅位,25680.0,26878.73468835265,26952.717075536566,73.98238718391542,1198.7346883526516,1272.717075536566,否
3059,B6T0000001131,E3,1,1,17,32,浅位,26820.0,26952.717075536566,27006.23742886993,53.52035333336266,132.71707553656597,186.2374288699284,否
733,B6T0000000140,E4,1,2,46,2,深位,25680.0,27006.23742886993,27080.219816053843,73.98238718391542,1326.2374288699284,1400.2198160538428,否
3269,B6T0000001653,E1,1,1,1,40,浅位,33660.0,33660.0,33693.65322339997,33.65322339997064,0.0,33.65322339996783,否
3268,B6T0000001653,E1,1,1,1,40,深位,33660.0,33693.65322339997,33727.306446799936,33.65322339997064,33.65322339996783,67.30644679993566,否
3478,B6T0000000833,E3,1,2,11,52,浅位,37200.0,37200.0,37252.25151461925,52.251514619253,0.0,52.2515146192527,否
3479,B6T0000000833,E3,1,2,11,52,深位,37200.0,37252.25151461925,37304.503029238505,52.251514619253,52.2515146192527,104.5030292385054,否
1970,B6T0000000437,E3,1,2,13,20,浅位,42600.0,42600.0,42644.128245446904,44.12824544690687,0.0,44.12824544690375,否
1971,B6T0000000437,E3,1,2,13,20,深位,42600.0,42644.128245446904,42688.25649089381,44.12824544690687,44.12824544690375,88.2564908938075,否
2100,B6T0000001607,E1,1,1,7,10,浅位,43440.0,43557.86075142381,43588.94110412212,31.080352698309014,117.86075142381014,148.9411041221174,否
2099,B6T0000001607,E1,1,1,7,10,深位,43440.0,43588.94110412212,43620.021456820425,31.080352698309014,148.9411041221174,180.02145682042465,否
2102,B6T0000001607,E1,1,2,7,10,浅位,43440.0,43620.021456820425,43651.10180951873,31.080352698309014,180.02145682042465,211.1018095187319,否
2058,B6T0000000120,E4,1,1,45,11,浅位,43980.0,43980.0,44059.66161066924,79.66161066923794,0.0,79.66161066923814,否
2063,B6T0000000120,E4,1,1,45,11,深位,43980.0,44059.66161066924,44139.323221338476,79.66161066923794,79.66161066923814,159.3232213384763,否
2062,B6T0000000120,E4,1,2,45,11,浅位,43980.0,44139.323221338476,44218.984832007714,79.66161066923794,159.3232213384763,238.98483200771443,否
2061,B6T0000000120,E4,1,2,45,11,深位,43980.0,44245.59117288323,44320.15305457546,74.56188169222757,265.59117288322886,340.15305457545765,是
432,B6T0000000678,E3,1,1,9,10,浅位,46320.0,46320.0,46353.394894174344,33.39489417434322,0.0,33.39489417434379,否
431,B6T0000000678,E3,1,1,9,10,深位,46320.0,46353.394894174344,46386.78978834869,33.39489417434322,33.39489417434379,66.78978834868758,否
427,B6T0000000678,E3,1,2,9,10,浅位,51600.0,51600.0,51633.394894174344,33.39489417434322,0.0,33.39489417434379,否
428,B6T0000000678,E3,1,2,9,10,深位,51600.0,51633.394894174344,51666.78978834869,33.39489417434322,33.39489417434379,66.78978834868758,否
2166,B6T0000001771,E1,1,1,5,12,浅位,52020.0,52040.80983669458,52067.16684153856,26.35700484397657,20.809836694577825,47.16684153855749,是
2167,B6T0000001771,E1,1,1,5,12,深位,52020.0,52087.97667823313,52114.33368307711,26.35700484397657,67.97667823312804,94.33368307710771,是
2168,B6T0000001771,E1,1,2,5,12,浅位,52020.0,52147.64682987938,52186.59168121653,38.94485133715673,127.64682987937704,166.59168121653056,是
2165,B6T0000001771,E1,1,2,5,12,深位,52020.0,52220.01798111329,52258.87918763581,38.861206522516895,200.01798111329117,238.8791876358082,是
3301,B6T0000000085,E4,1,1,45,30,浅位,53880.0,53880.0,53967.847812420085,87.84781242008665,0.0,87.84781242008467,否
3300,B6T0000000085,E4,1,1,45,30,深位,53880.0,53967.847812420085,54055.69562484017,87.84781242008665,87.84781242008467,175.69562484016933,否
1938,B6T0000001937,E1,1,1,8,8,浅位,54360.0,54423.662718878964,54454.449739397474,30.78702051851338,63.66271887896437,94.44973939747433,否
1939,B6T0000001937,E1,1,1,8,8,深位,54360.0,54454.449739397474,54485.236759915984,30.78702051851338,94.44973939747433,125.2367599159843,否
1940,B6T0000001937,E1,1,2,8,8,浅位,54360.0,54485.236759915984,54516.023780434494,30.78702051851338,125.2367599159843,156.02378043449426,否
1934,B6T0000001937,E1,1,2,8,8,深位,54360.0,54516.023780434494,54546.810800953004,30.78702051851338,156.02378043449426,186.81080095300422,否
3596,B6T0000000222,E4,1,1,44,42,浅位,55200.0,55200.0,55290.21411588971,90.2141158897052,0.0,90.21411588970659,否
3597,B6T0000000222,E4,1,1,44,42,深位,55200.0,55290.21411588971,55380.42823177941,90.2141158897052,90.21411588970659,180.42823177941318,否
1537,B6T0000000088,E4,1,1,48,4,浅位,55680.0,55833.86645962534,55913.12577758474,79.25931795940198,153.86645962533657,233.12577758474072,否
1536,B6T0000000088,E4,1,1,48,4,深位,55680.0,55913.12577758474,55992.385095544145,79.25931795940198,233.12577758474072,312.38509554414486,否
1535,B6T0000000088,E4,1,2,48,4,浅位,55680.0,55992.385095544145,56071.64441350355,79.25931795940198,312.38509554414486,391.644413503549,否
1534,B6T0000000088,E4,1,2,48,4,深位,55680.0,56071.64441350355,56150.90373146295,79.25931795940198,391.644413503549,470.90373146295315,否
3304,B6T0000000643,E3,1,2,40,16,浅位,86340.0,86340.0,86415.37150948202,75.37150948202233,0.0,75.37150948202179,否
3305,B6T0000000643,E3,1,2,40,16,深位,86340.0,86415.37150948202,86490.74301896404,75.37150948202233,75.37150948202179,150.74301896404359,否
1471,B6T0000000631,E3,1,1,26,1,浅位,86520.0,86520.0,86566.88310725556,46.883107255563054,0.0,46.88310725556221,否
1480,B6T0000000631,E3,1,1,26,1,深位,86520.0,86566.88310725556,86613.76621451112,46.883107255563054,46.88310725556221,93.76621451112442,否
1479,B6T0000000631,E3,1,2,26,1,浅位,86520.0,86613.76621451112,86660.64932176669,46.883107255563054,93.76621451112442,140.64932176668663,否
1472,B6T0000000631,E3,1,2,26,1,深位,86520.0,86660.64932176669,86707.53242902225,46.883107255563054,140.64932176668663,187.53242902224883,否
1381,B6T0000000104,E4,1,1,43,9,浅位,86820.0,86820.0,86895.40449418048,75.40449418048227,0.0,75.40449418047501,否
1382,B6T0000000104,E4,1,1,43,9,深位,86820.0,86895.40449418048,86970.80898836095,75.40449418048227,75.40449418047501,150.80898836095002,否
1383,B6T0000000104,E4,1,2,43,9,浅位,86820.0,86990.34670223431,87064.51094419173,74.16424195741885,170.34670223431021,244.51094419173023,是
3048,B6T0000000848,E3,1,1,9,40,浅位,87060.0,87084.34790071347,87122.27270711909,37.92480640561039,24.34790071347379,62.27270711908932,是
635,B6T0000000469,E3,1,1,9,11,浅位,87120.0,87142.75798849331,87173.5083627603,30.750374266995415,22.757988493307494,53.50836276030168,是
634,B6T0000000469,E3,1,1,9,11,深位,87120.0,87194.1079931011,87229.5510793764,35.44308627528613,74.10799310110451,109.55107937639696,是
633,B6T0000000469,E3,1,2,9,11,浅位,87120.0,87250.15070971719,87285.59379599248,35.44308627528613,130.15070971718524,165.59379599247768,是
638,B6T0000000469,E3,1,2,9,11,深位,87120.0,87306.19342633327,87341.63651260856,35.44308627528613,186.19342633326596,221.6365126085584,是
3046,B6T0000000848,E3,1,1,9,40,深位,87060.0,87362.34303434768,87396.2678407533,33.92480640561039,302.34303434767935,336.2678407532949,是
3047,B6T0000000848,E3,1,2,9,40,浅位,87060.0,87416.97436249242,87450.89916889803,33.92480640561039,356.9743624924158,390.89916889803135,是
1388,B6T0000000104,E4,1,2,43,9,深位,86820.0,87471.77862972996,87545.40953835404,73.63090862408552,651.7786297299608,725.4095383540407,是
3528,B6T0000000262,E4,1,1,45,39,浅位,86880.0,87566.29270402281,87652.14279921197,85.85009518916877,686.2927040228096,772.1427992119716,是
3529,B6T0000000262,E4,1,1,45,39,深位,86880.0,87673.26133016692,87759.95506881438,86.69373864746217,793.2613301669189,879.955068814379,是
2436,B6T0000001589,E1,1,2,2,18,浅位,87720.0,87781.07359976933,87810.08040190552,29.006802136192775,61.07359976932639,90.08040190552128,是
2439,B6T0000001589,E1,1,2,2,18,深位,87720.0,87831.19893286047,87860.20573499666,29.006802136192775,111.19893286046863,140.20573499666352,是
2161,B6T0000001774,E1,1,2,3,13,浅位,87840.0,87881.32426595161,87907.42516716322,26.100901211614158,41.32426595161087,67.4251671632228,是
2160,B6T0000001774,E1,1,2,3,13,深位,87840.0,87934.61697027659,87967.48320939096,32.86623911437726,94.61697027659102,127.48320939096448,是
188,B6T0000000932,E3,1,1,9,8,浅位,88140.0,88140.0,88172.12998311028,32.129983110275866,0.0,32.12998311028059,否
1687,B6T0000001375,E1,1,1,2,9,浅位,88320.0,88320.0,88343.65909188589,23.65909188588344,0.0,23.659091885885573,否
1696,B6T0000001375,E1,1,1,2,9,深位,88320.0,88343.65909188589,88367.31818377177,23.65909188588344,23.659091885885573,47.318183771771146,否
1688,B6T0000001375,E1,1,2,2,9,浅位,88320.0,88367.31818377177,88390.97727565766,23.65909188588344,47.318183771771146,70.97727565765672,否
1695,B6T0000001375,E1,1,2,2,9,深位,88320.0,88390.97727565766,88414.63636754354,23.65909188588344,70.97727565765672,94.63636754354229,否
469,B6T0000001382,E1,1,1,2,4,浅位,88620.0,88620.0,88639.87023750388,19.870237503883608,0.0,19.87023750388471,否
800,B6T0000000540,E3,1,1,9,12,浅位,88620.0,88639.87023750388,88674.40869869261,34.538461188721456,19.87023750388471,54.408698692612234,否
801,B6T0000000540,E3,1,1,9,12,深位,88620.0,88674.40869869261,88708.94715988134,34.538461188721456,54.408698692612234,88.94715988133976,否
802,B6T0000000540,E3,1,2,9,12,浅位,88620.0,88708.94715988134,88743.48562107007,34.538461188721456,88.94715988133976,123.48562107006728,否
799,B6T0000000540,E3,1,2,9,12,深位,88620.0,88763.6277566938,88788.6189500623,24.99119336851374,143.62775669379334,168.61895006230043,是
403,B6T0000000471,E3,1,1,17,1,浅位,88740.0,88810.03243466683,88847.62368741872,37.59125275188296,70.03243466683489,107.62368741871614,是
402,B6T0000000471,E3,1,1,17,1,深位,88740.0,88869.03717202324,88906.62842477512,37.59125275188296,129.03717202323605,166.6284247751173,是
407,B6T0000000471,E3,1,2,17,1,浅位,88740.0,88928.04190937964,88965.63316213152,37.59125275188296,188.04190937963722,225.63316213151847,是
404,B6T0000000471,E3,1,2,17,1,深位,88740.0,88987.04664673604,89024.63789948792,37.59125275188296,247.04664673603838,284.63789948791964,是
181,B6T0000000932,E3,1,1,9,8,深位,89040.0,89082.93479984693,89117.04740360417,34.112603757244656,42.93479984693113,77.04740360417054,是
180,B6T0000000932,E3,1,2,9,8,浅位,89040.0,89137.1895392279,89157.33167485162,20.14213562373095,97.1895392278966,117.33167485162267,是
179,B6T0000000932,E3,1,2,9,8,深位,89040.0,89177.47381047536,89197.61594609909,20.14213562373095,137.47381047536328,157.61594609908934,是
2130,B6T0000000727,E3,1,1,17,18,浅位,89040.0,89217.75808172283,89261.55851130877,43.80042958593738,177.75808172282996,221.55851130877272,是
2132,B6T0000000727,E3,1,1,17,18,深位,89040.0,89283.97920096395,89320.2608075592,36.28160659524529,243.97920096394955,280.26080755919975,是
2127,B6T0000000727,E3,1,2,17,18,浅位,89040.0,89342.68149721436,89378.96310380961,36.28160659524529,302.681497214362,338.9631038096122,是
2128,B6T0000000727,E3,1,2,17,18,深位,89040.0,89406.15490692297,89452.68895304477,46.53404612180621,366.1549069229659,412.6889530447661,是
2986,B6T0000001732,E1,1,2,5,28,浅位,89520.0,89573.63336134986,89620.77819329168,47.14483194182283,53.633361349857296,100.77819329168415,是
2988,B6T0000001732,E1,1,2,5,28,深位,89520.0,89649.40577949857,89696.5506114404,47.14483194182283,129.40577949857106,176.55061144039792,是
2022,B6T0000000073,E4,1,1,43,13,浅位,92040.0,92128.83369065083,92207.01605756958,78.1823669187441,88.83369065083389,167.01605756957724,是
2023,B6T0000000073,E4,1,1,43,13,深位,92040.0,92241.21073523075,92320.45976881616,79.24903358541076,201.2107352307503,280.45976881615934,是
2024,B6T0000000073,E4,1,2,43,13,浅位,92040.0,92320.45976881616,92398.1586086002,77.6988397840496,280.45976881615934,358.1586086002062,否
2026,B6T0000000073,E4,1,2,43,13,深位,92040.0,92398.1586086002,92475.85744838425,77.6988397840496,358.1586086002062,435.8574483842531,否
3406,B6T0000000663,E3,1,1,31,29,浅位,92580.0,92580.0,92649.6128006796,69.61280067960172,0.0,69.61280067960615,否
3407,B6T0000000663,E3,1,1,31,29,深位,92580.0,92649.6128006796,92719.22560135921,69.61280067960172,69.61280067960615,139.2256013592123,否
3086,B6T0000001251,E3,1,1,9,41,浅位,93900.0,93900.0,93945.74817623774,45.748176237743856,0.0,45.74817623774288,否
3085,B6T0000001251,E3,1,1,9,41,深位,93900.0,93945.74817623774,93991.49635247549,45.748176237743856,45.74817623774288,91.49635247548576,否
3087,B6T0000001251,E3,1,2,9,41,浅位,93900.0,93991.49635247549,94037.24452871323,45.748176237743856,91.49635247548576,137.24452871322865,否
1412,B6T0000000408,E3,1,1,24,2,浅位,97380.0,97380.0,97426.00652511495,46.006525114949866,0.0,46.00652511494991,否
1403,B6T0000000408,E3,1,1,24,2,深位,97380.0,97426.00652511495,97472.0130502299,46.006525114949866,46.00652511494991,92.01305022989982,否
1404,B6T0000000408,E3,1,2,24,2,浅位,97380.0,97472.0130502299,97518.01957534485,46.006525114949866,92.01305022989982,138.01957534484973,否
1405,B6T0000000408,E3,1,2,24,2,深位,97380.0,97518.01957534485,97564.0261004598,46.006525114949866,138.01957534484973,184.02610045979964,否
1316,B6T0000000836,E3,1,1,12,14,浅位,97740.0,97740.0,97780.07531804593,40.07531804592297,0.0,40.075318045928725,否
1315,B6T0000000836,E3,1,1,12,14,深位,97740.0,97780.07531804593,97820.15063609186,40.07531804592297,40.075318045928725,80.15063609185745,否
1314,B6T0000000836,E3,1,2,12,14,浅位,97740.0,97820.15063609186,97860.22595413779,40.07531804592297,80.15063609185745,120.22595413778618,否
1308,B6T0000000836,E3,1,2,12,14,深位,97740.0,97860.22595413779,97900.30127218371,40.07531804592297,120.22595413778618,160.3012721837149,否
2928,B6T0000000048,E4,1,1,47,19,浅位,100620.0,100620.0,100706.66810692615,86.66810692614695,0.0,86.668106926154,否
2927,B6T0000000048,E4,1,1,47,19,深位,100620.0,100706.66810692615,100793.33621385231,86.66810692614695,86.668106926154,173.336213852308,否
2926,B6T0000000048,E4,1,2,47,19,浅位,100620.0,100793.33621385231,100880.00432077846,86.66810692614695,173.336213852308,260.004320778462,否
3573,B6T0000001960,E1,1,1,1,52,浅位,105720.0,105720.0,105757.35980475605,37.35980475605835,0.0,37.359804756051744,否
3572,B6T0000001960,E1,1,1,1,52,深位,105720.0,105757.35980475605,105794.7196095121,37.35980475605835,37.359804756051744,74.71960951210349,否
933,B6T0000000508,E3,1,1,9,13,浅位,106200.0,106200.0,106235.07439335408,35.0743933540809,0.0,35.0743933540798,否
934,B6T0000000508,E3,1,1,9,13,深位,106200.0,106235.07439335408,106270.14878670816,35.0743933540809,35.0743933540798,70.1487867081596,否
935,B6T0000000508,E3,1,2,9,13,浅位,106200.0,106270.14878670816,106305.22318006224,35.0743933540809,70.1487867081596,105.22318006223941,否
1060,B6T0000001185,E3,1,1,21,2,浅位,106380.0,106548.44416838931,106590.78172798702,42.337559597708484,168.4441683893092,210.78172798702144,否
1061,B6T0000001185,E3,1,1,21,2,深位,106380.0,106590.78172798702,106633.11928758473,42.337559597708484,210.78172798702144,253.11928758473368,否
1062,B6T0000001185,E3,1,2,21,2,浅位,106380.0,106633.11928758473,106675.45684718245,42.337559597708484,253.11928758473368,295.4568471824459,否
1063,B6T0000001185,E3,1,2,21,2,深位,106380.0,106675.45684718245,106717.79440678016,42.337559597708484,295.4568471824459,337.79440678015817,否
3715,B6T0000001576,E1,1,1,4,56,浅位,107220.0,107220.0,107264.56779352251,44.56779352251703,0.0,44.56779352251033,否
3714,B6T0000001576,E1,1,1,4,56,深位,107220.0,107264.56779352251,107309.13558704502,44.56779352251703,44.56779352251033,89.13558704502066,否
2629,B6T0000000942,E3,1,1,17,25,浅位,108420.0,108520.36762048813,108571.39924871997,51.03162823183824,100.36762048813398,151.3992487199721,否
2630,B6T0000000942,E3,1,1,17,25,深位,108420.0,108571.39924871997,108622.43087695181,51.03162823183824,151.3992487199721,202.4308769518102,否
2961,B6T0000001529,E1,1,2,4,28,浅位,110700.0,110700.0,110735.66072931829,35.660729318285505,0.0,35.66072931828967,否
2959,B6T0000001529,E1,1,2,4,28,深位,110700.0,110735.66072931829,110771.32145863658,35.660729318285505,35.66072931828967,71.32145863657934,否
2574,B6T0000000647,E3,1,1,15,26,浅位,111780.0,111972.42342272366,112021.38424446198,48.9608217383235,192.42342272365931,241.38424446198042,否
563,B6T0000001238,E3,1,1,17,2,深位,113640.0,113687.26701030732,113735.38241921025,48.11540890292848,47.26701030731783,95.38241921024746,是
562,B6T0000001238,E3,1,2,17,2,浅位,113640.0,113781.03145279565,113829.14686169858,48.11540890292848,141.0314527956507,189.14686169858032,是
560,B6T0000001238,E3,1,2,17,2,深位,113640.0,113874.79589528398,113922.91130418691,48.11540890292848,234.79589528398355,282.9113041869132,是
50,B6T0000001104,E3,1,1,9,4,浅位,123780.0,123949.88134444228,123978.87253781079,28.99119336851374,169.8813444422849,198.87253781079198,否
42,B6T0000001104,E3,1,1,9,4,深位,123780.0,123978.87253781079,124007.8637311793,28.99119336851374,198.87253781079198,227.86373117929907,否
52,B6T0000001104,E3,1,2,9,4,浅位,123780.0,124007.8637311793,124036.8549245478,28.99119336851374,227.86373117929907,256.85492454780615,否
53,B6T0000001104,E3,1,2,9,4,深位,123780.0,124036.8549245478,124065.84611791631,28.99119336851374,256.85492454780615,285.84611791631323,否
1582,B6T0000001102,E3,1,2,13,20,浅位,127860.0,127860.0,127904.1282454469,44.12824544690687,0.0,44.12824544690375,否
1580,B6T0000001102,E3,1,2,13,20,深位,127860.0,127904.1282454469,127948.25649089381,44.12824544690687,44.12824544690375,88.2564908938075,否
1583,B6T0000001102,E3,1,1,26,2,浅位,127860.0,127948.25649089381,127996.70899302025,48.45250212644412,88.2564908938075,136.70899302024918,否
1584,B6T0000001102,E3,1,1,26,2,深位,127860.0,127996.70899302025,128045.16149514669,48.45250212644412,136.70899302024918,185.16149514669087,否
1579,B6T0000001102,E3,1,2,26,2,浅位,127860.0,128045.16149514669,128093.61399727313,48.45250212644412,185.16149514669087,233.61399727313255,否
1585,B6T0000001102,E3,1,2,26,2,深位,127860.0,128093.61399727313,128142.06649939957,48.45250212644412,233.61399727313255,282.06649939957424,否
1586,B6T0000001102,E3,1,2,25,3,浅位,127860.0,128142.06649939957,128190.5002520595,48.433752659919776,282.06649939957424,330.5002520595008,否
1587,B6T0000001102,E3,1,2,25,3,深位,127860.0,128190.5002520595,128238.93400471943,48.433752659919776,330.5002520595008,378.9340047194273,否
3579,B6T0000000206,E4,1,1,46,39,浅位,127980.0,128238.93400471943,128331.26214338113,92.32813866170184,258.9340047194273,351.26214338112914,否
3578,B6T0000000206,E4,1,1,46,39,深位,127980.0,128331.26214338113,128423.59028204283,92.32813866170184,351.26214338112914,443.59028204283095,否
3522,B6T0000001764,E1,1,1,8,46,浅位,128640.0,128640.0,128685.95385534609,45.95385534608492,0.0,45.95385534608795,否
3523,B6T0000001764,E1,1,1,8,46,深位,128640.0,128685.95385534609,128731.90771069218,45.95385534608492,45.95385534608795,91.9077106921759,否
1046,B6T0000001052,E3,1,1,18,5,浅位,130740.0,131070.94493013958,131112.72741092218,41.78248078258579,330.9449301395798,372.7274109221762,否
1033,B6T0000001052,E3,1,1,18,5,深位,130740.0,131112.72741092218,131154.50989170477,41.78248078258579,372.7274109221762,414.5098917047726,否
1034,B6T0000001052,E3,1,2,18,5,浅位,130740.0,131154.50989170477,131196.29237248737,41.78248078258579,414.5098917047726,456.292372487369,否
1035,B6T0000001052,E3,1,2,18,5,深位,130740.0,131196.29237248737,131238.07485326997,41.78248078258579,456.292372487369,498.0748532699654,否
3333,B6T0000000143,E4,1,1,43,34,浅位,131700.0,131700.0,131786.13169836107,86.13169836106789,0.0,86.13169836107409,否
3332,B6T0000000143,E4,1,1,43,34,深位,131700.0,131786.13169836107,131872.26339672215,86.13169836106789,86.13169836107409,172.26339672214817,否
2523,B6T0000001186,E3,1,1,31,9,浅位,136200.0,136319.93523293274,136380.51099148105,60.57575854829836,119.93523293273756,180.5109914810455,否
2524,B6T0000001186,E3,1,1,31,9,深位,136200.0,136380.51099148105,136441.08675002935,60.57575854829836,180.5109914810455,241.08675002935342,否
2520,B6T0000001186,E3,1,2,31,9,浅位,136200.0,136441.08675002935,136501.66250857766,60.57575854829836,241.08675002935342,301.66250857766136,否
2751,B6T0000001729,E1,1,1,2,25,浅位,136560.0,136560.0,136591.23680064987,31.236800649883108,0.0,31.236800649872748,否
2750,B6T0000001729,E1,1,1,2,25,深位,136560.0,136591.23680064987,136622.47360129975,31.236800649883108,31.236800649872748,62.473601299745496,否
2749,B6T0000001729,E1,1,2,2,25,浅位,136560.0,136622.47360129975,136653.71040194962,31.236800649883108,62.473601299745496,93.71040194961824,否
2748,B6T0000001729,E1,1,2,2,25,深位,136560.0,136653.71040194962,136684.9472025995,31.236800649883108,93.71040194961824,124.94720259949099,否
2882,B6T0000001470,E1,1,1,1,28,浅位,138360.0,138436.8351243257,138488.15108835965,51.315964033934904,76.83512432570569,128.1510883596493,是
2883,B6T0000001470,E1,1,1,1,28,深位,138360.0,138488.15108835965,138517.8328144187,29.681726059073203,128.1510883596493,157.83281441871077,否
2880,B6T0000001470,E1,1,2,1,28,浅位,138360.0,138517.8328144187,138547.51454047777,29.681726059073203,157.83281441871077,187.51454047777224,否
2881,B6T0000001470,E1,1,2,1,28,深位,138360.0,138547.51454047777,138577.19626653683,29.681726059073203,187.51454047777224,217.19626653683372,否
2840,B6T0000001351,E1,1,1,6,25,浅位,139980.0,139980.0,140016.9935470938,36.9935470938006,0.0,36.993547093792586,否
2841,B6T0000001351,E1,1,1,6,25,深位,139980.0,140016.9935470938,140053.98709418759,36.9935470938006,36.993547093792586,73.98709418758517,否
2842,B6T0000001351,E1,1,2,6,25,浅位,139980.0,140053.98709418759,140090.98064128138,36.9935470938006,73.98709418758517,110.98064128137776,否
2843,B6T0000001351,E1,1,2,6,25,深位,139980.0,140090.98064128138,140127.97418837517,36.9935470938006,110.98064128137776,147.97418837517034,否
2638,B6T0000001516,E1,1,1,1,23,浅位,140160.0,140160.0,140187.8037004443,27.803700444291778,0.0,27.803700444288552,否
557,B6T0000001827,E1,1,1,4,3,浅位,140580.0,140637.48542650335,140659.65991121653,22.174484713171445,57.48542650335003,79.65991121652769,否
556,B6T0000001827,E1,1,1,4,3,深位,140580.0,140659.65991121653,140681.8343959297,22.174484713171445,79.65991121652769,101.83439592970535,否
555,B6T0000001827,E1,1,2,4,3,浅位,140580.0,140681.8343959297,140704.00888064288,22.174484713171445,101.83439592970535,124.00888064288301,否
551,B6T0000001827,E1,1,2,4,3,深位,140580.0,140704.00888064288,140726.18336535606,22.174484713171445,124.00888064288301,146.18336535606068,否
2859,B6T0000000686,E3,1,2,18,28,浅位,140640.0,140726.18336535606,140779.54244308086,53.35907772480395,86.18336535606068,139.54244308086345,否
2858,B6T0000000686,E3,1,2,18,28,深位,140640.0,140779.54244308086,140832.90152080567,53.35907772480395,139.54244308086345,192.90152080566622,否
3601,B6T0000000995,E3,1,1,29,38,浅位,141480.0,141494.75560423726,141563.52719019118,68.77158595390355,14.755604237259831,83.52719019117649,是
3600,B6T0000000995,E3,1,1,29,38,深位,141480.0,141578.28279442844,141647.05438038235,68.77158595390355,98.28279442843632,167.05438038235297,是
3653,B6T0000000006,E4,1,1,43,45,浅位,142560.0,142560.0,142649.614017991,89.61401799100452,0.0,89.61401799099986,否
3019,B6T0000001093,E3,1,2,13,8,浅位,142620.0,142649.614017991,142687.51449003367,37.90047204266949,29.614017990999855,67.51449003367452,否
3021,B6T0000001093,E3,1,2,13,8,深位,142620.0,142687.51449003367,142725.41496207635,37.90047204266949,67.51449003367452,105.41496207634918,否
3020,B6T0000001093,E3,1,1,17,32,浅位,142620.0,142725.41496207635,142778.9353154097,53.52035333336266,105.41496207634918,158.93531540970434,否
3652,B6T0000000006,E4,1,1,43,45,深位,142560.0,142778.9353154097,142868.5493334007,89.61401799100452,218.93531540970434,308.5493334007042,否
2401,B6T0000001888,E1,1,1,1,18,浅位,142980.0,142980.0,143005.7077409205,25.707740920498132,0.0,25.707740920508513,否
2402,B6T0000001888,E1,1,1,1,18,深位,142980.0,143005.7077409205,143031.41548184102,25.707740920498132,25.707740920508513,51.41548184101703,否
2403,B6T0000001888,E1,1,2,1,18,浅位,142980.0,143031.41548184102,143057.12322276153,25.707740920498132,51.41548184101703,77.12322276152554,否
2400,B6T0000001888,E1,1,2,1,18,深位,142980.0,143057.12322276153,143082.83096368203,25.707740920498132,77.12322276152554,102.83096368203405,否
74,B6T0000000261,E4,1,1,43,1,浅位,143520.0,143520.0,143587.8267854165,67.82678541648261,0.0,67.82678541648784,否
81,B6T0000000261,E4,1,1,43,1,深位,143520.0,143587.8267854165,143655.65357083298,67.82678541648261,67.82678541648784,135.65357083297567,否
72,B6T0000000261,E4,1,2,43,1,浅位,143520.0,143655.65357083298,143723.48035624946,67.82678541648261,135.65357083297567,203.4803562494635,否
73,B6T0000000261,E4,1,2,43,1,深位,143520.0,143723.48035624946,143791.30714166595,67.82678541648261,203.4803562494635,271.30714166595135,否
147,B6T0000000810,E3,1,1,15,1,浅位,172800.0,172800.0,172833.43023369234,33.43023369234466,0.0,33.43023369234288,否
148,B6T0000000810,E3,1,1,15,1,深位,172800.0,172833.43023369234,172866.8604673847,33.43023369234466,33.43023369234288,66.86046738468576,否
149,B6T0000000810,E3,1,2,15,1,浅位,172800.0,172887.90184669502,172908.94322600536,21.041379310344823,87.90184669502196,108.94322600535816,是
2419,B6T0000001130,E3,1,1,35,3,浅位,172500.0,172929.98460531572,172984.4796784843,54.49507316855983,429.98460531572346,484.47967848429107,是
2732,B6T0000000432,E3,1,1,9,35,浅位,173100.0,173100.0,173143.83344637053,43.833446370511574,0.0,43.83344637052505,否
2734,B6T0000000432,E3,1,1,9,35,深位,173100.0,173143.83344637053,173187.66689274105,43.833446370511574,43.83344637052505,87.6668927410501,否
360,B6T0000001370,E1,1,1,5,2,浅位,173100.0,173401.28173531976,173438.77076641668,37.48903109692814,301.2817353197606,338.770766416681,是
362,B6T0000001370,E1,1,1,5,2,深位,173100.0,173473.4811862068,173510.97021730372,37.48903109692814,373.4811862068018,410.97021730372217,是
361,B6T0000001370,E1,1,2,5,2,浅位,173100.0,173545.68063709384,173583.16966819076,37.48903109692814,445.68063709384296,483.16966819076333,是
352,B6T0000001370,E1,1,2,5,2,深位,173100.0,173617.88008798088,173655.3691190778,37.48903109692814,517.8800879808841,555.3691190778045,是
3154,B6T0000001701,E1,1,1,1,36,浅位,173400.0,173690.08553586944,173729.11051261734,39.02497674789809,290.0855358694389,329.1105126173352,是
3155,B6T0000001701,E1,1,1,1,36,深位,173400.0,173729.11051261734,173761.4875016364,32.376989019071836,329.1105126173352,361.48750163640943,否
3156,B6T0000001701,E1,1,2,1,36,浅位,173400.0,173761.4875016364,173793.86449065548,32.376989019071836,361.48750163640943,393.8644906554837,否
3675,B6T0000000514,E3,1,1,17,2,浅位,173580.0,173793.86449065548,173831.3100962302,37.44560557471998,213.86449065548368,251.31009623021237,否
3674,B6T0000000514,E3,1,1,13,8,浅位,173580.0,173831.3100962302,173869.2105682729,37.90047204266949,251.31009623021237,289.21056827288703,否
1782,B6T0000001122,E3,1,1,24,6,浅位,173760.0,173869.2105682729,173919.13960408056,49.929035807676655,109.21056827288703,159.13960408055573,否
1786,B6T0000001122,E3,1,1,24,6,深位,173760.0,173919.13960408056,173969.06863988822,49.929035807676655,159.13960408055573,209.06863988822442,否
1785,B6T0000001122,E3,1,2,24,6,浅位,173760.0,173969.06863988822,174018.9976756959,49.929035807676655,209.06863988822442,258.9976756958931,否
1784,B6T0000001122,E3,1,2,24,6,深位,173760.0,174018.9976756959,174068.92671150356,49.929035807676655,258.9976756958931,308.9267115035618,否
1913,B6T0000000403,E3,1,1,31,1,浅位,174000.0,174068.92671150356,174121.92476128787,52.9980497842987,68.92671150356182,121.92476128786802,否
1914,B6T0000000403,E3,1,1,31,1,深位,174000.0,174121.92476128787,174174.92281107217,52.9980497842987,121.92476128786802,174.92281107217423,否
2540,B6T0000001206,E3,1,1,39,1,浅位,173700.0,174174.92281107217,174237.70476890245,62.781957830275715,474.9228110721742,537.7047689024475,否
2542,B6T0000001206,E3,1,1,39,1,深位,173700.0,174237.70476890245,174300.48672673272,62.781957830275715,537.7047689024475,600.4867267327209,否
1911,B6T0000000403,E3,1,1,30,2,浅位,174000.0,174300.48672673272,174353.83118288216,53.34445614943263,300.48672673272085,353.83118288216065,否
1912,B6T0000000403,E3,1,1,30,2,深位,174000.0,174353.83118288216,174407.1756390316,53.34445614943263,353.83118288216065,407.17563903160044,否
1915,B6T0000000403,E3,1,2,30,2,浅位,174000.0,174407.1756390316,174460.52009518104,53.34445614943263,407.17563903160044,460.52009518104023,否
1293,B6T0000000996,E3,1,1,9,17,浅位,174420.0,174460.52009518104,174497.55542660263,37.035331421583706,40.52009518104023,77.55542660263018,否
1294,B6T0000000996,E3,1,1,9,17,深位,174420.0,174497.55542660263,174534.59075802422,37.035331421583706,77.55542660263018,114.59075802422012,否
1295,B6T0000000996,E3,1,2,9,17,浅位,174420.0,174534.59075802422,174571.6260894458,37.035331421583706,114.59075802422012,151.62608944581007,否
1304,B6T0000000996,E3,1,2,9,17,深位,174420.0,174571.6260894458,174608.6614208674,37.035331421583706,151.62608944581007,188.6614208674,否
1916,B6T0000000403,E3,1,2,30,2,深位,174000.0,174608.6614208674,174662.00587701684,53.34445614943263,608.6614208674,662.0058770168398,否
3733,B6T0000000821,E3,1,1,9,63,浅位,174660.0,174662.00587701684,174714.52588336047,52.52000634364451,2.005877016839804,54.525883360474836,否
3732,B6T0000000821,E3,1,1,9,63,深位,174660.0,174714.52588336047,174767.0458897041,52.52000634364451,54.525883360474836,107.04588970410987,否
2541,B6T0000001206,E3,1,2,39,1,浅位,173700.0,174767.0458897041,174829.82784753438,62.781957830275715,1067.0458897041099,1129.8278475343832,否
2543,B6T0000001206,E3,1,2,39,1,深位,173700.0,174829.82784753438,174892.60980536466,62.781957830275715,1129.8278475343832,1192.6098053646565,否
3084,B6T0000001138,E3,1,1,39,10,浅位,173160.0,174892.60980536466,174963.58431838275,70.97451301810503,1732.6098053646565,1803.5843183827528,否
2518,B6T0000001724,E1,1,1,1,20,浅位,174960.0,174963.58431838275,174990.1615834546,26.57726507185461,3.5843183827528264,30.16158345461008,否
2517,B6T0000001724,E1,1,1,1,20,深位,174960.0,174990.1615834546,175016.73884852647,26.57726507185461,30.16158345461008,56.738848526467336,否
2516,B6T0000001724,E1,1,2,1,20,浅位,174960.0,175016.73884852647,175043.31611359832,26.57726507185461,56.738848526467336,83.31611359832459,否
2515,B6T0000001724,E1,1,2,1,20,深位,174960.0,175043.31611359832,175069.89337867018,26.57726507185461,83.31611359832459,109.89337867018185,否
1178,B6T0000001103,E3,1,1,23,1,浅位,175020.0,175069.89337867018,175113.1075204085,43.21414173832168,49.893378670181846,93.10752040849184,否
1188,B6T0000001103,E3,1,1,23,1,深位,175020.0,175113.1075204085,175156.3216621468,43.21414173832168,93.10752040849184,136.32166214680183,否
1187,B6T0000001103,E3,1,2,23,1,浅位,175020.0,175156.3216621468,175199.5358038851,43.21414173832168,136.32166214680183,179.53580388511182,否
766,B6T0000000843,E3,1,1,16,4,浅位,174120.0,175199.5358038851,175237.97788046522,38.442076580091616,1079.5358038851118,1117.977880465216,否
1186,B6T0000001103,E3,1,2,23,1,深位,175020.0,175260.70937309068,175306.890077975,46.18070488432117,240.70937309067813,286.89007797499653,是
1183,B6T0000001103,E3,1,1,22,2,浅位,175020.0,175329.62157060046,175375.18049980607,45.558929205596414,309.62157060045865,355.18049980606884,是
1184,B6T0000001103,E3,1,1,22,2,深位,175020.0,175375.18049980607,175418.7410479095,43.560548103455616,355.18049980606884,398.7410479095124,否
1182,B6T0000001103,E3,1,2,22,2,浅位,175020.0,175418.7410479095,175462.30159601296,43.560548103455616,398.7410479095124,442.301596012956,否
1189,B6T0000001103,E3,1,2,22,2,深位,175020.0,175462.30159601296,175505.8621441164,43.560548103455616,442.301596012956,485.8621441163996,否
3188,B6T0000000316,E4,1,1,45,27,浅位,175500.0,175505.8621441164,175592.64501129155,86.78286717516167,5.862144116399577,92.64501129154814,否
1728,B6T0000001429,E1,1,1,1,10,浅位,175560.0,175592.64501129155,175614.25941402322,21.614402731684592,32.645011291548144,54.25941402322496,否
1727,B6T0000001429,E1,1,1,1,10,深位,175560.0,175614.25941402322,175635.8738167549,21.614402731684592,54.25941402322496,75.87381675490178,否
1732,B6T0000001429,E1,1,2,1,10,浅位,175560.0,175635.8738167549,175657.48821948658,21.614402731684592,75.87381675490178,97.4882194865786,否
1735,B6T0000001429,E1,1,2,1,10,深位,175560.0,175657.48821948658,175679.10262221826,21.614402731684592,97.4882194865786,119.10262221825542,否
3187,B6T0000000316,E4,1,1,45,27,深位,175500.0,175679.10262221826,175765.8854893934,86.78286717516167,179.10262221825542,265.885489393404,否
472,B6T0000001382,E1,1,1,2,4,深位,175680.0,175765.8854893934,175785.75572689727,19.870237503883608,85.88548939340399,105.75572689727414,否
471,B6T0000001382,E1,1,2,2,4,浅位,175680.0,175785.75572689727,175805.62596440114,19.870237503883608,105.75572689727414,125.6259644011443,否
481,B6T0000001382,E1,1,2,2,4,深位,175680.0,175805.62596440114,175825.496201905,19.870237503883608,125.6259644011443,145.49620190501446,否
2887,B6T0000000093,E4,1,1,45,21,浅位,175740.0,175825.496201905,175909.95431620654,84.45811430152997,85.49620190501446,169.95431620653835,否
2888,B6T0000000093,E4,1,1,45,21,深位,175740.0,175909.95431620654,175994.41243050806,84.45811430152997,169.95431620653835,254.41243050806224,否
2889,B6T0000000093,E4,1,2,45,21,浅位,175740.0,176007.8765321232,176091.11272137778,83.2361892545966,267.8765321231913,351.11272137777996,是
3189,B6T0000000316,E4,1,2,45,27,浅位,175500.0,176104.57682299294,176190.24357437302,85.66675138007476,604.5768229929381,690.2435743730166,是
2608,B6T0000000322,E3,1,1,37,4,浅位,185040.0,185167.59254777204,185231.71738297283,64.12483520078129,127.59254777204478,191.71738297282718,否
2611,B6T0000000322,E3,1,1,37,4,深位,185040.0,185231.71738297283,185295.8422181736,64.12483520078129,191.71738297282718,255.84221817360958,否
1425,B6T0000000947,E3,1,1,13,14,浅位,188580.0,188661.1457859656,188702.50635448835,41.360568522728194,81.1457859656075,122.5063544883451,否
1427,B6T0000000947,E3,1,1,13,14,深位,188580.0,188702.50635448835,188743.86692301108,41.360568522728194,122.5063544883451,163.8669230110827,否
1424,B6T0000000947,E3,1,2,13,14,浅位,188580.0,188743.86692301108,188785.22749153382,41.360568522728194,163.8669230110827,205.22749153382028,否
1423,B6T0000000947,E3,1,2,13,14,深位,188580.0,188785.22749153382,188826.58806005656,41.360568522728194,205.22749153382028,246.58806005655788,否
2815,B6T0000000054,E4,1,1,49,15,浅位,192600.0,192600.0,192687.88451475027,87.88451475027658,0.0,87.8845147502725,否
2813,B6T0000000054,E4,1,1,49,15,深位,192600.0,192687.88451475027,192775.76902950055,87.88451475027658,87.8845147502725,175.769029500545,否
2814,B6T0000000054,E4,1,2,49,15,浅位,192600.0,192775.76902950055,192863.65354425082,87.88451475027658,175.769029500545,263.6535442508175,否
2812,B6T0000000054,E4,1,2,49,15,深位,192600.0,192863.65354425082,192951.5380590011,87.88451475027658,263.6535442508175,351.53805900109,否
1709,B6T0000001409,E1,1,1,6,7,浅位,194220.0,194272.65698985365,194300.73063148608,28.073641632410315,52.65698985365452,80.73063148607616,否
1711,B6T0000001409,E1,1,1,6,7,深位,194220.0,194300.73063148608,194328.8042731185,28.073641632410315,80.73063148607616,108.8042731184978,否
1716,B6T0000001409,E1,1,2,6,7,浅位,194220.0,194328.8042731185,194356.87791475092,28.073641632410315,108.8042731184978,136.87791475091944,否
1713,B6T0000001409,E1,1,2,6,7,深位,194220.0,194356.87791475092,194384.95155638334,28.073641632410315,136.87791475091944,164.95155638334109,否
902,B6T0000000411,E3,1,1,15,6,浅位,194580.0,194656.88551450643,194695.80765376237,38.92213925595251,76.8855145064299,115.80765376237105,否
904,B6T0000000411,E3,1,1,15,6,深位,194580.0,194695.80765376237,194734.7297930183,38.92213925595251,115.80765376237105,154.7297930183122,否
906,B6T0000000411,E3,1,2,15,6,浅位,194580.0,194734.7297930183,194773.65193227425,38.92213925595251,154.7297930183122,193.65193227425334,否
908,B6T0000000411,E3,1,2,15,6,深位,194580.0,194773.65193227425,194812.5740715302,38.92213925595251,193.65193227425334,232.5740715301945,否
2487,B6T0000000435,E3,1,1,38,1,浅位,194760.0,194812.5740715302,194874.13304085474,61.55896932452859,52.57407153019449,114.13304085473646,否
2489,B6T0000000435,E3,1,1,38,1,深位,194760.0,194874.13304085474,194935.69201017928,61.55896932452859,114.13304085473646,175.69201017927844,否
2488,B6T0000000435,E3,1,2,38,1,浅位,194760.0,194935.69201017928,194997.25097950382,61.55896932452859,175.69201017927844,237.25097950382042,否
2486,B6T0000000435,E3,1,2,38,1,深位,194760.0,194997.25097950382,195058.80994882836,61.55896932452859,237.25097950382042,298.8099488283624,否
1498,B6T0000000905,E3,1,1,15,13,浅位,195660.0,196000.75988632324,196044.06217438314,43.302288059911646,340.7598863232415,384.06217438314343,否
1495,B6T0000000905,E3,1,1,15,13,深位,195660.0,196044.06217438314,196087.36446244305,43.302288059911646,384.06217438314343,427.36446244304534,否
1497,B6T0000000905,E3,1,2,15,13,浅位,195660.0,196087.36446244305,196130.66675050295,43.302288059911646,427.36446244304534,470.66675050294725,否
1496,B6T0000000905,E3,1,2,15,13,深位,195660.0,196130.66675050295,196173.96903856285,43.302288059911646,470.66675050294725,513.9690385628492,否
3366,B6T0000000940,E3,1,2,9,11,浅位,198660.0,198660.0,198693.9796929749,33.97969297490141,0.0,33.97969297491363,否
3367,B6T0000000940,E3,1,2,9,11,深位,198660.0,198693.9796929749,198727.95938594983,33.97969297490141,33.97969297491363,67.95938594982726,否
1348,B6T0000001367,E1,1,1,4,6,浅位,198960.0,199280.89416348204,199305.7869198487,24.892756366675442,320.8941634820367,345.7869198487024,否
1349,B6T0000001367,E1,1,1,4,6,深位,198960.0,199305.7869198487,199330.67967621537,24.892756366675442,345.7869198487024,370.6796762153681,否
1350,B6T0000001367,E1,1,2,4,6,浅位,198960.0,199330.67967621537,199355.57243258203,24.892756366675442,370.6796762153681,395.5724325820338,否
1347,B6T0000001367,E1,1,2,4,6,深位,198960.0,199355.57243258203,199380.4651889487,24.892756366675442,395.5724325820338,420.4651889486995,否
1149,B6T0000000395,E3,1,1,17,7,浅位,202560.0,203279.08138185137,203321.1931046218,42.111722770447955,719.0813818513707,761.1931046218087,否
1150,B6T0000000395,E3,1,1,17,7,深位,202560.0,203321.1931046218,203363.30482739225,42.111722770447955,761.1931046218087,803.3048273922468,否
206,B6T0000000581,E3,1,1,9,9,浅位,203640.0,203640.0,203672.7800477505,32.780047750513575,0.0,32.78004775050795,否
207,B6T0000000581,E3,1,1,9,9,深位,203640.0,203672.7800477505,203705.56009550102,32.780047750513575,32.78004775050795,65.5600955010159,否
208,B6T0000000581,E3,1,2,9,9,浅位,203640.0,203705.56009550102,203738.34014325152,32.780047750513575,65.5600955010159,98.34014325152384,否
209,B6T0000000581,E3,1,2,9,9,深位,203640.0,203738.34014325152,203771.12019100203,32.780047750513575,98.34014325152384,131.1201910020318,否
815,B6T0000001427,E1,1,1,6,3,浅位,203940.0,204311.0352829611,204335.647046437,24.61176347590513,371.0352829610929,395.64704643699224,否
1680,B6T0000001195,E3,1,1,28,1,浅位,213960.0,213960.0,214009.32908426705,49.32908426705731,0.0,49.329084267053986,否
1685,B6T0000001195,E3,1,1,28,1,深位,213960.0,214009.32908426705,214058.6581685341,49.32908426705731,49.329084267053986,98.65816853410797,否
1676,B6T0000001195,E3,1,2,28,1,浅位,213960.0,214058.6581685341,214107.98725280116,49.32908426705731,98.65816853410797,147.98725280116196,否
1677,B6T0000001195,E3,1,2,28,1,深位,213960.0,214107.98725280116,214157.31633706822,49.32908426705731,147.98725280116196,197.31633706821594,否
326,B6T0000001196,E3,1,1,13,5,浅位,216480.0,216686.9469112525,216722.60302074443,35.65610949190729,206.9469112525112,242.60302074442734,否
325,B6T0000001196,E3,1,1,13,5,深位,216480.0,216722.60302074443,216758.25913023634,35.65610949190729,242.60302074442734,278.2591302363435,否
317,B6T0000001196,E3,1,2,13,5,浅位,216480.0,216758.25913023634,216793.91523972826,35.65610949190729,278.2591302363435,313.9152397282596,否
320,B6T0000001196,E3,1,2,13,5,深位,216480.0,216793.91523972826,216829.57134922018,35.65610949190729,313.9152397282596,349.57134922017576,否
3197,B6T0000001473,E1,1,1,2,4,浅位,218340.0,218340.0,218359.87023750387,19.870237503883608,0.0,19.870237503870158,否
3196,B6T0000001473,E1,1,1,2,9,浅位,218340.0,218359.87023750387,218383.52932938974,23.65909188588344,19.870237503870158,43.52932938974118,否
3198,B6T0000001473,E1,1,1,2,9,深位,218340.0,218383.52932938974,218407.1884212756,23.65909188588344,43.52932938974118,67.1884212756122,否
3711,B6T0000001300,E3,1,1,25,45,浅位,223500.0,223500.0,223567.44735132434,67.44735132433783,0.0,67.44735132434289,否
3710,B6T0000001300,E3,1,1,25,45,深位,223500.0,223567.44735132434,223634.8947026487,67.44735132433783,67.44735132434289,134.89470264868578,否
3264,B6T0000000268,E4,1,1,45,11,浅位,228720.0,228720.0,228799.66161066922,79.66161066923794,0.0,79.66161066922359,否
3265,B6T0000000268,E4,1,1,45,11,深位,228720.0,228799.66161066922,228879.32322133845,79.66161066923794,79.66161066922359,159.32322133844718,否
3510,B6T0000000004,E4,1,1,43,41,浅位,258960.0,259009.627836438,259094.61042953454,84.98259309652582,49.62783643801231,134.61042953454307,是
3511,B6T0000000004,E4,1,1,43,41,深位,258960.0,259119.1430382302,259204.12563132672,84.98259309652582,159.14303823019145,244.1256313267222,是
3081,B6T0000001354,E1,1,2,4,31,浅位,259200.0,259228.83215306586,259265.37847292618,36.54631986032804,28.83215306585771,65.37847292618244,是
3080,B6T0000001354,E1,1,2,4,31,深位,259200.0,259287.80550427397,259310.23253562176,22.427031347789224,87.80550427397247,110.23253562176251,是
2708,B6T0000001818,E1,1,1,2,24,浅位,259380.0,259412.386017087,259445.12887078503,32.74285369804413,32.38601708700298,65.12887078503263,是
2709,B6T0000001818,E1,1,1,2,24,深位,259380.0,259464.3909313713,259483.65299195758,19.26206058627047,84.3909313713084,103.65299195758416,是
2710,B6T0000001818,E1,1,2,2,24,浅位,259380.0,259502.91505254386,259522.17711313014,19.26206058627047,122.91505254385993,142.1771131301357,是
2711,B6T0000001818,E1,1,2,2,24,深位,259380.0,259541.4391737164,259560.7012343027,19.26206058627047,161.43917371641146,180.70123430268723,是
160,B6T0000000810,E3,1,2,15,1,深位,259440.0,259579.96329488896,259619.78371843512,39.82042354615571,139.963294888963,179.78371843512286,是
685,B6T0000001180,E3,1,1,11,9,浅位,259800.0,260007.42178016945,260051.25145167258,43.8296715031295,207.42178016944672,251.2514516725787,是
684,B6T0000001180,E3,1,1,11,9,深位,259800.0,260051.25145167258,260087.14271784364,35.891266171049594,251.2514516725787,287.14271784364246,否
683,B6T0000001180,E3,1,2,11,9,浅位,259800.0,260087.14271784364,260123.0339840147,35.891266171049594,287.14271784364246,323.0339840147062,否
682,B6T0000001180,E3,1,2,11,9,深位,259800.0,260123.0339840147,260158.92525018577,35.891266171049594,323.0339840147062,358.92525018577,否
2235,B6T0000000051,E4,1,2,46,11,浅位,259740.0,260158.92525018577,260240.1155964872,81.19034630142184,418.92525018577,500.11559648718685,否
1600,B6T0000001610,E1,1,1,4,7,浅位,260160.0,260240.1155964872,260265.75195935686,25.63636286967663,80.11559648718685,105.7519593568577,否
1601,B6T0000001610,E1,1,1,4,7,深位,260160.0,260265.75195935686,260291.38832222653,25.63636286967663,105.7519593568577,131.38832222652854,否
1602,B6T0000001610,E1,1,2,4,7,浅位,260160.0,260291.38832222653,260317.0246850962,25.63636286967663,131.38832222652854,157.0246850961994,否
1603,B6T0000001610,E1,1,2,4,7,深位,260160.0,260317.0246850962,260342.66104796587,25.63636286967663,157.0246850961994,182.66104796587024,否
2234,B6T0000000051,E4,1,2,46,11,深位,259740.0,260342.66104796587,260423.8513942673,81.19034630142184,602.6610479658702,683.8513942672871,否
2327,B6T0000000447,E3,1,2,18,5,深位,260700.0,260700.0,260741.7824807826,41.78248078258579,0.0,41.782480782596394,否
2330,B6T0000000447,E3,1,2,13,20,浅位,260700.0,260741.7824807826,260785.91072622951,44.12824544690687,41.782480782596394,85.9107262295147,否
2328,B6T0000000447,E3,1,2,13,20,深位,260700.0,260785.91072622951,260830.03897167643,44.12824544690687,85.9107262295147,130.038971676433,否
2331,B6T0000000447,E3,1,1,26,2,浅位,260700.0,260830.03897167643,260878.4914738029,48.45250212644412,130.038971676433,178.49147380288923,否
2326,B6T0000000447,E3,1,1,26,2,深位,260700.0,260878.4914738029,260926.94397592935,48.45250212644412,178.49147380288923,226.94397592934547,否
2329,B6T0000000447,E3,1,2,26,2,浅位,260700.0,260926.94397592935,260975.3964780558,48.45250212644412,226.94397592934547,275.3964780558017,否
3476,B6T0000000592,E3,1,1,9,9,浅位,260940.0,260975.3964780558,261008.1765258063,32.780047750513575,35.39647805580171,68.17652580630966,否
3477,B6T0000000592,E3,1,1,9,9,深位,260940.0,261008.1765258063,261040.95657355682,32.780047750513575,68.17652580630966,100.9565735568176,否
3557,B6T0000000429,E3,1,1,9,57,浅位,261840.0,261840.0,261890.67652808278,50.67652808277495,0.0,50.67652808278217,否
3556,B6T0000000429,E3,1,1,9,57,深位,261840.0,261890.67652808278,261941.35305616556,50.67652808277495,50.67652808278217,101.35305616556434,否
284,B6T0000000305,E4,1,1,44,2,浅位,261780.0,262089.22236567124,262160.1472815908,70.92491591954757,309.2223656712449,380.14728159079095,否
286,B6T0000000305,E4,1,1,44,2,深位,261780.0,262160.1472815908,262231.07219751034,70.92491591954757,380.14728159079095,451.072197510337,否
2661,B6T0000001882,E1,1,1,1,24,浅位,262200.0,262231.07219751034,262259.2667105634,28.19451305307083,31.07219751033699,59.26671056338819,否
2662,B6T0000001882,E1,1,1,1,24,深位,262200.0,262259.2667105634,262287.46122361644,28.19451305307083,59.26671056338819,87.46122361643938,否
2663,B6T0000001882,E1,1,2,1,24,浅位,262200.0,262287.46122361644,262315.6557366695,28.19451305307083,87.46122361643938,115.65573666949058,否
2660,B6T0000001882,E1,1,2,1,24,深位,262200.0,262315.6557366695,262343.85024972254,28.19451305307083,115.65573666949058,143.85024972254178,否
287,B6T0000000305,E4,1,2,44,2,浅位,261780.0,262343.85024972254,262414.7751656421,70.92491591954757,563.8502497225418,634.7751656420878,否
288,B6T0000000305,E4,1,2,44,2,深位,261780.0,262414.7751656421,262485.70008156163,70.92491591954757,634.7751656420878,705.7000815616339,否
3331,B6T0000001657,E1,1,1,2,42,浅位,266760.0,266760.0,266796.93997796293,36.939977962922455,0.0,36.93997796293115,否
3330,B6T0000001657,E1,1,1,2,42,深位,266760.0,266796.93997796293,266833.87995592586,36.939977962922455,36.93997796293115,73.8799559258623,否
3124,B6T0000000831,E3,1,1,15,1,浅位,268800.0,268800.0,268833.43023369234,33.43023369234466,0.0,33.43023369234288,否
3125,B6T0000000831,E3,1,1,15,1,深位,268800.0,268833.43023369234,268866.8604673847,33.43023369234466,33.43023369234288,66.86046738468576,否
3126,B6T0000000831,E3,1,2,15,1,浅位,268800.0,268866.8604673847,268900.290701077,33.43023369234466,66.86046738468576,100.29070107702864,否
3096,B6T0000001025,E3,1,2,20,30,浅位,271920.0,271920.0,271976.5087319603,56.508731960316496,0.0,56.50873196031898,否
3095,B6T0000001025,E3,1,2,20,30,深位,271920.0,271976.5087319603,272033.01746392064,56.508731960316496,56.50873196031898,113.01746392063797,否
1010,B6T0000001090,E3,1,1,12,11,浅位,276120.0,276120.0,276158.46493143047,38.46493143048981,0.0,38.46493143046973,否
1008,B6T0000001090,E3,1,1,12,11,深位,276120.0,276158.46493143047,276196.92986286094,38.46493143048981,38.46493143046973,76.92986286093947,否
1007,B6T0000001090,E3,1,2,12,11,浅位,276120.0,276196.92986286094,276235.3947942914,38.46493143048981,76.92986286093947,115.3947942914092,否
1006,B6T0000001090,E3,1,2,12,11,深位,276120.0,276235.3947942914,276273.8597257219,38.46493143048981,115.3947942914092,153.85972572187893,否
3404,B6T0000000189,E4,1,1,43,37,浅位,276180.0,276273.8597257219,276360.963615772,87.1038900501668,93.85972572187893,180.96361577202333,否
3405,B6T0000000189,E4,1,1,43,37,深位,276180.0,276360.963615772,276448.06750582217,87.1038900501668,180.96361577202333,268.06750582216773,否
3515,B6T0000000775,E3,1,1,9,17,浅位,280320.0,280320.0,280357.0353314216,37.035331421583706,0.0,37.035331421589945,否
3514,B6T0000000775,E3,1,1,9,17,深位,280320.0,280357.0353314216,280394.0706628432,37.035331421583706,37.035331421589945,74.07066284317989,否
2772,B6T0000000030,E4,1,1,43,1,浅位,280860.0,280860.0,280927.82678541646,67.82678541648261,0.0,67.82678541645873,否
2773,B6T0000000030,E4,1,1,43,1,深位,280860.0,280927.82678541646,280995.6535708329,67.82678541648261,67.82678541645873,135.65357083291747,否
2774,B6T0000000030,E4,1,2,43,1,浅位,280860.0,280995.6535708329,281063.4803562494,67.82678541648261,135.65357083291747,203.4803562493762,否
2775,B6T0000000030,E4,1,2,43,1,深位,280860.0,281063.4803562494,281131.30714166583,67.82678541648261,203.4803562493762,271.30714166583493,否
3262,B6T0000000078,E4,1,1,43,31,浅位,281280.0,281280.0,281365.13337943854,85.13337943853381,0.0,85.13337943854276,否
3263,B6T0000000078,E4,1,1,43,31,深位,281280.0,281365.13337943854,281450.2667588771,85.13337943853381,85.13337943854276,170.26675887708552,否
576,B6T0000001238,E3,1,1,16,3,浅位,286320.0,286469.7824222988,286507.209278407,37.426856108195636,149.78242229879834,187.20927840698278,否
577,B6T0000001238,E3,1,1,16,3,深位,286320.0,286507.209278407,286544.63613451517,37.426856108195636,187.20927840698278,224.6361345151672,否
571,B6T0000001238,E3,1,2,16,3,浅位,286320.0,286544.63613451517,286582.06299062335,37.426856108195636,224.6361345151672,262.06299062335165,否
570,B6T0000001238,E3,1,2,16,3,深位,286320.0,286582.06299062335,286619.48984673154,37.426856108195636,262.06299062335165,299.4898467315361,否
2110,B6T0000000611,E3,1,1,9,26,浅位,287640.0,287640.0,287680.7329270325,40.73292703249275,0.0,40.732927032513544,否
2109,B6T0000000611,E3,1,1,9,26,深位,287640.0,287680.7329270325,287721.465854065,40.73292703249275,40.732927032513544,81.46585406502709,否
2108,B6T0000000611,E3,1,2,9,26,浅位,287640.0,287721.465854065,287762.19878109754,40.73292703249275,81.46585406502709,122.19878109754063,否
2112,B6T0000000611,E3,1,2,9,26,深位,287640.0,287762.19878109754,287802.93170813005,40.73292703249275,122.19878109754063,162.93170813005418,否
1093,B6T0000001415,E1,1,2,7,3,浅位,287880.0,287880.0,287905.6614314206,25.661431420583565,0.0,25.661431420594454,否
1095,B6T0000001415,E1,1,2,7,3,深位,287880.0,287905.6614314206,287931.3228628412,25.661431420583565,25.661431420594454,51.32286284118891,否
3051,B6T0000000142,E4,1,1,43,27,浅位,290040.0,290040.0,290123.7253959108,83.72539591079385,0.0,83.72539591079112,否
3049,B6T0000000142,E4,1,1,43,27,深位,290040.0,290123.7253959108,290207.4507918216,83.72539591079385,83.72539591079112,167.45079182158224,否
3050,B6T0000000142,E4,1,2,43,27,浅位,290040.0,290207.4507918216,290291.1761877324,83.72539591079385,167.45079182158224,251.17618773237336,否
3648,B6T0000001606,E1,1,2,2,1,深位,295020.0,295020.0,295036.0813831219,16.081383121883775,0.0,16.081383121898398,否
3649,B6T0000001606,E1,1,2,1,4,深位,295020.0,295036.0813831219,295053.29208504775,17.210701925855115,16.081383121898398,33.29208504775306,否
1361,B6T0000000150,E4,1,2,49,1,浅位,295320.0,295320.0,295396.99919920956,76.99919920958607,0.0,76.99919920956017,否
1362,B6T0000000150,E4,1,2,49,1,深位,295320.0,295396.99919920956,295473.9983984191,76.99919920958607,76.99919920956017,153.99839841912035,否
2356,B6T0000001471,E1,1,1,2,16,浅位,297000.0,297054.90996038757,297091.9340088816,37.02404849407703,54.90996038756566,91.93400888162432,是
1806,B6T0000001372,E1,1,1,2,10,浅位,297060.0,297125.37811520416,297162.0334388063,36.65532360214118,65.3781152041629,102.03343880630564,是
1807,B6T0000001372,E1,1,1,2,10,深位,297060.0,297196.9177716399,297235.3006797395,38.382908099600805,136.91777163988445,175.30067973950645,是
1808,B6T0000001372,E1,1,2,2,10,浅位,297060.0,297270.1850125731,297308.5679206727,38.382908099600805,210.18501257308526,248.56792067270726,是
1809,B6T0000001372,E1,1,2,2,10,深位,297060.0,297308.5679206727,297332.8418589824,24.273938309713085,248.56792067270726,272.8418589823996,否
2358,B6T0000001471,E1,1,1,2,16,深位,297000.0,297332.8418589824,297360.2898052503,27.447946267883275,332.8418589823996,360.28980525030056,否
2357,B6T0000001471,E1,1,2,2,16,浅位,297000.0,297360.2898052503,297387.7377515182,27.447946267883275,360.28980525030056,387.73775151820155,否
2361,B6T0000001471,E1,1,2,2,16,深位,297000.0,297387.7377515182,297415.1856977861,27.447946267883275,387.73775151820155,415.18569778610254,否
3622,B6T0000001034,E3,1,1,19,49,浅位,297240.0,297415.1856977861,297476.5241035832,61.33840579710145,175.18569778610254,236.52410358318593,否
3623,B6T0000001034,E3,1,1,19,49,深位,297240.0,297476.5241035832,297537.86250938027,61.33840579710145,236.52410358318593,297.86250938026933,否
2922,B6T0000000210,E4,1,2,43,24,浅位,297660.0,297815.39767956815,297897.99713049387,82.59945092569816,155.39767956815194,237.99713049386628,否
1214,B6T0000000577,E3,1,1,9,16,浅位,302040.0,302040.0,302076.5689021325,36.5689021325134,0.0,36.56890213250881,否
1219,B6T0000000577,E3,1,1,9,16,深位,302040.0,302076.5689021325,302113.137804265,36.5689021325134,36.56890213250881,73.13780426501762,否
1220,B6T0000000577,E3,1,2,9,16,浅位,302040.0,302113.137804265,302149.7067063975,36.5689021325134,73.13780426501762,109.70670639752643,否
1224,B6T0000000577,E3,1,2,9,16,深位,302040.0,302149.7067063975,302186.27560853004,36.5689021325134,109.70670639752643,146.27560853003524,否
3345,B6T0000000466,E3,1,1,15,43,浅位,304020.0,304020.0,304074.5999428188,54.599942818802184,0.0,54.599942818807904,否
3344,B6T0000000466,E3,1,1,15,43,深位,304020.0,304074.5999428188,304129.1998856376,54.599942818802184,54.599942818807904,109.19988563761581,否
814,B6T0000000540,E3,1,1,19,1,浅位,305460.0,305494.5384611887,305532.86064890405,38.32218771533317,34.538461188727524,72.86064890405396,否
813,B6T0000000540,E3,1,1,19,1,深位,305460.0,305532.86064890405,305571.1828366194,38.32218771533317,72.86064890405396,111.1828366193804,否
812,B6T0000000540,E3,1,2,19,1,浅位,305460.0,305571.1828366194,305609.5050243347,38.32218771533317,111.1828366193804,149.50502433470683,否
805,B6T0000000540,E3,1,2,19,1,深位,305460.0,305609.5050243347,305647.82721205003,38.32218771533317,149.50502433470683,187.82721205003327,否
3350,B6T0000000064,E4,1,1,45,21,浅位,307740.0,307740.0,307824.45811430155,84.45811430152997,0.0,84.458114301553,否
3351,B6T0000000064,E4,1,1,45,21,深位,307740.0,307824.45811430155,307908.9162286031,84.45811430152997,84.458114301553,168.916228603106,否
1167,B6T0000000245,E4,1,2,45,5,浅位,308040.0,308322.4016773063,308397.9692155601,75.56753825385019,282.4016773062758,357.9692155601224,否
1163,B6T0000000245,E4,1,2,45,5,深位,308040.0,308397.9692155601,308473.53675381397,75.56753825385019,357.9692155601224,433.53675381396897,否
307,B6T0000001196,E3,1,1,14,4,浅位,309300.0,310505.4619563634,310541.458055932,35.99609956859736,1205.4619563634042,1241.4580559320166,否
514,B6T0000001101,E3,1,1,13,6,浅位,309960.0,311447.25189421495,311483.71662769746,36.46473348251539,1487.2518942149472,1523.7166276974604,否
513,B6T0000001101,E3,1,1,13,6,深位,309960.0,311483.71662769746,311520.18136118,36.46473348251539,1523.7166276974604,1560.1813611799735,否
516,B6T0000001101,E3,1,2,13,6,浅位,309960.0,311520.18136118,311556.6460946625,36.46473348251539,1560.1813611799735,1596.6460946624866,否
517,B6T0000001101,E3,1,2,13,6,深位,309960.0,311556.6460946625,311593.110828145,36.46473348251539,1596.6460946624866,1633.1108281449997,否
252,B6T0000000581,E3,1,1,10,8,浅位,311640.0,312439.1300691452,312472.88681603264,33.75674688745936,799.1300691451761,832.8868160326383,否
222,B6T0000000581,E3,1,1,10,8,深位,311640.0,312472.88681603264,312506.6435629201,33.75674688745936,832.8868160326383,866.6435629201005,否
254,B6T0000000581,E3,1,2,10,8,浅位,311640.0,312506.6435629201,312540.40030980756,33.75674688745936,866.6435629201005,900.4003098075627,否
223,B6T0000000581,E3,1,2,10,8,深位,311640.0,312540.40030980756,312574.157056695,33.75674688745936,900.4003098075627,934.157056695025,否
2779,B6T0000001508,E1,1,1,8,22,浅位,313560.0,313791.2766612416,313829.11848555936,37.84182431775967,231.2766612416017,269.1184855593601,否
2777,B6T0000001508,E1,1,1,8,22,深位,313560.0,313829.11848555936,313866.9603098771,37.84182431775967,269.1184855593601,306.96030987711856,否
3630,B6T0000001985,E1,1,1,4,53,浅位,315480.0,315480.0,315523.6460543921,43.64605439208225,0.0,43.64605439209845,否
3631,B6T0000001985,E1,1,1,4,53,深位,315480.0,315523.6460543921,315567.2921087842,43.64605439208225,43.64605439209845,87.2921087841969,否
3121,B6T0000001982,E1,1,1,2,4,深位,315540.0,315567.2921087842,315587.1623462881,19.870237503883608,27.2921087841969,47.16234628809616,否
3122,B6T0000001982,E1,1,2,2,4,浅位,315540.0,315587.1623462881,315607.032583792,19.870237503883608,47.16234628809616,67.03258379199542,否
3123,B6T0000001982,E1,1,2,2,4,深位,315540.0,315607.032583792,315626.9028212959,19.870237503883608,67.03258379199542,86.90282129589468,否
3682,B6T0000001349,E1,1,1,1,23,浅位,345240.0,345240.0,345267.8037004443,27.803700444291778,0.0,27.803700444288552,否
3683,B6T0000001349,E1,1,1,1,28,浅位,345240.0,345267.8037004443,345297.48542650335,29.681726059073203,27.803700444288552,57.48542650335003,否
3422,B6T0000000173,E4,1,1,46,34,浅位,345960.0,345960.0,346050.7179052576,90.71790525761962,0.0,90.7179052575957,否
3423,B6T0000000173,E4,1,1,46,34,深位,345960.0,346050.7179052576,346141.4358105152,90.71790525761962,90.7179052575957,181.4358105151914,否
755,B6T0000000843,E3,1,1,16,4,深位,346140.0,346141.4358105152,346179.87788709527,38.442076580091616,1.435810515191406,39.87788709526649,否
754,B6T0000000843,E3,1,2,16,4,浅位,346140.0,346179.87788709527,346218.31996367534,38.442076580091616,39.87788709526649,78.31996367534157,否
976,B6T0000001844,E1,1,1,1,6,浅位,346200.0,346218.31996367534,346237.2337167828,18.913753107463137,18.31996367534157,37.23371678282274,否
971,B6T0000001844,E1,1,1,1,6,深位,346200.0,346237.2337167828,346256.1474698903,18.913753107463137,37.23371678282274,56.14746989030391,否
988,B6T0000001844,E1,1,2,1,6,浅位,346200.0,346256.1474698903,346275.0612229978,18.913753107463137,56.14746989030391,75.06122299778508,否
989,B6T0000001844,E1,1,2,1,6,深位,346200.0,346275.0612229978,346293.97497610527,18.913753107463137,75.06122299778508,93.97497610526625,否
753,B6T0000000843,E3,1,2,16,4,深位,346140.0,346293.97497610527,346332.41705268534,38.442076580091616,153.97497610526625,192.41705268534133,否
2204,B6T0000001098,E3,1,1,9,27,浅位,346200.0,346332.41705268534,346373.5180021662,41.10094948082514,132.41705268534133,173.51800216617994,否
2205,B6T0000001098,E3,1,1,9,27,深位,346200.0,346373.5180021662,346414.618951647,41.10094948082514,173.51800216617994,214.61895164701855,否
2206,B6T0000001098,E3,1,2,9,27,浅位,346200.0,346427.5179311326,346467.32608125726,39.8081501246609,227.51793113257736,267.3260812572553,是
2207,B6T0000001098,E3,1,2,9,27,深位,346200.0,346480.2250607428,346520.0332108675,39.8081501246609,280.2250607428141,320.033210867492,是
146,B6T0000000154,E4,1,1,43,3,浅位,345840.0,346532.93219035305,346603.3992763463,70.46708599325314,692.9321903530508,763.3992763463175,是
131,B6T0000000154,E4,1,1,43,3,深位,345840.0,346616.2982558319,346686.76534182514,70.46708599325314,776.2982558318763,846.765341825143,是
136,B6T0000000154,E4,1,2,43,3,浅位,345840.0,346704.35700487177,346779.72570418805,75.3686993162872,864.3570048717665,939.7257041880512,是
130,B6T0000000154,E4,1,2,43,3,深位,345840.0,346798.3087094323,346874.6216806586,76.31297122628636,958.3087094323128,1034.6216806586017,是
2454,B6T0000001399,E1,1,1,1,19,浅位,346860.0,346897.14013009984,346924.7463732995,27.606243199650734,37.14013009984046,64.74637329950929,是
2451,B6T0000001399,E1,1,1,1,19,深位,346860.0,346941.46417118656,346958.18196907366,16.717797887081346,81.46417118655518,98.18196907365927,是
2452,B6T0000001399,E1,1,2,1,19,浅位,346860.0,346958.1819690736,346984.33019559836,26.148226524783972,98.18196907360107,124.33019559836248,否
2450,B6T0000001399,E1,1,2,1,19,深位,346860.0,346984.33019559836,347010.4784221231,26.148226524783972,124.33019559836248,150.4784221231239,否
1989,B6T0000000186,E4,1,1,43,9,浅位,346080.0,347010.4784221231,347085.8829163036,75.40449418048227,930.4784221231239,1005.8829163035844,否
1990,B6T0000000186,E4,1,1,43,9,深位,346080.0,347085.8829163036,347161.28741048404,75.40449418048227,1005.8829163035844,1081.2874104840448,否
1991,B6T0000000186,E4,1,2,43,9,浅位,346080.0,347161.28741048404,347236.6919046645,75.40449418048227,1081.2874104840448,1156.6919046645053,否
1992,B6T0000000186,E4,1,2,43,9,深位,346080.0,347236.6919046645,347312.09639884497,75.40449418048227,1156.6919046645053,1232.0963988449657,否
1993,B6T0000000186,E4,1,1,43,13,浅位,346080.0,347312.09639884497,347389.79523862904,77.6988397840496,1232.0963988449657,1309.7952386290417,否
1774,B6T0000001573,E1,1,1,5,8,浅位,347160.0,347389.79523862904,347417.4107166204,27.61547799132814,229.7952386290417,257.4107166203903,否
1770,B6T0000001573,E1,1,1,5,8,深位,347160.0,347417.4107166204,347445.02619461174,27.61547799132814,257.4107166203903,285.0261946117389,否
1994,B6T0000000186,E4,1,1,43,13,深位,346080.0,347445.02619461174,347522.7250343958,77.6988397840496,1365.026194611739,1442.7250343958149,否
1995,B6T0000000186,E4,1,2,43,13,浅位,346080.0,347522.7250343958,347600.4238741799,77.6988397840496,1442.7250343958149,1520.4238741798908,否
1996,B6T0000000186,E4,1,2,43,13,深位,346080.0,347600.4238741799,347678.12271396397,77.6988397840496,1520.4238741798908,1598.1227139639668,否
2741,B6T0000000260,E4,1,1,46,18,浅位,347220.0,347678.12271396397,347762.82159965363,84.69888568967718,458.1227139639668,542.821599653631,否
2740,B6T0000000260,E4,1,1,46,18,深位,347220.0,347762.82159965363,347847.5204853433,84.69888568967718,542.821599653631,627.5204853432951,否
3353,B6T0000000149,E4,1,1,43,35,浅位,348060.0,348060.0,348146.4578928005,86.45789280048027,0.0,86.45789280050667,否
3352,B6T0000000149,E4,1,1,43,35,深位,348060.0,348146.4578928005,348232.915785601,86.45789280048027,86.45789280050667,172.91578560101334,否
2707,B6T0000001643,E1,1,2,1,10,浅位,353220.0,353220.0,353241.6144027317,21.614402731684592,0.0,21.614402731705923,否
2706,B6T0000001643,E1,1,2,1,10,深位,353220.0,353241.6144027317,353263.2288054634,21.614402731684592,21.614402731705923,43.228805463411845,否
2705,B6T0000001643,E1,1,1,5,2,浅位,353220.0,353263.2288054634,353285.48603420187,22.25722873844725,43.228805463411845,65.48603420186555,否
2704,B6T0000001643,E1,1,1,5,2,深位,353220.0,353285.48603420187,353307.7432629403,22.25722873844725,65.48603420186555,87.74326294031925,否
3661,B6T0000001520,E1,1,2,4,10,深位,357720.0,357720.0,357747.5934059909,27.593405990896894,0.0,27.593405990919564,否
3660,B6T0000001520,E1,1,1,3,13,深位,357720.0,357747.5934059909,357775.3779344122,27.784528421267506,27.593405990919564,55.377934412215836,否
3736,B6T0000001743,E1,1,1,2,10,浅位,366420.0,366420.0,366444.2739383097,24.273938309713085,0.0,24.273938309692312,否
3737,B6T0000001743,E1,1,1,2,10,深位,366420.0,366444.2739383097,366468.5478766194,24.273938309713085,24.273938309692312,48.547876619384624,否
929,B6T0000000508,E3,1,2,9,13,深位,368880.0,368950.35896601144,368985.4333593655,35.0743933540809,70.35896601143759,105.43335936550284,否
923,B6T0000000508,E3,1,1,20,1,浅位,368880.0,369128.05779733305,369167.6029735541,39.5451762210803,248.05779733305098,287.60297355410876,否
930,B6T0000000508,E3,1,1,20,1,深位,368880.0,369167.6029735541,369207.14814977517,39.5451762210803,287.60297355410876,327.14814977516653,否
931,B6T0000000508,E3,1,2,20,1,浅位,368880.0,369207.14814977517,369246.6933259962,39.5451762210803,327.14814977516653,366.6933259962243,否
3234,B6T0000000746,E3,1,1,20,34,浅位,371040.0,371106.7613646547,371158.7120222765,51.95065762180738,66.76136465469608,118.71202227647882,是
3235,B6T0000000746,E3,1,1,20,34,深位,371040.0,371192.86472092714,371227.0174195778,34.152698650674665,152.86472092714394,187.01741957780905,是
2962,B6T0000000163,E4,1,1,46,21,浅位,374340.0,374340.0,374425.9868499337,85.98684993371387,0.0,85.98684993368806,否
2964,B6T0000000163,E4,1,1,46,21,深位,374340.0,374425.9868499337,374511.9736998674,85.98684993371387,85.98684993368806,171.97369986737613,否
1648,B6T0000000735,E3,1,1,16,13,浅位,374040.0,374511.9736998674,374556.498976433,44.52527656565877,471.9736998673761,516.4989764330094,否
1649,B6T0000000735,E3,1,1,16,13,深位,374040.0,374556.498976433,374601.02425299864,44.52527656565877,516.4989764330094,561.0242529986426,否
1654,B6T0000000735,E3,1,2,16,13,浅位,374040.0,374601.02425299864,374645.5495295643,44.52527656565877,561.0242529986426,605.5495295642759,否
2963,B6T0000000163,E4,1,2,46,21,浅位,374340.0,374645.5495295643,374731.53637949796,85.98684993371387,305.5495295642759,391.53637949796394,否
104,B6T0000000261,E4,1,1,43,2,浅位,375660.0,376473.9214249975,376543.31760528486,69.39618028736368,813.9214249975048,883.3176052848576,否
100,B6T0000000261,E4,1,1,43,2,深位,375660.0,376543.31760528486,376612.7137855722,69.39618028736368,883.3176052848576,952.7137855722103,否
309,B6T0000001196,E3,1,1,14,4,深位,376560.0,376612.7137855722,376648.7098851408,35.99609956859736,52.71378557221033,88.70988514082273,否
310,B6T0000001196,E3,1,2,14,4,浅位,376560.0,376648.7098851408,376684.70598470944,35.99609956859736,88.70988514082273,124.70598470943514,否
314,B6T0000001196,E3,1,2,14,4,深位,376560.0,376684.70598470944,376720.70208427805,35.99609956859736,124.70598470943514,160.70208427804755,否
2899,B6T0000000255,E4,1,1,46,20,浅位,391920.0,391920.0,392005.56840984104,85.56840984103367,0.0,85.56840984104201,否
2901,B6T0000000255,E4,1,1,46,20,深位,391920.0,392005.56840984104,392091.1368196821,85.56840984103367,85.56840984104201,171.13681968208402,否
2900,B6T0000000255,E4,1,2,46,20,浅位,391920.0,392091.1368196821,392176.7052295231,85.56840984103367,171.13681968208402,256.70522952312604,否
2969,B6T0000000301,E4,1,1,43,25,浅位,391980.0,392176.7052295231,392259.6874324676,82.98220294448194,196.70522952312604,279.6874324675882,否
3580,B6T0000000433,E3,1,2,9,17,浅位,399840.0,399840.0,399877.0353314216,37.035331421583706,0.0,37.035331421589945,否
3581,B6T0000000433,E3,1,2,9,17,深位,399840.0,399877.0353314216,399914.0706628432,37.035331421583706,37.035331421589945,74.07066284317989,否
3417,B6T0000001046,E3,1,1,9,10,浅位,400260.0,400260.0,400293.39489417436,33.39489417434322,0.0,33.39489417435834,否
3416,B6T0000001046,E3,1,1,9,10,深位,400260.0,400293.39489417436,400326.7897883487,33.39489417434322,33.39489417435834,66.78978834871668,否
596,B6T0000000247,E4,1,1,46,1,浅位,400380.0,400452.12915495876,400524.5421472718,72.41299231303435,72.12915495876223,144.5421472718008,否
595,B6T0000000247,E4,1,1,46,1,深位,400380.0,400524.5421472718,400596.95513958484,72.41299231303435,144.5421472718008,216.95513958483934,否
3484,B6T0000001371,E1,1,1,1,10,浅位,401940.0,402054.24105384725,402101.29856795724,47.0575141100133,114.2410538472468,161.2985679572448,是
3485,B6T0000001371,E1,1,1,1,10,深位,401940.0,402150.8079872625,402197.6588535058,46.85086624327285,210.80798726249486,257.6588535057963,是
1796,B6T0000001271,E3,1,2,9,10,浅位,431820.0,431820.0,431853.39489417436,33.39489417434322,0.0,33.39489417435834,否
1802,B6T0000001271,E3,1,2,9,10,深位,431820.0,431853.39489417436,431886.7897883487,33.39489417434322,33.39489417435834,66.78978834871668,否
1805,B6T0000001271,E3,1,1,9,22,浅位,431820.0,431886.7897883487,431925.97457525827,39.18478690952215,66.78978834871668,105.97457525826758,否
1801,B6T0000001271,E3,1,1,9,22,深位,431820.0,431925.97457525827,431965.1593621678,39.18478690952215,105.97457525826758,145.15936216781847,否
3702,B6T0000000557,E3,1,2,11,6,深位,431940.0,431965.1593621678,431998.96482513845,33.805462970657786,25.159362167818472,58.96482513844967,否
3703,B6T0000000557,E3,1,2,12,7,浅位,431940.0,431998.96482513845,432034.8879146472,35.92308950871136,58.96482513844967,94.8879146471736,否
1800,B6T0000001271,E3,1,2,9,22,浅位,431820.0,432034.8879146472,432074.0727015567,39.18478690952215,214.8879146471736,254.0727015567245,否
1799,B6T0000001271,E3,1,2,9,22,深位,431820.0,432074.0727015567,432113.2574884663,39.18478690952215,254.0727015567245,293.2574884662754,否
968,B6T0000000445,E3,1,1,13,9,浅位,432000.0,432228.39789707237,432266.94843375526,38.55053668290721,228.39789707236923,266.9484337552567,否
967,B6T0000000445,E3,1,1,13,9,深位,432000.0,432266.94843375526,432305.49897043814,38.55053668290721,266.9484337552567,305.49897043814417,否
1961,B6T0000001683,E1,1,1,1,12,浅位,432240.0,432305.49897043814,432328.2569401842,22.75796974606283,65.49897043814417,88.25694018421927,否
1960,B6T0000001683,E1,1,1,1,12,深位,432240.0,432328.2569401842,432351.0149099303,22.75796974606283,88.25694018421927,111.01490993029438,否
1959,B6T0000001683,E1,1,2,1,12,浅位,432240.0,432351.0149099303,432373.77287967637,22.75796974606283,111.01490993029438,133.77287967636948,否
1963,B6T0000001683,E1,1,2,1,12,深位,432240.0,432373.77287967637,432396.53084942244,22.75796974606283,133.77287967636948,156.5308494224446,否
966,B6T0000000445,E3,1,2,13,9,浅位,432000.0,432396.53084942244,432435.08138610533,38.55053668290721,396.5308494224446,435.08138610533206,否
965,B6T0000000445,E3,1,2,13,9,深位,432000.0,432435.08138610533,432473.6319227882,38.55053668290721,435.08138610533206,473.6319227882195,否
3486,B6T0000001445,E1,1,1,7,3,深位,432480.0,432480.0,432505.6614314206,25.661431420583565,0.0,25.661431420594454,否
3487,B6T0000001445,E1,1,2,4,8,深位,432480.0,432505.6614314206,432531.98992634745,26.328494926829542,25.661431420594454,51.98992634745082,否
3279,B6T0000000826,E3,1,1,9,47,浅位,433140.0,433140.0,433187.6040643147,47.604064314659006,0.0,47.604064314684365,否
3278,B6T0000000826,E3,1,1,9,47,深位,433140.0,433187.6040643147,433235.20812862937,47.604064314659006,47.604064314684365,95.20812862936873,否
2653,B6T0000000303,E4,1,1,45,18,浅位,433200.0,433235.20812862937,433318.37827868684,83.17015005749329,35.20812862936873,118.37827868683962,否
2655,B6T0000000303,E4,1,1,45,18,深位,433200.0,433318.37827868684,433401.5484287443,83.17015005749329,118.37827868683962,201.5484287443105,否
2654,B6T0000000303,E4,1,2,45,18,浅位,433200.0,433401.5484287443,433484.7185788018,83.17015005749329,201.5484287443105,284.7185788017814,否
2652,B6T0000000303,E4,1,2,45,18,深位,433200.0,433484.7185788018,433567.88872885925,83.17015005749329,284.7185788017814,367.8887288592523,否
861,B6T0000000001,E4,1,1,44,5,浅位,432180.0,433567.88872885925,433641.9275314809,74.03880262166626,1387.8887288592523,1461.9275314809056,否
869,B6T0000000001,E4,1,1,44,5,深位,432180.0,433641.9275314809,433715.96633410256,74.03880262166626,1461.9275314809056,1535.966334102559,否
2289,B6T0000000918,E3,1,1,13,5,浅位,433680.0,433715.96633410256,433751.62244359445,35.65610949190729,35.9663341025589,71.62244359444594,否
2284,B6T0000000918,E3,1,1,13,5,深位,433680.0,433795.39457954944,433839.2621178033,43.867538253850164,115.39457954943646,159.2621178032714,是
2288,B6T0000000918,E3,1,2,13,5,浅位,433680.0,433883.03425375826,433926.9017920121,43.867538253850164,203.0342537582619,246.90179201209685,是
2285,B6T0000000918,E3,1,2,13,5,深位,433680.0,433926.9017920121,433962.557901504,35.65610949190729,246.90179201209685,282.5579015039839,否
2287,B6T0000000918,E3,1,1,13,14,浅位,433680.0,433962.557901504,434003.9184700267,41.360568522728194,282.5579015039839,323.9184700266924,否
2286,B6T0000000918,E3,1,1,13,14,深位,433680.0,434003.9184700267,434045.2790385494,41.360568522728194,323.9184700266924,365.27903854940087,否
857,B6T0000000001,E4,1,2,44,5,浅位,432180.0,434045.2790385494,434119.31784117105,74.03880262166626,1865.2790385494009,1939.3178411710542,否
937,B6T0000000508,E3,1,2,20,1,深位,434460.0,434460.0,434499.54517622106,39.5451762210803,0.0,39.54517622105777,否
14,B6T0000001209,E3,1,1,9,3,浅位,434280.0,434601.9492331641,434629.9252060607,27.97597289661777,321.9492331640795,349.9252060606959,否
24,B6T0000001209,E3,1,1,9,3,深位,434280.0,434629.9252060607,434657.9011789573,27.97597289661777,349.9252060606959,377.90117895731237,否
15,B6T0000001209,E3,1,2,9,3,浅位,434280.0,434657.9011789573,434685.8771518539,27.97597289661777,377.90117895731237,405.8771518539288,否
23,B6T0000001209,E3,1,2,9,3,深位,434280.0,434685.8771518539,434713.85312475055,27.97597289661777,405.8771518539288,433.85312475054525,否
3239,B6T0000000521,E3,1,2,9,9,浅位,434760.0,434760.0,434792.7800477505,32.780047750513575,0.0,32.78004775050795,否
3238,B6T0000000521,E3,1,2,9,9,深位,434760.0,434792.7800477505,434825.560095501,32.780047750513575,32.78004775050795,65.5600955010159,否
1445,B6T0000000191,E4,1,1,45,7,浅位,434220.0,435170.18327967735,435247.30304842483,77.11976874745949,950.1832796773524,1027.3030484248302,否
89,B6T0000000261,E4,1,2,43,2,浅位,435240.0,435247.30304842483,435316.6992287122,69.39618028736368,7.303048424830195,76.69922871218296,否
90,B6T0000000261,E4,1,2,43,2,深位,435240.0,435316.6992287122,435386.09540899954,69.39618028736368,76.69922871218296,146.09540899953572,否
1446,B6T0000000191,E4,1,1,45,7,深位,434220.0,435386.09540899954,435463.215177747,77.11976874745949,1166.0954089995357,1243.2151777470135,否
1444,B6T0000000191,E4,1,2,45,7,浅位,434220.0,435463.215177747,435540.3349464945,77.11976874745949,1243.2151777470135,1320.3349464944913,否
1168,B6T0000001838,E1,1,2,8,3,浅位,437520.0,437520.0,437546.6330103049,26.633010304855283,0.0,26.63301030488219,否
1176,B6T0000001838,E1,1,2,8,3,深位,437520.0,437546.6330103049,437573.26602060976,26.633010304855283,26.63301030488219,53.26602060976438,否
2939,B6T0000000287,E4,1,1,44,23,浅位,442560.0,442726.6759379434,442810.4133118925,83.73737394910302,166.67593794339336,250.41331189248012,否
1261,B6T0000000615,E3,1,1,17,2,深位,443820.0,443938.7990171569,443989.4702181315,50.67120097458461,118.79901715688175,169.4702181314933,是
1104,B6T0000001301,E3,1,1,9,15,浅位,443880.0,444038.11756847124,444087.9805365482,49.86296807695268,158.11756847123615,207.98053654818796,是
1109,B6T0000001301,E3,1,1,9,15,深位,443880.0,444136.62788688793,444186.4908549649,49.86296807695268,256.6278868879308,306.4908549648826,是
1102,B6T0000001301,E3,1,2,9,15,浅位,443880.0,444203.166059131,444235.24556426826,32.079505137286375,323.1660591309774,355.24556426826166,是
1117,B6T0000001301,E3,1,2,9,15,深位,443880.0,444252.1939211399,444284.5740586361,32.38013749622374,372.19392113987124,404.57405863609165,是
1262,B6T0000000615,E3,1,2,17,2,浅位,443820.0,444301.7841269436,444336.48301593633,34.698888992711396,481.7841269436176,516.4830159363337,是
1263,B6T0000000615,E3,1,2,17,2,深位,443820.0,444385.37467898295,444436.4213563756,51.04667739268629,565.3746789829456,616.4213563756202,是
1264,B6T0000000615,E3,1,1,21,2,浅位,443820.0,444489.4788526275,444544.8199234304,55.341070802907126,669.4788526275079,724.8199234303902,是
1265,B6T0000000615,E3,1,1,21,2,深位,443820.0,444597.8774196823,444653.21849048516,55.341070802907126,777.8774196822778,833.2184904851601,是
1269,B6T0000000615,E3,1,2,21,2,浅位,443820.0,444653.21849048516,444695.55605008284,42.337559597708484,833.2184904851601,875.5560500828433,否
1276,B6T0000000615,E3,1,2,21,2,深位,443820.0,444695.55605008284,444737.8936096805,42.337559597708484,875.5560500828433,917.8936096805264,否
1549,B6T0000000198,E4,1,1,43,6,浅位,445020.0,445020.0,445093.3186909801,73.31869098009047,0.0,73.3186909800861,否
1543,B6T0000000198,E4,1,1,43,6,深位,445020.0,445093.3186909801,445166.6373819602,73.31869098009047,73.3186909800861,146.6373819601722,否
1552,B6T0000000198,E4,1,1,45,3,浅位,445020.0,445166.6373819602,445240.2952725511,73.65789059095431,146.6373819601722,220.2952725511277,否
1548,B6T0000000198,E4,1,1,45,3,深位,445020.0,445240.2952725511,445313.9531631421,73.65789059095431,220.2952725511277,293.9531631420832,否
1542,B6T0000000198,E4,1,2,45,3,浅位,445020.0,445313.9531631421,445387.61105373304,73.65789059095431,293.9531631420832,367.6110537330387,否
1553,B6T0000000198,E4,1,2,45,3,深位,445020.0,445387.61105373304,445461.268944324,73.65789059095431,367.6110537330387,441.2689443239942,否
1550,B6T0000000198,E4,1,1,46,2,浅位,445020.0,445461.268944324,445535.2513315079,73.98238718391542,441.2689443239942,515.2513315079268,否
1551,B6T0000000198,E4,1,1,46,2,深位,445020.0,445535.2513315079,445609.23371869186,73.98238718391542,515.2513315079268,589.2337186918594,否
1546,B6T0000000198,E4,1,2,46,2,浅位,445020.0,445609.23371869186,445683.2161058758,73.98238718391542,589.2337186918594,663.216105875792,否
1545,B6T0000000198,E4,1,2,46,2,深位,445020.0,445683.2161058758,445757.1984930597,73.98238718391542,663.216105875792,737.1984930597246,否
1544,B6T0000000198,E4,1,1,43,7,深位,445020.0,445757.1984930597,445831.2607905428,74.06229748309165,737.1984930597246,811.2607905428158,否
1547,B6T0000000198,E4,1,1,43,10,浅位,445020.0,445831.2607905428,445907.2801311471,76.01934060431192,811.2607905428158,887.2801311471267,否
3319,B6T0000000102,E4,1,1,45,31,浅位,445080.0,445907.2801311471,445995.47098185006,88.19085070290164,827.2801311471267,915.470981850056,否
3318,B6T0000000102,E4,1,1,45,31,深位,445080.0,445995.47098185006,446083.661832553,88.19085070290164,915.470981850056,1003.6618325529853,否
1589,B6T0000001157,E3,1,1,9,20,浅位,447840.0,447861.81145631225,447900.16921282676,38.357756514513234,21.81145631225081,60.169212826760486,否
1596,B6T0000001157,E3,1,1,9,20,深位,447840.0,447900.16921282676,447938.52696934127,38.357756514513234,60.169212826760486,98.52696934127016,否
1595,B6T0000001157,E3,1,2,9,20,浅位,447840.0,447938.52696934127,447976.8847258558,38.357756514513234,98.52696934127016,136.88472585577983,否
1594,B6T0000001157,E3,1,2,9,20,深位,447840.0,447976.8847258558,448015.2424823703,38.357756514513234,136.88472585577983,175.2424823702895,否
1597,B6T0000001157,E3,1,1,27,1,浅位,447840.0,448454.43327645614,448502.53937221743,48.106095761310186,614.4332764561404,662.539372217434,否
1598,B6T0000001157,E3,1,1,27,1,深位,447840.0,448502.53937221743,448550.6454679787,48.106095761310186,662.539372217434,710.6454679787275,否
1599,B6T0000001157,E3,1,2,27,1,浅位,447840.0,448550.6454679787,448598.75156374,48.106095761310186,710.6454679787275,758.7515637400211,否
2825,B6T0000001379,E1,1,2,2,18,深位,455280.0,455280.0,455308.3672764985,28.367276498526625,0.0,28.367276498524006,否
2824,B6T0000001379,E1,1,1,8,14,深位,455280.0,455308.3672764985,455342.6143934971,34.24711699857208,28.367276498524006,62.614393497118726,否
2826,B6T0000001379,E1,1,1,2,34,深位,455280.0,455342.6143934971,455377.0006895636,34.38629606646905,62.614393497118726,97.00068956357427,否
2827,B6T0000001379,E1,1,1,1,44,浅位,455280.0,455377.0006895636,455411.90177421784,34.90108465425199,97.00068956357427,131.90177421784028,否
1628,B6T0000001671,E1,1,1,6,6,浅位,456420.0,456522.5454514788,456549.8754866082,27.330035129409126,102.5454514787998,129.8754866081872,否
1627,B6T0000001671,E1,1,1,6,6,深位,456420.0,456549.8754866082,456577.2055217376,27.330035129409126,129.8754866081872,157.2055217375746,否
1626,B6T0000001671,E1,1,2,6,6,浅位,456420.0,456577.2055217376,456604.53555686696,27.330035129409126,157.2055217375746,184.535556866962,否
1632,B6T0000001671,E1,1,2,6,6,深位,456420.0,456604.53555686696,456631.86559199635,27.330035129409126,184.535556866962,211.8655919963494,否
1845,B6T0000000219,E4,1,1,45,9,浅位,460560.0,460831.30714166583,460909.7691071107,78.46196544485011,271.30714166583493,349.76910711068194,否
1844,B6T0000000219,E4,1,1,45,9,深位,460560.0,460909.7691071107,460988.2310725555,78.46196544485011,349.76910711068194,428.23107255552895,否
1850,B6T0000000219,E4,1,2,45,9,浅位,460560.0,460988.2310725555,461066.6930380004,78.46196544485011,428.23107255552895,506.69303800037596,否
1842,B6T0000000219,E4,1,2,45,9,深位,460560.0,461066.6930380004,461145.1550034452,78.46196544485011,506.69303800037596,585.155003445223,否
1195,B6T0000001639,E1,1,1,3,6,浅位,463080.0,463080.0,463103.4043796173,23.404379617308372,0.0,23.404379617306404,否
1210,B6T0000001639,E1,1,1,3,6,深位,463080.0,463103.4043796173,463126.8087592346,23.404379617308372,23.404379617306404,46.80875923461281,否
1209,B6T0000001639,E1,1,2,3,6,浅位,463080.0,463126.8087592346,463150.2131388519,23.404379617308372,46.80875923461281,70.21313885191921,否
1208,B6T0000001639,E1,1,2,3,6,深位,463080.0,463150.2131388519,463173.6175184692,23.404379617308372,70.21313885191921,93.61751846922562,否
3144,B6T0000001842,E1,1,1,2,35,浅位,464760.0,464808.16826475214,464842.880755258,34.71249050588143,48.168264752137475,82.8807552580256,否
1393,B6T0000000367,E3,1,1,25,1,浅位,465120.0,465294.6807391055,465340.34085785534,45.66011874981592,174.68073910550447,220.34085785533534,否
1392,B6T0000000367,E3,1,1,25,1,深位,465120.0,465340.34085785534,465386.00097660517,45.66011874981592,220.34085785533534,266.0009766051662,否
1391,B6T0000000367,E3,1,2,25,1,浅位,465120.0,465386.00097660517,465431.661095355,45.66011874981592,266.0009766051662,311.6610953549971,否
1390,B6T0000000367,E3,1,2,25,1,深位,465120.0,465431.661095355,465477.3212141048,45.66011874981592,311.6610953549971,357.32121410482796,否
543,B6T0000001197,E3,1,1,15,4,浅位,466860.0,467007.56210703845,467044.7811951128,37.219088074344484,147.56210703845136,184.7811951127951,否
537,B6T0000001197,E3,1,1,15,4,深位,466860.0,467044.7811951128,467082.00028318714,37.219088074344484,184.7811951127951,222.00028318713885,否
538,B6T0000001197,E3,1,2,15,4,浅位,466860.0,467082.00028318714,467119.2193712615,37.219088074344484,222.00028318713885,259.2193712614826,否
3175,B6T0000000130,E4,1,1,44,28,浅位,470040.0,470040.0,470125.61539956386,85.61539956388444,0.0,85.61539956385968,否
3176,B6T0000000130,E4,1,1,44,28,深位,470040.0,470125.61539956386,470211.2307991277,85.61539956388444,85.61539956385968,171.23079912771937,否
3177,B6T0000000130,E4,1,2,44,28,浅位,470040.0,470211.2307991277,470296.8461986916,85.61539956388444,171.23079912771937,256.84619869157905,否
2307,B6T0000001178,E3,1,1,9,28,浅位,470880.0,470880.0,470921.4622175017,41.46221750173183,0.0,41.462217501713894,否
2306,B6T0000001178,E3,1,1,9,28,深位,470880.0,470921.4622175017,470962.9244350034,41.46221750173183,41.462217501713894,82.92443500342779,否
2305,B6T0000001178,E3,1,2,9,28,浅位,470880.0,470962.9244350034,471004.38665250514,41.46221750173183,82.92443500342779,124.38665250514168,否
2304,B6T0000001178,E3,1,2,9,28,深位,470880.0,471004.38665250514,471045.84887000686,41.46221750173183,124.38665250514168,165.84887000685558,否
1440,B6T0000000745,E3,1,1,15,12,浅位,470700.0,471083.4687309219,471126.2350868165,42.766355894552206,383.46873092191527,426.23508681647945,否
1438,B6T0000000745,E3,1,1,15,12,深位,470700.0,471126.2350868165,471169.00144271104,42.766355894552206,426.23508681647945,469.00144271104364,否
1434,B6T0000000745,E3,1,2,15,12,浅位,470700.0,471169.00144271104,471211.7677986056,42.766355894552206,469.00144271104364,511.7677986056078,否
1442,B6T0000000745,E3,1,2,15,12,深位,470700.0,471211.7677986056,471254.5341545002,42.766355894552206,511.7677986056078,554.534154500172,否
3539,B6T0000001984,E1,1,2,4,3,深位,479760.0,479760.0,479782.1744847132,22.174484713171445,0.0,22.174484713177662,否
3538,B6T0000001984,E1,1,1,1,18,浅位,479760.0,479782.1744847132,479807.88222563366,25.707740920498132,22.174484713177662,47.88222563365707,否
1753,B6T0000000007,E4,1,1,43,3,浅位,479820.0,479820.0,479890.60041932657,70.60041932658646,0.0,70.60041932656895,否
1749,B6T0000000007,E4,1,1,43,3,深位,479820.0,479890.60041932657,479961.20083865314,70.60041932658646,70.60041932656895,141.2008386531379,否
1750,B6T0000000007,E4,1,2,43,3,浅位,479820.0,479961.20083865314,480031.8012579797,70.60041932658646,141.2008386531379,211.80125797970686,否
1748,B6T0000000007,E4,1,2,43,3,深位,479820.0,480031.8012579797,480102.4016773063,70.60041932658646,211.80125797970686,282.4016773062758,否
1747,B6T0000000007,E4,1,2,45,5,浅位,479820.0,480102.4016773063,480177.9692155601,75.56753825385019,282.4016773062758,357.9692155601224,否
1751,B6T0000000007,E4,1,2,45,5,深位,479820.0,480177.9692155601,480253.53675381397,75.56753825385019,357.9692155601224,433.53675381396897,否
1754,B6T0000000007,E4,1,1,43,9,浅位,479820.0,480253.53675381397,480328.94124799443,75.40449418048227,433.53675381396897,508.94124799442943,否
1752,B6T0000000007,E4,1,1,43,9,深位,479820.0,480328.94124799443,480404.3457421749,75.40449418048227,508.94124799442943,584.3457421748899,否
1756,B6T0000000007,E4,1,2,43,9,浅位,479820.0,480404.3457421749,480479.75023635535,75.40449418048227,584.3457421748899,659.7502363553504,否
1755,B6T0000000007,E4,1,2,43,9,深位,479820.0,480479.75023635535,480555.1547305358,75.40449418048227,659.7502363553504,735.1547305358108,否
2665,B6T0000000114,E4,1,1,46,17,浅位,482520.0,482667.3157811819,482751.56176593003,84.24598474810415,147.315781181911,231.5617659300333,否
2664,B6T0000000114,E4,1,1,46,17,深位,482520.0,482751.56176593003,482835.80775067816,84.24598474810415,231.5617659300333,315.80775067815557,否
3230,B6T0000000963,E3,1,2,16,38,浅位,482940.0,482940.0,482994.25030246994,54.25030246993804,0.0,54.250302469939925,否
1766,B6T0000001236,E3,1,1,23,7,浅位,482580.0,482994.25030246994,483043.6999562749,49.44965380493072,414.2503024699399,463.6999562748824,否
3229,B6T0000000963,E3,1,2,16,38,深位,482940.0,483043.6999562749,483097.9502587448,54.25030246993804,103.69995627488242,157.95025874482235,否
3184,B6T0000001919,E1,1,2,7,3,浅位,485460.0,485460.0,485485.6614314206,25.661431420583565,0.0,25.661431420594454,否
3185,B6T0000001919,E1,1,1,4,7,深位,485460.0,485485.6614314206,485511.2977942903,25.63636286967663,25.661431420594454,51.297794290294405,否
3186,B6T0000001919,E1,1,2,4,7,浅位,485460.0,485511.2977942903,485536.93415716,25.63636286967663,51.297794290294405,76.93415715999436,否
1887,B6T0000000716,E3,1,2,14,4,深位,486360.0,486360.0,486395.9960995686,35.99609956859736,0.0,35.99609956861241,否
1892,B6T0000000716,E3,1,1,16,13,浅位,486360.0,486395.9960995686,486440.52137613425,44.52527656565877,35.99609956861241,80.52137613424566,否
1886,B6T0000000716,E3,1,1,16,13,深位,486360.0,486440.52137613425,486485.0466526999,44.52527656565877,80.52137613424566,125.0466526998789,否
1889,B6T0000000716,E3,1,2,16,13,浅位,486360.0,486485.0466526999,486529.5719292655,44.52527656565877,125.0466526998789,169.57192926551215,否
3260,B6T0000000607,E3,1,1,14,4,深位,517980.0,517980.0,518015.9960995686,35.99609956859736,0.0,35.99609956861241,否
3261,B6T0000000607,E3,1,2,14,4,浅位,517980.0,518015.9960995686,518051.9921991372,35.99609956859736,35.99609956861241,71.99219913722482,否
1283,B6T0000001854,E1,1,1,2,7,浅位,519120.0,519120.0,519142.3168951885,22.316895188492822,0.0,22.3168951884727,否
1277,B6T0000001854,E1,1,1,2,7,深位,519120.0,519142.3168951885,519164.63379037695,22.316895188492822,22.3168951884727,44.6337903769454,否
1278,B6T0000001854,E1,1,2,2,7,浅位,519120.0,519164.63379037695,519186.9506855654,22.316895188492822,44.6337903769454,66.9506855654181,否
1279,B6T0000001854,E1,1,2,2,7,深位,519120.0,519186.9506855654,519209.2675807539,22.316895188492822,66.9506855654181,89.2675807538908,否
2490,B6T0000000500,E3,1,1,9,31,浅位,520200.0,520342.8081151173,520385.3170481259,42.50893300856511,142.80811511731008,185.31704812590033,否
417,B6T0000000050,E4,1,1,45,2,浅位,519300.0,520631.32473495236,520703.7783865041,72.4536515517315,1331.324734952359,1403.7783865040983,否
418,B6T0000000050,E4,1,1,45,2,深位,519300.0,520703.7783865041,520776.23203805584,72.4536515517315,1403.7783865040983,1476.2320380558376,否
419,B6T0000000050,E4,1,2,45,2,浅位,519300.0,520776.23203805584,520848.6856896076,72.4536515517315,1476.2320380558376,1548.685689607577,否
1013,B6T0000001975,E1,1,1,3,5,浅位,520740.0,521051.26312972757,521073.85888535425,22.595755626700267,311.2631297275657,333.858885354246,否
1012,B6T0000001975,E1,1,1,3,5,深位,520740.0,521073.85888535425,521096.4546409809,22.595755626700267,333.858885354246,356.45464098092634,否
1011,B6T0000001975,E1,1,2,3,5,浅位,520740.0,521096.4546409809,521119.0503966076,22.595755626700267,356.45464098092634,379.0503966076067,否
1016,B6T0000001975,E1,1,2,3,5,深位,520740.0,521119.0503966076,521141.6461522343,22.595755626700267,379.0503966076067,401.646152234287,否
850,B6T0000001220,E3,1,1,10,11,浅位,520980.0,521189.4169744825,521225.0234312346,35.606456752084895,209.41697448247578,245.0234312345856,否
847,B6T0000001220,E3,1,1,10,11,深位,520980.0,521225.0234312346,521260.6298879867,35.606456752084895,245.0234312345856,280.6298879866954,否
848,B6T0000001220,E3,1,2,10,11,浅位,520980.0,521260.6298879867,521296.2363447388,35.606456752084895,280.6298879866954,316.2363447388052,否
846,B6T0000001220,E3,1,2,10,11,深位,520980.0,521296.2363447388,521331.8428014909,35.606456752084895,316.2363447388052,351.842801490915,否
3109,B6T0000000788,E3,1,1,9,41,浅位,521460.0,521460.0,521505.74817623774,45.748176237743856,0.0,45.74817623774288,否
3110,B6T0000000788,E3,1,1,9,41,深位,521460.0,521505.74817623774,521551.4963524755,45.748176237743856,45.74817623774288,91.49635247548576,否
3111,B6T0000000788,E3,1,2,9,41,浅位,521460.0,521551.4963524755,521597.2445287132,45.748176237743856,91.49635247548576,137.24452871322865,否
3574,B6T0000000546,E3,1,2,9,11,浅位,523920.0,523920.0,523953.9796929749,33.97969297490141,0.0,33.97969297488453,否
3575,B6T0000000546,E3,1,2,9,11,深位,523920.0,523953.9796929749,523987.95938594977,33.97969297490141,33.97969297488453,67.95938594976906,否
3134,B6T0000000635,E3,1,1,9,9,浅位,529320.0,529320.0,529352.7800477506,32.780047750513575,0.0,32.780047750566155,否
3135,B6T0000000635,E3,1,1,9,9,深位,529320.0,529352.7800477506,529385.5600955011,32.780047750513575,32.780047750566155,65.56009550113231,否
3133,B6T0000000635,E3,1,1,11,9,浅位,529320.0,529385.5600955011,529421.4513616721,35.891266171049594,65.56009550113231,101.45136167213786,否
2189,B6T0000001469,E1,1,1,2,14,浅位,530880.0,530939.6107125117,530966.0798362374,26.46912372570443,59.610712511697784,86.07983623736072,否
2186,B6T0000001469,E1,1,1,2,14,深位,530880.0,530966.0798362374,530992.548959963,26.46912372570443,86.07983623736072,112.54895996302366,否
2185,B6T0000001469,E1,1,2,2,14,浅位,530880.0,530992.548959963,531019.0180836887,26.46912372570443,112.54895996302366,139.0180836886866,否
2183,B6T0000001469,E1,1,2,2,14,深位,530880.0,531019.0180836887,531045.4872074143,26.46912372570443,139.0180836886866,165.48720741434954,否
1931,B6T0000001140,E3,1,2,10,23,浅位,532200.0,532389.4183942218,532430.629349886,41.21095566413389,189.41839422180783,230.62934988597408,否
1930,B6T0000001140,E3,1,2,10,23,深位,532200.0,532430.629349886,532471.8403055501,41.21095566413389,230.62934988597408,271.84030555014033,否
2267,B6T0000001742,E1,1,1,2,10,浅位,534000.0,534000.0,534024.2739383098,24.273938309713085,0.0,24.27393830975052,否
2271,B6T0000001742,E1,1,1,2,10,深位,534000.0,534024.2739383098,534048.5478766195,24.273938309713085,24.27393830975052,48.54787661950104,否
2270,B6T0000001742,E1,1,2,1,19,深位,534000.0,534048.5478766195,534074.6961031443,26.148226524783972,48.54787661950104,74.69610314432066,否
2266,B6T0000001742,E1,1,1,5,8,浅位,534000.0,534074.6961031443,534102.3115811356,27.61547799132814,74.69610314432066,102.31158113561105,否
2269,B6T0000001742,E1,1,1,5,8,深位,534000.0,534102.3115811356,534129.9270591269,27.61547799132814,102.31158113561105,129.92705912690144,否
2268,B6T0000001742,E1,1,2,4,10,深位,534000.0,534129.9270591269,534157.5204651178,27.593405990896894,129.92705912690144,157.5204651177628,否
3647,B6T0000001604,E1,1,1,8,4,深位,536700.0,536700.0,536727.6482307768,27.648230776751255,0.0,27.648230776772834,否
3646,B6T0000001604,E1,1,1,4,12,深位,536700.0,536727.6482307768,536756.385203782,28.736973005275132,27.648230776772834,56.38520378200337,否
2006,B6T0000000680,E3,1,2,13,6,浅位,537060.0,537060.0,537096.4647334826,36.46473348251539,0.0,36.46473348257132,否
2005,B6T0000000680,E3,1,2,13,6,深位,537060.0,537096.4647334826,537132.9294669651,36.46473348251539,36.46473348257132,72.92946696514264,否
2007,B6T0000000680,E3,1,1,19,1,浅位,537060.0,537132.9294669651,537171.2516546805,38.32218771533317,72.92946696514264,111.25165468046907,否
2008,B6T0000000680,E3,1,1,19,1,深位,537060.0,537171.2516546805,537209.5738423958,38.32218771533317,111.25165468046907,149.5738423957955,否
2009,B6T0000000680,E3,1,2,19,1,浅位,537060.0,537209.5738423958,537247.8960301111,38.32218771533317,149.5738423957955,187.89603011112195,否
2010,B6T0000000680,E3,1,2,19,1,深位,537060.0,537247.8960301111,537286.2182178264,38.32218771533317,187.89603011112195,226.21821782644838,否
2395,B6T0000001859,E1,1,1,2,4,浅位,538440.0,538440.0,538459.8702375039,19.870237503883608,0.0,19.87023750389926,否
2396,B6T0000001859,E1,1,1,2,9,浅位,538440.0,538459.8702375039,538483.5293293898,23.65909188588344,19.87023750389926,43.529329389799386,否
2397,B6T0000001859,E1,1,1,2,9,深位,538440.0,538483.5293293898,538507.1884212757,23.65909188588344,43.529329389799386,67.18842127569951,否
2398,B6T0000001859,E1,1,1,6,3,浅位,538440.0,538507.1884212757,538531.8001847516,24.61176347590513,67.18842127569951,91.80018475162797,否
2399,B6T0000001859,E1,1,1,4,6,浅位,538440.0,538531.8001847516,538556.6929411183,24.892756366675442,91.80018475162797,116.69294111826457,否
3178,B6T0000001534,E1,1,2,2,10,浅位,554280.0,554280.0,554304.2739383098,24.273938309713085,0.0,24.27393830975052,否
3179,B6T0000001534,E1,1,2,2,10,深位,554280.0,554304.2739383098,554328.5478766195,24.273938309713085,24.27393830975052,48.54787661950104,否
3180,B6T0000001534,E1,1,1,4,7,浅位,554280.0,554328.5478766195,554354.1842394891,25.63636286967663,48.54787661950104,74.18423948914278,否
3296,B6T0000001036,E3,1,1,9,13,浅位,555840.0,555840.0,555875.0743933541,35.0743933540809,0.0,35.07439335412346,否
3297,B6T0000001036,E3,1,1,9,13,深位,555840.0,555875.0743933541,555910.1487867082,35.0743933540809,35.07439335412346,70.14878670824692,否
1073,B6T0000000178,E4,1,1,47,2,浅位,558720.0,559164.3737848985,559239.8849077147,75.51112281609932,444.37378489854746,519.8849077146733,否
1085,B6T0000000178,E4,1,1,47,2,深位,558720.0,559239.8849077147,559315.3960305308,75.51112281609932,519.8849077146733,595.3960305307992,否
639,B6T0000000469,E3,1,1,10,10,浅位,559260.0,559315.3960305308,559350.4176884823,35.021657951526706,55.39603053079918,90.41768848232459,否
640,B6T0000000469,E3,1,1,10,10,深位,559260.0,559350.4176884823,559385.4393464339,35.021657951526706,90.41768848232459,125.43934643385,否
641,B6T0000000469,E3,1,2,10,10,浅位,559260.0,559385.4393464339,559420.4610043854,35.021657951526706,125.43934643385,160.46100438537542,否
1084,B6T0000000178,E4,1,2,47,2,浅位,558720.0,559420.4610043854,559495.9721272015,75.51112281609932,700.4610043853754,775.9721272015013,否
1083,B6T0000000178,E4,1,2,47,2,深位,558720.0,559495.9721272015,559571.4832500176,75.51112281609932,775.9721272015013,851.4832500176271,否
2246,B6T0000000094,E4,1,1,44,14,浅位,560100.0,560100.0,560179.7432616525,79.74326165248718,0.0,79.74326165253296,否
2247,B6T0000000094,E4,1,1,44,14,深位,560100.0,560179.7432616525,560259.4865233051,79.74326165248718,79.74326165253296,159.48652330506593,否
2245,B6T0000000094,E4,1,2,44,14,浅位,560100.0,560259.4865233051,560339.2297849576,79.74326165248718,159.48652330506593,239.2297849575989,否
2043,B6T0000000270,E4,1,2,43,2,浅位,561900.0,561900.0,561969.3961802874,69.39618028736368,0.0,69.39618028735276,否
2049,B6T0000000270,E4,1,2,43,2,深位,561900.0,561969.3961802874,562038.7923605747,69.39618028736368,69.39618028735276,138.79236057470553,否
2045,B6T0000000270,E4,1,1,45,7,浅位,561900.0,562038.7923605747,562115.9121293222,77.11976874745949,138.79236057470553,215.91212932218332,否
2047,B6T0000000270,E4,1,1,45,7,深位,561900.0,562115.9121293222,562193.0318980697,77.11976874745949,215.91212932218332,293.0318980696611,否
2044,B6T0000000270,E4,1,2,45,7,浅位,561900.0,562193.0318980697,562270.1516668171,77.11976874745949,293.0318980696611,370.1516668171389,否
2048,B6T0000000270,E4,1,1,47,8,浅位,561900.0,562270.1516668171,562351.0210388862,80.86937206898021,370.1516668171389,451.02103888615966,否
2046,B6T0000000270,E4,1,1,47,8,深位,561900.0,562351.0210388862,562431.8904109552,80.86937206898021,451.02103888615966,531.8904109551804,否
2301,B6T0000000431,E3,1,2,31,5,浅位,562500.0,562500.0,562557.6813313573,57.68133135729845,0.0,57.6813313573366,否
2300,B6T0000000431,E3,1,2,31,5,深位,562500.0,562557.6813313573,562615.3626627147,57.68133135729845,57.6813313573366,115.3626627146732,否
2677,B6T0000000928,E3,1,1,12,14,浅位,568140.0,568140.0,568180.0753180459,40.07531804592297,0.0,40.07531804591417,否
2678,B6T0000000928,E3,1,1,12,14,深位,568140.0,568180.0753180459,568220.1506360918,40.07531804592297,40.07531804591417,80.15063609182835,否
2679,B6T0000000928,E3,1,2,12,14,浅位,568140.0,568220.1506360918,568260.2259541377,40.07531804592297,80.15063609182835,120.22595413774252,否
2676,B6T0000000928,E3,1,2,12,14,深位,568140.0,568260.2259541377,568300.3012721837,40.07531804592297,120.22595413774252,160.3012721836567,否
2421,B6T0000000777,E3,1,1,9,30,浅位,570600.0,570748.8763522976,570791.0422470233,42.165894725750114,148.8763522976078,191.04224702331703,否
3232,B6T0000000365,E3,2,4,23,31,浅位,7320.0,7320.0,7380.520735760373,60.52073576037287,0.0,60.5207357603731,否
3233,B6T0000000365,E3,2,4,23,31,深位,7320.0,7380.520735760373,7441.041471520746,60.52073576037287,60.5207357603731,121.0414715207462,否
2229,B6T0000001241,E3,2,4,13,23,浅位,9240.0,9240.0,9285.354680819344,45.35468081934403,0.0,45.35468081934414,否
2228,B6T0000001241,E3,2,4,13,23,深位,9240.0,9285.354680819344,9330.709361638688,45.35468081934403,45.35468081934414,90.70936163868828,否
3245,B6T0000000392,E3,2,3,32,22,浅位,13620.0,13620.0,13688.203486213055,68.20348621305406,0.0,68.20348621305493,否
3244,B6T0000000392,E3,2,3,32,22,深位,13620.0,13712.498804759283,13773.71144564332,61.21264088403604,92.4988047592833,153.71144564331917,是
3637,B6T0000000859,E3,2,3,33,35,浅位,13980.0,14037.844572176582,14098.83508778908,60.99051561249818,57.844572176582005,118.83508778908072,是
3636,B6T0000000859,E3,2,3,33,35,深位,13980.0,14129.80023917899,14192.252314993462,62.45207581447151,149.80023917899052,212.25231499346228,是
2851,B6T0000000939,E3,2,4,11,35,浅位,17580.0,17580.0,17626.944664791048,46.94466479104759,0.0,46.944664791048126,否
2850,B6T0000000939,E3,2,4,11,35,深位,17580.0,17626.944664791048,17673.889329582096,46.94466479104759,46.944664791048126,93.88932958209625,否
1511,B6T0000000118,E4,2,3,43,10,浅位,17760.0,18064.077362417243,18140.096703021554,76.01934060431192,304.0773624172434,380.0967030215543,否
1512,B6T0000000118,E4,2,3,43,10,深位,17760.0,18140.096703021554,18216.116043625865,76.01934060431192,380.0967030215543,456.11604362586513,否
1513,B6T0000000118,E4,2,4,43,10,浅位,17760.0,18216.116043625865,18292.135384230176,76.01934060431192,456.11604362586513,532.135384230176,否
1514,B6T0000000118,E4,2,4,43,10,深位,17760.0,18292.135384230176,18368.154724834487,76.01934060431192,532.135384230176,608.1547248344868,否
2378,B6T0000001791,E1,2,3,6,14,浅位,18480.0,18480.0,18512.225870169623,32.22587016962193,0.0,32.225870169622794,否
2379,B6T0000001791,E1,2,3,6,14,深位,18480.0,18512.225870169623,18544.451740339246,32.22587016962193,32.225870169622794,64.45174033924559,否
2377,B6T0000001791,E1,2,4,6,14,浅位,18480.0,18544.451740339246,18576.67761050887,32.22587016962193,64.45174033924559,96.67761050886838,否
2376,B6T0000001791,E1,2,4,6,14,深位,18480.0,18576.67761050887,18608.90348067849,32.22587016962193,96.67761050886838,128.90348067849118,否
703,B6T0000000313,E4,2,3,45,3,浅位,19560.0,20262.71447327599,20336.372363866947,73.65789059095431,702.7144732759916,776.3723638669471,否
1977,B6T0000001165,E3,2,4,18,15,浅位,20280.0,20336.372363866947,20384.356878617225,47.98451475027655,56.372363866947126,104.35687861722545,否
1974,B6T0000001165,E3,2,4,18,15,深位,20280.0,20384.356878617225,20432.341393367504,47.98451475027655,104.35687861722545,152.34139336750377,否
714,B6T0000000313,E4,2,3,45,3,深位,19560.0,20432.341393367504,20505.99928395846,73.65789059095431,872.3413933675038,945.9992839584593,否
715,B6T0000000313,E4,2,4,45,3,浅位,19560.0,20505.99928395846,20579.657174549415,73.65789059095431,945.9992839584593,1019.6571745494148,否
716,B6T0000000313,E4,2,4,45,3,深位,19560.0,20579.657174549415,20653.31506514037,73.65789059095431,1019.6571745494148,1093.3150651403703,否
3114,B6T0000001782,E1,2,3,6,31,浅位,25920.0,25920.0,25959.14472358785,39.14472358785247,0.0,39.14472358785133,否
3113,B6T0000001782,E1,2,3,6,31,深位,25920.0,25959.14472358785,25998.289447175703,39.14472358785247,39.14472358785133,78.28944717570266,否
3112,B6T0000001782,E1,2,4,6,31,浅位,25920.0,25998.289447175703,26037.434170763554,39.14472358785247,78.28944717570266,117.434170763554,否
2791,B6T0000001578,E1,2,4,1,26,浅位,26100.0,26100.0,26128.952435589836,28.952435589834128,0.0,28.95243558983566,否
2788,B6T0000001578,E1,2,4,1,26,深位,26100.0,26128.952435589836,26157.90487117967,28.952435589834128,28.95243558983566,57.90487117967132,否
2052,B6T0000001476,E1,2,3,4,11,浅位,26280.0,26280.0,26308.178204791457,28.178204791455087,0.0,28.178204791456665,否
2055,B6T0000001476,E1,2,3,4,11,深位,26280.0,26308.178204791457,26336.356409582913,28.178204791455087,28.178204791456665,56.35640958291333,否
2053,B6T0000001476,E1,2,4,4,11,浅位,26280.0,26336.356409582913,26364.53461437437,28.178204791455087,56.35640958291333,84.53461437437,否
2054,B6T0000001476,E1,2,4,4,11,深位,26280.0,26364.53461437437,26392.712819165827,28.178204791455087,84.53461437437,112.71281916582666,否
748,B6T0000000140,E4,2,3,46,2,浅位,25680.0,27080.219816053843,27154.202203237757,73.98238718391542,1400.2198160538428,1474.2022032377572,否
731,B6T0000000140,E4,2,3,46,2,深位,25680.0,27154.202203237757,27228.18459042167,73.98238718391542,1474.2022032377572,1548.1845904216716,否
730,B6T0000000140,E4,2,4,46,2,浅位,25680.0,27228.18459042167,27302.166977605586,73.98238718391542,1548.1845904216716,1622.166977605586,否
732,B6T0000000140,E4,2,4,46,2,深位,25680.0,27302.166977605586,27376.1493647895,73.98238718391542,1622.166977605586,1696.1493647895004,否
2500,B6T0000000481,E3,2,4,17,23,浅位,41940.0,41940.0,41990.25806360428,50.25806360427541,0.0,50.258063604276686,否
2501,B6T0000000481,E3,2,4,17,23,深位,41940.0,41990.25806360428,42040.51612720855,50.25806360427541,50.258063604276686,100.51612720855337,否
3628,B6T0000001310,E3,2,3,14,54,浅位,42480.0,42480.0,42536.759695152425,56.75969515242379,0.0,56.75969515242468,否
3629,B6T0000001310,E3,2,3,14,54,深位,42480.0,42536.759695152425,42593.51939030485,56.75969515242379,56.75969515242468,113.51939030484937,否
1972,B6T0000000437,E3,2,3,13,20,浅位,42600.0,42688.25649089381,42732.38473634071,44.12824544690687,88.2564908938075,132.38473634071124,否
1966,B6T0000000437,E3,2,3,13,20,深位,42600.0,42732.38473634071,42776.512981787615,44.12824544690687,132.38473634071124,176.512981787615,否
1965,B6T0000000437,E3,2,4,13,20,浅位,42600.0,42776.512981787615,42820.64122723452,44.12824544690687,176.512981787615,220.64122723451874,否
1968,B6T0000000437,E3,2,4,13,20,深位,42600.0,42820.64122723452,42864.76947268142,44.12824544690687,220.64122723451874,264.7694726814225,否
2910,B6T0000001656,E1,2,4,2,28,浅位,44400.0,44400.0,44432.3412616371,32.341261637101695,0.0,32.341261637098796,否
2909,B6T0000001656,E1,2,4,2,28,深位,44400.0,44432.3412616371,44464.6825232742,32.341261637101695,32.341261637098796,64.68252327419759,否
3348,B6T0000001169,E3,2,3,17,41,浅位,46740.0,46740.0,46796.42204795507,56.42204795506886,0.0,56.42204795507132,否
3349,B6T0000001169,E3,2,3,17,41,深位,46740.0,46796.42204795507,46852.84409591014,56.42204795506886,56.42204795507132,112.84409591014264,否
429,B6T0000000678,E3,2,3,9,10,浅位,51600.0,51666.78978834869,51700.18468252303,33.39489417434322,66.78978834868758,100.18468252303137,否
430,B6T0000000678,E3,2,3,9,10,深位,51600.0,51700.18468252303,51733.579576697375,33.39489417434322,100.18468252303137,133.57957669737516,否
2163,B6T0000001771,E1,2,3,5,12,浅位,52020.0,52258.87918763581,52288.90314370558,30.023956069773735,238.8791876358082,268.9031437055819,否
2164,B6T0000001771,E1,2,3,5,12,深位,52020.0,52309.71298040016,52336.06998524414,26.35700484397657,289.7129804001597,316.0699852441394,是
2162,B6T0000001771,E1,2,4,5,12,浅位,52020.0,52356.87982193871,52383.23682678269,26.35700484397657,336.87982193870994,363.2368267826896,是
655,B6T0000001698,E1,2,4,8,1,浅位,54180.0,54180.0,54203.85937639475,23.859376394751425,0.0,23.859376394750143,否
671,B6T0000001698,E1,2,4,8,1,深位,54180.0,54203.85937639475,54227.7187527895,23.859376394751425,23.859376394750143,47.718752789500286,否
1935,B6T0000001937,E1,2,3,8,8,浅位,54360.0,54546.810800953004,54577.597821471514,30.78702051851338,186.81080095300422,217.59782147151418,否
1933,B6T0000001937,E1,2,3,8,8,深位,54360.0,54577.597821471514,54608.384841990024,30.78702051851338,217.59782147151418,248.38484199002414,否
1567,B6T0000001553,E1,2,4,2,8,浅位,54600.0,54608.384841990024,54631.39386923567,23.009027245645733,8.384841990024142,31.393869235667808,否
1568,B6T0000001553,E1,2,4,2,8,深位,54600.0,54631.39386923567,54654.40289648131,23.009027245645733,31.393869235667808,54.40289648131147,否
370,B6T0000001440,E1,2,4,5,2,浅位,55740.0,55740.0,55762.25722873845,22.25722873844725,0.0,22.25722873844643,否
367,B6T0000001440,E1,2,4,5,2,深位,55740.0,55762.25722873845,55784.51445747689,22.25722873844725,22.25722873844643,44.51445747689286,否
1533,B6T0000000088,E4,2,3,48,4,浅位,55680.0,56150.90373146295,56230.16304942236,79.25931795940198,470.90373146295315,550.1630494223573,否
1530,B6T0000000088,E4,2,3,48,4,深位,55680.0,56230.16304942236,56309.42236738176,79.25931795940198,550.1630494223573,629.4223673817614,否
441,B6T0000000678,E3,2,4,9,10,浅位,56280.0,56309.42236738176,56342.817261556105,33.39489417434322,29.422367381761433,62.81726155610522,否
451,B6T0000000678,E3,2,4,9,10,深位,56280.0,56342.817261556105,56376.21215573045,33.39489417434322,62.81726155610522,96.21215573044901,否
1531,B6T0000000088,E4,2,4,48,4,浅位,55680.0,56376.21215573045,56455.47147368985,79.25931795940198,696.212155730449,775.4714736898532,否
1539,B6T0000000088,E4,2,4,48,4,深位,55680.0,56455.47147368985,56534.73079164926,79.25931795940198,775.4714736898532,854.7307916492573,否
1470,B6T0000000631,E3,2,3,26,1,浅位,86520.0,86751.07033695166,86807.49792315855,56.42758620689656,231.07033695165592,287.49792315854575,是
1478,B6T0000000631,E3,2,3,26,1,深位,86520.0,86836.12550936546,86864.75309557236,28.627586206896552,316.12550936546177,344.75309557236324,是
1477,B6T0000000631,E3,2,4,26,1,浅位,86520.0,86893.38068177925,86922.00826798615,28.627586206896552,373.38068177925015,402.0082679861516,是
1476,B6T0000000631,E3,2,4,26,1,深位,86520.0,86950.63585419304,86979.26344039994,28.627586206896552,430.63585419303854,459.26344039994,是
544,B6T0000001197,E3,2,4,14,5,浅位,87180.0,87221.46261707385,87264.68511648086,43.222499407019086,41.46261707384838,84.68511648086132,是
545,B6T0000001197,E3,2,4,14,5,深位,87180.0,87287.5089765738,87310.33283666673,22.823860092930612,107.50897657379392,130.3328366667265,是
2911,B6T0000001900,E1,2,4,4,27,浅位,87300.0,87357.0811125288,87415.34396423216,58.26285170335334,57.081112528801896,115.34396423216094,是
636,B6T0000000469,E3,2,3,9,11,浅位,87120.0,87463.57920471411,87512.4275577972,48.848353083084085,343.5792047141149,392.4275577972003,是
637,B6T0000000469,E3,2,3,9,11,深位,87120.0,87512.42755779719,87546.40725077208,33.97969297490141,392.4275577971857,426.4072507720848,否
2913,B6T0000001900,E1,2,4,4,27,深位,87300.0,87546.40725077208,87581.70671206947,35.29946129737882,246.4072507720848,281.7067120694701,否
881,B6T0000000488,E3,2,3,13,8,浅位,87420.0,87581.70671206947,87619.60718411214,37.90047204266949,161.7067120694701,199.60718411214475,否
879,B6T0000000488,E3,2,3,13,8,深位,87420.0,87619.60718411214,87657.50765615482,37.90047204266949,199.60718411214475,237.50765615481941,否
880,B6T0000000488,E3,2,4,13,8,浅位,87420.0,87657.50765615482,87695.4081281975,37.90047204266949,237.50765615481941,275.4081281974941,否
882,B6T0000000488,E3,2,4,13,8,深位,87420.0,87695.4081281975,87733.30860024017,37.90047204266949,275.4081281974941,313.30860024016874,否
1380,B6T0000000104,E4,2,3,43,9,浅位,86820.0,87733.30860024017,87808.71309442064,75.40449418048227,913.3086002401687,988.7130944206438,否
1379,B6T0000000104,E4,2,3,43,9,深位,86820.0,87808.71309442064,87884.11758860112,75.40449418048227,988.7130944206438,1064.1175886011188,否
2435,B6T0000001589,E1,2,3,2,18,浅位,87720.0,87884.11758860112,87912.48486509964,28.367276498526625,164.11758860111877,192.48486509964278,否
2438,B6T0000001589,E1,2,3,2,18,深位,87720.0,87912.48486509964,87940.85214159817,28.367276498526625,192.48486509964278,220.85214159816678,否
2437,B6T0000001589,E1,2,4,2,18,浅位,87720.0,87940.85214159817,87969.21941809669,28.367276498526625,220.85214159816678,249.2194180966908,否
2156,B6T0000001774,E1,2,3,3,13,浅位,87840.0,87969.21941809669,87997.00394651796,27.784528421267506,129.2194180966908,157.00394651795796,否
2155,B6T0000001774,E1,2,3,3,13,深位,87840.0,87997.00394651796,88024.78847493923,27.784528421267506,157.00394651795796,184.78847493922513,否
2159,B6T0000001774,E1,2,4,3,13,浅位,87840.0,88024.78847493923,88052.57300336049,27.784528421267506,184.78847493922513,212.5730033604923,否
2158,B6T0000001774,E1,2,4,3,13,深位,87840.0,88052.57300336049,88080.35753178176,27.784528421267506,212.5730033604923,240.35753178175946,否
1387,B6T0000000104,E4,2,4,43,9,浅位,86820.0,88080.35753178176,88155.76202596223,75.40449418048227,1260.3575317817595,1335.7620259622345,否
1378,B6T0000000104,E4,2,4,43,9,深位,86820.0,88155.76202596223,88231.16652014271,75.40449418048227,1335.7620259622345,1411.1665201427095,否
1689,B6T0000001375,E1,2,3,2,9,浅位,88320.0,88414.63636754354,88438.29545942943,23.65909188588344,94.63636754354229,118.29545942942786,否
1690,B6T0000001375,E1,2,3,2,9,深位,88320.0,88438.29545942943,88461.95455131531,23.65909188588344,118.29545942942786,141.95455131531344,否
1691,B6T0000001375,E1,2,4,2,9,浅位,88320.0,88461.95455131531,88485.6136432012,23.65909188588344,141.95455131531344,165.613643201199,否
405,B6T0000000471,E3,2,3,17,1,浅位,88740.0,89024.63789948792,89060.51411019175,35.87621070383891,284.63789948791964,320.5141101917543,否
406,B6T0000000471,E3,2,3,17,1,深位,88740.0,89060.51411019175,89096.39032089559,35.87621070383891,320.5141101917543,356.39032089558896,否
399,B6T0000000471,E3,2,4,17,1,浅位,88740.0,89096.39032089559,89132.26653159942,35.87621070383891,356.39032089558896,392.2665315994236,否
395,B6T0000000471,E3,2,4,17,1,深位,88740.0,89132.26653159942,89168.14274230326,35.87621070383891,392.2665315994236,428.1427423032583,否
178,B6T0000000932,E3,2,3,9,8,浅位,89040.0,89197.6159460991,89229.74592920938,32.129983110275866,157.6159460991039,189.74592920938449,否
177,B6T0000000932,E3,2,3,9,8,深位,89040.0,89229.74592920938,89261.87591231967,32.129983110275866,189.74592920938449,221.87591231966508,否
176,B6T0000000932,E3,2,4,9,8,浅位,89040.0,89261.87591231967,89294.00589542995,32.129983110275866,221.87591231966508,254.00589542994567,否
182,B6T0000000932,E3,2,4,9,8,深位,89040.0,89294.00589542995,89326.13587854023,32.129983110275866,254.00589542994567,286.13587854022626,否
2987,B6T0000001732,E1,2,3,5,28,浅位,89520.0,89696.55061144038,89733.49832382317,36.947712382784104,176.55061144038336,213.49832382316526,否
2021,B6T0000000073,E4,2,3,43,13,浅位,92040.0,92475.85744838425,92553.5562881683,77.6988397840496,435.8574483842531,513.5562881683,否
2025,B6T0000000073,E4,2,3,43,13,深位,92040.0,92553.5562881683,92631.25512795235,77.6988397840496,513.5562881683,591.2551279523468,否
2028,B6T0000000073,E4,2,4,43,13,浅位,92040.0,92631.25512795235,92708.9539677364,77.6988397840496,591.2551279523468,668.9539677363937,否
2027,B6T0000000073,E4,2,4,43,13,深位,92040.0,92708.9539677364,92786.65280752044,77.6988397840496,668.9539677363937,746.6528075204405,否
1406,B6T0000000408,E3,2,3,24,2,浅位,97380.0,97650.27235145173,97705.48238777187,55.210036320148504,270.27235145172745,325.4823877718736,是
1413,B6T0000000408,E3,2,3,24,2,深位,97380.0,97733.55909075869,97761.6357937455,28.07670298681516,353.5590907586884,381.6357937455032,是
1407,B6T0000000408,E3,2,4,24,2,浅位,97380.0,97789.71249673232,97817.78919971913,28.07670298681516,409.71249673231796,437.78919971913274,是
1408,B6T0000000408,E3,2,4,24,2,深位,97380.0,97845.86590270595,97873.94260569276,28.07670298681516,465.8659027059475,493.9426056927623,是
1313,B6T0000000836,E3,2,3,12,14,浅位,97740.0,97952.7321362404,97994.85537098424,42.12323474383488,212.73213624040363,254.8553709842381,是
1311,B6T0000000836,E3,2,3,12,14,深位,97740.0,97994.85537098424,98034.93068903017,40.07531804592297,254.8553709842381,294.93068903016683,否
1319,B6T0000000836,E3,2,4,12,14,浅位,97740.0,98034.93068903017,98075.0060070761,40.07531804592297,294.93068903016683,335.00600707609556,否
1309,B6T0000000836,E3,2,4,12,14,深位,97740.0,98075.0060070761,98115.08132512202,40.07531804592297,335.00600707609556,375.0813251220243,否
3117,B6T0000000362,E3,2,4,14,37,浅位,106020.0,106020.0,106071.48434982028,51.48434982028171,0.0,51.48434982028266,否
3116,B6T0000000362,E3,2,4,14,37,深位,106020.0,106071.48434982028,106122.96869964057,51.48434982028171,51.48434982028266,102.96869964056532,否
1064,B6T0000001185,E3,2,3,21,2,浅位,106380.0,106717.79440678016,106760.13196637787,42.337559597708484,337.79440678015817,380.1319663778704,否
1065,B6T0000001185,E3,2,3,21,2,深位,106380.0,106760.13196637787,106802.46952597558,42.337559597708484,380.1319663778704,422.46952597558266,否
1066,B6T0000001185,E3,2,4,21,2,浅位,106380.0,106802.46952597558,106844.8070855733,42.337559597708484,422.46952597558266,464.8070855732949,否
1059,B6T0000001185,E3,2,4,21,2,深位,106380.0,106844.8070855733,106887.144645171,42.337559597708484,464.8070855732949,507.14464517100714,否
2960,B6T0000001529,E1,2,3,4,28,浅位,110700.0,110771.32145863658,110806.98218795487,35.660729318285505,71.32145863657934,106.982187954869,否
3138,B6T0000001659,E1,2,3,1,35,浅位,111660.0,111660.0,111692.05295492786,32.052954927852944,0.0,32.05295492785808,否
3136,B6T0000001659,E1,2,3,1,35,深位,111660.0,111692.05295492786,111724.10590985572,32.052954927852944,32.05295492785808,64.10590985571616,否
3137,B6T0000001659,E1,2,4,1,35,浅位,111660.0,111724.10590985572,111756.15886478357,32.052954927852944,64.10590985571616,96.15886478357424,否
569,B6T0000001238,E3,2,3,17,2,浅位,113640.0,113930.93061353796,113968.37621911267,37.44560557471998,290.9306135379593,328.3762191126734,否
565,B6T0000001238,E3,2,3,17,2,深位,113640.0,113968.37621911267,114005.82182468739,37.44560557471998,328.3762191126734,365.82182468738756,否
568,B6T0000001238,E3,2,4,17,2,浅位,113640.0,114005.82182468739,114043.2674302621,37.44560557471998,365.82182468738756,403.2674302621017,否
567,B6T0000001238,E3,2,4,17,2,深位,113640.0,114043.2674302621,114080.71303583682,37.44560557471998,403.2674302621017,440.71303583681583,否
3078,B6T0000001763,E1,2,3,3,13,深位,114420.0,114420.0,114447.78452842127,27.784528421267506,0.0,27.78452842126717,否
3076,B6T0000001763,E1,2,4,3,13,浅位,114420.0,114447.78452842127,114475.56905684253,27.784528421267506,27.78452842126717,55.56905684253434,否
3077,B6T0000001763,E1,2,4,3,13,深位,114420.0,114475.56905684253,114503.3535852638,27.784528421267506,55.56905684253434,83.3535852638015,否
3373,B6T0000000224,E4,2,4,49,28,浅位,116400.0,116400.0,116493.2590777248,93.25907772480399,0.0,93.25907772479695,否
3372,B6T0000000224,E4,2,4,49,28,深位,116400.0,116493.2590777248,116586.5181554496,93.25907772480399,93.25907772479695,186.5181554495939,否
3586,B6T0000001723,E1,2,4,3,52,浅位,118680.0,118703.24911677992,118752.18139766245,48.93228088253581,23.24911677991622,72.1813976624544,是
3587,B6T0000001723,E1,2,4,3,52,深位,118680.0,118776.6191635861,118821.07698261293,44.45781902681858,96.61916358610324,141.07698261292535,是
3730,B6T0000000456,E3,2,4,37,34,浅位,121140.0,121140.0,121218.64089376337,78.64089376336673,0.0,78.64089376336779,否
3731,B6T0000000456,E3,2,4,37,34,深位,121140.0,121218.64089376337,121297.28178752674,78.64089376336673,78.64089376336779,157.28178752673557,否
54,B6T0000001104,E3,2,3,9,4,浅位,123780.0,124065.84611791631,124094.83731128482,28.99119336851374,285.84611791631323,314.8373112848203,否
55,B6T0000001104,E3,2,3,9,4,深位,123780.0,124094.83731128482,124123.82850465333,28.99119336851374,314.8373112848203,343.8285046533274,否
56,B6T0000001104,E3,2,4,9,4,浅位,123780.0,124123.82850465333,124152.81969802183,28.99119336851374,343.8285046533274,372.8196980218345,否
57,B6T0000001104,E3,2,4,9,4,深位,123780.0,124152.81969802183,124181.81089139034,28.99119336851374,372.8196980218345,401.81089139034157,否
1588,B6T0000001102,E3,2,3,25,3,浅位,127860.0,128238.93400471943,128287.36775737935,48.433752659919776,378.9340047194273,427.36775737935386,否
1581,B6T0000001102,E3,2,3,25,3,深位,127860.0,128287.36775737935,128335.80151003928,48.433752659919776,427.36775737935386,475.8015100392804,否
1578,B6T0000001102,E3,2,4,25,3,浅位,127860.0,128335.80151003928,128384.2352626992,48.433752659919776,475.8015100392804,524.2352626992069,否
1036,B6T0000001052,E3,2,3,18,5,浅位,130740.0,131238.07485326997,131279.85733405256,41.78248078258579,498.0748532699654,539.8573340525618,否
1037,B6T0000001052,E3,2,3,18,5,深位,130740.0,131279.85733405256,131321.63981483516,41.78248078258579,539.8573340525618,581.6398148351582,否
1038,B6T0000001052,E3,2,4,18,5,浅位,130740.0,131321.63981483516,131363.42229561775,41.78248078258579,581.6398148351582,623.4222956177546,否
1041,B6T0000001052,E3,2,4,18,5,深位,130740.0,131363.42229561775,131405.20477640035,41.78248078258579,623.4222956177546,665.204776400351,否
1918,B6T0000001647,E1,2,4,6,9,浅位,140580.0,140580.0,140609.4158383298,29.415838329800938,0.0,29.41583832979086,否
1919,B6T0000001647,E1,2,4,6,9,深位,140580.0,140609.4158383298,140638.83167665958,29.415838329800938,29.41583832979086,58.83167665958172,否
559,B6T0000001827,E1,2,3,4,3,浅位,140580.0,140726.18336535606,140748.35785006924,22.174484713171445,146.18336535606068,168.35785006923834,否
554,B6T0000001827,E1,2,3,4,3,深位,140580.0,140748.35785006924,140770.53233478242,22.174484713171445,168.35785006923834,190.532334782416,否
553,B6T0000001827,E1,2,4,4,3,浅位,140580.0,140770.53233478242,140792.7068194956,22.174484713171445,190.532334782416,212.70681949559366,否
2856,B6T0000000686,E3,2,3,18,28,浅位,140640.0,140832.90152080567,140886.26059853047,53.35907772480395,192.90152080566622,246.260598530469,否
2857,B6T0000000686,E3,2,3,18,28,深位,140640.0,140886.26059853047,140939.61967625527,53.35907772480395,246.260598530469,299.61967625527177,否
3464,B6T0000000668,E3,2,4,20,42,浅位,142680.0,142680.0,142740.40377106212,60.40377106211897,0.0,60.40377106211963,否
3465,B6T0000000668,E3,2,4,20,42,深位,142680.0,142740.40377106212,142800.80754212424,60.40377106211897,60.40377106211963,120.80754212423926,否
3413,B6T0000000776,E3,2,3,37,23,浅位,142860.0,142860.0,142934.71783371922,74.71783371921795,0.0,74.71783371921629,否
3412,B6T0000000776,E3,2,3,37,23,深位,142860.0,142934.71783371922,143009.43566743843,74.71783371921795,74.71783371921629,149.43566743843257,否
2404,B6T0000001888,E1,2,3,1,18,浅位,142980.0,143082.83096368203,143108.53870460254,25.707740920498132,102.83096368203405,128.53870460254257,否
75,B6T0000000261,E4,2,3,43,1,浅位,143520.0,143791.30714166595,143859.13392708244,67.82678541648261,271.30714166595135,339.1339270824392,否
69,B6T0000000261,E4,2,3,43,1,深位,143520.0,143859.13392708244,143926.96071249893,67.82678541648261,339.1339270824392,406.960712498927,否
76,B6T0000000261,E4,2,4,43,1,浅位,143520.0,143926.96071249893,143994.78749791541,67.82678541648261,406.960712498927,474.78749791541486,否
77,B6T0000000261,E4,2,4,43,1,深位,143520.0,143994.78749791541,144062.6142833319,67.82678541648261,474.78749791541486,542.6142833319027,否
1880,B6T0000001166,E3,2,3,13,11,深位,173400.0,173400.0,173439.7501819073,39.75018190729504,0.0,39.750181907293154,否
1882,B6T0000001166,E3,2,3,23,3,深位,173400.0,173439.7501819073,173485.7379575557,45.98777564842553,39.750181907293154,85.73795755571336,否
1879,B6T0000001166,E3,2,4,13,23,浅位,173400.0,173485.7379575557,173531.09263837506,45.35468081934403,85.73795755571336,131.09263837506296,否
1877,B6T0000001166,E3,2,4,13,23,深位,173400.0,173531.09263837506,173576.4473191944,45.35468081934403,131.09263837506296,176.44731919441256,否
1878,B6T0000001166,E3,2,4,16,18,深位,173400.0,173576.4473191944,173623.38643476914,46.939115574734636,176.44731919441256,223.3864347691415,否
1783,B6T0000001122,E3,2,3,24,6,浅位,173760.0,174068.92671150356,174118.85574731123,49.929035807676655,308.9267115035618,358.8557473112305,否
1781,B6T0000001122,E3,2,3,24,6,深位,173760.0,174118.85574731123,174168.7847831189,49.929035807676655,358.8557473112305,408.7847831188992,否
756,B6T0000000843,E3,2,3,15,5,浅位,174120.0,174168.7847831189,174206.89829838424,38.113515265344404,48.78478311889921,86.89829838424339,否
757,B6T0000000843,E3,2,3,15,5,深位,174120.0,174206.89829838424,174245.0118136496,38.113515265344404,86.89829838424339,125.01181364958757,否
758,B6T0000000843,E3,2,4,15,5,浅位,174120.0,174245.0118136496,174283.12532891493,38.113515265344404,125.01181364958757,163.12532891493174,否
759,B6T0000000843,E3,2,4,15,5,深位,174120.0,174283.12532891493,174321.23884418028,38.113515265344404,163.12532891493174,201.23884418027592,否
1777,B6T0000001122,E3,2,4,24,6,浅位,173760.0,174321.23884418028,174371.16787998794,49.929035807676655,561.2388441802759,611.1678799879446,否
1779,B6T0000001122,E3,2,4,24,6,深位,173760.0,174371.16787998794,174421.0969157956,49.929035807676655,611.1678799879446,661.0969157956133,否
1001,B6T0000001090,E3,2,3,13,8,浅位,174180.0,174431.7574068073,174469.65787884998,37.90047204266949,251.75740680730087,289.65787884997553,否
998,B6T0000001090,E3,2,3,13,8,深位,174180.0,174469.65787884998,174507.55835089265,37.90047204266949,289.65787884997553,327.5583508926502,否
999,B6T0000001090,E3,2,4,13,8,浅位,174180.0,174507.55835089265,174545.45882293532,37.90047204266949,327.5583508926502,365.45882293532486,否
1297,B6T0000000996,E3,2,3,9,17,浅位,174420.0,174608.6614208674,174645.696752289,37.035331421583706,188.6614208674,225.69675228898996,否
1298,B6T0000000996,E3,2,3,9,17,深位,174420.0,174645.696752289,174682.73208371058,37.035331421583706,225.69675228898996,262.7320837105799,否
1303,B6T0000000996,E3,2,4,9,17,浅位,174420.0,174682.73208371058,174719.76741513217,37.035331421583706,262.7320837105799,299.76741513216984,否
1300,B6T0000000996,E3,2,4,9,17,深位,174420.0,174719.76741513217,174756.80274655376,37.035331421583706,299.76741513216984,336.8027465537598,否
2544,B6T0000001206,E3,2,3,39,1,浅位,173700.0,174892.60980536466,174955.39176319493,62.781957830275715,1192.6098053646565,1255.3917631949298,否
2519,B6T0000001724,E1,2,3,1,20,浅位,174960.0,175069.89337867018,175096.47064374204,26.57726507185461,109.89337867018185,136.4706437420391,否
1180,B6T0000001103,E3,2,3,22,2,浅位,175020.0,175505.8621441164,175549.42269221984,43.560548103455616,485.8621441163996,529.4226922198432,否
1179,B6T0000001103,E3,2,3,22,2,深位,175020.0,175549.42269221984,175592.9832403233,43.560548103455616,529.4226922198432,572.9832403232867,否
1185,B6T0000001103,E3,2,4,22,2,浅位,175020.0,175592.9832403233,175636.54378842673,43.560548103455616,572.9832403232867,616.5437884267303,否
1181,B6T0000001103,E3,2,4,22,2,深位,175020.0,175636.54378842673,175680.10433653017,43.560548103455616,616.5437884267303,660.1043365301739,否
1734,B6T0000001429,E1,2,3,1,10,浅位,175560.0,175680.10433653017,175701.71873926185,21.614402731684592,120.1043365301739,141.71873926185071,否
1733,B6T0000001429,E1,2,3,1,10,深位,175560.0,175701.71873926185,175723.33314199353,21.614402731684592,141.71873926185071,163.33314199352753,否
1731,B6T0000001429,E1,2,4,1,10,浅位,175560.0,175723.33314199353,175744.9475447252,21.614402731684592,163.33314199352753,184.94754472520435,否
1730,B6T0000001429,E1,2,4,1,10,深位,175560.0,175744.9475447252,175766.56194745688,21.614402731684592,184.94754472520435,206.56194745688117,否
3568,B6T0000001417,E1,2,3,6,49,浅位,175560.0,175766.56194745688,175811.41629510446,44.854347647569554,206.56194745688117,251.41629510445637,否
3569,B6T0000001417,E1,2,3,6,49,深位,175560.0,175811.41629510446,175856.27064275203,44.854347647569554,251.41629510445637,296.27064275203156,否
477,B6T0000001382,E1,2,3,2,4,浅位,175680.0,175856.27064275203,175876.1408802559,19.870237503883608,176.27064275203156,196.14088025590172,否
473,B6T0000001382,E1,2,3,2,4,深位,175680.0,175876.1408802559,175896.01111775977,19.870237503883608,196.14088025590172,216.01111775977188,否
476,B6T0000001382,E1,2,4,2,4,浅位,175680.0,175896.01111775977,175915.88135526364,19.870237503883608,216.01111775977188,235.88135526364204,否
475,B6T0000001382,E1,2,4,2,4,深位,175680.0,175915.88135526364,175935.7515927675,19.870237503883608,235.88135526364204,255.7515927675122,否
3241,B6T0000001498,E1,2,3,3,38,浅位,180540.0,180571.85979282932,180619.54324628235,47.683453453045644,31.859792829316575,79.5432462823519,是
3240,B6T0000001498,E1,2,3,3,38,深位,180540.0,180652.79563313563,180692.40493954724,39.60930641161918,112.7956331356254,152.40493954723934,是
795,B6T0000000540,E3,2,3,9,12,浅位,181380.0,181460.15267342672,181499.8896789474,39.73700552067312,80.1526734267245,119.88967894739471,是
791,B6T0000000540,E3,2,3,9,12,深位,181380.0,181521.3031635519,181542.7166481564,21.41348460451408,141.30316355190007,162.71664815640543,是
792,B6T0000000540,E3,2,4,9,12,浅位,181380.0,181564.13013276094,181585.54361736545,21.41348460451408,184.1301327609399,205.54361736544524,是
793,B6T0000000540,E3,2,4,9,12,深位,181380.0,181585.54361736547,181620.0820785542,34.538461188721456,205.54361736547435,240.08207855420187,否
2957,B6T0000000824,E3,2,3,17,2,浅位,187380.0,187380.0,187417.44560557473,37.44560557471998,0.0,37.44560557472869,否
2956,B6T0000000824,E3,2,3,17,2,深位,187380.0,187417.44560557473,187454.89121114946,37.44560557471998,37.44560557472869,74.89121114945738,否
2958,B6T0000000824,E3,2,4,17,2,浅位,187380.0,187454.89121114946,187492.3368167242,37.44560557471998,74.89121114945738,112.33681672418606,否
1426,B6T0000000947,E3,2,3,13,14,浅位,188580.0,188880.69472235464,188918.56885209505,37.8741297404188,300.6947223546449,338.5688520950498,是
1422,B6T0000000947,E3,2,3,13,14,深位,188580.0,188941.817968875,188979.6920986154,37.8741297404188,361.81796887499513,399.6920986154,是
1420,B6T0000000947,E3,2,4,13,14,浅位,188580.0,189004.8374823545,189029.98286609355,25.145383739065124,424.8374823544873,449.98286609354545,是
1419,B6T0000000947,E3,2,4,13,14,深位,188580.0,189055.1282498326,189080.27363357166,25.145383739065124,475.1282498326036,500.2736335716618,是
1714,B6T0000001409,E1,2,3,6,7,浅位,194220.0,194411.0224994107,194442.90717129194,31.884671881230965,191.0224994106975,222.90717129193945,是
1715,B6T0000001409,E1,2,3,6,7,深位,194220.0,194442.90717129194,194470.98081292436,28.073641632410315,222.90717129193945,250.9808129243611,否
1712,B6T0000001409,E1,2,4,6,7,浅位,194220.0,194470.98081292436,194499.05445455678,28.073641632410315,250.9808129243611,279.05445455678273,否
1710,B6T0000001409,E1,2,4,6,7,深位,194220.0,194499.05445455678,194527.1280961892,28.073641632410315,279.05445455678273,307.12809618920437,否
2731,B6T0000001922,E1,2,4,8,21,浅位,194640.0,194640.0,194677.43323401542,37.433234015430955,0.0,37.433234015421476,否
2730,B6T0000001922,E1,2,4,8,21,深位,194640.0,194677.43323401542,194714.86646803084,37.433234015430955,37.433234015421476,74.86646803084295,否
907,B6T0000000411,E3,2,3,15,6,浅位,194580.0,194812.5740715302,194851.49621078614,38.92213925595251,232.5740715301945,271.49621078613563,否
2485,B6T0000000435,E3,2,3,38,1,浅位,194760.0,195058.80994882836,195120.3689181529,61.55896932452859,298.8099488283624,360.36891815290437,否
3242,B6T0000000000,E4,2,4,46,2,浅位,197400.0,197400.0,197473.9823871839,73.98238718391542,0.0,73.98238718390348,否
3243,B6T0000000000,E4,2,4,46,2,深位,197400.0,197473.9823871839,197547.9647743678,73.98238718391542,73.98238718390348,147.96477436780697,否
2863,B6T0000000659,E3,2,3,19,27,浅位,197880.0,197880.0,197934.22079820966,54.2207982096444,0.0,54.220798209658824,否
2862,B6T0000000659,E3,2,3,19,27,深位,197880.0,197934.22079820966,197988.44159641932,54.2207982096444,54.220798209658824,108.44159641931765,否
2861,B6T0000000659,E3,2,4,19,27,浅位,197880.0,197988.44159641932,198042.66239462898,54.2207982096444,108.44159641931765,162.66239462897647,否
2860,B6T0000000659,E3,2,4,19,27,深位,197880.0,198042.66239462898,198096.88319283864,54.2207982096444,162.66239462897647,216.8831928386353,否
2325,B6T0000001645,E1,2,4,1,16,浅位,199200.0,199200.0,199224.78841068986,24.78841068985478,0.0,24.78841068985639,否
2320,B6T0000001645,E1,2,4,1,16,深位,199200.0,199224.78841068986,199249.5768213797,24.78841068985478,24.78841068985639,49.57682137971278,否
210,B6T0000000581,E3,2,3,9,9,浅位,203640.0,203771.12019100203,203803.90023875254,32.780047750513575,131.1201910020318,163.90023875253974,否
212,B6T0000000581,E3,2,3,9,9,深位,203640.0,203803.90023875254,203836.68028650305,32.780047750513575,163.90023875253974,196.68028650304768,否
213,B6T0000000581,E3,2,4,9,9,浅位,203640.0,203836.68028650305,203869.46033425356,32.780047750513575,196.68028650304768,229.46033425355563,否
214,B6T0000000581,E3,2,4,9,9,深位,203640.0,203869.46033425356,203902.24038200406,32.780047750513575,229.46033425355563,262.2403820040636,否
2506,B6T0000001035,E3,2,4,9,8,深位,205440.0,205440.0,205472.12998311027,32.129983110275866,0.0,32.12998311026604,否
2505,B6T0000001035,E3,2,3,9,11,浅位,205440.0,205472.12998311027,205506.10967608518,33.97969297490141,32.12998311026604,66.10967608517967,否
2507,B6T0000001035,E3,2,3,9,11,深位,205440.0,205506.10967608518,205540.0893690601,33.97969297490141,66.10967608517967,100.0893690600933,否
2508,B6T0000001035,E3,2,3,17,1,浅位,205440.0,205540.0893690601,205575.96557976393,35.87621070383891,100.0893690600933,135.96557976392796,否
2509,B6T0000001035,E3,2,3,17,1,深位,205440.0,205575.96557976393,205611.84179046776,35.87621070383891,135.96557976392796,171.84179046776262,否
485,B6T0000001101,E3,2,3,12,7,浅位,207840.0,207840.0,207875.92308950872,35.92308950871136,0.0,35.92308950872393,否
486,B6T0000001101,E3,2,3,12,7,深位,207840.0,207875.92308950872,207911.84617901745,35.92308950871136,35.92308950872393,71.84617901744787,否
487,B6T0000001101,E3,2,4,12,7,浅位,207840.0,207911.84617901745,207947.76926852617,35.92308950871136,71.84617901744787,107.7692685261718,否
488,B6T0000001101,E3,2,4,12,7,深位,207840.0,207947.76926852617,207983.6923580349,35.92308950871136,107.7692685261718,143.69235803489573,否
2584,B6T0000000418,E3,2,3,22,19,浅位,214080.0,214080.0,214134.71753221352,54.71753221350324,0.0,54.71753221351537,否
2583,B6T0000000418,E3,2,3,22,19,深位,214080.0,214134.71753221352,214189.43506442703,54.71753221350324,54.71753221351537,109.43506442703074,否
1678,B6T0000001195,E3,2,3,28,1,浅位,213960.0,214189.43506442703,214238.76414869408,49.32908426705731,229.43506442703074,278.7641486940847,否
1679,B6T0000001195,E3,2,3,28,1,深位,213960.0,214238.76414869408,214288.09323296114,49.32908426705731,278.7641486940847,328.0932329611387,否
1684,B6T0000001195,E3,2,4,28,1,浅位,213960.0,214288.09323296114,214337.4223172282,49.32908426705731,328.0932329611387,377.4223172281927,否
1683,B6T0000001195,E3,2,4,28,1,深位,213960.0,214337.4223172282,214386.75140149525,49.32908426705731,377.4223172281927,426.7514014952467,否
2582,B6T0000000418,E3,2,4,22,19,浅位,214080.0,214386.75140149525,214441.46893370876,54.71753221350324,306.7514014952467,361.46893370876205,否
2581,B6T0000000418,E3,2,4,22,19,深位,214080.0,214441.46893370876,214496.18646592228,54.71753221350324,361.46893370876205,416.1864659222774,否
992,B6T0000001090,E3,2,4,13,8,深位,216180.0,216180.0,216217.90047204267,37.90047204266949,0.0,37.900472042674664,否
319,B6T0000001196,E3,2,3,13,5,浅位,216480.0,216829.57134922018,216865.2274587121,35.65610949190729,349.57134922017576,385.2274587120919,否
318,B6T0000001196,E3,2,3,13,5,深位,216480.0,216865.2274587121,216900.883568204,35.65610949190729,385.2274587120919,420.88356820400804,否
323,B6T0000001196,E3,2,4,13,5,浅位,216480.0,216900.883568204,216936.53967769592,35.65610949190729,420.88356820400804,456.5396776959242,否
322,B6T0000001196,E3,2,4,13,5,深位,216480.0,216936.53967769592,216972.19578718784,35.65610949190729,456.5396776959242,492.1957871878403,否
3513,B6T0000000318,E4,2,4,48,4,深位,216900.0,216972.19578718784,217051.45510514724,79.25931795940198,72.19578718784032,151.4551051472372,否
3512,B6T0000000318,E4,2,3,46,13,深位,216900.0,217051.45510514724,217133.74015182783,82.28504668060134,151.4551051472372,233.74015182783478,否
3033,B6T0000001726,E1,2,4,7,28,浅位,218220.0,218220.0,218259.1476760257,39.14767602569763,0.0,39.14767602569191,否
3031,B6T0000001726,E1,2,4,7,28,深位,218220.0,218259.1476760257,218298.29535205138,39.14767602569763,39.14767602569191,78.29535205138382,否
2642,B6T0000000200,E4,2,3,48,14,浅位,219840.0,219840.0,219925.85820418122,85.85820418122282,0.0,85.85820418121875,否
2641,B6T0000000200,E4,2,3,48,14,深位,219840.0,219925.85820418122,220011.71640836244,85.85820418122282,85.85820418121875,171.7164083624375,否
2640,B6T0000000200,E4,2,4,48,14,浅位,219840.0,220011.71640836244,220097.57461254366,85.85820418122282,171.7164083624375,257.57461254365626,否
2643,B6T0000000200,E4,2,4,48,14,深位,219840.0,220097.57461254366,220183.43281672488,85.85820418122282,257.57461254365626,343.432816724875,否
2761,B6T0000000146,E4,2,3,43,22,浅位,228000.0,228000.0,228081.8092333395,81.80923333949086,0.0,81.80923333950341,否
2763,B6T0000000146,E4,2,3,43,22,深位,228000.0,228081.8092333395,228163.618466679,81.80923333949086,81.80923333950341,163.61846667900681,否
2760,B6T0000000146,E4,2,4,43,22,浅位,228000.0,228163.618466679,228245.4277000185,81.80923333949086,163.61846667900681,245.42770001851022,否
2762,B6T0000000146,E4,2,4,43,22,深位,228000.0,228245.4277000185,228327.236933358,81.80923333949086,245.42770001851022,327.23693335801363,否
2369,B6T0000001572,E1,2,4,8,13,浅位,228780.0,228780.0,228813.73143076233,33.73143076231841,0.0,33.731430762331,否
2368,B6T0000001572,E1,2,4,8,13,深位,228780.0,228813.73143076233,228847.46286152466,33.73143076231841,33.731430762331,67.462861524662,否
3501,B6T0000001808,E1,2,4,8,45,浅位,258960.0,259026.45370589598,259083.0326137944,56.578907898428966,66.45370589598315,123.03261379440664,是
3500,B6T0000001808,E1,2,4,8,45,深位,258960.0,259083.03261379444,259128.67922276372,45.64660896927333,123.03261379443575,168.67922276371974,否
3079,B6T0000001354,E1,2,3,4,31,浅位,259200.0,259310.23253562176,259346.93998044688,36.707444825118785,110.23253562176251,146.93998044688487,否
151,B6T0000000810,E3,2,3,15,1,浅位,259440.0,259619.78371843512,259653.21395212747,33.43023369234466,179.78371843512286,213.21395212746575,否
173,B6T0000000810,E3,2,3,15,1,深位,259440.0,259674.2553314378,259695.29671074814,21.041379310344823,234.25533143780194,255.29671074813814,是
159,B6T0000000810,E3,2,4,15,1,浅位,259440.0,259716.3380900585,259737.37946936884,21.041379310344823,276.33809005850344,297.37946936883964,是
171,B6T0000000810,E3,2,4,15,1,深位,259440.0,259758.4208486792,259779.46222798954,21.041379310344823,318.42084867920494,339.46222798954113,是
681,B6T0000001180,E3,2,3,11,9,浅位,259800.0,260158.92525018577,260194.81651635683,35.891266171049594,358.92525018577,394.81651635683374,否
680,B6T0000001180,E3,2,3,11,9,深位,259800.0,260194.81651635683,260230.7077825279,35.891266171049594,394.81651635683374,430.7077825278975,否
678,B6T0000001180,E3,2,4,11,9,浅位,259800.0,260230.7077825279,260266.59904869896,35.891266171049594,430.7077825278975,466.59904869896127,否
677,B6T0000001180,E3,2,4,11,9,深位,259800.0,260266.59904869896,260302.49031487003,35.891266171049594,466.59904869896127,502.49031487002503,否
1604,B6T0000001610,E1,2,3,4,7,浅位,260160.0,260342.66104796587,260368.29741083554,25.63636286967663,182.66104796587024,208.2974108355411,否
1606,B6T0000001610,E1,2,3,4,7,深位,260160.0,260368.29741083554,260393.9337737052,25.63636286967663,208.2974108355411,233.93377370521193,否
1607,B6T0000001610,E1,2,4,4,7,浅位,260160.0,260393.9337737052,260419.57013657488,25.63636286967663,233.93377370521193,259.5701365748828,否
1608,B6T0000001610,E1,2,4,4,7,深位,260160.0,260419.57013657488,260445.20649944455,25.63636286967663,259.5701365748828,285.20649944455363,否
2232,B6T0000000051,E4,2,3,46,11,浅位,259740.0,260445.20649944455,260526.39684574597,81.19034630142184,705.2064994445536,786.3968457459705,否
2233,B6T0000000051,E4,2,3,46,11,深位,259740.0,260526.39684574597,260607.5871920474,81.19034630142184,786.3968457459705,867.5871920473874,否
281,B6T0000000305,E4,2,3,44,2,浅位,261780.0,262485.70008156163,262556.6249974812,70.92491591954757,705.7000815616339,776.6249974811799,否
2433,B6T0000000778,E3,2,4,10,29,浅位,262500.0,262556.6249974812,262600.06885114015,43.44385365900041,56.62499748117989,100.06885114015313,否
2431,B6T0000000778,E3,2,4,10,29,深位,262500.0,262600.06885114015,262643.5127047991,43.44385365900041,100.06885114015313,143.51270479912637,否
2811,B6T0000000003,E4,2,3,48,4,浅位,270360.0,270360.0,270439.2593179594,79.25931795940198,0.0,79.25931795942597,否
2810,B6T0000000003,E4,2,3,48,4,深位,270360.0,270439.2593179594,270518.51863591885,79.25931795940198,79.25931795942597,158.51863591885194,否
2809,B6T0000000003,E4,2,4,48,4,浅位,270360.0,270518.51863591885,270597.7779538783,79.25931795940198,158.51863591885194,237.7779538782779,否
2808,B6T0000000003,E4,2,3,44,13,深位,270360.0,270597.7779538783,270677.0055292945,79.2275754162335,237.7779538782779,317.00552929448895,否
3094,B6T0000001025,E3,2,3,20,30,浅位,271920.0,272033.01746392064,272089.52619588096,56.508731960316496,113.01746392063797,169.52619588095695,否
1009,B6T0000001090,E3,2,3,12,11,浅位,276120.0,276273.8597257219,276312.32465715235,38.46493143048981,153.85972572187893,192.32465715234866,否
1002,B6T0000001090,E3,2,3,12,11,深位,276120.0,276312.32465715235,276350.7895885828,38.46493143048981,192.32465715234866,230.7895885828184,否
1005,B6T0000001090,E3,2,4,12,11,浅位,276120.0,276350.7895885828,276389.2545200133,38.46493143048981,230.7895885828184,269.25452001328813,否
1003,B6T0000001090,E3,2,4,12,11,深位,276120.0,276389.2545200133,276427.71945144376,38.46493143048981,269.25452001328813,307.71945144375786,否
2780,B6T0000000204,E4,2,3,43,13,浅位,277200.0,277200.0,277277.6988397841,77.6988397840496,0.0,77.69883978407597,否
2782,B6T0000000204,E4,2,3,43,13,深位,277200.0,277277.6988397841,277355.39767956815,77.6988397840496,77.69883978407597,155.39767956815194,否
2783,B6T0000000204,E4,2,4,43,13,浅位,277200.0,277355.39767956815,277433.0965193522,77.6988397840496,155.39767956815194,233.09651935222792,否
2781,B6T0000000204,E4,2,4,43,13,深位,277200.0,277433.0965193522,277510.7953591363,77.6988397840496,233.09651935222792,310.7953591363039,否
1899,B6T0000001029,E3,2,3,13,5,浅位,278220.0,278220.0,278255.6561094919,35.65610949190729,0.0,35.65610949188704,否
1898,B6T0000001029,E3,2,3,13,5,深位,278220.0,278255.6561094919,278291.3122189838,35.65610949190729,35.65610949188704,71.31221898377407,否
1897,B6T0000001029,E3,2,4,13,5,浅位,278220.0,278291.3122189838,278326.96832847566,35.65610949190729,71.31221898377407,106.96832847566111,否
1900,B6T0000001029,E3,2,4,13,5,深位,278220.0,278326.96832847566,278362.62443796755,35.65610949190729,106.96832847566111,142.62443796754815,否
1896,B6T0000001029,E3,2,4,13,8,深位,278220.0,278362.62443796755,278400.5249100102,37.90047204266949,142.62443796754815,180.5249100102228,否
1895,B6T0000001029,E3,2,3,28,1,浅位,278220.0,278400.5249100102,278449.8539942773,49.32908426705731,180.5249100102228,229.8539942773059,否
1893,B6T0000001029,E3,2,3,28,1,深位,278220.0,278449.8539942773,278499.1830785444,49.32908426705731,229.8539942773059,279.183078544389,否
1894,B6T0000001029,E3,2,4,28,1,浅位,278220.0,278499.1830785444,278548.5121628115,49.32908426705731,279.183078544389,328.5121628114721,否
3037,B6T0000000275,E4,2,3,43,9,浅位,278340.0,278548.5121628115,278623.91665699193,75.40449418048227,208.51216281147208,283.91665699193254,否
3038,B6T0000000275,E4,2,3,43,9,深位,278340.0,278623.91665699193,278699.3211511724,75.40449418048227,283.91665699193254,359.321151172393,否
3039,B6T0000000275,E4,2,4,43,9,浅位,278340.0,278699.3211511724,278774.72564535285,75.40449418048227,359.321151172393,434.72564535285346,否
2549,B6T0000001449,E1,2,4,7,17,浅位,282180.0,282180.0,282214.72078994557,34.720789945549505,0.0,34.72078994556796,否
2548,B6T0000001449,E1,2,4,7,17,深位,282180.0,282214.72078994557,282249.44157989114,34.720789945549505,34.72078994556796,69.44157989113592,否
3442,B6T0000001707,E1,2,3,8,1,深位,283740.0,283740.0,283763.8593763948,23.859376394751425,0.0,23.85937639477197,否
3443,B6T0000001707,E1,2,3,8,2,深位,283740.0,283763.8593763948,283789.2881476604,25.428771265632484,23.85937639477197,49.288147660379764,否
2106,B6T0000000611,E3,2,3,9,26,浅位,287640.0,287802.93170813005,287843.66463516257,40.73292703249275,162.93170813005418,203.66463516256772,否
2111,B6T0000000611,E3,2,3,9,26,深位,287640.0,287843.66463516257,287884.3975621951,40.73292703249275,203.66463516256772,244.39756219508126,否
2107,B6T0000000611,E3,2,4,9,26,浅位,287640.0,287884.3975621951,287925.1304892276,40.73292703249275,244.39756219508126,285.1304892275948,否
1089,B6T0000001415,E1,2,3,7,3,浅位,287880.0,287931.3228628412,287956.9842942618,25.661431420583565,51.32286284118891,76.98429426178336,否
1090,B6T0000001415,E1,2,3,7,3,深位,287880.0,287956.9842942618,287982.6457256824,25.661431420583565,76.98429426178336,102.64572568237782,否
1099,B6T0000001415,E1,2,4,7,3,浅位,287880.0,287982.6457256824,288008.307157103,25.661431420583565,102.64572568237782,128.30715710297227,否
1098,B6T0000001415,E1,2,4,7,3,深位,287880.0,288008.307157103,288033.96858852357,25.661431420583565,128.30715710297227,153.96858852356672,否
1363,B6T0000000150,E4,2,3,49,1,浅位,295320.0,295473.9983984191,295550.9975976287,76.99919920958607,153.99839841912035,230.99759762868052,否
1364,B6T0000000150,E4,2,3,49,1,深位,295320.0,295550.9975976287,295627.99679683824,76.99919920958607,230.99759762868052,307.9967968382407,否
1365,B6T0000000150,E4,2,4,49,1,浅位,295320.0,295627.99679683824,295704.9959960478,76.99919920958607,307.9967968382407,384.9959960478009,否
1366,B6T0000000150,E4,2,4,49,1,深位,295320.0,295704.9959960478,295781.99519525736,76.99919920958607,384.9959960478009,461.99519525736105,否
1810,B6T0000001372,E1,2,3,2,10,浅位,297060.0,297332.8418589824,297357.1157972921,24.273938309713085,272.8418589823996,297.1157972920919,否
1811,B6T0000001372,E1,2,3,2,10,深位,297060.0,297357.1157972921,297381.3897356018,24.273938309713085,297.1157972920919,321.3897356017842,否
1812,B6T0000001372,E1,2,4,2,10,浅位,297060.0,297381.3897356018,297405.6636739115,24.273938309713085,321.3897356017842,345.6636739114765,否
1813,B6T0000001372,E1,2,4,2,10,深位,297060.0,297405.6636739115,297429.93761222117,24.273938309713085,345.6636739114765,369.9376122211688,否
2360,B6T0000001471,E1,2,3,2,16,浅位,297000.0,297429.93761222117,297457.38555848907,27.447946267883275,429.9376122211688,457.3855584890698,否
2359,B6T0000001471,E1,2,3,2,16,深位,297000.0,297457.38555848907,297484.83350475697,27.447946267883275,457.3855584890698,484.8335047569708,否
2974,B6T0000001507,E1,2,3,4,3,浅位,300960.0,300960.0,300982.1744847132,22.174484713171445,0.0,22.174484713177662,否
2976,B6T0000001507,E1,2,3,4,3,深位,300960.0,300982.1744847132,301004.34896942636,22.174484713171445,22.174484713177662,44.348969426355325,否
2975,B6T0000001507,E1,2,4,4,3,浅位,300960.0,301004.34896942636,301026.52345413953,22.174484713171445,44.348969426355325,66.52345413953299,否
1215,B6T0000000577,E3,2,3,9,16,浅位,302040.0,302186.27560853004,302222.84451066254,36.5689021325134,146.27560853003524,182.84451066254405,否
1221,B6T0000000577,E3,2,3,9,16,深位,302040.0,302222.84451066254,302259.41341279505,36.5689021325134,182.84451066254405,219.41341279505286,否
1222,B6T0000000577,E3,2,4,9,16,浅位,302040.0,302259.41341279505,302295.98231492756,36.5689021325134,219.41341279505286,255.98231492756167,否
1217,B6T0000000577,E3,2,4,9,16,深位,302040.0,302295.98231492756,302332.55121706007,36.5689021325134,255.98231492756167,292.5512170600705,否
333,B6T0000000139,E4,2,3,45,1,浅位,302220.0,302332.55121706007,302403.4354737409,70.88425668085044,112.55121706007048,183.43547374091577,否
348,B6T0000000139,E4,2,3,45,1,深位,302220.0,302403.4354737409,302474.31973042176,70.88425668085044,183.43547374091577,254.31973042176105,否
347,B6T0000000139,E4,2,4,45,1,浅位,302220.0,302474.31973042176,302545.2039871026,70.88425668085044,254.31973042176105,325.20398710260633,否
330,B6T0000000139,E4,2,4,45,1,深位,302220.0,302545.2039871026,302616.08824378345,70.88425668085044,325.20398710260633,396.0882437834516,否
810,B6T0000000540,E3,2,3,19,1,浅位,305460.0,305647.82721205003,305686.14939976536,38.32218771533317,187.82721205003327,226.1493997653597,否
811,B6T0000000540,E3,2,3,19,1,深位,305460.0,305686.14939976536,305724.4715874807,38.32218771533317,226.1493997653597,264.47158748068614,否
808,B6T0000000540,E3,2,4,19,1,浅位,305460.0,305724.4715874807,305762.793775196,38.32218771533317,264.47158748068614,302.7937751960126,否
806,B6T0000000540,E3,2,4,19,1,深位,305460.0,305762.793775196,305801.11596291134,38.32218771533317,302.7937751960126,341.115962911339,否
3157,B6T0000001949,E1,2,3,4,1,深位,306600.0,306600.0,306619.40085080307,19.400850803067584,0.0,19.400850803067442,否
3158,B6T0000001949,E1,2,3,5,2,深位,306600.0,306619.40085080307,306641.6580795415,22.25722873844725,19.400850803067442,41.65807954152115,否
3159,B6T0000001949,E1,2,3,2,7,深位,306600.0,306641.6580795415,306663.97497473,22.316895188492822,41.65807954152115,63.974974729993846,否
1154,B6T0000000245,E4,2,3,45,5,浅位,308040.0,308473.53675381397,308549.1042920678,75.56753825385019,433.53675381396897,509.10429206781555,否
1158,B6T0000000245,E4,2,3,45,5,深位,308040.0,308549.1042920678,308624.67183032166,75.56753825385019,509.10429206781555,584.6718303216621,否
1160,B6T0000000245,E4,2,4,45,5,浅位,308040.0,308624.67183032166,308700.2393685755,75.56753825385019,584.6718303216621,660.2393685755087,否
1161,B6T0000000245,E4,2,4,45,5,深位,308040.0,308700.2393685755,308775.80690682936,75.56753825385019,660.2393685755087,735.8069068293553,否
503,B6T0000001101,E3,2,3,13,6,浅位,309960.0,311593.110828145,311629.5755616275,36.46473348251539,1633.1108281449997,1669.5755616275128,否
507,B6T0000001101,E3,2,3,13,6,深位,309960.0,311629.5755616275,311666.04029511,36.46473348251539,1669.5755616275128,1706.040295110026,否
505,B6T0000001101,E3,2,4,13,6,浅位,309960.0,311666.04029511,311702.50502859254,36.46473348251539,1706.040295110026,1742.505028592539,否
515,B6T0000001101,E3,2,4,13,6,深位,309960.0,311702.50502859254,311738.96976207505,36.46473348251539,1742.505028592539,1778.9697620750521,否
224,B6T0000000581,E3,2,3,10,8,浅位,311640.0,312574.157056695,312607.9138035825,33.75674688745936,934.157056695025,967.9138035824872,否
225,B6T0000000581,E3,2,3,10,8,深位,311640.0,312607.9138035825,312641.67055046995,33.75674688745936,967.9138035824872,1001.6705504699494,否
220,B6T0000000581,E3,2,4,10,8,浅位,311640.0,312641.67055046995,312675.4272973574,33.75674688745936,1001.6705504699494,1035.4272973574116,否
226,B6T0000000581,E3,2,4,10,8,深位,311640.0,312675.4272973574,312709.1840442449,33.75674688745936,1035.4272973574116,1069.1840442448738,否
3642,B6T0000001391,E1,2,3,3,54,浅位,312900.0,312900.0,312942.4649240195,42.46492401952678,0.0,42.46492401952855,否
3643,B6T0000001391,E1,2,3,3,54,深位,312900.0,312942.4649240195,312984.92984803906,42.46492401952678,42.46492401952855,84.9298480390571,否
2990,B6T0000000096,E4,2,3,45,1,浅位,345240.0,345240.0,345310.88425668085,70.88425668085044,0.0,70.88425668084528,否
2989,B6T0000000096,E4,2,3,45,1,深位,345240.0,345310.88425668085,345381.7685133617,70.88425668085044,70.88425668084528,141.76851336169057,否
2991,B6T0000000096,E4,2,4,45,1,浅位,345240.0,345381.7685133617,345452.65277004254,70.88425668085044,141.76851336169057,212.65277004253585,否
2651,B6T0000001682,E1,2,3,7,20,浅位,345720.0,345720.0,345756.0432150385,36.04321503847903,0.0,36.04321503848769,否
2650,B6T0000001682,E1,2,3,7,20,深位,345720.0,345756.0432150385,345792.086430077,36.04321503847903,36.04321503848769,72.08643007697538,否
2649,B6T0000001682,E1,2,4,7,20,浅位,345720.0,345792.086430077,345828.12964511546,36.04321503847903,72.08643007697538,108.12964511546306,否
2648,B6T0000001682,E1,2,4,7,20,深位,345720.0,345828.12964511546,345864.17286015395,36.04321503847903,108.12964511546306,144.17286015395075,否
3726,B6T0000001813,E1,2,4,4,3,浅位,345840.0,345864.17286015395,345886.3473448671,22.174484713171445,24.17286015395075,46.34734486712841,否
3727,B6T0000001813,E1,2,3,5,2,深位,345840.0,345886.3473448671,345908.6045736056,22.25722873844725,46.34734486712841,68.60457360558212,否
2739,B6T0000001280,E3,2,4,11,33,浅位,345720.0,345908.6045736056,345954.89458798664,46.290014381058256,188.60457360558212,234.8945879866369,否
2738,B6T0000001280,E3,2,4,11,33,深位,345720.0,345954.89458798664,346001.1846023677,46.290014381058256,234.8945879866369,281.1846023676917,否
2381,B6T0000001895,E1,2,3,1,18,浅位,345960.0,346001.1846023677,346026.8923432882,25.707740920498132,41.184602367691696,66.8923432881711,否
2380,B6T0000001895,E1,2,3,3,13,深位,345960.0,346026.8923432882,346054.67687170947,27.784528421267506,66.8923432881711,94.67687170946738,否
2383,B6T0000001895,E1,2,4,3,13,浅位,345960.0,346054.67687170947,346082.46140013076,27.784528421267506,94.67687170946738,122.46140013076365,否
2384,B6T0000001895,E1,2,4,3,13,深位,345960.0,346082.46140013076,346110.24592855206,27.784528421267506,122.46140013076365,150.24592855205992,否
2382,B6T0000001895,E1,2,4,6,9,浅位,345960.0,346110.24592855206,346139.6617668819,29.415838329800938,150.24592855205992,179.66176688187988,否
3395,B6T0000000141,E4,2,3,46,2,浅位,345780.0,346139.6617668819,346213.6441540658,73.98238718391542,359.6617668818799,433.6441540658125,否
3394,B6T0000000141,E4,2,3,46,2,深位,345780.0,346213.6441540658,346287.62654124975,73.98238718391542,433.6441540658125,507.62654124974506,否
974,B6T0000001844,E1,2,3,1,6,浅位,346200.0,346293.97497610527,346312.88872921275,18.913753107463137,93.97497610526625,112.88872921274742,否
973,B6T0000001844,E1,2,3,1,6,深位,346200.0,346312.88872921275,346331.8024823202,18.913753107463137,112.88872921274742,131.8024823202286,否
972,B6T0000001844,E1,2,4,1,6,浅位,346200.0,346331.8024823202,346350.7162354277,18.913753107463137,131.8024823202286,150.71623542770976,否
977,B6T0000001844,E1,2,4,1,6,深位,346200.0,346350.7162354277,346369.6299885352,18.913753107463137,150.71623542770976,169.62998853519093,否
752,B6T0000000843,E3,2,3,16,4,浅位,346140.0,346369.6299885352,346408.07206511527,38.442076580091616,229.62998853519093,268.072065115266,否
3603,B6T0000001116,E3,2,3,9,65,浅位,346440.0,346440.0,346493.13449909724,53.13449909726771,0.0,53.13449909724295,否
3602,B6T0000001116,E3,2,3,9,65,深位,346440.0,346493.13449909724,346546.2689981945,53.13449909726771,53.13449909724295,106.2689981944859,否
2208,B6T0000001098,E3,2,3,9,27,浅位,346200.0,346546.2689981945,346587.3699476753,41.10094948082514,346.2689981944859,387.3699476753245,否
2209,B6T0000001098,E3,2,3,9,27,深位,346200.0,346587.3699476753,346628.47089715616,41.10094948082514,387.3699476753245,428.4708971561631,否
2210,B6T0000001098,E3,2,4,9,27,浅位,346200.0,346628.47089715616,346669.571846637,41.10094948082514,428.4708971561631,469.5718466370017,否
129,B6T0000000154,E4,2,3,43,3,浅位,345840.0,346874.6216806586,346945.22209998517,70.60041932658646,1034.6216806586017,1105.2220999851706,否
128,B6T0000000154,E4,2,3,43,3,深位,345840.0,346945.22209998517,347015.82251931174,70.60041932658646,1105.2220999851706,1175.8225193117396,否
2453,B6T0000001399,E1,2,3,1,19,浅位,346860.0,347015.82251931174,347041.9707458365,26.148226524783972,155.8225193117396,181.970745836501,否
127,B6T0000000154,E4,2,4,43,3,浅位,345840.0,347041.9707458365,347112.57116516307,70.60041932658646,1201.970745836501,1272.57116516307,否
142,B6T0000000154,E4,2,4,43,3,深位,345840.0,347112.57116516307,347183.17158448964,70.60041932658646,1272.57116516307,1343.171584489639,否
271,B6T0000000305,E4,2,3,44,2,深位,347580.0,347580.0,347650.92491591955,70.92491591954757,0.0,70.92491591954604,否
270,B6T0000000305,E4,2,4,44,2,浅位,347580.0,347650.92491591955,347721.8498318391,70.92491591954757,70.92491591954604,141.84983183909208,否
269,B6T0000000305,E4,2,4,44,2,深位,347580.0,347721.8498318391,347792.77474775864,70.92491591954757,141.84983183909208,212.7747477586381,否
3284,B6T0000001287,E3,2,4,13,43,浅位,347760.0,347805.74549342814,347857.8880304735,52.142537045365074,45.745493428141344,97.88803047349211,否
3592,B6T0000000056,E4,2,3,45,3,浅位,347820.0,347857.8880304735,347931.54592106445,73.65789059095431,37.88803047349211,111.54592106444761,否
3593,B6T0000000056,E4,2,3,45,3,深位,347820.0,347931.54592106445,348005.2038116554,73.65789059095431,111.54592106444761,185.20381165540311,否
3738,B6T0000000137,E4,2,3,46,14,浅位,347880.0,348005.2038116554,348088.00454457226,82.800732916855,125.20381165540311,208.00454457226442,否
2817,B6T0000000976,E3,2,4,39,5,浅位,348120.0,348120.0,348187.4652394033,67.46523940327546,0.0,67.46523940330371,否
2819,B6T0000000976,E3,2,4,39,5,深位,348120.0,348187.4652394033,348254.9304788066,67.46523940327546,67.46523940330371,134.93047880660743,否
3226,B6T0000001769,E1,2,3,7,35,浅位,348300.0,348300.0,348341.5189048945,41.51890489447737,0.0,41.51890489447396,否
3228,B6T0000001769,E1,2,3,7,35,深位,348300.0,348341.5189048945,348383.03780978895,41.51890489447737,41.51890489447396,83.03780978894792,否
3227,B6T0000001769,E1,2,4,7,35,浅位,348300.0,348383.03780978895,348424.5567146834,41.51890489447737,83.03780978894792,124.55671468342189,否
2905,B6T0000001330,E1,2,4,8,13,浅位,348600.0,348600.0,348633.73143076233,33.73143076231841,0.0,33.731430762331,否
2907,B6T0000001330,E1,2,4,8,13,深位,348600.0,348633.73143076233,348667.46286152466,33.73143076231841,33.731430762331,67.462861524662,否
2832,B6T0000001965,E1,2,3,1,6,浅位,350700.0,350700.0,350718.9137531075,18.913753107463137,0.0,18.91375310748117,否
2833,B6T0000001965,E1,2,3,1,6,深位,350700.0,350718.9137531075,350737.82750621496,18.913753107463137,18.91375310748117,37.82750621496234,否
2834,B6T0000001965,E1,2,4,1,6,浅位,350700.0,350737.82750621496,350756.74125932244,18.913753107463137,37.82750621496234,56.74125932244351,否
2835,B6T0000001965,E1,2,4,1,6,深位,350700.0,350756.74125932244,350775.6550124299,18.913753107463137,56.74125932244351,75.65501242992468,否
3055,B6T0000000985,E3,2,3,13,6,浅位,351060.0,351060.0,351096.4647334825,36.46473348251539,0.0,36.46473348251311,否
3056,B6T0000000985,E3,2,3,13,6,深位,351060.0,351096.4647334825,351132.929466965,36.46473348251539,36.46473348251311,72.92946696502622,否
3057,B6T0000000985,E3,2,4,13,6,浅位,351060.0,351132.929466965,351169.39420044754,36.46473348251539,72.92946696502622,109.39420044753933,否
878,B6T0000000488,E3,2,3,17,2,浅位,369420.0,369420.0,369457.4456055747,37.44560557471998,0.0,37.445605574699584,否
876,B6T0000000488,E3,2,3,17,2,深位,369420.0,369457.4456055747,369494.8912111494,37.44560557471998,37.445605574699584,74.89121114939917,否
875,B6T0000000488,E3,2,4,17,2,浅位,369420.0,369494.8912111494,369532.3368167241,37.44560557471998,74.89121114939917,112.33681672409875,否
3667,B6T0000001940,E1,2,3,8,52,浅位,369420.0,369532.3368167241,369580.134150331,47.797333606954496,112.33681672409875,160.134150331025,否
3666,B6T0000001940,E1,2,3,8,52,深位,369420.0,369580.134150331,369627.93148393795,47.797333606954496,160.134150331025,207.93148393795127,否
2725,B6T0000001708,E1,2,3,1,6,浅位,373020.0,373020.0,373038.9137531075,18.913753107463137,0.0,18.91375310748117,否
2726,B6T0000001708,E1,2,3,1,6,深位,373020.0,373038.9137531075,373057.82750621496,18.913753107463137,18.91375310748117,37.82750621496234,否
2727,B6T0000001708,E1,2,4,1,6,浅位,373020.0,373057.82750621496,373076.74125932244,18.913753107463137,37.82750621496234,56.74125932244351,否
2724,B6T0000001708,E1,2,4,1,6,深位,373020.0,373076.74125932244,373095.6550124299,18.913753107463137,56.74125932244351,75.65501242992468,否
3355,B6T0000000236,E4,2,4,48,4,深位,374160.0,374160.0,374239.2593179594,79.25931795940198,0.0,79.25931795942597,否
3354,B6T0000000236,E4,2,3,46,13,深位,374160.0,374239.2593179594,374321.54436464,82.28504668060134,79.25931795942597,161.54436464002356,否
311,B6T0000001196,E3,2,3,14,4,浅位,376560.0,376720.70208427805,376756.69818384666,35.99609956859736,160.70208427804755,196.69818384665996,否
313,B6T0000001196,E3,2,3,14,4,深位,376560.0,376756.69818384666,376792.6942834153,35.99609956859736,196.69818384665996,232.69428341527237,否
312,B6T0000001196,E3,2,4,14,4,浅位,376560.0,376792.6942834153,376828.6903829839,35.99609956859736,232.69428341527237,268.6903829838848,否
918,B6T0000000411,E3,2,3,15,6,深位,378240.0,378277.21908807434,378316.1412273303,38.92213925595251,37.219088074343745,76.141227330314,否
913,B6T0000000411,E3,2,4,15,6,浅位,378240.0,378316.1412273303,378355.0633665863,38.92213925595251,76.141227330314,115.06336658628425,否
922,B6T0000000411,E3,2,4,15,6,深位,378240.0,378355.0633665863,378393.98550584225,38.92213925595251,115.06336658628425,153.9855058422545,否
3720,B6T0000000563,E3,2,4,26,45,浅位,382020.0,382020.0,382088.6703398301,68.67033983008496,0.0,68.67033983010333,否
3721,B6T0000000563,E3,2,4,26,45,深位,382020.0,382088.6703398301,382157.3406796602,68.67033983008496,68.67033983010333,137.34067966020666,否
2768,B6T0000001992,E1,2,3,6,4,深位,382920.0,382920.0,382945.6269839478,25.626983947801104,0.0,25.6269839478191,否
2769,B6T0000001992,E1,2,4,2,14,深位,382920.0,382945.6269839478,382972.09610767354,26.46912372570443,25.6269839478191,52.096107673540246,否
2770,B6T0000001992,E1,2,4,7,5,深位,382920.0,382972.09610767354,382999.667186757,27.571079083479457,52.096107673540246,79.66718675702577,否
2771,B6T0000001992,E1,2,3,4,11,浅位,382920.0,382999.667186757,383027.8453915485,28.178204791455087,79.66718675702577,107.84539154847153,否
2758,B6T0000001843,E1,2,4,5,2,浅位,386040.0,386040.0,386062.25722873845,22.25722873844725,0.0,22.257228738453705,否
2756,B6T0000001843,E1,2,4,5,2,深位,386040.0,386062.25722873845,386084.5144574769,22.25722873844725,22.257228738453705,44.51445747690741,否
2757,B6T0000001843,E1,2,3,8,8,深位,386040.0,386084.5144574769,386115.3014779954,30.78702051851338,44.51445747690741,75.3014779954101,否
3613,B6T0000000440,E3,2,4,12,11,深位,386760.0,386760.0,386798.46493143047,38.46493143048981,0.0,38.46493143046973,否
3612,B6T0000000440,E3,2,3,9,26,浅位,386760.0,386798.46493143047,386839.197858463,40.73292703249275,38.46493143046973,79.19785846298328,否
2390,B6T0000001989,E1,2,4,7,3,浅位,400560.0,400560.0,400585.6614314206,25.661431420583565,0.0,25.661431420594454,否
2392,B6T0000001989,E1,2,4,7,3,深位,400560.0,400585.6614314206,400611.3228628412,25.661431420583565,25.661431420594454,51.32286284118891,否
2394,B6T0000001989,E1,2,3,2,16,浅位,400560.0,400611.3228628412,400638.7708091091,27.447946267883275,51.32286284118891,78.7708091090899,否
2393,B6T0000001989,E1,2,3,2,16,深位,400560.0,400638.7708091091,400666.218755377,27.447946267883275,78.7708091090899,106.21875537699088,否
1,B6T0000001209,E3,2,3,10,1,浅位,402180.0,402180.0,402206.8291027637,26.829102763697396,0.0,26.82910276367329,否
3,B6T0000001209,E3,2,3,10,1,深位,402180.0,402206.8291027637,402233.65820552735,26.829102763697396,26.82910276367329,53.65820552734658,否
8,B6T0000001209,E3,2,4,10,1,浅位,402180.0,402233.65820552735,402260.487308291,26.829102763697396,53.65820552734658,80.48730829101987,否
7,B6T0000001209,E3,2,4,10,1,深位,402180.0,402260.487308291,402287.3164110547,26.829102763697396,80.48730829101987,107.31641105469316,否
3145,B6T0000001777,E1,2,3,2,9,浅位,402420.0,402420.0,402443.6590918859,23.65909188588344,0.0,23.659091885900125,否
3146,B6T0000001777,E1,2,3,2,9,深位,402420.0,402443.6590918859,402467.3181837718,23.65909188588344,23.659091885900125,47.31818377180025,否
3147,B6T0000001777,E1,2,4,2,9,浅位,402420.0,402467.3181837718,402490.9772756577,23.65909188588344,47.31818377180025,70.97727565770037,否
1798,B6T0000001271,E3,2,3,9,22,浅位,431820.0,432165.09755507985,432207.5803439061,42.482788826272404,345.09755507984664,387.5803439061274,是
1797,B6T0000001271,E3,2,3,9,22,深位,431820.0,432231.44645680004,432255.31256969395,23.86611289388543,411.4464568000403,435.31256969395326,是
1803,B6T0000001271,E3,2,4,9,22,浅位,431820.0,432279.1786825878,432303.0447954817,23.86611289388543,459.178682587808,483.04479548172094,是
1804,B6T0000001271,E3,2,4,9,22,深位,431820.0,432326.9109083756,432350.7770212695,23.86611289388543,506.9109083755757,530.7770212694886,是
1964,B6T0000001683,E1,2,3,1,12,浅位,432240.0,432484.06437242054,432521.5734071705,37.50903474992237,244.0643724205438,281.5734071704792,是
1957,B6T0000001683,E1,2,3,1,12,深位,432240.0,432556.46373700554,432593.9727717555,37.50903474992237,316.4637370055425,353.9727717554779,是
627,B6T0000000469,E3,2,4,9,11,浅位,433980.0,434060.75218466733,434102.2403497223,41.48816505501825,80.7521846673335,122.24034972232766,是
628,B6T0000000469,E3,2,4,9,11,深位,433980.0,434123.35888067726,434144.4774116322,21.11853095494937,143.35888067726046,164.47741163219325,是
946,B6T0000000508,E3,2,3,20,1,浅位,434460.0,434499.54517622106,434539.0903524421,39.5451762210803,39.54517622105777,79.09035244211555,否
945,B6T0000000508,E3,2,3,20,1,深位,434460.0,434539.0903524421,434578.6355286632,39.5451762210803,79.09035244211555,118.63552866317332,否
944,B6T0000000508,E3,2,4,20,1,浅位,434460.0,434578.6355286632,434618.18070488423,39.5451762210803,118.63552866317332,158.1807048842311,否
943,B6T0000000508,E3,2,4,20,1,深位,434460.0,434618.18070488423,434657.7258811053,39.5451762210803,158.1807048842311,197.72588110528886,否
2875,B6T0000000968,E3,2,4,9,26,浅位,434700.0,434700.0,434740.7329270325,40.73292703249275,0.0,40.732927032513544,否
22,B6T0000001209,E3,2,3,9,3,浅位,434280.0,434740.7329270325,434768.70889992913,27.97597289661777,460.73292703251354,488.70889992913,否
2874,B6T0000000968,E3,2,3,28,1,浅位,434700.0,434768.70889992913,434818.0379841962,49.32908426705731,68.70889992912998,118.03798419621307,否
2873,B6T0000000968,E3,2,3,28,1,深位,434700.0,434818.0379841962,434867.3670684633,49.32908426705731,118.03798419621307,167.36706846329616,否
2872,B6T0000000968,E3,2,4,28,1,浅位,434700.0,434867.3670684633,434916.6961527304,49.32908426705731,167.36706846329616,216.69615273037925,否
2425,B6T0000000890,E3,2,3,9,30,浅位,434940.0,434940.0,434982.16589472577,42.165894725750114,0.0,42.16589472576743,否
2426,B6T0000000890,E3,2,3,9,30,深位,434940.0,434982.16589472577,435024.33178945153,42.165894725750114,42.16589472576743,84.33178945153486,否
2428,B6T0000000890,E3,2,4,9,30,浅位,434940.0,435024.33178945153,435066.4976841773,42.165894725750114,84.33178945153486,126.49768417730229,否
2429,B6T0000000890,E3,2,4,9,30,深位,434940.0,435066.4976841773,435108.66357890307,42.165894725750114,126.49768417730229,168.66357890306972,否
92,B6T0000000261,E4,2,3,43,2,浅位,435240.0,435386.09540899954,435455.4915892869,69.39618028736368,146.09540899953572,215.49158928688848,否
84,B6T0000000261,E4,2,3,43,2,深位,435240.0,435455.4915892869,435524.88776957424,69.39618028736368,215.49158928688848,284.88776957424125,否
93,B6T0000000261,E4,2,4,43,2,浅位,435240.0,435524.88776957424,435594.2839498616,69.39618028736368,284.88776957424125,354.283949861594,否
85,B6T0000000261,E4,2,4,43,2,深位,435240.0,435594.2839498616,435663.68013014895,69.39618028736368,354.283949861594,423.6801301489468,否
3433,B6T0000000973,E3,2,3,9,4,浅位,436740.0,436740.0,436768.9911933685,28.99119336851374,0.0,28.991193368507084,否
3432,B6T0000000973,E3,2,3,9,4,深位,436740.0,436768.9911933685,436797.982386737,28.99119336851374,28.991193368507084,57.98238673701417,否
1175,B6T0000001838,E1,2,3,8,3,浅位,437520.0,437573.26602060976,437599.89903091465,26.633010304855283,53.26602060976438,79.89903091464657,否
1169,B6T0000001838,E1,2,3,8,3,深位,437520.0,437599.89903091465,437626.5320412195,26.633010304855283,79.89903091464657,106.53204121952876,否
1173,B6T0000001838,E1,2,4,8,3,浅位,437520.0,437626.5320412195,437653.1650515244,26.633010304855283,106.53204121952876,133.16505152441096,否
1172,B6T0000001838,E1,2,4,8,3,深位,437520.0,437653.1650515244,437679.7980618293,26.633010304855283,133.16505152441096,159.79806182929315,否
3045,B6T0000000743,E3,2,4,17,2,深位,439020.0,439020.0,439057.4456055747,37.44560557471998,0.0,37.445605574699584,否
3044,B6T0000000743,E3,2,3,12,14,浅位,439020.0,439057.4456055747,439097.5209236206,40.07531804592297,37.445605574699584,77.52092362061376,否
3043,B6T0000000743,E3,2,3,12,14,深位,439020.0,439097.5209236206,439137.5962416665,40.07531804592297,77.52092362061376,117.59624166652793,否
3717,B6T0000001969,E1,2,4,1,65,浅位,442440.0,442440.0,442481.3540076546,41.35400765460908,0.0,41.35400765459053,否
3716,B6T0000001969,E1,2,4,1,65,深位,442440.0,442481.3540076546,442522.7080153092,41.35400765460908,41.35400765459053,82.70801530918106,否
1116,B6T0000001301,E3,2,3,9,15,浅位,443880.0,444284.5740586361,444320.6617131633,36.08765452720442,404.57405863609165,440.6617131633102,否
1108,B6T0000001301,E3,2,3,9,15,深位,443880.0,444320.6617131633,444356.7493676905,36.08765452720442,440.6617131633102,476.74936769052874,否
1114,B6T0000001301,E3,2,4,9,15,浅位,443880.0,444356.7493676905,444392.83702221775,36.08765452720442,476.74936769052874,512.8370222177473,否
1115,B6T0000001301,E3,2,4,9,15,深位,443880.0,444392.83702221775,444428.92467674497,36.08765452720442,512.8370222177473,548.9246767449658,否
1274,B6T0000000615,E3,2,3,20,5,浅位,443820.0,444737.8936096805,444782.1220674746,44.22845779408004,917.8936096805264,962.1220674745855,否
1266,B6T0000000615,E3,2,3,20,5,深位,443820.0,444782.1220674746,444826.35052526864,44.22845779408004,962.1220674745855,1006.3505252686446,否
1267,B6T0000000615,E3,2,4,20,5,浅位,443820.0,444826.35052526864,444870.5789830627,44.22845779408004,1006.3505252686446,1050.5789830627036,否
1273,B6T0000000615,E3,2,4,20,5,深位,443820.0,444870.5789830627,444914.80744085676,44.22845779408004,1050.5789830627036,1094.8074408567627,否
1121,B6T0000001955,E1,2,4,4,5,浅位,447420.0,447480.16578912106,447525.7182820802,45.55249295912861,60.165789121063426,105.71828208019724,是
1125,B6T0000001955,E1,2,4,4,5,深位,447420.0,447572.4665579423,447618.0190509014,45.55249295912861,152.46655794227263,198.01905090140644,是
1593,B6T0000001157,E3,2,3,9,20,浅位,447840.0,448069.7108788083,448122.72221255256,53.01133374427907,229.71087880828418,282.72221255255863,是
1592,B6T0000001157,E3,2,3,9,20,深位,447840.0,448176.47536097834,448233.68791950686,57.2125585284961,336.47536097833654,393.68791950686136,是
1591,B6T0000001157,E3,2,4,9,20,浅位,447840.0,448287.44106793264,448344.65362646116,57.2125585284961,447.44106793263927,504.6536264611641,是
1590,B6T0000001157,E3,2,4,9,20,深位,447840.0,448398.53743104887,448454.43327645614,55.895845407247606,558.5374310488696,614.4332764561404,是
1323,B6T0000001360,E1,2,4,2,7,浅位,454620.0,454620.0,454642.3168951885,22.316895188492822,0.0,22.3168951884727,否
1324,B6T0000001360,E1,2,4,2,7,深位,454620.0,454642.3168951885,454664.63379037695,22.316895188492822,22.3168951884727,44.6337903769454,否
3567,B6T0000001252,E3,2,4,9,4,深位,454920.0,454920.0,454948.9911933685,28.99119336851374,0.0,28.991193368507084,否
3566,B6T0000001252,E3,2,3,21,2,深位,454920.0,454948.9911933685,454991.3287529662,42.337559597708484,28.991193368507084,71.32875296619022,否
1622,B6T0000001671,E1,2,3,6,6,浅位,456420.0,456718.28798324533,456758.3533386036,40.06535535827615,298.2879832453327,338.3533386036288,是
1631,B6T0000001671,E1,2,3,6,6,深位,456420.0,456793.89734160213,456833.9626969604,40.06535535827615,373.89734160213266,413.96269696042873,是
1624,B6T0000001671,E1,2,4,6,6,浅位,456420.0,456869.5306879649,456909.65716819535,40.126480230403445,449.5306879649288,489.6571681953501,是
1849,B6T0000000219,E4,2,3,43,1,浅位,460560.0,460560.0,460627.82678541646,67.82678541648261,0.0,67.82678541645873,否
1848,B6T0000000219,E4,2,3,43,1,深位,460560.0,460627.82678541646,460695.6535708329,67.82678541648261,67.82678541645873,135.65357083291747,否
1847,B6T0000000219,E4,2,4,43,1,浅位,460560.0,460695.6535708329,460763.4803562494,67.82678541648261,135.65357083291747,203.4803562493762,否
1846,B6T0000000219,E4,2,4,43,1,深位,460560.0,460763.4803562494,460831.30714166583,67.82678541648261,203.4803562493762,271.30714166583493,否
1843,B6T0000000219,E4,2,3,45,9,浅位,460560.0,461145.1550034452,461223.61696889007,78.46196544485011,585.155003445223,663.61696889007,否
1207,B6T0000001639,E1,2,3,3,6,浅位,463080.0,463173.6175184692,463197.02189808653,23.404379617308372,93.61751846922562,117.02189808653202,否
1206,B6T0000001639,E1,2,3,3,6,深位,463080.0,463197.02189808653,463220.42627770384,23.404379617308372,117.02189808653202,140.42627770383842,否
1194,B6T0000001639,E1,2,4,3,6,浅位,463080.0,463220.42627770384,463243.83065732114,23.404379617308372,140.42627770383842,163.83065732114483,否
1196,B6T0000001639,E1,2,4,3,6,深位,463080.0,463243.83065732114,463267.23503693845,23.404379617308372,163.83065732114483,187.23503693845123,否
3143,B6T0000001842,E1,2,4,4,5,浅位,464760.0,464760.0,464784.08413237607,24.084132376067338,0.0,24.084132376068737,否
3142,B6T0000001842,E1,2,4,4,5,深位,464760.0,464784.08413237607,464808.16826475214,24.084132376067338,24.084132376068737,48.168264752137475,否
1397,B6T0000000367,E3,2,3,25,1,浅位,465120.0,465477.3212141048,465522.98133285466,45.66011874981592,357.32121410482796,402.98133285465883,否
1395,B6T0000000367,E3,2,3,25,1,深位,465120.0,465522.98133285466,465568.6414516045,45.66011874981592,402.98133285465883,448.6414516044897,否
1389,B6T0000000367,E3,2,4,25,1,浅位,465120.0,465568.6414516045,465614.3015703543,45.66011874981592,448.6414516044897,494.3015703543206,否
1401,B6T0000000367,E3,2,4,25,1,深位,465120.0,465614.3015703543,465659.96168910415,45.66011874981592,494.3015703543206,539.9616891041514,否
2303,B6T0000001178,E3,2,3,9,28,浅位,470880.0,471045.84887000686,471087.31108750857,41.46221750173183,165.84887000685558,207.31108750856947,否
2302,B6T0000001178,E3,2,3,9,28,深位,470880.0,471087.31108750857,471128.7733050103,41.46221750173183,207.31108750856947,248.77330501028337,否
1433,B6T0000000745,E3,2,3,15,12,浅位,470700.0,471254.5341545002,471297.30051039474,42.766355894552206,554.534154500172,597.3005103947362,否
3585,B6T0000000883,E3,2,3,9,58,浅位,472980.0,472980.0,473030.9837744596,50.98377445958654,0.0,50.98377445957158,否
3584,B6T0000000883,E3,2,3,9,58,深位,472980.0,473030.9837744596,473081.96754891914,50.98377445958654,50.98377445957158,101.96754891914316,否
1244,B6T0000001022,E3,2,4,14,5,浅位,477120.0,477120.0,477156.8905267596,36.89052675959728,0.0,36.89052675961284,否
1902,B6T0000001740,E1,2,3,4,10,浅位,480000.0,480000.0,480027.5934059909,27.593405990896894,0.0,27.593405990919564,否
1901,B6T0000001740,E1,2,3,4,10,深位,480000.0,480027.5934059909,480055.18681198184,27.593405990896894,27.593405990919564,55.18681198183913,否
1903,B6T0000001740,E1,2,4,4,10,浅位,480000.0,480055.18681198184,480082.78021797276,27.593405990896894,55.18681198183913,82.78021797275869,否
1907,B6T0000001740,E1,2,4,4,10,深位,480000.0,480082.78021797276,480110.3736239637,27.593405990896894,82.78021797275869,110.37362396367826,否
3231,B6T0000000963,E3,2,3,16,38,浅位,482940.0,483097.9502587448,483152.20056121476,54.25030246993804,157.95025874482235,212.20056121476227,否
961,B6T0000000445,E3,2,3,13,9,浅位,485940.0,485940.0,485978.5505366829,38.55053668290721,0.0,38.55053668288747,否
959,B6T0000000445,E3,2,3,13,9,深位,485940.0,485978.5505366829,486017.1010733658,38.55053668290721,38.55053668288747,77.10107336577494,否
1699,B6T0000001342,E1,2,3,4,8,浅位,486000.0,486017.1010733658,486043.42956829263,26.328494926829542,17.101073365774937,43.4295682926313,否
1700,B6T0000001342,E1,2,3,4,8,深位,486000.0,486043.42956829263,486069.7580632195,26.328494926829542,43.4295682926313,69.75806321948767,否
1702,B6T0000001342,E1,2,4,4,8,浅位,486000.0,486069.7580632195,486096.08655814634,26.328494926829542,69.75806321948767,96.08655814634403,否
1703,B6T0000001342,E1,2,4,4,8,深位,486000.0,486096.08655814634,486122.4150530732,26.328494926829542,96.08655814634403,122.4150530732004,否
960,B6T0000000445,E3,2,4,13,9,浅位,485940.0,486122.4150530732,486160.9655897561,38.55053668290721,182.4150530732004,220.96558975608787,否
3664,B6T0000001714,E1,2,4,1,10,深位,487440.0,487440.0,487461.6144027317,21.614402731684592,0.0,21.614402731705923,否
3665,B6T0000001714,E1,2,3,1,20,浅位,487440.0,487461.6144027317,487488.19166780356,26.57726507185461,21.614402731705923,48.19166780356318,否
3475,B6T0000000014,E4,2,4,45,3,浅位,487440.0,487488.19166780356,487561.8495583945,73.65789059095431,48.19166780356318,121.84955839451868,否
3474,B6T0000000014,E4,2,4,45,3,深位,487440.0,487561.8495583945,487635.5074489855,73.65789059095431,121.84955839451868,195.50744898547418,否
2082,B6T0000001673,E1,2,3,6,10,浅位,487860.0,487860.0,487890.0306847536,30.03068475363058,0.0,30.03068475361215,否
2078,B6T0000001673,E1,2,3,6,10,深位,487860.0,487890.0306847536,487920.0613695072,30.03068475363058,30.03068475361215,60.0613695072243,否
2081,B6T0000001673,E1,2,4,6,10,浅位,487860.0,487920.0613695072,487950.09205426084,30.03068475363058,60.0613695072243,90.09205426083645,否
2083,B6T0000001673,E1,2,4,6,10,深位,487860.0,487950.09205426084,487980.12273901445,30.03068475363058,90.09205426083645,120.1227390144486,否
3069,B6T0000000455,E3,2,4,9,10,浅位,518640.0,518640.0,518673.39489417436,33.39489417434322,0.0,33.39489417435834,否
3068,B6T0000000455,E3,2,4,9,10,深位,518640.0,518673.39489417436,518706.7897883487,33.39489417434322,33.39489417435834,66.78978834871668,否
3067,B6T0000000455,E3,2,4,9,64,浅位,518640.0,518706.7897883487,518759.6170410692,52.8272527204561,66.78978834871668,119.61704106919933,否
1862,B6T0000000725,E3,2,3,13,19,浅位,518520.0,518759.6170410692,518803.31624796905,43.69920689983623,239.61704106919933,283.3162479690509,否
2141,B6T0000001327,E1,2,4,8,10,浅位,518640.0,518803.31624796905,518835.3681795516,32.051931582580735,163.3162479690509,195.36817955161678,否
1864,B6T0000000725,E3,2,3,13,19,深位,518520.0,518835.3681795516,518879.06738645147,43.69920689983623,315.3681795516168,359.06738645146834,否
1866,B6T0000000725,E3,2,4,13,19,浅位,518520.0,518879.06738645147,518922.7665933513,43.69920689983623,359.06738645146834,402.7665933513199,否
1280,B6T0000001854,E1,2,3,2,7,浅位,519120.0,519209.2675807539,519231.58447594236,22.316895188492822,89.2675807538908,111.5844759423635,否
3251,B6T0000000622,E3,2,4,13,5,浅位,519780.0,519780.0,519815.6561094919,35.65610949190729,0.0,35.65610949188704,否
3250,B6T0000000622,E3,2,4,13,5,深位,519780.0,519815.6561094919,519851.3122189838,35.65610949190729,35.65610949188704,71.31221898377407,否
3408,B6T0000001276,E3,2,3,9,10,浅位,519900.0,519900.0,519933.39489417436,33.39489417434322,0.0,33.39489417435834,否
3409,B6T0000001276,E3,2,3,9,10,深位,519900.0,519933.39489417436,519966.7897883487,33.39489417434322,33.39489417435834,66.78978834871668,否
3591,B6T0000001890,E1,2,4,8,21,深位,520740.0,520740.0,520777.4332340154,37.433234015430955,0.0,37.433234015421476,否
3590,B6T0000001890,E1,2,4,7,28,浅位,520740.0,520777.4332340154,520816.5809100411,39.14767602569763,37.433234015421476,76.58091004111338,否
789,B6T0000001996,E1,2,3,7,2,浅位,520620.0,520847.48779762286,520871.94499000424,24.45719238136077,227.48779762285994,251.9449900042382,否
784,B6T0000001996,E1,2,3,7,2,深位,520620.0,520871.94499000424,520896.4021823856,24.45719238136077,251.9449900042382,276.40218238561647,否
845,B6T0000001220,E3,2,3,10,11,浅位,520980.0,521331.8428014909,521367.449258243,35.606456752084895,351.842801490915,387.4492582430248,否
849,B6T0000001220,E3,2,3,10,11,深位,520980.0,521367.449258243,521403.05571499513,35.606456752084895,387.4492582430248,423.0557149951346,否
601,B6T0000000247,E4,2,3,45,2,浅位,521520.0,521520.0,521592.45365155174,72.4536515517315,0.0,72.45365155173931,否
619,B6T0000000247,E4,2,3,45,2,深位,521520.0,521592.45365155174,521664.9073031035,72.4536515517315,72.45365155173931,144.90730310347863,否
618,B6T0000000247,E4,2,4,45,2,浅位,521520.0,521664.9073031035,521737.3609546552,72.4536515517315,144.90730310347863,217.36095465521794,否
617,B6T0000000247,E4,2,4,45,2,深位,521520.0,521737.3609546552,521809.81460620696,72.4536515517315,217.36095465521794,289.81460620695725,否
3421,B6T0000000131,E4,2,3,44,2,深位,530400.0,530400.0,530470.9249159195,70.92491591954757,0.0,70.92491591954604,否
3420,B6T0000000131,E4,2,4,44,2,浅位,530400.0,530470.9249159195,530541.8498318391,70.92491591954757,70.92491591954604,141.84983183909208,否
1932,B6T0000001140,E3,2,3,10,23,浅位,532200.0,532471.8403055501,532513.0512612143,41.21095566413389,271.84030555014033,313.0512612143066,否
3708,B6T0000001247,E3,2,3,14,60,深位,533880.0,533880.0,533938.6031734133,58.60317341329335,0.0,58.603173413313925,否
3709,B6T0000001247,E3,2,4,14,60,浅位,533880.0,533938.6031734133,533997.2063468266,58.60317341329335,58.603173413313925,117.20634682662785,否
3320,B6T0000001039,E3,2,3,12,11,浅位,534360.0,534360.0,534398.4649314305,38.46493143048981,0.0,38.46493143052794,否
3321,B6T0000001039,E3,2,3,12,11,深位,534360.0,534398.4649314305,534436.929862861,38.46493143048981,38.46493143052794,76.92986286105588,否
3541,B6T0000000539,E3,2,4,13,6,深位,538320.0,538320.0,538356.4647334826,36.46473348251539,0.0,36.46473348257132,否
3540,B6T0000000539,E3,2,3,19,1,浅位,538320.0,538356.4647334826,538394.7869211979,38.32218771533317,36.46473348257132,74.78692119789775,否
2499,B6T0000000257,E4,2,4,43,8,深位,543720.0,543720.0,543794.7544295402,74.75442954024457,0.0,74.75442954024766,否
2498,B6T0000000257,E4,2,3,43,10,浅位,543720.0,543794.7544295402,543870.7737701446,76.01934060431192,74.75442954024766,150.7737701445585,否
2497,B6T0000000257,E4,2,3,43,10,深位,543720.0,543870.7737701446,543946.7931107489,76.01934060431192,150.7737701445585,226.79311074886937,否
2496,B6T0000000257,E4,2,4,43,10,浅位,543720.0,543946.7931107489,544022.8124513532,76.01934060431192,226.79311074886937,302.8124513531802,否
2495,B6T0000000257,E4,2,4,43,10,深位,543720.0,544022.8124513532,544098.8317919575,76.01934060431192,302.8124513531802,378.8317919574911,否
2098,B6T0000000116,E4,2,4,46,2,浅位,548100.0,548100.0,548173.9823871839,73.98238718391542,0.0,73.98238718393259,否
2097,B6T0000000116,E4,2,4,46,2,深位,548100.0,548173.9823871839,548247.9647743679,73.98238718391542,73.98238718393259,147.96477436786518,否
2092,B6T0000000116,E4,2,3,45,11,浅位,548100.0,548247.9647743679,548327.6263850371,79.66161066923794,147.96477436786518,227.62638503708877,否
2093,B6T0000000116,E4,2,3,45,11,深位,548100.0,548327.6263850371,548407.2879957063,79.66161066923794,227.62638503708877,307.28799570631236,否
2094,B6T0000000116,E4,2,4,45,11,浅位,548100.0,548407.2879957063,548486.9496063755,79.66161066923794,307.28799570631236,386.94960637553595,否
2095,B6T0000000116,E4,2,4,45,11,深位,548100.0,548486.9496063755,548566.6112170448,79.66161066923794,386.94960637553595,466.61121704475954,否
2930,B6T0000001312,E3,2,3,13,20,浅位,559500.0,559500.0,559544.128245447,44.12824544690687,0.0,44.1282454469474,否
2929,B6T0000001312,E3,2,3,13,20,深位,559500.0,559544.128245447,559588.2564908939,44.12824544690687,44.1282454469474,88.2564908938948,否
2931,B6T0000001312,E3,2,4,13,20,浅位,559500.0,559588.2564908939,559632.3847363408,44.12824544690687,88.2564908938948,132.3847363408422,否
1082,B6T0000000178,E4,2,3,47,2,浅位,558720.0,559632.3847363408,559707.895859157,75.51112281609932,912.3847363408422,987.8958591569681,否
1081,B6T0000000178,E4,2,3,47,2,深位,558720.0,559707.895859157,559783.4069819731,75.51112281609932,987.8958591569681,1063.406981973094,否
1074,B6T0000000178,E4,2,4,47,2,浅位,558720.0,559783.4069819731,559858.9181047892,75.51112281609932,1063.406981973094,1138.9181047892198,否
1079,B6T0000000178,E4,2,4,47,2,深位,558720.0,559858.9181047892,559934.4292276053,75.51112281609932,1138.9181047892198,1214.4292276053457,否
2299,B6T0000000431,E3,2,3,31,5,浅位,562500.0,562615.3626627147,562673.043994072,57.68133135729845,115.3626627146732,173.0439940720098,否
2298,B6T0000000431,E3,2,3,31,5,深位,562500.0,562673.043994072,562730.7253254293,57.68133135729845,173.0439940720098,230.7253254293464,否
2297,B6T0000000431,E3,2,4,31,5,浅位,562500.0,562730.7253254293,562788.4066567867,57.68133135729845,230.7253254293464,288.406656786683,否
2296,B6T0000000431,E3,2,4,31,5,深位,562500.0,562788.4066567867,562846.087988144,57.68133135729845,288.406656786683,346.0879881440196,否
3706,B6T0000001047,E3,3,5,41,29,浅位,480.0,480.0,561.842685737073,81.84268573707298,0.0,81.842685737073,否
3707,B6T0000001047,E3,3,5,41,29,深位,480.0,561.842685737073,643.685371474146,81.84268573707298,81.842685737073,163.685371474146,否
2227,B6T0000001241,E3,3,5,13,23,浅位,9240.0,9330.709361638688,9376.064042458032,45.35468081934403,90.70936163868828,136.06404245803242,否
2226,B6T0000001241,E3,3,5,13,23,深位,9240.0,9376.064042458032,9421.418723277377,45.35468081934403,136.06404245803242,181.41872327737656,否
2225,B6T0000001241,E3,3,6,13,23,浅位,9240.0,9421.418723277377,9466.77340409672,45.35468081934403,181.41872327737656,226.7734040967207,否
2224,B6T0000001241,E3,3,6,13,23,深位,9240.0,9466.77340409672,9512.128084916065,45.35468081934403,226.7734040967207,272.12808491606484,否
2849,B6T0000000939,E3,3,5,11,35,浅位,17580.0,17673.889329582096,17720.833994373144,46.94466479104759,93.88932958209625,140.83399437314438,否
2848,B6T0000000939,E3,3,5,11,35,深位,17580.0,17720.833994373144,17767.778659164193,46.94466479104759,140.83399437314438,187.7786591641925,否
1515,B6T0000000118,E4,3,5,43,10,浅位,17760.0,18368.154724834487,18444.174065438798,76.01934060431192,608.1547248344868,684.1740654387977,否
1516,B6T0000000118,E4,3,5,43,10,深位,17760.0,18444.174065438798,18520.19340604311,76.01934060431192,684.1740654387977,760.1934060431086,否
1517,B6T0000000118,E4,3,6,43,10,浅位,17760.0,18520.19340604311,18596.21274664742,76.01934060431192,760.1934060431086,836.2127466474194,否
1508,B6T0000000118,E4,3,6,43,10,深位,17760.0,18596.21274664742,18672.23208725173,76.01934060431192,836.2127466474194,912.2320872517303,否
2375,B6T0000001791,E1,3,5,6,14,浅位,18480.0,18672.23208725173,18704.457957421353,32.22587016962193,192.23208725173026,224.45795742135306,否
2374,B6T0000001791,E1,3,5,6,14,深位,18480.0,18704.457957421353,18736.683827590976,32.22587016962193,224.45795742135306,256.68382759097585,否
1973,B6T0000001165,E3,3,5,18,15,浅位,20280.0,20432.341393367504,20480.325908117782,47.98451475027655,152.34139336750377,200.3259081177821,否
1979,B6T0000001165,E3,3,5,18,15,深位,20280.0,20480.325908117782,20528.31042286806,47.98451475027655,200.3259081177821,248.3104228680604,否
1980,B6T0000001165,E3,3,6,18,15,浅位,20280.0,20528.31042286806,20576.29493761834,47.98451475027655,248.3104228680604,296.29493761833874,否
1978,B6T0000001165,E3,3,6,18,15,深位,20280.0,20576.29493761834,20624.279452368617,47.98451475027655,296.29493761833874,344.27945236861706,否
718,B6T0000000313,E4,3,5,45,3,浅位,19560.0,20653.31506514037,20726.972955731326,73.65789059095431,1093.3150651403703,1166.9729557313258,否
719,B6T0000000313,E4,3,5,45,3,深位,19560.0,20726.972955731326,20800.63084632228,73.65789059095431,1166.9729557313258,1240.6308463222813,否
720,B6T0000000313,E4,3,6,45,3,浅位,19560.0,20800.63084632228,20874.288736913237,73.65789059095431,1240.6308463222813,1314.2887369132368,否
721,B6T0000000313,E4,3,6,45,3,深位,19560.0,20874.288736913237,20947.946627504192,73.65789059095431,1314.2887369132368,1387.9466275041923,否
2789,B6T0000001578,E1,3,5,1,26,浅位,26100.0,26157.90487117967,26186.857306769507,28.952435589834128,57.90487117967132,86.85730676950698,否
2790,B6T0000001578,E1,3,5,1,26,深位,26100.0,26186.857306769507,26215.809742359343,28.952435589834128,86.85730676950698,115.80974235934264,否
2056,B6T0000001476,E1,3,5,4,11,浅位,26280.0,26392.712819165827,26420.891023957283,28.178204791455087,112.71281916582666,140.89102395728332,否
2051,B6T0000001476,E1,3,5,4,11,深位,26280.0,26420.891023957283,26449.06922874874,28.178204791455087,140.89102395728332,169.06922874874,否
2050,B6T0000001476,E1,3,6,4,11,浅位,26280.0,26449.06922874874,26477.247433540197,28.178204791455087,169.06922874874,197.24743354019665,否
729,B6T0000000140,E4,3,5,46,2,浅位,25680.0,27376.1493647895,27450.131751973415,73.98238718391542,1696.1493647895004,1770.1317519734148,否
1561,B6T0000001735,E1,3,5,7,5,浅位,30420.0,30420.0,30447.57107908348,27.571079083479457,0.0,27.571079083478253,否
1559,B6T0000001735,E1,3,5,7,5,深位,30420.0,30447.57107908348,30475.142158166957,27.571079083479457,27.571079083478253,55.142158166956506,否
1558,B6T0000001735,E1,3,6,7,5,浅位,30420.0,30475.142158166957,30502.713237250435,27.571079083479457,55.142158166956506,82.71323725043476,否
1557,B6T0000001735,E1,3,6,7,5,深位,30420.0,30502.713237250435,30530.284316333913,27.571079083479457,82.71323725043476,110.28431633391301,否
1726,B6T0000001672,E1,3,6,6,7,浅位,35040.0,35040.0,35068.07364163241,28.073641632410315,0.0,28.07364163240709,否
1725,B6T0000001672,E1,3,6,6,7,深位,35040.0,35068.07364163241,35096.147283264814,28.073641632410315,28.07364163240709,56.14728326481418,否
2965,B6T0000000501,E3,3,6,36,11,浅位,36180.0,36180.0,36247.89034630142,67.89034630142183,0.0,67.89034630142123,否
2967,B6T0000000501,E3,3,6,36,11,深位,36180.0,36247.89034630142,36315.78069260284,67.89034630142183,67.89034630142123,135.78069260284246,否
2366,B6T0000001801,E1,3,6,7,13,浅位,37800.0,37800.0,37832.75985187804,32.759851878046696,0.0,32.759851878043264,否
2362,B6T0000001801,E1,3,6,7,13,深位,37800.0,37832.75985187804,37865.51970375609,32.759851878046696,32.759851878043264,65.51970375608653,否
3491,B6T0000000175,E4,3,6,43,40,浅位,37980.0,37980.0,38068.058161272595,88.05816127259797,0.0,88.05816127259459,否
3490,B6T0000000175,E4,3,6,43,40,深位,37980.0,38068.058161272595,38156.11632254519,88.05816127259797,88.05816127259459,176.11632254518918,否
2502,B6T0000000481,E3,3,5,17,23,浅位,41940.0,42055.14215816696,42105.40022177123,50.25806360427541,115.1421581669565,165.4002217712332,否
2503,B6T0000000481,E3,3,5,17,23,深位,41940.0,42105.40022177123,42155.65828537551,50.25806360427541,165.4002217712332,215.65828537550988,否
2504,B6T0000000481,E3,3,6,17,23,浅位,41940.0,42155.65828537551,42205.91634897979,50.25806360427541,215.65828537550988,265.91634897978656,否
1969,B6T0000000437,E3,3,5,13,20,浅位,42600.0,42957.28406117161,43013.66603761296,56.38197644135072,357.2840611716092,413.66603761295846,是
1967,B6T0000000437,E3,3,5,13,20,深位,42600.0,43057.29220819361,43113.67418463496,56.38197644135072,457.29220819361217,513.6741846349614,是
3368,B6T0000001563,E1,3,6,4,42,浅位,44160.0,44256.95357465863,44312.16286512745,55.209290468814686,96.95357465863344,152.16286512745137,是
3369,B6T0000001563,E1,3,6,4,42,深位,44160.0,44365.74210050976,44420.951390978575,55.209290468814686,205.7421005097567,260.95139097857464,是
2908,B6T0000001656,E1,3,5,2,28,浅位,44400.0,44567.0762785348,44621.38052284622,54.30424431142401,167.0762785347979,221.38052284622245,是
3317,B6T0000000375,E3,3,5,14,43,浅位,54000.0,54000.0,54053.376954313055,53.37695431305506,0.0,53.37695431305474,否
3316,B6T0000000375,E3,3,5,14,43,深位,54000.0,54053.376954313055,54106.75390862611,53.37695431305506,53.37695431305474,106.75390862610948,否
670,B6T0000001698,E1,3,5,8,1,浅位,54180.0,54227.7187527895,54251.57812918425,23.859376394751425,47.718752789500286,71.57812918425043,否
669,B6T0000001698,E1,3,5,8,1,深位,54180.0,54251.57812918425,54275.437505579,23.859376394751425,71.57812918425043,95.43750557900057,否
668,B6T0000001698,E1,3,6,8,1,浅位,54180.0,54275.437505579,54299.29688197375,23.859376394751425,95.43750557900057,119.29688197375071,否
667,B6T0000001698,E1,3,6,8,1,深位,54180.0,54299.29688197375,54323.1562583685,23.859376394751425,119.29688197375071,143.15625836850086,否
1569,B6T0000001553,E1,3,5,2,8,浅位,54600.0,54654.40289648131,54677.411923726955,23.009027245645733,54.40289648131147,77.41192372695514,否
1570,B6T0000001553,E1,3,5,2,8,深位,54600.0,54677.411923726955,54700.4209509726,23.009027245645733,77.41192372695514,100.4209509725988,否
1571,B6T0000001553,E1,3,6,2,8,浅位,54600.0,54700.4209509726,54723.42997821824,23.009027245645733,100.4209509725988,123.42997821824247,否
1572,B6T0000001553,E1,3,6,2,8,深位,54600.0,54723.42997821824,54746.439005463886,23.009027245645733,123.42997821824247,146.43900546388613,否
2283,B6T0000001811,E1,3,5,2,15,浅位,54840.0,54840.0,54866.966698662574,26.966698662574288,0.0,26.966698662574345,否
2278,B6T0000001811,E1,3,5,2,15,深位,54840.0,54866.966698662574,54893.93339732515,26.966698662574288,26.966698662574345,53.93339732514869,否
2280,B6T0000001811,E1,3,6,2,15,浅位,54840.0,54893.93339732515,54920.90009598772,26.966698662574288,53.93339732514869,80.90009598772303,否
2281,B6T0000001811,E1,3,6,2,15,深位,54840.0,54920.90009598772,54947.8667946503,26.966698662574288,80.90009598772303,107.86679465029738,否
368,B6T0000001440,E1,3,5,5,2,浅位,55740.0,55784.51445747689,55806.77168621534,22.25722873844725,44.51445747689286,66.77168621533929,否
364,B6T0000001440,E1,3,5,5,2,深位,55740.0,55806.77168621534,55829.028914953786,22.25722873844725,66.77168621533929,89.02891495378572,否
363,B6T0000001440,E1,3,6,5,2,浅位,55740.0,55829.028914953786,55851.28614369223,22.25722873844725,89.02891495378572,111.28614369223214,否
369,B6T0000001440,E1,3,6,5,2,深位,55740.0,55851.28614369223,55873.54337243068,22.25722873844725,111.28614369223214,133.54337243067857,否
439,B6T0000000678,E3,3,5,9,10,浅位,56280.0,56376.21215573045,56409.60704990479,33.39489417434322,96.21215573044901,129.6070499047928,否
440,B6T0000000678,E3,3,5,9,10,深位,56280.0,56409.60704990479,56443.00194407914,33.39489417434322,129.6070499047928,163.0019440791366,否
443,B6T0000000678,E3,3,6,9,10,浅位,56280.0,56443.00194407914,56476.39683825348,33.39489417434322,163.0019440791366,196.39683825348038,否
450,B6T0000000678,E3,3,6,9,10,深位,56280.0,56476.39683825348,56509.791732427824,33.39489417434322,196.39683825348038,229.79173242782417,否
1532,B6T0000000088,E4,3,5,48,4,浅位,55680.0,56534.73079164926,56613.99010960866,79.25931795940198,854.7307916492573,933.9901096086614,否
1540,B6T0000000088,E4,3,5,48,4,深位,55680.0,56613.99010960866,56693.249427568066,79.25931795940198,933.9901096086614,1013.2494275680656,否
1948,B6T0000000292,E4,3,5,44,11,浅位,86220.0,86220.0,86298.13287503706,78.13287503705402,0.0,78.13287503705942,否
1943,B6T0000000292,E4,3,5,44,11,深位,86220.0,86298.13287503706,86376.26575007412,78.13287503705402,78.13287503705942,156.26575007411884,否
1944,B6T0000000292,E4,3,6,44,11,浅位,86220.0,86376.26575007412,86454.39862511118,78.13287503705402,156.26575007411884,234.39862511117826,否
1941,B6T0000000292,E4,3,6,44,11,深位,86220.0,86454.39862511118,86532.53150014824,78.13287503705402,234.39862511117826,312.5315001482377,否
2744,B6T0000001086,E3,3,6,20,24,浅位,86820.0,86820.0,86874.3178417303,54.31784173029583,0.0,54.317841730298824,否
2747,B6T0000001086,E3,3,6,20,24,深位,86820.0,86874.3178417303,86928.6356834606,54.31784173029583,54.317841730298824,108.63568346059765,否
1475,B6T0000000631,E3,3,5,26,1,浅位,86520.0,86979.26344039993,87026.14654765549,46.883107255563054,459.26344039992546,506.14654765548767,否
1474,B6T0000000631,E3,3,5,26,1,深位,86520.0,87026.14654765549,87073.02965491105,46.883107255563054,506.14654765548767,553.0296549110499,否
1473,B6T0000000631,E3,3,6,26,1,浅位,86520.0,87073.02965491105,87119.91276216661,46.883107255563054,553.0296549110499,599.9127621666121,否
1469,B6T0000000631,E3,3,6,26,1,深位,86520.0,87119.91276216661,87166.79586942217,46.883107255563054,599.9127621666121,646.7958694221743,否
1835,B6T0000000536,E3,3,5,23,8,浅位,87000.0,87166.79586942217,87216.93765528426,50.14178586208364,166.7958694221743,216.93765528425865,否
1838,B6T0000000536,E3,3,5,23,8,深位,87000.0,87216.93765528426,87267.07944114634,50.14178586208364,216.93765528425865,267.079441146343,否
1669,B6T0000001355,E1,3,6,1,9,浅位,87240.0,87267.07944114634,87288.0789974542,20.999556307854945,27.079441146343015,48.07899745419854,否
1667,B6T0000001355,E1,3,6,1,9,深位,87240.0,87288.0789974542,87309.07855376205,20.999556307854945,48.07899745419854,69.07855376205407,否
1841,B6T0000000536,E3,3,6,23,8,浅位,87000.0,87309.07855376205,87359.22033962414,50.14178586208364,309.07855376205407,359.22033962413843,否
546,B6T0000001197,E3,3,5,14,5,浅位,87180.0,87359.22033962414,87396.11086638374,36.89052675959728,179.22033962413843,216.11086638373672,否
547,B6T0000001197,E3,3,5,14,5,深位,87180.0,87396.11086638374,87433.00139314334,36.89052675959728,216.11086638373672,253.001393143335,否
548,B6T0000001197,E3,3,6,14,5,浅位,87180.0,87433.00139314334,87469.89191990293,36.89052675959728,253.001393143335,289.8919199029333,否
549,B6T0000001197,E3,3,6,14,5,深位,87180.0,87469.89191990293,87506.78244666253,36.89052675959728,289.8919199029333,326.7824466625316,否
1834,B6T0000000536,E3,3,6,23,8,深位,87000.0,87506.78244666253,87556.92423252462,50.14178586208364,506.7824466625316,556.924232524616,否
3102,B6T0000000457,E3,3,6,32,18,浅位,87360.0,87556.92423252462,87623.43116419131,66.50693166668867,196.92423252461595,263.4311641913082,否
2912,B6T0000001900,E1,3,5,4,27,浅位,87300.0,87623.43116419131,87658.7306254887,35.29946129737882,323.4311641913082,358.7306254886935,否
3100,B6T0000000457,E3,3,6,32,18,深位,87360.0,87658.7306254887,87725.23755715539,66.50693166668867,298.7306254886935,365.23755715538573,否
117,B6T0000000154,E4,3,5,44,1,浅位,87960.0,88014.58195590641,88091.82979898006,77.24784307365505,54.58195590641117,131.82979898006306,是
2157,B6T0000001774,E1,3,5,3,13,浅位,87840.0,88091.82979898006,88119.61432740133,27.784528421267506,251.82979898006306,279.61432740133023,否
110,B6T0000000154,E4,3,5,44,1,深位,87960.0,88119.61432740133,88188.96984845,69.35552104866652,159.61432740133023,228.9698484499968,否
113,B6T0000000154,E4,3,6,44,1,浅位,87960.0,88188.96984845,88258.32536949866,69.35552104866652,228.9698484499968,298.32536949866335,否
111,B6T0000000154,E4,3,6,44,1,深位,87960.0,88258.32536949866,88327.68089054733,69.35552104866652,298.32536949866335,367.6808905473299,否
3213,B6T0000001226,E3,3,5,38,15,浅位,88080.0,88327.68089054733,88400.12517541256,72.44428486521909,247.6808905473299,320.1251754125551,否
3212,B6T0000001226,E3,3,5,38,15,深位,88080.0,88400.12517541256,88472.56946027778,72.44428486521909,320.1251754125551,392.5694602777803,否
3211,B6T0000001226,E3,3,6,38,15,浅位,88080.0,88472.56946027778,88545.013745143,72.44428486521909,392.5694602777803,465.0137451430055,否
1384,B6T0000000104,E4,3,5,43,9,浅位,86820.0,88545.013745143,88620.41823932348,75.40449418048227,1725.0137451430055,1800.4182393234805,否
1385,B6T0000000104,E4,3,5,43,9,深位,86820.0,88620.41823932348,88695.82273350396,75.40449418048227,1800.4182393234805,1875.8227335039555,否
1377,B6T0000000104,E4,3,6,43,9,浅位,86820.0,88695.82273350396,88771.22722768443,75.40449418048227,1875.8227335039555,1951.2272276844305,否
1386,B6T0000000104,E4,3,6,43,9,深位,86820.0,88771.22722768443,88846.6317218649,75.40449418048227,1951.2272276844305,2026.6317218649056,否
396,B6T0000000471,E3,3,5,17,1,浅位,88740.0,89168.14274230326,89204.0189530071,35.87621070383891,428.1427423032583,464.01895300709293,否
397,B6T0000000471,E3,3,5,17,1,深位,88740.0,89204.0189530071,89239.89516371093,35.87621070383891,464.01895300709293,499.8951637109276,否
398,B6T0000000471,E3,3,6,17,1,浅位,88740.0,89239.89516371093,89275.77137441476,35.87621070383891,499.8951637109276,535.7713744147622,否
401,B6T0000000471,E3,3,6,17,1,深位,88740.0,89275.77137441476,89311.6475851186,35.87621070383891,535.7713744147622,571.6475851185969,否
2952,B6T0000001640,E1,3,6,14,5,浅位,89280.0,89311.6475851186,89348.5381118782,36.89052675959728,31.647585118596908,68.5381118781952,否
2951,B6T0000001640,E1,3,6,14,5,深位,89280.0,89348.5381118782,89385.4286386378,36.89052675959728,68.5381118781952,105.42863863779348,否
1414,B6T0000000408,E3,3,5,24,2,浅位,97380.0,97873.94260569276,97919.94913080771,46.006525114949866,493.9426056927623,539.9491308077122,否
1416,B6T0000000408,E3,3,5,24,2,深位,97380.0,97919.94913080771,97965.95565592266,46.006525114949866,539.9491308077122,585.9556559226621,否
1415,B6T0000000408,E3,3,6,24,2,浅位,97380.0,97965.95565592266,98011.96218103761,46.006525114949866,585.9556559226621,631.962181037612,否
1409,B6T0000000408,E3,3,6,24,2,深位,97380.0,98011.96218103761,98057.96870615256,46.006525114949866,631.962181037612,677.9687061525619,否
1310,B6T0000000836,E3,3,5,12,14,浅位,97740.0,98115.08132512202,98155.15664316795,40.07531804592297,375.0813251220243,415.156643167953,否
1320,B6T0000000836,E3,3,5,12,14,深位,97740.0,98155.15664316795,98195.23196121388,40.07531804592297,415.156643167953,455.23196121388173,否
1322,B6T0000000836,E3,3,6,12,14,浅位,97740.0,98195.23196121388,98235.30727925981,40.07531804592297,455.23196121388173,495.30727925981046,否
1312,B6T0000000836,E3,3,6,12,14,深位,97740.0,98235.30727925981,98275.38259730574,40.07531804592297,495.30727925981046,535.3825973057392,否
3115,B6T0000000362,E3,3,5,14,37,浅位,106020.0,106202.94596909756,106261.37575605647,58.4297869588993,182.94596909756365,241.37575605646998,是
1055,B6T0000001185,E3,3,5,21,2,浅位,106380.0,106887.144645171,106929.48220476872,42.337559597708484,507.14464517100714,549.4822047687194,否
1069,B6T0000001185,E3,3,5,21,2,深位,106380.0,106929.48220476872,106971.81976436643,42.337559597708484,549.4822047687194,591.8197643664316,否
1053,B6T0000001185,E3,3,6,21,2,浅位,106380.0,106971.81976436643,107014.15732396414,42.337559597708484,591.8197643664316,634.1573239641439,否
1068,B6T0000001185,E3,3,6,21,2,深位,106380.0,107014.15732396414,107056.49488356186,42.337559597708484,634.1573239641439,676.4948835618561,否
2449,B6T0000001189,E3,3,5,21,18,浅位,107640.0,107640.0,107693.05405810347,53.05405810347027,0.0,53.054058103472926,否
2448,B6T0000001189,E3,3,5,21,18,深位,107640.0,107693.05405810347,107746.10811620695,53.05405810347027,53.054058103472926,106.10811620694585,否
2447,B6T0000001189,E3,3,6,21,18,浅位,107640.0,107746.10811620695,107799.16217431042,53.05405810347027,106.10811620694585,159.16217431041878,否
2446,B6T0000001189,E3,3,6,21,18,深位,107640.0,107799.16217431042,107852.21623241389,53.05405810347027,159.16217431041878,212.2162324138917,否
566,B6T0000001238,E3,3,5,17,2,浅位,113640.0,114080.71303583682,114118.15864141153,37.44560557471998,440.71303583681583,478.15864141152997,否
561,B6T0000001238,E3,3,5,17,2,深位,113640.0,114118.15864141153,114155.60424698624,37.44560557471998,478.15864141152997,515.6042469862441,否
564,B6T0000001238,E3,3,6,17,2,浅位,113640.0,114155.60424698624,114193.04985256096,37.44560557471998,515.6042469862441,553.0498525609582,否
2894,B6T0000000451,E3,3,5,37,9,浅位,114240.0,114240.0,114307.91368958278,67.91368958278112,0.0,67.91368958278326,否
2893,B6T0000000451,E3,3,5,37,9,深位,114240.0,114307.91368958278,114375.82737916557,67.91368958278112,67.91368958278326,135.82737916556653,否
2895,B6T0000000451,E3,3,6,37,9,浅位,114240.0,114375.82737916557,114443.74106874835,67.91368958278112,135.82737916556653,203.7410687483498,否
58,B6T0000001104,E3,3,5,9,4,浅位,123780.0,124181.81089139034,124210.80208475885,28.99119336851374,401.81089139034157,430.80208475884865,否
51,B6T0000001104,E3,3,5,9,4,深位,123780.0,124210.80208475885,124239.79327812736,28.99119336851374,430.80208475884865,459.79327812735573,否
41,B6T0000001104,E3,3,6,9,4,浅位,123780.0,124239.79327812736,124268.78447149586,28.99119336851374,459.79327812735573,488.7844714958628,否
47,B6T0000001104,E3,3,6,9,4,深位,123780.0,124268.78447149586,124297.77566486437,28.99119336851374,488.7844714958628,517.7756648643699,否
1040,B6T0000001052,E3,3,5,18,5,浅位,130740.0,131405.20477640035,131446.98725718295,41.78248078258579,665.204776400351,706.9872571829474,否
1039,B6T0000001052,E3,3,5,18,5,深位,130740.0,131446.98725718295,131488.76973796554,41.78248078258579,706.9872571829474,748.7697379655438,否
1050,B6T0000001052,E3,3,6,18,5,浅位,130740.0,131488.76973796554,131530.55221874814,41.78248078258579,748.7697379655438,790.5522187481401,否
1047,B6T0000001052,E3,3,6,18,5,深位,130740.0,131530.55221874814,131572.33469953074,41.78248078258579,790.5522187481401,832.3346995307365,否
3656,B6T0000000704,E3,3,6,10,14,深位,131880.0,131880.0,131917.21684336753,37.21684336751805,0.0,37.21684336752514,否
3657,B6T0000000704,E3,3,5,13,23,浅位,131880.0,131917.21684336753,131962.57152418687,45.35468081934403,37.21684336752514,82.57152418687474,否
2639,B6T0000001516,E1,3,6,8,19,浅位,140160.0,140187.8037004443,140224.38945581997,36.58575537568011,27.803700444288552,64.38945581996813,否
2636,B6T0000001516,E1,3,6,8,19,深位,140160.0,140224.38945581997,140260.97521119565,36.58575537568011,64.38945581996813,100.97521119564772,否
1917,B6T0000001647,E1,3,5,6,9,浅位,140580.0,140638.83167665958,140668.24751498937,29.415838329800938,58.83167665958172,88.24751498937258,否
1920,B6T0000001647,E1,3,5,6,9,深位,140580.0,140668.24751498937,140697.66335331916,29.415838329800938,88.24751498937258,117.66335331916343,否
1921,B6T0000001647,E1,3,6,6,9,浅位,140580.0,140697.66335331916,140727.07919164895,29.415838329800938,117.66335331916343,147.0791916489543,否
1922,B6T0000001647,E1,3,6,6,9,深位,140580.0,140727.07919164895,140756.49502997875,29.415838329800938,147.0791916489543,176.49502997874515,否
78,B6T0000000261,E4,3,5,43,1,浅位,143520.0,144062.6142833319,144130.4410687484,67.82678541648261,542.6142833319027,610.4410687483905,否
79,B6T0000000261,E4,3,5,43,1,深位,143520.0,144130.4410687484,144198.26785416488,67.82678541648261,610.4410687483905,678.2678541648784,否
80,B6T0000000261,E4,3,6,43,1,浅位,143520.0,144198.26785416488,144266.09463958137,67.82678541648261,678.2678541648784,746.0946395813662,否
71,B6T0000000261,E4,3,6,43,1,深位,143520.0,144266.09463958137,144333.92142499785,67.82678541648261,746.0946395813662,813.921424997854,否
3650,B6T0000001695,E1,3,6,6,52,浅位,172560.0,172643.08245643607,172698.22022637498,55.13776993891337,83.08245643606642,138.22022637497867,是
3651,B6T0000001695,E1,3,6,6,52,深位,172560.0,172752.30620838396,172809.19960289221,56.89339450824705,192.30620838396135,249.1996028922149,是
2035,B6T0000000271,E4,3,5,43,13,浅位,172740.0,172863.2855849012,172924.52932012986,61.24373522867821,123.28558490119758,184.52932012986275,是
2034,B6T0000000271,E4,3,5,43,13,深位,172740.0,172970.1783537153,173015.82738730073,45.64903358541075,230.17835371530964,275.8273873007274,是
2032,B6T0000000271,E4,3,6,43,13,浅位,172740.0,173061.47642088615,173107.12545447156,45.64903358541075,321.4764208861452,367.125454471563,是
2031,B6T0000000271,E4,3,6,43,13,深位,172740.0,173152.77448805698,173198.4235216424,45.64903358541075,412.7744880569808,458.42352164239855,是
760,B6T0000000843,E3,3,5,15,5,浅位,174120.0,174321.23884418028,174359.35235944562,38.113515265344404,201.23884418027592,239.3523594456201,否
761,B6T0000000843,E3,3,5,15,5,深位,174120.0,174359.35235944562,174397.46587471096,38.113515265344404,239.3523594456201,277.4658747109643,否
762,B6T0000000843,E3,3,6,15,5,浅位,174120.0,174397.46587471096,174435.5793899763,38.113515265344404,277.4658747109643,315.57938997630845,否
772,B6T0000000843,E3,3,6,15,5,深位,174120.0,174435.5793899763,174473.69290524165,38.113515265344404,315.57938997630845,353.6929052416526,否
1301,B6T0000000996,E3,3,5,9,17,浅位,174420.0,174756.80274655376,174793.83807797535,37.035331421583706,336.8027465537598,373.83807797534973,否
1302,B6T0000000996,E3,3,5,9,17,深位,174420.0,174793.83807797535,174830.87340939694,37.035331421583706,373.83807797534973,410.8734093969397,否
1307,B6T0000000996,E3,3,6,9,17,浅位,174420.0,174830.87340939694,174867.90874081853,37.035331421583706,410.8734093969397,447.9087408185296,否
1306,B6T0000000996,E3,3,6,9,17,深位,174420.0,174867.90874081853,174904.94407224012,37.035331421583706,447.9087408185296,484.94407224011957,否
3365,B6T0000000061,E4,3,6,45,33,浅位,175440.0,175440.0,175528.86071365487,88.86071365485877,0.0,88.86071365486714,否
3364,B6T0000000061,E4,3,6,45,33,深位,175440.0,175528.86071365487,175617.72142730973,88.86071365485877,88.86071365486714,177.72142730973428,否
1177,B6T0000001103,E3,3,5,22,2,浅位,175020.0,175680.10433653017,175723.66488463362,43.560548103455616,660.1043365301739,703.6648846336175,否
1192,B6T0000001103,E3,3,5,22,2,深位,175020.0,175723.66488463362,175767.22543273706,43.560548103455616,703.6648846336175,747.225432737061,否
1729,B6T0000001429,E1,3,5,1,10,浅位,175560.0,175767.22543273706,175788.83983546874,21.614402731684592,207.22543273706106,228.83983546873787,否
1736,B6T0000001429,E1,3,5,1,10,深位,175560.0,175788.83983546874,175810.45423820041,21.614402731684592,228.83983546873787,250.4542382004147,否
1191,B6T0000001103,E3,3,6,22,2,浅位,175020.0,175810.45423820041,175854.01478630386,43.560548103455616,790.4542382004147,834.0147863038583,否
1190,B6T0000001103,E3,3,6,22,2,深位,175020.0,175854.01478630386,175897.5753344073,43.560548103455616,834.0147863038583,877.5753344073019,否
478,B6T0000001382,E1,3,5,2,4,浅位,175680.0,175935.7515927675,175955.62183027138,19.870237503883608,255.7515927675122,275.62183027138235,否
479,B6T0000001382,E1,3,5,2,4,深位,175680.0,175955.62183027138,175975.49206777525,19.870237503883608,275.62183027138235,295.4920677752525,否
474,B6T0000001382,E1,3,6,2,4,浅位,175680.0,175975.49206777525,175995.36230527912,19.870237503883608,295.4920677752525,315.36230527912267,否
480,B6T0000001382,E1,3,6,2,4,深位,175680.0,175995.36230527912,176015.232542783,19.870237503883608,315.36230527912267,335.2325427829928,否
2618,B6T0000001463,E1,3,5,3,21,浅位,176580.0,176580.0,176611.4863316744,31.486331674380047,0.0,31.486331674386747,否
2619,B6T0000001463,E1,3,5,3,21,深位,176580.0,176611.4863316744,176642.97266334877,31.486331674380047,31.486331674386747,62.972663348773494,否
2617,B6T0000001463,E1,3,6,3,21,浅位,176580.0,176642.97266334877,176674.45899502316,31.486331674380047,62.972663348773494,94.45899502316024,否
2616,B6T0000001463,E1,3,6,3,21,深位,176580.0,176674.45899502316,176705.94532669755,31.486331674380047,94.45899502316024,125.94532669754699,否
2855,B6T0000000724,E3,3,5,12,34,浅位,181320.0,181320.0,181367.99249038668,47.99249038668759,0.0,47.99249038667767,否
2853,B6T0000000724,E3,3,5,12,34,深位,181320.0,181367.99249038668,181415.98498077336,47.99249038668759,47.99249038667767,95.98498077335535,否
2852,B6T0000000724,E3,3,6,12,34,浅位,181320.0,181415.98498077336,181463.97747116003,47.99249038668759,95.98498077335535,143.97747116003302,否
2854,B6T0000000724,E3,3,6,12,34,深位,181320.0,181463.97747116003,181511.9699615467,47.99249038668759,143.97747116003302,191.9699615467107,否
794,B6T0000000540,E3,3,5,9,12,浅位,181380.0,181620.0820785542,181654.62053974293,34.538461188721456,240.08207855420187,274.6205397429294,否
796,B6T0000000540,E3,3,5,9,12,深位,181380.0,181654.62053974293,181689.15900093166,34.538461188721456,274.6205397429294,309.1590009316569,否
797,B6T0000000540,E3,3,6,9,12,浅位,181380.0,181689.15900093166,181723.69746212038,34.538461188721456,309.1590009316569,343.69746212038444,否
790,B6T0000000540,E3,3,6,9,12,深位,181380.0,181723.69746212038,181758.2359233091,34.538461188721456,343.69746212038444,378.23592330911197,否
2821,B6T0000000646,E3,3,6,13,32,浅位,182280.0,182280.0,182328.61697054844,48.61697054843128,0.0,48.61697054843535,否
2820,B6T0000000646,E3,3,6,13,32,深位,182280.0,182328.61697054844,182377.23394109687,48.61697054843128,48.61697054843535,97.2339410968707,否
1998,B6T0000001313,E3,3,6,20,13,浅位,185400.0,185400.0,185449.41723058865,49.417230588647286,0.0,49.41723058864591,否
1999,B6T0000001313,E3,3,6,20,13,深位,185400.0,185449.41723058865,185498.8344611773,49.417230588647286,49.41723058864591,98.83446117729181,否
1418,B6T0000000947,E3,3,5,13,14,浅位,188580.0,189080.27363357166,189121.6342020944,41.360568522728194,500.2736335716618,541.6342020943994,否
1421,B6T0000000947,E3,3,5,13,14,深位,188580.0,189121.6342020944,189162.99477061714,41.360568522728194,541.6342020943994,582.994770617137,否
1429,B6T0000000947,E3,3,6,13,14,浅位,188580.0,189162.99477061714,189204.35533913987,41.360568522728194,582.994770617137,624.3553391398746,否
202,B6T0000000932,E3,3,5,9,8,浅位,190380.0,190380.0,190412.12998311027,32.129983110275866,0.0,32.12998311026604,否
201,B6T0000000932,E3,3,5,9,8,深位,190380.0,190412.12998311027,190444.25996622053,32.129983110275866,32.12998311026604,64.25996622053208,否
200,B6T0000000932,E3,3,6,9,8,浅位,190380.0,190444.25996622053,190476.3899493308,32.129983110275866,64.25996622053208,96.38994933079812,否
199,B6T0000000932,E3,3,6,9,8,深位,190380.0,190476.3899493308,190508.51993244106,32.129983110275866,96.38994933079812,128.51993244106416,否
2829,B6T0000000816,E3,3,5,19,9,深位,193920.0,193920.0,193965.89989647933,45.89989647933283,0.0,45.89989647932816,否
2828,B6T0000000816,E3,3,5,13,23,深位,193920.0,193965.89989647933,194011.25457729868,45.35468081934403,45.89989647932816,91.25457729867776,否
2830,B6T0000000816,E3,3,6,13,23,浅位,193920.0,194011.25457729868,194056.60925811803,45.35468081934403,91.25457729867776,136.60925811802736,否
2831,B6T0000000816,E3,3,6,13,23,深位,193920.0,194056.60925811803,194101.96393893738,45.35468081934403,136.60925811802736,181.96393893737695,否
2729,B6T0000001922,E1,3,5,8,21,浅位,194640.0,194714.86646803084,194752.29970204626,37.433234015430955,74.86646803084295,112.29970204626443,否
2728,B6T0000001922,E1,3,5,8,21,深位,194640.0,194752.29970204626,194789.7329360617,37.433234015430955,112.29970204626443,149.7329360616859,否
2321,B6T0000001645,E1,3,5,1,16,浅位,199200.0,199249.5768213797,199274.36523206957,24.78841068985478,49.57682137971278,74.36523206956917,否
2322,B6T0000001645,E1,3,5,1,16,深位,199200.0,199274.36523206957,199299.15364275943,24.78841068985478,74.36523206956917,99.15364275942557,否
2323,B6T0000001645,E1,3,6,1,16,浅位,199200.0,199299.15364275943,199323.94205344928,24.78841068985478,99.15364275942557,123.94205344928196,否
2324,B6T0000001645,E1,3,6,1,16,深位,199200.0,199323.94205344928,199348.73046413914,24.78841068985478,123.94205344928196,148.73046413913835,否
215,B6T0000000581,E3,3,5,9,9,浅位,203640.0,203902.24038200406,203935.02042975457,32.780047750513575,262.2403820040636,295.0204297545715,否
216,B6T0000000581,E3,3,5,9,9,深位,203640.0,203935.02042975457,203967.80047750508,32.780047750513575,295.0204297545715,327.80047750507947,否
217,B6T0000000581,E3,3,6,9,9,浅位,203640.0,203967.80047750508,204000.5805252556,32.780047750513575,327.80047750507947,360.5805252555874,否
205,B6T0000000581,E3,3,6,9,9,深位,203640.0,204000.5805252556,204033.3605730061,32.780047750513575,360.5805252555874,393.36057300609536,否
3453,B6T0000001361,E1,3,5,7,5,浅位,211080.0,211080.0,211107.5710790835,27.571079083479457,0.0,27.57107908348553,否
3452,B6T0000001361,E1,3,5,7,5,深位,211080.0,211107.5710790835,211135.14215816697,27.571079083479457,27.57107908348553,55.14215816697106,否
1682,B6T0000001195,E3,3,5,28,1,浅位,213960.0,214386.75140149525,214436.0804857623,49.32908426705731,426.7514014952467,476.08048576230067,否
1681,B6T0000001195,E3,3,5,28,1,深位,213960.0,214436.0804857623,214485.40957002935,49.32908426705731,476.08048576230067,525.4095700293547,否
1686,B6T0000001195,E3,3,6,28,1,浅位,213960.0,214485.40957002935,214534.7386542964,49.32908426705731,525.4095700293547,574.7386542964086,否
2580,B6T0000000418,E3,3,5,22,19,浅位,214080.0,214534.7386542964,214589.45618650992,54.71753221350324,454.73865429640864,509.456186509924,否
321,B6T0000001196,E3,3,5,13,5,浅位,216480.0,216972.19578718784,217007.85189667976,35.65610949190729,492.1957871878403,527.8518966797565,否
327,B6T0000001196,E3,3,5,13,5,深位,216480.0,217007.85189667976,217043.50800617167,35.65610949190729,527.8518966797565,563.5080061716726,否
328,B6T0000001196,E3,3,6,13,5,浅位,216480.0,217043.50800617167,217079.1641156636,35.65610949190729,563.5080061716726,599.1641156635887,否
329,B6T0000001196,E3,3,6,13,5,深位,216480.0,217079.1641156636,217114.8202251555,35.65610949190729,599.1641156635887,634.8202251555049,否
3535,B6T0000000946,E3,3,5,26,1,浅位,217980.0,217980.0,218026.88310725556,46.883107255563054,0.0,46.88310725556221,否
3534,B6T0000000946,E3,3,5,26,1,深位,217980.0,218026.88310725556,218073.76621451112,46.883107255563054,46.88310725556221,93.76621451112442,否
3032,B6T0000001726,E1,3,5,7,28,浅位,218220.0,218298.29535205138,218337.44302807708,39.14767602569763,78.29535205138382,117.44302807707572,否
1468,B6T0000000897,E3,3,5,21,6,浅位,220080.0,220080.0,220126.26007029045,46.26007029043528,0.0,46.26007029044558,否
1467,B6T0000000897,E3,3,5,21,6,深位,220080.0,220126.26007029045,220172.5201405809,46.26007029043528,46.26007029044558,92.52014058089117,否
1466,B6T0000000897,E3,3,6,21,6,浅位,220080.0,220172.5201405809,220218.78021087134,46.26007029043528,92.52014058089117,138.78021087133675,否
1465,B6T0000000897,E3,3,6,21,6,深位,220080.0,220218.78021087134,220265.04028116178,46.26007029043528,138.78021087133675,185.04028116178233,否
2877,B6T0000001292,E3,3,5,17,1,浅位,220380.0,220380.0,220415.87621070383,35.87621070383891,0.0,35.87621070383466,否
2878,B6T0000001292,E3,3,5,17,1,深位,220380.0,220415.87621070383,220451.75242140767,35.87621070383891,35.87621070383466,71.75242140766932,否
2876,B6T0000001292,E3,3,6,17,1,浅位,220380.0,220451.75242140767,220487.6286321115,35.87621070383891,71.75242140766932,107.62863211150398,否
2879,B6T0000001292,E3,3,6,17,1,深位,220380.0,220487.6286321115,220523.50484281534,35.87621070383891,107.62863211150398,143.50484281533863,否
3328,B6T0000000741,E3,3,5,32,25,浅位,225360.0,225360.0,225429.37645581804,69.37645581804514,0.0,69.376455818041,否
3329,B6T0000000741,E3,3,5,32,25,深位,225360.0,225429.37645581804,225498.75291163608,69.37645581804514,69.376455818041,138.752911636082,否
2370,B6T0000001572,E1,3,5,8,13,浅位,228780.0,228847.46286152466,228881.194292287,33.73143076231841,67.462861524662,101.194292286993,否
2373,B6T0000001572,E1,3,5,8,13,深位,228780.0,228881.194292287,228914.92572304932,33.73143076231841,101.194292286993,134.925723049324,否
2372,B6T0000001572,E1,3,6,8,13,浅位,228780.0,228914.92572304932,228948.65715381166,33.73143076231841,134.925723049324,168.657153811655,否
2371,B6T0000001572,E1,3,6,8,13,深位,228780.0,228948.65715381166,228982.388584574,33.73143076231841,168.657153811655,202.388584573986,否
3203,B6T0000001891,E1,3,6,4,36,浅位,228960.0,228982.388584574,229020.74457685227,38.355992278284134,22.38858457398601,60.744576852273894,否
3204,B6T0000001891,E1,3,6,4,36,深位,228960.0,229020.74457685227,229059.10056913056,38.355992278284134,60.744576852273894,99.10056913056178,否
3536,B6T0000001749,E1,3,5,2,4,浅位,259680.0,259680.0,259699.87023750387,19.870237503883608,0.0,19.870237503870158,否
3537,B6T0000001749,E1,3,5,2,4,深位,259680.0,259699.87023750387,259719.74047500774,19.870237503883608,19.870237503870158,39.740475007740315,否
2231,B6T0000000051,E4,3,5,43,13,浅位,259740.0,259740.0,259817.69883978405,77.6988397840496,0.0,77.69883978404687,否
263,B6T0000001466,E1,3,6,1,1,深位,259800.0,259817.69883978405,259831.1206873279,13.421847543855284,17.698839784046868,31.12068732790067,否
258,B6T0000001466,E1,3,6,1,6,深位,259800.0,259831.1206873279,259850.03444043535,18.913753107463137,31.12068732790067,50.034440435352735,否
259,B6T0000001466,E1,3,5,5,1,深位,259800.0,259850.03444043535,259870.7222743029,20.687833867566187,50.034440435352735,70.72227430291241,否
172,B6T0000000810,E3,3,5,15,1,浅位,259440.0,259870.7222743029,259904.15250799526,33.43023369234466,430.7222743029124,464.1525079952553,否
167,B6T0000000810,E3,3,5,15,1,深位,259440.0,259904.15250799526,259937.5827416876,33.43023369234466,464.1525079952553,497.5827416875982,否
153,B6T0000000810,E3,3,6,15,1,浅位,259440.0,259937.5827416876,259971.01297537994,33.43023369234466,497.5827416875982,531.012975379941,否
174,B6T0000000810,E3,3,6,15,1,深位,259440.0,259971.01297537994,260004.44320907228,33.43023369234466,531.012975379941,564.4432090722839,否
2230,B6T0000000051,E4,3,5,43,13,深位,259740.0,260004.44320907228,260082.14204885633,77.6988397840496,264.44320907228393,342.1420488563308,否
674,B6T0000001180,E3,3,5,11,9,浅位,259800.0,260427.0488738267,260481.47714044063,54.42826661393491,627.0488738266868,681.4771404406347,是
1609,B6T0000001610,E1,3,5,4,7,浅位,260160.0,260533.12833469923,260584.83274334428,51.70440864505149,373.1283346992277,424.8327433442755,是
3192,B6T0000001127,E3,3,5,13,40,浅位,261540.0,261606.20718697502,261653.46533428683,47.258147311818746,66.20718697502161,113.46533428682596,是
3191,B6T0000001127,E3,3,5,13,40,深位,261540.0,261678.9403054672,261726.198452779,47.258147311818746,138.94030546720023,186.19845277900458,是
3190,B6T0000001127,E3,3,6,13,40,浅位,261540.0,261751.67342395938,261798.93157127118,47.258147311818746,211.67342395937885,258.9315712711832,是
1618,B6T0000001083,E3,3,5,9,20,浅位,261660.0,261824.40654245156,261865.33204309116,40.92550063958964,164.40654245155747,205.33204309115536,是
1612,B6T0000001083,E3,3,5,9,20,深位,261660.0,261888.7615963754,261912.19114965966,23.429553284237727,228.76159637540695,252.19114965965855,是
1617,B6T0000001083,E3,3,6,9,20,浅位,261660.0,261935.62070294388,261959.05025622813,23.429553284237727,275.62070294388104,299.05025622813264,是
1616,B6T0000001083,E3,3,6,9,20,深位,261660.0,261982.47980951236,262005.9093627966,23.429553284237727,322.47980951235513,345.90936279660673,是
2432,B6T0000000778,E3,3,5,10,29,浅位,262500.0,262769.85553139524,262828.13908684877,58.283555453541936,269.85553139523836,328.13908684876515,是
2434,B6T0000000778,E3,3,5,10,29,深位,262500.0,262882.2400613615,262940.52361681504,58.283555453541936,382.2400613615173,440.5236168150441,是
2430,B6T0000000778,E3,3,6,10,29,浅位,262500.0,262994.6245913278,263052.9081467813,58.283555453541936,494.6245913277962,552.908146781323,是
3608,B6T0000001950,E1,3,5,8,50,浅位,265140.0,265140.0,265187.18284085335,47.1828408533313,0.0,47.18284085334744,否
3609,B6T0000001950,E1,3,5,8,50,深位,265140.0,265187.18284085335,265234.3656817067,47.1828408533313,47.18284085334744,94.36568170669489,否
3448,B6T0000000642,E3,3,6,21,2,深位,266700.0,266700.0,266742.3375595977,42.337559597708484,0.0,42.33755959768314,否
3449,B6T0000000642,E3,3,5,24,2,浅位,266700.0,266742.3375595977,266788.3440847126,46.006525114949866,42.33755959768314,88.3440847126185,否
3551,B6T0000000090,E4,3,5,43,1,浅位,268080.0,268080.0,268147.82678541646,67.82678541648261,0.0,67.82678541645873,否
3550,B6T0000000090,E4,3,5,43,1,深位,268080.0,268147.82678541646,268215.6535708329,67.82678541648261,67.82678541645873,135.65357083291747,否
2564,B6T0000001537,E1,3,6,2,20,浅位,272220.0,272268.26471645094,272319.67052545195,51.4058090009841,48.264716450939886,99.67052545194747,是
2561,B6T0000001537,E1,3,6,2,20,深位,272220.0,272374.1118297998,272428.8175938399,54.705764040127825,154.11182979977457,208.81759383989265,是
1004,B6T0000001090,E3,3,5,12,11,浅位,276120.0,276427.71945144376,276466.1843828742,38.46493143048981,307.71945144375786,346.1843828742276,否
3194,B6T0000000864,E3,3,5,9,17,浅位,281220.0,281220.0,281257.0353314216,37.035331421583706,0.0,37.035331421589945,否
3195,B6T0000000864,E3,3,5,9,17,深位,281220.0,281257.0353314216,281294.0706628432,37.035331421583706,37.035331421589945,74.07066284317989,否
3193,B6T0000000864,E3,3,6,9,17,浅位,281220.0,281294.0706628432,281331.10599426477,37.035331421583706,74.07066284317989,111.10599426476983,否
2547,B6T0000001449,E1,3,5,7,17,浅位,282180.0,282249.44157989114,282284.1623698367,34.720789945549505,69.44157989113592,104.16236983670387,否
2545,B6T0000001449,E1,3,5,7,17,深位,282180.0,282284.1623698367,282318.8831597823,34.720789945549505,104.16236983670387,138.88315978227183,否
2546,B6T0000001449,E1,3,6,7,17,浅位,282180.0,282318.8831597823,282353.60394972784,34.720789945549505,138.88315978227183,173.6039497278398,否
575,B6T0000001238,E3,3,6,17,2,深位,286320.0,286320.0,286357.4456055747,37.44560557471998,0.0,37.445605574699584,否
1341,B6T0000000043,E4,3,6,45,6,浅位,286740.0,287034.6315623638,287111.0077246083,76.3761622444583,294.631562363822,371.00772460829467,否
1344,B6T0000000043,E4,3,6,45,6,深位,286740.0,287111.0077246083,287187.38388685277,76.3761622444583,371.00772460829467,447.3838868527673,否
1097,B6T0000001415,E1,3,5,7,3,浅位,287880.0,288093.0242687395,288123.55499395425,30.530725214732232,213.02426873950753,243.55499395425431,是
1091,B6T0000001415,E1,3,5,7,3,深位,287880.0,288149.70615508815,288180.4017421406,30.695587052425193,269.7061550881481,300.4017421405879,是
1092,B6T0000001415,E1,3,6,7,3,浅位,287880.0,288206.5529032745,288237.2484903269,30.695587052425193,326.55290327448165,357.24849032692146,是
1094,B6T0000001415,E1,3,6,7,3,深位,287880.0,288263.3996514608,288294.09523851326,30.695587052425193,383.3996514608152,414.095238513255,是
1372,B6T0000000150,E4,3,5,49,1,浅位,295320.0,295781.99519525736,295858.9943944669,76.99919920958607,461.99519525736105,538.9943944669212,否
1368,B6T0000000150,E4,3,5,49,1,深位,295320.0,295858.9943944669,295935.9935936765,76.99919920958607,538.9943944669212,615.9935936764814,否
1369,B6T0000000150,E4,3,6,49,1,浅位,295320.0,295935.9935936765,296012.99279288604,76.99919920958607,615.9935936764814,692.9927928860416,否
467,B6T0000001382,E1,3,6,1,1,深位,295980.0,296012.99279288604,296026.4146404299,13.421847543855284,32.99279288604157,46.41464042989537,否
466,B6T0000001382,E1,3,6,1,6,深位,295980.0,296026.4146404299,296045.3283935374,18.913753107463137,46.41464042989537,65.32839353737654,否
1370,B6T0000000150,E4,3,6,49,1,深位,295320.0,296045.3283935374,296122.32759274694,76.99919920958607,725.3283935373765,802.3275927469367,否
1814,B6T0000001372,E1,3,5,2,10,浅位,297060.0,297429.93761222117,297454.21155053086,24.273938309713085,369.9376122211688,394.21155053086113,否
2920,B6T0000000210,E4,3,6,43,13,浅位,297660.0,297660.0,297737.6988397841,77.6988397840496,0.0,77.69883978407597,否
2921,B6T0000000210,E4,3,6,43,13,深位,297660.0,297737.6988397841,297815.39767956815,77.6988397840496,77.69883978407597,155.39767956815194,否
1227,B6T0000000577,E3,3,5,9,16,浅位,302040.0,302332.55121706007,302369.1201191926,36.5689021325134,292.5512170600705,329.1201191925793,否
1226,B6T0000000577,E3,3,5,9,16,深位,302040.0,302369.1201191926,302405.6890213251,36.5689021325134,329.1201191925793,365.6890213250881,否
1211,B6T0000000577,E3,3,6,9,16,浅位,302040.0,302405.6890213251,302442.2579234576,36.5689021325134,365.6890213250881,402.2579234575969,否
1225,B6T0000000577,E3,3,6,9,16,深位,302040.0,302442.2579234576,302478.8268255901,36.5689021325134,402.2579234575969,438.8268255901057,否
345,B6T0000000139,E4,3,5,45,1,浅位,302220.0,302616.08824378345,302686.9725004643,70.88425668085044,396.0882437834516,466.9725004642969,否
344,B6T0000000139,E4,3,5,45,1,深位,302220.0,302686.9725004643,302757.85675714514,70.88425668085044,466.9725004642969,537.8567571451422,否
343,B6T0000000139,E4,3,6,45,1,浅位,302220.0,302757.85675714514,302828.741013826,70.88425668085044,537.8567571451422,608.7410138259875,否
342,B6T0000000139,E4,3,6,45,1,深位,302220.0,302828.741013826,302899.62527050683,70.88425668085044,608.7410138259875,679.6252705068327,否
803,B6T0000000540,E3,3,5,19,1,浅位,305460.0,305801.11596291134,305839.43815062667,38.32218771533317,341.115962911339,379.43815062666545,否
809,B6T0000000540,E3,3,5,19,1,深位,305460.0,305839.43815062667,305877.760338342,38.32218771533317,379.43815062666545,417.7603383419919,否
807,B6T0000000540,E3,3,6,19,1,浅位,305460.0,305877.760338342,305916.0825260573,38.32218771533317,417.7603383419919,456.0825260573183,否
3617,B6T0000000497,E3,3,6,9,59,浅位,307920.0,307920.0,307971.2910208364,51.29102083639813,0.0,51.29102083639009,否
3616,B6T0000000497,E3,3,6,9,59,深位,307920.0,307971.2910208364,308022.5820416728,51.29102083639813,51.29102083639009,102.58204167278018,否
1153,B6T0000000245,E4,3,5,45,5,浅位,308040.0,308775.80690682936,308851.3744450832,75.56753825385019,735.8069068293553,811.3744450832019,否
1162,B6T0000000245,E4,3,5,45,5,深位,308040.0,308851.3744450832,308926.94198333705,75.56753825385019,811.3744450832019,886.9419833370484,否
1152,B6T0000000245,E4,3,6,45,5,浅位,308040.0,308926.94198333705,309002.5095215909,75.56753825385019,886.9419833370484,962.509521590895,否
1159,B6T0000000245,E4,3,6,45,5,深位,308040.0,309002.5095215909,309078.07705984474,75.56753825385019,962.509521590895,1038.0770598447416,否
506,B6T0000001101,E3,3,5,12,7,浅位,309960.0,309960.0,309995.9230895087,35.92308950871136,0.0,35.92308950872393,否
493,B6T0000001101,E3,3,5,12,7,深位,309960.0,309995.9230895087,310031.84617901745,35.92308950871136,35.92308950872393,71.84617901744787,否
511,B6T0000001101,E3,3,6,12,7,浅位,309960.0,310031.84617901745,310067.7692685262,35.92308950871136,71.84617901744787,107.7692685261718,否
510,B6T0000001101,E3,3,6,12,7,深位,309960.0,310067.7692685262,310103.6923580349,35.92308950871136,107.7692685261718,143.69235803489573,否
3415,B6T0000000880,E3,3,6,10,51,浅位,310920.0,311021.93304833904,311072.3928619381,50.459813599088875,101.93304833903676,152.39286193810403,否
504,B6T0000001101,E3,3,5,13,6,浅位,309960.0,311738.96976207505,311775.43449555757,36.46473348251539,1778.9697620750521,1815.4344955575652,否
227,B6T0000000581,E3,3,5,10,8,浅位,311640.0,312709.1840442449,312742.94079113234,33.75674688745936,1069.1840442448738,1102.940791132336,否
253,B6T0000000581,E3,3,5,10,8,深位,311640.0,312742.94079113234,312776.6975380198,33.75674688745936,1102.940791132336,1136.6975380197982,否
228,B6T0000000581,E3,3,6,10,8,浅位,311640.0,312776.6975380198,312810.45428490726,33.75674688745936,1136.6975380197982,1170.4542849072604,否
243,B6T0000000581,E3,3,6,10,8,深位,311640.0,312810.45428490726,312844.2110317947,33.75674688745936,1170.4542849072604,1204.2110317947227,否
3564,B6T0000000938,E3,3,5,13,5,浅位,314280.0,314280.0,314315.6561094919,35.65610949190729,0.0,35.65610949188704,否
3565,B6T0000000938,E3,3,5,13,5,深位,314280.0,314315.6561094919,314351.3122189838,35.65610949190729,35.65610949188704,71.31221898377407,否
2737,B6T0000001280,E3,3,5,11,33,浅位,345720.0,346085.7459250082,346149.68571117433,63.939786166133786,365.7459250082029,429.6857111743302,是
2736,B6T0000001280,E3,3,5,11,33,深位,345720.0,346195.2960560019,346259.23584216804,63.939786166133786,475.2960560019128,539.2358421680401,是
970,B6T0000001844,E1,3,5,1,6,浅位,346200.0,346458.88327417255,346501.9817841513,43.09850997871273,258.88327417254914,301.98178415128496,是
985,B6T0000001844,E1,3,5,1,6,深位,346200.0,346547.6308177367,346590.7293277154,43.09850997871273,347.63081773667363,390.72932771540945,是
984,B6T0000001844,E1,3,6,1,6,浅位,346200.0,346645.17812831514,346696.610441134,51.4323128188997,445.17812831513584,496.6104411340202,是
2981,B6T0000001316,E3,3,5,9,4,浅位,346740.0,346845.1261332879,346900.26567151275,55.13953822485966,105.12613328790758,160.2656715127523,是
2982,B6T0000001316,E3,3,5,9,4,深位,346740.0,346900.26567151275,346929.25686488126,28.99119336851374,160.2656715127523,189.2568648812594,否
2980,B6T0000001316,E3,3,6,9,4,浅位,346740.0,346929.25686488126,346958.24805824977,28.99119336851374,189.2568648812594,218.24805824976647,否
137,B6T0000000154,E4,3,5,43,3,浅位,345840.0,347183.17158448964,347253.7720038162,70.60041932658646,1343.171584489639,1413.7720038162079,否
2742,B6T0000000260,E4,3,5,43,1,浅位,347220.0,347253.7720038162,347321.59878923267,67.82678541648261,33.77200381620787,101.5987892326666,否
2743,B6T0000000260,E4,3,5,43,1,深位,347220.0,347321.59878923267,347389.4255746491,67.82678541648261,101.5987892326666,169.42557464912534,否
126,B6T0000000154,E4,3,5,43,3,深位,345840.0,347389.4255746491,347460.0259939757,70.60041932658646,1549.4255746491253,1620.0259939756943,否
138,B6T0000000154,E4,3,6,43,3,浅位,345840.0,347460.0259939757,347530.62641330226,70.60041932658646,1620.0259939756943,1690.6264133022632,否
139,B6T0000000154,E4,3,6,43,3,深位,345840.0,347530.62641330226,347601.22683262883,70.60041932658646,1690.6264133022632,1761.2268326288322,否
3199,B6T0000001587,E1,3,5,5,2,浅位,347640.0,347640.0,347662.25722873845,22.25722873844725,0.0,22.257228738453705,否
3200,B6T0000001587,E1,3,5,5,2,深位,347640.0,347662.25722873845,347684.5144574769,22.25722873844725,22.257228738453705,44.51445747690741,否
3201,B6T0000001587,E1,3,6,5,2,浅位,347640.0,347684.5144574769,347706.77168621536,22.25722873844725,44.51445747690741,66.77168621536111,否
3013,B6T0000001973,E1,3,5,6,9,浅位,347820.0,347884.3272896979,347931.47565307195,47.14836337408548,64.32728969788877,111.475653071946,是
3014,B6T0000001973,E1,3,5,6,9,深位,347820.0,347973.3776857216,348020.5260490957,47.14836337408548,153.3776857216144,200.52604909567162,是
3015,B6T0000001973,E1,3,6,6,9,浅位,347820.0,348062.42808174534,348109.5764451194,47.14836337408548,242.42808174534002,289.57644511939725,是
268,B6T0000000305,E4,3,5,44,2,浅位,347580.0,348109.57644511946,348180.501361039,70.92491591954757,529.5764451194555,600.5013610390015,否
2818,B6T0000000976,E3,3,5,39,5,浅位,348120.0,348254.9304788066,348322.3957182099,67.46523940327546,134.93047880660743,202.39571820991114,否
2816,B6T0000000976,E3,3,5,39,5,深位,348120.0,348322.3957182099,348389.8609576132,67.46523940327546,202.39571820991114,269.86095761321485,否
1738,B6T0000001149,E3,3,6,17,2,深位,348480.0,348480.0,348517.4456055747,37.44560557471998,0.0,37.445605574699584,否
1743,B6T0000001149,E3,3,5,9,17,浅位,348480.0,348517.4456055747,348554.4809369963,37.035331421583706,37.445605574699584,74.48093699628953,否
1742,B6T0000001149,E3,3,5,9,17,深位,348480.0,348554.4809369963,348591.5162684179,37.035331421583706,74.48093699628953,111.51626841787947,否
1744,B6T0000001149,E3,3,6,9,17,浅位,348480.0,348591.5162684179,348628.55159983947,37.035331421583706,111.51626841787947,148.55159983946942,否
1741,B6T0000001149,E3,3,5,12,11,浅位,348480.0,348628.55159983947,348667.01653126994,38.46493143048981,148.55159983946942,187.01653126993915,否
1737,B6T0000001149,E3,3,6,21,2,深位,348480.0,348667.01653126994,348709.3540908676,42.337559597708484,187.01653126993915,229.3540908676223,否
1745,B6T0000001149,E3,3,5,10,29,浅位,348480.0,348709.3540908676,348752.7979445266,43.44385365900041,229.3540908676223,272.79794452659553,否
1746,B6T0000001149,E3,3,5,10,29,深位,348480.0,348752.7979445266,348796.24179818557,43.44385365900041,272.79794452659553,316.24179818556877,否
1739,B6T0000001149,E3,3,6,10,29,浅位,348480.0,348796.24179818557,348839.68565184454,43.44385365900041,316.24179818556877,359.685651844542,否
1740,B6T0000001149,E3,3,6,15,15,浅位,348480.0,348839.68565184454,348884.0012010776,44.31554923303517,359.685651844542,404.0012010775972,否
2514,B6T0000001586,E1,3,5,2,8,浅位,359160.0,359160.0,359183.00902724563,23.009027245645733,0.0,23.009027245629113,否
2513,B6T0000001586,E1,3,5,2,8,深位,359160.0,359183.00902724563,359206.01805449126,23.009027245645733,23.009027245629113,46.018054491258226,否
2510,B6T0000001586,E1,3,6,2,8,浅位,359160.0,359206.01805449126,359229.0270817369,23.009027245645733,46.018054491258226,69.02708173688734,否
2511,B6T0000001586,E1,3,6,2,8,深位,359160.0,359229.0270817369,359252.0361089825,23.009027245645733,69.02708173688734,92.03610898251645,否
2512,B6T0000001586,E1,3,5,8,1,浅位,359160.0,359252.0361089825,359275.8954853773,23.859376394751425,92.03610898251645,115.89548537728842,否
877,B6T0000000488,E3,3,5,13,8,浅位,369420.0,369532.3368167241,369570.2372887668,37.90047204266949,112.33681672409875,150.23728876677342,否
3252,B6T0000000625,E3,3,5,9,4,浅位,370740.0,370740.0,370768.9911933685,28.99119336851374,0.0,28.991193368507084,否
3253,B6T0000000625,E3,3,5,9,4,深位,370740.0,370768.9911933685,370797.982386737,28.99119336851374,28.991193368507084,57.98238673701417,否
3072,B6T0000001373,E1,3,6,2,4,深位,376080.0,376080.0,376099.8702375039,19.870237503883608,0.0,19.87023750389926,否
3071,B6T0000001373,E1,3,5,1,10,浅位,376080.0,376099.8702375039,376121.4846402356,21.614402731684592,19.87023750389926,41.484640235605184,否
3070,B6T0000001373,E1,3,5,1,10,深位,376080.0,376121.4846402356,376143.0990429673,21.614402731684592,41.484640235605184,63.09904296731111,否
917,B6T0000000411,E3,3,5,15,6,浅位,378240.0,378393.98550584225,378432.9076450982,38.92213925595251,153.9855058422545,192.90764509822475,否
920,B6T0000000411,E3,3,5,15,6,深位,378240.0,378432.9076450982,378471.8297843542,38.92213925595251,192.90764509822475,231.829784354195,否
916,B6T0000000411,E3,3,6,15,6,浅位,378240.0,378471.8297843542,378510.75192361017,38.92213925595251,231.829784354195,270.75192361016525,否
909,B6T0000000411,E3,3,6,15,6,深位,378240.0,378510.75192361017,378549.67406286614,38.92213925595251,270.75192361016525,309.6740628661355,否
3396,B6T0000000629,E3,3,6,9,12,深位,382440.0,382440.0,382474.5384611887,34.538461188721456,0.0,34.538461188727524,否
3397,B6T0000000629,E3,3,5,15,5,浅位,382440.0,382474.5384611887,382512.6519764541,38.113515265344404,34.538461188727524,72.6519764540717,否
2113,B6T0000001146,E3,3,5,17,2,浅位,385740.0,385740.0,385777.4456055747,37.44560557471998,0.0,37.445605574699584,否
2114,B6T0000001146,E3,3,5,17,2,深位,385740.0,385777.4456055747,385814.8912111494,37.44560557471998,37.445605574699584,74.89121114939917,否
2115,B6T0000001146,E3,3,6,17,2,浅位,385740.0,385814.8912111494,385852.3368167241,37.44560557471998,74.89121114939917,112.33681672409875,否
2116,B6T0000001146,E3,3,5,12,14,浅位,385740.0,385852.3368167241,385892.41213477,40.07531804592297,112.33681672409875,152.41213477001293,否
2117,B6T0000001146,E3,3,5,12,14,深位,385740.0,385892.41213477,385932.4874528159,40.07531804592297,152.41213477001293,192.4874528159271,否
2118,B6T0000001146,E3,3,6,12,14,浅位,385740.0,385932.4874528159,385972.56277086184,40.07531804592297,192.4874528159271,232.56277086184127,否
2119,B6T0000001146,E3,3,6,12,14,深位,385740.0,385972.56277086184,386012.63808890776,40.07531804592297,232.56277086184127,272.63808890775545,否
2759,B6T0000001843,E1,3,5,2,25,浅位,386040.0,386115.3014779954,386146.5382786453,31.236800649883108,75.3014779954101,106.53827864531195,否
597,B6T0000000247,E4,3,6,44,3,深位,400380.0,400380.0,400452.12915495876,72.12915495877039,0.0,72.12915495876223,否
3450,B6T0000001232,E3,3,5,33,28,浅位,400740.0,400740.0,400811.703905311,71.70390531101086,0.0,71.70390531100566,否
3451,B6T0000001232,E3,3,5,33,28,深位,400740.0,400811.703905311,400883.407810622,71.70390531101086,71.70390531100566,143.4078106220113,否
2644,B6T0000001956,E1,3,6,1,9,浅位,400920.0,400920.0,400940.99955630786,20.999556307854945,0.0,20.999556307855528,否
2645,B6T0000001956,E1,3,6,1,9,深位,400920.0,400940.99955630786,400961.9991126157,20.999556307854945,20.999556307855528,41.999112615711056,否
6,B6T0000001209,E3,3,5,10,1,浅位,402180.0,402287.3164110547,402314.14551381837,26.829102763697396,107.31641105469316,134.14551381836645,否
5,B6T0000001209,E3,3,5,10,1,深位,402180.0,402314.14551381837,402340.97461658204,26.829102763697396,134.14551381836645,160.97461658203974,否
4,B6T0000001209,E3,3,6,10,1,浅位,402180.0,402340.97461658204,402367.8037193457,26.829102763697396,160.97461658203974,187.80371934571303,否
2,B6T0000001209,E3,3,6,10,1,深位,402180.0,402367.8037193457,402394.6328221094,26.829102763697396,187.80371934571303,214.63282210938632,否
2598,B6T0000000683,E3,3,6,10,8,浅位,431640.0,431640.0,431673.75674688746,33.75674688745936,0.0,33.756746887462214,否
2595,B6T0000000683,E3,3,6,10,8,深位,431640.0,431673.75674688746,431707.5134937749,33.75674688745936,33.756746887462214,67.51349377492443,否
2596,B6T0000000683,E3,3,5,13,5,浅位,431640.0,431707.5134937749,431743.1696032668,35.65610949190729,67.51349377492443,103.16960326681146,否
2597,B6T0000000683,E3,3,5,13,5,深位,431640.0,431743.1696032668,431778.8257127587,35.65610949190729,103.16960326681146,138.8257127586985,否
2599,B6T0000000683,E3,3,5,12,7,浅位,431640.0,431778.8257127587,431814.7488022674,35.92308950871136,138.8257127586985,174.74880226742243,否
2686,B6T0000000229,E4,3,6,45,5,深位,431700.0,431814.7488022674,431890.31634052127,75.56753825385019,114.74880226742243,190.316340521269,否
2687,B6T0000000229,E4,3,6,45,6,浅位,431700.0,431890.31634052127,431966.69250276574,76.3761622444583,190.316340521269,266.69250276574166,否
2684,B6T0000000229,E4,3,6,45,6,深位,431700.0,431966.69250276574,432043.0686650102,76.3761622444583,266.69250276574166,343.0686650102143,否
2685,B6T0000000229,E4,3,5,49,1,浅位,431700.0,432043.0686650102,432120.0678642198,76.99919920958607,343.0686650102143,420.0678642197745,否
1665,B6T0000000614,E3,3,6,10,14,深位,433020.0,433020.0,433057.2168433675,37.21684336751805,0.0,37.21684336749604,否
1659,B6T0000000614,E3,3,5,18,5,浅位,433020.0,433057.2168433675,433098.9993241501,41.78248078258579,37.21684336749604,78.99932415009243,否
1664,B6T0000000614,E3,3,5,18,5,深位,433020.0,433098.9993241501,433140.7818049327,41.78248078258579,78.99932415009243,120.78180493268883,否
1658,B6T0000000614,E3,3,6,18,5,浅位,433020.0,433140.7818049327,433182.5642857153,41.78248078258579,120.78180493268883,162.56428571528522,否
1655,B6T0000000614,E3,3,6,18,5,深位,433020.0,433182.5642857153,433224.3467664979,41.78248078258579,162.56428571528522,204.34676649788162,否
1660,B6T0000000614,E3,3,6,24,2,浅位,433020.0,433224.3467664979,433270.3532916128,46.006525114949866,204.34676649788162,250.35329161281697,否
1656,B6T0000000614,E3,3,6,24,2,深位,433020.0,433270.3532916128,433316.35981672775,46.006525114949866,250.35329161281697,296.35981672775233,否
1657,B6T0000000614,E3,3,5,13,23,浅位,433020.0,433316.35981672775,433361.7144975471,45.35468081934403,296.35981672775233,341.7144975470728,否
1663,B6T0000000614,E3,3,6,26,1,深位,433020.0,433361.7144975471,433408.59760480264,46.883107255563054,341.7144975470728,388.59760480263503,否
623,B6T0000000469,E3,3,5,9,11,浅位,433980.0,434144.47741163225,434178.45710460714,33.97969297490141,164.47741163225146,198.457104607136,否
624,B6T0000000469,E3,3,5,9,11,深位,433980.0,434178.45710460714,434212.436797582,33.97969297490141,198.457104607136,232.43679758202052,否
620,B6T0000000469,E3,3,6,9,11,浅位,433980.0,434212.436797582,434246.4164905569,33.97969297490141,232.43679758202052,266.41649055690505,否
622,B6T0000000469,E3,3,6,9,11,深位,433980.0,434246.4164905569,434280.3961835318,33.97969297490141,266.41649055690505,300.3961835317896,否
1449,B6T0000000191,E4,3,5,44,1,浅位,434220.0,434280.3961835318,434349.75170458044,69.35552104866652,60.396183531789575,129.75170458044158,否
1448,B6T0000000191,E4,3,5,44,1,深位,434220.0,434349.75170458044,434419.1072256291,69.35552104866652,129.75170458044158,199.1072256290936,否
1447,B6T0000000191,E4,3,6,44,1,浅位,434220.0,434419.1072256291,434488.46274667775,69.35552104866652,199.1072256290936,268.4627466777456,否
1452,B6T0000000191,E4,3,6,44,1,深位,434220.0,434488.46274667775,434557.8182677264,69.35552104866652,268.4627466777456,337.8182677263976,否
1450,B6T0000000191,E4,3,5,43,9,浅位,434220.0,434557.8182677264,434633.22276190686,75.40449418048227,337.8182677263976,413.22276190685807,否
1453,B6T0000000191,E4,3,5,43,9,深位,434220.0,434633.22276190686,434708.6272560873,75.40449418048227,413.22276190685807,488.62725608731853,否
942,B6T0000000508,E3,3,5,20,1,浅位,434460.0,434708.6272560873,434748.1724323084,39.5451762210803,248.62725608731853,288.1724323083763,否
941,B6T0000000508,E3,3,5,20,1,深位,434460.0,434748.1724323084,434787.71760852943,39.5451762210803,288.1724323083763,327.7176085294341,否
939,B6T0000000508,E3,3,6,20,1,浅位,434460.0,434787.71760852943,434827.2627847505,39.5451762210803,327.7176085294341,367.26278475049185,否
938,B6T0000000508,E3,3,6,20,1,深位,434460.0,434827.2627847505,434866.80796097155,39.5451762210803,367.26278475049185,406.8079609715496,否
1454,B6T0000000191,E4,3,6,43,9,浅位,434220.0,434866.80796097155,434942.212455152,75.40449418048227,646.8079609715496,722.2124551520101,否
1455,B6T0000000191,E4,3,6,43,9,深位,434220.0,434942.212455152,435017.61694933247,75.40449418048227,722.2124551520101,797.6169493324705,否
2427,B6T0000000890,E3,3,5,9,30,浅位,434940.0,435108.66357890307,435150.82947362884,42.165894725750114,168.66357890306972,210.82947362883715,否
86,B6T0000000261,E4,3,5,43,2,浅位,435240.0,435663.68013014895,435733.0763104363,69.39618028736368,423.6801301489468,493.07631043629954,否
87,B6T0000000261,E4,3,5,43,2,深位,435240.0,435733.0763104363,435802.47249072365,69.39618028736368,493.07631043629954,562.4724907236523,否
95,B6T0000000261,E4,3,6,43,2,浅位,435240.0,435802.47249072365,435871.868671011,69.39618028736368,562.4724907236523,631.8686710110051,否
91,B6T0000000261,E4,3,6,43,2,深位,435240.0,435871.868671011,435941.26485129836,69.39618028736368,631.8686710110051,701.2648512983578,否
2190,B6T0000001648,E1,3,5,2,14,浅位,437400.0,437400.0,437426.4691237257,26.46912372570443,0.0,26.469123725721147,否
2191,B6T0000001648,E1,3,5,2,14,深位,437400.0,437426.4691237257,437452.93824745144,26.46912372570443,26.469123725721147,52.938247451442294,否
2192,B6T0000001648,E1,3,6,2,14,浅位,437400.0,437452.93824745144,437479.40737117716,26.46912372570443,52.938247451442294,79.40737117716344,否
2193,B6T0000001648,E1,3,6,2,14,深位,437400.0,437479.40737117716,437505.8764949029,26.46912372570443,79.40737117716344,105.87649490288459,否
1171,B6T0000001838,E1,3,5,8,3,浅位,437520.0,437679.7980618293,437706.4310721342,26.633010304855283,159.79806182929315,186.43107213417534,否
1170,B6T0000001838,E1,3,5,8,3,深位,437520.0,437706.4310721342,437733.06408243906,26.633010304855283,186.43107213417534,213.06408243905753,否
1174,B6T0000001838,E1,3,6,8,3,浅位,437520.0,437733.06408243906,437759.69709274394,26.633010304855283,213.06408243905753,239.69709274393972,否
3668,B6T0000000148,E4,3,6,43,1,浅位,437940.0,437940.0,438007.82678541646,67.82678541648261,0.0,67.82678541645873,否
3669,B6T0000000148,E4,3,6,43,1,深位,437940.0,438007.82678541646,438075.6535708329,67.82678541648261,67.82678541645873,135.65357083291747,否
2942,B6T0000000747,E3,3,6,21,26,浅位,438900.0,438915.6535708329,438971.9523236057,56.29875277280627,15.653570832917467,71.9523236057139,否
2941,B6T0000000747,E3,3,6,21,26,深位,438900.0,438971.9523236057,439028.2510763785,56.29875277280627,71.9523236057139,128.25107637851033,否
1113,B6T0000001301,E3,3,5,9,15,浅位,443880.0,444428.92467674497,444465.0123312722,36.08765452720442,548.9246767449658,585.0123312721844,否
1112,B6T0000001301,E3,3,5,9,15,深位,443880.0,444465.0123312722,444501.0999857994,36.08765452720442,585.0123312721844,621.0999857994029,否
1101,B6T0000001301,E3,3,6,9,15,浅位,443880.0,444501.0999857994,444537.1876403266,36.08765452720442,621.0999857994029,657.1876403266215,否
1111,B6T0000001301,E3,3,6,9,15,深位,443880.0,444537.1876403266,444573.27529485384,36.08765452720442,657.1876403266215,693.27529485384,否
1272,B6T0000000615,E3,3,5,20,5,浅位,443820.0,444914.80744085676,444959.0358986508,44.22845779408004,1094.8074408567627,1139.0358986508218,否
1271,B6T0000000615,E3,3,5,20,5,深位,443820.0,444959.0358986508,445003.2643564449,44.22845779408004,1139.0358986508218,1183.2643564448808,否
1270,B6T0000000615,E3,3,6,20,5,浅位,443820.0,445003.2643564449,445047.49281423894,44.22845779408004,1183.2643564448808,1227.49281423894,否
1268,B6T0000000615,E3,3,6,20,5,深位,443820.0,445047.49281423894,445091.721272033,44.22845779408004,1227.49281423894,1271.721272032999,否
1132,B6T0000001955,E1,3,5,4,5,浅位,447420.0,447667.3827577107,447712.05743838515,44.67468067446177,247.3827577107004,292.057438385149,是
1124,B6T0000001955,E1,3,5,4,5,深位,447420.0,447753.35743838514,447798.0321190596,44.67468067446177,333.35743838513736,378.03211905958597,是
1129,B6T0000001955,E1,3,6,4,5,浅位,447420.0,447839.3321190596,447884.006799734,44.67468067446177,419.3321190595743,464.00679973402293,是
1128,B6T0000001955,E1,3,6,4,5,深位,447420.0,447928.4447307685,447972.4527447763,44.0080140077951,508.4447307685041,552.4527447763248,是
279,B6T0000000305,E4,3,5,44,2,深位,451020.0,451020.0,451090.92491591955,70.92491591954757,0.0,70.92491591954604,否
280,B6T0000000305,E4,3,6,44,2,浅位,451020.0,451090.92491591955,451161.8498318391,70.92491591954757,70.92491591954604,141.84983183909208,否
1325,B6T0000001360,E1,3,5,2,7,浅位,454620.0,454664.63379037695,454686.9506855654,22.316895188492822,44.6337903769454,66.9506855654181,否
1326,B6T0000001360,E1,3,5,2,7,深位,454620.0,454686.9506855654,454709.2675807539,22.316895188492822,66.9506855654181,89.2675807538908,否
1327,B6T0000001360,E1,3,6,2,7,浅位,454620.0,454709.2675807539,454731.58447594236,22.316895188492822,89.2675807538908,111.5844759423635,否
1328,B6T0000001360,E1,3,6,2,7,深位,454620.0,454731.58447594236,454753.90137113084,22.316895188492822,111.5844759423635,133.9013711308362,否
2846,B6T0000001506,E1,3,6,1,9,浅位,455280.0,455280.0,455300.99955630786,20.999556307854945,0.0,20.999556307855528,否
2847,B6T0000001506,E1,3,6,1,9,深位,455280.0,455300.99955630786,455321.9991126157,20.999556307854945,20.999556307855528,41.999112615711056,否
2845,B6T0000001506,E1,3,5,10,1,浅位,455280.0,455321.9991126157,455348.8282153794,26.829102763697396,41.999112615711056,68.82821537938435,否
2844,B6T0000001506,E1,3,5,10,1,深位,455280.0,455348.8282153794,455375.65731814306,26.829102763697396,68.82821537938435,95.65731814305764,否
991,B6T0000001090,E3,3,5,12,11,深位,455820.0,455820.0,455858.46493143047,38.46493143048981,0.0,38.46493143046973,否
990,B6T0000001090,E3,3,6,12,11,浅位,455820.0,455858.46493143047,455896.92986286094,38.46493143048981,38.46493143046973,76.92986286093947,否
3171,B6T0000001064,E3,3,6,16,56,浅位,462540.0,462540.0,462599.82016491756,59.820164917541234,0.0,59.82016491756076,否
3170,B6T0000001064,E3,3,6,16,56,深位,462540.0,462599.82016491756,462659.6403298351,59.820164917541234,59.82016491756076,119.64032983512152,否
3169,B6T0000001064,E3,3,5,15,60,浅位,462540.0,462659.6403298351,462719.46649175417,59.82616191904048,119.64032983512152,179.46649175416678,否
1197,B6T0000001639,E1,3,5,3,6,浅位,463080.0,463267.23503693845,463290.63941655576,23.404379617308372,187.23503693845123,210.63941655575763,否
1203,B6T0000001639,E1,3,5,3,6,深位,463080.0,463290.63941655576,463314.04379617306,23.404379617308372,210.63941655575763,234.04379617306404,否
1199,B6T0000001639,E1,3,6,3,6,浅位,463080.0,463314.04379617306,463337.44817579037,23.404379617308372,234.04379617306404,257.44817579037044,否
1200,B6T0000001639,E1,3,6,3,6,深位,463080.0,463337.44817579037,463360.8525554077,23.404379617308372,257.44817579037044,280.85255540767685,否
3626,B6T0000001289,E3,3,6,15,5,浅位,464040.0,464040.0,464078.11351526534,38.113515265344404,0.0,38.113515265344176,否
3627,B6T0000001289,E3,3,6,15,5,深位,464040.0,464078.11351526534,464116.2270305307,38.113515265344404,38.113515265344176,76.22703053068835,否
1399,B6T0000000367,E3,3,5,9,9,浅位,465120.0,465120.0,465152.7800477505,32.780047750513575,0.0,32.78004775050795,否
1398,B6T0000000367,E3,3,5,9,9,深位,465120.0,465152.7800477505,465185.560095501,32.780047750513575,32.78004775050795,65.5600955010159,否
1400,B6T0000000367,E3,3,6,9,9,浅位,465120.0,465185.560095501,465218.3401432515,32.780047750513575,65.5600955010159,98.34014325152384,否
1396,B6T0000000367,E3,3,6,9,9,深位,465120.0,465218.3401432515,465251.12019100203,32.780047750513575,98.34014325152384,131.1201910020318,否
1394,B6T0000000367,E3,3,6,22,2,深位,465120.0,465251.12019100203,465294.6807391055,43.560548103455616,131.1201910020318,174.68073910550447,否
1402,B6T0000000367,E3,3,5,25,1,浅位,465120.0,465659.96168910415,465705.621807854,45.66011874981592,539.9616891041514,585.6218078539823,否
3446,B6T0000000013,E4,3,6,43,1,浅位,471000.0,471000.0,471067.82678541646,67.82678541648261,0.0,67.82678541645873,否
3447,B6T0000000013,E4,3,6,43,1,深位,471000.0,471067.82678541646,471135.6535708329,67.82678541648261,67.82678541645873,135.65357083291747,否
1816,B6T0000001665,E1,3,6,2,10,浅位,471120.0,471135.6535708329,471159.9275091426,24.273938309713085,15.653570832917467,39.92750914260978,否
1818,B6T0000001665,E1,3,6,2,10,深位,471120.0,471159.9275091426,471184.2014474523,24.273938309713085,39.92750914260978,64.20144745230209,否
3022,B6T0000001792,E1,3,6,2,4,深位,471780.0,471780.0,471799.8702375039,19.870237503883608,0.0,19.87023750389926,否
3023,B6T0000001792,E1,3,5,1,10,浅位,471780.0,471799.8702375039,471821.4846402356,21.614402731684592,19.87023750389926,41.484640235605184,否
3024,B6T0000001792,E1,3,5,1,10,深位,471780.0,471821.4846402356,471843.0990429673,21.614402731684592,41.484640235605184,63.09904296731111,否
1243,B6T0000001022,E3,3,5,14,11,浅位,477120.0,477156.8905267596,477197.8751259346,40.98459917498503,36.89052675961284,77.87512593460269,否
1237,B6T0000001022,E3,3,5,14,11,深位,477120.0,477197.8751259346,477238.8597251096,40.98459917498503,77.87512593460269,118.85972510959255,否
1240,B6T0000001022,E3,3,6,14,11,浅位,477120.0,477238.8597251096,477279.8443242846,40.98459917498503,118.85972510959255,159.8443242845824,否
1228,B6T0000001022,E3,3,6,14,11,深位,477120.0,477279.8443242846,477320.8289234596,40.98459917498503,159.8443242845824,200.82892345957225,否
1906,B6T0000001740,E1,3,5,4,10,浅位,480000.0,480110.3736239637,480137.9670299546,27.593405990896894,110.37362396367826,137.96702995459782,否
1905,B6T0000001740,E1,3,5,4,10,深位,480000.0,480137.9670299546,480165.5604359455,27.593405990896894,137.96702995459782,165.56043594551738,否
1908,B6T0000001740,E1,3,6,4,10,浅位,480000.0,480165.5604359455,480193.15384193644,27.593405990896894,165.56043594551738,193.15384193643695,否
1904,B6T0000001740,E1,3,6,4,10,深位,480000.0,480193.15384193644,480220.74724792736,27.593405990896894,193.15384193643695,220.7472479273565,否
1705,B6T0000001342,E1,3,5,4,8,浅位,486000.0,486122.4150530732,486148.74354800006,26.328494926829542,122.4150530732004,148.74354800005676,否
1698,B6T0000001342,E1,3,5,4,8,深位,486000.0,486148.74354800006,486175.0720429269,26.328494926829542,148.74354800005676,175.07204292691313,否
1706,B6T0000001342,E1,3,6,4,8,浅位,486000.0,486175.0720429269,486201.40053785377,26.328494926829542,175.07204292691313,201.4005378537695,否
1704,B6T0000001342,E1,3,6,4,8,深位,486000.0,486201.40053785377,486227.7290327806,26.328494926829542,201.4005378537695,227.72903278062586,否
2482,B6T0000000267,E4,3,6,43,18,浅位,486360.0,486646.0268232792,486726.13950207236,80.11267879312547,286.026823279215,366.1395020723576,否
2084,B6T0000001673,E1,3,5,6,10,浅位,487860.0,487980.12273901445,488010.15342376806,30.03068475363058,120.1227390144486,150.15342376806075,否
2079,B6T0000001673,E1,3,5,6,10,深位,487860.0,488010.15342376806,488040.1841085217,30.03068475363058,150.15342376806075,180.1841085216729,否
2080,B6T0000001673,E1,3,6,6,10,浅位,487860.0,488040.1841085217,488070.2147932753,30.03068475363058,180.1841085216729,210.21479327528505,否
2218,B6T0000000393,E3,3,5,14,22,浅位,488580.0,488753.8632718636,488800.0529649732,46.18969310960577,173.86327186360722,220.05296497320523,否
697,B6T0000001180,E3,3,5,11,9,深位,518220.0,518220.0,518255.89126617106,35.891266171049594,0.0,35.89126617106376,否
701,B6T0000001180,E3,3,6,11,9,浅位,518220.0,518255.89126617106,518291.7825323421,35.891266171049594,35.89126617106376,71.78253234212752,否
702,B6T0000001180,E3,3,6,11,9,深位,518220.0,518291.7825323421,518327.6737985132,35.891266171049594,71.78253234212752,107.67379851319129,否
2147,B6T0000001327,E1,3,5,2,8,浅位,518640.0,518640.0,518663.00902724563,23.009027245645733,0.0,23.009027245629113,否
2144,B6T0000001327,E1,3,5,2,8,深位,518640.0,518663.00902724563,518686.01805449126,23.009027245645733,23.009027245629113,46.018054491258226,否
2146,B6T0000001327,E1,3,6,2,8,浅位,518640.0,518686.01805449126,518709.0270817369,23.009027245645733,46.018054491258226,69.02708173688734,否
2142,B6T0000001327,E1,3,6,2,8,深位,518640.0,518709.0270817369,518732.0361089825,23.009027245645733,69.02708173688734,92.03610898251645,否
2145,B6T0000001327,E1,3,5,8,1,浅位,518640.0,518732.0361089825,518755.8954853773,23.859376394751425,92.03610898251645,115.89548537728842,否
2143,B6T0000001327,E1,3,6,6,9,浅位,518640.0,518755.8954853773,518785.3113237071,29.415838329800938,115.89548537728842,145.3113237071084,否
1281,B6T0000001854,E1,3,6,7,4,浅位,519120.0,519231.58447594236,519258.26112783485,26.67665189247954,111.5844759423635,138.2611278348486,否
1282,B6T0000001854,E1,3,6,7,4,深位,519120.0,519258.26112783485,519284.93777972733,26.67665189247954,138.2611278348486,164.9377797273337,否
2355,B6T0000000217,E4,3,5,45,1,浅位,519660.0,519660.0,519730.88425668085,70.88425668085044,0.0,70.88425668084528,否
2353,B6T0000000217,E4,3,5,45,1,深位,519660.0,519730.88425668085,519801.7685133617,70.88425668085044,70.88425668084528,141.76851336169057,否
2352,B6T0000000217,E4,3,6,45,1,浅位,519660.0,519801.7685133617,519872.65277004254,70.88425668085044,141.76851336169057,212.65277004253585,否
2351,B6T0000000217,E4,3,6,45,1,深位,519660.0,519872.65277004254,519943.5370267234,70.88425668085044,212.65277004253585,283.53702672338113,否
2350,B6T0000000217,E4,3,5,45,5,浅位,519660.0,519943.5370267234,520019.1045649772,75.56753825385019,283.53702672338113,359.1045649772277,否
2354,B6T0000000217,E4,3,5,45,5,深位,519660.0,520019.1045649772,520094.6721032311,75.56753825385019,359.1045649772277,434.6721032310743,否
616,B6T0000000247,E4,3,5,45,2,浅位,521520.0,521809.81460620696,521882.2682577587,72.4536515517315,289.81460620695725,362.26825775869656,否
615,B6T0000000247,E4,3,5,45,2,深位,521520.0,521882.2682577587,521954.72190931044,72.4536515517315,362.26825775869656,434.7219093104359,否
614,B6T0000000247,E4,3,6,45,2,浅位,521520.0,521954.72190931044,522027.1755608622,72.4536515517315,434.7219093104359,507.1755608621752,否
613,B6T0000000247,E4,3,6,45,2,深位,521520.0,522027.1755608622,522099.6292124139,72.4536515517315,507.1755608621752,579.6292124139145,否
1928,B6T0000001140,E3,3,6,9,12,深位,532200.0,532200.0,532234.5384611887,34.538461188721456,0.0,34.53846118866932,否
1927,B6T0000001140,E3,3,5,15,5,浅位,532200.0,532234.5384611887,532272.6519764541,38.113515265344404,34.53846118866932,72.6519764540717,否
1926,B6T0000001140,E3,3,5,15,6,深位,532200.0,532272.6519764541,532311.57411571,38.92213925595251,72.6519764540717,111.57411570998374,否
1925,B6T0000001140,E3,3,6,15,6,浅位,532200.0,532311.57411571,532350.4962549659,38.92213925595251,111.57411570998374,150.4962549658958,否
1929,B6T0000001140,E3,3,6,15,6,深位,532200.0,532350.4962549659,532389.4183942218,38.92213925595251,150.4962549658958,189.41839422180783,否
2067,B6T0000000389,E3,3,6,17,17,浅位,536220.0,536446.6211474835,536494.3303506224,47.709203138908705,226.62114748347085,274.33035062241834,否
2065,B6T0000000389,E3,3,6,17,17,深位,536220.0,536494.3303506224,536542.0395537614,47.709203138908705,274.33035062241834,322.0395537613658,否
2096,B6T0000000116,E4,3,5,45,11,浅位,548100.0,548566.6112170448,548646.272827714,79.66161066923794,466.61121704475954,546.2728277139831,否
2406,B6T0000000509,E3,3,5,9,10,浅位,549000.0,549000.0,549033.3948941743,33.39489417434322,0.0,33.394894174300134,否
2405,B6T0000000509,E3,3,5,9,10,深位,549000.0,549033.3948941743,549066.7897883486,33.39489417434322,33.394894174300134,66.78978834860027,否
2407,B6T0000000509,E3,3,6,9,10,浅位,549000.0,549066.7897883486,549100.1846825229,33.39489417434322,66.78978834860027,100.1846825229004,否
2408,B6T0000000509,E3,3,6,9,10,深位,549000.0,549100.1846825229,549133.5795766972,33.39489417434322,100.1846825229004,133.57957669720054,否
2409,B6T0000000509,E3,3,5,14,43,浅位,549000.0,549133.5795766972,549186.9565310102,53.37695431305506,133.57957669720054,186.9565310102189,否
3544,B6T0000001161,E3,3,5,9,17,浅位,549540.0,549540.0,549577.0353314215,37.035331421583706,0.0,37.03533142153174,否
3545,B6T0000001161,E3,3,5,9,17,深位,549540.0,549577.0353314215,549614.0706628431,37.035331421583706,37.03533142153174,74.07066284306347,否
884,B6T0000000488,E3,3,5,13,8,深位,555480.0,555480.0,555517.9004720426,37.90047204266949,0.0,37.90047204261646,否
885,B6T0000000488,E3,3,6,13,8,浅位,555480.0,555517.9004720426,555555.8009440852,37.90047204266949,37.90047204261646,75.80094408523291,否
886,B6T0000000488,E3,3,6,13,8,深位,555480.0,555555.8009440852,555593.7014161278,37.90047204266949,75.80094408523291,113.70141612784937,否
1078,B6T0000000178,E4,3,5,47,2,浅位,558720.0,559934.4292276053,560009.9403504215,75.51112281609932,1214.4292276053457,1289.9403504214715,否
1077,B6T0000000178,E4,3,5,47,2,深位,558720.0,560009.9403504215,560085.4514732376,75.51112281609932,1289.9403504214715,1365.4514732375974,否
1075,B6T0000000178,E4,3,6,47,2,浅位,558720.0,560085.4514732376,560160.9625960537,75.51112281609932,1365.4514732375974,1440.9625960537232,否
1080,B6T0000000178,E4,3,6,47,2,深位,558720.0,560160.9625960537,560236.4737188698,75.51112281609932,1440.9625960537232,1516.473718869849,否
2242,B6T0000000094,E4,3,5,47,10,浅位,560100.0,560339.2297849576,560421.3640680907,82.13428313304756,239.2297849575989,321.36406809068285,否
2243,B6T0000000094,E4,3,5,47,10,深位,560100.0,560421.3640680907,560503.4983512238,82.13428313304756,321.36406809068285,403.4983512237668,否
2244,B6T0000000094,E4,3,6,47,10,浅位,560100.0,560503.4983512238,560585.6326343569,82.13428313304756,403.4983512237668,485.63263435685076,否
3249,B6T0000000223,E4,3,6,49,1,深位,564480.0,564480.0,564556.9991992096,76.99919920958607,0.0,76.99919920961838,否
3248,B6T0000000223,E4,3,6,43,13,浅位,564480.0,564556.9991992096,564634.6980389936,77.6988397840496,76.99919920961838,154.69803899363615,否
2695,B6T0000001059,E3,3,5,9,8,浅位,573300.0,573300.0,573332.1299831102,32.129983110275866,0.0,32.129983110236935,否
2693,B6T0000001059,E3,3,5,9,8,深位,573300.0,573332.1299831102,573364.2599662205,32.129983110275866,32.129983110236935,64.25996622047387,否
2692,B6T0000001059,E3,3,6,9,8,浅位,573300.0,573364.2599662205,573396.3899493307,32.129983110275866,64.25996622047387,96.3899493307108,否
2694,B6T0000001059,E3,3,6,9,8,深位,573300.0,573396.3899493307,573428.519932441,32.129983110275866,96.3899493307108,128.51993244094774,否
3698,B6T0000001866,E1,4,8,7,53,浅位,4080.0,4080.0,4127.133001099494,47.13300109949437,0.0,47.13300109949432,否
3699,B6T0000001866,E1,4,8,7,53,深位,4080.0,4127.133001099494,4174.266002198989,47.13300109949437,47.13300109949432,94.26600219898864,否
2722,B6T0000001496,E1,4,7,6,22,浅位,11160.0,11160.0,11195.82057748881,35.82057748880951,0.0,35.82057748881016,否
2720,B6T0000001496,E1,4,7,6,22,深位,11160.0,11195.82057748881,11231.64115497762,35.82057748880951,35.82057748881016,71.64115497762032,否
2723,B6T0000001496,E1,4,8,6,22,浅位,11160.0,11231.64115497762,11267.46173246643,35.82057748880951,71.64115497762032,107.46173246643048,否
2721,B6T0000001496,E1,4,8,6,22,深位,11160.0,11267.46173246643,11303.28230995524,35.82057748880951,107.46173246643048,143.28230995524063,否
3527,B6T0000000844,E3,4,8,32,32,浅位,16500.0,16500.0,16571.86518091957,71.86518091956957,0.0,71.86518091956896,否
3526,B6T0000000844,E3,4,8,32,32,深位,16500.0,16571.86518091957,16643.730361839138,71.86518091956957,71.86518091956896,143.7303618391379,否
590,B6T0000001238,E3,4,7,15,4,浅位,19080.0,19080.0,19117.219088074344,37.219088074344484,0.0,37.219088074343745,否
594,B6T0000001238,E3,4,7,15,4,深位,19080.0,19117.219088074344,19154.438176148687,37.219088074344484,37.219088074343745,74.43817614868749,否
579,B6T0000001238,E3,4,8,15,4,浅位,19080.0,19154.438176148687,19191.65726422303,37.219088074344484,74.43817614868749,111.65726422303123,否
580,B6T0000001238,E3,4,8,15,4,深位,19080.0,19191.65726422303,19228.876352297375,37.219088074344484,111.65726422303123,148.87635229737498,否
3306,B6T0000001385,E1,4,7,3,40,浅位,19740.0,19777.47955545903,19821.32444906233,43.84489360329657,37.47955545903096,81.32444906232922,是
3307,B6T0000001385,E1,4,7,3,40,深位,19740.0,19844.365828372673,19888.21072197597,43.84489360329657,104.3658283726727,148.21072197597096,是
1976,B6T0000001165,E3,4,7,18,15,浅位,20280.0,20624.279452368617,20672.263967118895,47.98451475027655,344.27945236861706,392.2639671188954,否
1975,B6T0000001165,E3,4,7,18,15,深位,20280.0,20672.263967118895,20720.248481869174,47.98451475027655,392.2639671188954,440.2484818691737,否
713,B6T0000000313,E4,4,7,45,3,浅位,19560.0,20947.946627504192,21021.604518095148,73.65789059095431,1387.9466275041923,1461.6045180951478,否
3276,B6T0000000714,E3,4,8,14,42,浅位,21000.0,21021.604518095148,21074.670358122785,53.065840027636206,21.604518095147796,74.67035812278482,否
3277,B6T0000000714,E3,4,8,14,42,深位,21000.0,21074.670358122785,21127.736198150422,53.065840027636206,74.67035812278482,127.73619815042184,否
717,B6T0000000313,E4,4,7,45,3,深位,19560.0,21127.736198150422,21201.394088741377,73.65789059095431,1567.7361981504218,1641.3940887413773,否
704,B6T0000000313,E4,4,8,45,3,浅位,19560.0,21201.394088741377,21275.051979332333,73.65789059095431,1641.3940887413773,1715.0519793323328,否
2995,B6T0000001393,E1,4,7,5,28,浅位,29940.0,29940.0,29976.947712382786,36.947712382784104,0.0,36.94771238278554,否
2996,B6T0000001393,E1,4,7,5,28,深位,29940.0,29976.947712382786,30013.89542476557,36.947712382784104,36.94771238278554,73.89542476557108,否
2997,B6T0000001393,E1,4,8,5,28,浅位,29940.0,30013.89542476557,30050.843137148357,36.947712382784104,73.89542476557108,110.84313714835662,否
1556,B6T0000001735,E1,4,7,7,5,浅位,30420.0,30530.284316333913,30557.85539541739,27.571079083479457,110.28431633391301,137.85539541739126,否
1555,B6T0000001735,E1,4,7,7,5,深位,30420.0,30557.85539541739,30585.42647450087,27.571079083479457,137.85539541739126,165.42647450086952,否
1554,B6T0000001735,E1,4,8,7,5,浅位,30420.0,30585.42647450087,30612.997553584348,27.571079083479457,165.42647450086952,192.99755358434777,否
1565,B6T0000001735,E1,4,8,7,5,深位,30420.0,30612.997553584348,30640.568632667826,27.571079083479457,192.99755358434777,220.56863266782602,否
3275,B6T0000000569,E3,4,8,35,20,浅位,34740.0,34740.0,34811.045421335286,71.04542133528653,0.0,71.04542133528594,否
3274,B6T0000000569,E3,4,8,35,20,深位,34740.0,34811.045421335286,34882.09084267057,71.04542133528653,71.04542133528594,142.09084267057187,否
1717,B6T0000001672,E1,4,7,6,7,浅位,35040.0,35096.147283264814,35124.22092489722,28.073641632410315,56.14728326481418,84.22092489722127,否
1723,B6T0000001672,E1,4,7,6,7,深位,35040.0,35124.22092489722,35152.29456652963,28.073641632410315,84.22092489722127,112.29456652962836,否
1724,B6T0000001672,E1,4,8,6,7,浅位,35040.0,35152.29456652963,35180.368208162035,28.073641632410315,112.29456652962836,140.36820816203544,否
1718,B6T0000001672,E1,4,8,6,7,深位,35040.0,35180.368208162035,35208.44184979444,28.073641632410315,140.36820816203544,168.44184979444253,否
2966,B6T0000000501,E3,4,7,36,11,浅位,36180.0,36315.78069260284,36383.671038904264,67.89034630142183,135.78069260284246,203.6710389042637,否
2367,B6T0000001801,E1,4,7,7,13,浅位,37800.0,37865.51970375609,37898.27955563413,32.759851878046696,65.51970375608653,98.27955563412979,否
2364,B6T0000001801,E1,4,7,7,13,深位,37800.0,37898.27955563413,37931.03940751217,32.759851878046696,98.27955563412979,131.03940751217306,否
2363,B6T0000001801,E1,4,8,7,13,浅位,37800.0,37931.03940751217,37963.799259390216,32.759851878046696,131.03940751217306,163.79925939021632,否
2365,B6T0000001801,E1,4,8,7,13,深位,37800.0,37963.799259390216,37996.55911126826,32.759851878046696,163.79925939021632,196.55911126825958,否
3483,B6T0000000952,E3,4,7,16,47,浅位,41280.0,41280.0,41337.05494752624,57.05494752623688,0.0,57.05494752623781,否
3482,B6T0000000952,E3,4,7,16,47,深位,41280.0,41337.05494752624,41394.109895052476,57.05494752623688,57.05494752623781,114.10989505247562,否
2060,B6T0000000120,E4,4,7,48,7,浅位,43980.0,44320.15305457546,44401.85903021947,81.7059756440112,340.15305457545765,421.8590302194716,否
3496,B6T0000001087,E3,4,8,19,44,浅位,44340.0,44401.85903021947,44461.6604550452,59.801424825729875,61.859030219471606,121.66045504520298,否
3497,B6T0000001087,E3,4,8,19,44,深位,44340.0,44461.6604550452,44521.461879870934,59.801424825729875,121.66045504520298,181.46187987093435,否
2059,B6T0000000120,E4,4,7,48,7,深位,43980.0,44521.461879870934,44603.16785551495,81.7059756440112,541.4618798709344,623.1678555149483,否
2057,B6T0000000120,E4,4,8,48,7,浅位,43980.0,44603.16785551495,44684.87383115896,81.7059756440112,623.1678555149483,704.8738311589623,否
2554,B6T0000001153,E3,4,7,10,31,浅位,51060.0,51060.0,51104.13569678575,44.13569678574859,0.0,44.13569678575004,否
2553,B6T0000001153,E3,4,7,10,31,深位,51060.0,51104.13569678575,51148.2713935715,44.13569678574859,44.13569678575004,88.27139357150008,否
2552,B6T0000001153,E3,4,8,10,31,浅位,51060.0,51148.2713935715,51192.40709035725,44.13569678574859,88.27139357150008,132.40709035725013,否
2551,B6T0000001153,E3,4,8,10,31,深位,51060.0,51192.40709035725,51236.542787143,44.13569678574859,132.40709035725013,176.54278714300017,否
2890,B6T0000001622,E1,4,8,5,26,浅位,51960.0,51960.0,51996.218421913545,36.21842191354503,0.0,36.21842191354517,否
2892,B6T0000001622,E1,4,8,5,26,深位,51960.0,51996.218421913545,52032.43684382709,36.21842191354503,36.21842191354517,72.43684382709034,否
664,B6T0000001698,E1,4,7,8,1,浅位,54180.0,54323.1562583685,54347.01563476325,23.859376394751425,143.15625836850086,167.015634763251,否
665,B6T0000001698,E1,4,7,8,1,深位,54180.0,54347.01563476325,54370.875011158,23.859376394751425,167.015634763251,190.87501115800114,否
663,B6T0000001698,E1,4,8,8,1,浅位,54180.0,54370.875011158,54394.73438755275,23.859376394751425,190.87501115800114,214.7343875527513,否
662,B6T0000001698,E1,4,8,8,1,深位,54180.0,54394.73438755275,54418.5937639475,23.859376394751425,214.7343875527513,238.59376394750143,否
1573,B6T0000001553,E1,4,7,2,8,浅位,54600.0,54746.439005463886,54769.44803270953,23.009027245645733,146.43900546388613,169.4480327095298,否
1566,B6T0000001553,E1,4,7,2,8,深位,54600.0,54769.44803270953,54792.45705995517,23.009027245645733,169.4480327095298,192.45705995517346,否
1576,B6T0000001553,E1,4,8,2,8,浅位,54600.0,54792.45705995517,54815.46608720082,23.009027245645733,192.45705995517346,215.46608720081713,否
1575,B6T0000001553,E1,4,8,2,8,深位,54600.0,54815.46608720082,54838.47511444646,23.009027245645733,215.46608720081713,238.4751144464608,否
2282,B6T0000001811,E1,4,7,2,15,浅位,54840.0,54947.8667946503,54974.83349331287,26.966698662574288,107.86679465029738,134.83349331287172,否
2279,B6T0000001811,E1,4,7,2,15,深位,54840.0,54974.83349331287,55001.800191975446,26.966698662574288,134.83349331287172,161.80019197544607,否
366,B6T0000001440,E1,4,7,5,2,浅位,55740.0,55873.54337243068,55895.800601169125,22.25722873844725,133.54337243067857,155.800601169125,否
371,B6T0000001440,E1,4,7,5,2,深位,55740.0,55895.800601169125,55918.05782990757,22.25722873844725,155.800601169125,178.05782990757143,否
365,B6T0000001440,E1,4,8,5,2,浅位,55740.0,55918.05782990757,55940.31505864602,22.25722873844725,178.05782990757143,200.31505864601786,否
378,B6T0000001440,E1,4,8,5,2,深位,55740.0,55940.31505864602,55962.572287384464,22.25722873844725,200.31505864601786,222.5722873844643,否
445,B6T0000000678,E3,4,7,9,10,浅位,56280.0,56509.791732427824,56543.18662660217,33.39489417434322,229.79173242782417,263.18662660216796,否
446,B6T0000000678,E3,4,7,9,10,深位,56280.0,56543.18662660217,56576.58152077651,33.39489417434322,263.18662660216796,296.58152077651175,否
447,B6T0000000678,E3,4,8,9,10,浅位,56280.0,56576.58152077651,56609.976414950856,33.39489417434322,296.58152077651175,329.97641495085554,否
448,B6T0000000678,E3,4,8,9,10,深位,56280.0,56609.976414950856,56643.3713091252,33.39489417434322,329.97641495085554,363.37130912519933,否
3546,B6T0000001365,E1,4,8,5,49,浅位,85980.0,85980.0,86023.70405194933,43.70405194933447,0.0,43.70405194933119,否
3547,B6T0000001365,E1,4,8,5,49,深位,85980.0,86023.70405194933,86067.40810389866,43.70405194933447,43.70405194933119,87.40810389866238,否
2688,B6T0000001182,E3,4,8,38,4,浅位,85980.0,86067.40810389866,86132.75592760519,65.34782370652842,87.40810389866238,152.75592760519066,否
2690,B6T0000001182,E3,4,8,38,4,深位,85980.0,86132.75592760519,86198.10375131172,65.34782370652842,152.75592760519066,218.10375131171895,否
1947,B6T0000000292,E4,4,7,44,11,浅位,86220.0,86532.53150014824,86610.6643751853,78.13287503705402,312.5315001482377,390.6643751852971,否
1946,B6T0000000292,E4,4,7,44,11,深位,86220.0,86610.6643751853,86688.79725022236,78.13287503705402,390.6643751852971,468.7972502223565,否
1945,B6T0000000292,E4,4,8,44,11,浅位,86220.0,86688.79725022236,86766.93012525942,78.13287503705402,468.7972502223565,546.930125259416,否
1942,B6T0000000292,E4,4,8,44,11,深位,86220.0,86766.93012525942,86845.06300029648,78.13287503705402,546.930125259416,625.0630002964754,否
2745,B6T0000001086,E3,4,7,20,24,浅位,86820.0,86928.6356834606,86982.9535251909,54.31784173029583,108.63568346059765,162.95352519089647,否
2746,B6T0000001086,E3,4,7,20,24,深位,86820.0,86982.9535251909,87037.2713669212,54.31784173029583,162.95352519089647,217.2713669211953,否
3676,B6T0000000818,E3,4,7,27,42,浅位,87060.0,87060.0,87128.96469060236,68.96469060234885,0.0,68.9646906023554,否
3677,B6T0000000818,E3,4,7,27,42,深位,87060.0,87128.96469060236,87197.92938120471,68.96469060234885,68.9646906023554,137.9293812047108,否
1481,B6T0000000631,E3,4,7,26,1,浅位,86520.0,87197.92938120471,87244.81248846027,46.883107255563054,677.9293812047108,724.812488460273,否
1666,B6T0000001355,E1,4,7,1,9,浅位,87240.0,87309.07855376205,87330.07811006991,20.999556307854945,69.07855376205407,90.0781100699096,否
1670,B6T0000001355,E1,4,7,1,9,深位,87240.0,87330.07811006991,87351.07766637777,20.999556307854945,90.0781100699096,111.07766637776513,否
1671,B6T0000001355,E1,4,8,1,9,浅位,87240.0,87351.07766637777,87372.07722268562,20.999556307854945,111.07766637776513,132.07722268562065,否
1672,B6T0000001355,E1,4,8,1,9,深位,87240.0,87372.07722268562,87393.07677899348,20.999556307854945,132.07722268562065,153.07677899347618,否
550,B6T0000001197,E3,4,7,14,5,浅位,87180.0,87506.78244666253,87543.67297342213,36.89052675959728,326.7824466625316,363.67297342212987,否
1836,B6T0000000536,E3,4,7,23,8,浅位,87000.0,87556.92423252462,87607.0660183867,50.14178586208364,556.924232524616,607.0660183867003,否
1837,B6T0000000536,E3,4,7,23,8,深位,87000.0,87607.0660183867,87657.20780424878,50.14178586208364,607.0660183867003,657.2078042487847,否
1839,B6T0000000536,E3,4,8,23,8,浅位,87000.0,87657.20780424878,87707.34959011087,50.14178586208364,657.2078042487847,707.349590110869,否
1840,B6T0000000536,E3,4,8,23,8,深位,87000.0,87707.34959011087,87757.49137597295,50.14178586208364,707.349590110869,757.4913759729534,否
3101,B6T0000000457,E3,4,7,32,18,浅位,87360.0,87757.49137597295,87823.99830763965,66.50693166668867,397.4913759729534,463.99830763964565,否
2754,B6T0000000327,E3,4,7,25,19,浅位,87960.0,87960.0,88018.38649773074,58.38649773074461,0.0,58.38649773073848,否
2753,B6T0000000327,E3,4,7,25,19,深位,87960.0,88018.38649773074,88076.77299546148,58.38649773074461,58.38649773073848,116.77299546147697,否
2752,B6T0000000327,E3,4,8,25,19,浅位,87960.0,88076.77299546148,88135.15949319222,58.38649773074461,116.77299546147697,175.15949319221545,否
2755,B6T0000000327,E3,4,8,25,19,深位,87960.0,88135.15949319222,88193.54599092295,58.38649773074461,175.15949319221545,233.54599092295393,否
3286,B6T0000000783,E3,4,7,19,37,浅位,88260.0,88260.0,88317.59929234901,57.59929234901734,0.0,57.5992923490121,否
3287,B6T0000000783,E3,4,7,19,37,深位,88260.0,88317.59929234901,88375.19858469802,57.59929234901734,57.5992923490121,115.1985846980242,否
125,B6T0000000154,E4,4,7,44,1,浅位,87960.0,88375.19858469802,88444.55410574669,69.35552104866652,415.1985846980242,484.55410574669077,否
121,B6T0000000154,E4,4,7,44,1,深位,87960.0,88444.55410574669,88513.90962679536,69.35552104866652,484.55410574669077,553.9096267953573,否
114,B6T0000000154,E4,4,8,44,1,浅位,87960.0,88513.90962679536,88583.26514784402,69.35552104866652,553.9096267953573,623.2651478440239,否
115,B6T0000000154,E4,4,8,44,1,深位,87960.0,88583.26514784402,88652.62066889269,69.35552104866652,623.2651478440239,692.6206688926904,否
1375,B6T0000000104,E4,4,7,46,5,浅位,86820.0,88846.6317218649,88923.72799575095,77.09627388603408,2026.6317218649056,2103.7279957509454,否
1376,B6T0000000104,E4,4,7,46,5,深位,86820.0,88923.72799575095,89000.82426963699,77.09627388603408,2103.7279957509454,2180.8242696369853,否
3542,B6T0000000587,E3,4,7,38,27,浅位,89220.0,89220.0,89297.45757981885,77.45757981883982,0.0,77.45757981884526,否
3543,B6T0000000587,E3,4,7,38,27,深位,89220.0,89297.45757981885,89374.91515963769,77.45757981883982,77.45757981884526,154.91515963769052,否
400,B6T0000000471,E3,4,7,17,1,浅位,88740.0,89374.91515963769,89410.79137034153,35.87621070383891,634.9151596376905,670.7913703415252,否
1829,B6T0000001148,E3,4,7,21,10,浅位,91860.0,92069.5979034659,92118.55862338055,48.960719914656735,209.5979034658958,258.5586233805516,否
1832,B6T0000001148,E3,4,7,21,10,深位,91860.0,92118.55862338055,92167.51934329521,48.960719914656735,258.5586233805516,307.51934329520736,否
1825,B6T0000001148,E3,4,8,21,10,浅位,91860.0,92167.51934329521,92216.48006320986,48.960719914656735,307.51934329520736,356.48006320986315,否
3131,B6T0000000538,E3,4,8,14,2,深位,95100.0,95100.0,95133.77664005748,33.776640057478595,0.0,33.77664005747647,否
3132,B6T0000000538,E3,4,8,17,2,深位,95100.0,95133.77664005748,95171.22224563219,37.44560557471998,33.77664005747647,71.2222456321906,否
3130,B6T0000000538,E3,4,8,19,5,深位,95100.0,95171.22224563219,95214.22771492052,43.00546928833292,71.2222456321906,114.22771492051834,否
1410,B6T0000000408,E3,4,7,24,2,浅位,97380.0,98057.96870615256,98103.97523126751,46.006525114949866,677.9687061525619,723.9752312675118,否
1411,B6T0000000408,E3,4,7,24,2,深位,97380.0,98103.97523126751,98149.98175638246,46.006525114949866,723.9752312675118,769.9817563824618,否
1321,B6T0000000836,E3,4,7,12,14,浅位,97740.0,98275.38259730574,98315.45791535167,40.07531804592297,535.3825973057392,575.4579153516679,否
1318,B6T0000000836,E3,4,7,12,14,深位,97740.0,98315.45791535167,98355.5332333976,40.07531804592297,575.4579153516679,615.5332333975966,否
1317,B6T0000000836,E3,4,8,12,14,浅位,97740.0,98355.5332333976,98395.60855144353,40.07531804592297,615.5332333975966,655.6085514435254,否
1051,B6T0000001185,E3,4,7,21,2,浅位,106380.0,107084.24410022398,107126.58165982169,42.337559597708484,704.2441002239793,746.5816598216916,否
1052,B6T0000001185,E3,4,7,21,2,深位,106380.0,107126.58165982169,107168.9192194194,42.337559597708484,746.5816598216916,788.9192194194038,否
1054,B6T0000001185,E3,4,8,21,2,浅位,106380.0,107168.9192194194,107211.25677901712,42.337559597708484,788.9192194194038,831.2567790171161,否
2445,B6T0000001189,E3,4,7,21,18,浅位,107640.0,107852.21623241389,107905.27029051736,53.05405810347027,212.2162324138917,265.27029051736463,否
59,B6T0000001664,E1,4,7,2,2,浅位,118500.0,118500.0,118517.65077799276,17.650777992764837,0.0,17.650777992763324,否
61,B6T0000001664,E1,4,7,2,2,深位,118500.0,118517.65077799276,118535.30155598553,17.650777992764837,17.650777992763324,35.30155598552665,否
60,B6T0000001664,E1,4,8,2,2,浅位,118500.0,118535.30155598553,118552.95233397829,17.650777992764837,35.30155598552665,52.95233397828997,否
62,B6T0000001664,E1,4,8,2,2,深位,118500.0,118552.95233397829,118570.60311197105,17.650777992764837,52.95233397828997,70.6031119710533,否
3303,B6T0000000583,E3,4,7,11,46,浅位,119520.0,119520.0,119570.40803635838,50.40803635838344,0.0,50.40803635837801,否
3302,B6T0000000583,E3,4,7,11,46,深位,119520.0,119570.40803635838,119620.81607271676,50.40803635838344,50.40803635837801,100.81607271675603,否
40,B6T0000001104,E3,4,7,9,4,浅位,123780.0,124297.77566486437,124326.76685823288,28.99119336851374,517.7756648643699,546.766858232877,否
3728,B6T0000000407,E3,4,8,9,63,浅位,130680.0,130680.0,130732.52000634365,52.52000634364451,0.0,52.520006343649584,否
3729,B6T0000000407,E3,4,8,9,63,深位,130680.0,130732.52000634365,130785.0400126873,52.52000634364451,52.520006343649584,105.04001268729917,否
36,B6T0000001104,E3,4,7,9,4,深位,132300.0,132394.29755532995,132447.98283670418,53.68528137423858,94.2975553299475,147.98283670417732,是
37,B6T0000001104,E3,4,8,9,4,浅位,132300.0,132500.6925068691,132554.37778824332,53.68528137423858,200.69250686909072,254.37778824332054,是
38,B6T0000001104,E3,4,8,9,4,深位,132300.0,132607.08745840823,132660.77273978246,53.68528137423858,307.08745840823394,360.77273978246376,是
3524,B6T0000000430,E3,4,7,31,33,浅位,133800.0,133873.86878798506,133937.5502482124,63.68146022734709,73.86878798506223,137.55024821241386,是
3525,B6T0000000430,E3,4,7,31,33,深位,133800.0,133967.4982872396,134031.17974746696,63.68146022734709,167.49828723960673,231.17974746695836,是
2637,B6T0000001516,E1,4,7,8,19,浅位,140160.0,140260.97521119565,140297.56096657133,36.58575537568011,100.97521119564772,137.5609665713273,否
1923,B6T0000001647,E1,4,7,6,9,浅位,140580.0,140756.49502997875,140785.91086830854,29.415838329800938,176.49502997874515,205.910868308536,否
1924,B6T0000001647,E1,4,7,6,9,深位,140580.0,140785.91086830854,140815.32670663833,29.415838329800938,205.910868308536,235.32670663832687,否
2784,B6T0000000541,E3,4,7,31,13,浅位,141360.0,141360.0,141422.87010415187,62.87010415186568,0.0,62.870104151865235,否
2785,B6T0000000541,E3,4,7,31,13,深位,141360.0,141422.87010415187,141485.74020830373,62.87010415186568,62.870104151865235,125.74020830373047,否
2786,B6T0000000541,E3,4,8,31,13,浅位,141360.0,141485.74020830373,141548.6103124556,62.87010415186568,125.74020830373047,188.6103124555957,否
2787,B6T0000000541,E3,4,8,31,13,深位,141360.0,141548.6103124556,141611.48041660746,62.87010415186568,188.6103124555957,251.48041660746094,否
82,B6T0000000261,E4,4,7,43,1,浅位,143520.0,144333.92142499785,144401.74821041434,67.82678541648261,813.921424997854,881.7482104143419,否
68,B6T0000000261,E4,4,7,43,1,深位,143520.0,144401.74821041434,144469.57499583083,67.82678541648261,881.7482104143419,949.5749958308297,否
70,B6T0000000261,E4,4,8,43,1,浅位,143520.0,144469.57499583083,144537.40178124732,67.82678541648261,949.5749958308297,1017.4017812473176,否
3339,B6T0000000019,E4,4,8,44,33,浅位,172620.0,172656.559514305,172740.95815899436,84.39864468934152,36.55951430500136,120.95815899435547,是
3338,B6T0000000019,E4,4,8,44,33,深位,172620.0,172773.6888067172,172856.9112076733,83.22240095610991,153.6888067171967,236.9112076733145,是
2735,B6T0000000432,E3,4,8,10,31,深位,173100.0,173221.79341515235,173259.04290168965,37.2494865373059,121.79341515235137,159.04290168965235,是
2733,B6T0000000432,E3,4,7,18,15,浅位,173100.0,173285.55926193495,173330.80859528997,45.24933335503438,185.55926193494815,230.80859528997098,是
2030,B6T0000000271,E4,4,7,43,13,浅位,172740.0,173359.66490681,173426.24376252355,66.57885571354547,619.6649068100087,686.243762523547,是
2029,B6T0000000271,E4,4,7,43,13,深位,172740.0,173459.14832328988,173539.59735687528,80.44903358541076,719.1483232898754,799.5973568752815,是
2033,B6T0000000271,E4,4,8,43,13,浅位,172740.0,173572.5019176416,173652.95095122702,80.44903358541076,832.5019176416099,912.950951227016,是
764,B6T0000000843,E3,4,7,15,5,浅位,174120.0,174524.53142038514,174568.57690829792,44.045487912766205,404.5314203851449,448.5769082979241,是
780,B6T0000000843,E3,4,7,15,5,深位,174120.0,174592.09042356326,174615.6039388286,23.513515265344402,472.09042356326245,495.6039388286008,是
763,B6T0000000843,E3,4,8,15,5,浅位,174120.0,174639.11745409394,174662.63096935928,23.513515265344402,519.1174540939392,542.6309693592775,是
778,B6T0000000843,E3,4,8,15,5,深位,174120.0,174686.14448462462,174709.65799988995,23.513515265344402,566.1444846246159,589.6579998899542,是
1305,B6T0000000996,E3,4,7,9,17,浅位,174420.0,174949.96684903878,174990.2211134931,40.25426445431933,529.9668490387849,570.2211134931131,是
1296,B6T0000000996,E3,4,7,9,17,深位,174420.0,175012.95260611858,175035.68409874404,22.73149262547389,592.9526061185752,615.6840987440373,是
1299,B6T0000000996,E3,4,8,9,17,浅位,174420.0,175058.41559136953,175081.147083995,22.73149262547389,638.4155913695286,661.1470839949907,是
1193,B6T0000001103,E3,4,7,22,2,浅位,175020.0,175943.93904569148,175996.1697716668,52.23072597532091,923.9390456914844,976.1697716668132,是
470,B6T0000001382,E1,4,7,2,4,浅位,175680.0,176073.3852672965,176109.31300488385,35.92773758736323,393.38526729648584,429.3130048838502,是
798,B6T0000000540,E3,4,7,9,12,浅位,181380.0,181848.26471645097,181898.81115984515,50.54644339419062,468.264716450969,518.8111598451505,是
3325,B6T0000001530,E1,4,8,1,42,浅位,182220.0,182337.85556792954,182390.40981223495,52.5542443054198,117.85556792953867,170.40981223495328,是
3324,B6T0000001530,E1,4,8,1,42,深位,182220.0,182390.40981223495,182424.69025461984,34.28044238489396,170.40981223495328,204.69025461983983,否
2823,B6T0000000646,E3,4,7,13,32,浅位,182280.0,182424.69025461984,182473.30722516828,48.61697054843128,144.69025461983983,193.30722516827518,否
2822,B6T0000000646,E3,4,7,13,32,深位,182280.0,182473.30722516828,182521.9241957167,48.61697054843128,193.30722516827518,241.92419571671053,否
2000,B6T0000001313,E3,4,7,20,13,浅位,185400.0,185498.8344611773,185548.25169176594,49.417230588647286,98.83446117729181,148.25169176593772,否
2002,B6T0000001313,E3,4,7,20,13,深位,185400.0,185548.25169176594,185597.66892235458,49.417230588647286,148.25169176593772,197.66892235458363,否
2003,B6T0000001313,E3,4,8,20,13,浅位,185400.0,185597.66892235458,185647.08615294323,49.417230588647286,197.66892235458363,247.08615294322954,否
2004,B6T0000001313,E3,4,8,20,13,深位,185400.0,185647.08615294323,185696.50338353188,49.417230588647286,247.08615294322954,296.50338353187544,否
203,B6T0000000932,E3,4,7,9,8,浅位,190380.0,190508.51993244106,190540.64991555133,32.129983110275866,128.51993244106416,160.6499155513302,否
204,B6T0000000932,E3,4,7,9,8,深位,190380.0,190540.64991555133,190572.7798986616,32.129983110275866,160.6499155513302,192.77989866159623,否
198,B6T0000000932,E3,4,8,9,8,浅位,190380.0,190572.7798986616,190604.90988177186,32.129983110275866,192.77989866159623,224.90988177186227,否
191,B6T0000000932,E3,4,8,9,8,深位,190380.0,190604.90988177186,190637.03986488213,32.129983110275866,224.90988177186227,257.0398648821283,否
1141,B6T0000000395,E3,4,7,16,8,浅位,202560.0,202560.0,202601.58086632186,41.58086632185374,0.0,41.58086632186314,否
1137,B6T0000000395,E3,4,7,16,8,深位,202560.0,202601.58086632186,202643.16173264373,41.58086632185374,41.58086632186314,83.16173264372628,否
1133,B6T0000000395,E3,4,8,16,8,浅位,202560.0,202643.16173264373,202684.7425989656,41.58086632185374,83.16173264372628,124.74259896558942,否
1134,B6T0000000395,E3,4,8,16,8,深位,202560.0,202684.7425989656,202726.32346528745,41.58086632185374,124.74259896558942,166.32346528745256,否
3454,B6T0000001666,E1,4,7,5,2,浅位,202980.0,202980.0,203002.25722873845,22.25722873844725,0.0,22.257228738453705,否
3455,B6T0000001666,E1,4,7,5,2,深位,202980.0,203002.25722873845,203024.5144574769,22.25722873844725,22.257228738453705,44.51445747690741,否
827,B6T0000001427,E1,4,7,4,4,浅位,203940.0,203940.0,203963.18970518507,23.189705185067417,0.0,23.189705185068306,否
820,B6T0000001427,E1,4,7,4,4,深位,203940.0,203963.18970518507,203986.37941037014,23.189705185067417,23.189705185068306,46.37941037013661,否
821,B6T0000001427,E1,4,8,4,4,浅位,203940.0,203986.37941037014,204009.5691155552,23.189705185067417,46.37941037013661,69.56911555520492,否
822,B6T0000001427,E1,4,8,4,4,深位,203940.0,204009.5691155552,204032.75882074027,23.189705185067417,69.56911555520492,92.75882074027322,否
211,B6T0000000581,E3,4,7,9,9,浅位,203640.0,204033.3605730061,204066.1406207566,32.780047750513575,393.36057300609536,426.1406207566033,否
3254,B6T0000001694,E1,4,8,6,12,深位,207420.0,207420.0,207451.174251768,31.17425176800882,0.0,31.174251768010436,否
3255,B6T0000001694,E1,4,7,2,26,深位,207420.0,207451.174251768,207482.7862229359,31.61197116786262,31.174251768010436,62.786222935887054,否
3370,B6T0000001972,E1,4,8,1,2,深位,208920.0,208920.0,208934.99124241475,14.991242414736346,0.0,14.99124241474783,否
3371,B6T0000001972,E1,4,7,1,12,深位,208920.0,208934.99124241475,208957.74921216082,22.75796974606283,14.99124241474783,37.749212160822935,否
1464,B6T0000000897,E3,4,7,21,6,浅位,220080.0,220265.04028116178,220311.30035145223,46.26007029043528,185.04028116178233,231.30035145222791,否
1463,B6T0000000897,E3,4,7,21,6,深位,220080.0,220311.30035145223,220357.56042174267,46.26007029043528,231.30035145222791,277.5604217426735,否
1462,B6T0000000897,E3,4,8,21,6,浅位,220080.0,220357.56042174267,220403.82049203312,46.26007029043528,277.5604217426735,323.8204920331191,否
1461,B6T0000000897,E3,4,8,21,6,深位,220080.0,220403.82049203312,220450.08056232356,46.26007029043528,323.8204920331191,370.08056232356466,否
3401,B6T0000000889,E3,4,7,10,50,浅位,223740.0,223740.0,223790.15256722228,50.15256722227727,0.0,50.15256722227787,否
3400,B6T0000000889,E3,4,7,10,50,深位,223740.0,223790.15256722228,223840.30513444456,50.15256722227727,50.15256722227787,100.30513444455573,否
458,B6T0000001382,E1,4,7,2,4,深位,226980.0,226980.0,226999.87023750387,19.870237503883608,0.0,19.870237503870158,否
457,B6T0000001382,E1,4,8,2,4,浅位,226980.0,226999.87023750387,227019.74047500774,19.870237503883608,19.870237503870158,39.740475007740315,否
456,B6T0000001382,E1,4,8,2,4,深位,226980.0,227019.74047500774,227039.6107125116,19.870237503883608,39.740475007740315,59.61071251161047,否
3129,B6T0000000861,E3,4,8,14,2,深位,228660.0,228660.0,228693.77664005748,33.776640057478595,0.0,33.77664005747647,否
3128,B6T0000000861,E3,4,8,17,2,深位,228660.0,228693.77664005748,228731.2222456322,37.44560557471998,33.77664005747647,71.22224563220516,否
3127,B6T0000000861,E3,4,8,19,5,深位,228660.0,228731.2222456322,228774.22771492053,43.00546928833292,71.22224563220516,114.22771492053289,否
3202,B6T0000001891,E1,4,7,4,36,浅位,228960.0,229059.10056913056,229097.45656140885,38.355992278284134,99.10056913056178,137.45656140884967,否
3378,B6T0000001412,E1,4,7,6,41,浅位,259800.0,259800.0,259842.38396681703,42.38396681703122,0.0,42.383966817025794,否
3379,B6T0000001412,E1,4,7,6,41,深位,259800.0,259842.38396681703,259884.76793363405,42.38396681703122,42.383966817025794,84.76793363405159,否
260,B6T0000001466,E1,4,7,4,2,浅位,259800.0,259884.76793363405,259905.738179308,20.970245673948646,84.76793363405159,105.73817930801306,否
261,B6T0000001466,E1,4,7,4,2,深位,259800.0,259905.738179308,259926.70842498197,20.970245673948646,105.73817930801306,126.70842498197453,否
262,B6T0000001466,E1,4,8,4,2,浅位,259800.0,259926.70842498197,259947.67867065594,20.970245673948646,126.70842498197453,147.678670655936,否
264,B6T0000001466,E1,4,8,4,2,深位,259800.0,259947.67867065594,259968.6489163299,20.970245673948646,147.678670655936,168.64891632989747,否
175,B6T0000000810,E3,4,7,15,1,浅位,259440.0,260004.44320907228,260037.87344276463,33.43023369234466,564.4432090722839,597.8734427646268,否
154,B6T0000000810,E3,4,7,15,1,深位,259440.0,260037.87344276463,260071.30367645697,33.43023369234466,597.8734427646268,631.3036764569697,否
165,B6T0000000810,E3,4,8,15,1,浅位,259440.0,260071.30367645697,260104.7339101493,33.43023369234466,631.3036764569697,664.7339101493126,否
152,B6T0000000810,E3,4,8,15,1,深位,259440.0,260104.7339101493,260138.16414384166,33.43023369234466,664.7339101493126,698.1641438416555,否
2386,B6T0000000719,E3,4,7,17,1,浅位,260340.0,260340.0,260375.87621070383,35.87621070383891,0.0,35.87621070383466,否
2385,B6T0000000719,E3,4,7,14,5,浅位,260340.0,260375.87621070383,260412.76673746342,36.89052675959728,35.87621070383466,72.7667374634184,否
2388,B6T0000000719,E3,4,7,26,1,浅位,260340.0,260412.76673746342,260459.64984471898,46.883107255563054,72.7667374634184,119.6498447189806,否
2389,B6T0000000719,E3,4,7,23,8,浅位,260340.0,260459.64984471898,260509.79163058105,50.14178586208364,119.6498447189806,169.7916305810504,否
2387,B6T0000000719,E3,4,7,23,8,深位,260340.0,260509.79163058105,260559.93341644312,50.14178586208364,169.7916305810504,219.93341644312022,否
3671,B6T0000000334,E3,4,8,32,37,浅位,261000.0,261000.0,261073.49814292372,73.49814292373,0.0,73.49814292372321,否
3561,B6T0000000644,E3,4,8,16,8,浅位,261060.0,261073.49814292372,261115.0790092456,41.58086632185374,13.498142923723208,55.07900924558635,否
3560,B6T0000000644,E3,4,8,16,8,深位,261060.0,261115.0790092456,261156.65987556745,41.58086632185374,55.07900924558635,96.65987556744949,否
3670,B6T0000000334,E3,4,8,32,37,深位,261000.0,261156.65987556745,261230.15801849117,73.49814292373,156.6598755674495,230.1580184911727,否
1614,B6T0000001083,E3,4,7,9,4,深位,261660.0,261660.0,261688.9911933685,28.99119336851374,0.0,28.991193368507084,否
1615,B6T0000001083,E3,4,8,9,4,浅位,261660.0,261688.9911933685,261717.982386737,28.99119336851374,28.991193368507084,57.98238673701417,否
1619,B6T0000001083,E3,4,8,9,4,深位,261660.0,261717.982386737,261746.97358010552,28.99119336851374,57.98238673701417,86.97358010552125,否
1620,B6T0000001083,E3,4,7,9,20,浅位,261660.0,262005.90936279658,262044.2671193111,38.357756514513234,345.9093627965776,384.2671193110873,否
1621,B6T0000001083,E3,4,7,9,20,深位,261660.0,262044.2671193111,262082.6248758256,38.357756514513234,384.2671193110873,422.624875825597,否
1613,B6T0000001083,E3,4,8,9,20,浅位,261660.0,262082.6248758256,262120.9826323401,38.357756514513234,422.624875825597,460.98263234010665,否
1611,B6T0000001083,E3,4,8,9,20,深位,261660.0,262120.9826323401,262159.3403888546,38.357756514513234,460.98263234010665,499.3403888546163,否
3700,B6T0000000356,E3,4,8,35,35,浅位,264960.0,264960.0,265036.5211111913,76.52111119128486,0.0,76.52111119130859,否
3701,B6T0000000356,E3,4,8,35,35,深位,264960.0,265036.5211111913,265113.0422223826,76.52111119128486,76.52111119130859,153.04222238261718,否
3063,B6T0000001583,E1,4,8,8,1,深位,265740.0,265740.0,265763.8593763948,23.859376394751425,0.0,23.85937639477197,否
3062,B6T0000001583,E1,4,7,2,15,浅位,265740.0,265763.8593763948,265790.8260750573,26.966698662574288,23.85937639477197,50.82607505732449,否
3061,B6T0000001583,E1,4,7,2,15,深位,265740.0,265790.8260750573,265817.7927737199,26.966698662574288,50.82607505732449,77.792773719877,否
3140,B6T0000000039,E4,4,8,44,27,浅位,270480.0,270480.0,270565.254131543,85.25413154297775,0.0,85.2541315429844,否
3141,B6T0000000039,E4,4,8,44,27,深位,270480.0,270565.254131543,270650.50826308597,85.25413154297775,85.2541315429844,170.5082630859688,否
2562,B6T0000001537,E1,4,7,2,20,浅位,272220.0,272428.8175938399,272458.0543944898,29.236800649883108,208.81759383989265,238.0543944897945,否
2563,B6T0000001537,E1,4,7,2,20,深位,272220.0,272458.0543944898,272487.2911951397,29.236800649883108,238.0543944897945,267.29119513969636,否
2560,B6T0000001537,E1,4,8,2,20,浅位,272220.0,272487.2911951397,272516.5279957896,29.236800649883108,267.29119513969636,296.5279957895982,否
574,B6T0000001238,E3,4,7,17,2,浅位,286320.0,286357.4456055747,286394.8912111494,37.44560557471998,37.445605574699584,74.89121114939917,否
573,B6T0000001238,E3,4,7,17,2,深位,286320.0,286394.8912111494,286432.3368167241,37.44560557471998,74.89121114939917,112.33681672409875,否
572,B6T0000001238,E3,4,8,17,2,浅位,286320.0,286432.3368167241,286469.7824222988,37.44560557471998,112.33681672409875,149.78242229879834,否
3224,B6T0000001460,E1,4,7,1,9,浅位,286920.0,286920.0,286940.99955630786,20.999556307854945,0.0,20.999556307855528,否
3225,B6T0000001460,E1,4,7,1,9,深位,286920.0,286940.99955630786,286961.9991126157,20.999556307854945,20.999556307855528,41.999112615711056,否
3223,B6T0000001460,E1,4,8,1,9,浅位,286920.0,286961.9991126157,286982.99866892357,20.999556307854945,41.999112615711056,62.99866892356658,否
1338,B6T0000000043,E4,4,7,45,6,浅位,286740.0,287187.38388685277,287263.76004909724,76.3761622444583,447.3838868527673,523.76004909724,否
1337,B6T0000000043,E4,4,7,45,6,深位,286740.0,287263.76004909724,287340.1362113417,76.3761622444583,523.76004909724,600.1362113417126,否
1336,B6T0000000043,E4,4,8,45,6,浅位,286740.0,287340.1362113417,287416.5123735862,76.3761622444583,600.1362113417126,676.5123735861853,否
1335,B6T0000000043,E4,4,8,45,6,深位,286740.0,287416.5123735862,287492.88853583066,76.3761622444583,676.5123735861853,752.8885358306579,否
1096,B6T0000001415,E1,4,7,7,3,浅位,287880.0,288294.09523851326,288319.75666993385,25.661431420583565,414.095238513255,439.7566699338495,否
1374,B6T0000000150,E4,4,7,49,1,浅位,295320.0,296122.32759274694,296199.3267919565,76.99919920958607,802.3275927469367,879.3267919564969,否
1373,B6T0000000150,E4,4,7,49,1,深位,295320.0,296199.3267919565,296276.32599116606,76.99919920958607,879.3267919564969,956.3259911660571,否
1371,B6T0000000150,E4,4,8,49,1,浅位,295320.0,296276.32599116606,296353.3251903756,76.99919920958607,956.3259911660571,1033.3251903756172,否
1367,B6T0000000150,E4,4,8,49,1,深位,295320.0,296353.3251903756,296430.3243895852,76.99919920958607,1033.3251903756172,1110.3243895851774,否
3256,B6T0000000023,E4,4,8,43,2,深位,301260.0,301260.0,301329.39618028735,69.39618028736368,0.0,69.39618028735276,否
3257,B6T0000000023,E4,4,7,43,11,深位,301260.0,301329.39618028735,301406.00031969225,76.60413940487011,69.39618028735276,146.000319692248,否
1216,B6T0000000577,E3,4,7,9,16,浅位,302040.0,302478.8268255901,302515.3957277226,36.5689021325134,438.8268255901057,475.39572772261454,否
1212,B6T0000000577,E3,4,7,9,16,深位,302040.0,302515.3957277226,302551.9646298551,36.5689021325134,475.39572772261454,511.96462985512335,否
1213,B6T0000000577,E3,4,8,9,16,浅位,302040.0,302551.9646298551,302588.53353198763,36.5689021325134,511.96462985512335,548.5335319876322,否
1223,B6T0000000577,E3,4,8,9,16,深位,302040.0,302588.53353198763,302625.10243412014,36.5689021325134,548.5335319876322,585.102434120141,否
340,B6T0000000139,E4,4,7,45,1,浅位,302220.0,302899.62527050683,302970.5095271877,70.88425668085044,679.6252705068327,750.509527187678,否
334,B6T0000000139,E4,4,7,45,1,深位,302220.0,302970.5095271877,303041.3937838685,70.88425668085044,750.509527187678,821.3937838685233,否
339,B6T0000000139,E4,4,8,45,1,浅位,302220.0,303041.3937838685,303112.27804054937,70.88425668085044,821.3937838685233,892.2780405493686,否
338,B6T0000000139,E4,4,8,45,1,深位,302220.0,303112.27804054937,303183.1622972302,70.88425668085044,892.2780405493686,963.1622972302139,否
2953,B6T0000000119,E4,4,8,44,1,深位,303660.0,303660.0,303729.35552104865,69.35552104866652,0.0,69.35552104865201,否
2954,B6T0000000119,E4,4,7,46,5,浅位,303660.0,303729.35552104865,303806.4517949347,77.09627388603408,69.35552104865201,146.45179493469186,否
2955,B6T0000000119,E4,4,7,46,5,深位,303660.0,303806.4517949347,303883.54806882073,77.09627388603408,146.45179493469186,223.54806882073171,否
804,B6T0000000540,E3,4,7,9,12,深位,305460.0,305460.0,305494.5384611887,34.538461188721456,0.0,34.538461188727524,否
3064,B6T0000000340,E3,4,7,30,19,浅位,306900.0,306900.0,306964.50144025945,64.50144025948026,0.0,64.50144025945337,否
3066,B6T0000000340,E3,4,7,30,19,深位,306900.0,306964.50144025945,307029.0028805189,64.50144025948026,64.50144025945337,129.00288051890675,否
3065,B6T0000000340,E3,4,8,30,19,浅位,306900.0,307029.0028805189,307093.50432077836,64.50144025948026,129.00288051890675,193.50432077836012,否
2971,B6T0000000633,E3,4,8,37,10,浅位,308760.0,308853.56654034404,308909.06311496045,55.49657461640999,93.56654034403618,149.0631149604451,是
2973,B6T0000000633,E3,4,8,37,10,深位,308760.0,308954.12416341156,309007.83188364597,53.707720234410154,194.12416341155767,247.83188364596572,是
1151,B6T0000000245,E4,4,7,45,5,浅位,308040.0,309129.26909434155,309175.69215364405,46.42305930251668,1089.269094341551,1135.6921536440495,是
1165,B6T0000000245,E4,4,7,45,5,深位,308040.0,309220.32635856455,309264.96056348504,44.634204920516844,1180.3263585645473,1224.960563485045,是
1166,B6T0000000245,E4,4,8,45,5,浅位,308040.0,309309.5947684056,309354.2289733261,44.634204920516844,1269.594768405601,1314.2289733260986,是
302,B6T0000001196,E3,4,7,13,5,浅位,309300.0,309398.86317824665,309443.3973831672,44.534204920516835,98.86317824665457,143.39738316717558,是
293,B6T0000001196,E3,4,7,13,5,深位,309300.0,309488.4584316183,309534.7814909208,46.32305930251667,188.45843161828816,234.78149092081003,是
308,B6T0000001196,E3,4,8,13,5,浅位,309300.0,309579.8526715359,309627.43532358314,47.582652047224826,279.8526715359185,327.4353235831368,是
306,B6T0000001196,E3,4,8,13,5,深位,309300.0,309672.93159746926,309718.13246905647,45.2008715871835,372.9315974692581,418.1324690564652,是
509,B6T0000001101,E3,4,7,12,7,浅位,309960.0,310238.1719761691,310290.684596608,52.512620438899184,278.1719761691056,330.68459660798544,是
489,B6T0000001101,E3,4,7,12,7,深位,309960.0,310343.7420928599,310399.45396421145,55.71187135158557,383.7420928598731,439.45396421145415,是
490,B6T0000001101,E3,4,8,12,7,浅位,309960.0,310452.51146046334,310508.2233318149,55.71187135158557,492.5114604633418,548.2233318149229,是
491,B6T0000001101,E3,4,8,12,7,深位,309960.0,310561.4472448584,310617.2735737963,55.82632893788394,601.4472448584274,657.273573796323,是
244,B6T0000000581,E3,4,7,9,9,深位,311640.0,311640.0,311672.7800477505,32.780047750513575,0.0,32.78004775050795,否
245,B6T0000000581,E3,4,8,9,9,浅位,311640.0,311672.7800477505,311705.560095501,32.780047750513575,32.78004775050795,65.5600955010159,否
246,B6T0000000581,E3,4,8,9,9,深位,311640.0,311705.560095501,311738.3401432515,32.780047750513575,65.5600955010159,98.34014325152384,否
230,B6T0000000581,E3,4,7,10,8,浅位,311640.0,312893.26532912476,312919.3578555996,26.09252647484998,1253.2653291247552,1279.3578555996064,是
231,B6T0000000581,E3,4,7,10,8,深位,311640.0,312939.84313697385,312965.9356634487,26.09252647484998,1299.8431369738537,1325.9356634487049,是
232,B6T0000000581,E3,4,8,10,8,浅位,311640.0,312965.9356634487,312999.69241033617,33.75674688745936,1325.9356634487049,1359.692410336167,否
233,B6T0000000581,E3,4,8,10,8,深位,311640.0,312999.69241033617,313033.44915722363,33.75674688745936,1359.692410336167,1393.4491572236293,否
834,B6T0000001220,E3,4,8,9,12,浅位,312960.0,313033.44915722363,313067.98761841236,34.538461188721456,73.4491572236293,107.98761841235682,否
835,B6T0000001220,E3,4,8,9,12,深位,312960.0,313067.98761841236,313102.5260796011,34.538461188721456,107.98761841235682,142.52607960108435,否
221,B6T0000000581,E3,4,8,16,1,浅位,311640.0,313102.5260796011,313137.17930179916,34.65322219809178,1462.5260796010843,1497.1793017991586,否
255,B6T0000000581,E3,4,8,16,1,深位,311640.0,313137.17930179916,313171.83252399723,34.65322219809178,1497.1793017991586,1531.8325239972328,否
83,B6T0000000261,E4,4,8,43,1,深位,316260.0,316260.0,316327.82678541646,67.82678541648261,0.0,67.82678541645873,否
3507,B6T0000000958,E3,4,8,9,64,浅位,345180.0,345180.0,345232.8272527205,52.8272527204561,0.0,52.82725272048265,否
3506,B6T0000000958,E3,4,8,9,64,深位,345180.0,345232.8272527205,345285.65450544097,52.8272527204561,52.82725272048265,105.6545054409653,否
526,B6T0000001197,E3,4,7,14,5,深位,346680.0,347002.867886049,347039.7584128086,36.89052675959728,322.86788604897447,359.7584128085873,否
525,B6T0000001197,E3,4,8,14,5,浅位,346680.0,347039.7584128086,347076.6489395682,36.89052675959728,359.7584128085873,396.64893956820015,否
3641,B6T0000001338,E1,4,7,2,4,浅位,347220.0,347220.0,347239.8702375039,19.870237503883608,0.0,19.87023750389926,否
3640,B6T0000001338,E1,4,8,1,42,浅位,347220.0,347239.8702375039,347274.1506798888,34.28044238489396,19.87023750389926,54.15067988878582,否
140,B6T0000000154,E4,4,7,43,3,浅位,345840.0,347601.22683262883,347671.8272519554,70.60041932658646,1761.2268326288322,1831.8272519554012,否
143,B6T0000000154,E4,4,7,43,3,深位,345840.0,347671.8272519554,347742.42767128197,70.60041932658646,1831.8272519554012,1902.42767128197,否
144,B6T0000000154,E4,4,8,43,3,浅位,345840.0,347742.42767128197,347813.02809060854,70.60041932658646,1902.42767128197,1973.028090608539,否
141,B6T0000000154,E4,4,8,43,3,深位,345840.0,347813.02809060854,347883.6285099351,70.60041932658646,1973.028090608539,2043.628509935108,否
3428,B6T0000001112,E3,4,7,21,40,浅位,347940.0,347940.0,348000.99954058294,60.999540582942785,0.0,60.99954058293952,否
3429,B6T0000001112,E3,4,7,21,40,深位,347940.0,348000.99954058294,348061.9990811659,60.999540582942785,60.99954058293952,121.99908116587903,否
956,B6T0000000445,E3,4,8,12,10,浅位,348420.0,348420.0,348457.88013262994,37.88013262993162,0.0,37.880132629943546,否
952,B6T0000000445,E3,4,8,12,10,深位,348420.0,348457.88013262994,348495.7602652599,37.88013262993162,37.880132629943546,75.76026525988709,否
3313,B6T0000001948,E1,4,7,2,4,深位,349800.0,349800.0,349819.8702375039,19.870237503883608,0.0,19.87023750389926,否
3312,B6T0000001948,E1,4,8,2,4,浅位,349800.0,349819.8702375039,349839.7404750078,19.870237503883608,19.87023750389926,39.74047500779852,否
3357,B6T0000000323,E3,4,7,12,14,浅位,370740.0,370740.0,370780.0753180459,40.07531804592297,0.0,40.07531804591417,否
3356,B6T0000000323,E3,4,7,12,14,深位,370740.0,370780.0753180459,370820.1506360918,40.07531804592297,40.07531804591417,80.15063609182835,否
910,B6T0000000411,E3,4,7,15,6,浅位,378240.0,378549.67406286614,378588.5962021221,38.92213925595251,309.6740628661355,348.59620212210575,否
911,B6T0000000411,E3,4,7,15,6,深位,378240.0,378588.5962021221,378627.5183413781,38.92213925595251,348.59620212210575,387.518341378076,否
915,B6T0000000411,E3,4,8,15,6,浅位,378240.0,378627.5183413781,378666.44048063405,38.92213925595251,387.518341378076,426.44048063404625,否
912,B6T0000000411,E3,4,8,15,6,深位,378240.0,378666.44048063405,378705.36261989,38.92213925595251,426.44048063404625,465.3626198900165,否
3460,B6T0000000167,E4,4,7,44,1,浅位,395520.0,395520.0,395589.35552104865,69.35552104866652,0.0,69.35552104865201,否
3461,B6T0000000167,E4,4,7,44,1,深位,395520.0,395589.35552104865,395658.7110420973,69.35552104866652,69.35552104865201,138.71104209730402,否
2391,B6T0000001989,E1,4,7,2,17,浅位,400560.0,400666.218755377,400694.133130934,27.914375556953576,106.21875537699088,134.133130933973,否
11,B6T0000001209,E3,4,7,10,1,浅位,402180.0,402394.6328221094,402421.46192487306,26.829102763697396,214.63282210938632,241.46192487305962,否
9,B6T0000001209,E3,4,7,10,1,深位,402180.0,402421.46192487306,402448.29102763673,26.829102763697396,241.46192487305962,268.2910276367329,否
10,B6T0000001209,E3,4,8,10,1,浅位,402180.0,402448.29102763673,402475.1201304004,26.829102763697396,268.2910276367329,295.1201304004062,否
12,B6T0000001209,E3,4,8,10,1,深位,402180.0,402475.1201304004,402501.9492331641,26.829102763697396,295.1201304004062,321.9492331640795,否
3681,B6T0000000285,E4,4,7,45,3,浅位,402600.0,402600.0,402673.65789059096,73.65789059095431,0.0,73.6578905909555,否
3680,B6T0000000285,E4,4,7,45,3,深位,402600.0,402673.65789059096,402747.3157811819,73.65789059095431,73.6578905909555,147.315781181911,否
3292,B6T0000001346,E1,4,8,5,2,深位,431640.0,431671.38684477744,431699.69606501394,28.30922023651985,31.386844777443912,59.69606501393719,是
3293,B6T0000001346,E1,4,7,2,8,浅位,431640.0,431714.5244921387,431738.0272284634,23.502736324671467,74.52449213870568,98.02722846338293,是
860,B6T0000000001,E4,4,7,47,1,浅位,432180.0,432180.0,432253.94172794523,73.94172794521825,0.0,73.94172794523183,否
859,B6T0000000001,E4,4,7,47,1,深位,432180.0,432253.94172794523,432327.88345589046,73.94172794521825,73.94172794523183,147.88345589046367,否
858,B6T0000000001,E4,4,8,47,1,浅位,432180.0,432327.88345589046,432401.8251838357,73.94172794521825,147.88345589046367,221.8251838356955,否
856,B6T0000000001,E4,4,8,47,1,深位,432180.0,432401.8251838357,432475.7669117809,73.94172794521825,221.8251838356955,295.76691178092733,否
2592,B6T0000001442,E1,4,8,1,21,浅位,432600.0,432600.0,432626.99570516456,26.99570516453481,0.0,26.995705164561514,否
2591,B6T0000001442,E1,4,8,1,21,深位,432600.0,432626.99570516456,432653.9914103291,26.99570516453481,26.995705164561514,53.99141032912303,否
392,B6T0000000471,E3,4,7,17,1,深位,433020.0,433020.0,433055.87621070386,35.87621070383891,0.0,35.87621070386376,否
394,B6T0000000471,E3,4,8,17,1,浅位,433020.0,433055.87621070386,433091.7524214077,35.87621070383891,35.87621070386376,71.75242140772752,否
393,B6T0000000471,E3,4,8,17,1,深位,433020.0,433091.7524214077,433127.6286321116,35.87621070383891,71.75242140772752,107.62863211159129,否
1662,B6T0000000614,E3,4,7,23,6,浅位,433020.0,433408.59760480264,433457.3036521046,48.70604730192953,388.59760480263503,437.3036521045724,否
1661,B6T0000000614,E3,4,7,23,6,深位,433020.0,433457.3036521046,433506.0096994065,48.70604730192953,437.3036521045724,486.00969940650975,否
3341,B6T0000000110,E4,4,7,43,3,浅位,434100.0,434100.0,434170.60041932657,70.60041932658646,0.0,70.60041932656895,否
3340,B6T0000000110,E4,4,7,43,3,深位,434100.0,434170.60041932657,434241.20083865314,70.60041932658646,70.60041932656895,141.2008386531379,否
621,B6T0000000469,E3,4,7,9,11,浅位,433980.0,434280.3961835318,434314.3758765067,33.97969297490141,300.3961835317896,334.3758765066741,否
626,B6T0000000469,E3,4,7,9,11,深位,433980.0,434314.3758765067,434348.35556948156,33.97969297490141,334.3758765066741,368.35556948155863,否
625,B6T0000000469,E3,4,8,9,11,浅位,433980.0,434348.35556948156,434382.33526245644,33.97969297490141,368.35556948155863,402.33526245644316,否
631,B6T0000000469,E3,4,8,9,11,深位,433980.0,434382.33526245644,434416.3149554313,33.97969297490141,402.33526245644316,436.3149554313277,否
2201,B6T0000001562,E1,4,8,1,2,深位,434700.0,434700.0,434714.99124241475,14.991242414736346,0.0,14.99124241474783,否
2198,B6T0000001562,E1,4,7,5,2,浅位,434700.0,434714.99124241475,434737.2484711532,22.25722873844725,14.99124241474783,37.248471153201535,否
2197,B6T0000001562,E1,4,7,5,2,深位,434700.0,434737.2484711532,434759.50569989166,22.25722873844725,37.248471153201535,59.50569989165524,否
2199,B6T0000001562,E1,4,7,1,12,深位,434700.0,434759.50569989166,434782.26366963773,22.75796974606283,59.50569989165524,82.26366963773035,否
2200,B6T0000001562,E1,4,7,4,4,浅位,434700.0,434782.26366963773,434805.4533748228,23.189705185067417,82.26366963773035,105.45337482279865,否
2202,B6T0000001562,E1,4,7,4,4,深位,434700.0,434805.4533748228,434828.64308000787,23.189705185067417,105.45337482279865,128.64308000786696,否
2203,B6T0000001562,E1,4,8,4,4,浅位,434700.0,434828.64308000787,434851.83278519294,23.189705185067417,128.64308000786696,151.83278519293526,否
3347,B6T0000000696,E3,4,8,9,64,浅位,434700.0,434851.83278519294,434904.6600379134,52.8272527204561,151.83278519293526,204.6600379134179,否
936,B6T0000000508,E3,4,7,20,1,浅位,434460.0,434904.6600379134,434944.2052141345,39.5451762210803,444.6600379134179,484.2052141344757,否
940,B6T0000000508,E3,4,7,20,1,深位,434460.0,434944.2052141345,434983.75039035553,39.5451762210803,484.2052141344757,523.7503903555335,否
3346,B6T0000000696,E3,4,8,9,64,深位,434700.0,434983.75039035553,435036.577643076,52.8272527204561,283.75039035553345,336.5776430760161,否
3327,B6T0000000016,E4,4,7,44,11,浅位,434760.0,435036.577643076,435114.71051811305,78.13287503705402,276.5776430760161,354.7105181130464,否
3326,B6T0000000016,E4,4,7,44,11,深位,434760.0,435114.71051811305,435192.8433931501,78.13287503705402,354.7105181130464,432.84339315007674,否
88,B6T0000000261,E4,4,7,43,2,浅位,435240.0,436002.09769229754,436082.43071712344,80.33302482589565,762.0976922975387,842.4307171234395,是
94,B6T0000000261,E4,4,7,43,2,深位,435240.0,436108.25351439073,436188.58653921663,80.33302482589565,868.2535143907298,948.5865392166306,是
2195,B6T0000001648,E1,4,7,2,14,浅位,437400.0,437505.8764949029,437532.3456186286,26.46912372570443,105.87649490288459,132.34561862860573,否
2196,B6T0000001648,E1,4,7,2,14,深位,437400.0,437532.3456186286,437558.8147423543,26.46912372570443,132.34561862860573,158.81474235432688,否
2194,B6T0000001648,E1,4,8,2,14,浅位,437400.0,437558.8147423543,437585.28386608005,26.46912372570443,158.81474235432688,185.28386608004803,否
3571,B6T0000001481,E1,4,8,7,14,深位,438240.0,438240.0,438273.2755381143,33.27553811430036,0.0,33.27553811430698,否
3570,B6T0000001481,E1,4,8,2,33,深位,438240.0,438273.2755381143,438307.3333782102,34.057840095892104,33.27553811430698,67.33337821019813,否
2943,B6T0000000747,E3,4,7,21,26,浅位,438900.0,439028.2510763785,439084.5498291513,56.29875277280627,128.25107637851033,184.54982915130677,否
1103,B6T0000001301,E3,4,7,10,1,浅位,443880.0,443880.0,443906.8291027637,26.829102763697396,0.0,26.82910276367329,否
1105,B6T0000001301,E3,4,7,10,1,深位,443880.0,443906.8291027637,443933.65820552735,26.829102763697396,26.82910276367329,53.65820552734658,否
1106,B6T0000001301,E3,4,8,10,1,浅位,443880.0,443933.65820552735,443960.487308291,26.829102763697396,53.65820552734658,80.48730829101987,否
1107,B6T0000001301,E3,4,8,10,1,深位,443880.0,443960.487308291,443987.3164110547,26.829102763697396,80.48730829101987,107.31641105469316,否
1110,B6T0000001301,E3,4,7,9,15,浅位,443880.0,444573.27529485384,444609.36294938106,36.08765452720442,693.27529485384,729.3629493810586,否
1118,B6T0000001301,E3,4,7,9,15,深位,443880.0,444609.36294938106,444645.4506039083,36.08765452720442,729.3629493810586,765.4506039082771,否
1100,B6T0000001301,E3,4,8,9,15,浅位,443880.0,444645.4506039083,444681.5382584355,36.08765452720442,765.4506039082771,801.5382584354957,否
3164,B6T0000000511,E3,4,7,9,65,浅位,444660.0,444681.5382584355,444734.67275753274,53.13449909726771,21.538258435495663,74.67275753273861,否
3163,B6T0000000511,E3,4,7,14,42,深位,444660.0,444734.67275753274,444787.7385975604,53.065840027636206,74.67275753273861,127.73859756038291,否
3165,B6T0000000511,E3,4,8,14,42,浅位,444660.0,444787.7385975604,444840.804437588,53.065840027636206,127.73859756038291,180.8044375880272,否
1275,B6T0000000615,E3,4,7,20,5,浅位,443820.0,445091.721272033,445135.94972982706,44.22845779408004,1271.721272032999,1315.949729827058,否
1127,B6T0000001955,E1,4,7,4,5,浅位,447420.0,447972.4527447763,447996.5368771524,24.084132376067338,552.4527447763248,576.5368771523936,否
1126,B6T0000001955,E1,4,7,4,5,深位,447420.0,447996.5368771524,448020.62100952846,24.084132376067338,576.5368771523936,600.6210095284623,否
1120,B6T0000001955,E1,4,8,4,5,浅位,447420.0,448020.62100952846,448044.70514190453,24.084132376067338,600.6210095284623,624.705141904531,否
1122,B6T0000001955,E1,4,8,4,5,深位,447420.0,448044.70514190453,448068.7892742806,24.084132376067338,624.705141904531,648.7892742805998,否
1329,B6T0000001360,E1,4,7,2,7,浅位,454620.0,454753.90137113084,454776.2182663193,22.316895188492822,133.9013711308362,156.2182663193089,否
1330,B6T0000001360,E1,4,7,2,7,深位,454620.0,454776.2182663193,454798.5351615078,22.316895188492822,156.2182663193089,178.5351615077816,否
1331,B6T0000001360,E1,4,8,2,7,浅位,454620.0,454798.5351615078,454820.85205669625,22.316895188492822,178.5351615077816,200.8520566962543,否
1332,B6T0000001360,E1,4,8,2,7,深位,454620.0,454820.85205669625,454843.1689518847,22.316895188492822,200.8520566962543,223.168951884727,否
3174,B6T0000001957,E1,4,7,1,9,浅位,463320.0,463320.0,463340.99955630786,20.999556307854945,0.0,20.999556307855528,否
3173,B6T0000001957,E1,4,7,1,9,深位,463320.0,463340.99955630786,463361.9991126157,20.999556307854945,20.999556307855528,41.999112615711056,否
3172,B6T0000001957,E1,4,8,1,9,浅位,463320.0,463361.9991126157,463382.99866892357,20.999556307854945,41.999112615711056,62.99866892356658,否
1201,B6T0000001639,E1,4,7,3,6,浅位,463080.0,463382.99866892357,463406.4030485409,23.404379617308372,302.9986689235666,326.403048540873,否
1205,B6T0000001639,E1,4,7,3,6,深位,463080.0,463406.4030485409,463429.8074281582,23.404379617308372,326.403048540873,349.8074281581794,否
1204,B6T0000001639,E1,4,8,3,6,浅位,463080.0,463429.8074281582,463453.2118077755,23.404379617308372,349.8074281581794,373.2118077754858,否
1202,B6T0000001639,E1,4,8,3,6,深位,463080.0,463453.2118077755,463476.6161873928,23.404379617308372,373.2118077754858,396.6161873927922,否
532,B6T0000001197,E3,4,8,14,5,深位,464160.0,464160.0,464196.8905267596,36.89052675959728,0.0,36.89052675961284,否
3445,B6T0000001751,E1,4,7,2,17,浅位,465900.0,465900.0,465927.914375557,27.914375556953576,0.0,27.914375556982122,否
3444,B6T0000001751,E1,4,8,1,61,浅位,465900.0,465927.914375557,465968.03939770436,40.1250221473627,27.914375556982122,68.03939770435682,否
3380,B6T0000000929,E3,4,7,9,4,浅位,469740.0,469740.0,469768.9911933685,28.99119336851374,0.0,28.991193368507084,否
3381,B6T0000000929,E3,4,8,12,14,浅位,469740.0,469768.9911933685,469809.0665114144,40.07531804592297,28.991193368507084,69.06651141442126,否
1815,B6T0000001665,E1,4,7,2,10,浅位,471120.0,471184.2014474523,471208.475385762,24.273938309713085,64.20144745230209,88.4753857619944,否
1817,B6T0000001665,E1,4,7,2,10,深位,471120.0,471208.475385762,471232.7493240717,24.273938309713085,88.4753857619944,112.74932407168671,否
1819,B6T0000001665,E1,4,8,2,10,浅位,471120.0,471232.7493240717,471257.0232623814,24.273938309713085,112.74932407168671,137.02326238137903,否
1820,B6T0000001665,E1,4,8,2,10,深位,471120.0,471257.0232623814,471281.2972006911,24.273938309713085,137.02326238137903,161.29720069107134,否
3625,B6T0000001135,E3,4,7,16,8,浅位,473880.0,473880.0,473921.58086632186,41.58086632185374,0.0,41.58086632186314,否
3624,B6T0000001135,E3,4,7,16,8,深位,473880.0,473921.58086632186,473963.1617326437,41.58086632185374,41.58086632186314,83.16173264372628,否
1230,B6T0000001022,E3,4,7,14,11,浅位,477120.0,477320.8289234596,477361.81352263456,40.98459917498503,200.82892345957225,241.8135226345621,否
1231,B6T0000001022,E3,4,7,14,11,深位,477120.0,477361.81352263456,477402.79812180955,40.98459917498503,241.8135226345621,282.79812180955196,否
1239,B6T0000001022,E3,4,8,14,11,浅位,477120.0,477402.79812180955,477443.78272098454,40.98459917498503,282.79812180955196,323.7827209845418,否
1236,B6T0000001022,E3,4,8,14,11,深位,477120.0,477443.78272098454,477484.76732015953,40.98459917498503,323.7827209845418,364.76732015953166,否
1697,B6T0000001342,E1,4,7,4,8,浅位,486000.0,486227.7290327806,486254.0575277075,26.328494926829542,227.72903278062586,254.05752770748222,否
1701,B6T0000001342,E1,4,7,4,8,深位,486000.0,486254.0575277075,486280.38602263434,26.328494926829542,254.05752770748222,280.3860226343386,否
2483,B6T0000000267,E4,4,7,44,1,浅位,486360.0,486360.0,486429.35552104865,69.35552104866652,0.0,69.35552104865201,否
2484,B6T0000000267,E4,4,7,44,1,深位,486360.0,486429.35552104865,486498.7110420973,69.35552104866652,69.35552104865201,138.71104209730402,否
2481,B6T0000000267,E4,4,7,45,3,浅位,486360.0,486498.7110420973,486572.36893268826,73.65789059095431,138.71104209730402,212.36893268825952,否
2480,B6T0000000267,E4,4,7,45,3,深位,486360.0,486572.36893268826,486646.0268232792,73.65789059095431,212.36893268825952,286.026823279215,否
2090,B6T0000001407,E1,4,8,6,10,浅位,518100.0,518172.68645957124,518202.71714432485,30.03068475363058,72.68645957123954,102.71714432485169,否
2088,B6T0000001407,E1,4,8,6,10,深位,518100.0,518202.71714432485,518232.74782907846,30.03068475363058,102.71714432485169,132.74782907846384,否
693,B6T0000001180,E3,4,7,11,9,浅位,518220.0,518327.6737985132,518363.56506468426,35.891266171049594,107.67379851319129,143.56506468425505,否
694,B6T0000001180,E3,4,7,11,9,深位,518220.0,518363.56506468426,518399.4563308553,35.891266171049594,143.56506468425505,179.4563308553188,否
695,B6T0000001180,E3,4,8,11,9,浅位,518220.0,518399.4563308553,518435.3475970264,35.891266171049594,179.4563308553188,215.34759702638257,否
698,B6T0000001180,E3,4,8,11,9,深位,518220.0,518435.3475970264,518471.23886319745,35.891266171049594,215.34759702638257,251.23886319744634,否
1863,B6T0000000725,E3,4,7,15,6,浅位,518520.0,518520.0,518558.92213925597,38.92213925595251,0.0,38.92213925597025,否
1861,B6T0000000725,E3,4,7,15,6,深位,518520.0,518558.92213925597,518597.84427851194,38.92213925595251,38.92213925597025,77.8442785119405,否
1860,B6T0000000725,E3,4,8,15,6,浅位,518520.0,518597.84427851194,518636.7664177679,38.92213925595251,77.8442785119405,116.76641776791075,否
1865,B6T0000000725,E3,4,8,15,6,深位,518520.0,518636.7664177679,518675.6885570239,38.92213925595251,116.76641776791075,155.688557023881,否
1867,B6T0000000725,E3,4,7,12,14,浅位,518520.0,518675.6885570239,518715.7638750698,40.07531804592297,155.688557023881,195.76387506979518,否
1868,B6T0000000725,E3,4,7,12,14,深位,518520.0,518715.7638750698,518755.8391931157,40.07531804592297,195.76387506979518,235.83919311570935,否
1292,B6T0000001854,E1,4,7,7,4,浅位,519120.0,519284.93777972733,519311.6144316198,26.67665189247954,164.9377797273337,191.6144316198188,否
1290,B6T0000001854,E1,4,7,7,4,深位,519120.0,519311.6144316198,519338.2910835123,26.67665189247954,191.6144316198188,218.29108351230389,否
1289,B6T0000001854,E1,4,8,7,4,浅位,519120.0,519338.2910835123,519364.9677354048,26.67665189247954,218.29108351230389,244.96773540478898,否
1288,B6T0000001854,E1,4,8,7,4,深位,519120.0,519364.9677354048,519391.6443872973,26.67665189247954,244.96773540478898,271.6443872972741,否
426,B6T0000000050,E4,4,7,44,3,浅位,519300.0,519391.6443872973,519463.77354225604,72.12915495877039,91.64438729727408,163.7735422560363,否
408,B6T0000000050,E4,4,7,44,3,深位,519300.0,519463.77354225604,519535.9026972148,72.12915495877039,163.7735422560363,235.90269721479854,否
422,B6T0000000050,E4,4,8,44,3,浅位,519300.0,519535.9026972148,519608.03185217356,72.12915495877039,235.90269721479854,308.03185217356076,否
410,B6T0000000050,E4,4,8,44,3,深位,519300.0,519608.03185217356,519680.1610071323,72.12915495877039,308.03185217356076,380.161007132323,否
781,B6T0000001996,E1,4,8,1,2,深位,520620.0,520620.0,520634.99124241475,14.991242414736346,0.0,14.99124241474783,否
782,B6T0000001996,E1,4,7,5,2,浅位,520620.0,520634.99124241475,520657.2484711532,22.25722873844725,14.99124241474783,37.248471153201535,否
783,B6T0000001996,E1,4,7,5,2,深位,520620.0,520657.2484711532,520679.50569989166,22.25722873844725,37.248471153201535,59.50569989165524,否
785,B6T0000001996,E1,4,7,1,12,深位,520620.0,520679.50569989166,520702.26366963773,22.75796974606283,59.50569989165524,82.26366963773035,否
786,B6T0000001996,E1,4,7,4,4,浅位,520620.0,520702.26366963773,520725.4533748228,23.189705185067417,82.26366963773035,105.45337482279865,否
787,B6T0000001996,E1,4,7,4,4,深位,520620.0,520725.4533748228,520748.64308000787,23.189705185067417,105.45337482279865,128.64308000786696,否
1019,B6T0000001975,E1,4,7,1,6,浅位,520740.0,520748.64308000787,520767.55683311535,18.913753107463137,8.643080007866956,27.556833115348127,否
1020,B6T0000001975,E1,4,7,1,6,深位,520740.0,520767.55683311535,520786.47058622283,18.913753107463137,27.556833115348127,46.4705862228293,否
1021,B6T0000001975,E1,4,8,1,6,浅位,520740.0,520786.47058622283,520805.3843393303,18.913753107463137,46.4705862228293,65.38433933031047,否
1022,B6T0000001975,E1,4,8,1,6,深位,520740.0,520805.3843393303,520824.2980924378,18.913753107463137,65.38433933031047,84.29809243779164,否
788,B6T0000001996,E1,4,8,4,4,浅位,520620.0,520824.2980924378,520847.48779762286,23.189705185067417,204.29809243779164,227.48779762285994,否
600,B6T0000000247,E4,4,7,45,2,浅位,521520.0,522099.6292124139,522172.08286396565,72.4536515517315,579.6292124139145,652.0828639656538,否
612,B6T0000000247,E4,4,7,45,2,深位,521520.0,522172.08286396565,522244.5365155174,72.4536515517315,652.0828639656538,724.5365155173931,否
610,B6T0000000247,E4,4,8,45,2,浅位,521520.0,522244.5365155174,522316.99016706913,72.4536515517315,724.5365155173931,796.9901670691324,否
611,B6T0000000247,E4,4,8,45,2,深位,521520.0,522316.99016706913,522389.4438186209,72.4536515517315,796.9901670691324,869.4438186208718,否
3149,B6T0000001988,E1,4,7,6,9,浅位,524340.0,524340.0,524369.4158383298,29.415838329800938,0.0,29.415838329819962,否
3150,B6T0000001988,E1,4,7,6,9,深位,524340.0,524369.4158383298,524398.8316766596,29.415838329800938,29.415838329819962,58.831676659639925,否
2184,B6T0000001469,E1,4,7,2,4,浅位,530880.0,530880.0,530899.8702375039,19.870237503883608,0.0,19.87023750389926,否
2187,B6T0000001469,E1,4,7,2,4,深位,530880.0,530899.8702375039,530919.7404750078,19.870237503883608,19.87023750389926,39.74047500779852,否
2188,B6T0000001469,E1,4,8,2,4,浅位,530880.0,530919.7404750078,530939.6107125117,19.870237503883608,39.74047500779852,59.610712511697784,否
2011,B6T0000000680,E3,4,8,23,10,浅位,537060.0,537286.2182178264,537337.6249147526,51.406696926150985,226.21821782644838,277.6249147525523,否
2012,B6T0000000680,E3,4,8,23,10,深位,537060.0,537337.6249147526,537389.0316116787,51.406696926150985,277.6249147525523,329.0316116786562,否
3003,B6T0000001285,E3,4,7,10,31,浅位,543060.0,543060.0,543104.1356967858,44.13569678574859,0.0,44.13569678575732,否
3002,B6T0000001285,E3,4,7,10,31,深位,543060.0,543104.1356967858,543148.2713935715,44.13569678574859,44.13569678575732,88.27139357151464,否
3001,B6T0000001285,E3,4,8,10,31,浅位,543060.0,543148.2713935715,543192.4070903573,44.13569678574859,88.27139357151464,132.40709035727195,否
2470,B6T0000001437,E1,4,7,2,8,深位,546660.0,546660.0,546683.0090272457,23.009027245645733,0.0,23.00902724568732,否
2474,B6T0000001437,E1,4,8,2,8,浅位,546660.0,546683.0090272457,546706.0180544914,23.009027245645733,23.00902724568732,46.01805449137464,否
2473,B6T0000001437,E1,4,8,2,8,深位,546660.0,546706.0180544914,546729.0270817371,23.009027245645733,46.01805449137464,69.02708173706196,否
2472,B6T0000001437,E1,4,7,8,1,浅位,546660.0,546729.0270817371,546752.8864581318,23.859376394751425,69.02708173706196,92.88645813183393,否
2471,B6T0000001437,E1,4,7,8,1,深位,546660.0,546752.8864581318,546776.7458345266,23.859376394751425,92.88645813183393,116.7458345266059,否
887,B6T0000000488,E3,4,7,13,8,浅位,555480.0,555593.7014161278,555631.6018881705,37.90047204266949,113.70141612784937,151.60188817046583,否
888,B6T0000000488,E3,4,7,13,8,深位,555480.0,555631.6018881705,555669.5023602131,37.90047204266949,151.60188817046583,189.50236021308228,否
883,B6T0000000488,E3,4,8,13,8,浅位,555480.0,555669.5023602131,555707.4028322557,37.90047204266949,189.50236021308228,227.40283225569874,否
1246,B6T0000000799,E3,4,7,16,9,浅位,555960.0,556035.8753958168,556078.1063267789,42.23093096209145,75.87539581675082,118.10632677888498,否
1247,B6T0000000799,E3,4,7,16,9,深位,555960.0,556078.1063267789,556120.337257741,42.23093096209145,118.10632677888498,160.33725774101913,否
1248,B6T0000000799,E3,4,8,16,9,浅位,555960.0,556120.337257741,556162.5681887032,42.23093096209145,160.33725774101913,202.56818870315328,否
1260,B6T0000000799,E3,4,8,16,9,深位,555960.0,556162.5681887032,556204.7991196653,42.23093096209145,202.56818870315328,244.79911966528744,否
3402,B6T0000001518,E1,4,7,2,2,浅位,556860.0,556860.0,556877.6507779928,17.650777992764837,0.0,17.650777992792428,否
3403,B6T0000001518,E1,4,7,2,2,深位,556860.0,556877.6507779928,556895.3015559856,17.650777992764837,17.650777992792428,35.301555985584855,否
1949,B6T0000000507,E3,4,7,10,8,浅位,559800.0,559800.0,559833.7567468875,33.75674688745936,0.0,33.756746887462214,否
1951,B6T0000000507,E3,4,7,10,8,深位,559800.0,559833.7567468875,559867.5134937749,33.75674688745936,33.756746887462214,67.51349377492443,否
1952,B6T0000000507,E3,4,8,10,8,浅位,559800.0,559867.5134937749,559901.2702406624,33.75674688745936,67.51349377492443,101.27024066238664,否
1953,B6T0000000507,E3,4,8,10,8,深位,559800.0,559901.2702406624,559935.0269875498,33.75674688745936,101.27024066238664,135.02698754984885,否
1954,B6T0000000507,E3,4,8,16,1,浅位,559800.0,559935.0269875498,559969.680209748,34.65322219809178,135.02698754984885,169.68020974798128,否
1950,B6T0000000507,E3,4,8,16,1,深位,559800.0,559969.680209748,560004.3334319461,34.65322219809178,169.68020974798128,204.3334319461137,否
1955,B6T0000000507,E3,4,8,9,12,浅位,559800.0,560004.3334319461,560038.8718931348,34.538461188721456,204.3334319461137,238.87189313478302,否
1956,B6T0000000507,E3,4,8,9,12,深位,559800.0,560038.8718931348,560073.4103543235,34.538461188721456,238.87189313478302,273.41035432345234,否
3457,B6T0000000234,E4,4,8,46,9,深位,560220.0,560220.0,560299.990701077,79.990701077034,0.0,79.99070107704028,否
1086,B6T0000000178,E4,4,7,47,2,浅位,558720.0,560299.990701077,560375.5018238932,75.51112281609932,1579.9907010770403,1655.5018238931661,否
3456,B6T0000000234,E4,4,7,43,21,深位,560220.0,560375.5018238932,560456.9024669303,81.40064303716214,155.50182389316615,236.9024669303326,否
3620,B6T0000000672,E3,4,7,17,1,浅位,561900.0,561900.0,561935.8762107039,35.87621070383891,0.0,35.87621070386376,否
3621,B6T0000000672,E3,4,7,14,5,浅位,561900.0,561935.8762107039,561972.7667374634,36.89052675959728,35.87621070386376,72.7667374634184,否
2886,B6T0000000858,E3,4,7,17,2,浅位,562440.0,562440.0,562477.4456055748,37.44560557471998,0.0,37.44560557475779,否
2885,B6T0000000858,E3,4,7,17,2,深位,562440.0,562477.4456055748,562514.8912111495,37.44560557471998,37.44560557475779,74.89121114951558,否
2884,B6T0000000858,E3,4,8,17,2,浅位,562440.0,562514.8912111495,562552.3368167243,37.44560557471998,74.89121114951558,112.33681672427338,否
2420,B6T0000000777,E3,4,7,15,4,浅位,570600.0,570600.0,570637.2190880744,37.219088074344484,0.0,37.21908807440195,否
2423,B6T0000000777,E3,4,7,15,4,深位,570600.0,570637.2190880744,570674.4381761488,37.219088074344484,37.21908807440195,74.4381761488039,否
2422,B6T0000000777,E3,4,8,15,4,浅位,570600.0,570674.4381761488,570711.6572642232,37.219088074344484,74.4381761488039,111.65726422320586,否
2424,B6T0000000777,E3,4,8,15,4,深位,570600.0,570711.6572642232,570748.8763522976,37.219088074344484,111.65726422320586,148.8763522976078,否
1483,B6T0000000758,E3,5,9,13,15,浅位,4740.0,4740.0,4781.858143459598,41.858143459598054,0.0,41.85814345959807,否
1493,B6T0000000758,E3,5,9,13,15,深位,4740.0,4781.858143459598,4823.716286919196,41.858143459598054,41.85814345959807,83.71628691919614,否
1492,B6T0000000758,E3,5,10,13,15,浅位,4740.0,4823.716286919196,4865.574430378794,41.858143459598054,83.71628691919614,125.5744303787942,否
1482,B6T0000000758,E3,5,10,13,15,深位,4740.0,4865.574430378794,4907.432573838392,41.858143459598054,125.5744303787942,167.43257383839227,否
3558,B6T0000000460,E3,5,10,14,52,浅位,4740.0,4907.432573838392,4963.577776237193,56.1452023988006,167.43257383839227,223.57777623719267,否
3559,B6T0000000460,E3,5,10,14,52,深位,4740.0,4963.577776237193,5019.722978635993,56.1452023988006,223.57777623719267,279.72297863599306,否
3289,B6T0000000907,E3,5,9,15,41,浅位,15120.0,15153.287705842664,15192.857286719369,39.56958087670575,33.287705842663854,72.85728671936886,是
3288,B6T0000000907,E3,5,9,15,41,深位,15120.0,15223.55929459358,15268.72742932043,45.16813472685001,103.55929459358049,148.72742932043002,是
581,B6T0000001238,E3,5,9,15,4,浅位,19080.0,19228.876352297375,19266.09544037172,37.219088074344484,148.87635229737498,186.09544037171872,否
591,B6T0000001238,E3,5,9,15,4,深位,19080.0,19266.09544037172,19303.314528446062,37.219088074344484,186.09544037171872,223.31452844606247,否
578,B6T0000001238,E3,5,10,15,4,浅位,19080.0,19303.314528446062,19340.533616520406,37.219088074344484,223.31452844606247,260.5336165204062,否
582,B6T0000001238,E3,5,10,15,4,深位,19080.0,19340.533616520406,19377.75270459475,37.219088074344484,260.5336165204062,297.75270459474996,否
740,B6T0000000140,E4,5,9,45,3,浅位,25680.0,25826.63738196018,25900.295272551135,73.65789059095431,146.63738196017948,220.29527255113499,否
739,B6T0000000140,E4,5,9,45,3,深位,25680.0,25900.295272551135,25973.95316314209,73.65789059095431,220.29527255113499,293.9531631420905,否
738,B6T0000000140,E4,5,10,45,3,浅位,25680.0,25973.95316314209,26047.611053733046,73.65789059095431,293.9531631420905,367.611053733046,否
737,B6T0000000140,E4,5,10,45,3,深位,25680.0,26047.611053733046,26121.268944324,73.65789059095431,367.611053733046,441.2689443240015,否
2555,B6T0000001217,E3,5,9,12,29,浅位,28320.0,28320.0,28366.302328337406,46.30232833740533,0.0,46.302328337405925,否
2557,B6T0000001217,E3,5,9,12,29,深位,28320.0,28366.302328337406,28412.604656674812,46.30232833740533,46.302328337405925,92.60465667481185,否
2558,B6T0000001217,E3,5,10,12,29,浅位,28320.0,28412.604656674812,28458.906985012218,46.30232833740533,92.60465667481185,138.90698501221777,否
2559,B6T0000001217,E3,5,10,12,29,深位,28320.0,28458.906985012218,28505.209313349624,46.30232833740533,138.90698501221777,185.2093133496237,否
1564,B6T0000001735,E1,5,9,7,5,浅位,30420.0,30640.568632667826,30668.139711751304,27.571079083479457,220.56863266782602,248.13971175130428,否
1563,B6T0000001735,E1,5,9,7,5,深位,30420.0,30668.139711751304,30695.710790834783,27.571079083479457,248.13971175130428,275.71079083478253,否
1562,B6T0000001735,E1,5,10,7,5,浅位,30420.0,30695.710790834783,30723.28186991826,27.571079083479457,275.71079083478253,303.2818699182608,否
1560,B6T0000001735,E1,5,10,7,5,深位,30420.0,30723.28186991826,30750.85294900174,27.571079083479457,303.2818699182608,330.85294900173903,否
1719,B6T0000001672,E1,5,9,6,7,浅位,35040.0,35208.44184979444,35236.51549142685,28.073641632410315,168.44184979444253,196.51549142684962,否
1720,B6T0000001672,E1,5,9,6,7,深位,35040.0,35236.51549142685,35264.58913305926,28.073641632410315,196.51549142684962,224.5891330592567,否
1721,B6T0000001672,E1,5,10,6,7,浅位,35040.0,35264.58913305926,35292.662774691664,28.073641632410315,224.5891330592567,252.6627746916638,否
1722,B6T0000001672,E1,5,10,6,7,深位,35040.0,35292.662774691664,35320.73641632407,28.073641632410315,252.6627746916638,280.7364163240709,否
3090,B6T0000000338,E3,5,9,14,36,浅位,46440.0,46483.626170580654,46546.1316170134,62.505446432747206,43.62617058065371,106.13161701340141,是
3088,B6T0000000338,E3,5,9,14,36,深位,46440.0,46589.757787594055,46652.2632340268,62.505446432747206,149.75778759405512,212.26323402680282,是
3089,B6T0000000338,E3,5,10,14,36,浅位,46440.0,46695.88940460746,46758.394851040204,62.505446432747206,255.88940460745653,318.39485104020423,是
2550,B6T0000001153,E3,5,9,10,31,浅位,51060.0,51236.542787143,51280.67848392875,44.13569678574859,176.54278714300017,220.6784839287502,否
2891,B6T0000001622,E1,5,9,5,26,浅位,51960.0,52032.43684382709,52068.655265740636,36.21842191354503,72.43684382709034,108.65526574063551,否
661,B6T0000001698,E1,5,9,8,1,浅位,54180.0,54418.5937639475,54442.45314034225,23.859376394751425,238.59376394750143,262.4531403422516,否
658,B6T0000001698,E1,5,9,8,1,深位,54180.0,54442.45314034225,54466.312516737,23.859376394751425,262.4531403422516,286.3125167370017,否
657,B6T0000001698,E1,5,10,8,1,浅位,54180.0,54466.312516737,54490.17189313175,23.859376394751425,286.3125167370017,310.17189313175186,否
656,B6T0000001698,E1,5,10,8,1,深位,54180.0,54490.17189313175,54514.0312695265,23.859376394751425,310.17189313175186,334.031269526502,否
1574,B6T0000001553,E1,5,9,2,8,浅位,54600.0,54838.47511444646,54861.484141692104,23.009027245645733,238.4751144464608,261.48414169210446,否
1577,B6T0000001553,E1,5,9,2,8,深位,54600.0,54861.484141692104,54884.49316893775,23.009027245645733,261.48414169210446,284.4931689377481,否
3310,B6T0000001484,E1,5,9,5,39,浅位,55500.0,55500.0,55540.60298021623,40.60298021623368,0.0,40.60298021623021,否
3311,B6T0000001484,E1,5,9,5,39,深位,55500.0,55540.60298021623,55581.20596043246,40.60298021623368,40.60298021623021,81.20596043246042,否
2174,B6T0000001942,E1,5,10,5,12,浅位,55560.0,55581.20596043246,55611.229916502234,30.023956069773735,21.205960432460415,51.22991650223412,否
2172,B6T0000001942,E1,5,10,5,12,深位,55560.0,55611.229916502234,55641.25387257201,30.023956069773735,51.22991650223412,81.25387257200782,否
373,B6T0000001440,E1,5,9,5,2,浅位,55740.0,55962.572287384464,55984.82951612291,22.25722873844725,222.5722873844643,244.82951612291072,否
374,B6T0000001440,E1,5,9,5,2,深位,55740.0,55984.82951612291,56007.08674486136,22.25722873844725,244.82951612291072,267.08674486135715,否
375,B6T0000001440,E1,5,10,5,2,浅位,55740.0,56007.08674486136,56029.3439735998,22.25722873844725,267.08674486135715,289.3439735998036,否
376,B6T0000001440,E1,5,10,5,2,深位,55740.0,56029.3439735998,56051.60120233825,22.25722873844725,289.3439735998036,311.60120233825,否
449,B6T0000000678,E3,5,9,9,10,浅位,56280.0,56643.3713091252,56676.76620329954,33.39489417434322,363.37130912519933,396.7662032995431,否
438,B6T0000000678,E3,5,9,9,10,深位,56280.0,56676.76620329954,56710.16109747389,33.39489417434322,396.7662032995431,430.1610974738869,否
452,B6T0000000678,E3,5,10,9,10,浅位,56280.0,56710.16109747389,56743.55599164823,33.39489417434322,430.1610974738869,463.5559916482307,否
453,B6T0000000678,E3,5,10,9,10,深位,56280.0,56743.55599164823,56776.950885822574,33.39489417434322,463.5559916482307,496.9508858225745,否
2691,B6T0000001182,E3,5,9,38,4,浅位,85980.0,86198.10375131172,86263.45157501825,65.34782370652842,218.10375131171895,283.45157501824724,否
2689,B6T0000001182,E3,5,9,38,4,深位,85980.0,86263.45157501825,86328.79939872478,65.34782370652842,283.45157501824724,348.79939872477553,否
1673,B6T0000001355,E1,5,9,1,9,浅位,87240.0,87393.07677899348,87414.07633530133,20.999556307854945,153.07677899347618,174.0763353013317,否
1674,B6T0000001355,E1,5,9,1,9,深位,87240.0,87414.07633530133,87435.07589160919,20.999556307854945,174.0763353013317,195.07589160918724,否
1675,B6T0000001355,E1,5,10,1,9,浅位,87240.0,87435.07589160919,87456.07544791704,20.999556307854945,195.07589160918724,216.07544791704277,否
1668,B6T0000001355,E1,5,10,1,9,深位,87240.0,87456.07544791704,87477.0750042249,20.999556307854945,216.07544791704277,237.0750042248983,否
1833,B6T0000000536,E3,5,9,23,8,浅位,87000.0,87757.49137597295,87807.63316183504,50.14178586208364,757.4913759729534,807.6331618350378,否
3431,B6T0000001554,E1,5,9,1,46,浅位,87900.0,87900.0,87935.51632649518,35.516326495188785,0.0,35.51632649518433,否
3430,B6T0000001554,E1,5,9,1,46,深位,87900.0,87935.51632649518,87971.03265299037,35.516326495188785,35.51632649518433,71.03265299036866,否
2315,B6T0000001107,E3,5,10,13,24,浅位,88140.0,88140.0,88185.74549342813,45.74549342812308,0.0,45.74549342812679,否
2316,B6T0000001107,E3,5,10,13,24,深位,88140.0,88185.74549342813,88231.49098685625,45.74549342812308,45.74549342812679,91.49098685625358,否
1692,B6T0000001375,E1,5,9,7,6,浅位,88320.0,88485.6136432012,88513.99334627528,28.379703074087566,165.613643201199,193.9933462752815,否
1693,B6T0000001375,E1,5,9,7,6,深位,88320.0,88513.99334627528,88542.37304934936,28.379703074087566,193.9933462752815,222.373049349364,否
1694,B6T0000001375,E1,5,10,7,6,浅位,88320.0,88542.37304934936,88570.75275242345,28.379703074087566,222.373049349364,250.7527524234465,否
120,B6T0000000154,E4,5,9,44,1,浅位,87960.0,88652.62066889269,88721.97618994136,69.35552104866652,692.6206688926904,761.976189941357,否
119,B6T0000000154,E4,5,9,44,1,深位,87960.0,88721.97618994136,88791.33171099002,69.35552104866652,761.976189941357,831.3317109900236,否
118,B6T0000000154,E4,5,10,44,1,浅位,87960.0,88791.33171099002,88860.68723203869,69.35552104866652,831.3317109900236,900.6872320386901,否
123,B6T0000000154,E4,5,10,44,1,深位,87960.0,88860.68723203869,88930.04275308736,69.35552104866652,900.6872320386901,970.0427530873567,否
2254,B6T0000001242,E3,5,10,19,17,浅位,111300.0,111300.0,111350.15518015041,50.15518015040296,0.0,50.15518015041016,否
2259,B6T0000001242,E3,5,10,19,17,深位,111300.0,111350.15518015041,111400.31036030082,50.15518015040296,50.15518015041016,100.31036030082032,否
3386,B6T0000001525,E1,5,9,2,44,浅位,117120.0,117120.0,117157.56062023228,37.560620232280485,0.0,37.56062023228151,否
3387,B6T0000001525,E1,5,9,2,44,深位,117120.0,117157.56062023228,117195.12124046456,37.560620232280485,37.56062023228151,75.12124046456302,否
67,B6T0000001664,E1,5,9,2,2,浅位,118500.0,118570.60311197105,118588.25388996382,17.650777992764837,70.6031119710533,88.25388996381662,否
64,B6T0000001664,E1,5,9,2,2,深位,118500.0,118588.25388996382,118605.90466795658,17.650777992764837,88.25388996381662,105.90466795657994,否
65,B6T0000001664,E1,5,10,2,2,浅位,118500.0,118605.90466795658,118623.55544594934,17.650777992764837,105.90466795657994,123.55544594934327,否
66,B6T0000001664,E1,5,10,2,2,深位,118500.0,118623.55544594934,118641.2062239421,17.650777992764837,123.55544594934327,141.2062239421066,否
2333,B6T0000001994,E1,5,9,1,16,浅位,127920.0,127920.0,127944.78841068986,24.78841068985478,0.0,24.78841068985639,否
2334,B6T0000001994,E1,5,9,1,16,深位,127920.0,127944.78841068986,127969.57682137971,24.78841068985478,24.78841068985639,49.57682137971278,否
2332,B6T0000001994,E1,5,10,1,16,浅位,127920.0,127969.57682137971,127994.36523206957,24.78841068985478,49.57682137971278,74.36523206956917,否
2335,B6T0000001994,E1,5,10,1,16,深位,127920.0,127994.36523206957,128019.15364275943,24.78841068985478,74.36523206956917,99.15364275942557,否
39,B6T0000001104,E3,5,9,9,4,浅位,132300.0,132660.77273978246,132689.76393315097,28.99119336851374,360.77273978246376,389.76393315097084,否
3687,B6T0000001416,E1,5,9,2,5,深位,135480.0,135480.0,135500.76466469487,20.764664694883525,0.0,20.76466469487059,否
3686,B6T0000001416,E1,5,9,2,6,深位,135480.0,135500.76466469487,135522.33795338037,21.573288685491633,20.76466469487059,42.33795338036725,否
3273,B6T0000001560,E1,5,9,5,2,浅位,137280.0,137280.0,137302.25722873845,22.25722873844725,0.0,22.257228738453705,否
3272,B6T0000001560,E1,5,9,5,2,深位,137280.0,137302.25722873845,137324.5144574769,22.25722873844725,22.257228738453705,44.51445747690741,否
349,B6T0000001370,E1,5,10,3,3,浅位,173100.0,173100.0,173120.68610796382,20.686107963804375,0.0,20.68610796381836,否
350,B6T0000001370,E1,5,10,3,3,深位,173100.0,173120.68610796382,173141.37221592764,20.686107963804375,20.68610796381836,41.37221592763672,否
2937,B6T0000000065,E4,5,10,44,23,浅位,173700.0,173700.0,173783.73737394912,83.73737394910302,0.0,83.73737394911586,否
2936,B6T0000000065,E4,5,10,44,23,深位,173700.0,173783.73737394912,173867.47474789823,83.73737394910302,83.73737394911586,167.47474789823173,否
3011,B6T0000001789,E1,5,9,2,5,深位,174600.0,174600.0,174620.76466469487,20.764664694883525,0.0,20.76466469487059,否
3012,B6T0000001789,E1,5,9,2,6,深位,174600.0,174620.76466469487,174642.33795338037,21.573288685491633,20.76466469487059,42.33795338036725,否
3010,B6T0000001789,E1,5,10,1,16,深位,174600.0,174642.33795338037,174667.12636407022,24.78841068985478,42.33795338036725,67.12636407022364,否
777,B6T0000000843,E3,5,9,15,5,浅位,174120.0,174709.65799988995,174747.7715151553,38.113515265344404,589.6579998899542,627.7715151552984,否
776,B6T0000000843,E3,5,9,15,5,深位,174120.0,174747.7715151553,174785.88503042064,38.113515265344404,627.7715151552984,665.8850304206426,否
775,B6T0000000843,E3,5,10,15,5,浅位,174120.0,174785.88503042064,174823.998545686,38.113515265344404,665.8850304206426,703.9985456859868,否
774,B6T0000000843,E3,5,10,15,5,深位,174120.0,174823.998545686,174862.11206095133,38.113515265344404,703.9985456859868,742.1120609513309,否
3392,B6T0000001976,E1,5,9,8,40,浅位,175560.0,175560.0,175604.09075225086,44.090752250866785,0.0,44.09075225086417,否
3393,B6T0000001976,E1,5,9,8,40,深位,175560.0,175604.09075225086,175648.18150450173,44.090752250866785,44.09075225086417,88.18150450172834,否
2620,B6T0000001218,E3,5,9,13,29,浅位,175620.0,175648.18150450173,175695.76908331594,47.58757881421056,28.18150450172834,75.76908331594313,否
2623,B6T0000001218,E3,5,9,13,29,深位,175620.0,175695.76908331594,175743.35666213016,47.58757881421056,75.76908331594313,123.35666213015793,否
2622,B6T0000001218,E3,5,10,13,29,浅位,175620.0,175743.35666213016,175790.94424094437,47.58757881421056,123.35666213015793,170.94424094437272,否
2621,B6T0000001218,E3,5,10,13,29,深位,175620.0,175790.94424094437,175838.5318197586,47.58757881421056,170.94424094437272,218.53181975858752,否
2702,B6T0000001568,E1,5,9,2,5,深位,175920.0,175920.0,175940.76466469487,20.764664694883525,0.0,20.76466469487059,否
2703,B6T0000001568,E1,5,9,2,6,深位,175920.0,175940.76466469487,175962.33795338037,21.573288685491633,20.76466469487059,42.33795338036725,否
2700,B6T0000001568,E1,5,10,1,16,深位,175920.0,175962.33795338037,175987.12636407022,24.78841068985478,42.33795338036725,67.12636407022364,否
2701,B6T0000001568,E1,5,9,2,24,浅位,175920.0,175987.12636407022,176017.98041270132,30.854048631099317,67.12636407022364,97.98041270131944,否
1997,B6T0000001313,E3,5,9,20,13,浅位,185400.0,185696.50338353188,185745.92061412052,49.417230588647286,296.50338353187544,345.92061412052135,否
2001,B6T0000001313,E3,5,9,20,13,深位,185400.0,185745.92061412052,185795.33784470917,49.417230588647286,345.92061412052135,395.33784470916726,否
3688,B6T0000001548,E1,5,9,5,54,浅位,187560.0,187560.0,187605.24028383338,45.24028383339244,0.0,45.24028383338009,否
3689,B6T0000001548,E1,5,9,5,54,深位,187560.0,187605.24028383338,187650.48056766676,45.24028383339244,45.24028383338009,90.48056766676018,否
192,B6T0000000932,E3,5,9,9,8,浅位,190380.0,190637.03986488213,190669.1698479924,32.129983110275866,257.0398648821283,289.16984799239435,否
193,B6T0000000932,E3,5,9,9,8,深位,190380.0,190669.1698479924,190701.29983110266,32.129983110275866,289.16984799239435,321.2998311026604,否
194,B6T0000000932,E3,5,10,9,8,浅位,190380.0,190701.29983110266,190733.42981421293,32.129983110275866,321.2998311026604,353.42981421292643,否
195,B6T0000000932,E3,5,10,9,8,深位,190380.0,190733.42981421293,190765.5597973232,32.129983110275866,353.42981421292643,385.55979732319247,否
196,B6T0000000932,E3,5,10,15,1,浅位,190380.0,190765.5597973232,190798.99003101554,33.43023369234466,385.55979732319247,418.99003101553535,否
197,B6T0000000932,E3,5,10,15,1,深位,190380.0,190798.99003101554,190832.42026470788,33.43023369234466,418.99003101553535,452.42026470787823,否
34,B6T0000001104,E3,5,9,9,4,深位,193680.0,193680.0,193708.9911933685,28.99119336851374,0.0,28.991193368507084,否
35,B6T0000001104,E3,5,10,9,4,浅位,193680.0,193708.9911933685,193737.982386737,28.99119336851374,28.991193368507084,57.98238673701417,否
1872,B6T0000000931,E3,5,10,20,12,浅位,194940.0,194940.0,194988.88129842328,48.88129842328784,0.0,48.88129842327908,否
1873,B6T0000000931,E3,5,10,20,12,深位,194940.0,194988.88129842328,195037.76259684656,48.88129842328784,48.88129842327908,97.76259684655815,否
1351,B6T0000001367,E1,5,10,2,7,浅位,198960.0,199009.45021108634,199041.6884072403,32.23819615395205,49.45021108633955,81.68840724028996,是
1358,B6T0000001367,E1,5,10,2,7,深位,198960.0,199070.12080582007,199102.35900197402,32.23819615395205,110.12080582007184,142.35900197402225,是
1135,B6T0000000395,E3,5,9,16,8,浅位,202560.0,202726.32346528745,202767.90433160932,41.58086632185374,166.32346528745256,207.9043316093157,否
1136,B6T0000000395,E3,5,9,16,8,深位,202560.0,202782.65993584658,202820.57001229416,37.91007644758416,222.65993584657554,260.57001229416346,是
1140,B6T0000000395,E3,5,10,16,8,浅位,202560.0,202835.32561653142,202873.235692979,37.91007644758416,275.3256165314233,313.2356929790112,是
1142,B6T0000000395,E3,5,10,16,8,深位,202560.0,202897.24656254423,202946.43445127647,49.187888732251,337.24656254422734,386.43445127646555,是
823,B6T0000001427,E1,5,9,4,4,浅位,203940.0,204032.75882074027,204055.94852592534,23.189705185067417,92.75882074027322,115.94852592534153,否
824,B6T0000001427,E1,5,9,4,4,深位,203940.0,204055.94852592534,204079.1382311104,23.189705185067417,115.94852592534153,139.13823111040983,否
825,B6T0000001427,E1,5,10,4,4,浅位,203940.0,204079.1382311104,204102.32793629548,23.189705185067417,139.13823111040983,162.32793629547814,否
826,B6T0000001427,E1,5,10,4,4,深位,203940.0,204102.32793629548,204125.51764148055,23.189705185067417,162.32793629547814,185.51764148054644,否
3724,B6T0000000936,E3,5,9,21,50,浅位,214020.0,214020.0,214084.0916291854,64.0916291854073,0.0,64.09162918539369,否
3725,B6T0000000936,E3,5,9,21,50,深位,214020.0,214084.0916291854,214148.1832583708,64.0916291854073,64.09162918539369,128.18325837078737,否
3214,B6T0000001636,E1,5,10,7,5,浅位,217800.0,217800.0,217827.5710790835,27.571079083479457,0.0,27.57107908348553,否
3216,B6T0000001636,E1,5,10,7,5,深位,217800.0,217827.5710790835,217855.14215816697,27.571079083479457,27.57107908348553,55.14215816697106,否
3215,B6T0000001636,E1,5,9,6,7,浅位,217800.0,217855.14215816697,217883.2157997994,28.073641632410315,55.14215816697106,83.2157997993927,否
1460,B6T0000000897,E3,5,9,21,6,浅位,220080.0,220450.08056232356,220496.340632614,46.26007029043528,370.08056232356466,416.34063261401025,否
1459,B6T0000000897,E3,5,9,21,6,深位,220080.0,220496.340632614,220542.60070290446,46.26007029043528,416.34063261401025,462.60070290445583,否
1458,B6T0000000897,E3,5,10,21,6,浅位,220080.0,220542.60070290446,220588.8607731949,46.26007029043528,462.60070290445583,508.8607731949014,否
1457,B6T0000000897,E3,5,10,21,6,深位,220080.0,220588.8607731949,220635.12084348535,46.26007029043528,508.8607731949014,555.120843485347,否
2125,B6T0000001478,E1,5,10,2,13,浅位,223500.0,223500.0,223525.95343748946,25.953437489450764,0.0,25.95343748945743,否
2126,B6T0000001478,E1,5,10,2,13,深位,223500.0,223525.95343748946,223551.90687497891,25.953437489450764,25.95343748945743,51.90687497891486,否
3315,B6T0000000135,E4,5,10,44,23,浅位,224940.0,224940.0,225023.73737394912,83.73737394910302,0.0,83.73737394911586,否
3314,B6T0000000135,E4,5,10,44,23,深位,224940.0,225023.73737394912,225107.47474789823,83.73737394910302,83.73737394911586,167.47474789823173,否
691,B6T0000001180,E3,5,10,10,10,浅位,258900.0,258974.13069622288,259009.43608306287,35.30538683998362,74.13069622288458,109.43608306287206,是
689,B6T0000001180,E3,5,10,10,10,深位,258900.0,259031.14146990285,259052.84685674284,21.705386839983618,131.14146990285371,152.84685674283537,是
2253,B6T0000001205,E3,5,9,18,18,浅位,258900.0,259074.55224358282,259118.44511834794,43.8928747651282,174.55224358281703,218.44511834793957,是
2252,B6T0000001205,E3,5,9,18,18,深位,258900.0,259148.04074454977,259177.6363707516,29.59562620182478,248.04074454976944,277.6363707515993,是
2251,B6T0000001205,E3,5,10,18,18,浅位,258900.0,259207.23199695343,259236.82762315526,29.59562620182478,307.2319969534292,336.82762315525906,是
2250,B6T0000001205,E3,5,10,18,18,深位,258900.0,259266.4232493571,259296.01887555892,29.59562620182478,366.42324935708893,396.0188755589188,是
2295,B6T0000001477,E1,5,10,2,15,浅位,259920.0,259990.4293314284,260028.00429315228,37.57496172386641,70.42933142840047,108.00429315227666,是
265,B6T0000001466,E1,5,9,4,2,浅位,259800.0,260061.08276696206,260096.58741554362,35.50464858156291,261.08276696206303,296.5874155436177,是
256,B6T0000001466,E1,5,9,4,2,深位,259800.0,260129.66588935343,260165.170537935,35.50464858156291,329.66588935343316,365.1705379349878,是
267,B6T0000001466,E1,5,10,4,2,浅位,259800.0,260198.3097716938,260233.994594857,35.68482316318919,398.3097716938064,433.99459485700936,是
266,B6T0000001466,E1,5,10,4,2,深位,259800.0,260267.1338286158,260302.818651779,35.68482316318919,467.13382861579885,502.8186517790018,是
2294,B6T0000001477,E1,5,10,2,15,深位,259920.0,260335.9578855378,260373.6532352196,37.69534968179116,415.9578855377913,453.6532352195936,是
155,B6T0000000810,E3,5,9,15,1,浅位,259440.0,260406.79246897838,260447.3573692049,40.56490022650387,966.7924689783831,1007.3573692048958,是
170,B6T0000000810,E3,5,9,15,1,深位,259440.0,260468.39874851523,260489.44012782557,21.041379310344823,1028.398748515232,1049.4401278255682,是
164,B6T0000000810,E3,5,9,14,2,浅位,259440.0,260510.48150713593,260536.7164991043,26.23499196838796,1070.4815071359335,1096.71649910431,是
163,B6T0000000810,E3,5,9,14,2,深位,259440.0,260557.896650367,260579.07680162968,21.18015126267722,1117.896650367009,1139.0768016296788,是
162,B6T0000000810,E3,5,10,14,2,浅位,259440.0,260600.25695289238,260621.43710415505,21.18015126267722,1160.2569528923777,1181.4371041550476,是
156,B6T0000000810,E3,5,10,14,2,深位,259440.0,260642.61725541775,260663.79740668042,21.18015126267722,1202.6172554177465,1223.7974066804163,是
3092,B6T0000000969,E3,5,10,16,34,浅位,260700.0,260786.8644515355,260830.46679803444,43.602346498940605,86.86445153551176,130.4667980344384,是
3091,B6T0000000969,E3,5,10,16,34,深位,260700.0,260861.86087599548,260893.2549539565,31.39407796101949,161.86087599548046,193.2549539564934,是
276,B6T0000000305,E4,5,10,43,3,浅位,260820.0,260924.6490319175,260995.9776509122,71.32861899467818,104.64903191750636,175.97765091218753,是
277,B6T0000000305,E4,5,10,43,3,深位,260820.0,261029.12285331098,261104.09155262727,74.9686993162872,209.12285331098246,284.0915526272729,是
3418,B6T0000000124,E4,5,10,43,38,浅位,260940.0,261137.34393948055,261219.56905953144,82.22512005088782,197.3439394805464,279.56905953143723,是
3419,B6T0000000124,E4,5,10,43,38,深位,260940.0,261252.8214463847,261335.0465664356,82.22512005088782,312.8214463847107,395.04656643560156,是
3139,B6T0000000039,E4,5,9,44,27,浅位,270480.0,270650.50826308597,270735.76239462895,85.25413154297775,170.5082630859688,255.7623946289532,否
3166,B6T0000000904,E3,5,10,12,55,深位,271740.0,271740.0,271794.54727378476,54.54727378474016,0.0,54.547273784759454,否
3167,B6T0000000904,E3,5,9,10,65,浅位,271740.0,271794.54727378476,271849.3085366592,54.761262874451184,54.547273784759454,109.30853665922768,否
3168,B6T0000000904,E3,5,9,10,65,深位,271740.0,271849.3085366592,271904.0697995337,54.761262874451184,109.30853665922768,164.0697995336959,否
3532,B6T0000000919,E3,5,10,13,24,浅位,275040.0,275040.0,275085.74549342814,45.74549342812308,0.0,45.745493428141344,否
3533,B6T0000000919,E3,5,10,13,24,深位,275040.0,275085.74549342814,275131.4909868563,45.74549342812308,45.745493428141344,91.49098685628269,否
2668,B6T0000000193,E4,5,9,45,3,浅位,276720.0,276720.0,276793.65789059096,73.65789059095431,0.0,73.6578905909555,否
2670,B6T0000000193,E4,5,9,45,3,深位,276720.0,276793.65789059096,276867.3157811819,73.65789059095431,73.6578905909555,147.315781181911,否
2669,B6T0000000193,E4,5,10,45,3,浅位,276720.0,276867.3157811819,276940.97367177287,73.65789059095431,147.315781181911,220.9736717728665,否
2671,B6T0000000193,E4,5,10,45,3,深位,276720.0,276940.97367177287,277014.6315623638,73.65789059095431,220.9736717728665,294.631562363822,否
2566,B6T0000001793,E1,5,9,2,2,浅位,283080.0,283080.0,283097.6507779928,17.650777992764837,0.0,17.650777992792428,否
2565,B6T0000001793,E1,5,9,2,2,深位,283080.0,283097.6507779928,283115.3015559856,17.650777992764837,17.650777992792428,35.301555985584855,否
2567,B6T0000001793,E1,5,10,2,2,浅位,283080.0,283115.3015559856,283132.9523339784,17.650777992764837,35.301555985584855,52.95233397837728,否
2568,B6T0000001793,E1,5,10,2,2,深位,283080.0,283132.9523339784,283150.60311197117,17.650777992764837,52.95233397837728,70.60311197116971,否
2569,B6T0000001793,E1,5,9,1,16,浅位,283080.0,283150.60311197117,283175.391522661,24.78841068985478,70.60311197116971,95.3915226610261,否
3375,B6T0000000638,E3,5,10,10,64,浅位,285420.0,285420.0,285474.45401649765,54.45401649763959,0.0,54.45401649764972,否
3374,B6T0000000638,E3,5,10,10,64,深位,285420.0,285474.45401649765,285528.9080329953,54.45401649763959,54.45401649764972,108.90803299529944,否
2077,B6T0000001546,E1,5,9,4,11,浅位,287100.0,287100.0,287128.17820479145,28.178204791455087,0.0,28.17820479144575,否
2076,B6T0000001546,E1,5,9,4,11,深位,287100.0,287128.17820479145,287156.3564095829,28.178204791455087,28.17820479144575,56.3564095828915,否
2075,B6T0000001546,E1,5,10,4,11,浅位,287100.0,287156.3564095829,287184.53461437434,28.178204791455087,56.3564095828915,84.53461437433725,否
2074,B6T0000001546,E1,5,10,4,11,深位,287100.0,287184.53461437434,287212.7128191658,28.178204791455087,84.53461437433725,112.712819165783,否
1333,B6T0000000043,E4,5,9,45,6,浅位,286740.0,287492.88853583066,287569.26469807513,76.3761622444583,752.8885358306579,829.2646980751306,否
1345,B6T0000000043,E4,5,9,45,6,深位,286740.0,287569.26469807513,287645.6408603196,76.3761622444583,829.2646980751306,905.6408603196032,否
1334,B6T0000000043,E4,5,10,45,6,浅位,286740.0,287645.6408603196,287722.0170225641,76.3761622444583,905.6408603196032,982.0170225640759,否
1339,B6T0000000043,E4,5,10,45,6,深位,286740.0,287722.0170225641,287798.39318480855,76.3761622444583,982.0170225640759,1058.3931848085485,否
2999,B6T0000000956,E3,5,9,27,21,浅位,289920.0,289920.0,289981.679953382,61.679953381989705,0.0,61.67995338200126,否
3000,B6T0000000956,E3,5,9,27,21,深位,289920.0,289981.679953382,290043.359906764,61.679953381989705,61.67995338200126,123.35990676400252,否
2998,B6T0000000956,E3,5,10,27,21,浅位,289920.0,290043.359906764,290105.039860146,61.679953381989705,123.35990676400252,185.03986014600378,否
464,B6T0000001382,E1,5,9,2,4,浅位,295980.0,296045.3283935374,296065.1986310413,19.870237503883608,65.32839353737654,85.1986310412758,否
463,B6T0000001382,E1,5,9,2,4,深位,295980.0,296065.1986310413,296085.0688685452,19.870237503883608,85.1986310412758,105.06886854517506,否
462,B6T0000001382,E1,5,10,2,4,浅位,295980.0,296085.0688685452,296104.9391060491,19.870237503883608,105.06886854517506,124.93910604907433,否
461,B6T0000001382,E1,5,10,2,4,深位,295980.0,296104.9391060491,296124.809343553,19.870237503883608,124.93910604907433,144.8093435529736,否
3517,B6T0000000866,E3,5,9,11,66,深位,300180.0,300180.0,300236.5529638946,56.55296389461532,0.0,56.55296389461728,否
3516,B6T0000000866,E3,5,10,11,66,浅位,300180.0,300236.5529638946,300293.10592778923,56.55296389461532,56.55296389461728,113.10592778923456,否
1527,B6T0000000228,E4,5,9,43,10,浅位,301800.0,301800.0,301876.0193406043,76.01934060431192,0.0,76.01934060431086,否
1521,B6T0000000228,E4,5,9,43,10,深位,301800.0,301889.48344221944,301963.8277090343,74.34426681486087,89.4834422194399,163.8277090343181,是
1519,B6T0000000228,E4,5,10,43,10,浅位,301800.0,301977.29181064945,302051.6360774643,74.34426681486087,177.29181064944714,251.63607746432535,是
1522,B6T0000000228,E4,5,10,43,10,深位,301800.0,302065.10017907945,302139.44444589433,74.34426681486087,265.1001790794544,339.4444458943326,是
1218,B6T0000000577,E3,5,9,9,16,浅位,302040.0,302625.10243412014,302661.67133625265,36.5689021325134,585.102434120141,621.6713362526498,否
332,B6T0000000139,E4,5,9,45,1,浅位,302220.0,303183.1622972302,303254.04655391106,70.88425668085044,963.1622972302139,1034.0465539110592,否
337,B6T0000000139,E4,5,9,45,1,深位,302220.0,303267.5106555262,303339.304444502,71.79378897581654,1047.5106555261882,1119.3044445019914,是
336,B6T0000000139,E4,5,10,45,1,浅位,302220.0,303355.304444502,303431.1947166978,75.89027219579279,1135.3044445019914,1211.1947166977916,是
335,B6T0000000139,E4,5,10,45,1,深位,302220.0,303449.1194689006,303522.93839211564,73.81892321500966,1229.119468900608,1302.9383921156405,是
3160,B6T0000000924,E3,5,9,17,35,浅位,304500.0,304570.35896601144,304624.8662840993,54.50731808783657,70.35896601143759,124.86628409929108,否
1638,B6T0000001117,E3,5,9,13,16,浅位,308820.0,308820.0,308862.3393910649,42.33939106490703,0.0,42.33939106488833,否
1633,B6T0000001117,E3,5,9,13,16,深位,308820.0,308862.3393910649,308904.6787821298,42.33939106490703,42.33939106488833,84.67878212977666,否
1634,B6T0000001117,E3,5,10,13,16,浅位,308820.0,308904.6787821298,308947.01817319466,42.33939106490703,84.67878212977666,127.018173194665,否
1643,B6T0000001117,E3,5,10,13,16,深位,308820.0,308947.01817319466,308989.35756425955,42.33939106490703,127.018173194665,169.35756425955333,否
2972,B6T0000000633,E3,5,9,37,10,浅位,308760.0,309007.83188364597,309076.3604196526,68.52853600661078,247.83188364596572,316.3604196525994,否
305,B6T0000001196,E3,5,9,13,5,浅位,309300.0,309718.1324690564,309753.7885785483,35.65610949190729,418.132469056407,453.788578548294,否
304,B6T0000001196,E3,5,9,13,5,深位,309300.0,309753.7885785483,309789.4446880402,35.65610949190729,453.788578548294,489.44468804018106,否
292,B6T0000001196,E3,5,10,13,5,浅位,309300.0,309789.4446880402,309825.10079753207,35.65610949190729,489.44468804018106,525.1007975320681,否
301,B6T0000001196,E3,5,10,13,5,深位,309300.0,309825.10079753207,309860.75690702396,35.65610949190729,525.1007975320681,560.7569070239551,否
492,B6T0000001101,E3,5,9,12,7,浅位,309960.0,310617.27357379626,310653.196663305,35.92308950871136,657.2735737962648,693.1966633049888,否
494,B6T0000001101,E3,5,9,12,7,深位,309960.0,310653.196663305,310689.1197528137,35.92308950871136,693.1966633049888,729.1197528137127,否
495,B6T0000001101,E3,5,10,12,7,浅位,309960.0,310689.1197528137,310725.04284232244,35.92308950871136,729.1197528137127,765.0428423224366,否
496,B6T0000001101,E3,5,10,12,7,深位,309960.0,310725.04284232244,310760.96593183116,35.92308950871136,765.0428423224366,800.9659318311606,否
247,B6T0000000581,E3,5,9,9,9,浅位,311640.0,311738.3401432515,311771.12019100203,32.780047750513575,98.34014325152384,131.1201910020318,否
248,B6T0000000581,E3,5,9,9,9,深位,311640.0,311771.12019100203,311803.90023875254,32.780047750513575,131.1201910020318,163.90023875253974,否
249,B6T0000000581,E3,5,10,9,9,浅位,311640.0,311803.90023875254,311836.68028650305,32.780047750513575,163.90023875253974,196.68028650304768,否
250,B6T0000000581,E3,5,10,9,9,深位,311640.0,311836.68028650305,311869.46033425356,32.780047750513575,196.68028650304768,229.46033425355563,否
234,B6T0000000581,E3,5,9,10,8,浅位,311640.0,313033.44915722363,313067.2059041111,33.75674688745936,1393.4491572236293,1427.2059041110915,否
836,B6T0000001220,E3,5,9,9,12,浅位,312960.0,313102.5260796011,313137.0645407898,34.538461188721456,142.52607960108435,177.06454078981187,否
837,B6T0000001220,E3,5,9,9,12,深位,312960.0,313137.0645407898,313171.60300197854,34.538461188721456,177.06454078981187,211.6030019785394,否
838,B6T0000001220,E3,5,10,9,12,浅位,312960.0,313171.60300197854,313206.14146316727,34.538461188721456,211.6030019785394,246.14146316726692,否
839,B6T0000001220,E3,5,10,9,12,深位,312960.0,313206.14146316727,313240.679924356,34.538461188721456,246.14146316726692,280.67992435599444,否
229,B6T0000000581,E3,5,9,16,1,浅位,311640.0,313240.679924356,313275.33314655407,34.65322219809178,1600.6799243559944,1635.3331465540687,否
242,B6T0000000581,E3,5,9,16,1,深位,311640.0,313275.33314655407,313309.98636875214,34.65322219809178,1635.3331465540687,1669.9863687521429,否
1788,B6T0000001685,E1,5,10,5,8,浅位,313920.0,313920.0,313947.61547799135,27.61547799132814,0.0,27.615477991348598,否
1793,B6T0000001685,E1,5,10,5,8,深位,313920.0,313947.61547799135,313975.2309559827,27.61547799132814,27.615477991348598,55.230955982697196,否
2635,B6T0000001335,E1,5,10,6,1,深位,346440.0,346440.0,346461.8381295658,21.83812956580127,0.0,21.838129565818235,否
2632,B6T0000001335,E1,5,9,2,7,深位,346440.0,346461.8381295658,346484.1550247543,22.316895188492822,21.838129565818235,44.155024754290935,否
2633,B6T0000001335,E1,5,9,8,2,深位,346440.0,346484.1550247543,346509.5837960199,25.428771265632484,44.155024754290935,69.58379601989873,否
2634,B6T0000001335,E1,5,10,3,9,深位,346440.0,346509.5837960199,346535.0739788376,25.49018281770018,69.58379601989873,95.07397883757949,否
519,B6T0000001197,E3,5,9,15,1,浅位,346680.0,346680.0,346713.43023369234,33.43023369234466,0.0,33.43023369234288,否
983,B6T0000001844,E1,5,10,8,2,浅位,346200.0,346713.43023369234,346738.85900495795,25.428771265632484,513.4302336923429,538.8590049579507,否
975,B6T0000001844,E1,5,10,8,2,深位,346200.0,346738.85900495795,346764.28777622356,25.428771265632484,538.8590049579507,564.2877762235585,否
518,B6T0000001197,E3,5,9,15,1,深位,346680.0,346764.28777622356,346797.7180099159,33.43023369234466,84.28777622355847,117.71800991590135,否
520,B6T0000001197,E3,5,9,14,2,浅位,346680.0,346797.7180099159,346831.4946499734,33.776640057478595,117.71800991590135,151.49464997340692,否
523,B6T0000001197,E3,5,9,14,2,深位,346680.0,346831.4946499734,346865.2712900309,33.776640057478595,151.49464997340692,185.2712900309125,否
527,B6T0000001197,E3,5,10,14,2,浅位,346680.0,346865.2712900309,346899.0479300884,33.776640057478595,185.2712900309125,219.04793008841807,否
524,B6T0000001197,E3,5,10,14,2,深位,346680.0,346899.0479300884,346932.8245701459,33.776640057478595,219.04793008841807,252.82457014592364,否
521,B6T0000001197,E3,5,10,10,10,浅位,346680.0,346932.8245701459,346967.84622809745,35.021657951526706,252.82457014592364,287.84622809744906,否
522,B6T0000001197,E3,5,10,10,10,深位,346680.0,346967.84622809745,347002.867886049,35.021657951526706,287.84622809744906,322.86788604897447,否
2465,B6T0000001299,E3,5,9,28,11,浅位,346680.0,347002.867886049,347060.97432430444,58.1064382554448,322.86788604897447,380.97432430443587,否
2466,B6T0000001299,E3,5,9,28,11,深位,346680.0,347060.97432430444,347119.0807625599,58.1064382554448,380.97432430443587,439.08076255989727,否
2468,B6T0000001299,E3,5,10,28,11,浅位,346680.0,347119.0807625599,347177.18720081536,58.1064382554448,439.08076255989727,497.18720081535866,否
2469,B6T0000001299,E3,5,10,28,11,深位,346680.0,347177.18720081536,347235.2936390708,58.1064382554448,497.18720081535866,555.2936390708201,否
3389,B6T0000001543,E1,5,9,5,2,浅位,347640.0,347640.0,347662.25722873845,22.25722873844725,0.0,22.257228738453705,否
3388,B6T0000001543,E1,5,9,5,2,深位,347640.0,347662.25722873845,347684.5144574769,22.25722873844725,22.257228738453705,44.51445747690741,否
3285,B6T0000001287,E3,5,10,13,24,深位,347760.0,347760.0,347805.74549342814,45.74549342812308,0.0,45.745493428141344,否
134,B6T0000000154,E4,5,9,43,3,浅位,345840.0,347883.6285099351,347954.2289292617,70.60041932658646,2043.628509935108,2114.228929261677,否
953,B6T0000000445,E3,5,9,12,10,浅位,348420.0,348495.7602652599,348533.64039788983,37.88013262993162,75.76026525988709,113.64039788983064,否
957,B6T0000000445,E3,5,9,12,10,深位,348420.0,348533.64039788983,348571.5205305198,37.88013262993162,113.64039788983064,151.52053051977418,否
958,B6T0000000445,E3,5,10,12,10,浅位,348420.0,348571.5205305198,348609.4006631497,37.88013262993162,151.52053051977418,189.40066314971773,否
955,B6T0000000445,E3,5,10,12,10,深位,348420.0,348609.4006631497,348647.28079577966,37.88013262993162,189.40066314971773,227.28079577966128,否
2932,B6T0000001579,E1,5,10,5,8,浅位,352080.0,352080.0,352107.61547799135,27.61547799132814,0.0,27.615477991348598,否
2933,B6T0000001579,E1,5,10,5,8,深位,352080.0,352107.61547799135,352135.2309559827,27.61547799132814,27.615477991348598,55.230955982697196,否
2934,B6T0000001579,E1,5,9,4,11,深位,352080.0,352135.2309559827,352163.40916077414,28.178204791455087,55.230955982697196,83.40916077414295,否
3266,B6T0000000994,E3,5,9,12,29,浅位,354900.0,354900.0,354946.3023283374,46.30232833740533,0.0,46.30232833739137,否
3267,B6T0000000994,E3,5,9,12,29,深位,354900.0,354946.3023283374,354992.6046566748,46.30232833740533,46.30232833739137,92.60465667478275,否
107,B6T0000000261,E4,5,9,43,1,浅位,375660.0,375660.0,375727.82678541646,67.82678541648261,0.0,67.82678541645873,否
106,B6T0000000261,E4,5,9,43,1,深位,375660.0,375727.82678541646,375795.6535708329,67.82678541648261,67.82678541645873,135.65357083291747,否
97,B6T0000000261,E4,5,10,43,1,浅位,375660.0,375795.6535708329,375863.4803562494,67.82678541648261,135.65357083291747,203.4803562493762,否
105,B6T0000000261,E4,5,10,43,1,深位,375660.0,375863.4803562494,375931.30714166583,67.82678541648261,203.4803562493762,271.30714166583493,否
3237,B6T0000001819,E1,5,9,5,8,深位,376260.0,376260.0,376287.61547799135,27.61547799132814,0.0,27.615477991348598,否
3236,B6T0000001819,E1,5,9,3,13,深位,376260.0,376287.61547799135,376315.40000641264,27.784528421267506,27.615477991348598,55.40000641264487,否
914,B6T0000000411,E3,5,9,15,6,浅位,378240.0,378815.2117773118,378870.88243874663,55.670661434803336,575.211777311808,630.8824387466302,是
921,B6T0000000411,E3,5,9,15,6,深位,378240.0,378923.59210891154,378979.26277034637,55.670661434803336,683.5921089115436,739.2627703463659,是
3690,B6T0000001650,E1,5,9,6,24,深位,388860.0,388860.0,388896.610795075,36.61079507501681,0.0,36.61079507501563,否
3691,B6T0000001650,E1,5,9,1,51,深位,388860.0,388896.610795075,388933.66335345426,37.05255837924676,36.61079507501563,73.66335345426342,否
2993,B6T0000000548,E3,5,9,15,4,浅位,399600.0,399600.0,399637.21908807434,37.219088074344484,0.0,37.219088074343745,否
2992,B6T0000000548,E3,5,9,15,4,深位,399600.0,399637.21908807434,399674.4381761487,37.219088074344484,37.219088074343745,74.43817614868749,否
2994,B6T0000000548,E3,5,10,15,4,浅位,399600.0,399674.4381761487,399711.65726422303,37.219088074344484,74.43817614868749,111.65726422303123,否
1958,B6T0000001683,E1,5,10,5,2,浅位,432240.0,432240.0,432262.25722873845,22.25722873844725,0.0,22.257228738453705,否
1962,B6T0000001683,E1,5,10,5,2,深位,432240.0,432262.25722873845,432284.5144574769,22.25722873844725,22.257228738453705,44.51445747690741,否
865,B6T0000000001,E4,5,9,47,1,浅位,432180.0,432475.7669117809,432549.70863972616,73.94172794521825,295.76691178092733,369.70863972615916,否
862,B6T0000000001,E4,5,9,47,1,深位,432180.0,432549.70863972616,432623.6503676714,73.94172794521825,369.70863972615916,443.650367671391,否
863,B6T0000000001,E4,5,10,47,1,浅位,432180.0,432623.6503676714,432697.5920956166,73.94172794521825,443.650367671391,517.5920956166228,否
2593,B6T0000001442,E1,5,9,1,21,浅位,432600.0,432697.5920956166,432724.5878007812,26.99570516453481,97.59209561662283,124.58780078118434,否
2594,B6T0000001442,E1,5,9,1,21,深位,432600.0,432724.5878007812,432751.58350594575,26.99570516453481,124.58780078118434,151.58350594574586,否
2590,B6T0000001442,E1,5,10,1,21,浅位,432600.0,432751.58350594575,432778.5792111103,26.99570516453481,151.58350594574586,178.57921111030737,否
864,B6T0000000001,E4,5,10,47,1,深位,432180.0,432778.5792111103,432852.52093905554,73.94172794521825,598.5792111103074,672.5209390555392,否
33,B6T0000001104,E3,5,10,9,4,深位,432900.0,432900.0,432928.9911933685,28.99119336851374,0.0,28.991193368507084,否
391,B6T0000000471,E3,5,9,17,1,浅位,433020.0,433127.6286321116,433163.50484281546,35.87621070383891,107.62863211159129,143.50484281545505,否
901,B6T0000000411,E3,5,10,15,6,浅位,433860.0,433860.0,433898.92213925597,38.92213925595251,0.0,38.92213925597025,否
900,B6T0000000411,E3,5,10,15,6,深位,433860.0,433898.92213925597,433937.84427851194,38.92213925595251,38.92213925597025,77.8442785119405,否
19,B6T0000001209,E3,5,9,10,1,浅位,434280.0,434280.0,434306.8291027637,26.829102763697396,0.0,26.82910276367329,否
18,B6T0000001209,E3,5,9,10,1,深位,434280.0,434306.8291027637,434333.65820552735,26.829102763697396,26.82910276367329,53.65820552734658,否
25,B6T0000001209,E3,5,10,10,1,浅位,434280.0,434333.65820552735,434360.487308291,26.829102763697396,53.65820552734658,80.48730829101987,否
26,B6T0000001209,E3,5,10,10,1,深位,434280.0,434360.487308291,434387.3164110547,26.829102763697396,80.48730829101987,107.31641105469316,否
632,B6T0000000469,E3,5,9,9,11,浅位,433980.0,434416.3149554313,434450.2946484062,33.97969297490141,436.3149554313277,470.2946484062122,否
629,B6T0000000469,E3,5,9,9,11,深位,433980.0,434450.2946484062,434484.2743413811,33.97969297490141,470.2946484062122,504.27434138109675,否
630,B6T0000000469,E3,5,10,9,11,浅位,433980.0,434484.2743413811,434518.254034356,33.97969297490141,504.27434138109675,538.2540343559813,否
723,B6T0000000140,E4,5,9,43,1,浅位,434880.0,434880.0,434947.82678541646,67.82678541648261,0.0,67.82678541645873,否
728,B6T0000000140,E4,5,9,43,1,深位,434880.0,434965.2076169361,435028.3122146373,63.10459770114945,85.2076169361244,148.31221463729162,是
724,B6T0000000140,E4,5,10,43,1,浅位,434880.0,435045.6930461569,435108.79764385807,63.10459770114945,165.69304615689907,228.7976438580663,是
722,B6T0000000140,E4,5,10,43,1,深位,434880.0,435126.1784753777,435189.28307307884,63.10459770114945,246.17847537767375,309.28307307884097,是
726,B6T0000000140,E4,5,10,45,1,深位,434880.0,435189.2830730788,435260.1673297596,70.88425668085044,309.28307307878276,380.16732975962805,否
727,B6T0000000140,E4,5,9,45,3,浅位,434880.0,435260.1673297596,435333.8252203506,73.65789059095431,380.16732975962805,453.82522035058355,否
725,B6T0000000140,E4,5,9,45,3,深位,434880.0,435333.8252203506,435407.48311094154,73.65789059095431,453.82522035058355,527.483110941539,否
3520,B6T0000001221,E3,5,10,15,4,深位,444960.0,444960.0,444997.21908807434,37.219088074344484,0.0,37.219088074343745,否
3521,B6T0000001221,E3,5,10,9,65,浅位,444960.0,444997.21908807434,445050.3535871716,53.13449909726771,37.219088074343745,90.3535871715867,否
1119,B6T0000001955,E1,5,9,4,5,浅位,447420.0,448068.7892742806,448092.87340665667,24.084132376067338,648.7892742805998,672.8734066566685,否
1123,B6T0000001955,E1,5,9,4,5,深位,447420.0,448092.87340665667,448116.95753903274,24.084132376067338,672.8734066566685,696.9575390327373,否
1130,B6T0000001955,E1,5,10,4,5,浅位,447420.0,448116.95753903274,448141.0416714088,24.084132376067338,696.9575390327373,721.041671408806,否
1131,B6T0000001955,E1,5,10,4,5,深位,447420.0,448141.0416714088,448165.1258037849,24.084132376067338,721.041671408806,745.1258037848747,否
647,B6T0000000469,E3,5,10,9,11,深位,450900.0,450900.0,450933.9796929749,33.97969297490141,0.0,33.97969297488453,否
2683,B6T0000000161,E4,5,9,44,1,浅位,461520.0,461520.0,461589.35552104865,69.35552104866652,0.0,69.35552104865201,否
2680,B6T0000000161,E4,5,9,44,1,深位,461520.0,461589.35552104865,461658.7110420973,69.35552104866652,69.35552104865201,138.71104209730402,否
2682,B6T0000000161,E4,5,10,44,1,浅位,461520.0,461658.7110420973,461728.06656314596,69.35552104866652,138.71104209730402,208.06656314595602,否
2681,B6T0000000161,E4,5,10,44,1,深位,461520.0,461728.06656314596,461797.4220841946,69.35552104866652,208.06656314595602,277.42208419460803,否
3119,B6T0000000490,E3,5,10,10,2,深位,462960.0,462960.0,462988.39849763457,28.398497634578458,0.0,28.39849763456732,否
3118,B6T0000000490,E3,5,9,10,8,深位,462960.0,462988.39849763457,463022.15524452203,33.75674688745936,28.39849763456732,62.155244522029534,否
3120,B6T0000000490,E3,5,9,10,10,深位,462960.0,463022.15524452203,463057.17690247355,35.021657951526706,62.155244522029534,97.17690247355495,否
1198,B6T0000001639,E1,5,9,3,6,浅位,463080.0,463476.6161873928,463500.0205670101,23.404379617308372,396.6161873927922,420.0205670100986,否
529,B6T0000001197,E3,5,9,14,5,浅位,464160.0,464196.8905267596,464233.7810535192,36.89052675959728,36.89052675961284,73.78105351922568,否
536,B6T0000001197,E3,5,9,14,5,深位,464160.0,464233.7810535192,464270.67158027884,36.89052675959728,73.78105351922568,110.67158027883852,否
535,B6T0000001197,E3,5,10,14,5,浅位,464160.0,464270.67158027884,464307.56210703845,36.89052675959728,110.67158027883852,147.56210703845136,否
530,B6T0000001197,E3,5,10,14,5,深位,464160.0,464307.56210703845,464344.45263379806,36.89052675959728,147.56210703845136,184.4526337980642,否
3518,B6T0000000875,E3,5,10,10,10,深位,471120.0,471120.0,471155.0216579515,35.021657951526706,0.0,35.02165795152541,否
3519,B6T0000000875,E3,5,9,12,10,浅位,471120.0,471155.0216579515,471192.90179058147,37.88013262993162,35.02165795152541,72.90179058146896,否
1821,B6T0000001665,E1,5,9,2,10,浅位,471120.0,471281.2972006911,471305.57113900076,24.273938309713085,161.29720069107134,185.57113900076365,否
1822,B6T0000001665,E1,5,9,2,10,深位,471120.0,471305.57113900076,471329.84507731046,24.273938309713085,185.57113900076365,209.84507731045596,否
1823,B6T0000001665,E1,5,10,2,10,浅位,471120.0,471329.84507731046,471354.11901562015,24.273938309713085,209.84507731045596,234.11901562014828,否
2836,B6T0000000484,E3,5,9,9,68,深位,471540.0,471540.0,471594.0562382277,54.05623822770249,0.0,54.056238227698486,否
2837,B6T0000000484,E3,5,10,9,68,浅位,471540.0,471594.0562382277,471648.1124764554,54.05623822770249,54.056238227698486,108.11247645539697,否
2838,B6T0000000484,E3,5,10,9,68,深位,471540.0,471648.1124764554,471702.1687146831,54.05623822770249,108.11247645539697,162.16871468309546,否
2839,B6T0000000484,E3,5,9,10,63,浅位,471540.0,471702.1687146831,471756.3154848039,54.146770120828,162.16871468309546,216.31548480392667,否
3694,B6T0000001794,E1,5,9,7,5,浅位,474300.0,474300.0,474327.5710790835,27.571079083479457,0.0,27.57107908348553,否
3695,B6T0000001794,E1,5,9,7,5,深位,474300.0,474327.5710790835,474355.142158167,27.571079083479457,27.57107908348553,55.14215816697106,否
1229,B6T0000001022,E3,5,9,14,11,浅位,477120.0,477484.76732015953,477525.7519193345,40.98459917498503,364.76732015953166,405.7519193345215,否
1233,B6T0000001022,E3,5,9,14,11,深位,477120.0,477525.7519193345,477566.7365185095,40.98459917498503,405.7519193345215,446.73651850951137,否
1234,B6T0000001022,E3,5,10,14,11,浅位,477120.0,477566.7365185095,477607.7211176845,40.98459917498503,446.73651850951137,487.7211176845012,否
1235,B6T0000001022,E3,5,10,14,11,深位,477120.0,477607.7211176845,477648.7057168595,40.98459917498503,487.7211176845012,528.7057168594911,否
385,B6T0000000471,E3,5,9,17,1,深位,486000.0,486000.0,486035.87621070386,35.87621070383891,0.0,35.87621070386376,否
381,B6T0000000471,E3,5,10,17,1,浅位,486000.0,486035.87621070386,486071.7524214077,35.87621070383891,35.87621070386376,71.75242140772752,否
382,B6T0000000471,E3,5,10,17,1,深位,486000.0,486071.7524214077,486107.6286321116,35.87621070383891,71.75242140772752,107.62863211159129,否
1852,B6T0000001858,E1,5,9,3,13,深位,488580.0,488580.0,488607.7845284213,27.784528421267506,0.0,27.784528421296272,否
1853,B6T0000001858,E1,5,9,4,11,深位,488580.0,488607.7845284213,488635.96273321274,28.178204791455087,27.784528421296272,55.96273321274202,否
1854,B6T0000001858,E1,5,10,6,8,浅位,488580.0,488635.96273321274,488664.7285069023,28.765773689563225,55.96273321274202,84.72850690229097,否
1855,B6T0000001858,E1,5,10,6,8,深位,488580.0,488664.7285069023,488693.49428059184,28.765773689563225,84.72850690229097,113.49428059183992,否
3342,B6T0000000416,E3,5,9,9,9,浅位,518040.0,518040.0,518072.7800477505,32.780047750513575,0.0,32.78004775050795,否
3343,B6T0000000416,E3,5,9,9,9,深位,518040.0,518072.7800477505,518105.560095501,32.780047750513575,32.78004775050795,65.5600955010159,否
2086,B6T0000001407,E1,5,9,2,5,深位,518100.0,518105.560095501,518126.3247601959,20.764664694883525,5.560095501015894,26.324760195915587,否
2087,B6T0000001407,E1,5,9,2,6,深位,518100.0,518126.3247601959,518147.8980488814,21.573288685491633,26.324760195915587,47.89804888138315,否
2089,B6T0000001407,E1,5,10,1,16,深位,518100.0,518147.8980488814,518172.68645957124,24.78841068985478,47.89804888138315,72.68645957123954,否
2586,B6T0000000543,E3,5,9,9,10,浅位,518100.0,518172.68645957124,518206.0813537456,33.39489417434322,72.68645957123954,106.08135374559788,否
2589,B6T0000000543,E3,5,9,9,10,深位,518100.0,518206.0813537456,518239.47624791996,33.39489417434322,106.08135374559788,139.47624791995622,否
2091,B6T0000001407,E1,5,9,6,10,浅位,518100.0,518239.47624791996,518269.50693267357,30.03068475363058,139.47624791995622,169.50693267356837,否
2085,B6T0000001407,E1,5,9,6,10,深位,518100.0,518269.50693267357,518299.5376174272,30.03068475363058,169.50693267356837,199.53761742718052,否
2585,B6T0000000543,E3,5,10,9,10,浅位,518100.0,518299.5376174272,518332.93251160154,33.39489417434322,199.53761742718052,232.93251160153886,否
2588,B6T0000000543,E3,5,10,9,10,深位,518100.0,518332.93251160154,518366.3274057759,33.39489417434322,232.93251160153886,266.3274057758972,否
2587,B6T0000000543,E3,5,9,10,31,浅位,518100.0,518366.3274057759,518410.46310256165,44.13569678574859,266.3274057758972,310.4631025616545,否
699,B6T0000001180,E3,5,9,11,9,浅位,518220.0,518471.23886319745,518507.1301293685,35.891266171049594,251.23886319744634,287.1301293685101,否
696,B6T0000001180,E3,5,9,11,9,深位,518220.0,518507.1301293685,518543.0213955396,35.891266171049594,287.1301293685101,323.02139553957386,否
700,B6T0000001180,E3,5,10,11,9,浅位,518220.0,518543.0213955396,518578.91266171064,35.891266171049594,323.02139553957386,358.9126617106376,否
692,B6T0000001180,E3,5,10,11,9,深位,518220.0,518578.91266171064,518614.8039278817,35.891266171049594,358.9126617106376,394.8039278817014,否
1287,B6T0000001854,E1,5,9,7,4,浅位,519120.0,519391.6443872973,519418.32103918976,26.67665189247954,271.6443872972741,298.3210391897592,否
1286,B6T0000001854,E1,5,9,7,4,深位,519120.0,519418.32103918976,519444.99769108224,26.67665189247954,298.3210391897592,324.9976910822443,否
1285,B6T0000001854,E1,5,10,7,4,浅位,519120.0,519444.99769108224,519471.67434297473,26.67665189247954,324.9976910822443,351.67434297472937,否
1284,B6T0000001854,E1,5,10,7,4,深位,519120.0,519471.67434297473,519498.3509948672,26.67665189247954,351.67434297472937,378.35099486721447,否
411,B6T0000000050,E4,5,9,44,3,浅位,519300.0,519680.1610071323,519752.2901620911,72.12915495877039,380.161007132323,452.2901620910852,否
412,B6T0000000050,E4,5,9,44,3,深位,519300.0,519752.2901620911,519824.41931704985,72.12915495877039,452.2901620910852,524.4193170498475,否
421,B6T0000000050,E4,5,10,44,3,浅位,519300.0,519824.41931704985,519896.5484720086,72.12915495877039,524.4193170498475,596.5484720086097,否
3693,B6T0000001780,E1,5,9,8,14,深位,519840.0,519896.5484720086,519930.7955890072,34.24711699857208,56.54847200860968,90.7955890072044,否
3692,B6T0000001780,E1,5,9,5,21,深位,519840.0,519930.7955890072,519965.0572804955,34.26169148824572,90.7955890072044,125.05728049547179,否
413,B6T0000000050,E4,5,10,44,3,深位,519300.0,519965.0572804955,520037.18643545423,72.12915495877039,665.0572804954718,737.186435454234,否
2041,B6T0000000707,E3,5,10,14,20,浅位,520440.0,520440.0,520485.3626627146,45.36266271459686,0.0,45.362662714615,否
2038,B6T0000000707,E3,5,10,14,20,深位,520440.0,520485.3626627146,520530.72532542923,45.36266271459686,45.362662714615,90.72532542923,否
1023,B6T0000001975,E1,5,9,1,6,浅位,520740.0,520824.2980924378,520843.2118455453,18.913753107463137,84.29809243779164,103.21184554527281,否
1024,B6T0000001975,E1,5,9,1,6,深位,520740.0,520843.2118455453,520862.12559865275,18.913753107463137,103.21184554527281,122.12559865275398,否
1025,B6T0000001975,E1,5,10,1,6,浅位,520740.0,520862.12559865275,520881.03935176024,18.913753107463137,122.12559865275398,141.03935176023515,否
1026,B6T0000001975,E1,5,10,1,6,深位,520740.0,520881.03935176024,520899.9531048677,18.913753107463137,141.03935176023515,159.95310486771632,否
608,B6T0000000247,E4,5,9,45,2,浅位,521520.0,522389.4438186209,522461.8974701726,72.4536515517315,869.4438186208718,941.8974701726111,否
607,B6T0000000247,E4,5,9,45,2,深位,521520.0,522461.8974701726,522534.35112172435,72.4536515517315,941.8974701726111,1014.3511217243504,否
606,B6T0000000247,E4,5,10,45,2,浅位,521520.0,522534.35112172435,522606.8047732761,72.4536515517315,1014.3511217243504,1086.8047732760897,否
605,B6T0000000247,E4,5,10,45,2,深位,521520.0,522606.8047732761,522679.2584248278,72.4536515517315,1086.8047732760897,1159.258424827829,否
3684,B6T0000001402,E1,5,10,4,4,深位,535680.0,535680.0,535703.189705185,23.189705185067417,0.0,23.189705185010098,否
3685,B6T0000001402,E1,5,10,7,5,浅位,535680.0,535703.189705185,535730.7607842685,27.571079083479457,23.189705185010098,50.76078426849563,否
2070,B6T0000000389,E3,5,10,16,8,深位,536220.0,536220.0,536261.5808663218,41.58086632185374,0.0,41.58086632180493,否
2069,B6T0000000389,E3,5,9,21,6,浅位,536220.0,536261.5808663218,536307.8409366122,46.26007029043528,41.58086632180493,87.84093661222141,否
2066,B6T0000000389,E3,5,9,21,6,深位,536220.0,536307.8409366122,536354.1010069026,46.26007029043528,87.84093661222141,134.1010069026379,否
2064,B6T0000000389,E3,5,10,21,6,浅位,536220.0,536354.1010069026,536400.361077193,46.26007029043528,134.1010069026379,180.36107719305437,否
2068,B6T0000000389,E3,5,10,21,6,深位,536220.0,536400.361077193,536446.6211474835,46.26007029043528,180.36107719305437,226.62114748347085,否
1256,B6T0000000799,E3,5,9,16,9,浅位,555960.0,556204.7991196653,556247.0300506274,42.23093096209145,244.79911966528744,287.0300506274216,否
1257,B6T0000000799,E3,5,9,16,9,深位,555960.0,556247.0300506274,556289.2609815896,42.23093096209145,287.0300506274216,329.26098158955574,否
3382,B6T0000001129,E3,5,9,14,2,深位,556260.0,556289.2609815896,556323.037621647,33.776640057478595,29.26098158955574,63.03762164700311,否
3383,B6T0000001129,E3,5,10,14,2,浅位,556260.0,556323.037621647,556356.8142617045,33.776640057478595,63.03762164700311,96.81426170445047,否
1255,B6T0000000799,E3,5,10,16,9,浅位,555960.0,556356.8142617045,556399.0451926666,42.23093096209145,396.8142617044505,439.0451926665846,否
1254,B6T0000000799,E3,5,10,16,9,深位,555960.0,556399.0451926666,556441.2761236287,42.23093096209145,439.0451926665846,481.2761236287188,否
2313,B6T0000001748,E1,5,9,6,13,浅位,558300.0,558300.0,558331.7101839334,31.71018393336826,0.0,31.710183933377266,否
2312,B6T0000001748,E1,5,9,6,13,深位,558300.0,558331.7101839334,558363.4203678668,31.71018393336826,31.710183933377266,63.42036786675453,否
2311,B6T0000001748,E1,5,10,6,13,浅位,558300.0,558363.4203678668,558395.1305518001,31.71018393336826,63.42036786675453,95.1305518001318,否
2309,B6T0000001748,E1,5,10,6,13,深位,558300.0,558395.1305518001,558426.8407357335,31.71018393336826,95.1305518001318,126.84073573350906,否
219,B6T0000000581,E3,5,10,16,1,浅位,558600.0,558600.0,558634.6532221981,34.65322219809178,0.0,34.653222198132426,否
218,B6T0000000581,E3,5,10,16,1,深位,558600.0,558634.6532221981,558669.3064443963,34.65322219809178,34.653222198132426,69.30644439626485,否
2577,B6T0000001934,E1,5,9,6,18,浅位,572820.0,572859.7404750078,572893.8644979503,34.12402294244412,39.74047500779852,73.86449795030057,否
2578,B6T0000001934,E1,5,9,6,18,深位,572820.0,572893.8644979503,572927.9885208928,34.12402294244412,73.86449795030057,107.98852089280263,否
2579,B6T0000001934,E1,5,10,6,18,浅位,572820.0,572927.9885208928,572962.1125438353,34.12402294244412,107.98852089280263,142.11254383530468,否
3576,B6T0000000676,E3,6,11,26,40,浅位,3840.0,3840.0,3907.1144831116785,67.11448311167842,0.0,67.11448311167851,否
3577,B6T0000000676,E3,6,11,26,40,深位,3840.0,3907.1144831116785,3974.228966223357,67.11448311167842,67.11448311167851,134.22896622335702,否
1490,B6T0000000758,E3,6,11,13,15,浅位,4740.0,4907.432573838392,4949.29071729799,41.858143459598054,167.43257383839227,209.29071729799034,否
1484,B6T0000000758,E3,6,11,13,15,深位,4740.0,4949.29071729799,4991.148860757588,41.858143459598054,209.29071729799034,251.1488607575884,否
1489,B6T0000000758,E3,6,12,13,15,浅位,4740.0,4991.148860757588,5033.0070042171865,41.858143459598054,251.1488607575884,293.0070042171865,否
1488,B6T0000000758,E3,6,12,13,15,深位,4740.0,5033.0070042171865,5074.8651476767845,41.858143459598054,293.0070042171865,334.86514767678455,否
2603,B6T0000000732,E3,6,11,31,10,浅位,14580.0,14580.0,14641.190604972127,61.190604972128,0.0,61.1906049721274,否
3005,B6T0000001500,E1,6,11,2,30,浅位,14640.0,14641.190604972127,14674.235543833247,33.044938861119974,1.190604972127403,34.23554383324699,否
3004,B6T0000001500,E1,6,11,2,30,深位,14640.0,14674.235543833247,14707.280482694367,33.044938861119974,34.23554383324699,67.28048269436658,否
3006,B6T0000001500,E1,6,12,2,30,浅位,14640.0,14707.280482694367,14740.325421555486,33.044938861119974,67.28048269436658,100.32542155548617,否
2602,B6T0000000732,E3,6,11,31,10,深位,14580.0,14740.325421555486,14801.516026527614,61.190604972128,160.32542155548617,221.51602652761358,否
2601,B6T0000000732,E3,6,12,31,10,浅位,14580.0,14801.516026527614,14862.706631499741,61.190604972128,221.51602652761358,282.706631499741,否
2600,B6T0000000732,E3,6,12,31,10,深位,14580.0,14862.706631499741,14923.897236471868,61.190604972128,282.706631499741,343.8972364718684,否
593,B6T0000001238,E3,6,11,15,4,浅位,19080.0,19377.75270459475,19414.971792669094,37.219088074344484,297.75270459474996,334.9717926690937,否
589,B6T0000001238,E3,6,11,15,4,深位,19080.0,19414.971792669094,19452.190880743437,37.219088074344484,334.9717926690937,372.19088074343745,否
588,B6T0000001238,E3,6,12,15,4,浅位,19080.0,19452.190880743437,19489.40996881778,37.219088074344484,372.19088074343745,409.4099688177812,否
592,B6T0000001238,E3,6,12,15,4,深位,19080.0,19489.40996881778,19526.629056892125,37.219088074344484,409.4099688177812,446.62905689212494,否
3294,B6T0000000702,E3,6,12,29,27,浅位,19740.0,19740.0,19806.450683267114,66.45068326711566,0.0,66.45068326711407,否
3295,B6T0000000702,E3,6,12,29,27,深位,19740.0,19806.450683267114,19872.901366534228,66.45068326711566,66.45068326711407,132.90136653422815,否
894,B6T0000000488,E3,6,12,12,9,浅位,25680.0,25680.0,25717.2652862061,37.265286206101976,0.0,37.26528620610043,否
893,B6T0000000488,E3,6,12,12,9,深位,25680.0,25717.2652862061,25754.5305724122,37.265286206101976,37.26528620610043,74.53057241220085,否
736,B6T0000000140,E4,6,11,45,3,浅位,25680.0,26121.268944324,26194.926834914957,73.65789059095431,441.2689443240015,514.926834914957,否
735,B6T0000000140,E4,6,11,45,3,深位,25680.0,26194.926834914957,26268.584725505913,73.65789059095431,514.926834914957,588.5847255059125,否
743,B6T0000000140,E4,6,12,45,3,浅位,25680.0,26268.584725505913,26342.242616096868,73.65789059095431,588.5847255059125,662.242616096868,否
744,B6T0000000140,E4,6,12,45,3,深位,25680.0,26365.197067246972,26436.138351621,70.94128437402969,685.1970672469724,756.1383516210008,是
2556,B6T0000001217,E3,6,11,12,29,浅位,28320.0,28505.209313349624,28551.51164168703,46.30232833740533,185.2093133496237,231.51164168702962,否
2798,B6T0000001494,E1,6,12,1,26,浅位,36360.0,36360.0,36388.95243558983,28.952435589834128,0.0,28.95243558983202,否
2797,B6T0000001494,E1,6,12,1,26,深位,36360.0,36388.95243558983,36417.904871179664,28.952435589834128,28.95243558983202,57.90487117966404,否
2766,B6T0000001531,E1,6,11,4,24,浅位,40740.0,40740.0,40774.17351631229,34.17351631228313,0.0,34.173516312286665,否
2767,B6T0000001531,E1,6,11,4,24,深位,40740.0,40774.17351631229,40808.34703262457,34.17351631228313,34.173516312286665,68.34703262457333,否
2765,B6T0000001531,E1,6,12,4,24,浅位,40740.0,40808.34703262457,40842.52054893686,34.17351631228313,68.34703262457333,102.52054893686,否
2764,B6T0000001531,E1,6,12,4,24,深位,40740.0,40842.52054893686,40876.69406524915,34.17351631228313,102.52054893686,136.69406524914666,否
3722,B6T0000000882,E3,6,12,14,57,浅位,44940.0,44940.0,44997.68143428286,57.68143428285857,0.0,57.68143428285839,否
3723,B6T0000000882,E3,6,12,14,57,深位,44940.0,44997.68143428286,45055.36286856572,57.68143428285857,57.68143428285839,115.36286856571678,否
666,B6T0000001698,E1,6,11,8,1,浅位,54180.0,54514.0312695265,54537.89064592125,23.859376394751425,334.031269526502,357.89064592125214,否
660,B6T0000001698,E1,6,11,8,1,深位,54180.0,54537.89064592125,54561.750022316,23.859376394751425,357.89064592125214,381.7500223160023,否
659,B6T0000001698,E1,6,12,8,1,浅位,54180.0,54561.750022316,54585.60939871075,23.859376394751425,381.7500223160023,405.60939871075243,否
2175,B6T0000001942,E1,6,11,5,12,浅位,55560.0,55641.25387257201,55671.27782864178,30.023956069773735,81.25387257200782,111.27782864178153,否
2173,B6T0000001942,E1,6,11,5,12,深位,55560.0,55671.27782864178,55701.301784711555,30.023956069773735,111.27782864178153,141.30178471155523,否
2171,B6T0000001942,E1,6,12,5,12,浅位,55560.0,55701.301784711555,55731.32574078133,30.023956069773735,141.30178471155523,171.32574078132893,否
2170,B6T0000001942,E1,6,12,5,12,深位,55560.0,55731.32574078133,55761.3496968511,30.023956069773735,171.32574078132893,201.34969685110264,否
290,B6T0000001196,E3,6,12,12,6,浅位,55860.0,55860.0,55895.17948300571,35.17948300571017,0.0,35.17948300571152,否
291,B6T0000001196,E3,6,12,12,6,深位,55860.0,55895.17948300571,55930.35896601142,35.17948300571017,35.17948300571152,70.35896601142304,否
377,B6T0000001440,E1,6,11,5,2,浅位,55740.0,56138.41359212164,56173.97502253862,35.56143041698758,398.4135921216366,433.9750225386233,是
372,B6T0000001440,E1,6,11,5,2,深位,55740.0,56173.97502253862,56196.23225127707,22.25722873844725,433.9750225386233,456.23225127706974,否
454,B6T0000000678,E3,6,11,9,10,浅位,56280.0,56776.950885822574,56810.34577999692,33.39489417434322,496.9508858225745,530.3457799969183,否
455,B6T0000000678,E3,6,11,9,10,深位,56280.0,56810.34577999692,56843.74067417126,33.39489417434322,530.3457799969183,563.7406741712621,否
444,B6T0000000678,E3,6,12,9,10,浅位,56280.0,56843.74067417126,56877.135568345606,33.39489417434322,563.7406741712621,597.1355683456059,否
437,B6T0000000678,E3,6,12,9,10,深位,56280.0,56877.135568345606,56910.53046251995,33.39489417434322,597.1355683456059,630.5304625199497,否
3595,B6T0000000164,E4,6,12,43,43,浅位,86220.0,86220.0,86308.99649454294,88.99649454294014,0.0,88.99649454293831,否
3594,B6T0000000164,E4,6,12,43,43,深位,86220.0,86308.99649454294,86397.99298908588,88.99649454294014,88.99649454293831,177.99298908587662,否
2020,B6T0000001110,E3,6,11,26,7,浅位,86400.0,86400.0,86453.11861932217,53.118619322172094,0.0,53.118619322165614,否
2014,B6T0000001110,E3,6,11,26,7,深位,86400.0,86453.11861932217,86506.23723864433,53.118619322172094,53.118619322165614,106.23723864433123,否
2018,B6T0000001110,E3,6,12,26,7,浅位,86400.0,86506.23723864433,86559.3558579665,53.118619322172094,106.23723864433123,159.35585796649684,否
2017,B6T0000001110,E3,6,12,26,7,深位,86400.0,86559.3558579665,86612.47447728866,53.118619322172094,159.35585796649684,212.47447728866246,否
3531,B6T0000000832,E3,6,12,36,28,浅位,87240.0,87240.0,87315.37287082826,75.37287082825225,0.0,75.37287082825787,否
3530,B6T0000000832,E3,6,12,36,28,深位,87240.0,87315.37287082826,87390.74574165652,75.37287082825225,75.37287082825787,150.74574165651575,否
3376,B6T0000001260,E3,6,11,20,39,浅位,87780.0,87780.0,87839.46032256975,59.46032256974779,0.0,59.46032256975013,否
3377,B6T0000001260,E3,6,11,20,39,深位,87780.0,87839.46032256975,87898.9206451395,59.46032256974779,59.46032256975013,118.92064513950027,否
2314,B6T0000001107,E3,6,11,13,24,浅位,88140.0,88231.49098685625,88277.23648028438,45.74549342812308,91.49098685625358,137.23648028438038,否
2319,B6T0000001107,E3,6,11,13,24,深位,88140.0,88277.23648028438,88322.9819737125,45.74549342812308,137.23648028438038,182.98197371250717,否
2318,B6T0000001107,E3,6,12,13,24,浅位,88140.0,88322.9819737125,88368.72746714063,45.74549342812308,182.98197371250717,228.72746714063396,否
2317,B6T0000001107,E3,6,12,13,24,深位,88140.0,88368.72746714063,88414.47296056876,45.74549342812308,228.72746714063396,274.47296056876075,否
116,B6T0000000154,E4,6,11,44,1,浅位,87960.0,88930.04275308736,88999.39827413602,69.35552104866652,970.0427530873567,1039.3982741360232,否
122,B6T0000000154,E4,6,11,44,1,深位,87960.0,88999.39827413602,89068.75379518469,69.35552104866652,1039.3982741360232,1108.7537951846898,否
2129,B6T0000000727,E3,6,11,15,4,深位,89040.0,89068.75379518469,89105.97288325903,37.219088074344484,28.753795184689807,65.97288325903355,否
2133,B6T0000000727,E3,6,12,15,4,浅位,89040.0,89105.97288325903,89143.19197133338,37.219088074344484,65.97288325903355,103.1919713333773,否
2131,B6T0000000727,E3,6,12,15,4,深位,89040.0,89143.19197133338,89180.41105940772,37.219088074344484,103.1919713333773,140.41105940772104,否
112,B6T0000000154,E4,6,12,44,1,浅位,87960.0,89180.41105940772,89249.76658045639,69.35552104866652,1220.411059407721,1289.7665804563876,否
124,B6T0000000154,E4,6,12,44,1,深位,87960.0,89249.76658045639,89319.12210150505,69.35552104866652,1289.7665804563876,1359.1221015050542,否
3299,B6T0000001308,E3,6,12,25,31,浅位,89340.0,89340.0,89402.96671277187,62.96671277186712,0.0,62.966712771871244,否
3298,B6T0000001308,E3,6,12,25,31,深位,89340.0,89402.96671277187,89465.93342554374,62.96671277186712,62.966712771871244,125.93342554374249,否
3555,B6T0000000380,E3,6,11,15,51,浅位,89520.0,89520.0,89577.06094452774,57.060944527736126,0.0,57.060944527736865,否
3554,B6T0000000380,E3,6,11,15,51,深位,89520.0,89577.06094452774,89634.12188905547,57.060944527736126,57.060944527736865,114.12188905547373,否
2946,B6T0000000781,E3,6,12,11,3,深位,98340.0,98340.0,98371.08719131716,31.08719131715379,0.0,31.087191317157703,否
2945,B6T0000000781,E3,6,11,11,4,深位,98340.0,98371.08719131716,98403.1896031062,32.10241178904977,31.087191317157703,63.18960310620605,否
2944,B6T0000000781,E3,6,11,12,9,深位,98340.0,98403.1896031062,98440.45488931231,37.265286206101976,63.18960310620605,100.45488931231375,否
2255,B6T0000001242,E3,6,11,19,17,浅位,111300.0,111542.23056553441,111600.57416730064,58.343601766226236,242.23056553440983,300.5741673006414,是
2256,B6T0000001242,E3,6,11,19,17,深位,111300.0,111653.63166355251,111711.97526531875,58.343601766226236,353.6316635525145,411.9752653187461,是
2257,B6T0000001242,E3,6,12,19,17,浅位,111300.0,111765.03276157062,111823.37636333685,58.343601766226236,465.0327615706192,523.3763633368508,是
2258,B6T0000001242,E3,6,12,19,17,深位,111300.0,111823.37636333685,111873.53154348726,50.15518015040296,523.3763633368508,573.5315434872609,否
3309,B6T0000001474,E1,6,11,8,5,深位,117360.0,117360.0,117388.54265796774,28.542657967751175,0.0,28.542657967744162,否
3308,B6T0000001474,E1,6,12,3,15,深位,117360.0,117388.54265796774,117417.34044756214,28.797789594391027,28.542657967744162,57.34044756213552,否
63,B6T0000001664,E1,6,11,2,2,浅位,118500.0,118641.2062239421,118658.85700193487,17.650777992764837,141.2062239421066,158.8570019348699,否
45,B6T0000001104,E3,6,12,11,1,浅位,123780.0,123780.0,123808.31355740705,28.31355740704993,0.0,28.313557407047483,否
44,B6T0000001104,E3,6,12,11,1,深位,123780.0,123808.31355740705,123836.6271148141,28.31355740704993,28.313557407047483,56.627114814094966,否
2337,B6T0000001994,E1,6,11,1,16,浅位,127920.0,128019.15364275943,128043.94205344928,24.78841068985478,99.15364275942557,123.94205344928196,否
2336,B6T0000001994,E1,6,11,1,16,深位,127920.0,128043.94205344928,128068.73046413914,24.78841068985478,123.94205344928196,148.73046413913835,否
1048,B6T0000001052,E3,6,11,17,6,浅位,130740.0,130740.0,130781.36811626745,41.368116267446766,0.0,41.368116267447476,否
1049,B6T0000001052,E3,6,11,17,6,深位,130740.0,130781.36811626745,130822.7362325349,41.368116267446766,41.368116267447476,82.73623253489495,否
1043,B6T0000001052,E3,6,12,17,6,浅位,130740.0,130822.7362325349,130864.10434880234,41.368116267446766,82.73623253489495,124.10434880234243,否
1044,B6T0000001052,E3,6,12,17,6,深位,130740.0,130864.10434880234,130905.47246506979,41.368116267446766,124.10434880234243,165.4724650697899,否
3107,B6T0000000605,E3,6,11,41,9,浅位,133560.0,133560.0,133632.80564360577,72.80564360576963,0.0,72.80564360576682,否
3106,B6T0000000605,E3,6,11,41,9,深位,133560.0,133632.80564360577,133705.61128721153,72.80564360576963,72.80564360576682,145.61128721153364,否
3108,B6T0000000605,E3,6,12,41,9,浅位,133560.0,133705.61128721153,133778.4169308173,72.80564360576963,145.61128721153364,218.41693081730045,否
3468,B6T0000001000,E3,6,11,26,36,浅位,134940.0,134940.0,135005.83824873078,65.83824873077961,0.0,65.83824873078265,否
3469,B6T0000001000,E3,6,11,26,36,深位,134940.0,135005.83824873078,135071.67649746157,65.83824873077961,65.83824873078265,131.6764974615653,否
3099,B6T0000001767,E1,6,12,5,31,浅位,140580.0,140605.37025530107,140642.75786184327,37.38760654221089,25.37025530106621,62.75786184327444,是
3097,B6T0000001767,E1,6,12,5,31,深位,140580.0,140665.89339056893,140689.0289192946,23.135528725660045,85.89339056893368,109.02891929459292,是
2948,B6T0000001040,E3,6,11,30,17,浅位,142020.0,142020.0,142083.60805371363,63.60805371362136,0.0,63.60805371362949,否
2947,B6T0000001040,E3,6,11,30,17,深位,142020.0,142083.60805371363,142147.21610742726,63.60805371362136,63.60805371362949,127.21610742725898,否
2949,B6T0000001040,E3,6,12,30,17,浅位,142020.0,142147.21610742726,142210.8241611409,63.60805371362136,127.21610742725898,190.82416114088846,否
358,B6T0000001370,E1,6,11,3,3,浅位,173100.0,173141.37221592764,173162.05832389146,20.686107963804375,41.37221592763672,62.058323891455075,否
354,B6T0000001370,E1,6,11,3,3,深位,173100.0,173162.05832389146,173182.74443185527,20.686107963804375,62.058323891455075,82.74443185527343,否
355,B6T0000001370,E1,6,12,3,3,浅位,173100.0,173182.74443185527,173203.4305398191,20.686107963804375,82.74443185527343,103.43053981909179,否
356,B6T0000001370,E1,6,12,3,3,深位,173100.0,173203.4305398191,173224.1166477829,20.686107963804375,103.43053981909179,124.11664778291015,否
1883,B6T0000001166,E3,6,11,21,11,浅位,173400.0,173623.38643476914,173672.93195348437,49.545518715214925,223.3864347691415,272.9319534843671,否
1884,B6T0000001166,E3,6,11,21,11,深位,173400.0,173672.93195348437,173722.4774721996,49.545518715214925,272.9319534843671,322.47747219959274,否
1881,B6T0000001166,E3,6,12,21,11,浅位,173400.0,173722.4774721996,173772.02299091482,49.545518715214925,322.47747219959274,372.02299091481837,否
2935,B6T0000000065,E4,6,11,44,23,浅位,173700.0,173867.47474789823,173951.21212184735,83.73737394910302,167.47474789823173,251.2121218473476,否
993,B6T0000001090,E3,6,12,11,12,浅位,174180.0,174180.0,174217.64967960925,37.649679609257475,0.0,37.649679609254235,否
994,B6T0000001090,E3,6,12,11,12,深位,174180.0,174217.64967960925,174255.2993592185,37.649679609257475,37.649679609254235,75.29935921850847,否
3437,B6T0000001133,E3,6,11,28,33,浅位,174420.0,174420.0,174487.30554124108,67.30554124106564,0.0,67.30554124107584,否
3436,B6T0000001133,E3,6,11,28,33,深位,174420.0,174487.30554124108,174554.61108248215,67.30554124106564,67.30554124107584,134.6110824821517,否
773,B6T0000000843,E3,6,11,15,5,浅位,174120.0,174862.11206095133,174900.22557621668,38.113515265344404,742.1120609513309,780.2255762166751,否
779,B6T0000000843,E3,6,11,15,5,深位,174120.0,174900.22557621668,174938.33909148202,38.113515265344404,780.2255762166751,818.3390914820193,否
767,B6T0000000843,E3,6,12,15,5,浅位,174120.0,174938.33909148202,174976.45260674736,38.113515265344404,818.3390914820193,856.4526067473635,否
771,B6T0000000843,E3,6,12,15,5,深位,174120.0,174976.45260674736,175014.5661220127,38.113515265344404,856.4526067473635,894.5661220127076,否
2214,B6T0000001272,E3,6,11,9,27,浅位,175380.0,175545.47246506973,175586.57341455057,41.10094948082514,165.4724650697317,206.5734145505703,否
2215,B6T0000001272,E3,6,11,9,27,深位,175380.0,175600.5096521207,175640.038639838,39.528987717286384,220.5096521207015,260.0386398379924,是
2216,B6T0000001272,E3,6,12,9,27,浅位,175380.0,175653.97487740812,175693.5038651254,39.528987717286384,273.9748774081236,313.50386512541445,是
2459,B6T0000001943,E1,6,12,1,19,浅位,181500.0,181500.0,181526.1482265248,26.148226524783972,0.0,26.148226524790516,否
2458,B6T0000001943,E1,6,12,1,19,深位,181500.0,181526.1482265248,181552.29645304958,26.148226524783972,26.148226524790516,52.29645304958103,否
189,B6T0000000932,E3,6,11,15,1,浅位,190380.0,190832.42026470788,190865.85049840022,33.43023369234466,452.42026470787823,485.8504984002211,否
190,B6T0000000932,E3,6,11,15,1,深位,190380.0,190865.85049840022,190899.28073209256,33.43023369234466,485.8504984002211,519.280732092564,否
2904,B6T0000000326,E3,6,12,9,38,浅位,193500.0,193500.0,193544.79941925837,44.79941925836017,0.0,44.79941925837193,否
2903,B6T0000000326,E3,6,12,9,38,深位,193500.0,193544.79941925837,193589.59883851674,44.79941925836017,44.79941925837193,89.59883851674385,否
1874,B6T0000000931,E3,6,11,20,12,浅位,194940.0,195037.76259684656,195086.64389526984,48.88129842328784,97.76259684655815,146.64389526983723,否
1875,B6T0000000931,E3,6,11,20,12,深位,194940.0,195086.64389526984,195135.52519369312,48.88129842328784,146.64389526983723,195.5251936931163,否
1876,B6T0000000931,E3,6,12,20,12,浅位,194940.0,195135.52519369312,195184.4064921164,48.88129842328784,195.5251936931163,244.40649211639538,否
1871,B6T0000000931,E3,6,12,20,12,深位,194940.0,195184.4064921164,195233.28779053967,48.88129842328784,244.40649211639538,293.28779053967446,否
1494,B6T0000000905,E3,6,11,14,14,浅位,195660.0,195660.0,195702.5949857904,42.594985790418185,0.0,42.59498579040519,否
1505,B6T0000000905,E3,6,11,14,14,深位,195660.0,195702.5949857904,195745.1899715808,42.594985790418185,42.59498579040519,85.18997158081038,否
1504,B6T0000000905,E3,6,12,14,14,浅位,195660.0,195745.1899715808,195787.78495737122,42.594985790418185,85.18997158081038,127.78495737121557,否
1503,B6T0000000905,E3,6,12,14,14,深位,195660.0,195787.78495737122,195830.37994316162,42.594985790418185,127.78495737121557,170.37994316162076,否
1357,B6T0000001367,E1,6,11,2,7,浅位,198960.0,199102.35900197402,199124.67589716252,22.316895188492822,142.35900197402225,164.67589716252405,否
1356,B6T0000001367,E1,6,11,2,7,深位,198960.0,199124.67589716252,199146.99279235103,22.316895188492822,164.67589716252405,186.99279235102586,否
1355,B6T0000001367,E1,6,12,2,7,浅位,198960.0,199146.99279235103,199169.30968753953,22.316895188492822,186.99279235102586,209.30968753952766,否
1354,B6T0000001367,E1,6,12,2,7,深位,198960.0,199169.30968753953,199191.62658272803,22.316895188492822,209.30968753952766,231.62658272802946,否
2898,B6T0000000865,E3,6,11,15,4,浅位,201240.0,201240.0,201277.21908807434,37.219088074344484,0.0,37.219088074343745,否
2897,B6T0000000865,E3,6,12,12,9,浅位,201240.0,201277.21908807434,201314.48437428044,37.265286206101976,37.219088074343745,74.4843742804369,否
2896,B6T0000000865,E3,6,12,12,9,深位,201240.0,201314.48437428044,201351.74966048653,37.265286206101976,74.4843742804369,111.74966048653005,否
3472,B6T0000001980,E1,6,12,5,46,浅位,201360.0,201382.95445115012,201427.06894233066,44.114491180536234,22.954451150115347,67.06894233066123,是
3473,B6T0000001980,E1,6,12,5,46,深位,201360.0,201450.02339348075,201494.1378846613,44.114491180536234,90.02339348074747,134.13788466129336,是
1143,B6T0000000395,E3,6,11,16,8,浅位,202560.0,202946.43445127647,202988.01531759833,41.58086632185374,386.43445127646555,428.0153175983287,否
1144,B6T0000000395,E3,6,11,16,8,深位,202560.0,202988.01531759833,203029.5961839202,41.58086632185374,428.0153175983287,469.59618392019183,否
1145,B6T0000000395,E3,6,12,16,8,浅位,202560.0,203029.5961839202,203071.17705024205,41.58086632185374,469.59618392019183,511.177050242055,否
1146,B6T0000000395,E3,6,12,16,8,深位,202560.0,203071.17705024205,203112.75791656392,41.58086632185374,511.177050242055,552.7579165639181,否
828,B6T0000001427,E1,6,11,4,4,浅位,203940.0,204125.51764148055,204148.70734666561,23.189705185067417,185.51764148054644,208.70734666561475,否
829,B6T0000001427,E1,6,11,4,4,深位,203940.0,204148.70734666561,204171.89705185068,23.189705185067417,208.70734666561475,231.89705185068306,否
830,B6T0000001427,E1,6,12,4,4,浅位,203940.0,204171.89705185068,204195.08675703575,23.189705185067417,231.89705185068306,255.08675703575136,否
831,B6T0000001427,E1,6,12,4,4,深位,203940.0,204195.08675703575,204218.27646222082,23.189705185067417,255.08675703575136,278.27646222081967,否
1456,B6T0000000897,E3,6,11,21,6,浅位,220080.0,220635.12084348535,220681.3809137758,46.26007029043528,555.120843485347,601.3809137757926,否
2123,B6T0000001478,E1,6,11,2,13,浅位,223500.0,223551.90687497891,223577.86031246837,25.953437489450764,51.90687497891486,77.86031246837229,否
2122,B6T0000001478,E1,6,11,2,13,深位,223500.0,223577.86031246837,223603.81374995783,25.953437489450764,77.86031246837229,103.81374995782971,否
2121,B6T0000001478,E1,6,12,2,13,浅位,223500.0,223603.81374995783,223629.7671874473,25.953437489450764,103.81374995782971,129.76718744728714,否
2120,B6T0000001478,E1,6,12,2,13,深位,223500.0,223629.7671874473,223655.72062493674,25.953437489450764,129.76718744728714,155.72062493674457,否
3582,B6T0000000664,E3,6,11,9,10,浅位,225240.0,225240.0,225273.39489417433,33.39489417434322,0.0,33.39489417432924,否
3583,B6T0000000664,E3,6,11,9,10,深位,225240.0,225273.39489417433,225306.78978834866,33.39489417434322,33.39489417432924,66.78978834865848,否
688,B6T0000001180,E3,6,11,10,10,浅位,258900.0,259052.84685674284,259087.86851469436,35.021657951526706,152.84685674283537,187.86851469436078,否
687,B6T0000001180,E3,6,11,10,10,深位,258900.0,259087.86851469436,259122.8901726459,35.021657951526706,187.86851469436078,222.8901726458862,否
690,B6T0000001180,E3,6,12,10,10,浅位,258900.0,259122.8901726459,259157.9118305974,35.021657951526706,222.8901726458862,257.9118305974116,否
2249,B6T0000001205,E3,6,11,18,18,浅位,258900.0,259338.02189233075,259389.52178950628,51.49989717552546,438.0218923307548,489.5217895062815,是
2248,B6T0000001205,E3,6,11,18,18,深位,258900.0,259419.1174157081,259448.71304190994,29.59562620182478,519.1174157081114,548.7130419099412,是
3634,B6T0000000476,E3,6,11,16,8,深位,259560.0,259560.0,259601.58086632186,41.58086632185374,0.0,41.58086632186314,否
3635,B6T0000000476,E3,6,12,16,8,浅位,259560.0,259601.58086632186,259643.16173264373,41.58086632185374,41.58086632186314,83.16173264372628,否
675,B6T0000001180,E3,6,12,10,10,深位,259800.0,259800.0,259835.02165795153,35.021657951526706,0.0,35.02165795152541,否
257,B6T0000001466,E1,6,11,4,2,浅位,259800.0,260302.818651779,260323.78889745296,20.970245673948646,502.8186517790018,523.7888974529633,否
2293,B6T0000001477,E1,6,11,2,15,浅位,259920.0,260373.6532352196,260400.61993388218,26.966698662574288,453.6532352195936,480.61993388217525,否
2292,B6T0000001477,E1,6,11,2,15,深位,259920.0,260400.61993388218,260427.58663254476,26.966698662574288,480.61993388217525,507.58663254475687,否
2291,B6T0000001477,E1,6,12,2,15,浅位,259920.0,260427.58663254476,260454.55333120734,26.966698662574288,507.58663254475687,534.5533312073385,否
2290,B6T0000001477,E1,6,12,2,15,深位,259920.0,260454.55333120734,260481.52002986992,26.966698662574288,534.5533312073385,561.5200298699201,否
166,B6T0000000810,E3,6,11,14,2,浅位,259440.0,260663.79740668045,260697.57404673792,33.776640057478595,1223.7974066804454,1257.574046737922,否
158,B6T0000000810,E3,6,11,14,2,深位,259440.0,260697.57404673792,260731.3506867954,33.776640057478595,1257.574046737922,1291.3506867953984,否
157,B6T0000000810,E3,6,12,14,2,浅位,259440.0,260731.3506867954,260765.12732685287,33.776640057478595,1291.3506867953984,1325.1273268528748,否
161,B6T0000000810,E3,6,12,14,2,深位,259440.0,260765.12732685287,260798.90396691035,33.776640057478595,1325.1273268528748,1358.9039669103513,否
3093,B6T0000000969,E3,6,11,16,34,浅位,260700.0,260893.2549539565,260946.21308909918,52.958135142677065,193.2549539564934,246.21308909918298,否
273,B6T0000000305,E4,6,11,43,3,浅位,260820.0,261104.09155262727,261174.69197195387,70.60041932658646,284.0915526272729,354.69197195387096,否
278,B6T0000000305,E4,6,11,43,3,深位,260820.0,261174.69197195387,261245.29239128047,70.60041932658646,354.69197195387096,425.292391280469,否
274,B6T0000000305,E4,6,12,43,3,浅位,260820.0,261245.29239128047,261315.89281060707,70.60041932658646,425.292391280469,495.8928106070671,否
275,B6T0000000305,E4,6,12,43,3,深位,260820.0,261315.89281060707,261386.49322993367,70.60041932658646,495.8928106070671,566.4932299336651,否
2277,B6T0000001817,E1,6,12,1,15,浅位,261660.0,261660.0,261684.30716308454,24.307163084545795,0.0,24.307163084537024,否
2274,B6T0000001817,E1,6,12,1,15,深位,261660.0,261684.30716308454,261708.61432616907,24.307163084545795,24.307163084537024,48.61432616907405,否
654,B6T0000001698,E1,6,12,8,1,深位,261780.0,261780.0,261803.85937639474,23.859376394751425,0.0,23.859376394742867,否
3074,B6T0000001204,E3,6,11,22,1,深位,267240.0,267240.0,267281.9911532326,41.99115323257455,0.0,41.991153232578654,否
3073,B6T0000001204,E3,6,12,13,15,浅位,267240.0,267281.9911532326,267323.8492966922,41.858143459598054,41.991153232578654,83.84929669217672,否
3075,B6T0000001204,E3,6,12,13,15,深位,267240.0,267323.8492966922,267365.7074401518,41.858143459598054,83.84929669217672,125.70744015177479,否
3217,B6T0000000566,E3,6,11,15,4,浅位,282900.0,282900.0,282937.21908807434,37.219088074344484,0.0,37.219088074343745,否
3218,B6T0000000566,E3,6,12,12,9,浅位,282900.0,282937.21908807434,282974.48437428044,37.265286206101976,37.219088074343745,74.4843742804369,否
3219,B6T0000000566,E3,6,12,12,9,深位,282900.0,282974.48437428044,283011.74966048653,37.265286206101976,74.4843742804369,111.74966048653005,否
2462,B6T0000000438,E3,6,11,30,9,浅位,284400.0,284400.0,284459.35277004255,59.35277004255123,0.0,59.35277004254749,否
2460,B6T0000000438,E3,6,11,30,9,深位,284400.0,284459.35277004255,284518.7055400851,59.35277004255123,59.35277004254749,118.70554008509498,否
2464,B6T0000000438,E3,6,12,30,9,浅位,284400.0,284518.7055400851,284578.05831012764,59.35277004255123,118.70554008509498,178.05831012764247,否
2463,B6T0000000438,E3,6,12,30,9,深位,284400.0,284578.05831012764,284637.4110801702,59.35277004255123,178.05831012764247,237.41108017018996,否
1340,B6T0000000043,E4,6,11,45,3,浅位,286740.0,286740.0,286813.65789059096,73.65789059095431,0.0,73.6578905909555,否
1342,B6T0000000043,E4,6,11,45,3,深位,286740.0,286813.65789059096,286887.3157811819,73.65789059095431,73.6578905909555,147.315781181911,否
1343,B6T0000000043,E4,6,12,45,3,浅位,286740.0,286887.3157811819,286960.97367177287,73.65789059095431,147.315781181911,220.9736717728665,否
1346,B6T0000000043,E4,6,12,45,3,深位,286740.0,286960.97367177287,287034.6315623638,73.65789059095431,220.9736717728665,294.631562363822,否
2073,B6T0000001546,E1,6,11,4,11,浅位,287100.0,287212.7128191658,287240.8910239572,28.178204791455087,112.712819165783,140.89102395722875,否
2072,B6T0000001546,E1,6,11,4,11,深位,287100.0,287240.8910239572,287269.0692287487,28.178204791455087,140.89102395722875,169.0692287486745,否
2071,B6T0000001546,E1,6,12,4,11,浅位,287100.0,287269.0692287487,287297.2474335401,28.178204791455087,169.0692287486745,197.24743354012026,否
2672,B6T0000000584,E3,6,12,33,9,浅位,288000.0,288022.9544511501,288076.6096235639,53.65517241379312,22.954451150086243,76.60962356388336,是
2673,B6T0000000584,E3,6,12,33,9,深位,288000.0,288099.56407471397,288153.21924712777,53.65517241379312,99.5640747139696,153.21924712776672,是
3498,B6T0000001296,E3,6,12,12,9,浅位,293340.0,293340.0,293377.2652862061,37.265286206101976,0.0,37.26528620609315,否
3499,B6T0000001296,E3,6,12,12,9,深位,293340.0,293377.2652862061,293414.5305724122,37.265286206101976,37.26528620609315,74.5305724121863,否
460,B6T0000001382,E1,6,11,2,4,浅位,295980.0,296124.809343553,296144.6795810569,19.870237503883608,144.8093435529736,164.67958105687285,否
468,B6T0000001382,E1,6,11,2,4,深位,295980.0,296144.6795810569,296164.5498185608,19.870237503883608,164.67958105687285,184.5498185607721,否
465,B6T0000001382,E1,6,12,2,4,浅位,295980.0,296164.5498185608,296184.4200560647,19.870237503883608,184.5498185607721,204.42005606467137,否
459,B6T0000001382,E1,6,12,2,4,深位,295980.0,296184.4200560647,296204.29029356857,19.870237503883608,204.42005606467137,224.29029356857063,否
2535,B6T0000001134,E3,6,12,14,2,浅位,301260.0,301260.0,301293.7766400575,33.776640057478595,0.0,33.776640057505574,否
2536,B6T0000001134,E3,6,12,14,2,深位,301260.0,301293.7766400575,301327.553280115,33.776640057478595,33.776640057505574,67.55328011501115,否
2537,B6T0000001134,E3,6,12,10,10,深位,301260.0,301327.553280115,301362.57493806654,35.021657951526706,67.55328011501115,102.57493806653656,否
2538,B6T0000001134,E3,6,11,16,8,深位,301260.0,301362.57493806654,301404.1558043884,41.58086632185374,102.57493806653656,144.1558043883997,否
2539,B6T0000001134,E3,6,12,16,8,浅位,301260.0,301404.1558043884,301445.73667071026,41.58086632185374,144.1558043883997,185.73667071026284,否
1529,B6T0000000228,E4,6,11,43,10,浅位,301800.0,302139.44444589433,302215.46378649864,76.01934060431192,339.4444458943326,415.46378649864346,否
1528,B6T0000000228,E4,6,11,43,10,深位,301800.0,302215.46378649864,302291.48312710295,76.01934060431192,415.46378649864346,491.4831271029543,否
1524,B6T0000000228,E4,6,12,43,10,浅位,301800.0,302291.48312710295,302367.50246770727,76.01934060431192,491.4831271029543,567.5024677072652,否
1520,B6T0000000228,E4,6,12,43,10,深位,301800.0,302367.50246770727,302443.5218083116,76.01934060431192,567.5024677072652,643.521808311576,否
341,B6T0000000139,E4,6,11,45,1,浅位,302220.0,303522.93839211564,303593.8226487965,70.88425668085044,1302.9383921156405,1373.8226487964857,否
331,B6T0000000139,E4,6,11,45,1,深位,302220.0,303593.8226487965,303664.70690547733,70.88425668085044,1373.8226487964857,1444.706905477331,否
346,B6T0000000139,E4,6,12,45,1,浅位,302220.0,303664.70690547733,303735.5911621582,70.88425668085044,1444.706905477331,1515.5911621581763,否
3441,B6T0000001574,E1,6,12,2,46,浅位,303780.0,303780.0,303818.1758620732,38.175862073217274,0.0,38.17586207319982,否
3440,B6T0000001574,E1,6,12,2,46,深位,303780.0,303818.1758620732,303856.3517241464,38.175862073217274,38.17586207319982,76.35172414639965,否
3161,B6T0000000924,E3,6,12,12,6,浅位,304500.0,304500.0,304535.1794830057,35.17948300571017,0.0,35.179483005718794,否
3162,B6T0000000924,E3,6,12,12,6,深位,304500.0,304535.1794830057,304570.35896601144,35.17948300571017,35.179483005718794,70.35896601143759,否
1642,B6T0000001117,E3,6,11,13,16,浅位,308820.0,309032.0072830268,309073.20200498274,41.19472195589481,212.0072830268182,253.20200498274062,是
1641,B6T0000001117,E3,6,11,13,16,深位,308820.0,309098.86407394824,309124.52614291373,25.662068965517243,278.8640739482362,304.52614291373175,是
1640,B6T0000001117,E3,6,12,13,16,浅位,308820.0,309150.1882118793,309175.8502808448,25.662068965517243,330.1882118792855,355.8502808447811,是
1635,B6T0000001117,E3,6,12,13,16,深位,308820.0,309201.51234981033,309227.17441877583,25.662068965517243,381.51234981033485,407.1744187758304,是
2983,B6T0000001539,E1,6,12,4,7,深位,309720.0,309759.87937779457,309797.7137685402,37.834390745612566,39.87937779456843,77.71376854018308,是
2984,B6T0000001539,E1,6,12,1,18,深位,309720.0,309831.4878945239,309868.8048083741,37.316913850182495,111.48789452388883,148.80480837408686,是
2985,B6T0000001539,E1,6,12,8,3,深位,309720.0,309902.6156779393,309940.83526564314,38.21958770381803,182.61567793932045,220.83526564313797,是
303,B6T0000001196,E3,6,11,13,5,浅位,309300.0,309974.6701515759,310013.9370094868,39.266857910894394,674.6701515758759,713.9370094867772,是
299,B6T0000001196,E3,6,11,13,5,深位,309300.0,310036.0712144072,310058.2054193277,22.134204920516822,736.0712144072168,758.2054193277145,是
298,B6T0000001196,E3,6,12,13,5,浅位,309300.0,310080.33962424827,310102.47382916877,22.134204920516822,780.3396242482704,802.4738291687681,是
297,B6T0000001196,E3,6,12,13,5,深位,309300.0,310124.6080340893,310146.7422390098,22.134204920516822,824.6080340893241,846.7422390098218,是
497,B6T0000001101,E3,6,11,12,7,浅位,309960.0,310814.28979682364,310850.21288633236,35.92308950871136,854.2897968236357,890.2128863323596,否
498,B6T0000001101,E3,6,11,12,7,深位,309960.0,310850.21288633236,310886.1359758411,35.92308950871136,890.2128863323596,926.1359758410836,否
499,B6T0000001101,E3,6,12,12,7,浅位,309960.0,310886.1359758411,310922.0590653498,35.92308950871136,926.1359758410836,962.0590653498075,否
500,B6T0000001101,E3,6,12,12,7,深位,309960.0,310935.52316696494,310969.3527887884,33.82962182343701,975.5231669649365,1009.3527887883829,是
3414,B6T0000000880,E3,6,12,17,6,深位,310920.0,310982.8168904035,311021.93304833904,39.116157935540144,62.816890403511934,101.93304833903676,是
236,B6T0000000581,E3,6,11,9,9,浅位,311640.0,311869.46033425356,311902.24038200406,32.780047750513575,229.46033425355563,262.2403820040636,否
241,B6T0000000581,E3,6,11,9,9,深位,311640.0,311902.24038200406,311935.0204297546,32.780047750513575,262.2403820040636,295.0204297545715,否
240,B6T0000000581,E3,6,12,9,9,浅位,311640.0,311935.0204297546,311967.8004775051,32.780047750513575,295.0204297545715,327.80047750507947,否
239,B6T0000000581,E3,6,12,9,9,深位,311640.0,311967.8004775051,312000.5805252556,32.780047750513575,327.80047750507947,360.5805252555874,否
840,B6T0000001220,E3,6,11,9,12,浅位,312960.0,313240.679924356,313275.2183855447,34.538461188721456,280.67992435599444,315.21838554472197,否
841,B6T0000001220,E3,6,11,9,12,深位,312960.0,313275.2183855447,313309.75684673345,34.538461188721456,315.21838554472197,349.7568467334495,否
842,B6T0000001220,E3,6,12,9,12,浅位,312960.0,313309.75684673345,313344.2953079222,34.538461188721456,349.7568467334495,384.295307922177,否
1792,B6T0000001685,E1,6,11,5,8,浅位,313920.0,313975.2309559827,314002.84643397405,27.61547799132814,55.230955982697196,82.8464339740458,否
1791,B6T0000001685,E1,6,11,5,8,深位,313920.0,314002.84643397405,314030.4619119654,27.61547799132814,82.8464339740458,110.46191196539439,否
1790,B6T0000001685,E1,6,12,5,8,浅位,313920.0,314030.4619119654,314058.07738995674,27.61547799132814,110.46191196539439,138.077389956743,否
1794,B6T0000001685,E1,6,12,5,8,深位,313920.0,314058.07738995674,314085.6928679481,27.61547799132814,138.077389956743,165.6928679480916,否
3644,B6T0000001493,E1,6,11,2,7,浅位,315480.0,315480.0,315502.3168951885,22.316895188492822,0.0,22.3168951884727,否
3645,B6T0000001493,E1,6,11,2,7,深位,315480.0,315502.3168951885,315524.63379037695,22.316895188492822,22.3168951884727,44.6337903769454,否
3334,B6T0000001070,E3,6,11,15,4,深位,315720.0,315720.0,315757.21908807434,37.219088074344484,0.0,37.219088074343745,否
3335,B6T0000001070,E3,6,12,15,4,浅位,315720.0,315757.21908807434,315794.4381761487,37.219088074344484,37.219088074343745,74.43817614868749,否
185,B6T0000000932,E3,6,12,15,1,浅位,345480.0,345480.0,345513.43023369234,33.43023369234466,0.0,33.43023369234288,否
187,B6T0000000932,E3,6,12,15,1,深位,345480.0,345513.43023369234,345546.8604673847,33.43023369234466,33.43023369234288,66.86046738468576,否
3599,B6T0000000283,E4,6,11,45,41,浅位,346440.0,346440.0,346531.4300939321,91.43009393208038,0.0,91.43009393208195,否
3598,B6T0000000283,E4,6,11,45,41,深位,346440.0,346531.4300939321,346622.86018786416,91.43009393208038,91.43009393208195,182.8601878641639,否
982,B6T0000001844,E1,6,11,8,2,浅位,346200.0,346764.28777622356,346789.71654748917,25.428771265632484,564.2877762235585,589.7165474891663,否
981,B6T0000001844,E1,6,11,8,2,深位,346200.0,346789.71654748917,346815.1453187548,25.428771265632484,589.7165474891663,615.145318754774,否
980,B6T0000001844,E1,6,12,8,2,浅位,346200.0,346815.1453187548,346840.5740900204,25.428771265632484,615.145318754774,640.5740900203818,否
979,B6T0000001844,E1,6,12,8,2,深位,346200.0,346840.5740900204,346866.002861286,25.428771265632484,640.5740900203818,666.0028612859896,否
1776,B6T0000001573,E1,6,11,3,9,浅位,347160.0,347160.0,347185.4901828177,25.49018281770018,0.0,25.49018281768076,否
1775,B6T0000001573,E1,6,11,3,9,深位,347160.0,347185.4901828177,347210.98036563536,25.49018281770018,25.49018281768076,50.98036563536152,否
1772,B6T0000001573,E1,6,12,3,9,浅位,347160.0,347210.98036563536,347236.47054845304,25.49018281770018,50.98036563536152,76.47054845304228,否
1773,B6T0000001573,E1,6,12,3,9,深位,347160.0,347236.47054845304,347261.9607312707,25.49018281770018,76.47054845304228,101.96073127072304,否
2467,B6T0000001299,E3,6,11,28,11,浅位,346680.0,347261.9607312707,347320.0671695262,58.1064382554448,581.960731270723,640.0671695261844,否
3103,B6T0000000740,E3,6,11,12,9,深位,347700.0,347700.0,347737.2652862061,37.265286206101976,0.0,37.26528620609315,否
3105,B6T0000000740,E3,6,12,13,24,浅位,347700.0,347737.2652862061,347783.01077963423,45.74549342812308,37.26528620609315,83.0107796342345,否
3104,B6T0000000740,E3,6,12,13,24,深位,347700.0,347783.01077963423,347828.7562730624,45.74549342812308,83.0107796342345,128.75627306237584,否
2793,B6T0000001688,E1,6,11,5,2,浅位,348060.0,348060.0,348082.25722873845,22.25722873844725,0.0,22.257228738453705,否
2795,B6T0000001688,E1,6,11,5,2,深位,348060.0,348082.25722873845,348104.5144574769,22.25722873844725,22.257228738453705,44.51445747690741,否
2792,B6T0000001688,E1,6,11,8,1,浅位,348060.0,348104.5144574769,348128.3738338717,23.859376394751425,44.51445747690741,68.37383387167938,否
2794,B6T0000001688,E1,6,11,8,1,深位,348060.0,348128.3738338717,348152.23321026645,23.859376394751425,68.37383387167938,92.23321026645135,否
954,B6T0000000445,E3,6,11,12,10,浅位,348420.0,348647.28079577966,348685.1609284096,37.88013262993162,227.28079577966128,265.1609284096048,否
2906,B6T0000001330,E1,6,11,4,27,浅位,348600.0,348685.1609284096,348720.460389707,35.29946129737882,85.16092840960482,120.46038970700465,否
950,B6T0000000445,E3,6,11,12,10,深位,348420.0,348720.460389707,348758.34052233695,37.88013262993162,300.46038970700465,338.3405223369482,否
949,B6T0000000445,E3,6,12,12,10,浅位,348420.0,348758.34052233695,348796.2206549669,37.88013262993162,338.3405223369482,376.22065496689174,否
951,B6T0000000445,E3,6,12,12,10,深位,348420.0,348796.2206549669,348834.10078759684,37.88013262993162,376.22065496689174,414.1007875968353,否
2605,B6T0000000841,E3,6,12,14,2,浅位,352380.0,352380.0,352413.7766400575,33.776640057478595,0.0,33.776640057505574,否
2604,B6T0000000841,E3,6,12,14,2,深位,352380.0,352413.7766400575,352447.553280115,33.776640057478595,33.776640057505574,67.55328011501115,否
2606,B6T0000000841,E3,6,12,10,10,深位,352380.0,352447.553280115,352482.57493806654,35.021657951526706,67.55328011501115,102.57493806653656,否
2607,B6T0000000841,E3,6,11,16,8,深位,352380.0,352482.57493806654,352524.1558043884,41.58086632185374,102.57493806653656,144.1558043883997,否
2414,B6T0000001594,E1,6,11,3,3,浅位,361260.0,361260.0,361280.6861079638,20.686107963804375,0.0,20.686107963789254,否
2413,B6T0000001594,E1,6,11,3,3,深位,361260.0,361280.6861079638,361301.3722159276,20.686107963804375,20.686107963789254,41.37221592757851,否
2412,B6T0000001594,E1,6,12,3,3,浅位,361260.0,361301.3722159276,361322.05832389137,20.686107963804375,41.37221592757851,62.05832389136776,否
2411,B6T0000001594,E1,6,12,3,3,深位,361260.0,361322.05832389137,361342.74443185516,20.686107963804375,62.05832389136776,82.74443185515702,否
2410,B6T0000001594,E1,6,12,3,17,浅位,361260.0,361342.74443185516,361372.4898983439,29.74546648877032,82.74443185515702,112.48989834391978,否
925,B6T0000000508,E3,6,12,12,6,浅位,368880.0,368880.0,368915.1794830057,35.17948300571017,0.0,35.179483005718794,否
932,B6T0000000508,E3,6,12,12,6,深位,368880.0,368915.1794830057,368950.35896601144,35.17948300571017,35.179483005718794,70.35896601143759,否
928,B6T0000000508,E3,6,11,13,5,浅位,368880.0,368985.4333593655,369021.0894688574,35.65610949190729,105.43335936550284,141.08946885738987,否
927,B6T0000000508,E3,6,11,13,5,深位,368880.0,369021.0894688574,369056.7455783493,35.65610949190729,141.08946885738987,176.7455783492769,否
926,B6T0000000508,E3,6,12,13,5,浅位,368880.0,369056.7455783493,369092.40168784116,35.65610949190729,176.7455783492769,212.40168784116395,否
924,B6T0000000508,E3,6,12,13,5,深位,368880.0,369092.40168784116,369128.05779733305,35.65610949190729,212.40168784116395,248.05779733305098,否
1653,B6T0000000735,E3,6,11,15,14,浅位,374040.0,374072.49317093194,374109.00323031534,36.51005938340921,32.49317093193531,69.00323031534208,是
1645,B6T0000000735,E3,6,11,15,14,深位,374040.0,374131.13743523584,374167.64749461925,36.51005938340921,91.1374352358398,127.64749461924657,是
1644,B6T0000000735,E3,6,12,15,14,浅位,374040.0,374189.78169953974,374226.29175892315,36.51005938340921,149.7816995397443,186.29175892315106,是
1652,B6T0000000735,E3,6,12,15,14,深位,374040.0,374248.42596384365,374284.93602322706,36.51005938340921,208.4259638436488,244.93602322705556,是
109,B6T0000000261,E4,6,11,43,1,浅位,375660.0,375931.30714166583,375999.1339270823,67.82678541648261,271.30714166583493,339.13392708229367,否
108,B6T0000000261,E4,6,11,43,1,深位,375660.0,375999.1339270823,376066.96071249875,67.82678541648261,339.13392708229367,406.9607124987524,否
98,B6T0000000261,E4,6,12,43,1,浅位,375660.0,376066.96071249875,376134.7874979152,67.82678541648261,406.9607124987524,474.78749791521113,否
103,B6T0000000261,E4,6,12,43,1,深位,375660.0,376134.7874979152,376202.61428333167,67.82678541648261,474.78749791521113,542.6142833316699,否
919,B6T0000000411,E3,6,11,15,4,浅位,378240.0,378240.0,378277.21908807434,37.219088074344484,0.0,37.219088074343745,否
3247,B6T0000001491,E1,6,11,1,9,深位,378420.0,378420.0,378440.99955630786,20.999556307854945,0.0,20.999556307855528,否
3246,B6T0000001491,E1,6,12,1,10,深位,378420.0,378440.99955630786,378462.61395903956,21.614402731684592,20.999556307855528,42.61395903956145,否
1981,B6T0000001870,E1,6,11,3,11,浅位,380640.0,380640.0,380666.6898280421,26.689828042088017,0.0,26.68982804211555,否
1986,B6T0000001870,E1,6,11,3,11,深位,380640.0,380666.6898280421,380693.37965608423,26.689828042088017,26.68982804211555,53.3796560842311,否
1983,B6T0000001870,E1,6,12,3,11,浅位,380640.0,380693.37965608423,380720.06948412635,26.689828042088017,53.3796560842311,80.06948412634665,否
1982,B6T0000001870,E1,6,12,3,11,深位,380640.0,380720.06948412635,380746.75931216846,26.689828042088017,80.06948412634665,106.7593121684622,否
3705,B6T0000000764,E3,6,12,12,9,浅位,388020.0,388020.0,388057.2652862061,37.265286206101976,0.0,37.26528620609315,否
3704,B6T0000000764,E3,6,12,12,9,深位,388020.0,388057.2652862061,388094.5305724122,37.265286206101976,37.26528620609315,74.5305724121863,否
947,B6T0000000445,E3,6,12,12,9,浅位,398640.0,398640.0,398677.2652862061,37.265286206101976,0.0,37.26528620609315,否
2236,B6T0000001823,E1,6,12,4,4,浅位,400260.0,400260.0,400283.18970518507,23.189705185067417,0.0,23.189705185068306,否
2237,B6T0000001823,E1,6,12,4,4,深位,400260.0,400283.18970518507,400306.37941037014,23.189705185067417,23.189705185068306,46.37941037013661,否
2239,B6T0000001823,E1,6,11,2,13,浅位,400260.0,400306.37941037014,400332.3328478596,25.953437489450764,46.37941037013661,72.33284785959404,否
2238,B6T0000001823,E1,6,11,2,13,深位,400260.0,400332.3328478596,400358.28628534905,25.953437489450764,72.33284785959404,98.28628534905147,否
2241,B6T0000001823,E1,6,12,2,13,浅位,400260.0,400358.28628534905,400384.2397228385,25.953437489450764,98.28628534905147,124.2397228385089,否
2240,B6T0000001823,E1,6,12,2,13,深位,400260.0,400384.2397228385,400410.19316032797,25.953437489450764,124.2397228385089,150.19316032796632,否
2154,B6T0000001080,E3,6,12,11,1,浅位,401460.0,401460.0,401488.31355740706,28.31355740704993,0.0,28.313557407062035,否
2153,B6T0000001080,E3,6,12,11,1,深位,401460.0,401488.31355740706,401516.6271148141,28.31355740704993,28.313557407062035,56.62711481412407,否
2149,B6T0000001080,E3,6,11,19,17,浅位,401460.0,401516.6271148141,401566.78229496453,50.15518015040296,56.62711481412407,106.78229496453423,否
2151,B6T0000001080,E3,6,11,19,17,深位,401460.0,401566.78229496453,401616.93747511494,50.15518015040296,106.78229496453423,156.9374751149444,否
2150,B6T0000001080,E3,6,12,19,17,浅位,401460.0,401616.93747511494,401667.09265526535,50.15518015040296,156.9374751149444,207.09265526535455,否
2148,B6T0000001080,E3,6,12,19,17,深位,401460.0,401667.09265526535,401717.24783541576,50.15518015040296,207.09265526535455,257.2478354157647,否
2152,B6T0000001080,E3,6,11,26,7,深位,401460.0,401717.24783541576,401770.36645473796,53.118619322172094,257.2478354157647,310.36645473795943,否
964,B6T0000000445,E3,6,12,12,9,深位,432000.0,432074.9370617087,432114.75749918254,39.82043747381422,74.93706170871155,114.7574991825386,是
866,B6T0000000001,E4,6,11,47,1,浅位,432180.0,432852.52093905554,432926.4626670008,73.94172794521825,672.5209390555392,746.462667000771,否
867,B6T0000000001,E4,6,11,47,1,深位,432180.0,432926.4626670008,433000.404394946,73.94172794521825,746.462667000771,820.4043949460029,否
31,B6T0000001104,E3,6,11,9,4,浅位,432900.0,433000.404394946,433029.3955883145,28.99119336851374,100.40439494600287,129.39558831450995,否
30,B6T0000001104,E3,6,11,9,4,深位,432900.0,433029.3955883145,433058.386781683,28.99119336851374,129.39558831450995,158.38678168301703,否
32,B6T0000001104,E3,6,12,9,4,浅位,432900.0,433058.386781683,433087.3779750515,28.99119336851374,158.38678168301703,187.37797505152412,否
868,B6T0000000001,E4,6,12,47,1,浅位,432180.0,433087.3779750515,433161.31970299676,73.94172794521825,907.3779750515241,981.319702996756,否
870,B6T0000000001,E4,6,12,47,1,深位,432180.0,433161.31970299676,433235.261430942,73.94172794521825,981.319702996756,1055.2614309419878,否
3713,B6T0000001339,E1,6,11,2,2,浅位,433260.0,433260.0,433277.6507779928,17.650777992764837,0.0,17.650777992792428,否
3712,B6T0000001339,E1,6,11,1,16,浅位,433260.0,433277.6507779928,433302.43918868265,24.78841068985478,17.650777992792428,42.43918868264882,否
3654,B6T0000000616,E3,6,11,15,4,浅位,433800.0,433800.0,433837.21908807434,37.219088074344484,0.0,37.219088074343745,否
3655,B6T0000000616,E3,6,11,15,14,深位,433800.0,433837.21908807434,433881.0370623705,43.81797429616532,37.219088074343745,81.03706237050937,否
899,B6T0000000411,E3,6,11,15,6,浅位,433860.0,433937.84427851194,433976.7664177679,38.92213925595251,77.8442785119405,116.76641776791075,否
3562,B6T0000000694,E3,6,11,9,10,浅位,434280.0,434292.2925287399,434324.4865650111,32.19403627118149,12.292528739897534,44.486565011087805,是
3563,B6T0000000694,E3,6,11,9,10,深位,434280.0,434340.4865650111,434372.41118545795,31.924620446858043,60.486565011087805,92.41118545795325,是
17,B6T0000001209,E3,6,11,10,1,浅位,434280.0,434387.3164110547,434414.14551381837,26.829102763697396,107.31641105469316,134.14551381836645,否
13,B6T0000001209,E3,6,11,10,1,深位,434280.0,434414.14551381837,434440.97461658204,26.829102763697396,134.14551381836645,160.97461658203974,否
16,B6T0000001209,E3,6,12,10,1,浅位,434280.0,434440.97461658204,434467.8037193457,26.829102763697396,160.97461658203974,187.80371934571303,否
28,B6T0000001209,E3,6,12,10,1,深位,434280.0,434467.8037193457,434494.6328221094,26.829102763697396,187.80371934571303,214.63282210938632,否
3322,B6T0000001436,E1,6,12,5,2,深位,448200.0,448200.0,448222.25722873845,22.25722873844725,0.0,22.257228738453705,否
3323,B6T0000001436,E1,6,11,6,2,深位,448200.0,448222.25722873845,448245.6647531751,23.407524436682333,22.257228738453705,45.66475317510776,否
3471,B6T0000001966,E1,6,11,3,3,浅位,449760.0,449760.0,449780.6861079638,20.686107963804375,0.0,20.686107963789254,否
3470,B6T0000001966,E1,6,11,3,3,深位,449760.0,449780.6861079638,449801.3722159276,20.686107963804375,20.686107963789254,41.37221592757851,否
650,B6T0000000469,E3,6,11,9,11,浅位,450900.0,450933.9796929749,450967.95938594977,33.97969297490141,33.97969297488453,67.95938594976906,否
649,B6T0000000469,E3,6,11,9,11,深位,450900.0,450981.8956235199,451013.96163930866,32.06601578877068,81.89562351990025,113.96163930866169,是
642,B6T0000000469,E3,6,12,9,11,浅位,450900.0,451027.8978768788,451059.96389266755,32.06601578877068,127.89787687879289,159.96389266755432,是
644,B6T0000000469,E3,6,12,9,11,深位,450900.0,451059.96389266755,451093.94358564244,33.97969297490141,159.96389266755432,193.94358564243885,否
2340,B6T0000000388,E3,6,12,9,10,浅位,451380.0,451380.0,451413.39489417436,33.39489417434322,0.0,33.39489417435834,否
2339,B6T0000000388,E3,6,12,9,10,深位,451380.0,451413.39489417436,451446.7897883487,33.39489417434322,33.39489417435834,66.78978834871668,否
2343,B6T0000000388,E3,6,12,25,12,浅位,451380.0,451446.7897883487,451501.78602930077,54.99624095202347,66.78978834871668,121.78602930076886,否
2341,B6T0000000388,E3,6,12,25,12,深位,451380.0,451501.78602930077,451556.7822702528,54.99624095202347,121.78602930076886,176.78227025282104,否
3425,B6T0000000468,E3,6,12,9,10,浅位,454980.0,454980.0,455013.39489417436,33.39489417434322,0.0,33.39489417435834,否
3424,B6T0000000468,E3,6,12,9,10,深位,454980.0,455013.39489417436,455046.7897883487,33.39489417434322,33.39489417435834,66.78978834871668,否
3502,B6T0000000209,E4,6,11,43,1,浅位,458760.0,458760.0,458827.82678541646,67.82678541648261,0.0,67.82678541645873,否
3503,B6T0000000209,E4,6,11,43,1,深位,458760.0,458827.82678541646,458895.6535708329,67.82678541648261,67.82678541645873,135.65357083291747,否
3398,B6T0000001778,E1,6,12,2,7,深位,460980.0,460980.0,461002.3168951885,22.316895188492822,0.0,22.3168951884727,否
3399,B6T0000001778,E1,6,11,4,4,浅位,460980.0,461002.3168951885,461025.50660037354,23.189705185067417,22.3168951884727,45.506600373541005,否
2800,B6T0000001831,E1,6,11,1,9,深位,463740.0,463740.0,463760.99955630786,20.999556307854945,0.0,20.999556307855528,否
2803,B6T0000001831,E1,6,12,1,10,深位,463740.0,463760.99955630786,463782.61395903956,21.614402731684592,20.999556307855528,42.61395903956145,否
2802,B6T0000001831,E1,6,11,8,1,浅位,463740.0,463782.61395903956,463806.47333543433,23.859376394751425,42.61395903956145,66.47333543433342,否
2801,B6T0000001831,E1,6,11,8,1,深位,463740.0,463806.47333543433,463830.3327118291,23.859376394751425,66.47333543433342,90.33271182910539,否
531,B6T0000001197,E3,6,11,14,5,浅位,464160.0,464344.45263379806,464381.3431605577,36.89052675959728,184.4526337980642,221.34316055767704,否
528,B6T0000001197,E3,6,11,14,5,深位,464160.0,464381.3431605577,464418.2336873173,36.89052675959728,221.34316055767704,258.2336873172899,否
533,B6T0000001197,E3,6,12,14,5,浅位,464160.0,464418.2336873173,464455.1242140769,36.89052675959728,258.2336873172899,295.1242140769027,否
534,B6T0000001197,E3,6,12,14,5,深位,464160.0,464455.1242140769,464492.0147408365,36.89052675959728,295.1242140769027,332.01474083651556,否
3619,B6T0000000613,E3,6,11,15,5,深位,466260.0,466260.0,466298.11351526534,38.113515265344404,0.0,38.113515265344176,否
3618,B6T0000000613,E3,6,12,15,5,浅位,466260.0,466298.11351526534,466336.2270305307,38.113515265344404,38.113515265344176,76.22703053068835,否
3480,B6T0000000867,E3,6,12,11,3,深位,467880.0,467880.0,467911.0871913172,31.08719131715379,0.0,31.087191317172255,否
3481,B6T0000000867,E3,6,11,11,4,深位,467880.0,467911.0871913172,467943.18960310624,32.10241178904977,31.087191317172255,63.189603106235154,否
3734,B6T0000001426,E1,6,12,1,26,浅位,468300.0,468300.0,468328.95243558986,28.952435589834128,0.0,28.952435589861125,否
3735,B6T0000001426,E1,6,12,1,26,深位,468300.0,468328.95243558986,468357.9048711797,28.952435589834128,28.952435589861125,57.90487117972225,否
1436,B6T0000000745,E3,6,11,14,13,浅位,470700.0,470700.0,470742.07929955417,42.07929955416452,0.0,42.079299554170575,否
1435,B6T0000000745,E3,6,11,14,13,深位,470700.0,470742.07929955417,470784.15859910834,42.07929955416452,42.079299554170575,84.15859910834115,否
1431,B6T0000000745,E3,6,12,14,13,浅位,470700.0,470784.15859910834,470826.2378986625,42.07929955416452,84.15859910834115,126.23789866251172,否
1430,B6T0000000745,E3,6,12,14,13,深位,470700.0,470826.2378986625,470868.3171982167,42.07929955416452,126.23789866251172,168.3171982166823,否
1241,B6T0000001022,E3,6,11,14,11,浅位,477120.0,477648.7057168595,477689.6903160345,40.98459917498503,528.7057168594911,569.6903160344809,否
1242,B6T0000001022,E3,6,11,14,11,深位,477120.0,477689.6903160345,477730.67491520947,40.98459917498503,569.6903160344809,610.6749152094708,否
1232,B6T0000001022,E3,6,12,14,11,浅位,477120.0,477730.67491520947,477771.65951438446,40.98459917498503,610.6749152094708,651.6595143844606,否
1238,B6T0000001022,E3,6,12,14,11,深位,477120.0,477771.65951438446,477812.64411355945,40.98459917498503,651.6595143844606,692.6441135594505,否
3410,B6T0000001561,E1,6,11,2,4,浅位,482100.0,482100.0,482119.8702375039,19.870237503883608,0.0,19.87023750389926,否
3411,B6T0000001561,E1,6,11,2,4,深位,482100.0,482119.8702375039,482139.7404750078,19.870237503883608,19.87023750389926,39.74047500779852,否
3467,B6T0000000689,E3,6,11,17,6,浅位,482160.0,482160.0,482201.36811626743,41.368116267446766,0.0,41.368116267432924,否
3466,B6T0000000689,E3,6,11,17,6,深位,482160.0,482201.36811626743,482242.73623253487,41.368116267446766,41.368116267432924,82.73623253486585,否
1763,B6T0000001236,E3,6,12,12,10,浅位,482580.0,482580.0,482617.88013262994,37.88013262993162,0.0,37.880132629943546,否
1762,B6T0000001236,E3,6,12,12,10,深位,482580.0,482617.88013262994,482655.7602652599,37.88013262993162,37.880132629943546,75.76026525988709,否
1757,B6T0000001236,E3,6,11,16,8,深位,482580.0,482655.7602652599,482697.34113158175,41.58086632185374,75.76026525988709,117.34113158175023,否
1758,B6T0000001236,E3,6,12,13,24,浅位,482580.0,482697.34113158175,482743.0866250099,45.74549342812308,117.34113158175023,163.08662500989158,否
1759,B6T0000001236,E3,6,12,13,24,深位,482580.0,482743.0866250099,482788.83211843803,45.74549342812308,163.08662500989158,208.83211843803292,否
3030,B6T0000000692,E3,6,12,25,12,浅位,483840.0,483840.0,483894.99624095205,54.99624095202347,0.0,54.996240952052176,否
3028,B6T0000000692,E3,6,12,25,12,深位,483840.0,483894.99624095205,483949.9924819041,54.99624095202347,54.996240952052176,109.99248190410435,否
3029,B6T0000000692,E3,6,12,13,67,深位,483840.0,483949.9924819041,484009.51196268736,59.51948078328452,109.99248190410435,169.51196268736385,否
383,B6T0000000471,E3,6,11,17,1,浅位,486000.0,486107.6286321116,486143.50484281546,35.87621070383891,107.62863211159129,143.50484281545505,否
388,B6T0000000471,E3,6,11,17,1,深位,486000.0,486143.50484281546,486179.3810535193,35.87621070383891,143.50484281545505,179.3810535193188,否
379,B6T0000000471,E3,6,12,17,1,浅位,486000.0,486179.3810535193,486215.2572642232,35.87621070383891,179.3810535193188,215.25726422318257,否
380,B6T0000000471,E3,6,12,17,1,深位,486000.0,486215.2572642232,486251.13347492705,35.87621070383891,215.25726422318257,251.13347492704634,否
386,B6T0000000471,E3,6,12,16,2,浅位,486000.0,486251.13347492705,486287.356091996,36.22261706897285,251.13347492704634,287.3560919960146,否
387,B6T0000000471,E3,6,12,16,2,深位,486000.0,486287.356091996,486323.578709065,36.22261706897285,287.3560919960146,323.57870906498283,否
1885,B6T0000000716,E3,6,12,22,10,浅位,486360.0,486529.5719292655,486579.75563768594,50.18370842040386,169.57192926551215,219.75563768594293,否
1888,B6T0000000716,E3,6,12,22,10,深位,486360.0,486579.75563768594,486629.9393461064,50.18370842040386,219.75563768594293,269.9393461063737,否
3504,B6T0000000505,E3,6,12,9,38,深位,488340.0,488340.0,488384.7994192584,44.79941925836017,0.0,44.79941925837193,否
3505,B6T0000000505,E3,6,11,21,6,浅位,488340.0,488384.7994192584,488431.0594895488,46.26007029043528,44.79941925837193,91.0594895487884,否
1856,B6T0000001858,E1,6,11,6,8,浅位,488580.0,488693.49428059184,488722.2600542814,28.765773689563225,113.49428059183992,142.26005428138888,否
1857,B6T0000001858,E1,6,11,6,8,深位,488580.0,488722.2600542814,488751.02582797094,28.765773689563225,142.26005428138888,171.02582797093783,否
1858,B6T0000001858,E1,6,12,6,8,浅位,488580.0,488751.02582797094,488779.7916016605,28.765773689563225,171.02582797093783,199.79160166048678,否
1851,B6T0000001858,E1,6,12,6,8,深位,488580.0,488779.7916016605,488808.55737535004,28.765773689563225,199.79160166048678,228.55737535003573,否
3610,B6T0000000201,E4,6,12,45,3,浅位,488760.0,488808.55737535004,488882.215265941,73.65789059095431,48.55737535003573,122.21526594099123,否
3611,B6T0000000201,E4,6,12,45,3,深位,488760.0,488882.215265941,488955.87315653195,73.65789059095431,122.21526594099123,195.87315653194673,否
2978,B6T0000001825,E1,6,12,1,30,浅位,518220.0,518220.0,518250.3854032831,30.385403283091485,0.0,30.38540328311501,否
2979,B6T0000001825,E1,6,12,1,30,深位,518220.0,518250.3854032831,518280.77080656623,30.385403283091485,30.38540328311501,60.77080656623002,否
1291,B6T0000001854,E1,6,11,7,4,浅位,519120.0,519498.3509948672,519525.0276467597,26.67665189247954,378.35099486721447,405.02764675969956,否
414,B6T0000000050,E4,6,11,44,3,浅位,519300.0,520037.18643545423,520109.315590413,72.12915495877039,737.186435454234,809.3155904129962,否
425,B6T0000000050,E4,6,11,44,3,深位,519300.0,520109.315590413,520181.44474537176,72.12915495877039,809.3155904129962,881.4447453717585,否
424,B6T0000000050,E4,6,12,44,3,浅位,519300.0,520181.44474537176,520253.5739003305,72.12915495877039,881.4447453717585,953.5739003305207,否
415,B6T0000000050,E4,6,12,44,3,深位,519300.0,520253.5739003305,520325.7030552893,72.12915495877039,953.5739003305207,1025.703055289283,否
3673,B6T0000000347,E3,6,12,19,17,深位,520260.0,520325.7030552893,520375.8582354397,50.15518015040296,65.70305528928293,115.85823543969309,否
3672,B6T0000000347,E3,6,11,26,7,深位,520260.0,520375.8582354397,520428.9768547619,53.118619322172094,115.85823543969309,168.9768547618878,否
2037,B6T0000000707,E3,6,11,14,20,浅位,520440.0,520530.72532542923,520576.08798814384,45.36266271459686,90.72532542923,136.087988143845,否
2042,B6T0000000707,E3,6,11,14,20,深位,520440.0,520576.08798814384,520621.45065085846,45.36266271459686,136.087988143845,181.45065085846,否
2039,B6T0000000707,E3,6,12,14,20,浅位,520440.0,520621.45065085846,520666.8133135731,45.36266271459686,181.45065085846,226.813313573075,否
2040,B6T0000000707,E3,6,12,14,20,深位,520440.0,520666.8133135731,520712.1759762877,45.36266271459686,226.813313573075,272.17597628769,否
1027,B6T0000001975,E1,6,11,1,6,浅位,520740.0,520899.9531048677,520918.8668579752,18.913753107463137,159.95310486771632,178.8668579751975,否
1028,B6T0000001975,E1,6,11,1,6,深位,520740.0,520918.8668579752,520937.7806110827,18.913753107463137,178.8668579751975,197.78061108267866,否
1029,B6T0000001975,E1,6,12,1,6,浅位,520740.0,520937.7806110827,520956.69436419016,18.913753107463137,197.78061108267866,216.69436419015983,否
1030,B6T0000001975,E1,6,12,1,6,深位,520740.0,520956.69436419016,520975.60811729764,18.913753107463137,216.69436419015983,235.608117297641,否
855,B6T0000001220,E3,6,12,9,12,深位,520980.0,520980.0,521014.5384611887,34.538461188721456,0.0,34.538461188727524,否
604,B6T0000000247,E4,6,11,45,2,浅位,521520.0,522679.2584248278,522751.71207637957,72.4536515517315,1159.258424827829,1231.7120763795683,否
598,B6T0000000247,E4,6,11,45,2,深位,521520.0,522751.71207637957,522824.1657279313,72.4536515517315,1231.7120763795683,1304.1657279313076,否
599,B6T0000000247,E4,6,12,45,2,浅位,521520.0,522824.1657279313,522896.61937948305,72.4536515517315,1304.1657279313076,1376.619379483047,否
603,B6T0000000247,E4,6,12,45,2,深位,521520.0,522896.61937948305,522969.0730310348,72.4536515517315,1376.619379483047,1449.0730310347863,否
2345,B6T0000000619,E3,6,11,15,1,浅位,524880.0,524880.0,524913.4302336924,33.43023369234466,0.0,33.43023369240109,否
2347,B6T0000000619,E3,6,11,15,1,深位,524880.0,524913.4302336924,524946.8604673848,33.43023369234466,33.43023369240109,66.86046738480218,否
2346,B6T0000000619,E3,6,11,9,27,浅位,524880.0,524946.8604673848,524987.9614168656,41.10094948082514,66.86046738480218,107.96141686558258,否
2348,B6T0000000619,E3,6,11,9,27,深位,524880.0,524987.9614168656,525029.0623663464,41.10094948082514,107.96141686558258,149.06236634636298,否
2349,B6T0000000619,E3,6,12,9,27,浅位,524880.0,525029.0623663464,525070.1633158271,41.10094948082514,149.06236634636298,190.16331582714338,否
2344,B6T0000000619,E3,6,11,14,14,浅位,524880.0,525070.1633158271,525112.7583016176,42.594985790418185,190.16331582714338,232.75830161757767,否
3439,B6T0000001323,E1,6,12,8,2,深位,528060.0,528060.0,528085.4287712657,25.428771265632484,0.0,25.428771265666,否
3438,B6T0000001323,E1,6,11,3,11,浅位,528060.0,528085.4287712657,528112.1185993077,26.689828042088017,25.428771265666,52.11859930772334,否
2534,B6T0000000504,E3,6,11,20,12,浅位,538680.0,538680.0,538728.8812984233,48.88129842328784,0.0,48.88129842327908,否
2533,B6T0000000504,E3,6,11,20,12,深位,538680.0,538728.8812984233,538777.7625968466,48.88129842328784,48.88129842327908,97.76259684655815,否
2530,B6T0000000504,E3,6,12,20,12,浅位,538680.0,538777.7625968466,538826.6438952698,48.88129842328784,97.76259684655815,146.64389526983723,否
2531,B6T0000000504,E3,6,12,20,12,深位,538680.0,538826.6438952698,538875.5251936931,48.88129842328784,146.64389526983723,195.5251936931163,否
2532,B6T0000000504,E3,6,11,21,11,浅位,538680.0,538875.5251936931,538925.0707124083,49.545518715214925,195.5251936931163,245.07071240828373,否
2476,B6T0000000337,E3,6,11,10,10,浅位,550920.0,550920.0,550955.0216579515,35.021657951526706,0.0,35.02165795152541,否
2477,B6T0000000337,E3,6,11,10,10,深位,550920.0,550955.0216579515,550990.043315903,35.021657951526706,35.02165795152541,70.04331590305082,否
2475,B6T0000000337,E3,6,12,10,10,浅位,550920.0,550990.043315903,551025.0649738546,35.021657951526706,70.04331590305082,105.06497385457624,否
2479,B6T0000000337,E3,6,11,18,18,浅位,550920.0,551025.0649738546,551074.4500664409,49.38509258622889,105.06497385457624,154.45006644085515,否
2478,B6T0000000337,E3,6,11,18,18,深位,550920.0,551074.4500664409,551123.8351590271,49.38509258622889,154.45006644085515,203.83515902713407,否
3009,B6T0000001605,E1,6,11,4,2,浅位,553380.0,553380.0,553400.9702456739,20.970245673948646,0.0,20.970245673903264,否
3007,B6T0000001605,E1,6,12,8,1,深位,553380.0,553400.9702456739,553424.8296220687,23.859376394751425,20.970245673903264,44.829622068675235,否
3008,B6T0000001605,E1,6,12,1,15,浅位,553380.0,553424.8296220687,553449.1367851532,24.307163084545795,44.829622068675235,69.13678515318315,否
672,B6T0000001180,E3,6,11,11,9,浅位,554280.0,554280.0,554315.891266171,35.891266171049594,0.0,35.891266171005554,否
1253,B6T0000000799,E3,6,11,16,9,浅位,555960.0,556441.2761236287,556483.5070545909,42.23093096209145,481.2761236287188,523.5070545908529,否
1252,B6T0000000799,E3,6,11,16,9,深位,555960.0,556483.5070545909,556525.737985553,42.23093096209145,523.5070545908529,565.7379855529871,否
1251,B6T0000000799,E3,6,12,16,9,浅位,555960.0,556525.737985553,556567.9689165151,42.23093096209145,565.7379855529871,607.9689165151212,否
1259,B6T0000000799,E3,6,12,16,9,深位,555960.0,556567.9689165151,556610.1998474773,42.23093096209145,607.9689165151212,650.1998474772554,否
2308,B6T0000001748,E1,6,11,6,13,浅位,558300.0,558426.8407357335,558458.5509196669,31.71018393336826,126.84073573350906,158.55091966688633,否
2310,B6T0000001748,E1,6,11,6,13,深位,558300.0,558458.5509196669,558490.2611036003,31.71018393336826,158.55091966688633,190.2611036002636,否
1070,B6T0000000178,E4,6,12,43,7,浅位,558720.0,558720.0,558794.0622974831,74.06229748309165,0.0,74.06229748309124,否
1071,B6T0000000178,E4,6,12,43,7,深位,558720.0,558794.0622974831,558868.1245949662,74.06229748309165,74.06229748309124,148.12459496618249,否
3434,B6T0000001010,E3,6,11,28,11,浅位,559140.0,559140.0,559198.1064382554,58.1064382554448,0.0,58.10643825540319,否
3435,B6T0000001010,E3,6,12,13,64,深位,559140.0,559198.1064382554,559256.7041799083,58.597741652849734,58.10643825540319,116.70417990826536,否
3489,B6T0000001536,E1,6,11,4,5,深位,565800.0,565800.0,565824.084132376,24.084132376067338,0.0,24.08413237601053,否
3488,B6T0000001536,E1,6,11,1,15,深位,565800.0,565824.084132376,565848.3912954605,24.307163084545795,24.08413237601053,48.39129546051845,否
3336,B6T0000001974,E1,6,12,3,3,浅位,569520.0,569520.0,569540.6861079638,20.686107963804375,0.0,20.686107963789254,否
3337,B6T0000001974,E1,6,12,3,3,深位,569520.0,569540.6861079638,569561.3722159276,20.686107963804375,20.686107963789254,41.37221592757851,否
3463,B6T0000000493,E3,6,12,15,4,深位,574680.0,574680.0,574717.2190880744,37.219088074344484,0.0,37.21908807440195,否
3462,B6T0000000493,E3,6,11,13,24,浅位,574680.0,574717.2190880744,574762.9645815025,45.74549342812308,37.21908807440195,82.96458150248509,否
1485,B6T0000000758,E3,7,13,13,15,浅位,4740.0,5074.8651476767845,5116.723291136383,41.858143459598054,334.86514767678455,376.7232911363826,否
1486,B6T0000000758,E3,7,13,13,15,深位,4740.0,5116.723291136383,5158.581434595981,41.858143459598054,376.7232911363826,418.5814345959807,否
1487,B6T0000000758,E3,7,14,13,15,浅位,4740.0,5158.581434595981,5200.439578055579,41.858143459598054,418.5814345959807,460.43957805557875,否
1491,B6T0000000758,E3,7,14,13,15,深位,4740.0,5200.439578055579,5242.297721515177,41.858143459598054,460.43957805557875,502.2977215151768,否
2528,B6T0000001776,E1,7,13,5,18,浅位,7500.0,7500.0,7532.973727244209,32.97372724420904,0.0,32.97372724420893,否
2529,B6T0000001776,E1,7,13,5,18,深位,7500.0,7532.973727244209,7565.947454488418,32.97372724420904,32.97372724420893,65.94745448841786,否
2527,B6T0000001776,E1,7,14,5,18,浅位,7500.0,7565.947454488418,7598.921181732627,32.97372724420904,65.94745448841786,98.92118173262679,否
2526,B6T0000001776,E1,7,14,5,18,深位,7500.0,7598.921181732627,7631.894908976836,32.97372724420904,98.92118173262679,131.89490897683572,否
586,B6T0000001238,E3,7,13,15,4,浅位,19080.0,19526.629056892125,19563.84814496647,37.219088074344484,446.62905689212494,483.8481449664687,否
585,B6T0000001238,E3,7,13,15,4,深位,19080.0,19563.84814496647,19601.067233040812,37.219088074344484,483.8481449664687,521.0672330408124,否
584,B6T0000001238,E3,7,14,15,4,浅位,19080.0,19601.067233040812,19638.286321115156,37.219088074344484,521.0672330408124,558.2863211151562,否
583,B6T0000001238,E3,7,14,15,4,深位,19080.0,19638.286321115156,19675.5054091895,37.219088074344484,558.2863211151562,595.5054091894999,否
711,B6T0000000313,E4,7,13,44,4,浅位,19560.0,19675.5054091895,19748.649784620167,73.14437543066634,115.50540918949991,188.64978462016734,否
705,B6T0000000313,E4,7,13,44,4,深位,19560.0,19748.649784620167,19821.794160050835,73.14437543066634,188.64978462016734,261.79416005083476,否
706,B6T0000000313,E4,7,14,44,4,浅位,19560.0,19821.794160050835,19894.938535481502,73.14437543066634,261.79416005083476,334.9385354815022,否
707,B6T0000000313,E4,7,14,44,4,深位,19560.0,19894.938535481502,19968.08291091217,73.14437543066634,334.9385354815022,408.0829109121696,否
892,B6T0000000488,E3,7,13,12,9,浅位,25680.0,25754.5305724122,25791.7958586183,37.265286206101976,74.53057241220085,111.79585861830128,否
891,B6T0000000488,E3,7,13,12,9,深位,25680.0,25791.7958586183,25829.0611448244,37.265286206101976,111.79585861830128,149.0611448244017,否
890,B6T0000000488,E3,7,14,12,9,浅位,25680.0,25829.0611448244,25866.326431030502,37.265286206101976,149.0611448244017,186.32643103050214,否
889,B6T0000000488,E3,7,14,12,9,深位,25680.0,25866.326431030502,25903.591717236603,37.265286206101976,186.32643103050214,223.59171723660256,否
746,B6T0000000140,E4,7,13,45,3,浅位,25680.0,26436.138351621,26509.796242211956,73.65789059095431,756.1383516210008,829.7962422119563,否
734,B6T0000000140,E4,7,13,45,3,深位,25680.0,26509.796242211956,26583.45413280291,73.65789059095431,829.7962422119563,903.4541328029118,否
745,B6T0000000140,E4,7,14,45,3,浅位,25680.0,26583.45413280291,26657.112023393867,73.65789059095431,903.4541328029118,977.1120233938673,否
751,B6T0000000140,E4,7,14,45,3,深位,25680.0,26657.112023393867,26730.769913984823,73.65789059095431,977.1120233938673,1050.7699139848228,否
3058,B6T0000001131,E3,7,14,16,33,浅位,26820.0,26820.0,26872.6296791721,52.62967917210011,0.0,52.62967917209971,否
3060,B6T0000001131,E3,7,14,16,33,深位,26820.0,26872.6296791721,26925.2593583442,52.62967917210011,52.62967917209971,105.25935834419943,否
3553,B6T0000000333,E3,7,14,12,54,浅位,32580.0,32580.0,32634.24002740793,54.24002740792857,0.0,54.24002740793003,否
3552,B6T0000000333,E3,7,14,12,54,深位,32580.0,32634.24002740793,32688.48005481586,54.24002740792857,54.24002740793003,108.48005481586006,否
2699,B6T0000001043,E3,7,13,25,18,浅位,35220.0,35220.0,35277.94601212646,57.94601212645877,0.0,57.94601212645648,否
2696,B6T0000001043,E3,7,13,25,18,深位,35220.0,35277.94601212646,35335.89202425291,57.94601212645877,57.94601212645648,115.89202425291296,否
2697,B6T0000001043,E3,7,14,25,18,浅位,35220.0,35335.89202425291,35393.83803637937,57.94601212645877,115.89202425291296,173.83803637936944,否
2698,B6T0000001043,E3,7,14,25,18,深位,35220.0,35393.83803637937,35451.784048505826,57.94601212645877,173.83803637936944,231.78404850582592,否
2796,B6T0000001494,E1,7,13,1,26,浅位,36360.0,36417.904871179664,36446.857306769496,28.952435589834128,57.90487117966404,86.85730676949606,否
2799,B6T0000001494,E1,7,13,1,26,深位,36360.0,36446.857306769496,36475.80974235933,28.952435589834128,86.85730676949606,115.80974235932808,否
2868,B6T0000000221,E4,7,13,44,22,浅位,38940.0,38940.0,39023.337968971675,83.33796897167477,0.0,83.33796897167485,否
2870,B6T0000000221,E4,7,13,44,22,深位,38940.0,39023.337968971675,39106.67593794335,83.33796897167477,83.33796897167485,166.6759379433497,否
2869,B6T0000000221,E4,7,14,44,22,浅位,38940.0,39106.67593794335,39190.013906915025,83.33796897167477,166.6759379433497,250.01390691502456,否
2871,B6T0000000221,E4,7,14,44,22,深位,38940.0,39190.013906915025,39273.3518758867,83.33796897167477,250.01390691502456,333.3518758866994,否
3362,B6T0000001358,E1,7,13,5,41,浅位,41400.0,41400.0,41441.233671118796,41.23367111879614,0.0,41.23367111879634,否
3363,B6T0000001358,E1,7,13,5,41,深位,41400.0,41441.233671118796,41482.46734223759,41.23367111879614,41.23367111879634,82.46734223759267,否
2104,B6T0000001607,E1,7,13,5,11,浅位,43440.0,43440.0,43469.46518785595,29.465187855953687,0.0,29.465187855952536,否
2103,B6T0000001607,E1,7,13,5,11,深位,43440.0,43469.46518785595,43498.930375711905,29.465187855953687,29.465187855952536,58.93037571190507,否
2105,B6T0000001607,E1,7,14,5,11,浅位,43440.0,43498.930375711905,43528.39556356786,29.465187855953687,58.93037571190507,88.39556356785761,否
2101,B6T0000001607,E1,7,14,5,11,深位,43440.0,43528.39556356786,43557.86075142381,29.465187855953687,88.39556356785761,117.86075142381014,否
3283,B6T0000001099,E3,7,13,18,1,深位,48480.0,48480.0,48517.09919920959,37.09919920958604,0.0,37.09919920958782,否
3282,B6T0000001099,E3,7,14,9,21,深位,48480.0,48517.09919920959,48555.87539581678,38.77619660719344,37.09919920958782,75.87539581677993,否
3016,B6T0000000570,E3,7,13,31,17,浅位,54300.0,54300.0,54364.83104221937,64.8310422193685,0.0,64.8310422193681,否
1936,B6T0000001937,E1,7,14,6,9,浅位,54360.0,54364.83104221937,54394.246880549166,29.415838329800938,4.831042219368101,34.246880549166235,否
1937,B6T0000001937,E1,7,14,6,9,深位,54360.0,54394.246880549166,54423.662718878964,29.415838329800938,34.246880549166235,63.66271887896437,否
3018,B6T0000000570,E3,7,13,31,17,深位,54300.0,54423.662718878964,54488.49376109833,64.8310422193685,123.66271887896437,188.49376109833247,否
3017,B6T0000000570,E3,7,14,31,17,浅位,54300.0,54488.49376109833,54553.3248033177,64.8310422193685,188.49376109833247,253.32480331770057,否
1541,B6T0000000088,E4,7,14,44,9,浅位,55680.0,55680.0,55756.93322981267,76.93322981266618,0.0,76.93322981266829,否
1538,B6T0000000088,E4,7,14,44,9,深位,55680.0,55756.93322981267,55833.86645962534,76.93322981266618,76.93322981266829,153.86645962533657,否
2169,B6T0000001942,E1,7,13,5,12,浅位,55560.0,55833.86645962534,55863.89041569511,30.023956069773735,273.8664596253366,303.8904156951103,否
289,B6T0000001196,E3,7,13,12,6,浅位,55860.0,55930.35896601142,55965.538449017135,35.17948300571017,70.35896601142304,105.53844901713455,否
442,B6T0000000678,E3,7,13,9,10,浅位,56280.0,56910.53046251995,56943.92535669429,33.39489417434322,630.5304625199497,663.9253566942934,否
435,B6T0000000678,E3,7,13,9,10,深位,56280.0,56943.92535669429,56977.32025086864,33.39489417434322,663.9253566942934,697.3202508686372,否
434,B6T0000000678,E3,7,13,17,1,浅位,56280.0,56977.32025086864,57013.19646157248,35.87621070383891,697.3202508686372,733.1964615724792,否
433,B6T0000000678,E3,7,13,17,1,深位,56280.0,57013.19646157248,57049.07267227632,35.87621070383891,733.1964615724792,769.0726722763211,否
436,B6T0000000678,E3,7,14,17,1,浅位,56280.0,57049.07267227632,57084.94888298016,35.87621070383891,769.0726722763211,804.948882980163,否
2015,B6T0000001110,E3,7,13,26,7,浅位,86400.0,86612.47447728866,86665.59309661083,53.118619322172094,212.47447728866246,265.59309661082807,否
2016,B6T0000001110,E3,7,13,26,7,深位,86400.0,86665.59309661083,86718.711715933,53.118619322172094,265.59309661082807,318.7117159329937,否
2019,B6T0000001110,E3,7,14,26,7,浅位,86400.0,86718.711715933,86771.83033525516,53.118619322172094,318.7117159329937,371.8303352551593,否
2013,B6T0000001110,E3,7,14,26,7,深位,86400.0,86771.83033525516,86824.94895457732,53.118619322172094,371.8303352551593,424.9489545773249,否
3696,B6T0000001826,E1,7,14,2,56,浅位,88320.0,88320.0,88361.24832584133,41.24832584133322,0.0,41.24832584132673,否
3697,B6T0000001826,E1,7,14,2,56,深位,88320.0,88361.24832584133,88402.49665168265,41.24832584133322,41.24832584132673,82.49665168265346,否
2950,B6T0000001640,E1,7,14,5,27,浅位,89280.0,89385.4286386378,89422.01508299967,36.58644436187742,105.42863863779348,142.015082999671,否
1830,B6T0000001148,E3,7,13,9,10,浅位,91860.0,91860.0,91893.39489417434,33.39489417434322,0.0,33.39489417434379,否
1824,B6T0000001148,E3,7,13,9,10,深位,91860.0,91893.39489417434,91926.78978834869,33.39489417434322,33.39489417434379,66.78978834868758,否
1831,B6T0000001148,E3,7,13,12,6,浅位,91860.0,91926.78978834869,91961.96927135439,35.17948300571017,66.78978834868758,101.96927135439182,否
1826,B6T0000001148,E3,7,13,17,1,浅位,91860.0,91961.96927135439,91997.84548205823,35.87621070383891,101.96927135439182,137.84548205822648,否
1827,B6T0000001148,E3,7,13,17,1,深位,91860.0,91997.84548205823,92033.72169276206,35.87621070383891,137.84548205822648,173.72169276206114,否
1828,B6T0000001148,E3,7,14,17,1,浅位,91860.0,92033.72169276206,92069.5979034659,35.87621070383891,173.72169276206114,209.5979034658958,否
3658,B6T0000001038,E3,7,14,14,55,浅位,99420.0,99420.0,99477.06694152924,57.06694152923538,0.0,57.06694152923592,否
3659,B6T0000001038,E3,7,14,14,55,深位,99420.0,99477.06694152924,99534.13388305847,57.06694152923538,57.06694152923592,114.13388305847184,否
1057,B6T0000001185,E3,7,13,19,4,浅位,106380.0,106380.0,106422.11104209733,42.111042097333,0.0,42.1110420973273,否
1058,B6T0000001185,E3,7,13,19,4,深位,106380.0,106422.11104209733,106464.22208419465,42.111042097333,42.1110420973273,84.2220841946546,否
1067,B6T0000001185,E3,7,14,19,4,浅位,106380.0,106464.22208419465,106506.33312629198,42.111042097333,84.2220841946546,126.3331262919819,否
1056,B6T0000001185,E3,7,14,19,4,深位,106380.0,106506.33312629198,106548.44416838931,42.111042097333,126.3331262919819,168.4441683893092,否
2631,B6T0000000942,E3,7,14,16,26,浅位,108420.0,108420.0,108470.18381024407,50.18381024407063,0.0,50.18381024406699,否
2628,B6T0000000942,E3,7,14,16,26,深位,108420.0,108470.18381024407,108520.36762048813,50.18381024407063,50.18381024406699,100.36762048813398,否
2572,B6T0000000647,E3,7,13,14,27,浅位,111780.0,111780.0,111828.10585568091,48.10585568090876,0.0,48.10585568091483,否
2573,B6T0000000647,E3,7,13,14,27,深位,111780.0,111828.10585568091,111876.21171136183,48.10585568090876,48.10585568091483,96.21171136182966,否
2571,B6T0000000647,E3,7,14,14,27,浅位,111780.0,111876.21171136183,111924.31756704274,48.10585568090876,96.21171136182966,144.31756704274449,否
2570,B6T0000000647,E3,7,14,14,27,深位,111780.0,111924.31756704274,111972.42342272366,48.10585568090876,144.31756704274449,192.42342272365931,否
3358,B6T0000000487,E3,7,13,12,9,浅位,122220.0,122220.0,122257.26528620611,37.265286206101976,0.0,37.2652862061077,否
3359,B6T0000000487,E3,7,13,12,9,深位,122220.0,122257.26528620611,122294.53057241222,37.265286206101976,37.2652862061077,74.5305724122154,否
43,B6T0000001104,E3,7,13,11,1,浅位,123780.0,123836.6271148141,123864.94067222114,28.31355740704993,56.627114814094966,84.94067222114245,否
46,B6T0000001104,E3,7,13,11,1,深位,123780.0,123864.94067222114,123893.25422962819,28.31355740704993,84.94067222114245,113.25422962818993,否
48,B6T0000001104,E3,7,14,11,1,浅位,123780.0,123893.25422962819,123921.56778703524,28.31355740704993,113.25422962818993,141.56778703523742,否
49,B6T0000001104,E3,7,14,11,1,深位,123780.0,123921.56778703524,123949.88134444228,28.31355740704993,141.56778703523742,169.8813444422849,否
3607,B6T0000001654,E1,7,14,4,52,浅位,124320.0,124381.16527172552,124431.45025260851,50.28498088299875,61.16527172552014,111.45025260851253,是
3606,B6T0000001654,E1,7,14,4,52,深位,124320.0,124460.19428159186,124504.31565551618,44.12137392432181,140.19428159185918,184.31565551618405,是
844,B6T0000001220,E3,7,13,11,1,浅位,126180.0,126180.0,126208.31355740705,28.31355740704993,0.0,28.313557407047483,否
843,B6T0000001220,E3,7,13,11,1,深位,126180.0,126208.31355740705,126236.6271148141,28.31355740704993,28.313557407047483,56.627114814094966,否
2806,B6T0000001268,E3,7,13,34,10,浅位,126240.0,126240.0,126304.85957048937,64.85957048936939,0.0,64.85957048936689,否
2805,B6T0000001268,E3,7,13,34,10,深位,126240.0,126304.85957048937,126369.71914097873,64.85957048936939,64.85957048936689,129.71914097873378,否
2804,B6T0000001268,E3,7,14,34,10,浅位,126240.0,126369.71914097873,126434.5787114681,64.85957048936939,129.71914097873378,194.57871146810066,否
2807,B6T0000001268,E3,7,14,34,10,深位,126240.0,126434.5787114681,126499.43828195747,64.85957048936939,194.57871146810066,259.43828195746755,否
1045,B6T0000001052,E3,7,13,17,6,浅位,130740.0,130905.47246506979,130946.84058133724,41.368116267446766,165.4724650697899,206.84058133723738,否
1042,B6T0000001052,E3,7,13,17,6,深位,130740.0,130946.84058133724,130988.20869760468,41.368116267446766,206.84058133723738,248.20869760468486,否
1032,B6T0000001052,E3,7,14,17,6,浅位,130740.0,130988.20869760468,131029.57681387213,41.368116267446766,248.20869760468486,289.57681387213233,否
1031,B6T0000001052,E3,7,14,17,6,深位,130740.0,131029.57681387213,131070.94493013958,41.368116267446766,289.57681387213233,330.9449301395798,否
3632,B6T0000000436,E3,7,14,29,39,浅位,134700.0,134700.0,134770.46721912146,70.46721912147193,0.0,70.46721912146313,否
3633,B6T0000000436,E3,7,14,29,39,深位,134700.0,134770.46721912146,134840.93443824293,70.46721912147193,70.46721912146313,140.93443824292626,否
2522,B6T0000001186,E3,7,14,30,10,浅位,136200.0,136200.0,136259.96761646637,59.967616466380875,0.0,59.96761646636878,否
2521,B6T0000001186,E3,7,14,30,10,深位,136200.0,136259.96761646637,136319.93523293274,59.967616466380875,59.96761646636878,119.93523293273756,否
552,B6T0000001827,E1,7,14,2,4,浅位,140580.0,140580.0,140599.87023750387,19.870237503883608,0.0,19.870237503870158,否
558,B6T0000001827,E1,7,14,2,4,深位,140580.0,140599.87023750387,140619.74047500774,19.870237503883608,19.870237503870158,39.740475007740315,否
3098,B6T0000001767,E1,7,13,5,31,浅位,140580.0,140689.0289192946,140727.0233471842,37.994427889617384,109.02891929459292,147.02334718420752,否
2415,B6T0000001130,E3,7,13,34,4,浅位,172500.0,172532.38339113165,172601.26155205118,68.87816091954024,32.38339113164693,101.26155205117539,是
2416,B6T0000001130,E3,7,13,34,4,深位,172500.0,172625.62024770337,172695.96507528957,70.34482758620692,125.62024770336575,195.96507528956863,是
2417,B6T0000001130,E3,7,14,34,4,浅位,172500.0,172720.32377094176,172790.66859852796,70.34482758620692,220.323770941759,290.6685985279619,是
2418,B6T0000001130,E3,7,14,34,4,深位,172500.0,172815.02729418015,172885.37212176636,70.34482758620692,315.02729418015224,385.3721217663551,是
3082,B6T0000001138,E3,7,14,38,11,浅位,173160.0,173160.0,173230.33632331292,70.33632331291608,0.0,70.33632331292029,否
357,B6T0000001370,E1,7,13,3,3,浅位,173100.0,173230.33632331292,173251.02243127674,20.686107963804375,130.33632331292029,151.02243127673864,否
351,B6T0000001370,E1,7,13,3,3,深位,173100.0,173251.02243127674,173271.70853924056,20.686107963804375,151.02243127673864,171.708539240557,否
359,B6T0000001370,E1,7,14,3,3,浅位,173100.0,173271.70853924056,173292.39464720438,20.686107963804375,171.708539240557,192.39464720437536,否
353,B6T0000001370,E1,7,14,3,3,深位,173100.0,173292.39464720438,173313.0807551682,20.686107963804375,192.39464720437536,213.08075516819372,否
3083,B6T0000001138,E3,7,14,38,11,深位,173160.0,173313.0807551682,173383.4170784811,70.33632331291608,153.08075516819372,223.417078481114,否
3208,B6T0000000893,E3,7,13,30,23,浅位,173520.0,173520.0,173586.15691417898,66.15691417898806,0.0,66.15691417898051,否
3209,B6T0000000893,E3,7,13,30,23,深位,173520.0,173586.15691417898,173652.31382835796,66.15691417898806,66.15691417898051,132.31382835796103,否
3210,B6T0000000893,E3,7,14,30,23,浅位,173520.0,173652.31382835796,173718.47074253694,66.15691417898806,132.31382835796103,198.47074253694154,否
1778,B6T0000001122,E3,7,14,23,7,浅位,173760.0,173760.0,173809.44965380494,49.44965380493072,0.0,49.4496538049425,否
1780,B6T0000001122,E3,7,14,23,7,深位,173760.0,173809.44965380494,173858.89930760988,49.44965380493072,49.4496538049425,98.899307609885,否
1909,B6T0000000403,E3,7,14,28,4,浅位,174000.0,174174.92281107217,174228.04074972123,53.11793864905714,174.92281107217423,228.04074972122908,否
1910,B6T0000000403,E3,7,14,28,4,深位,174000.0,174228.04074972123,174281.15868837028,53.11793864905714,228.04074972122908,281.1586883702839,否
995,B6T0000001090,E3,7,13,11,12,浅位,174180.0,174281.15868837028,174318.80836797954,37.649679609257475,101.15868837028393,138.80836797953816,否
996,B6T0000001090,E3,7,13,11,12,深位,174180.0,174318.80836797954,174356.4580475888,37.649679609257475,138.80836797953816,176.4580475887924,否
1000,B6T0000001090,E3,7,14,11,12,浅位,174180.0,174356.4580475888,174394.10772719805,37.649679609257475,176.4580475887924,214.10772719804663,否
997,B6T0000001090,E3,7,14,11,12,深位,174180.0,174394.10772719805,174431.7574068073,37.649679609257475,214.10772719804663,251.75740680730087,否
770,B6T0000000843,E3,7,13,15,5,浅位,174120.0,175014.5661220127,175052.67963727805,38.113515265344404,894.5661220127076,932.6796372780518,否
769,B6T0000000843,E3,7,13,15,5,深位,174120.0,175052.67963727805,175090.7931525434,38.113515265344404,932.6796372780518,970.793152543396,否
768,B6T0000000843,E3,7,14,15,5,浅位,174120.0,175090.7931525434,175128.90666780874,38.113515265344404,970.793152543396,1008.9066678087402,否
765,B6T0000000843,E3,7,14,15,5,深位,174120.0,175128.90666780874,175167.02018307408,38.113515265344404,1008.9066678087402,1047.0201830740843,否
2211,B6T0000001272,E3,7,13,17,6,浅位,175380.0,175380.0,175421.36811626743,41.368116267446766,0.0,41.368116267432924,否
2212,B6T0000001272,E3,7,13,17,6,深位,175380.0,175421.36811626743,175462.73623253487,41.368116267446766,41.368116267432924,82.73623253486585,否
2213,B6T0000001272,E3,7,14,17,6,浅位,175380.0,175462.73623253487,175504.1043488023,41.368116267446766,82.73623253486585,124.10434880229877,否
2217,B6T0000001272,E3,7,14,17,6,深位,175380.0,175504.1043488023,175545.47246506973,41.368116267446766,124.10434880229877,165.4724650697317,否
2457,B6T0000001943,E1,7,13,1,19,浅位,181500.0,181552.29645304958,181578.44467957437,26.148226524783972,52.29645304958103,78.44467957437155,否
2455,B6T0000001943,E1,7,13,1,19,深位,181500.0,181578.44467957437,181604.59290609916,26.148226524783972,78.44467957437155,104.59290609916206,否
2456,B6T0000001943,E1,7,14,1,19,浅位,181500.0,181604.59290609916,181630.74113262395,26.148226524783972,104.59290609916206,130.74113262395258,否
2609,B6T0000000322,E3,7,14,36,5,浅位,185040.0,185040.0,185103.79627388602,63.79627388603407,0.0,63.79627388602239,否
2610,B6T0000000322,E3,7,14,36,5,深位,185040.0,185103.79627388602,185167.59254777204,63.79627388603407,63.79627388602239,127.59254777204478,否
1417,B6T0000000947,E3,7,14,12,15,浅位,188580.0,188580.0,188620.5728929828,40.57289298279282,0.0,40.57289298280375,否
1428,B6T0000000947,E3,7,14,12,15,深位,188580.0,188620.5728929828,188661.1457859656,40.57289298279282,40.57289298280375,81.1457859656075,否
3025,B6T0000000103,E4,7,13,44,25,浅位,190080.0,190080.0,190164.51093857666,84.51093857666585,0.0,84.51093857665546,否
3027,B6T0000000103,E4,7,13,44,25,深位,190080.0,190164.51093857666,190249.0218771533,84.51093857666585,84.51093857665546,169.02187715331092,否
3026,B6T0000000103,E4,7,14,44,25,浅位,190080.0,190249.0218771533,190333.53281572997,84.51093857666585,169.02187715331092,253.5328157299664,否
3615,B6T0000000449,E3,7,13,37,30,浅位,192720.0,192720.0,192797.299536558,77.29953655801766,0.0,77.29953655801364,否
3614,B6T0000000449,E3,7,13,37,30,深位,192720.0,192797.299536558,192874.59907311603,77.29953655801766,77.29953655801364,154.59907311602728,否
2902,B6T0000000326,E3,7,13,9,38,浅位,193500.0,193589.59883851674,193634.39825777512,44.79941925836017,89.59883851674385,134.39825777511578,否
1707,B6T0000001409,E1,7,14,4,8,浅位,194220.0,194220.0,194246.32849492683,26.328494926829542,0.0,26.32849492682726,否
1708,B6T0000001409,E1,7,14,4,8,深位,194220.0,194246.32849492683,194272.65698985365,26.328494926829542,26.32849492682726,52.65698985365452,否
905,B6T0000000411,E3,7,14,14,7,浅位,194580.0,194580.0,194618.44275725321,38.44275725320658,0.0,38.44275725321495,否
903,B6T0000000411,E3,7,14,14,7,深位,194580.0,194618.44275725321,194656.88551450643,38.44275725320658,38.44275725321495,76.8855145064299,否
1870,B6T0000000931,E3,7,13,20,12,浅位,194940.0,195233.28779053967,195282.16908896295,48.88129842328784,293.28779053967446,342.16908896295354,否
1869,B6T0000000931,E3,7,13,20,12,深位,194940.0,195282.16908896295,195331.05038738623,48.88129842328784,342.16908896295354,391.0503873862326,否
1502,B6T0000000905,E3,7,13,14,14,浅位,195660.0,195830.37994316162,195872.97492895203,42.594985790418185,170.37994316162076,212.97492895202595,否
1501,B6T0000000905,E3,7,13,14,14,深位,195660.0,195872.97492895203,195915.56991474243,42.594985790418185,212.97492895202595,255.56991474243114,否
1500,B6T0000000905,E3,7,14,14,14,浅位,195660.0,195915.56991474243,195958.16490053284,42.594985790418185,255.56991474243114,298.1649005328363,否
1499,B6T0000000905,E3,7,14,14,14,深位,195660.0,195958.16490053284,196000.75988632324,42.594985790418185,298.1649005328363,340.7598863232415,否
1353,B6T0000001367,E1,7,13,2,7,浅位,198960.0,199191.62658272803,199213.94347791653,22.316895188492822,231.62658272802946,253.94347791653126,否
1352,B6T0000001367,E1,7,13,2,7,深位,198960.0,199213.94347791653,199236.26037310503,22.316895188492822,253.94347791653126,276.26037310503307,否
1360,B6T0000001367,E1,7,14,2,7,浅位,198960.0,199236.26037310503,199258.57726829353,22.316895188492822,276.26037310503307,298.57726829353487,否
1359,B6T0000001367,E1,7,14,2,7,深位,198960.0,199258.57726829353,199280.89416348204,22.316895188492822,298.57726829353487,320.8941634820367,否
3495,B6T0000000600,E3,7,14,29,34,浅位,199860.0,199860.0,199928.8569857174,68.8569857173897,0.0,68.85698571740068,否
3494,B6T0000000600,E3,7,14,29,34,深位,199860.0,199928.8569857174,199997.7139714348,68.8569857173897,68.85698571740068,137.71397143480135,否
1147,B6T0000000395,E3,7,13,16,8,浅位,202560.0,203112.75791656392,203154.33878288578,41.58086632185374,552.7579165639181,594.3387828857813,否
1148,B6T0000000395,E3,7,13,16,8,深位,202560.0,203154.33878288578,203195.91964920764,41.58086632185374,594.3387828857813,635.9196492076444,否
1138,B6T0000000395,E3,7,14,16,8,浅位,202560.0,203195.91964920764,203237.5005155295,41.58086632185374,635.9196492076444,677.5005155295075,否
1139,B6T0000000395,E3,7,14,16,8,深位,202560.0,203237.5005155295,203279.08138185137,41.58086632185374,677.5005155295075,719.0813818513707,否
819,B6T0000001427,E1,7,13,4,4,浅位,203940.0,204218.27646222082,204241.4661674059,23.189705185067417,278.27646222081967,301.466167405888,否
818,B6T0000001427,E1,7,13,4,4,深位,203940.0,204241.4661674059,204264.65587259096,23.189705185067417,301.466167405888,324.6558725909563,否
817,B6T0000001427,E1,7,14,4,4,浅位,203940.0,204264.65587259096,204287.84557777602,23.189705185067417,324.6558725909563,347.8455777760246,否
816,B6T0000001427,E1,7,14,4,4,深位,203940.0,204287.84557777602,204311.0352829611,23.189705185067417,347.8455777760246,371.0352829610929,否
3679,B6T0000000145,E4,7,13,45,3,浅位,211080.0,211080.0,211153.65789059096,73.65789059095431,0.0,73.6578905909555,否
3678,B6T0000000145,E4,7,13,45,3,深位,211080.0,211153.65789059096,211227.3157811819,73.65789059095431,73.6578905909555,147.315781181911,否
324,B6T0000001196,E3,7,13,12,6,深位,216480.0,216561.4042119665,216616.58794524104,55.18373327456183,81.4042119664955,136.5879452410445,是
316,B6T0000001196,E3,7,14,12,6,浅位,216480.0,216616.58794524107,216651.7674282468,35.17948300571017,136.5879452410736,171.7674282467924,否
315,B6T0000001196,E3,7,14,12,6,深位,216480.0,216651.7674282468,216686.9469112525,35.17948300571017,171.7674282467924,206.9469112525112,否
2124,B6T0000001478,E1,7,13,2,13,浅位,223500.0,223655.72062493674,223681.6740624262,25.953437489450764,155.72062493674457,181.674062426202,否
3054,B6T0000001938,E1,7,13,4,30,浅位,223920.0,223920.0,223956.3644065423,36.36440654230379,0.0,36.36440654229955,否
3053,B6T0000001938,E1,7,13,4,30,深位,223920.0,223956.3644065423,223992.7288130846,36.36440654230379,36.36440654229955,72.7288130845991,否
3052,B6T0000001938,E1,7,14,4,30,浅位,223920.0,223992.7288130846,224029.0932196269,36.36440654230379,72.7288130845991,109.09321962689864,否
2715,B6T0000000081,E4,7,13,44,20,浅位,228060.0,228060.0,228142.51093857666,82.51093857666585,0.0,82.51093857665546,否
2713,B6T0000000081,E4,7,13,44,20,深位,228060.0,228142.51093857666,228225.0218771533,82.51093857666585,82.51093857665546,165.02187715331092,否
2714,B6T0000000081,E4,7,14,44,20,浅位,228060.0,228225.0218771533,228307.53281572997,82.51093857666585,165.02187715331092,247.5328157299664,否
2712,B6T0000000081,E4,7,14,44,20,深位,228060.0,228307.53281572997,228390.04375430662,82.51093857666585,247.5328157299664,330.04375430662185,否
3384,B6T0000001340,E1,7,13,1,26,浅位,259140.0,259140.0,259168.95243558983,28.952435589834128,0.0,28.95243558983202,否
3385,B6T0000001340,E1,7,13,1,26,深位,259140.0,259168.95243558983,259197.90487117966,28.952435589834128,28.95243558983202,57.90487117966404,否
673,B6T0000001180,E3,7,13,10,10,浅位,259800.0,259835.02165795153,259870.04331590305,35.021657951526706,35.02165795152541,70.04331590305082,否
686,B6T0000001180,E3,7,13,10,10,深位,259800.0,259870.04331590305,259905.06497385458,35.021657951526706,70.04331590305082,105.06497385457624,否
679,B6T0000001180,E3,7,14,10,10,浅位,259800.0,259905.06497385458,259940.0866318061,35.021657951526706,105.06497385457624,140.08663180610165,否
676,B6T0000001180,E3,7,14,10,10,深位,259800.0,259940.0866318061,259975.10828975763,35.021657951526706,140.08663180610165,175.10828975762706,否
1605,B6T0000001610,E1,7,14,2,8,浅位,260160.0,260160.0,260183.00902724566,23.009027245645733,0.0,23.009027245658217,否
1610,B6T0000001610,E1,7,14,2,8,深位,260160.0,260183.00902724566,260206.01805449132,23.009027245645733,23.009027245658217,46.018054491316434,否
168,B6T0000000810,E3,7,13,14,2,浅位,259440.0,260798.90396691035,260832.68060696783,33.776640057478595,1358.9039669103513,1392.6806069678278,否
3605,B6T0000001598,E1,7,13,3,3,浅位,260820.0,260832.68060696783,260853.36671493165,20.686107963804375,12.68060696782777,33.36671493164613,否
3604,B6T0000001598,E1,7,13,3,3,深位,260820.0,260853.36671493165,260874.05282289546,20.686107963804375,33.36671493164613,54.05282289546449,否
150,B6T0000000810,E3,7,13,14,2,深位,259440.0,260874.05282289546,260907.82946295294,33.776640057478595,1434.0528228954645,1467.829462952941,否
169,B6T0000000810,E3,7,14,14,2,浅位,259440.0,260907.82946295294,260941.60610301042,33.776640057478595,1467.829462952941,1501.6061030104174,否
272,B6T0000000305,E4,7,13,43,3,浅位,260820.0,261386.49322993367,261457.09364926026,70.60041932658646,566.4932299336651,637.0936492602632,否
2273,B6T0000001817,E1,7,13,1,15,浅位,261660.0,261708.61432616907,261732.9214892536,24.307163084545795,48.61432616907405,72.92148925361107,否
2272,B6T0000001817,E1,7,13,1,15,深位,261660.0,261732.9214892536,261757.22865233815,24.307163084545795,72.92148925361107,97.2286523381481,否
2276,B6T0000001817,E1,7,14,1,15,浅位,261660.0,261757.22865233815,261781.53581542269,24.307163084545795,97.2286523381481,121.53581542268512,否
2275,B6T0000001817,E1,7,14,1,15,深位,261660.0,261781.53581542269,261805.84297850722,24.307163084545795,121.53581542268512,145.84297850722214,否
653,B6T0000001698,E1,7,13,8,1,浅位,261780.0,261805.84297850722,261829.70235490197,23.859376394751425,25.842978507222142,49.70235490196501,否
652,B6T0000001698,E1,7,13,8,1,深位,261780.0,261829.70235490197,261853.5617312967,23.859376394751425,49.70235490196501,73.56173129670788,否
651,B6T0000001698,E1,7,14,8,1,浅位,261780.0,261853.5617312967,261877.42110769145,23.859376394751425,73.56173129670788,97.42110769145074,否
285,B6T0000000305,E4,7,13,43,3,深位,261780.0,261877.42110769145,261948.02152701805,70.60041932658646,97.42110769145074,168.0215270180488,否
282,B6T0000000305,E4,7,14,43,3,浅位,261780.0,261948.02152701805,262018.62194634465,70.60041932658646,168.0215270180488,238.62194634464686,否
283,B6T0000000305,E4,7,14,43,3,深位,261780.0,262018.62194634465,262089.22236567124,70.60041932658646,238.62194634464686,309.2223656712449,否
3259,B6T0000000138,E4,7,13,44,22,浅位,262740.0,262740.0,262823.3379689717,83.33796897167477,0.0,83.33796897169668,否
3258,B6T0000000138,E4,7,13,44,22,深位,262740.0,262823.3379689717,262906.6759379434,83.33796897167477,83.33796897169668,166.67593794339336,否
2461,B6T0000000438,E3,7,13,30,9,浅位,284400.0,284637.4110801702,284696.76385021274,59.35277004255123,237.41108017018996,296.76385021273745,否
2674,B6T0000000584,E3,7,13,33,9,浅位,288000.0,288153.21924712777,288216.24098268757,63.02173555979261,153.21924712776672,216.24098268756643,否
2675,B6T0000000584,E3,7,13,33,9,深位,288000.0,288216.24098268757,288279.26271824737,63.02173555979261,216.24098268756643,279.26271824736614,否
3360,B6T0000000601,E3,7,13,17,6,深位,289260.0,289260.0,289301.36811626743,41.368116267446766,0.0,41.368116267432924,否
3361,B6T0000000601,E3,7,14,17,6,浅位,289260.0,289301.36811626743,289342.73623253487,41.368116267446766,41.368116267432924,82.73623253486585,否
1523,B6T0000000228,E4,7,13,43,10,浅位,301800.0,302443.5218083116,302519.5411489159,76.01934060431192,643.521808311576,719.5411489158869,否
1526,B6T0000000228,E4,7,13,43,10,深位,301800.0,302519.5411489159,302595.5604895202,76.01934060431192,719.5411489158869,795.5604895201977,否
1525,B6T0000000228,E4,7,14,43,10,浅位,301800.0,302595.5604895202,302671.5798301245,76.01934060431192,795.5604895201977,871.5798301245086,否
1518,B6T0000000228,E4,7,14,43,10,深位,301800.0,302671.5798301245,302747.5991707288,76.01934060431192,871.5798301245086,947.5991707288194,否
1157,B6T0000000245,E4,7,13,43,3,浅位,308040.0,308040.0,308110.60041932657,70.60041932658646,0.0,70.60041932656895,否
1156,B6T0000000245,E4,7,13,43,3,深位,308040.0,308110.60041932657,308181.20083865314,70.60041932658646,70.60041932656895,141.2008386531379,否
1164,B6T0000000245,E4,7,14,43,3,浅位,308040.0,308181.20083865314,308251.8012579797,70.60041932658646,141.2008386531379,211.80125797970686,否
1155,B6T0000000245,E4,7,14,43,3,深位,308040.0,308251.8012579797,308322.4016773063,70.60041932658646,211.80125797970686,282.4016773062758,否
1636,B6T0000001117,E3,7,13,13,16,浅位,308820.0,309227.1744187759,309269.5138098408,42.33939106490703,407.1744187758886,449.51380984077696,否
1639,B6T0000001117,E3,7,13,13,16,深位,308820.0,309269.5138098408,309311.85320090567,42.33939106490703,449.51380984077696,491.8532009056653,否
1637,B6T0000001117,E3,7,14,13,16,浅位,308820.0,309311.85320090567,309354.19259197055,42.33939106490703,491.8532009056653,534.1925919705536,否
296,B6T0000001196,E3,7,13,13,5,浅位,309300.0,310192.5024519762,310238.2331456915,45.7306937153182,892.5024519761791,938.2331456915126,是
295,B6T0000001196,E3,7,13,13,5,深位,309300.0,310280.1351783411,310325.86587205646,45.7306937153182,980.1351783411228,1025.8658720564563,是
294,B6T0000001196,E3,7,14,13,5,浅位,309300.0,310367.76790470607,310413.4985984214,45.7306937153182,1067.7679047060665,1113.4985984214,是
300,B6T0000001196,E3,7,14,13,5,深位,309300.0,310458.2610847762,310505.4619563634,47.2008715871835,1158.261084776197,1205.4619563634042,是
501,B6T0000001101,E3,7,13,12,7,浅位,309960.0,311063.1187787761,311119.09806588164,55.979287105565845,1103.1187787760864,1159.0980658816407,是
502,B6T0000001101,E3,7,13,12,7,深位,309960.0,311172.5033882205,311228.48267532606,55.979287105565845,1212.5033882205025,1268.4826753260568,是
508,B6T0000001101,E3,7,14,12,7,浅位,309960.0,311281.8879976649,311337.8672847705,55.979287105565845,1321.8879976649187,1377.867284770473,是
512,B6T0000001101,E3,7,14,12,7,深位,309960.0,311391.27260710933,311447.2518942149,55.979287105565845,1431.2726071093348,1487.251894214889,是
238,B6T0000000581,E3,7,13,9,9,浅位,311640.0,312055.0765568835,312110.7618382578,55.68528137423858,415.0765568835195,470.76183825777844,是
237,B6T0000000581,E3,7,13,9,9,深位,311640.0,312164.34107364004,312220.0263550143,55.68528137423858,524.3410736400401,580.026355014299,是
251,B6T0000000581,E3,7,14,9,9,浅位,311640.0,312273.7720071882,312329.5782120797,55.806204891526335,633.7720071881777,689.5782120797085,是
235,B6T0000000581,E3,7,14,9,9,深位,311640.0,312383.32386425365,312439.1300691452,55.806204891526335,743.3238642536453,799.1300691451761,是
832,B6T0000001220,E3,7,14,11,1,浅位,312960.0,312960.0,312988.31355740706,28.31355740704993,0.0,28.313557407062035,否
833,B6T0000001220,E3,7,14,11,1,深位,312960.0,312988.31355740706,313016.6271148141,28.31355740704993,28.313557407062035,56.62711481412407,否
2139,B6T0000001633,E1,7,13,2,7,浅位,313560.0,313560.0,313582.3168951885,22.316895188492822,0.0,22.3168951884727,否
2140,B6T0000001633,E1,7,13,2,7,深位,313560.0,313582.3168951885,313604.63379037695,22.316895188492822,22.3168951884727,44.6337903769454,否
2137,B6T0000001633,E1,7,14,2,7,浅位,313560.0,313604.63379037695,313626.9506855654,22.316895188492822,44.6337903769454,66.9506855654181,否
2134,B6T0000001633,E1,7,14,2,7,深位,313560.0,313626.9506855654,313649.2675807539,22.316895188492822,66.9506855654181,89.2675807538908,否
2138,B6T0000001633,E1,7,13,4,4,浅位,313560.0,313649.2675807539,313672.45728593896,23.189705185067417,89.2675807538908,112.4572859389591,否
2135,B6T0000001633,E1,7,13,4,4,深位,313560.0,313672.45728593896,313695.646991124,23.189705185067417,112.4572859389591,135.6469911240274,否
2136,B6T0000001633,E1,7,14,4,4,浅位,313560.0,313695.646991124,313718.8366963091,23.189705185067417,135.6469911240274,158.83669630909571,否
2776,B6T0000001508,E1,7,14,6,23,浅位,313560.0,313718.8366963091,313755.05667877535,36.21998246623777,158.83669630909571,195.0566787753487,否
2778,B6T0000001508,E1,7,14,6,23,深位,313560.0,313755.05667877535,313791.2766612416,36.21998246623777,195.0566787753487,231.2766612416017,否
1787,B6T0000001685,E1,7,13,5,8,浅位,313920.0,314085.6928679481,314113.30834593944,27.61547799132814,165.6928679480916,193.3083459394402,否
1789,B6T0000001685,E1,7,13,5,8,深位,313920.0,314113.30834593944,314140.9238239308,27.61547799132814,193.3083459394402,220.92382393078879,否
1795,B6T0000001685,E1,7,14,5,8,浅位,313920.0,314140.9238239308,314168.53930192214,27.61547799132814,220.92382393078879,248.53930192213738,否
184,B6T0000000932,E3,7,13,15,1,浅位,345480.0,345591.3679087184,345631.29475684895,39.9268481305285,111.36790871841367,151.29475684894715,是
183,B6T0000000932,E3,7,13,15,1,深位,345480.0,345631.29475684895,345664.7249905413,33.43023369234466,151.29475684894715,184.72499054129003,否
186,B6T0000000932,E3,7,14,15,1,浅位,345480.0,345664.7249905413,345698.15522423363,33.43023369234466,184.72499054129003,218.1552242336329,否
145,B6T0000000154,E4,7,13,44,1,浅位,345840.0,345840.0,345909.35552104865,69.35552104866652,0.0,69.35552104865201,否
135,B6T0000000154,E4,7,13,44,1,深位,345840.0,345909.35552104865,345978.7110420973,69.35552104866652,69.35552104865201,138.71104209730402,否
133,B6T0000000154,E4,7,14,44,1,浅位,345840.0,345978.7110420973,346048.06656314596,69.35552104866652,138.71104209730402,208.06656314595602,否
132,B6T0000000154,E4,7,14,44,1,深位,345840.0,346048.06656314596,346117.4220841946,69.35552104866652,208.06656314595602,277.42208419460803,否
3719,B6T0000000332,E3,7,14,15,5,浅位,346800.0,346800.0,346838.11351526534,38.113515265344404,0.0,38.113515265344176,否
3718,B6T0000000332,E3,7,14,15,5,深位,346800.0,346838.11351526534,346876.2270305307,38.113515265344404,38.113515265344176,76.22703053068835,否
978,B6T0000001844,E1,7,13,8,2,浅位,346200.0,346876.2270305307,346901.6558017963,25.428771265632484,676.2270305306884,701.6558017962961,否
987,B6T0000001844,E1,7,13,8,2,深位,346200.0,346901.6558017963,346927.0845730619,25.428771265632484,701.6558017962961,727.0845730619039,否
986,B6T0000001844,E1,7,14,8,2,浅位,346200.0,346927.0845730619,346952.5133443275,25.428771265632484,727.0845730619039,752.5133443275117,否
1771,B6T0000001573,E1,7,13,3,9,浅位,347160.0,347261.9607312707,347287.4509140884,25.49018281770018,101.96073127072304,127.4509140884038,否
1769,B6T0000001573,E1,7,13,3,9,深位,347160.0,347287.4509140884,347312.9410969061,25.49018281770018,127.4509140884038,152.94109690608457,否
1768,B6T0000001573,E1,7,14,3,9,浅位,347160.0,347312.9410969061,347338.43127972377,25.49018281770018,152.94109690608457,178.43127972376533,否
1767,B6T0000001573,E1,7,14,3,9,深位,347160.0,347338.43127972377,347363.92146254145,25.49018281770018,178.43127972376533,203.9214625414461,否
948,B6T0000000445,E3,7,13,12,10,浅位,348420.0,348834.10078759684,348871.9809202268,37.88013262993162,414.1007875968353,451.98092022677884,否
3548,B6T0000000079,E4,7,13,44,1,浅位,350940.0,350940.0,351009.35552104865,69.35552104866652,0.0,69.35552104865201,否
3549,B6T0000000079,E4,7,13,44,1,深位,350940.0,351009.35552104865,351078.7110420973,69.35552104866652,69.35552104865201,138.71104209730402,否
1651,B6T0000000735,E3,7,13,15,14,浅位,374040.0,374284.93602322706,374328.7539975232,43.81797429616532,244.93602322705556,288.7539975232212,否
1650,B6T0000000735,E3,7,13,15,14,深位,374040.0,374328.7539975232,374372.5719718194,43.81797429616532,288.7539975232212,332.5719718193868,否
1646,B6T0000000735,E3,7,14,15,14,浅位,374040.0,374372.5719718194,374416.38994611555,43.81797429616532,332.5719718193868,376.38994611555245,否
1647,B6T0000000735,E3,7,14,15,14,深位,374040.0,374416.38994611555,374460.2079204117,43.81797429616532,376.38994611555245,420.2079204117181,否
102,B6T0000000261,E4,7,13,43,1,浅位,375660.0,376202.61428333167,376270.4410687481,67.82678541648261,542.6142833316699,610.4410687481286,否
101,B6T0000000261,E4,7,13,43,1,深位,375660.0,376270.4410687481,376338.2678541646,67.82678541648261,610.4410687481286,678.2678541645873,否
96,B6T0000000261,E4,7,14,43,1,浅位,375660.0,376338.2678541646,376406.09463958105,67.82678541648261,678.2678541645873,746.0946395810461,否
99,B6T0000000261,E4,7,14,43,1,深位,375660.0,376406.09463958105,376473.9214249975,67.82678541648261,746.0946395810461,813.9214249975048,否
1987,B6T0000001870,E1,7,13,3,11,浅位,380640.0,380746.75931216846,380773.4491402106,26.689828042088017,106.7593121684622,133.44914021057775,否
1985,B6T0000001870,E1,7,13,3,11,深位,380640.0,380773.4491402106,380800.1389682527,26.689828042088017,133.44914021057775,160.1389682526933,否
1984,B6T0000001870,E1,7,14,3,11,浅位,380640.0,380800.1389682527,380826.8287962948,26.689828042088017,160.1389682526933,186.82879629480885,否
1988,B6T0000001870,E1,7,14,3,11,深位,380640.0,380826.8287962948,380853.5186243369,26.689828042088017,186.82879629480885,213.5186243369244,否
3205,B6T0000000817,E3,7,14,28,4,深位,391320.0,391320.0,391373.1179386491,53.11793864905714,0.0,53.11793864908395,否
3206,B6T0000000817,E3,7,13,12,63,浅位,391320.0,391373.1179386491,391430.12318344833,57.00524479923292,53.11793864908395,110.1231834483333,否
3207,B6T0000000817,E3,7,13,12,63,深位,391320.0,391430.12318344833,391487.1284282476,57.00524479923292,110.1231834483333,167.12842824758263,否
2968,B6T0000000301,E4,7,14,43,1,浅位,391980.0,391980.0,392047.82678541646,67.82678541648261,0.0,67.82678541645873,否
2970,B6T0000000301,E4,7,14,43,1,深位,391980.0,392047.82678541646,392115.6535708329,67.82678541648261,67.82678541645873,135.65357083291747,否
2441,B6T0000001304,E3,7,13,12,6,深位,399000.0,399000.0,399035.1794830057,35.17948300571017,0.0,35.179483005718794,否
2442,B6T0000001304,E3,7,14,12,6,浅位,399000.0,399035.1794830057,399070.35896601144,35.17948300571017,35.179483005718794,70.35896601143759,否
2440,B6T0000001304,E3,7,14,12,6,深位,399000.0,399070.35896601144,399105.53844901716,35.17948300571017,70.35896601143759,105.53844901715638,否
2443,B6T0000001304,E3,7,14,17,6,深位,399000.0,399105.53844901716,399146.9065652846,41.368116267446766,105.53844901715638,146.9065652845893,否
2444,B6T0000001304,E3,7,13,16,8,浅位,399000.0,399146.9065652846,399188.48743160645,41.58086632185374,146.9065652845893,188.48743160645245,否
2181,B6T0000000571,E3,7,14,16,8,深位,400680.0,400680.0,400721.58086632186,41.58086632185374,0.0,41.58086632186314,否
2177,B6T0000000571,E3,7,13,14,14,浅位,400680.0,400721.58086632186,400764.1758521123,42.594985790418185,41.58086632186314,84.17585211229743,否
2179,B6T0000000571,E3,7,13,14,14,深位,400680.0,400764.1758521123,400806.77083790273,42.594985790418185,84.17585211229743,126.77083790273173,否
2182,B6T0000000571,E3,7,14,14,14,浅位,400680.0,400806.77083790273,400849.36582369317,42.594985790418185,126.77083790273173,169.36582369316602,否
2178,B6T0000000571,E3,7,14,14,14,深位,400680.0,400849.36582369317,400891.9608094836,42.594985790418185,169.36582369316602,211.96080948360031,否
2180,B6T0000000571,E3,7,13,9,38,浅位,400680.0,400891.9608094836,400936.760228742,44.79941925836017,211.96080948360031,256.76022874197224,否
2176,B6T0000000571,E3,7,13,20,12,浅位,400680.0,400936.760228742,400985.64152716525,48.88129842328784,256.76022874197224,305.6415271652513,否
2646,B6T0000001956,E1,7,13,3,22,浅位,400920.0,400985.64152716525,401017.536449142,31.89492197670876,65.64152716525132,97.53644914197503,否
2647,B6T0000001956,E1,7,13,3,22,深位,400920.0,401017.536449142,401049.4313711187,31.89492197670876,97.53644914197503,129.43137111869873,否
2919,B6T0000001125,E3,7,14,14,7,深位,402480.0,402480.0,402518.4427572532,38.44275725320658,0.0,38.442757253185846,否
2918,B6T0000001125,E3,7,14,12,15,浅位,402480.0,402518.4427572532,402559.015650236,40.57289298279282,38.442757253185846,79.0156502359896,否
2917,B6T0000001125,E3,7,14,12,15,深位,402480.0,402559.015650236,402599.5885432188,40.57289298279282,79.0156502359896,119.58854321879335,否
3151,B6T0000001396,E1,7,13,3,3,浅位,431700.0,431700.0,431720.6861079638,20.686107963804375,0.0,20.686107963789254,否
3152,B6T0000001396,E1,7,13,3,3,深位,431700.0,431720.6861079638,431741.3722159276,20.686107963804375,20.686107963789254,41.37221592757851,否
3153,B6T0000001396,E1,7,14,2,8,浅位,431700.0,431741.3722159276,431764.3812431732,23.009027245645733,41.37221592757851,64.38124317320762,否
963,B6T0000000445,E3,7,13,12,10,深位,432000.0,432114.75749918254,432152.6376318125,37.88013262993162,114.7574991825386,152.63763181248214,否
962,B6T0000000445,E3,7,14,12,10,浅位,432000.0,432152.6376318125,432190.5177644424,37.88013262993162,152.63763181248214,190.5177644424257,否
969,B6T0000000445,E3,7,14,12,10,深位,432000.0,432190.5177644424,432228.39789707237,37.88013262993162,190.5177644424257,228.39789707236923,否
871,B6T0000000001,E4,7,13,47,1,浅位,432180.0,433235.261430942,433309.2031588872,73.94172794521825,1055.2614309419878,1129.2031588872196,否
872,B6T0000000001,E4,7,13,47,1,深位,432180.0,433309.2031588872,433383.14488683245,73.94172794521825,1129.2031588872196,1203.1448868324514,否
873,B6T0000000001,E4,7,14,47,1,浅位,432180.0,433383.14488683245,433457.0866147777,73.94172794521825,1203.1448868324514,1277.0866147776833,否
874,B6T0000000001,E4,7,14,47,1,深位,432180.0,433457.0866147777,433531.0283427229,73.94172794521825,1277.0866147776833,1351.028342722915,否
27,B6T0000001209,E3,7,13,10,1,浅位,434280.0,434494.6328221094,434521.46192487306,26.829102763697396,214.63282210938632,241.46192487305962,否
20,B6T0000001209,E3,7,13,10,1,深位,434280.0,434521.46192487306,434548.29102763673,26.829102763697396,241.46192487305962,268.2910276367329,否
21,B6T0000001209,E3,7,14,10,1,浅位,434280.0,434548.29102763673,434575.1201304004,26.829102763697396,268.2910276367329,295.1201304004062,否
29,B6T0000001209,E3,7,14,10,1,深位,434280.0,434575.1201304004,434601.9492331641,26.829102763697396,295.1201304004062,321.9492331640795,否
3426,B6T0000000542,E3,7,14,9,9,浅位,434880.0,434880.0,434912.7800477505,32.780047750513575,0.0,32.78004775050795,否
3427,B6T0000000542,E3,7,14,9,9,深位,434880.0,434912.7800477505,434945.560095501,32.780047750513575,32.78004775050795,65.5600955010159,否
1451,B6T0000000191,E4,7,14,44,8,浅位,434220.0,435017.61694933247,435093.9001145049,76.28316517242848,797.6169493324705,873.9001145049115,否
1443,B6T0000000191,E4,7,14,44,8,深位,434220.0,435093.9001145049,435170.18327967735,76.28316517242848,873.9001145049115,950.1832796773524,否
482,B6T0000001101,E3,7,14,13,5,深位,436560.0,436560.0,436595.6561094919,35.65610949190729,0.0,35.65610949188704,否
3291,B6T0000001192,E3,7,13,9,10,浅位,438540.0,438540.0,438573.39489417436,33.39489417434322,0.0,33.39489417435834,否
3290,B6T0000001192,E3,7,13,9,10,深位,438540.0,438573.39489417436,438606.7897883487,33.39489417434322,33.39489417435834,66.78978834871668,否
2938,B6T0000000287,E4,7,14,44,22,浅位,442560.0,442560.0,442643.3379689717,83.33796897167477,0.0,83.33796897169668,否
2940,B6T0000000287,E4,7,14,44,22,深位,442560.0,442643.3379689717,442726.6759379434,83.33796897167477,83.33796897169668,166.67593794339336,否
643,B6T0000000469,E3,7,13,9,11,浅位,450900.0,451093.94358564244,451127.9232786173,33.97969297490141,193.94358564243885,227.92327861732338,否
645,B6T0000000469,E3,7,13,9,11,深位,450900.0,451127.9232786173,451161.9029715922,33.97969297490141,227.92327861732338,261.9029715922079,否
646,B6T0000000469,E3,7,14,9,11,浅位,450900.0,451161.9029715922,451195.8826645671,33.97969297490141,261.9029715922079,295.88266456709243,否
648,B6T0000000469,E3,7,14,9,11,深位,450900.0,451195.8826645671,451229.862357542,33.97969297490141,295.88266456709243,329.86235754197696,否
2338,B6T0000000388,E3,7,13,25,12,浅位,451380.0,451556.7822702528,451611.7785112049,54.99624095202347,176.78227025282104,231.7785112048732,否
2342,B6T0000000388,E3,7,13,25,12,深位,451380.0,451611.7785112049,451666.7747521569,54.99624095202347,231.7785112048732,286.7747521569254,否
1625,B6T0000001671,E1,7,13,4,7,浅位,456420.0,456420.0,456445.6363628697,25.63636286967663,0.0,25.63636286969995,否
1623,B6T0000001671,E1,7,13,4,7,深位,456420.0,456445.6363628697,456471.2727257394,25.63636286967663,25.63636286969995,51.2727257393999,否
1630,B6T0000001671,E1,7,14,4,7,浅位,456420.0,456471.2727257394,456496.9090886091,25.63636286967663,51.2727257393999,76.90908860909985,否
1629,B6T0000001671,E1,7,14,4,7,深位,456420.0,456496.9090886091,456522.5454514788,25.63636286967663,76.90908860909985,102.5454514787998,否
3492,B6T0000000317,E4,7,14,45,3,深位,457440.0,457440.0,457513.65789059096,73.65789059095431,0.0,73.6578905909555,否
3493,B6T0000000317,E4,7,14,44,9,浅位,457440.0,457513.65789059096,457590.5911204036,76.93322981266618,73.6578905909555,150.59112040360924,否
3508,B6T0000001321,E1,7,13,2,7,浅位,460080.0,460080.0,460102.3168951885,22.316895188492822,0.0,22.3168951884727,否
3509,B6T0000001321,E1,7,13,2,7,深位,460080.0,460102.3168951885,460124.63379037695,22.316895188492822,22.3168951884727,44.6337903769454,否
2718,B6T0000000756,E3,7,13,11,12,浅位,460140.0,460140.0,460177.6496796093,37.649679609257475,0.0,37.64967960928334,否
2716,B6T0000000756,E3,7,13,11,12,深位,460140.0,460177.6496796093,460215.29935921857,37.649679609257475,37.64967960928334,75.29935921856668,否
2719,B6T0000000756,E3,7,14,11,12,浅位,460140.0,460215.29935921857,460252.94903882785,37.649679609257475,75.29935921856668,112.94903882785002,否
2717,B6T0000000756,E3,7,14,11,12,深位,460140.0,460252.94903882785,460290.59871843713,37.649679609257475,112.94903882785002,150.59871843713336,否
540,B6T0000001197,E3,7,13,14,5,浅位,466860.0,466860.0,466896.8905267596,36.89052675959728,0.0,36.89052675961284,否
541,B6T0000001197,E3,7,13,14,5,深位,466860.0,466896.8905267596,466933.7810535192,36.89052675959728,36.89052675961284,73.78105351922568,否
542,B6T0000001197,E3,7,14,14,5,浅位,466860.0,466933.7810535192,466970.67158027884,36.89052675959728,73.78105351922568,110.67158027883852,否
539,B6T0000001197,E3,7,14,14,5,深位,466860.0,466970.67158027884,467007.56210703845,36.89052675959728,110.67158027883852,147.56210703845136,否
1441,B6T0000000745,E3,7,13,14,13,浅位,470700.0,470868.3171982167,470910.39649777085,42.07929955416452,168.3171982166823,210.39649777085287,否
3662,B6T0000001711,E1,7,14,3,3,深位,470880.0,470910.39649777085,470931.08260573464,20.686107963804375,30.396497770852875,51.08260573464213,否
3663,B6T0000001711,E1,7,13,1,19,浅位,470880.0,470931.08260573464,470957.2308322594,26.148226524783972,51.08260573464213,77.23083225940354,否
1437,B6T0000000745,E3,7,13,14,13,深位,470700.0,470957.2308322594,470999.3101318136,42.07929955416452,257.23083225940354,299.3101318135741,否
1432,B6T0000000745,E3,7,14,14,13,浅位,470700.0,470999.3101318136,471041.38943136774,42.07929955416452,299.3101318135741,341.3894313677447,否
1439,B6T0000000745,E3,7,14,14,13,深位,470700.0,471041.38943136774,471083.4687309219,42.07929955416452,341.3894313677447,383.46873092191527,否
2667,B6T0000000114,E4,7,13,45,3,浅位,482520.0,482520.0,482593.65789059096,73.65789059095431,0.0,73.6578905909555,否
2666,B6T0000000114,E4,7,13,45,3,深位,482520.0,482593.65789059096,482667.3157811819,73.65789059095431,73.6578905909555,147.315781181911,否
1760,B6T0000001236,E3,7,13,22,8,浅位,482580.0,482788.83211843803,482837.75091579434,48.918797356336505,208.83211843803292,257.7509157943423,否
1761,B6T0000001236,E3,7,13,22,8,深位,482580.0,482837.75091579434,482886.66971315065,48.918797356336505,257.7509157943423,306.66971315065166,否
1765,B6T0000001236,E3,7,14,22,8,浅位,482580.0,482886.66971315065,482935.58851050696,48.918797356336505,306.66971315065166,355.58851050696103,否
1764,B6T0000001236,E3,7,14,22,8,深位,482580.0,482935.58851050696,482984.50730786327,48.918797356336505,355.58851050696103,404.5073078632704,否
389,B6T0000000471,E3,7,13,16,2,浅位,486000.0,486323.578709065,486359.80132613395,36.22261706897285,323.57870906498283,359.8013261339511,否
390,B6T0000000471,E3,7,13,16,2,深位,486000.0,486359.80132613395,486396.0239432029,36.22261706897285,359.8013261339511,396.0239432029193,否
384,B6T0000000471,E3,7,14,16,2,浅位,486000.0,486396.0239432029,486432.2465602719,36.22261706897285,396.0239432029193,432.2465602718876,否
1890,B6T0000000716,E3,7,13,22,10,浅位,486360.0,486629.9393461064,486680.1230545268,50.18370842040386,269.9393461063737,320.1230545268045,否
1891,B6T0000000716,E3,7,13,22,10,深位,486360.0,486680.1230545268,486730.30676294724,50.18370842040386,320.1230545268045,370.30676294723526,否
2219,B6T0000000393,E3,7,14,14,2,浅位,488580.0,488580.0,488613.7766400575,33.776640057478595,0.0,33.776640057505574,否
2223,B6T0000000393,E3,7,13,10,10,浅位,488580.0,488613.7766400575,488648.79829800903,35.021657951526706,33.776640057505574,68.79829800903099,否
2220,B6T0000000393,E3,7,13,10,10,深位,488580.0,488648.79829800903,488683.81995596056,35.021657951526706,68.79829800903099,103.8199559605564,否
2221,B6T0000000393,E3,7,14,10,10,浅位,488580.0,488683.81995596056,488718.8416139121,35.021657951526706,103.8199559605564,138.8416139120818,否
2222,B6T0000000393,E3,7,14,10,10,深位,488580.0,488718.8416139121,488753.8632718636,35.021657951526706,138.8416139120818,173.86327186360722,否
1859,B6T0000001858,E1,7,13,6,8,浅位,488580.0,488808.55737535004,488837.3231490396,28.765773689563225,228.55737535003573,257.3231490395847,否
2977,B6T0000001825,E1,7,13,1,30,浅位,518220.0,518280.77080656623,518311.15620984935,30.385403283091485,60.77080656623002,91.15620984934503,否
2626,B6T0000000212,E4,7,13,44,4,浅位,518940.0,518940.0,519013.14437543065,73.14437543066634,0.0,73.14437543065287,否
2624,B6T0000000212,E4,7,13,44,4,深位,518940.0,519013.14437543065,519086.2887508613,73.14437543066634,73.14437543065287,146.28875086130574,否
2625,B6T0000000212,E4,7,14,44,4,浅位,518940.0,519086.2887508613,519159.43312629196,73.14437543066634,146.28875086130574,219.43312629195862,否
2627,B6T0000000212,E4,7,14,44,4,深位,518940.0,519159.43312629196,519232.5775017226,73.14437543066634,219.43312629195862,292.5775017226115,否
3589,B6T0000001762,E1,7,14,2,7,深位,519420.0,519420.0,519442.3168951885,22.316895188492822,0.0,22.3168951884727,否
3588,B6T0000001762,E1,7,13,4,4,浅位,519420.0,519442.3168951885,519465.50660037354,23.189705185067417,22.3168951884727,45.506600373541005,否
3280,B6T0000001055,E3,7,13,11,1,浅位,519600.0,519600.0,519628.31355740706,28.31355740704993,0.0,28.313557407062035,否
3281,B6T0000001055,E3,7,13,11,1,深位,519600.0,519628.31355740706,519656.6271148141,28.31355740704993,28.313557407062035,56.62711481412407,否
2491,B6T0000000500,E3,7,13,12,6,浅位,520200.0,520200.0,520235.1794830057,35.17948300571017,0.0,35.179483005718794,否
2493,B6T0000000500,E3,7,13,17,1,浅位,520200.0,520235.1794830057,520271.0556937096,35.87621070383891,35.179483005718794,71.05569370958256,否
2494,B6T0000000500,E3,7,13,17,1,深位,520200.0,520271.0556937096,520306.93190441345,35.87621070383891,71.05569370958256,106.93190441344632,否
2492,B6T0000000500,E3,7,14,17,1,浅位,520200.0,520306.93190441345,520342.8081151173,35.87621070383891,106.93190441344632,142.80811511731008,否
409,B6T0000000050,E4,7,13,44,3,浅位,519300.0,520342.8081151173,520414.9372700761,72.12915495877039,1042.80811511731,1114.9372700760723,否
423,B6T0000000050,E4,7,13,44,3,深位,519300.0,520414.9372700761,520487.06642503483,72.12915495877039,1114.9372700760723,1187.0664250348345,否
420,B6T0000000050,E4,7,14,44,3,浅位,519300.0,520487.06642503483,520559.1955799936,72.12915495877039,1187.0664250348345,1259.1955799935968,否
416,B6T0000000050,E4,7,14,44,3,深位,519300.0,520559.1955799936,520631.32473495236,72.12915495877039,1259.1955799935968,1331.324734952359,否
3040,B6T0000000350,E3,7,13,12,9,浅位,520560.0,520631.32473495236,520668.59002115845,37.265286206101976,71.324734952359,108.59002115845215,否
3041,B6T0000000350,E3,7,13,12,9,深位,520560.0,520668.59002115845,520705.85530736455,37.265286206101976,108.59002115845215,145.8553073645453,否
3042,B6T0000000350,E3,7,13,19,4,浅位,520560.0,520705.85530736455,520747.9663494619,42.111042097333,145.8553073645453,187.9663494618726,否
2036,B6T0000000707,E3,7,13,14,20,浅位,520440.0,520747.9663494619,520793.3290121765,45.36266271459686,307.9663494618726,353.3290121764876,否
1018,B6T0000001975,E1,7,13,1,6,浅位,520740.0,520975.60811729764,520994.5218704051,18.913753107463137,235.608117297641,254.52187040512217,否
1017,B6T0000001975,E1,7,13,1,6,深位,520740.0,520994.5218704051,521013.4356235126,18.913753107463137,254.52187040512217,273.43562351260334,否
1015,B6T0000001975,E1,7,14,1,6,浅位,520740.0,521013.4356235126,521032.3493766201,18.913753107463137,273.43562351260334,292.3493766200845,否
1014,B6T0000001975,E1,7,14,1,6,深位,520740.0,521032.3493766201,521051.26312972757,18.913753107463137,292.3493766200845,311.2631297275657,否
854,B6T0000001220,E3,7,13,9,12,浅位,520980.0,521051.26312972757,521085.8015909163,34.538461188721456,71.26312972756568,105.80159091629321,否
853,B6T0000001220,E3,7,13,9,12,深位,520980.0,521085.8015909163,521120.340052105,34.538461188721456,105.80159091629321,140.34005210502073,否
852,B6T0000001220,E3,7,14,9,12,浅位,520980.0,521120.340052105,521154.87851329375,34.538461188721456,140.34005210502073,174.87851329374826,否
851,B6T0000001220,E3,7,14,9,12,深位,520980.0,521154.87851329375,521189.4169744825,34.538461188721456,174.87851329374826,209.41697448247578,否
3459,B6T0000000117,E4,7,13,44,1,浅位,520980.0,521189.4169744825,521258.7724955311,69.35552104866652,209.41697448247578,278.7724955311278,否
3458,B6T0000000117,E4,7,13,44,1,深位,520980.0,521258.7724955311,521328.1280165798,69.35552104866652,278.7724955311278,348.1280165797798,否
602,B6T0000000247,E4,7,13,45,2,浅位,521520.0,522969.0730310348,523041.5266825865,72.4536515517315,1449.0730310347863,1521.5266825865256,否
609,B6T0000000247,E4,7,13,45,2,深位,521520.0,523041.5266825865,523113.98033413826,72.4536515517315,1521.5266825865256,1593.9803341382649,否
3148,B6T0000001988,E1,7,13,2,35,浅位,524340.0,524398.8316766596,524433.5441671655,34.71249050588143,58.831676659639925,93.54416716552805,否
2864,B6T0000000765,E3,7,14,15,4,深位,528480.0,528480.0,528517.2190880744,37.219088074344484,0.0,37.21908807440195,否
2866,B6T0000000765,E3,7,13,15,30,深位,528480.0,528517.2190880744,528567.612877506,50.393789431580856,37.21908807440195,87.61287750594784,否
2865,B6T0000000765,E3,7,13,15,31,深位,528480.0,528567.612877506,528618.3497052203,50.73682771439585,87.61287750594784,138.34970522031654,否
2867,B6T0000000765,E3,7,14,20,18,深位,528480.0,528618.3497052203,528670.180774818,51.83106959772314,138.34970522031654,190.18077481805813,否
3271,B6T0000000330,E3,7,13,15,14,浅位,547500.0,547500.0,547543.8179742962,43.81797429616532,0.0,43.81797429616563,否
3270,B6T0000000330,E3,7,13,15,14,深位,547500.0,547543.8179742962,547587.6359485923,43.81797429616532,43.81797429616563,87.63594859233126,否
3183,B6T0000001557,E1,7,14,1,7,深位,549900.0,549900.0,549919.6573596104,19.657359610464326,0.0,19.657359610428102,否
3181,B6T0000001557,E1,7,13,2,4,深位,549900.0,549919.6573596104,549939.5275971143,19.870237503883608,19.657359610428102,39.527597114327364,否
3182,B6T0000001557,E1,7,13,4,2,深位,549900.0,549939.5275971143,549960.4978427882,20.970245673948646,39.527597114327364,60.49784278823063,否
2925,B6T0000001547,E1,7,14,6,9,浅位,552000.0,552000.0,552029.4158383298,29.415838329800938,0.0,29.415838329819962,否
2924,B6T0000001547,E1,7,14,6,9,深位,552000.0,552029.4158383298,552058.8316766596,29.415838329800938,29.415838329819962,58.831676659639925,否
2923,B6T0000001547,E1,7,13,5,12,浅位,552000.0,552058.8316766596,552088.8556327294,30.023956069773735,58.831676659639925,88.8556327293627,否
1258,B6T0000000799,E3,7,13,18,1,深位,555960.0,555960.0,555997.0991992096,37.09919920958604,0.0,37.0991992095951,否
1245,B6T0000000799,E3,7,14,9,21,深位,555960.0,555997.0991992096,556035.8753958168,38.77619660719344,37.0991992095951,75.87539581675082,否
2914,B6T0000000552,E3,7,13,10,37,浅位,556200.0,556200.0,556246.1062073974,46.10620739738157,0.0,46.106207397417165,否
2916,B6T0000000552,E3,7,13,10,37,深位,556200.0,556246.1062073974,556292.2124147948,46.10620739738157,46.106207397417165,92.21241479483433,否
2915,B6T0000000552,E3,7,14,10,37,浅位,556200.0,556292.2124147948,556338.3186221923,46.10620739738157,92.21241479483433,138.3186221922515,否
1250,B6T0000000799,E3,7,13,16,9,浅位,555960.0,556610.1998474773,556652.4307784394,42.23093096209145,650.1998474772554,692.4307784393895,否
1249,B6T0000000799,E3,7,13,16,9,深位,555960.0,556652.4307784394,556694.6617094015,42.23093096209145,692.4307784393895,734.6617094015237,否
1076,B6T0000000178,E4,7,13,43,7,浅位,558720.0,558868.1245949662,558942.1868924493,74.06229748309165,148.12459496618249,222.18689244927373,否
1072,B6T0000000178,E4,7,13,43,7,深位,558720.0,558942.1868924493,559016.2491899324,74.06229748309165,222.18689244927373,296.24918993236497,否
1088,B6T0000000178,E4,7,14,43,7,浅位,558720.0,559016.2491899324,559090.3114874155,74.06229748309165,296.24918993236497,370.3114874154562,否
1087,B6T0000000178,E4,7,14,43,7,深位,558720.0,559090.3114874155,559164.3737848985,74.06229748309165,370.3114874154562,444.37378489854746,否
2658,B6T0000001298,E3,7,14,15,5,深位,559800.0,559800.0,559838.1135152654,38.113515265344404,0.0,38.113515265402384,否
2657,B6T0000001298,E3,7,13,25,18,浅位,559800.0,559838.1135152654,559896.0595273919,57.94601212645877,38.113515265402384,96.05952739191707,否
2656,B6T0000001298,E3,7,13,25,18,深位,559800.0,559896.0595273919,559954.0055395184,57.94601212645877,96.05952739191707,154.00553951843176,否
2659,B6T0000001298,E3,7,13,13,63,深位,559800.0,559954.0055395184,560012.2960347944,58.29049527603814,154.00553951843176,212.2960347944172,否
2575,B6T0000001934,E1,7,14,2,4,浅位,572820.0,572820.0,572839.8702375039,19.870237503883608,0.0,19.87023750389926,否
2576,B6T0000001934,E1,7,14,2,4,深位,572820.0,572839.8702375039,572859.7404750078,19.870237503883608,19.87023750389926,39.74047500779852,否
2265,B6T0000000534,E3,7,13,13,15,浅位,575160.0,575160.0,575201.8581434595,41.858143459598054,0.0,41.85814345953986,否
2264,B6T0000000534,E3,7,13,13,15,深位,575160.0,575201.8581434595,575243.7162869191,41.858143459598054,41.85814345953986,83.71628691907972,否
2263,B6T0000000534,E3,7,14,13,15,浅位,575160.0,575243.7162869191,575285.5744303786,41.858143459598054,83.71628691907972,125.57443037861958,否
2262,B6T0000000534,E3,7,14,13,15,深位,575160.0,575285.5744303786,575327.4325738382,41.858143459598054,125.57443037861958,167.43257383815944,否
2261,B6T0000000534,E3,7,14,20,4,深位,575160.0,575327.4325738382,575370.7666044412,43.33403060308012,167.43257383815944,210.76660444121808,否
2260,B6T0000000534,E3,7,14,17,9,深位,575160.0,575370.7666044412,575414.2205239091,43.453919467838574,210.76660444121808,254.22052390908357,否
