订单号,原材料号,到达时间(s),消耗占比,列坐标,层坐标,货架号,巷道号,单程时间(s),总运输时间(s),开始时刻(s),完成时刻(s),流动时间(s)
3639,B6T0000001187,0.0,0.011,37,31,1,1,180.00000000000003,366.00000000000006,180.00000000000003,366.00000000000006,366.00000000000006
3638,B6T0000001187,0.0,0.011,37,31,1,1,180.00000000000003,366.00000000000006,546.0000000000001,732.0000000000001,732.0000000000001
2525,B6T0000001776,7260.0,0.0273,17,7,1,1,47.0,100.0,7307.0,7360.0,100.0
483,B6T0000001101,9060.0,0.1876,7,12,2,1,44.0,94.0,9104.0,9154.0,94.0
484,B6T0000001101,9060.0,0.1876,7,12,2,1,44.0,94.0,9198.0,9248.0,188.0
1513,B6T0000000118,17520.0,0.0664,10,43,1,1,174.50000000000009,355.00000000000017,17694.5,17875.0,355.0
1514,B6T0000000118,17520.0,0.0664,10,43,1,1,174.50000000000009,355.00000000000017,18049.5,18230.0,710.0
1515,B6T0000000118,17520.0,0.0664,10,43,2,1,174.50000000000009,355.00000000000017,18404.5,18585.0,1065.0
1516,B6T0000000118,17520.0,0.0664,10,43,2,1,174.50000000000009,355.00000000000017,18759.5,18940.0,1420.0
587,B6T0000001238,18840.0,0.1832,3,16,1,1,51.99999999999999,109.99999999999999,18992.0,19050.0,210.0
708,B6T0000000313,19320.0,0.1602,3,45,1,1,170.50000000000009,347.00000000000017,19490.5,19667.0,347.0
709,B6T0000000313,19320.0,0.1602,3,45,1,1,170.50000000000009,347.00000000000017,19837.5,20014.0,694.0
710,B6T0000000313,19320.0,0.1602,3,45,2,1,170.50000000000009,347.00000000000017,20184.5,20361.0,1041.0
712,B6T0000000313,19320.0,0.1602,3,45,2,1,170.50000000000009,347.00000000000017,20531.5,20708.0,1388.0
745,B6T0000000140,25440.0,0.1595,2,46,1,1,173.50000000000009,353.00000000000017,25613.5,25793.0,353.0
751,B6T0000000140,25440.0,0.1595,2,46,1,1,173.50000000000009,353.00000000000017,25966.5,26146.0,706.0
750,B6T0000000140,25440.0,0.1595,2,46,2,1,173.50000000000009,353.00000000000017,26319.5,26499.0,1059.0
749,B6T0000000140,25440.0,0.1595,2,46,2,1,173.50000000000009,353.00000000000017,26672.5,26852.0,1412.0
895,B6T0000000488,25440.0,0.1265,8,13,1,1,50.0,106.0,26902.0,26958.0,1518.0
897,B6T0000000488,25440.0,0.1265,8,13,1,1,50.0,106.0,27008.0,27064.0,1624.0
898,B6T0000000488,25440.0,0.1265,8,13,2,1,50.0,106.0,27114.0,27170.0,1730.0
896,B6T0000000488,25440.0,0.1265,8,13,2,1,50.0,106.0,27220.0,27276.0,1836.0
3059,B6T0000001131,26580.0,0.0183,32,17,1,1,114.0,234.0,27390.0,27510.0,930.0
3478,B6T0000000833,36960.0,0.0122,52,11,2,1,130.0,266.0,37090.0,37226.0,266.0
3479,B6T0000000833,36960.0,0.0122,52,11,2,1,130.0,266.0,37356.0,37492.0,532.0
1970,B6T0000000437,42360.0,0.0436,20,13,2,1,74.0,154.0,42434.0,42514.0,154.0
1971,B6T0000000437,42360.0,0.0436,20,13,2,1,74.0,154.0,42588.0,42668.0,308.0
2100,B6T0000001607,43200.0,0.0396,10,7,1,1,33.0,72.0,43233.0,43272.0,72.0
2099,B6T0000001607,43200.0,0.0396,10,7,1,1,33.0,72.0,43305.0,43344.0,144.0
2102,B6T0000001607,43200.0,0.0396,10,7,2,1,33.0,72.0,43377.0,43416.0,216.0
3283,B6T0000001099,48240.0,0.0148,45,11,2,1,116.0,238.0,48356.0,48478.0,238.0
3282,B6T0000001099,48240.0,0.0148,45,11,2,1,116.0,238.0,48594.0,48716.0,476.0
429,B6T0000000678,51360.0,0.1895,10,9,1,1,38.0,82.0,51398.0,51442.0,82.0
430,B6T0000000678,51360.0,0.1895,10,9,1,1,38.0,82.0,51480.0,51524.0,164.0
2166,B6T0000001771,51780.0,0.0373,12,5,1,1,33.0,72.0,51813.0,51852.0,72.0
2167,B6T0000001771,51780.0,0.0373,12,5,1,1,33.0,72.0,51885.0,51924.0,144.0
2168,B6T0000001771,51780.0,0.0373,12,5,2,1,33.0,72.0,51957.0,51996.0,216.0
2165,B6T0000001771,51780.0,0.0373,12,5,2,1,33.0,72.0,52029.0,52068.0,288.0
1938,B6T0000001937,54120.0,0.0442,8,8,1,1,31.0,68.0,54151.0,54188.0,68.0
1939,B6T0000001937,54120.0,0.0442,8,8,1,1,31.0,68.0,54219.0,54256.0,136.0
1940,B6T0000001937,54120.0,0.0442,8,8,2,1,31.0,68.0,54287.0,54324.0,204.0
1934,B6T0000001937,54120.0,0.0442,8,8,2,1,31.0,68.0,54355.0,54392.0,272.0
1537,B6T0000000088,55440.0,0.0638,4,48,1,1,187.50000000000009,381.00000000000017,55627.5,55821.0,381.0
1536,B6T0000000088,55440.0,0.0638,4,48,1,1,187.50000000000009,381.00000000000017,56008.5,56202.0,762.0
441,B6T0000000678,56040.0,0.1895,10,9,2,1,38.0,82.0,56240.0,56284.0,244.0
451,B6T0000000678,56040.0,0.1895,10,9,2,1,38.0,82.0,56322.0,56366.0,326.0
1535,B6T0000000088,55440.0,0.0638,4,48,2,1,187.50000000000009,381.00000000000017,56553.5,56747.0,1307.0
1534,B6T0000000088,55440.0,0.0638,4,48,2,1,187.50000000000009,381.00000000000017,56934.5,57128.0,1688.0
3304,B6T0000000643,86100.0,0.0144,16,40,2,1,174.00000000000006,354.0000000000001,86274.0,86454.0,354.0
3305,B6T0000000643,86100.0,0.0144,16,40,2,1,174.00000000000006,354.0000000000001,86628.0,86808.0,708.0
633,B6T0000000469,86880.0,0.1623,11,9,1,1,40.0,86.0,86920.0,86966.0,86.0
638,B6T0000000469,86880.0,0.1623,11,9,1,1,40.0,86.0,87006.0,87052.0,172.0
636,B6T0000000469,86880.0,0.1623,11,9,2,1,40.0,86.0,87092.0,87138.0,258.0
637,B6T0000000469,86880.0,0.1623,11,9,2,1,40.0,86.0,87178.0,87224.0,344.0
2436,B6T0000001589,87480.0,0.0297,18,2,2,1,39.0,84.0,87519.0,87564.0,84.0
2439,B6T0000001589,87480.0,0.0297,18,2,2,1,39.0,84.0,87603.0,87648.0,168.0
2161,B6T0000001774,87600.0,0.0375,13,3,2,1,31.0,68.0,87679.0,87716.0,116.0
2160,B6T0000001774,87600.0,0.0375,13,3,2,1,31.0,68.0,87747.0,87784.0,184.0
399,B6T0000000471,88500.0,0.1917,1,17,1,1,52.0,110.0,88552.0,88610.0,110.0
395,B6T0000000471,88500.0,0.1917,1,17,1,1,52.0,110.0,88662.0,88720.0,220.0
396,B6T0000000471,88500.0,0.1917,1,17,2,1,52.0,110.0,88772.0,88830.0,330.0
397,B6T0000000471,88500.0,0.1917,1,17,2,1,52.0,110.0,88882.0,88940.0,440.0
2129,B6T0000000727,88800.0,0.0388,18,17,1,1,86.0,178.0,89026.0,89118.0,318.0
2133,B6T0000000727,88800.0,0.0388,18,17,1,1,86.0,178.0,89204.0,89296.0,496.0
2131,B6T0000000727,88800.0,0.0388,18,17,2,1,86.0,178.0,89382.0,89474.0,674.0
2130,B6T0000000727,88800.0,0.0388,18,17,2,1,86.0,178.0,89560.0,89652.0,852.0
2950,B6T0000001640,89040.0,0.0198,26,7,1,1,65.0,136.0,89717.0,89788.0,748.0
2986,B6T0000001732,89280.0,0.0193,28,5,2,1,65.0,136.0,89853.0,89924.0,644.0
2988,B6T0000001732,89280.0,0.0193,28,5,2,1,65.0,136.0,89989.0,90060.0,780.0
3406,B6T0000000663,92340.0,0.013,29,31,1,1,164.00000000000003,334.00000000000006,92504.0,92674.0,334.0
3407,B6T0000000663,92340.0,0.013,29,31,1,1,164.00000000000003,334.00000000000006,92838.0,93008.0,668.0
1316,B6T0000000836,97500.0,0.0806,14,12,1,1,58.0,122.0,97558.0,97622.0,122.0
1315,B6T0000000836,97500.0,0.0806,14,12,1,1,58.0,122.0,97680.0,97744.0,244.0
1314,B6T0000000836,97500.0,0.0806,14,12,2,1,58.0,122.0,97802.0,97866.0,366.0
1308,B6T0000000836,97500.0,0.0806,14,12,2,1,58.0,122.0,97924.0,97988.0,488.0
2928,B6T0000000048,100380.0,0.02,19,47,1,1,212.50000000000009,431.00000000000017,100592.5,100811.0,431.0
2927,B6T0000000048,100380.0,0.02,19,47,1,1,212.50000000000009,431.00000000000017,101023.5,101242.0,862.0
2926,B6T0000000048,100380.0,0.02,19,47,2,1,212.50000000000009,431.00000000000017,101454.5,101673.0,1293.0
933,B6T0000000508,105960.0,0.1252,2,19,1,1,62.00000000000001,130.0,106022.0,106090.0,130.0
934,B6T0000000508,105960.0,0.1252,2,19,1,1,62.00000000000001,130.0,106152.0,106220.0,260.0
935,B6T0000000508,105960.0,0.1252,2,19,2,1,62.00000000000001,130.0,106282.0,106350.0,390.0
1060,B6T0000001185,106140.0,0.1039,3,20,1,1,68.00000000000001,142.00000000000003,106418.0,106492.0,352.0
1061,B6T0000001185,106140.0,0.1039,3,20,1,1,68.00000000000001,142.00000000000003,106560.0,106634.0,494.0
1062,B6T0000001185,106140.0,0.1039,3,20,2,1,68.00000000000001,142.00000000000003,106702.0,106776.0,636.0
1063,B6T0000001185,106140.0,0.1039,3,20,2,1,68.00000000000001,142.00000000000003,106844.0,106918.0,778.0
3715,B6T0000001576,106980.0,0.0106,56,4,1,1,119.0,244.0,107099.0,107224.0,244.0
3714,B6T0000001576,106980.0,0.0106,56,4,1,1,119.0,244.0,107343.0,107468.0,488.0
2629,B6T0000000942,108180.0,0.0249,25,17,1,1,100.0,206.0,108280.0,108386.0,206.0
2630,B6T0000000942,108180.0,0.0249,25,17,1,1,100.0,206.0,108486.0,108592.0,412.0
2961,B6T0000001529,110460.0,0.0197,28,4,2,1,63.0,132.0,110523.0,110592.0,132.0
2959,B6T0000001529,110460.0,0.0197,28,4,2,1,63.0,132.0,110655.0,110724.0,264.0
2574,B6T0000000647,111540.0,0.0267,26,15,1,1,94.0,194.0,111634.0,111734.0,194.0
563,B6T0000001238,113400.0,0.1832,3,16,1,1,51.99999999999999,109.99999999999999,113452.0,113510.0,110.0
562,B6T0000001238,113400.0,0.1832,3,16,2,1,51.99999999999999,109.99999999999999,113562.0,113620.0,220.0
560,B6T0000001238,113400.0,0.1832,3,16,2,1,51.99999999999999,109.99999999999999,113672.0,113730.0,330.0
50,B6T0000001104,123540.0,0.8431,4,9,1,1,25.999999999999996,57.99999999999999,123566.0,123598.0,58.0
42,B6T0000001104,123540.0,0.8431,4,9,1,1,25.999999999999996,57.99999999999999,123624.0,123656.0,116.0
52,B6T0000001104,123540.0,0.8431,4,9,2,1,25.999999999999996,57.99999999999999,123682.0,123714.0,174.0
53,B6T0000001104,123540.0,0.8431,4,9,2,1,25.999999999999996,57.99999999999999,123740.0,123772.0,232.0
1582,B6T0000001102,127620.0,0.0622,3,25,2,1,88.0,182.0,127708.0,127802.0,182.0
1580,B6T0000001102,127620.0,0.0622,3,25,2,1,88.0,182.0,127890.0,127984.0,364.0
3579,B6T0000000206,127740.0,0.0113,39,46,1,1,247.50000000000009,501.00000000000017,128231.5,128485.0,745.0
3522,B6T0000001764,128400.0,0.0119,46,8,1,1,107.0,220.0,128592.0,128705.0,305.0
3523,B6T0000001764,128400.0,0.0119,46,8,1,1,107.0,220.0,128812.0,128925.0,525.0
3578,B6T0000000206,127740.0,0.0113,39,46,1,1,247.50000000000009,501.00000000000017,129172.5,129426.0,1686.0
1046,B6T0000001052,130500.0,0.1066,5,18,1,1,64.0,134.0,130564.0,130634.0,134.0
1033,B6T0000001052,130500.0,0.1066,5,18,1,1,64.0,134.0,130698.0,130768.0,268.0
1034,B6T0000001052,130500.0,0.1066,5,18,2,1,64.0,134.0,130832.0,130902.0,402.0
1035,B6T0000001052,130500.0,0.1066,5,18,2,1,64.0,134.0,130966.0,131036.0,536.0
2523,B6T0000001186,135960.0,0.0273,9,31,1,1,124.00000000000003,254.00000000000006,136084.0,136214.0,254.0
2524,B6T0000001186,135960.0,0.0273,9,31,1,1,124.00000000000003,254.00000000000006,136338.0,136468.0,508.0
2520,B6T0000001186,135960.0,0.0273,9,31,2,1,124.00000000000003,254.00000000000006,136592.0,136722.0,762.0
2880,B6T0000001470,138120.0,0.0208,28,1,1,1,57.0,120.0,138177.0,138240.0,120.0
2881,B6T0000001470,138120.0,0.0208,28,1,1,1,57.0,120.0,138297.0,138360.0,240.0
2840,B6T0000001351,139740.0,0.0213,25,6,1,1,61.0,128.0,139801.0,139868.0,128.0
2841,B6T0000001351,139740.0,0.0213,25,6,1,1,61.0,128.0,139929.0,139996.0,256.0
2842,B6T0000001351,139740.0,0.0213,25,6,2,1,61.0,128.0,140057.0,140124.0,384.0
2843,B6T0000001351,139740.0,0.0213,25,6,2,1,61.0,128.0,140185.0,140252.0,512.0
557,B6T0000001827,140340.0,0.1846,3,4,1,1,13.0,32.0,140353.0,140372.0,32.0
556,B6T0000001827,140340.0,0.1846,3,4,1,1,13.0,32.0,140385.0,140404.0,64.0
555,B6T0000001827,140340.0,0.1846,3,4,2,1,13.0,32.0,140417.0,140436.0,96.0
551,B6T0000001827,140340.0,0.1846,3,4,2,1,13.0,32.0,140449.0,140468.0,128.0
2859,B6T0000000686,140400.0,0.021,28,18,2,1,110.0,226.0,140578.0,140694.0,294.0
2858,B6T0000000686,140400.0,0.021,28,18,2,1,110.0,226.0,140804.0,140920.0,520.0
3601,B6T0000000995,141240.0,0.0112,38,29,1,1,174.0,354.0,141414.0,141594.0,354.0
3600,B6T0000000995,141240.0,0.0112,38,29,1,1,174.0,354.0,141768.0,141948.0,708.0
74,B6T0000000261,143280.0,0.4826,1,43,1,1,156.50000000000009,319.00000000000017,143436.5,143599.0,319.0
81,B6T0000000261,143280.0,0.4826,1,43,1,1,156.50000000000009,319.00000000000017,143755.5,143918.0,638.0
72,B6T0000000261,143280.0,0.4826,1,43,2,1,156.50000000000009,319.00000000000017,144074.5,144237.0,957.0
73,B6T0000000261,143280.0,0.4826,1,43,2,1,156.50000000000009,319.00000000000017,144393.5,144556.0,1276.0
2419,B6T0000001130,172260.0,0.0302,3,35,1,1,128.00000000000006,262.0000000000001,172388.0,172522.0,262.0
360,B6T0000001370,172860.0,0.2001,2,5,1,1,13.0,32.0,172873.0,172892.0,32.0
362,B6T0000001370,172860.0,0.2001,2,5,1,1,13.0,32.0,172905.0,172924.0,64.0
361,B6T0000001370,172860.0,0.2001,2,5,2,1,13.0,32.0,172937.0,172956.0,96.0
352,B6T0000001370,172860.0,0.2001,2,5,2,1,13.0,32.0,172969.0,172988.0,128.0
2735,B6T0000000432,172860.0,0.0231,2,41,1,1,150.00000000000006,306.0000000000001,173138.0,173294.0,434.0
2733,B6T0000000432,172860.0,0.0231,2,41,1,1,150.00000000000006,306.0000000000001,173444.0,173600.0,740.0
1782,B6T0000001122,173520.0,0.054,6,24,1,1,90.00000000000001,186.00000000000003,173690.0,173786.0,266.0
1786,B6T0000001122,173520.0,0.054,6,24,1,1,90.00000000000001,186.00000000000003,173876.0,173972.0,452.0
766,B6T0000000843,173880.0,0.1548,4,16,1,1,53.99999999999999,113.99999999999999,174026.0,174086.0,206.0
1001,B6T0000001090,173940.0,0.1122,11,12,1,1,52.0,110.0,174138.0,174196.0,256.0
998,B6T0000001090,173940.0,0.1122,11,12,1,1,52.0,110.0,174248.0,174306.0,366.0
999,B6T0000001090,173940.0,0.1122,11,12,2,1,52.0,110.0,174358.0,174416.0,476.0
1785,B6T0000001122,173520.0,0.054,6,24,2,1,90.00000000000001,186.00000000000003,174506.0,174602.0,1082.0
1784,B6T0000001122,173520.0,0.054,6,24,2,1,90.00000000000001,186.00000000000003,174692.0,174788.0,1268.0
1178,B6T0000001103,174780.0,0.0925,3,21,1,1,72.00000000000001,150.00000000000003,174860.0,174938.0,158.0
1188,B6T0000001103,174780.0,0.0925,3,21,1,1,72.00000000000001,150.00000000000003,175010.0,175088.0,308.0
1187,B6T0000001103,174780.0,0.0925,3,21,2,1,72.00000000000001,150.00000000000003,175160.0,175238.0,458.0
1186,B6T0000001103,174780.0,0.0925,3,21,2,1,72.00000000000001,150.00000000000003,175310.0,175388.0,608.0
1729,B6T0000001429,175320.0,0.0559,10,1,1,1,21.0,48.0,175409.0,175436.0,116.0
1736,B6T0000001429,175320.0,0.0559,10,1,1,1,21.0,48.0,175457.0,175484.0,164.0
471,B6T0000001382,175440.0,0.1892,4,2,1,1,11.0,28.0,175495.0,175512.0,72.0
481,B6T0000001382,175440.0,0.1892,4,2,1,1,11.0,28.0,175523.0,175540.0,100.0
477,B6T0000001382,175440.0,0.1892,4,2,2,1,11.0,28.0,175551.0,175568.0,128.0
473,B6T0000001382,175440.0,0.1892,4,2,2,1,11.0,28.0,175579.0,175596.0,156.0
1909,B6T0000000403,173760.0,0.0445,3,29,1,1,104.00000000000001,214.00000000000003,175700.0,175810.0,2050.0
1910,B6T0000000403,173760.0,0.0445,3,29,1,1,104.00000000000001,214.00000000000003,175914.0,176024.0,2264.0
1911,B6T0000000403,173760.0,0.0445,3,29,2,1,104.00000000000001,214.00000000000003,176128.0,176238.0,2478.0
1912,B6T0000000403,173760.0,0.0445,3,29,2,1,104.00000000000001,214.00000000000003,176342.0,176452.0,2692.0
3084,B6T0000001138,172920.0,0.0179,10,39,1,1,158.00000000000006,322.0000000000001,176610.0,176774.0,3854.0
2608,B6T0000000322,184800.0,0.0254,4,37,1,1,138.00000000000006,282.0000000000001,184938.0,185082.0,282.0
2611,B6T0000000322,184800.0,0.0254,4,37,1,1,138.00000000000006,282.0000000000001,185220.0,185364.0,564.0
1425,B6T0000000947,188340.0,0.0705,14,13,1,1,62.0,130.0,188402.0,188470.0,130.0
1427,B6T0000000947,188340.0,0.0705,14,13,1,1,62.0,130.0,188532.0,188600.0,260.0
1424,B6T0000000947,188340.0,0.0705,14,13,2,1,62.0,130.0,188662.0,188730.0,390.0
1423,B6T0000000947,188340.0,0.0705,14,13,2,1,62.0,130.0,188792.0,188860.0,520.0
200,B6T0000000932,190140.0,0.3317,8,9,1,1,34.0,74.0,190174.0,190214.0,74.0
199,B6T0000000932,190140.0,0.3317,8,9,1,1,34.0,74.0,190248.0,190288.0,148.0
203,B6T0000000932,190140.0,0.3317,8,9,2,1,34.0,74.0,190322.0,190362.0,222.0
204,B6T0000000932,190140.0,0.3317,8,9,2,1,34.0,74.0,190396.0,190436.0,296.0
2815,B6T0000000054,192360.0,0.0221,15,49,1,1,214.50000000000009,435.00000000000017,192574.5,192795.0,435.0
2813,B6T0000000054,192360.0,0.0221,15,49,1,1,214.50000000000009,435.00000000000017,193009.5,193230.0,870.0
2814,B6T0000000054,192360.0,0.0221,15,49,2,1,214.50000000000009,435.00000000000017,193444.5,193665.0,1305.0
2812,B6T0000000054,192360.0,0.0221,15,49,2,1,214.50000000000009,435.00000000000017,193879.5,194100.0,1740.0
1709,B6T0000001409,193980.0,0.056,7,6,1,1,25.0,56.0,194125.0,194156.0,176.0
1711,B6T0000001409,193980.0,0.056,7,6,1,1,25.0,56.0,194181.0,194212.0,232.0
1716,B6T0000001409,193980.0,0.056,7,6,2,1,25.0,56.0,194237.0,194268.0,288.0
1713,B6T0000001409,193980.0,0.056,7,6,2,1,25.0,56.0,194293.0,194324.0,344.0
2829,B6T0000000816,193680.0,0.0218,27,18,2,1,108.0,222.0,194432.0,194546.0,866.0
902,B6T0000000411,194340.0,0.1258,6,15,1,1,53.99999999999999,113.99999999999999,194600.0,194660.0,320.0
904,B6T0000000411,194340.0,0.1258,6,15,1,1,53.99999999999999,113.99999999999999,194714.0,194774.0,434.0
906,B6T0000000411,194340.0,0.1258,6,15,2,1,53.99999999999999,113.99999999999999,194828.0,194888.0,548.0
908,B6T0000000411,194340.0,0.1258,6,15,2,1,53.99999999999999,113.99999999999999,194942.0,195002.0,662.0
2485,B6T0000000435,194520.0,0.0283,2,37,1,1,134.00000000000006,274.0000000000001,195136.0,195276.0,756.0
2828,B6T0000000816,193680.0,0.0218,27,18,2,1,108.0,222.0,195384.0,195498.0,1818.0
1498,B6T0000000905,195420.0,0.0665,13,15,1,1,68.0,142.0,195566.0,195640.0,220.0
1495,B6T0000000905,195420.0,0.0665,13,15,1,1,68.0,142.0,195708.0,195782.0,362.0
1497,B6T0000000905,195420.0,0.0665,13,15,2,1,68.0,142.0,195850.0,195924.0,504.0
1496,B6T0000000905,195420.0,0.0665,13,15,2,1,68.0,142.0,195992.0,196066.0,646.0
1348,B6T0000001367,198720.0,0.0763,6,4,1,1,19.0,44.0,198739.0,198764.0,44.0
1349,B6T0000001367,198720.0,0.0763,6,4,1,1,19.0,44.0,198783.0,198808.0,88.0
1350,B6T0000001367,198720.0,0.0763,6,4,2,1,19.0,44.0,198827.0,198852.0,132.0
1347,B6T0000001367,198720.0,0.0763,6,4,2,1,19.0,44.0,198871.0,198896.0,176.0
1149,B6T0000000395,202320.0,0.0958,7,17,1,1,64.0,134.0,202384.0,202454.0,134.0
1150,B6T0000000395,202320.0,0.0958,7,17,1,1,64.0,134.0,202518.0,202588.0,268.0
815,B6T0000001427,203700.0,0.1296,3,6,1,1,17.0,40.0,203717.0,203740.0,40.0
1682,B6T0000001195,213720.0,0.0572,1,28,1,1,96.00000000000001,198.00000000000003,213816.0,213918.0,198.0
1681,B6T0000001195,213720.0,0.0572,1,28,1,1,96.00000000000001,198.00000000000003,214014.0,214116.0,396.0
1686,B6T0000001195,213720.0,0.0572,1,28,2,1,96.00000000000001,198.00000000000003,214212.0,214314.0,594.0
992,B6T0000001090,215940.0,0.1122,11,12,2,1,52.0,110.0,215992.0,216050.0,110.0
326,B6T0000001196,216240.0,0.2132,5,13,1,1,44.0,94.0,216284.0,216334.0,94.0
325,B6T0000001196,216240.0,0.2132,5,13,1,1,44.0,94.0,216378.0,216428.0,188.0
317,B6T0000001196,216240.0,0.2132,5,13,2,1,44.0,94.0,216472.0,216522.0,282.0
320,B6T0000001196,216240.0,0.2132,5,13,2,1,44.0,94.0,216566.0,216616.0,376.0
3711,B6T0000001300,223260.0,0.0106,45,25,1,1,172.0,350.0,223432.0,223610.0,350.0
3710,B6T0000001300,223260.0,0.0106,45,25,1,1,172.0,350.0,223782.0,223960.0,700.0
3315,B6T0000000135,224700.0,0.0143,24,50,1,1,237.50000000000009,481.00000000000017,224937.5,225181.0,481.0
3314,B6T0000000135,224700.0,0.0143,24,50,1,1,237.50000000000009,481.00000000000017,225418.5,225662.0,962.0
3081,B6T0000001354,258960.0,0.018,31,4,2,1,69.0,144.0,259029.0,259104.0,144.0
3080,B6T0000001354,258960.0,0.018,31,4,2,1,69.0,144.0,259173.0,259248.0,288.0
175,B6T0000000810,259200.0,0.3397,1,15,1,1,43.99999999999999,93.99999999999999,259292.0,259342.0,142.0
154,B6T0000000810,259200.0,0.3397,1,15,1,1,43.99999999999999,93.99999999999999,259386.0,259436.0,236.0
165,B6T0000000810,259200.0,0.3397,1,15,2,1,43.99999999999999,93.99999999999999,259480.0,259530.0,330.0
152,B6T0000000810,259200.0,0.3397,1,15,2,1,43.99999999999999,93.99999999999999,259574.0,259624.0,424.0
685,B6T0000001180,259560.0,0.1614,9,11,1,1,44.0,94.0,259668.0,259718.0,158.0
684,B6T0000001180,259560.0,0.1614,9,11,1,1,44.0,94.0,259762.0,259812.0,252.0
683,B6T0000001180,259560.0,0.1614,9,11,2,1,44.0,94.0,259856.0,259906.0,346.0
682,B6T0000001180,259560.0,0.1614,9,11,2,1,44.0,94.0,259950.0,260000.0,440.0
1600,B6T0000001610,259920.0,0.0606,7,4,1,1,21.0,48.0,260021.0,260048.0,128.0
1601,B6T0000001610,259920.0,0.0606,7,4,1,1,21.0,48.0,260069.0,260096.0,176.0
1602,B6T0000001610,259920.0,0.0606,7,4,2,1,21.0,48.0,260117.0,260144.0,224.0
1603,B6T0000001610,259920.0,0.0606,7,4,2,1,21.0,48.0,260165.0,260192.0,272.0
2231,B6T0000000051,259500.0,0.0359,11,46,2,1,191.50000000000009,389.00000000000017,260383.5,260581.0,1081.0
2230,B6T0000000051,259500.0,0.0359,11,46,2,1,191.50000000000009,389.00000000000017,260772.5,260970.0,1470.0
2327,B6T0000000447,260460.0,0.0332,17,20,1,1,96.0,198.0,261066.0,261168.0,708.0
2330,B6T0000000447,260460.0,0.0332,17,20,1,1,96.0,198.0,261264.0,261366.0,906.0
2328,B6T0000000447,260460.0,0.0332,17,20,2,1,96.0,198.0,261462.0,261564.0,1104.0
284,B6T0000000305,261540.0,0.2304,2,44,1,1,163.50000000000009,333.00000000000017,261727.5,261897.0,357.0
286,B6T0000000305,261540.0,0.2304,2,44,1,1,163.50000000000009,333.00000000000017,262060.5,262230.0,690.0
287,B6T0000000305,261540.0,0.2304,2,44,2,1,163.50000000000009,333.00000000000017,262393.5,262563.0,1023.0
288,B6T0000000305,261540.0,0.2304,2,44,2,1,163.50000000000009,333.00000000000017,262726.5,262896.0,1356.0
2331,B6T0000000447,260460.0,0.0332,17,20,2,1,96.0,198.0,262992.0,263094.0,2634.0
2386,B6T0000000719,260100.0,0.0309,9,29,1,1,116.00000000000001,238.00000000000003,263210.0,263332.0,3232.0
2385,B6T0000000719,260100.0,0.0309,9,29,1,1,116.00000000000001,238.00000000000003,263448.0,263570.0,3470.0
2388,B6T0000000719,260100.0,0.0309,9,29,2,1,116.00000000000001,238.00000000000003,263686.0,263808.0,3708.0
2389,B6T0000000719,260100.0,0.0309,9,29,2,1,116.00000000000001,238.00000000000003,263924.0,264046.0,3946.0
2708,B6T0000001818,259140.0,0.0234,24,2,1,1,51.00000000000001,108.00000000000001,264097.0,264154.0,5014.0
2709,B6T0000001818,259140.0,0.0234,24,2,1,1,51.00000000000001,108.00000000000001,264205.0,264262.0,5122.0
2710,B6T0000001818,259140.0,0.0234,24,2,2,1,51.00000000000001,108.00000000000001,264313.0,264370.0,5230.0
2711,B6T0000001818,259140.0,0.0234,24,2,2,1,51.00000000000001,108.00000000000001,264421.0,264478.0,5338.0
3476,B6T0000000592,260700.0,0.0122,21,41,2,1,188.00000000000006,382.0000000000001,264666.0,264860.0,4160.0
3477,B6T0000000592,260700.0,0.0122,21,41,2,1,188.00000000000006,382.0000000000001,265048.0,265242.0,4542.0
3634,B6T0000000476,259320.0,0.011,43,25,2,1,168.0,342.0,265410.0,265584.0,6264.0
3635,B6T0000000476,259320.0,0.011,43,25,2,1,168.0,342.0,265752.0,265926.0,6606.0
3551,B6T0000000090,267840.0,0.0115,42,43,1,1,238.50000000000009,483.00000000000017,268078.5,268323.0,483.0
3550,B6T0000000090,267840.0,0.0115,42,43,1,1,238.50000000000009,483.00000000000017,268561.5,268806.0,966.0
3166,B6T0000000904,271500.0,0.0163,30,22,1,1,130.0,266.0,271630.0,271766.0,266.0
3096,B6T0000001025,271680.0,0.0177,30,20,2,1,122.0,250.0,271888.0,272016.0,336.0
3095,B6T0000001025,271680.0,0.0177,30,20,2,1,122.0,250.0,272138.0,272266.0,586.0
3167,B6T0000000904,271500.0,0.0163,30,22,1,1,130.0,266.0,272396.0,272532.0,1032.0
3168,B6T0000000904,271500.0,0.0163,30,22,2,1,130.0,266.0,272662.0,272798.0,1298.0
2780,B6T0000000204,276960.0,0.0225,21,44,2,1,201.50000000000009,409.00000000000017,277161.5,277369.0,409.0
2782,B6T0000000204,276960.0,0.0225,21,44,2,1,201.50000000000009,409.00000000000017,277570.5,277778.0,818.0
1899,B6T0000001029,277980.0,0.0451,5,27,2,1,100.00000000000001,206.00000000000003,278080.0,278186.0,206.0
1898,B6T0000001029,277980.0,0.0451,5,27,2,1,100.00000000000001,206.00000000000003,278286.0,278392.0,412.0
3515,B6T0000000775,280080.0,0.0119,46,18,2,1,146.0,298.0,280226.0,280378.0,298.0
3514,B6T0000000775,280080.0,0.0119,46,18,2,1,146.0,298.0,280524.0,280676.0,596.0
2566,B6T0000001793,282840.0,0.0268,19,4,1,1,45.0,96.0,282885.0,282936.0,96.0
2565,B6T0000001793,282840.0,0.0268,19,4,1,1,45.0,96.0,282981.0,283032.0,192.0
2567,B6T0000001793,282840.0,0.0268,19,4,2,1,45.0,96.0,283077.0,283128.0,288.0
2568,B6T0000001793,282840.0,0.0268,19,4,2,1,45.0,96.0,283173.0,283224.0,384.0
1093,B6T0000001415,287640.0,0.1031,3,7,2,1,19.0,44.0,287659.0,287684.0,44.0
1095,B6T0000001415,287640.0,0.1031,3,7,2,1,19.0,44.0,287703.0,287728.0,88.0
1361,B6T0000000150,295080.0,0.0758,1,49,2,1,186.50000000000009,379.00000000000017,295266.5,295459.0,379.0
1362,B6T0000000150,295080.0,0.0758,1,49,2,1,186.50000000000009,379.00000000000017,295645.5,295838.0,758.0
2357,B6T0000001471,296760.0,0.0316,16,2,1,1,35.0,76.0,296795.0,296836.0,76.0
1814,B6T0000001372,296820.0,0.0516,10,2,1,1,23.0,52.0,296859.0,296888.0,68.0
2361,B6T0000001471,296760.0,0.0316,16,2,1,1,35.0,76.0,296923.0,296964.0,204.0
2360,B6T0000001471,296760.0,0.0316,16,2,2,1,35.0,76.0,296999.0,297040.0,280.0
2359,B6T0000001471,296760.0,0.0316,16,2,2,1,35.0,76.0,297075.0,297116.0,356.0
3622,B6T0000001034,297000.0,0.0111,49,19,1,1,156.0,318.0,297272.0,297434.0,434.0
2920,B6T0000000210,297420.0,0.0201,24,43,2,1,202.50000000000009,411.00000000000017,297636.5,297845.0,425.0
2921,B6T0000000210,297420.0,0.0201,24,43,2,1,202.50000000000009,411.00000000000017,298047.5,298256.0,836.0
3623,B6T0000001034,297000.0,0.0111,49,19,1,1,156.0,318.0,298412.0,298574.0,1574.0
2953,B6T0000000119,303420.0,0.0197,17,49,1,1,218.50000000000009,443.00000000000017,303638.5,303863.0,443.0
2954,B6T0000000119,303420.0,0.0197,17,49,1,1,218.50000000000009,443.00000000000017,304081.5,304306.0,886.0
2955,B6T0000000119,303420.0,0.0197,17,49,2,1,218.50000000000009,443.00000000000017,304524.5,304749.0,1329.0
3345,B6T0000000466,303780.0,0.0137,43,15,1,1,127.99999999999997,261.99999999999994,304877.0,305011.0,1231.0
3344,B6T0000000466,303780.0,0.0137,43,15,1,1,127.99999999999997,261.99999999999994,305139.0,305273.0,1493.0
810,B6T0000000540,305220.0,0.1348,1,19,1,1,60.00000000000001,126.00000000000001,305333.0,305399.0,179.0
811,B6T0000000540,305220.0,0.1348,1,19,1,1,60.00000000000001,126.00000000000001,305459.0,305525.0,305.0
808,B6T0000000540,305220.0,0.1348,1,19,2,1,60.00000000000001,126.00000000000001,305585.0,305651.0,431.0
806,B6T0000000540,305220.0,0.1348,1,19,2,1,60.00000000000001,126.00000000000001,305711.0,305777.0,557.0
3157,B6T0000001949,306360.0,0.0166,35,3,1,1,75.0,156.0,306435.0,306516.0,156.0
3158,B6T0000001949,306360.0,0.0166,35,3,1,1,75.0,156.0,306591.0,306672.0,312.0
3159,B6T0000001949,306360.0,0.0166,35,3,2,1,75.0,156.0,306747.0,306828.0,468.0
1157,B6T0000000245,307800.0,0.0931,5,45,2,1,174.50000000000009,355.00000000000017,307974.5,308155.0,355.0
1156,B6T0000000245,307800.0,0.0931,5,45,2,1,174.50000000000009,355.00000000000017,308329.5,308510.0,710.0
307,B6T0000001196,309060.0,0.2132,4,14,1,1,45.99999999999999,97.99999999999999,309106.0,309158.0,98.0
514,B6T0000001101,309720.0,0.1876,6,13,1,1,46.0,98.0,309766.0,309818.0,98.0
513,B6T0000001101,309720.0,0.1876,6,13,1,1,46.0,98.0,309864.0,309916.0,196.0
516,B6T0000001101,309720.0,0.1876,6,13,2,1,46.0,98.0,309962.0,310014.0,294.0
517,B6T0000001101,309720.0,0.1876,6,13,2,1,46.0,98.0,310060.0,310112.0,392.0
245,B6T0000000581,311400.0,0.27,9,9,1,1,36.0,78.0,311436.0,311478.0,78.0
246,B6T0000000581,311400.0,0.27,9,9,1,1,36.0,78.0,311514.0,311556.0,156.0
247,B6T0000000581,311400.0,0.27,9,9,2,1,36.0,78.0,311592.0,311634.0,234.0
248,B6T0000000581,311400.0,0.27,9,9,2,1,36.0,78.0,311670.0,311712.0,312.0
232,B6T0000000581,311400.0,0.27,8,10,1,1,38.0,82.0,311750.0,311794.0,394.0
233,B6T0000000581,311400.0,0.27,8,10,1,1,38.0,82.0,311832.0,311876.0,476.0
234,B6T0000000581,311400.0,0.27,8,10,2,1,38.0,82.0,311914.0,311958.0,558.0
221,B6T0000000581,311400.0,0.27,8,10,2,1,38.0,82.0,311996.0,312040.0,640.0
2139,B6T0000001633,313320.0,0.0388,12,4,2,1,31.000000000000004,68.0,313351.0,313388.0,68.0
2140,B6T0000001633,313320.0,0.0388,12,4,2,1,31.000000000000004,68.0,313419.0,313456.0,136.0
2779,B6T0000001508,313320.0,0.0226,22,8,1,1,59.0,124.0,313515.0,313580.0,260.0
2777,B6T0000001508,313320.0,0.0226,22,8,1,1,59.0,124.0,313639.0,313704.0,384.0
3630,B6T0000001985,315240.0,0.0111,53,4,1,1,113.00000000000001,232.00000000000003,315353.0,315472.0,232.0
3121,B6T0000001982,315300.0,0.0172,32,5,2,1,73.0,152.0,315545.0,315624.0,324.0
3122,B6T0000001982,315300.0,0.0172,32,5,2,1,73.0,152.0,315697.0,315776.0,476.0
3631,B6T0000001985,315240.0,0.0111,53,4,1,1,113.00000000000001,232.00000000000003,315889.0,316008.0,768.0
3507,B6T0000000958,344940.0,0.012,52,12,2,1,134.0,274.0,345074.0,345214.0,274.0
3506,B6T0000000958,344940.0,0.012,52,12,2,1,134.0,274.0,345348.0,345488.0,548.0
3682,B6T0000001349,345000.0,0.0107,54,5,2,1,117.0,240.0,345605.0,345728.0,728.0
146,B6T0000000154,345600.0,0.3556,3,43,1,1,160.50000000000009,327.00000000000017,345888.5,346055.0,455.0
131,B6T0000000154,345600.0,0.3556,3,43,1,1,160.50000000000009,327.00000000000017,346215.5,346382.0,782.0
136,B6T0000000154,345600.0,0.3556,3,43,2,1,160.50000000000009,327.00000000000017,346542.5,346709.0,1109.0
130,B6T0000000154,345600.0,0.3556,3,43,2,1,160.50000000000009,327.00000000000017,346869.5,347036.0,1436.0
755,B6T0000000843,345900.0,0.1548,4,16,1,1,53.99999999999999,113.99999999999999,347090.0,347150.0,1250.0
754,B6T0000000843,345900.0,0.1548,4,16,2,1,53.99999999999999,113.99999999999999,347204.0,347264.0,1364.0
753,B6T0000000843,345900.0,0.1548,4,16,2,1,53.99999999999999,113.99999999999999,347318.0,347378.0,1478.0
984,B6T0000001844,345960.0,0.1128,6,1,1,1,13.000000000000002,32.0,347391.0,347410.0,1450.0
983,B6T0000001844,345960.0,0.1128,6,1,1,1,13.000000000000002,32.0,347423.0,347442.0,1482.0
975,B6T0000001844,345960.0,0.1128,6,1,2,1,13.000000000000002,32.0,347455.0,347474.0,1514.0
982,B6T0000001844,345960.0,0.1128,6,1,2,1,13.000000000000002,32.0,347487.0,347506.0,1546.0
1774,B6T0000001573,346920.0,0.0542,8,5,1,1,25.0,56.0,347531.0,347562.0,642.0
1770,B6T0000001573,346920.0,0.0542,8,5,1,1,25.0,56.0,347587.0,347618.0,698.0
1991,B6T0000000186,345840.0,0.0427,5,49,1,1,194.50000000000009,395.00000000000017,347812.5,348013.0,2173.0
1992,B6T0000000186,345840.0,0.0427,5,49,1,1,194.50000000000009,395.00000000000017,348207.5,348408.0,2568.0
1993,B6T0000000186,345840.0,0.0427,5,49,2,1,194.50000000000009,395.00000000000017,348602.5,348803.0,2963.0
1994,B6T0000000186,345840.0,0.0427,5,49,2,1,194.50000000000009,395.00000000000017,348997.5,349198.0,3358.0
2453,B6T0000001399,346620.0,0.0288,19,1,1,1,39.0,84.0,349237.0,349282.0,2662.0
2981,B6T0000001316,346500.0,0.0193,37,11,1,1,100.0,206.0,349382.0,349488.0,2988.0
2982,B6T0000001316,346500.0,0.0193,37,11,1,1,100.0,206.0,349588.0,349694.0,3194.0
2980,B6T0000001316,346500.0,0.0193,37,11,2,1,100.0,206.0,349794.0,349900.0,3400.0
3103,B6T0000000740,347460.0,0.0174,12,38,2,1,158.00000000000006,322.0000000000001,350058.0,350222.0,2762.0
3105,B6T0000000740,347460.0,0.0174,12,38,2,1,158.00000000000006,322.0000000000001,350380.0,350544.0,3084.0
2832,B6T0000001965,350460.0,0.0217,26,3,2,1,57.0,120.0,350601.0,350664.0,204.0
2833,B6T0000001965,350460.0,0.0217,26,3,2,1,57.0,120.0,350721.0,350784.0,324.0
3683,B6T0000001349,345000.0,0.0107,54,5,2,1,117.0,240.0,350901.0,351024.0,6024.0
3055,B6T0000000985,350820.0,0.0183,27,22,2,1,124.00000000000001,254.00000000000003,351148.0,351278.0,458.0
3056,B6T0000000985,350820.0,0.0183,27,22,2,1,124.00000000000001,254.00000000000003,351402.0,351532.0,712.0
2934,B6T0000001579,351840.0,0.02,28,3,1,1,61.0,128.0,351901.0,351968.0,128.0
3661,B6T0000001520,357480.0,0.0109,55,3,1,1,115.0,236.0,357595.0,357716.0,236.0
3660,B6T0000001520,357480.0,0.0109,55,3,1,1,115.0,236.0,357831.0,357952.0,472.0
2514,B6T0000001586,358920.0,0.0279,16,7,1,1,45.0,96.0,358965.0,359016.0,96.0
2513,B6T0000001586,358920.0,0.0279,16,7,1,1,45.0,96.0,359061.0,359112.0,192.0
2510,B6T0000001586,358920.0,0.0279,16,7,2,1,45.0,96.0,359157.0,359208.0,288.0
2511,B6T0000001586,358920.0,0.0279,16,7,2,1,45.0,96.0,359253.0,359304.0,384.0
925,B6T0000000508,368640.0,0.1252,2,19,2,1,62.00000000000001,130.0,368702.0,368770.0,130.0
3234,B6T0000000746,370800.0,0.0155,34,20,1,1,130.0,266.0,370930.0,371066.0,266.0
3235,B6T0000000746,370800.0,0.0155,34,20,1,1,130.0,266.0,371196.0,371332.0,532.0
2727,B6T0000001708,372780.0,0.0232,22,6,1,1,55.0,116.0,372835.0,372896.0,116.0
2724,B6T0000001708,372780.0,0.0232,22,6,1,1,55.0,116.0,372951.0,373012.0,232.0
1648,B6T0000000735,373800.0,0.0594,13,16,1,1,72.0,150.0,373872.0,373950.0,150.0
1649,B6T0000000735,373800.0,0.0594,13,16,1,1,72.0,150.0,374022.0,374100.0,300.0
1654,B6T0000000735,373800.0,0.0594,13,16,2,1,72.0,150.0,374172.0,374250.0,450.0
104,B6T0000000261,375420.0,0.4826,2,43,1,1,158.50000000000009,323.00000000000017,375578.5,375743.0,323.0
100,B6T0000000261,375420.0,0.4826,2,43,1,1,158.50000000000009,323.00000000000017,375901.5,376066.0,646.0
309,B6T0000001196,376320.0,0.2132,4,14,1,1,45.99999999999999,97.99999999999999,376366.0,376418.0,98.0
310,B6T0000001196,376320.0,0.2132,4,14,2,1,45.99999999999999,97.99999999999999,376464.0,376516.0,196.0
314,B6T0000001196,376320.0,0.2132,4,14,2,1,45.99999999999999,97.99999999999999,376562.0,376614.0,294.0
2113,B6T0000001146,385500.0,0.0392,23,12,1,1,76.0,158.0,385576.0,385658.0,158.0
2114,B6T0000001146,385500.0,0.0392,23,12,1,1,76.0,158.0,385734.0,385816.0,316.0
2115,B6T0000001146,385500.0,0.0392,23,12,2,1,76.0,158.0,385892.0,385974.0,474.0
2116,B6T0000001146,385500.0,0.0392,23,12,2,1,76.0,158.0,386050.0,386132.0,632.0
3705,B6T0000000764,387780.0,0.0106,44,26,2,1,174.0,354.0,387954.0,388134.0,354.0
3704,B6T0000000764,387780.0,0.0106,44,26,2,1,174.0,354.0,388308.0,388488.0,708.0
3205,B6T0000000817,391080.0,0.0158,19,34,1,1,156.00000000000006,318.0000000000001,391236.0,391398.0,318.0
3206,B6T0000000817,391080.0,0.0158,19,34,1,1,156.00000000000006,318.0000000000001,391554.0,391716.0,636.0
2899,B6T0000000255,391680.0,0.0204,16,49,2,1,216.50000000000009,439.00000000000017,391932.5,392155.0,475.0
2901,B6T0000000255,391680.0,0.0204,16,49,2,1,216.50000000000009,439.00000000000017,392371.5,392594.0,914.0
3207,B6T0000000817,391080.0,0.0158,19,34,2,1,156.00000000000006,318.0000000000001,392750.0,392912.0,1832.0
3580,B6T0000000433,399600.0,0.0113,26,40,2,1,194.00000000000006,394.0000000000001,399794.0,399994.0,394.0
3581,B6T0000000433,399600.0,0.0113,26,40,2,1,194.00000000000006,394.0000000000001,400188.0,400388.0,788.0
2150,B6T0000001080,401220.0,0.0375,3,32,1,1,116.00000000000003,238.00000000000006,401336.0,401458.0,238.0
2148,B6T0000001080,401220.0,0.0375,3,32,1,1,116.00000000000003,238.00000000000006,401574.0,401696.0,476.0
2152,B6T0000001080,401220.0,0.0375,3,32,2,1,116.00000000000003,238.00000000000006,401812.0,401934.0,714.0
2919,B6T0000001125,402240.0,0.0202,34,13,1,1,102.0,210.0,402342.0,402450.0,210.0
2918,B6T0000001125,402240.0,0.0202,34,13,1,1,102.0,210.0,402552.0,402660.0,420.0
2917,B6T0000001125,402240.0,0.0202,34,13,2,1,102.0,210.0,402762.0,402870.0,630.0
1805,B6T0000001271,431580.0,0.0533,22,9,1,1,62.0,130.0,431642.0,431710.0,130.0
1801,B6T0000001271,431580.0,0.0533,22,9,1,1,62.0,130.0,431772.0,431840.0,260.0
962,B6T0000000445,431760.0,0.1202,9,13,1,1,52.0,110.0,431892.0,431950.0,190.0
861,B6T0000000001,431940.0,0.1272,5,44,1,1,169.50000000000009,345.00000000000017,432119.5,432295.0,355.0
869,B6T0000000001,431940.0,0.1272,5,44,1,1,169.50000000000009,345.00000000000017,432464.5,432640.0,700.0
857,B6T0000000001,431940.0,0.1272,5,44,2,1,169.50000000000009,345.00000000000017,432809.5,432985.0,1045.0
969,B6T0000000445,431760.0,0.1202,9,13,1,1,52.0,110.0,433037.0,433095.0,1335.0
968,B6T0000000445,431760.0,0.1202,9,13,2,1,52.0,110.0,433147.0,433205.0,1445.0
967,B6T0000000445,431760.0,0.1202,9,13,2,1,52.0,110.0,433257.0,433315.0,1555.0
1800,B6T0000001271,431580.0,0.0533,22,9,2,1,62.0,130.0,433377.0,433445.0,1865.0
1799,B6T0000001271,431580.0,0.0533,22,9,2,1,62.0,130.0,433507.0,433575.0,1995.0
1959,B6T0000001683,432000.0,0.0437,12,1,1,1,25.000000000000004,56.00000000000001,433600.0,433631.0,1631.0
1963,B6T0000001683,432000.0,0.0437,12,1,1,1,25.000000000000004,56.00000000000001,433656.0,433687.0,1687.0
1964,B6T0000001683,432000.0,0.0437,12,1,2,1,25.000000000000004,56.00000000000001,433712.0,433743.0,1743.0
1957,B6T0000001683,432000.0,0.0437,12,1,2,1,25.000000000000004,56.00000000000001,433768.0,433799.0,1799.0
2287,B6T0000000918,433440.0,0.0344,8,28,1,1,110.00000000000001,226.00000000000003,433909.0,434025.0,585.0
1447,B6T0000000191,433980.0,0.0689,3,48,1,1,185.50000000000009,377.00000000000017,434210.5,434402.0,422.0
14,B6T0000001209,434040.0,1.3573,3,9,1,1,23.999999999999996,53.99999999999999,434426.0,434456.0,416.0
24,B6T0000001209,434040.0,1.3573,3,9,1,1,23.999999999999996,53.99999999999999,434480.0,434510.0,470.0
15,B6T0000001209,434040.0,1.3573,3,9,2,1,23.999999999999996,53.99999999999999,434534.0,434564.0,524.0
23,B6T0000001209,434040.0,1.3573,3,9,2,1,23.999999999999996,53.99999999999999,434588.0,434618.0,578.0
1452,B6T0000000191,433980.0,0.0689,3,48,1,1,185.50000000000009,377.00000000000017,434803.5,434995.0,1015.0
1450,B6T0000000191,433980.0,0.0689,3,48,2,1,185.50000000000009,377.00000000000017,435180.5,435372.0,1392.0
89,B6T0000000261,435000.0,0.4826,2,43,2,1,158.50000000000009,323.00000000000017,435530.5,435695.0,695.0
90,B6T0000000261,435000.0,0.4826,2,43,2,1,158.50000000000009,323.00000000000017,435853.5,436018.0,1018.0
1453,B6T0000000191,433980.0,0.0689,3,48,2,1,185.50000000000009,377.00000000000017,436203.5,436395.0,2415.0
2203,B6T0000001562,434460.0,0.0366,12,6,1,1,35.0,76.0,436430.0,436471.0,2011.0
2286,B6T0000000918,433440.0,0.0344,8,28,1,1,110.00000000000001,226.00000000000003,436581.0,436697.0,3257.0
1168,B6T0000001838,437280.0,0.0928,3,8,2,1,21.0,48.0,437301.0,437328.0,48.0
1176,B6T0000001838,437280.0,0.0928,3,8,2,1,21.0,48.0,437349.0,437376.0,96.0
3571,B6T0000001481,438000.0,0.0115,49,7,1,1,111.0,228.0,438111.0,438228.0,228.0
3570,B6T0000001481,438000.0,0.0115,49,7,1,1,111.0,228.0,438339.0,438456.0,456.0
1102,B6T0000001301,443640.0,0.1026,15,9,1,1,48.0,102.0,443688.0,443742.0,102.0
1117,B6T0000001301,443640.0,0.1026,15,9,1,1,48.0,102.0,443790.0,443844.0,204.0
1116,B6T0000001301,443640.0,0.1026,15,9,2,1,48.0,102.0,443892.0,443946.0,306.0
1108,B6T0000001301,443640.0,0.1026,15,9,2,1,48.0,102.0,443994.0,444048.0,408.0
3520,B6T0000001221,444720.0,0.0119,50,14,2,1,138.0,282.0,444858.0,445002.0,282.0
1542,B6T0000000198,444780.0,0.0637,8,45,1,1,180.50000000000009,367.00000000000017,445182.5,445369.0,589.0
1553,B6T0000000198,444780.0,0.0637,8,45,1,1,180.50000000000009,367.00000000000017,445549.5,445736.0,956.0
1550,B6T0000000198,444780.0,0.0637,8,45,2,1,180.50000000000009,367.00000000000017,445916.5,446103.0,1323.0
1551,B6T0000000198,444780.0,0.0637,8,45,2,1,180.50000000000009,367.00000000000017,446283.5,446470.0,1690.0
3521,B6T0000001221,444720.0,0.0119,50,14,2,1,138.0,282.0,446608.0,446752.0,2032.0
1628,B6T0000001671,456180.0,0.0597,6,6,1,1,23.0,52.0,456203.0,456232.0,52.0
1627,B6T0000001671,456180.0,0.0597,6,6,1,1,23.0,52.0,456255.0,456284.0,104.0
1626,B6T0000001671,456180.0,0.0597,6,6,2,1,23.0,52.0,456307.0,456336.0,156.0
1632,B6T0000001671,456180.0,0.0597,6,6,2,1,23.0,52.0,456359.0,456388.0,208.0
3508,B6T0000001321,459840.0,0.012,48,4,2,1,103.00000000000001,212.00000000000003,459943.0,460052.0,212.0
3509,B6T0000001321,459840.0,0.012,48,4,2,1,103.00000000000001,212.00000000000003,460155.0,460264.0,424.0
3398,B6T0000001778,460740.0,0.0132,42,6,2,1,95.0,196.0,460835.0,460936.0,196.0
3399,B6T0000001778,460740.0,0.0132,42,6,2,1,95.0,196.0,461031.0,461132.0,392.0
3119,B6T0000000490,462720.0,0.0172,40,11,1,1,106.0,218.0,462826.0,462938.0,218.0
1195,B6T0000001639,462840.0,0.0917,6,3,1,1,17.0,40.0,462955.0,462978.0,138.0
1210,B6T0000001639,462840.0,0.0917,6,3,1,1,17.0,40.0,462995.0,463018.0,178.0
1209,B6T0000001639,462840.0,0.0917,6,3,2,1,17.0,40.0,463035.0,463058.0,218.0
1208,B6T0000001639,462840.0,0.0917,6,3,2,1,17.0,40.0,463075.0,463098.0,258.0
3118,B6T0000000490,462720.0,0.0172,40,11,1,1,106.0,218.0,463204.0,463316.0,596.0
3120,B6T0000000490,462720.0,0.0172,40,11,2,1,106.0,218.0,463422.0,463534.0,814.0
531,B6T0000001197,463920.0,0.1865,4,15,1,1,49.99999999999999,105.99999999999999,463970.0,464026.0,106.0
528,B6T0000001197,463920.0,0.1865,4,15,1,1,49.99999999999999,105.99999999999999,464076.0,464132.0,212.0
533,B6T0000001197,463920.0,0.1865,4,15,2,1,49.99999999999999,105.99999999999999,464182.0,464238.0,318.0
534,B6T0000001197,463920.0,0.1865,4,15,2,1,49.99999999999999,105.99999999999999,464288.0,464344.0,424.0
1401,B6T0000000367,464880.0,0.0738,1,25,1,1,84.0,174.0,464964.0,465054.0,174.0
1402,B6T0000000367,464880.0,0.0738,1,25,1,1,84.0,174.0,465138.0,465228.0,348.0
3175,B6T0000000130,469800.0,0.0162,28,44,1,1,215.50000000000009,437.00000000000017,470015.5,470237.0,437.0
3176,B6T0000000130,469800.0,0.0162,28,44,1,1,215.50000000000009,437.00000000000017,470452.5,470674.0,874.0
1440,B6T0000000745,470460.0,0.0703,12,15,1,1,66.0,138.0,470740.0,470812.0,352.0
1438,B6T0000000745,470460.0,0.0703,12,15,1,1,66.0,138.0,470878.0,470950.0,490.0
1434,B6T0000000745,470460.0,0.0703,12,15,2,1,66.0,138.0,471016.0,471088.0,628.0
1442,B6T0000000745,470460.0,0.0703,12,15,2,1,66.0,138.0,471154.0,471226.0,766.0
3177,B6T0000000130,469800.0,0.0162,28,44,2,1,215.50000000000009,437.00000000000017,471441.5,471663.0,1863.0
3518,B6T0000000875,470880.0,0.0119,34,30,2,1,170.00000000000003,346.00000000000006,471833.0,472009.0,1129.0
3519,B6T0000000875,470880.0,0.0119,34,30,2,1,170.00000000000003,346.00000000000006,472179.0,472355.0,1475.0
3662,B6T0000001711,470640.0,0.0109,55,2,1,1,113.0,232.0,472468.0,472587.0,1947.0
3663,B6T0000001711,470640.0,0.0109,55,2,1,1,113.0,232.0,472700.0,472819.0,2179.0
3694,B6T0000001794,474060.0,0.0107,53,7,1,1,119.00000000000001,244.00000000000003,474179.0,474304.0,244.0
3695,B6T0000001794,474060.0,0.0107,53,7,1,1,119.00000000000001,244.00000000000003,474423.0,474548.0,488.0
1756,B6T0000000007,479580.0,0.0553,11,43,1,1,176.50000000000009,359.00000000000017,479756.5,479939.0,359.0
1755,B6T0000000007,479580.0,0.0553,11,43,1,1,176.50000000000009,359.00000000000017,480115.5,480298.0,718.0
3467,B6T0000000689,481920.0,0.0123,30,32,2,1,170.00000000000003,346.00000000000006,482090.0,482266.0,346.0
3466,B6T0000000689,481920.0,0.0123,30,32,2,1,170.00000000000003,346.00000000000006,482436.0,482612.0,692.0
1759,B6T0000001236,482340.0,0.0547,7,23,1,1,88.00000000000001,182.00000000000003,482700.0,482794.0,454.0
1760,B6T0000001236,482340.0,0.0547,7,23,1,1,88.00000000000001,182.00000000000003,482882.0,482976.0,636.0
1761,B6T0000001236,482340.0,0.0547,7,23,2,1,88.00000000000001,182.00000000000003,483064.0,483158.0,818.0
1765,B6T0000001236,482340.0,0.0547,7,23,2,1,88.00000000000001,182.00000000000003,483246.0,483340.0,1000.0
2667,B6T0000000114,482280.0,0.0239,17,46,1,1,203.50000000000009,413.00000000000017,483543.5,483753.0,1473.0
2666,B6T0000000114,482280.0,0.0239,17,46,1,1,203.50000000000009,413.00000000000017,483956.5,484166.0,1886.0
2665,B6T0000000114,482280.0,0.0239,17,46,2,1,203.50000000000009,413.00000000000017,484369.5,484579.0,2299.0
2664,B6T0000000114,482280.0,0.0239,17,46,2,1,203.50000000000009,413.00000000000017,484782.5,484992.0,2712.0
3230,B6T0000000963,482700.0,0.0156,38,16,2,1,122.0,250.0,485114.0,485242.0,2542.0
3229,B6T0000000963,482700.0,0.0156,38,16,2,1,122.0,250.0,485364.0,485492.0,2792.0
1890,B6T0000000716,486120.0,0.0455,9,23,1,1,92.00000000000001,190.00000000000003,486212.0,486310.0,190.0
1891,B6T0000000716,486120.0,0.0455,9,23,1,1,92.00000000000001,190.00000000000003,486402.0,486500.0,380.0
2626,B6T0000000212,518700.0,0.0249,11,50,2,1,211.50000000000009,429.00000000000017,518911.5,519129.0,429.0
417,B6T0000000050,519060.0,0.1901,2,45,1,1,168.50000000000009,343.00000000000017,519297.5,519472.0,412.0
418,B6T0000000050,519060.0,0.1901,2,45,1,1,168.50000000000009,343.00000000000017,519640.5,519815.0,755.0
419,B6T0000000050,519060.0,0.1901,2,45,2,1,168.50000000000009,343.00000000000017,519983.5,520158.0,1098.0
2355,B6T0000000217,519420.0,0.0325,7,50,1,1,203.50000000000009,413.00000000000017,520361.5,520571.0,1151.0
1013,B6T0000001975,520500.0,0.109,5,3,1,1,15.0,36.0,520586.0,520607.0,107.0
1012,B6T0000001975,520500.0,0.109,5,3,1,1,15.0,36.0,520622.0,520643.0,143.0
1011,B6T0000001975,520500.0,0.109,5,3,2,1,15.0,36.0,520658.0,520679.0,179.0
1016,B6T0000001975,520500.0,0.109,5,3,2,1,15.0,36.0,520694.0,520715.0,215.0
2353,B6T0000000217,519420.0,0.0325,7,50,1,1,203.50000000000009,413.00000000000017,520918.5,521128.0,1708.0
854,B6T0000001220,520740.0,0.1275,11,10,1,1,44.0,94.0,521172.0,521222.0,482.0
853,B6T0000001220,520740.0,0.1275,11,10,1,1,44.0,94.0,521266.0,521316.0,576.0
609,B6T0000000247,521280.0,0.1761,1,46,1,1,171.50000000000009,349.00000000000017,521487.5,521665.0,385.0
852,B6T0000001220,520740.0,0.1275,11,10,2,1,44.0,94.0,521709.0,521759.0,1019.0
851,B6T0000001220,520740.0,0.1275,11,10,2,1,44.0,94.0,521803.0,521853.0,1113.0
2352,B6T0000000217,519420.0,0.0325,7,50,2,1,203.50000000000009,413.00000000000017,522056.5,522266.0,2846.0
2351,B6T0000000217,519420.0,0.0325,7,50,2,1,203.50000000000009,413.00000000000017,522469.5,522679.0,3259.0
2490,B6T0000000500,519960.0,0.0281,31,9,1,1,80.0,166.0,522759.0,522845.0,2885.0
2624,B6T0000000212,518700.0,0.0249,11,50,2,1,211.50000000000009,429.00000000000017,523056.5,523274.0,4574.0
2183,B6T0000001469,530640.0,0.0369,14,2,1,1,31.0,68.0,530671.0,530708.0,68.0
1928,B6T0000001140,531960.0,0.0442,23,10,2,1,68.0,142.0,532028.0,532102.0,142.0
1927,B6T0000001140,531960.0,0.0442,23,10,2,1,68.0,142.0,532170.0,532244.0,284.0
3320,B6T0000001039,534120.0,0.0142,31,26,1,1,148.0,302.0,534268.0,534422.0,302.0
3321,B6T0000001039,534120.0,0.0142,31,26,1,1,148.0,302.0,534570.0,534724.0,604.0
2471,B6T0000001437,546420.0,0.0286,17,5,1,1,43.0,92.0,546463.0,546512.0,92.0
3183,B6T0000001557,549660.0,0.0161,36,3,1,1,77.0,160.0,549737.0,549820.0,160.0
3181,B6T0000001557,549660.0,0.0161,36,3,1,1,77.0,160.0,549897.0,549980.0,320.0
3182,B6T0000001557,549660.0,0.0161,36,3,2,1,77.0,160.0,550057.0,550140.0,480.0
3382,B6T0000001129,556020.0,0.0133,29,30,2,1,160.00000000000003,326.00000000000006,556180.0,556346.0,326.0
3383,B6T0000001129,556020.0,0.0133,29,30,2,1,160.00000000000003,326.00000000000006,556506.0,556672.0,652.0
1073,B6T0000000178,558480.0,0.1033,2,47,1,1,178.50000000000009,363.00000000000017,558658.5,558843.0,363.0
1085,B6T0000000178,558480.0,0.1033,2,47,1,1,178.50000000000009,363.00000000000017,559021.5,559206.0,726.0
641,B6T0000000469,559020.0,0.1623,10,10,1,1,42.0,90.0,559248.0,559296.0,276.0
1084,B6T0000000178,558480.0,0.1033,2,47,2,1,178.50000000000009,363.00000000000017,559474.5,559659.0,1179.0
1083,B6T0000000178,558480.0,0.1033,2,47,2,1,178.50000000000009,363.00000000000017,559837.5,560022.0,1542.0
2043,B6T0000000270,561660.0,0.0412,8,47,1,1,190.50000000000009,387.00000000000017,561850.5,562047.0,387.0
2049,B6T0000000270,561660.0,0.0412,8,47,1,1,190.50000000000009,387.00000000000017,562237.5,562434.0,774.0
2045,B6T0000000270,561660.0,0.0412,8,47,2,1,190.50000000000009,387.00000000000017,562624.5,562821.0,1161.0
2047,B6T0000000270,561660.0,0.0412,8,47,2,1,190.50000000000009,387.00000000000017,563011.5,563208.0,1548.0
2301,B6T0000000431,562260.0,0.0342,5,31,2,1,116.00000000000003,238.00000000000006,563324.0,563446.0,1186.0
2300,B6T0000000431,562260.0,0.0342,5,31,2,1,116.00000000000003,238.00000000000006,563562.0,563684.0,1424.0
2420,B6T0000000777,570360.0,0.0301,2,36,1,1,130.00000000000006,266.0000000000001,570490.0,570626.0,266.0
2423,B6T0000000777,570360.0,0.0301,2,36,1,1,130.00000000000006,266.0000000000001,570756.0,570892.0,532.0
2422,B6T0000000777,570360.0,0.0301,2,36,2,1,130.00000000000006,266.0000000000001,571022.0,571158.0,798.0
2424,B6T0000000777,570360.0,0.0301,2,36,2,1,130.00000000000006,266.0000000000001,571288.0,571424.0,1064.0
3232,B6T0000000365,7080.0,0.0155,31,23,4,2,136.0,278.0,7216.0,7358.0,278.0
3233,B6T0000000365,7080.0,0.0155,31,23,4,2,136.0,278.0,7494.0,7636.0,556.0
2229,B6T0000001241,9000.0,0.0361,23,13,4,2,80.0,166.0,9080.0,9166.0,166.0
2228,B6T0000001241,9000.0,0.0361,23,13,4,2,80.0,166.0,9246.0,9332.0,332.0
3245,B6T0000000392,13380.0,0.0153,22,32,3,2,154.00000000000003,314.00000000000006,13534.0,13694.0,314.0
3244,B6T0000000392,13380.0,0.0153,22,32,3,2,154.00000000000003,314.00000000000006,13848.0,14008.0,628.0
3637,B6T0000000859,13740.0,0.011,35,33,3,2,184.00000000000003,374.00000000000006,14192.0,14382.0,642.0
3636,B6T0000000859,13740.0,0.011,35,33,3,2,184.00000000000003,374.00000000000006,14566.0,14756.0,1016.0
2851,B6T0000000939,17340.0,0.0212,35,11,4,2,96.0,198.0,17436.0,17538.0,198.0
1517,B6T0000000118,17520.0,0.0664,10,43,3,2,174.50000000000009,355.00000000000017,17712.5,17893.0,373.0
1508,B6T0000000118,17520.0,0.0664,10,43,3,2,174.50000000000009,355.00000000000017,18067.5,18248.0,728.0
2378,B6T0000001791,18240.0,0.0315,14,6,3,2,39.0,84.0,18287.0,18332.0,92.0
2379,B6T0000001791,18240.0,0.0315,14,6,3,2,39.0,84.0,18371.0,18416.0,176.0
2377,B6T0000001791,18240.0,0.0315,14,6,4,2,39.0,84.0,18455.0,18500.0,260.0
2376,B6T0000001791,18240.0,0.0315,14,6,4,2,39.0,84.0,18539.0,18584.0,344.0
2850,B6T0000000939,17340.0,0.0212,35,11,4,2,96.0,198.0,18680.0,18782.0,1442.0
703,B6T0000000313,19320.0,0.1602,3,45,3,2,170.50000000000009,347.00000000000017,19490.5,19667.0,347.0
714,B6T0000000313,19320.0,0.1602,3,45,3,2,170.50000000000009,347.00000000000017,19837.5,20014.0,694.0
715,B6T0000000313,19320.0,0.1602,3,45,4,2,170.50000000000009,347.00000000000017,20184.5,20361.0,1041.0
716,B6T0000000313,19320.0,0.1602,3,45,4,2,170.50000000000009,347.00000000000017,20531.5,20708.0,1388.0
1977,B6T0000001165,20040.0,0.0428,15,18,4,2,84.0,174.0,20792.0,20882.0,842.0
1974,B6T0000001165,20040.0,0.0428,15,18,4,2,84.0,174.0,20966.0,21056.0,1016.0
747,B6T0000000140,25440.0,0.1595,2,46,3,2,173.50000000000009,353.00000000000017,25613.5,25793.0,353.0
733,B6T0000000140,25440.0,0.1595,2,46,3,2,173.50000000000009,353.00000000000017,25966.5,26146.0,706.0
748,B6T0000000140,25440.0,0.1595,2,46,4,2,173.50000000000009,353.00000000000017,26319.5,26499.0,1059.0
731,B6T0000000140,25440.0,0.1595,2,46,4,2,173.50000000000009,353.00000000000017,26672.5,26852.0,1412.0
2052,B6T0000001476,26040.0,0.0409,11,4,3,2,29.0,64.0,26881.0,26916.0,876.0
2055,B6T0000001476,26040.0,0.0409,11,4,3,2,29.0,64.0,26945.0,26980.0,940.0
2053,B6T0000001476,26040.0,0.0409,11,4,4,2,29.0,64.0,27009.0,27044.0,1004.0
2054,B6T0000001476,26040.0,0.0409,11,4,4,2,29.0,64.0,27073.0,27108.0,1068.0
2791,B6T0000001578,25860.0,0.0225,26,1,4,2,53.0,112.0,27161.0,27220.0,1360.0
2788,B6T0000001578,25860.0,0.0225,26,1,4,2,53.0,112.0,27273.0,27332.0,1472.0
3114,B6T0000001782,25680.0,0.0173,31,6,3,2,73.0,152.0,27405.0,27484.0,1804.0
3113,B6T0000001782,25680.0,0.0173,31,6,3,2,73.0,152.0,27557.0,27636.0,1956.0
3112,B6T0000001782,25680.0,0.0173,31,6,4,2,73.0,152.0,27709.0,27788.0,2108.0
2500,B6T0000000481,41700.0,0.0279,23,17,4,2,96.0,198.0,41796.0,41898.0,198.0
2501,B6T0000000481,41700.0,0.0279,23,17,4,2,96.0,198.0,41994.0,42096.0,396.0
3628,B6T0000001310,42240.0,0.0111,54,14,3,2,146.0,298.0,42386.0,42538.0,298.0
1972,B6T0000000437,42360.0,0.0436,20,13,3,2,74.0,154.0,42612.0,42692.0,332.0
1966,B6T0000000437,42360.0,0.0436,20,13,3,2,74.0,154.0,42766.0,42846.0,486.0
1965,B6T0000000437,42360.0,0.0436,20,13,4,2,74.0,154.0,42920.0,43000.0,640.0
1968,B6T0000000437,42360.0,0.0436,20,13,4,2,74.0,154.0,43074.0,43154.0,794.0
3629,B6T0000001310,42240.0,0.0111,54,14,3,2,146.0,298.0,43300.0,43452.0,1212.0
2910,B6T0000001656,44160.0,0.0203,28,2,4,2,59.0,124.0,44219.0,44284.0,124.0
2909,B6T0000001656,44160.0,0.0203,28,2,4,2,59.0,124.0,44343.0,44408.0,248.0
3348,B6T0000001169,46500.0,0.0137,41,17,3,2,132.0,270.0,46632.0,46770.0,270.0
3349,B6T0000001169,46500.0,0.0137,41,17,3,2,132.0,270.0,46902.0,47040.0,540.0
2163,B6T0000001771,51780.0,0.0373,12,5,3,2,33.0,72.0,51813.0,51852.0,72.0
2164,B6T0000001771,51780.0,0.0373,12,5,3,2,33.0,72.0,51885.0,51924.0,144.0
2162,B6T0000001771,51780.0,0.0373,12,5,4,2,33.0,72.0,51957.0,51996.0,216.0
655,B6T0000001698,53940.0,0.1619,1,8,4,2,17.0,40.0,53957.0,53980.0,40.0
671,B6T0000001698,53940.0,0.1619,1,8,4,2,17.0,40.0,53997.0,54020.0,80.0
1935,B6T0000001937,54120.0,0.0442,8,8,3,2,31.0,68.0,54151.0,54188.0,68.0
1933,B6T0000001937,54120.0,0.0442,8,8,3,2,31.0,68.0,54219.0,54256.0,136.0
1567,B6T0000001553,54360.0,0.0624,8,2,4,2,19.0,44.0,54379.0,54404.0,44.0
1568,B6T0000001553,54360.0,0.0624,8,2,4,2,19.0,44.0,54423.0,54448.0,88.0
1533,B6T0000000088,55440.0,0.0638,4,48,3,2,187.50000000000009,381.00000000000017,55627.5,55821.0,381.0
370,B6T0000001440,55500.0,0.1918,2,5,4,2,13.0,32.0,55834.0,55853.0,353.0
367,B6T0000001440,55500.0,0.1918,2,5,4,2,13.0,32.0,55866.0,55885.0,385.0
1530,B6T0000000088,55440.0,0.0638,4,48,3,2,187.50000000000009,381.00000000000017,56072.5,56266.0,826.0
439,B6T0000000678,56040.0,0.1895,10,9,3,2,38.0,82.0,56304.0,56348.0,308.0
440,B6T0000000678,56040.0,0.1895,10,9,3,2,38.0,82.0,56386.0,56430.0,390.0
443,B6T0000000678,56040.0,0.1895,10,9,4,2,38.0,82.0,56468.0,56512.0,472.0
450,B6T0000000678,56040.0,0.1895,10,9,4,2,38.0,82.0,56550.0,56594.0,554.0
1531,B6T0000000088,55440.0,0.0638,4,48,4,2,187.50000000000009,381.00000000000017,56781.5,56975.0,1535.0
1539,B6T0000000088,55440.0,0.0638,4,48,4,2,187.50000000000009,381.00000000000017,57162.5,57356.0,1916.0
3048,B6T0000000848,86820.0,0.0185,6,42,4,2,162.00000000000006,330.0000000000001,86982.0,87150.0,330.0
544,B6T0000001197,86940.0,0.1865,5,14,4,2,47.99999999999999,101.99999999999999,87198.0,87252.0,312.0
545,B6T0000001197,86940.0,0.1865,5,14,4,2,47.99999999999999,101.99999999999999,87300.0,87354.0,414.0
881,B6T0000000488,87180.0,0.1265,8,13,3,2,50.0,106.0,87404.0,87460.0,280.0
879,B6T0000000488,87180.0,0.1265,8,13,3,2,50.0,106.0,87510.0,87566.0,386.0
880,B6T0000000488,87180.0,0.1265,8,13,4,2,50.0,106.0,87616.0,87672.0,492.0
882,B6T0000000488,87180.0,0.1265,8,13,4,2,50.0,106.0,87722.0,87778.0,598.0
2156,B6T0000001774,87600.0,0.0375,13,3,3,2,31.0,68.0,87809.0,87846.0,246.0
2155,B6T0000001774,87600.0,0.0375,13,3,3,2,31.0,68.0,87877.0,87914.0,314.0
2159,B6T0000001774,87600.0,0.0375,13,3,4,2,31.0,68.0,87945.0,87982.0,382.0
2158,B6T0000001774,87600.0,0.0375,13,3,4,2,31.0,68.0,88013.0,88050.0,450.0
2435,B6T0000001589,87480.0,0.0297,18,2,3,2,39.0,84.0,88089.0,88134.0,654.0
2438,B6T0000001589,87480.0,0.0297,18,2,3,2,39.0,84.0,88173.0,88218.0,738.0
2437,B6T0000001589,87480.0,0.0297,18,2,4,2,39.0,84.0,88257.0,88302.0,822.0
2911,B6T0000001900,87060.0,0.0203,27,4,4,2,61.0,128.0,88363.0,88430.0,1370.0
2913,B6T0000001900,87060.0,0.0203,27,4,4,2,61.0,128.0,88491.0,88558.0,1498.0
398,B6T0000000471,88500.0,0.1917,1,17,3,2,52.0,110.0,88610.0,88668.0,168.0
401,B6T0000000471,88500.0,0.1917,1,17,3,2,52.0,110.0,88720.0,88778.0,278.0
400,B6T0000000471,88500.0,0.1917,1,17,4,2,52.0,110.0,88830.0,88888.0,388.0
2132,B6T0000000727,88800.0,0.0388,18,17,3,2,86.0,178.0,88974.0,89066.0,266.0
2127,B6T0000000727,88800.0,0.0388,18,17,3,2,86.0,178.0,89152.0,89244.0,444.0
2128,B6T0000000727,88800.0,0.0388,18,17,4,2,86.0,178.0,89330.0,89422.0,622.0
2987,B6T0000001732,89280.0,0.0193,28,5,3,2,65.0,136.0,89487.0,89558.0,278.0
3046,B6T0000000848,86820.0,0.0185,6,42,4,2,162.00000000000006,330.0000000000001,89720.0,89888.0,3068.0
3086,B6T0000001251,93660.0,0.0179,7,42,3,2,164.00000000000006,334.0000000000001,93824.0,93994.0,334.0
3085,B6T0000001251,93660.0,0.0179,7,42,3,2,164.00000000000006,334.0000000000001,94158.0,94328.0,668.0
3087,B6T0000001251,93660.0,0.0179,7,42,4,2,164.00000000000006,334.0000000000001,94492.0,94662.0,1002.0
1412,B6T0000000408,97140.0,0.0738,3,23,4,2,80.00000000000001,166.00000000000003,97220.0,97306.0,166.0
1403,B6T0000000408,97140.0,0.0738,3,23,4,2,80.00000000000001,166.00000000000003,97386.0,97472.0,332.0
1313,B6T0000000836,97500.0,0.0806,14,12,3,2,58.0,122.0,97558.0,97622.0,122.0
1311,B6T0000000836,97500.0,0.0806,14,12,3,2,58.0,122.0,97680.0,97744.0,244.0
1319,B6T0000000836,97500.0,0.0806,14,12,4,2,58.0,122.0,97802.0,97866.0,366.0
1309,B6T0000000836,97500.0,0.0806,14,12,4,2,58.0,122.0,97924.0,97988.0,488.0
3117,B6T0000000362,105780.0,0.0172,37,14,4,2,112.0,230.0,105892.0,106010.0,230.0
3116,B6T0000000362,105780.0,0.0172,37,14,4,2,112.0,230.0,106122.0,106240.0,460.0
1064,B6T0000001185,106140.0,0.1039,3,20,3,2,68.00000000000001,142.00000000000003,106308.0,106382.0,242.0
1065,B6T0000001185,106140.0,0.1039,3,20,3,2,68.00000000000001,142.00000000000003,106450.0,106524.0,384.0
1066,B6T0000001185,106140.0,0.1039,3,20,4,2,68.00000000000001,142.00000000000003,106592.0,106666.0,526.0
1059,B6T0000001185,106140.0,0.1039,3,20,4,2,68.00000000000001,142.00000000000003,106734.0,106808.0,668.0
2960,B6T0000001529,110460.0,0.0197,28,4,3,2,63.0,132.0,110523.0,110592.0,132.0
3138,B6T0000001659,111420.0,0.017,35,1,3,2,71.0,148.0,111491.0,111568.0,148.0
3136,B6T0000001659,111420.0,0.017,35,1,3,2,71.0,148.0,111639.0,111716.0,296.0
3137,B6T0000001659,111420.0,0.017,35,1,4,2,71.0,148.0,111787.0,111864.0,444.0
569,B6T0000001238,113400.0,0.1832,3,16,3,2,51.99999999999999,109.99999999999999,113452.0,113510.0,110.0
565,B6T0000001238,113400.0,0.1832,3,16,3,2,51.99999999999999,109.99999999999999,113562.0,113620.0,220.0
568,B6T0000001238,113400.0,0.1832,3,16,4,2,51.99999999999999,109.99999999999999,113672.0,113730.0,330.0
567,B6T0000001238,113400.0,0.1832,3,16,4,2,51.99999999999999,109.99999999999999,113782.0,113840.0,440.0
3373,B6T0000000224,116160.0,0.0134,28,49,4,2,240.50000000000009,487.00000000000017,116400.5,116647.0,487.0
3372,B6T0000000224,116160.0,0.0134,28,49,4,2,240.50000000000009,487.00000000000017,116887.5,117134.0,974.0
3586,B6T0000001723,118440.0,0.0113,52,3,4,2,109.0,224.0,118549.0,118664.0,224.0
3587,B6T0000001723,118440.0,0.0113,52,3,4,2,109.0,224.0,118773.0,118888.0,448.0
3730,B6T0000000456,120900.0,0.0104,34,37,4,2,198.00000000000006,402.0000000000001,121098.0,121302.0,402.0
3731,B6T0000000456,120900.0,0.0104,34,37,4,2,198.00000000000006,402.0000000000001,121500.0,121704.0,804.0
3358,B6T0000000487,121980.0,0.0136,33,25,4,2,148.0,302.0,122128.0,122282.0,302.0
3359,B6T0000000487,121980.0,0.0136,33,25,4,2,148.0,302.0,122430.0,122584.0,604.0
54,B6T0000001104,123540.0,0.8431,4,9,3,2,25.999999999999996,57.99999999999999,123566.0,123598.0,58.0
55,B6T0000001104,123540.0,0.8431,4,9,3,2,25.999999999999996,57.99999999999999,123624.0,123656.0,116.0
56,B6T0000001104,123540.0,0.8431,4,9,4,2,25.999999999999996,57.99999999999999,123682.0,123714.0,174.0
57,B6T0000001104,123540.0,0.8431,4,9,4,2,25.999999999999996,57.99999999999999,123740.0,123772.0,232.0
1583,B6T0000001102,127620.0,0.0622,3,25,3,2,88.0,182.0,127708.0,127802.0,182.0
1584,B6T0000001102,127620.0,0.0622,3,25,3,2,88.0,182.0,127890.0,127984.0,364.0
1579,B6T0000001102,127620.0,0.0622,3,25,4,2,88.0,182.0,128072.0,128166.0,546.0
1585,B6T0000001102,127620.0,0.0622,3,25,4,2,88.0,182.0,128254.0,128348.0,728.0
1036,B6T0000001052,130500.0,0.1066,5,18,3,2,64.0,134.0,130564.0,130634.0,134.0
1037,B6T0000001052,130500.0,0.1066,5,18,3,2,64.0,134.0,130698.0,130768.0,268.0
1038,B6T0000001052,130500.0,0.1066,5,18,4,2,64.0,134.0,130832.0,130902.0,402.0
1041,B6T0000001052,130500.0,0.1066,5,18,4,2,64.0,134.0,130966.0,131036.0,536.0
3656,B6T0000000704,131640.0,0.0109,50,19,4,2,158.0,322.0,131798.0,131962.0,322.0
3657,B6T0000000704,131640.0,0.0109,50,19,4,2,158.0,322.0,132120.0,132284.0,644.0
559,B6T0000001827,140340.0,0.1846,3,4,3,2,13.0,32.0,140353.0,140372.0,32.0
554,B6T0000001827,140340.0,0.1846,3,4,3,2,13.0,32.0,140385.0,140404.0,64.0
553,B6T0000001827,140340.0,0.1846,3,4,4,2,13.0,32.0,140417.0,140436.0,96.0
1918,B6T0000001647,140340.0,0.0445,9,6,4,2,29.0,64.0,140465.0,140500.0,160.0
1919,B6T0000001647,140340.0,0.0445,9,6,4,2,29.0,64.0,140529.0,140564.0,224.0
2856,B6T0000000686,140400.0,0.021,28,18,3,2,110.0,226.0,140674.0,140790.0,390.0
2857,B6T0000000686,140400.0,0.021,28,18,3,2,110.0,226.0,140900.0,141016.0,616.0
3464,B6T0000000668,142440.0,0.0123,42,20,4,2,146.0,298.0,142586.0,142738.0,298.0
3413,B6T0000000776,142620.0,0.0129,23,37,3,2,176.00000000000006,358.0000000000001,142914.0,143096.0,476.0
3412,B6T0000000776,142620.0,0.0129,23,37,3,2,176.00000000000006,358.0000000000001,143272.0,143454.0,834.0
75,B6T0000000261,143280.0,0.4826,1,43,3,2,156.50000000000009,319.00000000000017,143610.5,143773.0,493.0
69,B6T0000000261,143280.0,0.4826,1,43,3,2,156.50000000000009,319.00000000000017,143929.5,144092.0,812.0
76,B6T0000000261,143280.0,0.4826,1,43,4,2,156.50000000000009,319.00000000000017,144248.5,144411.0,1131.0
77,B6T0000000261,143280.0,0.4826,1,43,4,2,156.50000000000009,319.00000000000017,144567.5,144730.0,1450.0
3465,B6T0000000668,142440.0,0.0123,42,20,4,2,146.0,298.0,144876.0,145028.0,2588.0
1783,B6T0000001122,173520.0,0.054,6,24,3,2,90.00000000000001,186.00000000000003,173610.0,173706.0,186.0
1781,B6T0000001122,173520.0,0.054,6,24,3,2,90.00000000000001,186.00000000000003,173796.0,173892.0,372.0
756,B6T0000000843,173880.0,0.1548,5,15,3,2,51.99999999999999,109.99999999999999,173944.0,174002.0,122.0
757,B6T0000000843,173880.0,0.1548,5,15,3,2,51.99999999999999,109.99999999999999,174054.0,174112.0,232.0
758,B6T0000000843,173880.0,0.1548,5,15,4,2,51.99999999999999,109.99999999999999,174164.0,174222.0,342.0
759,B6T0000000843,173880.0,0.1548,5,15,4,2,51.99999999999999,109.99999999999999,174274.0,174332.0,452.0
1777,B6T0000001122,173520.0,0.054,6,24,4,2,90.00000000000001,186.00000000000003,174422.0,174518.0,998.0
1779,B6T0000001122,173520.0,0.054,6,24,4,2,90.00000000000001,186.00000000000003,174608.0,174704.0,1184.0
1915,B6T0000000403,173760.0,0.0445,3,29,3,2,104.00000000000001,214.00000000000003,174808.0,174918.0,1158.0
1183,B6T0000001103,174780.0,0.0925,3,21,3,2,72.00000000000001,150.00000000000003,174990.0,175068.0,288.0
1184,B6T0000001103,174780.0,0.0925,3,21,3,2,72.00000000000001,150.00000000000003,175140.0,175218.0,438.0
1182,B6T0000001103,174780.0,0.0925,3,21,4,2,72.00000000000001,150.00000000000003,175290.0,175368.0,588.0
1189,B6T0000001103,174780.0,0.0925,3,21,4,2,72.00000000000001,150.00000000000003,175440.0,175518.0,738.0
476,B6T0000001382,175440.0,0.1892,4,2,3,2,11.0,28.0,175529.0,175546.0,106.0
475,B6T0000001382,175440.0,0.1892,4,2,3,2,11.0,28.0,175557.0,175574.0,134.0
478,B6T0000001382,175440.0,0.1892,4,2,4,2,11.0,28.0,175585.0,175602.0,162.0
479,B6T0000001382,175440.0,0.1892,4,2,4,2,11.0,28.0,175613.0,175630.0,190.0
1916,B6T0000000403,173760.0,0.0445,3,29,3,2,104.00000000000001,214.00000000000003,175734.0,175844.0,2084.0
3011,B6T0000001789,174360.0,0.019,30,2,4,2,63.0,132.0,175907.0,175976.0,1616.0
3012,B6T0000001789,174360.0,0.019,30,2,4,2,63.0,132.0,176039.0,176108.0,1748.0
3568,B6T0000001417,175320.0,0.0115,49,6,3,2,109.0,224.0,176217.0,176332.0,1012.0
3569,B6T0000001417,175320.0,0.0115,49,6,3,2,109.0,224.0,176441.0,176556.0,1236.0
3241,B6T0000001498,180300.0,0.0154,38,3,3,2,81.0,168.0,180381.0,180468.0,168.0
3240,B6T0000001498,180300.0,0.0154,38,3,3,2,81.0,168.0,180549.0,180636.0,336.0
2957,B6T0000000824,187140.0,0.0197,14,33,3,2,142.00000000000003,290.00000000000006,187282.0,187430.0,290.0
2956,B6T0000000824,187140.0,0.0197,14,33,3,2,142.00000000000003,290.00000000000006,187572.0,187720.0,580.0
2958,B6T0000000824,187140.0,0.0197,14,33,4,2,142.00000000000003,290.00000000000006,187862.0,188010.0,870.0
1426,B6T0000000947,188340.0,0.0705,14,13,3,2,62.0,130.0,188402.0,188470.0,130.0
1422,B6T0000000947,188340.0,0.0705,14,13,3,2,62.0,130.0,188532.0,188600.0,260.0
1420,B6T0000000947,188340.0,0.0705,14,13,4,2,62.0,130.0,188662.0,188730.0,390.0
1419,B6T0000000947,188340.0,0.0705,14,13,4,2,62.0,130.0,188792.0,188860.0,520.0
198,B6T0000000932,190140.0,0.3317,8,9,3,2,34.0,74.0,190174.0,190214.0,74.0
191,B6T0000000932,190140.0,0.3317,8,9,3,2,34.0,74.0,190248.0,190288.0,148.0
192,B6T0000000932,190140.0,0.3317,8,9,4,2,34.0,74.0,190322.0,190362.0,222.0
193,B6T0000000932,190140.0,0.3317,8,9,4,2,34.0,74.0,190396.0,190436.0,296.0
2830,B6T0000000816,193680.0,0.0218,27,18,3,2,108.0,222.0,193788.0,193902.0,222.0
2831,B6T0000000816,193680.0,0.0218,27,18,3,2,108.0,222.0,194010.0,194124.0,444.0
1714,B6T0000001409,193980.0,0.056,7,6,3,2,25.0,56.0,194149.0,194180.0,200.0
1715,B6T0000001409,193980.0,0.056,7,6,3,2,25.0,56.0,194205.0,194236.0,256.0
1712,B6T0000001409,193980.0,0.056,7,6,4,2,25.0,56.0,194261.0,194292.0,312.0
1710,B6T0000001409,193980.0,0.056,7,6,4,2,25.0,56.0,194317.0,194348.0,368.0
907,B6T0000000411,194340.0,0.1258,6,15,3,2,53.99999999999999,113.99999999999999,194402.0,194462.0,122.0
2731,B6T0000001922,194400.0,0.0232,21,8,4,2,57.0,120.0,194519.0,194582.0,182.0
2730,B6T0000001922,194400.0,0.0232,21,8,4,2,57.0,120.0,194639.0,194702.0,302.0
2863,B6T0000000659,197640.0,0.0209,27,19,3,2,112.0,230.0,197752.0,197870.0,230.0
2862,B6T0000000659,197640.0,0.0209,27,19,3,2,112.0,230.0,197982.0,198100.0,460.0
2861,B6T0000000659,197640.0,0.0209,27,19,4,2,112.0,230.0,198212.0,198330.0,690.0
2860,B6T0000000659,197640.0,0.0209,27,19,4,2,112.0,230.0,198442.0,198560.0,920.0
2325,B6T0000001645,198960.0,0.0334,16,1,4,2,33.0,72.0,198993.0,199032.0,72.0
2320,B6T0000001645,198960.0,0.0334,16,1,4,2,33.0,72.0,199065.0,199104.0,144.0
2506,B6T0000001035,205200.0,0.0279,21,19,4,2,100.0,206.0,205300.0,205406.0,206.0
2505,B6T0000001035,205200.0,0.0279,21,19,4,2,100.0,206.0,205506.0,205612.0,412.0
485,B6T0000001101,207600.0,0.1876,7,12,3,2,44.0,94.0,207644.0,207694.0,94.0
486,B6T0000001101,207600.0,0.1876,7,12,3,2,44.0,94.0,207738.0,207788.0,188.0
487,B6T0000001101,207600.0,0.1876,7,12,4,2,44.0,94.0,207832.0,207882.0,282.0
488,B6T0000001101,207600.0,0.1876,7,12,4,2,44.0,94.0,207926.0,207976.0,376.0
3370,B6T0000001972,208680.0,0.0135,43,2,4,2,88.99999999999999,183.99999999999997,208769.0,208864.0,184.0
3371,B6T0000001972,208680.0,0.0135,43,2,4,2,88.99999999999999,183.99999999999997,208953.0,209048.0,368.0
2584,B6T0000000418,213840.0,0.0262,19,22,3,2,108.00000000000001,222.00000000000003,213948.0,214062.0,222.0
2583,B6T0000000418,213840.0,0.0262,19,22,3,2,108.00000000000001,222.00000000000003,214170.0,214284.0,444.0
2582,B6T0000000418,213840.0,0.0262,19,22,4,2,108.00000000000001,222.00000000000003,214392.0,214506.0,666.0
2581,B6T0000000418,213840.0,0.0262,19,22,4,2,108.00000000000001,222.00000000000003,214614.0,214728.0,888.0
319,B6T0000001196,216240.0,0.2132,5,13,3,2,44.0,94.0,216284.0,216334.0,94.0
318,B6T0000001196,216240.0,0.2132,5,13,3,2,44.0,94.0,216378.0,216428.0,188.0
323,B6T0000001196,216240.0,0.2132,5,13,4,2,44.0,94.0,216472.0,216522.0,282.0
322,B6T0000001196,216240.0,0.2132,5,13,4,2,44.0,94.0,216566.0,216616.0,376.0
3214,B6T0000001636,217560.0,0.0158,37,3,3,2,79.0,164.0,217639.0,217724.0,164.0
3216,B6T0000001636,217560.0,0.0158,37,3,3,2,79.0,164.0,217803.0,217888.0,328.0
3215,B6T0000001636,217560.0,0.0158,37,3,4,2,79.0,164.0,217967.0,218052.0,492.0
3033,B6T0000001726,217980.0,0.0187,28,7,4,2,69.0,144.0,218121.0,218196.0,216.0
3031,B6T0000001726,217980.0,0.0187,28,7,4,2,69.0,144.0,218265.0,218340.0,360.0
2642,B6T0000000200,219600.0,0.0244,14,48,3,2,207.50000000000009,421.00000000000017,219807.5,220021.0,421.0
2641,B6T0000000200,219600.0,0.0244,14,48,3,2,207.50000000000009,421.00000000000017,220228.5,220442.0,842.0
2640,B6T0000000200,219600.0,0.0244,14,48,4,2,207.50000000000009,421.00000000000017,220649.5,220863.0,1263.0
2643,B6T0000000200,219600.0,0.0244,14,48,4,2,207.50000000000009,421.00000000000017,221070.5,221284.0,1684.0
2877,B6T0000001292,220140.0,0.0208,21,25,3,2,124.0,254.0,221408.0,221538.0,1398.0
2878,B6T0000001292,220140.0,0.0208,21,25,3,2,124.0,254.0,221662.0,221792.0,1652.0
2876,B6T0000001292,220140.0,0.0208,21,25,4,2,124.0,254.0,221916.0,222046.0,1906.0
2879,B6T0000001292,220140.0,0.0208,21,25,4,2,124.0,254.0,222170.0,222300.0,2160.0
2761,B6T0000000146,227760.0,0.0227,22,43,3,2,198.50000000000009,403.00000000000017,227958.5,228163.0,403.0
2763,B6T0000000146,227760.0,0.0227,22,43,3,2,198.50000000000009,403.00000000000017,228361.5,228566.0,806.0
2369,B6T0000001572,228540.0,0.0315,13,8,4,2,41.0,88.0,228607.0,228654.0,114.0
2368,B6T0000001572,228540.0,0.0315,13,8,4,2,41.0,88.0,228695.0,228742.0,202.0
2760,B6T0000000146,227760.0,0.0227,22,43,4,2,198.50000000000009,403.00000000000017,228940.5,229145.0,1385.0
2762,B6T0000000146,227760.0,0.0227,22,43,4,2,198.50000000000009,403.00000000000017,229343.5,229548.0,1788.0
3501,B6T0000001808,258720.0,0.0121,45,8,4,2,105.0,216.0,258825.0,258936.0,216.0
3500,B6T0000001808,258720.0,0.0121,45,8,4,2,105.0,216.0,259041.0,259152.0,432.0
3079,B6T0000001354,258960.0,0.018,31,4,3,2,69.0,144.0,259221.0,259296.0,336.0
155,B6T0000000810,259200.0,0.3397,1,15,3,2,43.99999999999999,93.99999999999999,259340.0,259390.0,190.0
170,B6T0000000810,259200.0,0.3397,1,15,3,2,43.99999999999999,93.99999999999999,259434.0,259484.0,284.0
164,B6T0000000810,259200.0,0.3397,1,15,4,2,43.99999999999999,93.99999999999999,259528.0,259578.0,378.0
163,B6T0000000810,259200.0,0.3397,1,15,4,2,43.99999999999999,93.99999999999999,259622.0,259672.0,472.0
681,B6T0000001180,259560.0,0.1614,9,11,3,2,44.0,94.0,259716.0,259766.0,206.0
680,B6T0000001180,259560.0,0.1614,9,11,3,2,44.0,94.0,259810.0,259860.0,300.0
678,B6T0000001180,259560.0,0.1614,9,11,4,2,44.0,94.0,259904.0,259954.0,394.0
677,B6T0000001180,259560.0,0.1614,9,11,4,2,44.0,94.0,259998.0,260048.0,488.0
1604,B6T0000001610,259920.0,0.0606,7,4,3,2,21.0,48.0,260069.0,260096.0,176.0
1606,B6T0000001610,259920.0,0.0606,7,4,3,2,21.0,48.0,260117.0,260144.0,224.0
1607,B6T0000001610,259920.0,0.0606,7,4,4,2,21.0,48.0,260165.0,260192.0,272.0
1608,B6T0000001610,259920.0,0.0606,7,4,4,2,21.0,48.0,260213.0,260240.0,320.0
2235,B6T0000000051,259500.0,0.0359,11,46,3,2,191.50000000000009,389.00000000000017,260431.5,260629.0,1129.0
2234,B6T0000000051,259500.0,0.0359,11,46,3,2,191.50000000000009,389.00000000000017,260820.5,261018.0,1518.0
2232,B6T0000000051,259500.0,0.0359,11,46,4,2,191.50000000000009,389.00000000000017,261209.5,261407.0,1907.0
2233,B6T0000000051,259500.0,0.0359,11,46,4,2,191.50000000000009,389.00000000000017,261598.5,261796.0,2296.0
281,B6T0000000305,261540.0,0.2304,2,44,3,2,163.50000000000009,333.00000000000017,261959.5,262129.0,589.0
2326,B6T0000000447,260460.0,0.0332,17,20,3,2,96.0,198.0,262225.0,262327.0,1867.0
2329,B6T0000000447,260460.0,0.0332,17,20,3,2,96.0,198.0,262423.0,262525.0,2065.0
2387,B6T0000000719,260100.0,0.0309,9,29,3,2,116.00000000000001,238.00000000000003,262641.0,262763.0,2663.0
2433,B6T0000000778,262260.0,0.0299,29,10,4,2,80.0,166.0,262843.0,262929.0,669.0
2431,B6T0000000778,262260.0,0.0299,29,10,4,2,80.0,166.0,263009.0,263095.0,835.0
3094,B6T0000001025,271680.0,0.0177,30,20,3,2,122.0,250.0,271802.0,271930.0,250.0
1010,B6T0000001090,275880.0,0.1122,11,12,3,2,52.0,110.0,275932.0,275990.0,110.0
1008,B6T0000001090,275880.0,0.1122,11,12,3,2,52.0,110.0,276042.0,276100.0,220.0
1007,B6T0000001090,275880.0,0.1122,11,12,4,2,52.0,110.0,276152.0,276210.0,330.0
1006,B6T0000001090,275880.0,0.1122,11,12,4,2,52.0,110.0,276262.0,276320.0,440.0
2783,B6T0000000204,276960.0,0.0225,21,44,3,2,201.50000000000009,409.00000000000017,277161.5,277369.0,409.0
2781,B6T0000000204,276960.0,0.0225,21,44,3,2,201.50000000000009,409.00000000000017,277570.5,277778.0,818.0
1897,B6T0000001029,277980.0,0.0451,5,27,3,2,100.00000000000001,206.00000000000003,278080.0,278186.0,206.0
1900,B6T0000001029,277980.0,0.0451,5,27,3,2,100.00000000000001,206.00000000000003,278286.0,278392.0,412.0
1896,B6T0000001029,277980.0,0.0451,5,27,4,2,100.00000000000001,206.00000000000003,278492.0,278598.0,618.0
1895,B6T0000001029,277980.0,0.0451,5,27,4,2,100.00000000000001,206.00000000000003,278698.0,278804.0,824.0
2549,B6T0000001449,281940.0,0.027,17,7,4,2,47.0,100.0,281987.0,282040.0,100.0
2548,B6T0000001449,281940.0,0.027,17,7,4,2,47.0,100.0,282087.0,282140.0,200.0
2569,B6T0000001793,282840.0,0.0268,19,4,3,2,45.0,96.0,282885.0,282936.0,96.0
3442,B6T0000001707,283500.0,0.0127,43,7,3,2,98.99999999999999,203.99999999999997,283599.0,283704.0,204.0
3443,B6T0000001707,283500.0,0.0127,43,7,3,2,98.99999999999999,203.99999999999997,283803.0,283908.0,408.0
3224,B6T0000001460,286680.0,0.0157,36,5,3,2,81.0,168.0,286761.0,286848.0,168.0
3225,B6T0000001460,286680.0,0.0157,36,5,3,2,81.0,168.0,286929.0,287016.0,336.0
3223,B6T0000001460,286680.0,0.0157,36,5,4,2,81.0,168.0,287097.0,287184.0,504.0
1089,B6T0000001415,287640.0,0.1031,3,7,3,2,19.0,44.0,287659.0,287684.0,44.0
1090,B6T0000001415,287640.0,0.1031,3,7,3,2,19.0,44.0,287703.0,287728.0,88.0
1099,B6T0000001415,287640.0,0.1031,3,7,4,2,19.0,44.0,287747.0,287772.0,132.0
1098,B6T0000001415,287640.0,0.1031,3,7,4,2,19.0,44.0,287791.0,287816.0,176.0
3648,B6T0000001606,294780.0,0.011,53,5,3,2,115.00000000000001,236.00000000000003,294895.0,295016.0,236.0
3649,B6T0000001606,294780.0,0.011,53,5,3,2,115.00000000000001,236.00000000000003,295131.0,295252.0,472.0
1363,B6T0000000150,295080.0,0.0758,1,49,3,2,186.50000000000009,379.00000000000017,295438.5,295631.0,551.0
1364,B6T0000000150,295080.0,0.0758,1,49,3,2,186.50000000000009,379.00000000000017,295817.5,296010.0,930.0
1365,B6T0000000150,295080.0,0.0758,1,49,4,2,186.50000000000009,379.00000000000017,296196.5,296389.0,1309.0
1366,B6T0000000150,295080.0,0.0758,1,49,4,2,186.50000000000009,379.00000000000017,296575.5,296768.0,1688.0
2922,B6T0000000210,297420.0,0.0201,24,43,3,2,202.50000000000009,411.00000000000017,297622.5,297831.0,411.0
3517,B6T0000000866,299940.0,0.0119,49,15,3,2,140.0,286.0,300080.0,300226.0,286.0
3516,B6T0000000866,299940.0,0.0119,49,15,3,2,140.0,286.0,300366.0,300512.0,572.0
1214,B6T0000000577,301800.0,0.0912,1,23,3,2,76.00000000000001,158.00000000000003,301876.0,301958.0,158.0
1219,B6T0000000577,301800.0,0.0912,1,23,3,2,76.00000000000001,158.00000000000003,302034.0,302116.0,316.0
333,B6T0000000139,301980.0,0.2024,1,45,3,2,166.50000000000009,339.00000000000017,302282.5,302455.0,475.0
348,B6T0000000139,301980.0,0.2024,1,45,3,2,166.50000000000009,339.00000000000017,302621.5,302794.0,814.0
347,B6T0000000139,301980.0,0.2024,1,45,4,2,166.50000000000009,339.00000000000017,302960.5,303133.0,1153.0
330,B6T0000000139,301980.0,0.2024,1,45,4,2,166.50000000000009,339.00000000000017,303299.5,303472.0,1492.0
1220,B6T0000000577,301800.0,0.0912,1,23,4,2,76.00000000000001,158.00000000000003,303548.0,303630.0,1830.0
1224,B6T0000000577,301800.0,0.0912,1,23,4,2,76.00000000000001,158.00000000000003,303706.0,303788.0,1988.0
803,B6T0000000540,305220.0,0.1348,1,19,3,2,60.00000000000001,126.00000000000001,305280.0,305346.0,126.0
809,B6T0000000540,305220.0,0.1348,1,19,3,2,60.00000000000001,126.00000000000001,305406.0,305472.0,252.0
807,B6T0000000540,305220.0,0.1348,1,19,4,2,60.00000000000001,126.00000000000001,305532.0,305598.0,378.0
1164,B6T0000000245,307800.0,0.0931,5,45,3,2,174.50000000000009,355.00000000000017,307974.5,308155.0,355.0
1155,B6T0000000245,307800.0,0.0931,5,45,3,2,174.50000000000009,355.00000000000017,308329.5,308510.0,710.0
1167,B6T0000000245,307800.0,0.0931,5,45,4,2,174.50000000000009,355.00000000000017,308684.5,308865.0,1065.0
1163,B6T0000000245,307800.0,0.0931,5,45,4,2,174.50000000000009,355.00000000000017,309039.5,309220.0,1420.0
2983,B6T0000001539,309480.0,0.0193,29,3,3,2,63.00000000000001,132.0,309543.0,309612.0,132.0
2984,B6T0000001539,309480.0,0.0193,29,3,3,2,63.00000000000001,132.0,309675.0,309744.0,264.0
503,B6T0000001101,309720.0,0.1876,6,13,3,2,46.0,98.0,309790.0,309842.0,122.0
507,B6T0000001101,309720.0,0.1876,6,13,3,2,46.0,98.0,309888.0,309940.0,220.0
505,B6T0000001101,309720.0,0.1876,6,13,4,2,46.0,98.0,309986.0,310038.0,318.0
515,B6T0000001101,309720.0,0.1876,6,13,4,2,46.0,98.0,310084.0,310136.0,416.0
2985,B6T0000001539,309480.0,0.0193,29,3,4,2,63.00000000000001,132.0,310199.0,310268.0,788.0
249,B6T0000000581,311400.0,0.27,9,9,3,2,36.0,78.0,311436.0,311478.0,78.0
250,B6T0000000581,311400.0,0.27,9,9,3,2,36.0,78.0,311514.0,311556.0,156.0
236,B6T0000000581,311400.0,0.27,9,9,4,2,36.0,78.0,311592.0,311634.0,234.0
241,B6T0000000581,311400.0,0.27,9,9,4,2,36.0,78.0,311670.0,311712.0,312.0
255,B6T0000000581,311400.0,0.27,8,10,3,2,38.0,82.0,311750.0,311794.0,394.0
229,B6T0000000581,311400.0,0.27,8,10,3,2,38.0,82.0,311832.0,311876.0,476.0
242,B6T0000000581,311400.0,0.27,8,10,4,2,38.0,82.0,311914.0,311958.0,558.0
3642,B6T0000001391,312660.0,0.011,54,3,3,2,113.0,232.0,312773.0,312892.0,232.0
3643,B6T0000001391,312660.0,0.011,54,3,3,2,113.0,232.0,313005.0,313124.0,464.0
2137,B6T0000001633,313320.0,0.0388,12,4,3,2,31.000000000000004,68.0,313351.0,313388.0,68.0
2134,B6T0000001633,313320.0,0.0388,12,4,3,2,31.000000000000004,68.0,313419.0,313456.0,136.0
2138,B6T0000001633,313320.0,0.0388,12,4,4,2,31.000000000000004,68.0,313487.0,313524.0,204.0
2135,B6T0000001633,313320.0,0.0388,12,4,4,2,31.000000000000004,68.0,313555.0,313592.0,272.0
3123,B6T0000001982,315300.0,0.0172,32,5,3,2,73.0,152.0,315373.0,315452.0,152.0
2651,B6T0000001682,345480.0,0.0243,20,7,3,2,53.0,112.0,345533.0,345592.0,112.0
2650,B6T0000001682,345480.0,0.0243,20,7,3,2,53.0,112.0,345645.0,345704.0,224.0
129,B6T0000000154,345600.0,0.3556,3,43,3,2,160.50000000000009,327.00000000000017,345864.5,346031.0,431.0
128,B6T0000000154,345600.0,0.3556,3,43,3,2,160.50000000000009,327.00000000000017,346191.5,346358.0,758.0
127,B6T0000000154,345600.0,0.3556,3,43,4,2,160.50000000000009,327.00000000000017,346518.5,346685.0,1085.0
142,B6T0000000154,345600.0,0.3556,3,43,4,2,160.50000000000009,327.00000000000017,346845.5,347012.0,1412.0
752,B6T0000000843,345900.0,0.1548,4,16,3,2,53.99999999999999,113.99999999999999,347066.0,347126.0,1226.0
981,B6T0000001844,345960.0,0.1128,6,1,3,2,13.000000000000002,32.0,347139.0,347158.0,1198.0
980,B6T0000001844,345960.0,0.1128,6,1,3,2,13.000000000000002,32.0,347171.0,347190.0,1230.0
979,B6T0000001844,345960.0,0.1128,6,1,4,2,13.000000000000002,32.0,347203.0,347222.0,1262.0
978,B6T0000001844,345960.0,0.1128,6,1,4,2,13.000000000000002,32.0,347235.0,347254.0,1294.0
1995,B6T0000000186,345840.0,0.0427,5,49,3,2,194.50000000000009,395.00000000000017,347448.5,347649.0,1809.0
271,B6T0000000305,347340.0,0.2304,2,44,3,2,163.50000000000009,333.00000000000017,347812.5,347982.0,642.0
270,B6T0000000305,347340.0,0.2304,2,44,4,2,163.50000000000009,333.00000000000017,348145.5,348315.0,975.0
269,B6T0000000305,347340.0,0.2304,2,44,4,2,163.50000000000009,333.00000000000017,348478.5,348648.0,1308.0
1996,B6T0000000186,345840.0,0.0427,5,49,3,2,194.50000000000009,395.00000000000017,348842.5,349043.0,3203.0
3738,B6T0000000137,347640.0,0.0285,14,46,3,2,197.50000000000009,401.00000000000017,349240.5,349444.0,1804.0
2635,B6T0000001335,346200.0,0.0248,20,6,4,2,51.0,108.0,349495.0,349552.0,3352.0
2632,B6T0000001335,346200.0,0.0248,20,6,4,2,51.0,108.0,349603.0,349660.0,3460.0
2649,B6T0000001682,345480.0,0.0243,20,7,4,2,53.0,112.0,349713.0,349772.0,4292.0
2648,B6T0000001682,345480.0,0.0243,20,7,4,2,53.0,112.0,349825.0,349884.0,4404.0
2739,B6T0000001280,345480.0,0.0231,33,11,4,2,92.0,190.0,349976.0,350074.0,4594.0
2738,B6T0000001280,345480.0,0.0231,33,11,4,2,92.0,190.0,350166.0,350264.0,4784.0
2817,B6T0000000976,347880.0,0.022,5,39,4,2,148.00000000000006,302.0000000000001,350412.0,350566.0,2686.0
2819,B6T0000000976,347880.0,0.022,5,39,4,2,148.00000000000006,302.0000000000001,350714.0,350868.0,2988.0
2834,B6T0000001965,350460.0,0.0217,26,3,3,2,57.0,120.0,350925.0,350988.0,528.0
2835,B6T0000001965,350460.0,0.0217,26,3,3,2,57.0,120.0,351045.0,351108.0,648.0
3057,B6T0000000985,350820.0,0.0183,27,22,3,2,124.00000000000001,254.00000000000003,351232.0,351362.0,542.0
3104,B6T0000000740,347460.0,0.0174,12,38,3,2,158.00000000000006,322.0000000000001,351520.0,351684.0,4224.0
3226,B6T0000001769,348060.0,0.0157,35,7,3,2,83.0,172.0,351767.0,351856.0,3796.0
3228,B6T0000001769,348060.0,0.0157,35,7,3,2,83.0,172.0,351939.0,352028.0,3968.0
3227,B6T0000001769,348060.0,0.0157,35,7,4,2,83.0,172.0,352111.0,352200.0,4140.0
3285,B6T0000001287,347520.0,0.0148,43,13,4,2,119.99999999999999,245.99999999999997,352320.0,352446.0,4926.0
3284,B6T0000001287,347520.0,0.0148,43,13,4,2,119.99999999999999,245.99999999999997,352566.0,352692.0,5172.0
3603,B6T0000001116,346200.0,0.0112,47,20,4,2,156.0,318.0,352848.0,353010.0,6810.0
3602,B6T0000001116,346200.0,0.0112,47,20,4,2,156.0,318.0,353166.0,353328.0,7128.0
3641,B6T0000001338,346980.0,0.011,51,8,4,2,117.0,240.0,353445.0,353568.0,6588.0
3640,B6T0000001338,346980.0,0.011,51,8,4,2,117.0,240.0,353685.0,353808.0,6828.0
2512,B6T0000001586,358920.0,0.0279,16,7,3,2,45.0,96.0,358965.0,359016.0,96.0
932,B6T0000000508,368640.0,0.1252,2,19,3,2,62.00000000000001,130.0,368702.0,368770.0,130.0
929,B6T0000000508,368640.0,0.1252,2,19,3,2,62.00000000000001,130.0,368832.0,368900.0,260.0
928,B6T0000000508,368640.0,0.1252,2,19,4,2,62.00000000000001,130.0,368962.0,369030.0,390.0
927,B6T0000000508,368640.0,0.1252,2,19,4,2,62.00000000000001,130.0,369092.0,369160.0,520.0
3667,B6T0000001940,369180.0,0.0109,52,8,3,2,119.0,244.0,369299.0,369424.0,244.0
3666,B6T0000001940,369180.0,0.0109,52,8,3,2,119.0,244.0,369543.0,369668.0,488.0
311,B6T0000001196,376320.0,0.2132,4,14,3,2,45.99999999999999,97.99999999999999,376366.0,376418.0,98.0
313,B6T0000001196,376320.0,0.2132,4,14,3,2,45.99999999999999,97.99999999999999,376464.0,376516.0,196.0
312,B6T0000001196,376320.0,0.2132,4,14,4,2,45.99999999999999,97.99999999999999,376562.0,376614.0,294.0
919,B6T0000000411,378000.0,0.1258,6,15,3,2,53.99999999999999,113.99999999999999,378054.0,378114.0,114.0
918,B6T0000000411,378000.0,0.1258,6,15,4,2,53.99999999999999,113.99999999999999,378168.0,378228.0,228.0
913,B6T0000000411,378000.0,0.1258,6,15,4,2,53.99999999999999,113.99999999999999,378282.0,378342.0,342.0
3247,B6T0000001491,378180.0,0.0153,37,5,4,2,83.0,172.0,378425.0,378514.0,334.0
3246,B6T0000001491,378180.0,0.0153,37,5,4,2,83.0,172.0,378597.0,378686.0,506.0
3720,B6T0000000563,381780.0,0.0105,45,26,4,2,176.0,358.0,381956.0,382138.0,358.0
3721,B6T0000000563,381780.0,0.0105,45,26,4,2,176.0,358.0,382314.0,382496.0,716.0
2117,B6T0000001146,385500.0,0.0392,23,12,3,2,76.0,158.0,385576.0,385658.0,158.0
2118,B6T0000001146,385500.0,0.0392,23,12,3,2,76.0,158.0,385734.0,385816.0,316.0
2119,B6T0000001146,385500.0,0.0392,23,12,4,2,76.0,158.0,385892.0,385974.0,474.0
2900,B6T0000000255,391680.0,0.0204,16,49,3,2,216.50000000000009,439.00000000000017,391896.5,392119.0,439.0
2441,B6T0000001304,398760.0,0.029,19,20,4,2,100.0,206.0,398860.0,398966.0,206.0
2442,B6T0000001304,398760.0,0.029,19,20,4,2,100.0,206.0,399066.0,399172.0,412.0
597,B6T0000000247,400140.0,0.1761,2,45,3,2,168.50000000000009,343.00000000000017,400308.5,400483.0,343.0
596,B6T0000000247,400140.0,0.1761,2,45,3,2,168.50000000000009,343.00000000000017,400651.5,400826.0,686.0
595,B6T0000000247,400140.0,0.1761,2,45,4,2,168.50000000000009,343.00000000000017,400994.5,401169.0,1029.0
1,B6T0000001209,401940.0,1.3573,1,10,3,2,24.0,54.0,401964.0,401994.0,54.0
3,B6T0000001209,401940.0,1.3573,1,10,3,2,24.0,54.0,402018.0,402048.0,108.0
8,B6T0000001209,401940.0,1.3573,1,10,4,2,24.0,54.0,402072.0,402102.0,162.0
7,B6T0000001209,401940.0,1.3573,1,10,4,2,24.0,54.0,402126.0,402156.0,216.0
3681,B6T0000000285,402360.0,0.0107,37,50,4,2,263.5000000000001,533.0000000000002,402623.5,402893.0,533.0
3680,B6T0000000285,402360.0,0.0107,37,50,4,2,263.5000000000001,533.0000000000002,403156.5,403426.0,1066.0
1798,B6T0000001271,431580.0,0.0533,22,9,3,2,62.0,130.0,431642.0,431710.0,130.0
1797,B6T0000001271,431580.0,0.0533,22,9,3,2,62.0,130.0,431772.0,431840.0,260.0
966,B6T0000000445,431760.0,0.1202,9,13,3,2,52.0,110.0,431892.0,431950.0,190.0
965,B6T0000000445,431760.0,0.1202,9,13,3,2,52.0,110.0,432002.0,432060.0,300.0
1803,B6T0000001271,431580.0,0.0533,22,9,4,2,62.0,130.0,432122.0,432190.0,610.0
1804,B6T0000001271,431580.0,0.0533,22,9,4,2,62.0,130.0,432252.0,432320.0,740.0
3486,B6T0000001445,432240.0,0.0122,48,2,4,2,99.00000000000001,204.00000000000003,432419.0,432524.0,284.0
3487,B6T0000001445,432240.0,0.0122,48,2,4,2,99.00000000000001,204.00000000000003,432623.0,432728.0,488.0
392,B6T0000000471,432780.0,0.1917,1,17,4,2,52.0,110.0,432832.0,432890.0,110.0
627,B6T0000000469,433740.0,0.1623,11,9,3,2,40.0,86.0,433780.0,433826.0,86.0
628,B6T0000000469,433740.0,0.1623,11,9,3,2,40.0,86.0,433866.0,433912.0,172.0
623,B6T0000000469,433740.0,0.1623,11,9,4,2,40.0,86.0,433952.0,433998.0,258.0
624,B6T0000000469,433740.0,0.1623,11,9,4,2,40.0,86.0,434038.0,434084.0,344.0
22,B6T0000001209,434040.0,1.3573,3,9,3,2,23.999999999999996,53.99999999999999,434108.0,434138.0,98.0
1454,B6T0000000191,433980.0,0.0689,3,48,3,2,185.50000000000009,377.00000000000017,434323.5,434515.0,535.0
1455,B6T0000000191,433980.0,0.0689,3,48,3,2,185.50000000000009,377.00000000000017,434700.5,434892.0,912.0
1451,B6T0000000191,433980.0,0.0689,3,48,4,2,185.50000000000009,377.00000000000017,435077.5,435269.0,1289.0
92,B6T0000000261,435000.0,0.4826,2,43,3,2,158.50000000000009,323.00000000000017,435427.5,435592.0,592.0
84,B6T0000000261,435000.0,0.4826,2,43,3,2,158.50000000000009,323.00000000000017,435750.5,435915.0,915.0
93,B6T0000000261,435000.0,0.4826,2,43,4,2,158.50000000000009,323.00000000000017,436073.5,436238.0,1238.0
85,B6T0000000261,435000.0,0.4826,2,43,4,2,158.50000000000009,323.00000000000017,436396.5,436561.0,1561.0
1443,B6T0000000191,433980.0,0.0689,3,48,4,2,185.50000000000009,377.00000000000017,436746.5,436938.0,2958.0
2425,B6T0000000890,434700.0,0.0301,30,9,3,2,78.0,162.0,437016.0,437100.0,2400.0
2426,B6T0000000890,434700.0,0.0301,30,9,3,2,78.0,162.0,437178.0,437262.0,2562.0
2428,B6T0000000890,434700.0,0.0301,30,9,4,2,78.0,162.0,437340.0,437424.0,2724.0
1175,B6T0000001838,437280.0,0.0928,3,8,3,2,21.0,48.0,437445.0,437472.0,192.0
1169,B6T0000001838,437280.0,0.0928,3,8,3,2,21.0,48.0,437493.0,437520.0,240.0
1173,B6T0000001838,437280.0,0.0928,3,8,4,2,21.0,48.0,437541.0,437568.0,288.0
1172,B6T0000001838,437280.0,0.0928,3,8,4,2,21.0,48.0,437589.0,437616.0,336.0
2429,B6T0000000890,434700.0,0.0301,30,9,4,2,78.0,162.0,437694.0,437778.0,3078.0
3341,B6T0000000110,433860.0,0.0138,28,48,4,2,235.50000000000009,477.00000000000017,438013.5,438255.0,4395.0
3340,B6T0000000110,433860.0,0.0138,28,48,4,2,235.50000000000009,477.00000000000017,438490.5,438732.0,4872.0
3426,B6T0000000542,434640.0,0.0128,43,18,4,2,140.0,286.0,438872.0,439018.0,4378.0
3427,B6T0000000542,434640.0,0.0128,43,18,4,2,140.0,286.0,439158.0,439304.0,4664.0
1261,B6T0000000615,443580.0,0.0857,5,20,3,2,72.0,150.0,443652.0,443730.0,150.0
1114,B6T0000001301,443640.0,0.1026,15,9,3,2,48.0,102.0,443778.0,443832.0,192.0
1115,B6T0000001301,443640.0,0.1026,15,9,3,2,48.0,102.0,443880.0,443934.0,294.0
1113,B6T0000001301,443640.0,0.1026,15,9,4,2,48.0,102.0,443982.0,444036.0,396.0
1112,B6T0000001301,443640.0,0.1026,15,9,4,2,48.0,102.0,444084.0,444138.0,498.0
1262,B6T0000000615,443580.0,0.0857,5,20,3,2,72.0,150.0,444210.0,444288.0,708.0
1263,B6T0000000615,443580.0,0.0857,5,20,4,2,72.0,150.0,444360.0,444438.0,858.0
1264,B6T0000000615,443580.0,0.0857,5,20,4,2,72.0,150.0,444510.0,444588.0,1008.0
1546,B6T0000000198,444780.0,0.0637,8,45,3,2,180.50000000000009,367.00000000000017,444960.5,445147.0,367.0
1545,B6T0000000198,444780.0,0.0637,8,45,3,2,180.50000000000009,367.00000000000017,445327.5,445514.0,734.0
1544,B6T0000000198,444780.0,0.0637,8,45,4,2,180.50000000000009,367.00000000000017,445694.5,445881.0,1101.0
1547,B6T0000000198,444780.0,0.0637,8,45,4,2,180.50000000000009,367.00000000000017,446061.5,446248.0,1468.0
1121,B6T0000001955,447180.0,0.0986,5,4,4,2,17.0,40.0,447197.0,447220.0,40.0
1125,B6T0000001955,447180.0,0.0986,5,4,4,2,17.0,40.0,447237.0,447260.0,80.0
1589,B6T0000001157,447600.0,0.0609,2,26,3,2,90.00000000000001,186.00000000000003,447690.0,447786.0,186.0
1596,B6T0000001157,447600.0,0.0609,2,26,3,2,90.00000000000001,186.00000000000003,447876.0,447972.0,372.0
1595,B6T0000001157,447600.0,0.0609,2,26,4,2,90.00000000000001,186.00000000000003,448062.0,448158.0,558.0
1594,B6T0000001157,447600.0,0.0609,2,26,4,2,90.00000000000001,186.00000000000003,448248.0,448344.0,744.0
1323,B6T0000001360,454380.0,0.0787,7,2,4,2,17.0,40.0,454397.0,454420.0,40.0
1324,B6T0000001360,454380.0,0.0787,7,2,4,2,17.0,40.0,454437.0,454460.0,80.0
3567,B6T0000001252,454680.0,0.0115,44,22,4,2,158.0,322.0,454838.0,455002.0,322.0
3566,B6T0000001252,454680.0,0.0115,44,22,4,2,158.0,322.0,455160.0,455324.0,644.0
2846,B6T0000001506,455040.0,0.0213,26,4,3,2,59.0,124.0,455383.0,455448.0,408.0
2847,B6T0000001506,455040.0,0.0213,26,4,3,2,59.0,124.0,455507.0,455572.0,532.0
2845,B6T0000001506,455040.0,0.0213,26,4,4,2,59.0,124.0,455631.0,455696.0,656.0
2844,B6T0000001506,455040.0,0.0213,26,4,4,2,59.0,124.0,455755.0,455820.0,780.0
1622,B6T0000001671,456180.0,0.0597,6,6,3,2,23.0,52.0,456203.0,456232.0,52.0
1631,B6T0000001671,456180.0,0.0597,6,6,3,2,23.0,52.0,456255.0,456284.0,104.0
1624,B6T0000001671,456180.0,0.0597,6,6,4,2,23.0,52.0,456307.0,456336.0,156.0
2718,B6T0000000756,459900.0,0.0232,11,32,4,2,132.00000000000003,270.00000000000006,460032.0,460170.0,270.0
2716,B6T0000000756,459900.0,0.0232,11,32,4,2,132.00000000000003,270.00000000000006,460302.0,460440.0,540.0
1207,B6T0000001639,462840.0,0.0917,6,3,3,2,17.0,40.0,462857.0,462880.0,40.0
1206,B6T0000001639,462840.0,0.0917,6,3,3,2,17.0,40.0,462897.0,462920.0,80.0
1194,B6T0000001639,462840.0,0.0917,6,3,4,2,17.0,40.0,462937.0,462960.0,120.0
1196,B6T0000001639,462840.0,0.0917,6,3,4,2,17.0,40.0,462977.0,463000.0,160.0
3174,B6T0000001957,463080.0,0.0163,33,8,3,2,81.0,168.0,463161.0,463248.0,168.0
3173,B6T0000001957,463080.0,0.0163,33,8,3,2,81.0,168.0,463329.0,463416.0,336.0
3172,B6T0000001957,463080.0,0.0163,33,8,4,2,81.0,168.0,463497.0,463584.0,504.0
3626,B6T0000001289,463800.0,0.0111,46,22,4,2,162.0,330.0,463962.0,464130.0,330.0
3627,B6T0000001289,463800.0,0.0111,46,22,4,2,162.0,330.0,464292.0,464460.0,660.0
540,B6T0000001197,466620.0,0.1865,4,15,3,2,49.99999999999999,105.99999999999999,466670.0,466726.0,106.0
541,B6T0000001197,466620.0,0.1865,4,15,3,2,49.99999999999999,105.99999999999999,466776.0,466832.0,212.0
542,B6T0000001197,466620.0,0.1865,4,15,4,2,49.99999999999999,105.99999999999999,466882.0,466938.0,318.0
539,B6T0000001197,466620.0,0.1865,4,15,4,2,49.99999999999999,105.99999999999999,466988.0,467044.0,424.0
3480,B6T0000000867,467640.0,0.0122,50,13,4,2,134.0,274.0,467774.0,467914.0,274.0
3481,B6T0000000867,467640.0,0.0122,50,13,4,2,134.0,274.0,468048.0,468188.0,548.0
1433,B6T0000000745,470460.0,0.0703,12,15,3,2,66.0,138.0,470526.0,470598.0,138.0
3585,B6T0000000883,472740.0,0.0113,58,9,3,2,134.0,274.0,472874.0,473014.0,274.0
3584,B6T0000000883,472740.0,0.0113,58,9,3,2,134.0,274.0,473148.0,473288.0,548.0
3625,B6T0000001135,473640.0,0.0111,47,21,3,2,160.0,326.0,473800.0,473966.0,326.0
3624,B6T0000001135,473640.0,0.0111,47,21,3,2,160.0,326.0,474126.0,474292.0,652.0
1902,B6T0000001740,479760.0,0.0448,10,4,3,2,27.0,60.0,479787.0,479820.0,60.0
1901,B6T0000001740,479760.0,0.0448,10,4,3,2,27.0,60.0,479847.0,479880.0,120.0
1903,B6T0000001740,479760.0,0.0448,10,4,4,2,27.0,60.0,479907.0,479940.0,180.0
1907,B6T0000001740,479760.0,0.0448,10,4,4,2,27.0,60.0,479967.0,480000.0,240.0
1764,B6T0000001236,482340.0,0.0547,7,23,3,2,88.00000000000001,182.00000000000003,482428.0,482522.0,182.0
1766,B6T0000001236,482340.0,0.0547,7,23,3,2,88.00000000000001,182.00000000000003,482610.0,482704.0,364.0
3231,B6T0000000963,482700.0,0.0156,38,16,3,2,122.0,250.0,482826.0,482954.0,254.0
961,B6T0000000445,485700.0,0.1202,9,13,4,2,52.0,110.0,485752.0,485810.0,110.0
959,B6T0000000445,485700.0,0.1202,9,13,4,2,52.0,110.0,485862.0,485920.0,220.0
1699,B6T0000001342,485760.0,0.056,8,4,3,2,23.0,52.0,485943.0,485972.0,212.0
1700,B6T0000001342,485760.0,0.056,8,4,3,2,23.0,52.0,485995.0,486024.0,264.0
1702,B6T0000001342,485760.0,0.056,8,4,4,2,23.0,52.0,486047.0,486076.0,316.0
1703,B6T0000001342,485760.0,0.056,8,4,4,2,23.0,52.0,486099.0,486128.0,368.0
2082,B6T0000001673,487620.0,0.0406,10,6,3,2,31.0,68.0,487651.0,487688.0,68.0
2078,B6T0000001673,487620.0,0.0406,10,6,3,2,31.0,68.0,487719.0,487756.0,136.0
2081,B6T0000001673,487620.0,0.0406,10,6,4,2,31.0,68.0,487787.0,487824.0,204.0
2083,B6T0000001673,487620.0,0.0406,10,6,4,2,31.0,68.0,487855.0,487892.0,272.0
1863,B6T0000000725,518280.0,0.0481,19,13,3,2,72.0,150.0,518352.0,518430.0,150.0
1861,B6T0000000725,518280.0,0.0481,19,13,3,2,72.0,150.0,518502.0,518580.0,300.0
1860,B6T0000000725,518280.0,0.0481,19,13,4,2,72.0,150.0,518652.0,518730.0,450.0
1865,B6T0000000725,518280.0,0.0481,19,13,4,2,72.0,150.0,518802.0,518880.0,600.0
2147,B6T0000001327,518400.0,0.038,10,8,4,2,35.0,76.0,518915.0,518956.0,556.0
2144,B6T0000001327,518400.0,0.038,10,8,4,2,35.0,76.0,518991.0,519032.0,632.0
2625,B6T0000000212,518700.0,0.0249,11,50,3,2,211.50000000000009,429.00000000000017,519243.5,519461.0,761.0
2350,B6T0000000217,519420.0,0.0325,7,50,3,2,203.50000000000009,413.00000000000017,519664.5,519874.0,454.0
2354,B6T0000000217,519420.0,0.0325,7,50,3,2,203.50000000000009,413.00000000000017,520077.5,520287.0,867.0
2627,B6T0000000212,518700.0,0.0249,11,50,3,2,211.50000000000009,429.00000000000017,520498.5,520716.0,2016.0
781,B6T0000001996,520380.0,0.1414,2,7,3,2,17.0,40.0,520733.0,520756.0,376.0
782,B6T0000001996,520380.0,0.1414,2,7,3,2,17.0,40.0,520773.0,520796.0,416.0
783,B6T0000001996,520380.0,0.1414,2,7,4,2,17.0,40.0,520813.0,520836.0,456.0
785,B6T0000001996,520380.0,0.1414,2,7,4,2,17.0,40.0,520853.0,520876.0,496.0
850,B6T0000001220,520740.0,0.1275,11,10,3,2,44.0,94.0,520920.0,520970.0,230.0
847,B6T0000001220,520740.0,0.1275,11,10,3,2,44.0,94.0,521014.0,521064.0,324.0
848,B6T0000001220,520740.0,0.1275,11,10,4,2,44.0,94.0,521108.0,521158.0,418.0
846,B6T0000001220,520740.0,0.1275,11,10,4,2,44.0,94.0,521202.0,521252.0,512.0
3693,B6T0000001780,519600.0,0.0107,57,1,4,2,115.0,236.0,521367.0,521488.0,1888.0
601,B6T0000000247,521280.0,0.1761,2,45,4,2,168.50000000000009,343.00000000000017,521656.5,521831.0,551.0
3692,B6T0000001780,519600.0,0.0107,57,1,4,2,115.0,236.0,521946.0,522067.0,2467.0
3439,B6T0000001323,527820.0,0.0127,45,4,4,2,97.0,200.0,527917.0,528020.0,200.0
3438,B6T0000001323,527820.0,0.0127,45,4,4,2,97.0,200.0,528117.0,528220.0,400.0
3134,B6T0000000635,529080.0,0.017,24,27,4,2,138.00000000000003,282.00000000000006,529218.0,529362.0,282.0
3135,B6T0000000635,529080.0,0.017,24,27,4,2,138.00000000000003,282.00000000000006,529500.0,529644.0,564.0
1926,B6T0000001140,531960.0,0.0442,23,10,3,2,68.0,142.0,532028.0,532102.0,142.0
1925,B6T0000001140,531960.0,0.0442,23,10,3,2,68.0,142.0,532170.0,532244.0,284.0
1929,B6T0000001140,531960.0,0.0442,23,10,4,2,68.0,142.0,532312.0,532386.0,426.0
1931,B6T0000001140,531960.0,0.0442,23,10,4,2,68.0,142.0,532454.0,532528.0,568.0
3541,B6T0000000539,538080.0,0.0116,30,35,3,2,182.00000000000006,370.0000000000001,538262.0,538450.0,370.0
3540,B6T0000000539,538080.0,0.0116,30,35,3,2,182.00000000000006,370.0000000000001,538632.0,538820.0,740.0
2098,B6T0000000116,547860.0,0.0402,11,45,3,2,186.50000000000009,379.00000000000017,548046.5,548239.0,379.0
2097,B6T0000000116,547860.0,0.0402,11,45,3,2,186.50000000000009,379.00000000000017,548425.5,548618.0,758.0
2092,B6T0000000116,547860.0,0.0402,11,45,4,2,186.50000000000009,379.00000000000017,548804.5,548997.0,1137.0
2093,B6T0000000116,547860.0,0.0402,11,45,4,2,186.50000000000009,379.00000000000017,549183.5,549376.0,1516.0
2406,B6T0000000509,548760.0,0.0304,6,32,4,2,122.00000000000003,250.00000000000006,549498.0,549626.0,866.0
2405,B6T0000000509,548760.0,0.0304,6,32,4,2,122.00000000000003,250.00000000000006,549748.0,549876.0,1116.0
3009,B6T0000001605,553140.0,0.019,27,7,4,2,67.0,140.0,553207.0,553280.0,140.0
3007,B6T0000001605,553140.0,0.019,27,7,4,2,67.0,140.0,553347.0,553420.0,280.0
3402,B6T0000001518,556620.0,0.0131,44,3,3,2,93.0,192.0,556713.0,556812.0,192.0
3403,B6T0000001518,556620.0,0.0131,44,3,3,2,93.0,192.0,556905.0,557004.0,384.0
219,B6T0000000581,558360.0,0.27,8,10,4,2,38.0,82.0,558398.0,558442.0,82.0
1082,B6T0000000178,558480.0,0.1033,2,47,3,2,178.50000000000009,363.00000000000017,558658.5,558843.0,363.0
1081,B6T0000000178,558480.0,0.1033,2,47,3,2,178.50000000000009,363.00000000000017,559021.5,559206.0,726.0
1074,B6T0000000178,558480.0,0.1033,2,47,4,2,178.50000000000009,363.00000000000017,559384.5,559569.0,1089.0
1079,B6T0000000178,558480.0,0.1033,2,47,4,2,178.50000000000009,363.00000000000017,559747.5,559932.0,1452.0
3434,B6T0000001010,558900.0,0.0127,29,32,4,2,168.00000000000003,342.00000000000006,560100.0,560274.0,1374.0
3435,B6T0000001010,558900.0,0.0127,29,32,4,2,168.00000000000003,342.00000000000006,560442.0,560616.0,1716.0
2044,B6T0000000270,561660.0,0.0412,8,47,3,2,190.50000000000009,387.00000000000017,561850.5,562047.0,387.0
2048,B6T0000000270,561660.0,0.0412,8,47,3,2,190.50000000000009,387.00000000000017,562237.5,562434.0,774.0
2046,B6T0000000270,561660.0,0.0412,8,47,4,2,190.50000000000009,387.00000000000017,562624.5,562821.0,1161.0
2299,B6T0000000431,562260.0,0.0342,5,31,3,2,116.00000000000003,238.00000000000006,562937.0,563059.0,799.0
2298,B6T0000000431,562260.0,0.0342,5,31,3,2,116.00000000000003,238.00000000000006,563175.0,563297.0,1037.0
2297,B6T0000000431,562260.0,0.0342,5,31,4,2,116.00000000000003,238.00000000000006,563413.0,563535.0,1275.0
2296,B6T0000000431,562260.0,0.0342,5,31,4,2,116.00000000000003,238.00000000000006,563651.0,563773.0,1513.0
2421,B6T0000000777,570360.0,0.0301,2,36,3,2,130.00000000000006,266.0000000000001,570490.0,570626.0,266.0
2695,B6T0000001059,573060.0,0.0236,27,16,3,2,100.0,206.0,573160.0,573266.0,206.0
2693,B6T0000001059,573060.0,0.0236,27,16,3,2,100.0,206.0,573366.0,573472.0,412.0
2692,B6T0000001059,573060.0,0.0236,27,16,4,2,100.0,206.0,573572.0,573678.0,618.0
2694,B6T0000001059,573060.0,0.0236,27,16,4,2,100.0,206.0,573778.0,573884.0,824.0
3706,B6T0000001047,240.0,0.0106,29,41,5,3,204.00000000000006,414.0000000000001,444.00000000000006,654.0000000000001,414.0000000000001
3707,B6T0000001047,240.0,0.0106,29,41,5,3,204.00000000000006,414.0000000000001,858.0000000000002,1068.0000000000002,828.0000000000002
2227,B6T0000001241,9000.0,0.0361,23,13,5,3,80.0,166.0,9080.0,9166.0,166.0
2226,B6T0000001241,9000.0,0.0361,23,13,5,3,80.0,166.0,9246.0,9332.0,332.0
2225,B6T0000001241,9000.0,0.0361,23,13,6,3,80.0,166.0,9412.0,9498.0,498.0
2224,B6T0000001241,9000.0,0.0361,23,13,6,3,80.0,166.0,9578.0,9664.0,664.0
2849,B6T0000000939,17340.0,0.0212,35,11,5,3,96.0,198.0,17436.0,17538.0,198.0
2848,B6T0000000939,17340.0,0.0212,35,11,5,3,96.0,198.0,17634.0,17736.0,396.0
2375,B6T0000001791,18240.0,0.0315,14,6,5,3,39.0,84.0,18279.0,18324.0,84.0
2374,B6T0000001791,18240.0,0.0315,14,6,5,3,39.0,84.0,18363.0,18408.0,168.0
718,B6T0000000313,19320.0,0.1602,3,45,5,3,170.50000000000009,347.00000000000017,19490.5,19667.0,347.0
719,B6T0000000313,19320.0,0.1602,3,45,5,3,170.50000000000009,347.00000000000017,19837.5,20014.0,694.0
720,B6T0000000313,19320.0,0.1602,3,45,6,3,170.50000000000009,347.00000000000017,20184.5,20361.0,1041.0
721,B6T0000000313,19320.0,0.1602,3,45,6,3,170.50000000000009,347.00000000000017,20531.5,20708.0,1388.0
1973,B6T0000001165,20040.0,0.0428,15,18,5,3,84.0,174.0,20792.0,20882.0,842.0
1979,B6T0000001165,20040.0,0.0428,15,18,5,3,84.0,174.0,20966.0,21056.0,1016.0
1980,B6T0000001165,20040.0,0.0428,15,18,6,3,84.0,174.0,21140.0,21230.0,1190.0
1978,B6T0000001165,20040.0,0.0428,15,18,6,3,84.0,174.0,21314.0,21404.0,1364.0
730,B6T0000000140,25440.0,0.1595,2,46,5,3,173.50000000000009,353.00000000000017,25613.5,25793.0,353.0
732,B6T0000000140,25440.0,0.1595,2,46,5,3,173.50000000000009,353.00000000000017,25966.5,26146.0,706.0
729,B6T0000000140,25440.0,0.1595,2,46,6,3,173.50000000000009,353.00000000000017,26319.5,26499.0,1059.0
2056,B6T0000001476,26040.0,0.0409,11,4,5,3,29.0,64.0,26528.0,26563.0,523.0
2051,B6T0000001476,26040.0,0.0409,11,4,5,3,29.0,64.0,26592.0,26627.0,587.0
2050,B6T0000001476,26040.0,0.0409,11,4,6,3,29.0,64.0,26656.0,26691.0,651.0
2789,B6T0000001578,25860.0,0.0225,26,1,5,3,53.0,112.0,26744.0,26803.0,943.0
2790,B6T0000001578,25860.0,0.0225,26,1,5,3,53.0,112.0,26856.0,26915.0,1055.0
1561,B6T0000001735,30180.0,0.0635,5,7,5,3,23.0,52.0,30203.0,30232.0,52.0
1559,B6T0000001735,30180.0,0.0635,5,7,5,3,23.0,52.0,30255.0,30284.0,104.0
1558,B6T0000001735,30180.0,0.0635,5,7,6,3,23.0,52.0,30307.0,30336.0,156.0
1557,B6T0000001735,30180.0,0.0635,5,7,6,3,23.0,52.0,30359.0,30388.0,208.0
1726,B6T0000001672,34800.0,0.056,7,6,6,3,25.0,56.0,34825.0,34856.0,56.0
1725,B6T0000001672,34800.0,0.056,7,6,6,3,25.0,56.0,34881.0,34912.0,112.0
2965,B6T0000000501,35940.0,0.0196,11,36,6,3,148.00000000000006,302.0000000000001,36088.0,36242.0,302.0
2967,B6T0000000501,35940.0,0.0196,11,36,6,3,148.00000000000006,302.0000000000001,36390.0,36544.0,604.0
2366,B6T0000001801,37560.0,0.0316,13,7,6,3,39.0,84.0,37599.0,37644.0,84.0
2362,B6T0000001801,37560.0,0.0316,13,7,6,3,39.0,84.0,37683.0,37728.0,168.0
3491,B6T0000000175,37740.0,0.0121,40,43,6,3,234.50000000000009,475.00000000000017,37974.5,38215.0,475.0
3490,B6T0000000175,37740.0,0.0121,40,43,6,3,234.50000000000009,475.00000000000017,38449.5,38690.0,950.0
2502,B6T0000000481,41700.0,0.0279,23,17,5,3,96.0,198.0,41796.0,41898.0,198.0
2503,B6T0000000481,41700.0,0.0279,23,17,5,3,96.0,198.0,41994.0,42096.0,396.0
2504,B6T0000000481,41700.0,0.0279,23,17,6,3,96.0,198.0,42192.0,42294.0,594.0
1969,B6T0000000437,42360.0,0.0436,20,13,5,3,74.0,154.0,42434.0,42514.0,154.0
1967,B6T0000000437,42360.0,0.0436,20,13,5,3,74.0,154.0,42588.0,42668.0,308.0
3368,B6T0000001563,43920.0,0.0135,42,4,6,3,91.0,188.0,44011.0,44108.0,188.0
3369,B6T0000001563,43920.0,0.0135,42,4,6,3,91.0,188.0,44199.0,44296.0,376.0
2908,B6T0000001656,44160.0,0.0203,28,2,5,3,59.0,124.0,44355.0,44420.0,260.0
3317,B6T0000000375,53760.0,0.0143,43,14,5,3,123.99999999999997,253.99999999999994,53884.0,54014.0,254.0
670,B6T0000001698,53940.0,0.1619,1,8,5,3,17.0,40.0,54031.0,54054.0,114.0
669,B6T0000001698,53940.0,0.1619,1,8,5,3,17.0,40.0,54071.0,54094.0,154.0
668,B6T0000001698,53940.0,0.1619,1,8,6,3,17.0,40.0,54111.0,54134.0,194.0
667,B6T0000001698,53940.0,0.1619,1,8,6,3,17.0,40.0,54151.0,54174.0,234.0
3316,B6T0000000375,53760.0,0.0143,43,14,5,3,123.99999999999997,253.99999999999994,54298.0,54428.0,668.0
1569,B6T0000001553,54360.0,0.0624,8,2,5,3,19.0,44.0,54447.0,54472.0,112.0
1570,B6T0000001553,54360.0,0.0624,8,2,5,3,19.0,44.0,54491.0,54516.0,156.0
1571,B6T0000001553,54360.0,0.0624,8,2,6,3,19.0,44.0,54535.0,54560.0,200.0
1572,B6T0000001553,54360.0,0.0624,8,2,6,3,19.0,44.0,54579.0,54604.0,244.0
2283,B6T0000001811,54600.0,0.0345,15,2,5,3,33.0,72.0,54637.0,54676.0,76.0
2278,B6T0000001811,54600.0,0.0345,15,2,5,3,33.0,72.0,54709.0,54748.0,148.0
2280,B6T0000001811,54600.0,0.0345,15,2,6,3,33.0,72.0,54781.0,54820.0,220.0
2281,B6T0000001811,54600.0,0.0345,15,2,6,3,33.0,72.0,54853.0,54892.0,292.0
1532,B6T0000000088,55440.0,0.0638,4,48,5,3,187.50000000000009,381.00000000000017,55627.5,55821.0,381.0
368,B6T0000001440,55500.0,0.1918,2,5,5,3,13.0,32.0,55834.0,55853.0,353.0
364,B6T0000001440,55500.0,0.1918,2,5,5,3,13.0,32.0,55866.0,55885.0,385.0
363,B6T0000001440,55500.0,0.1918,2,5,6,3,13.0,32.0,55898.0,55917.0,417.0
369,B6T0000001440,55500.0,0.1918,2,5,6,3,13.0,32.0,55930.0,55949.0,449.0
1540,B6T0000000088,55440.0,0.0638,4,48,5,3,187.50000000000009,381.00000000000017,56136.5,56330.0,890.0
445,B6T0000000678,56040.0,0.1895,10,9,5,3,38.0,82.0,56368.0,56412.0,372.0
446,B6T0000000678,56040.0,0.1895,10,9,5,3,38.0,82.0,56450.0,56494.0,454.0
447,B6T0000000678,56040.0,0.1895,10,9,6,3,38.0,82.0,56532.0,56576.0,536.0
448,B6T0000000678,56040.0,0.1895,10,9,6,3,38.0,82.0,56614.0,56658.0,618.0
1948,B6T0000000292,85980.0,0.0437,11,44,5,3,181.50000000000009,369.00000000000017,86161.5,86349.0,369.0
1943,B6T0000000292,85980.0,0.0437,11,44,5,3,181.50000000000009,369.00000000000017,86530.5,86718.0,738.0
1944,B6T0000000292,85980.0,0.0437,11,44,6,3,181.50000000000009,369.00000000000017,86899.5,87087.0,1107.0
546,B6T0000001197,86940.0,0.1865,5,14,5,3,47.99999999999999,101.99999999999999,87135.0,87189.0,249.0
547,B6T0000001197,86940.0,0.1865,5,14,5,3,47.99999999999999,101.99999999999999,87237.0,87291.0,351.0
548,B6T0000001197,86940.0,0.1865,5,14,6,3,47.99999999999999,101.99999999999999,87339.0,87393.0,453.0
549,B6T0000001197,86940.0,0.1865,5,14,6,3,47.99999999999999,101.99999999999999,87441.0,87495.0,555.0
1669,B6T0000001355,87000.0,0.0579,9,1,6,3,19.0,44.0,87514.0,87539.0,539.0
1667,B6T0000001355,87000.0,0.0579,9,1,6,3,19.0,44.0,87558.0,87583.0,583.0
1835,B6T0000000536,86760.0,0.0502,8,23,5,3,90.00000000000001,186.00000000000003,87673.0,87769.0,1009.0
117,B6T0000000154,87720.0,0.3556,1,44,5,3,161.50000000000009,329.00000000000017,87930.5,88098.0,378.0
110,B6T0000000154,87720.0,0.3556,1,44,5,3,161.50000000000009,329.00000000000017,88259.5,88427.0,707.0
113,B6T0000000154,87720.0,0.3556,1,44,6,3,161.50000000000009,329.00000000000017,88588.5,88756.0,1036.0
111,B6T0000000154,87720.0,0.3556,1,44,6,3,161.50000000000009,329.00000000000017,88917.5,89085.0,1365.0
800,B6T0000000540,88380.0,0.1348,2,18,6,3,58.0,122.0,89143.0,89207.0,827.0
801,B6T0000000540,88380.0,0.1348,2,18,6,3,58.0,122.0,89265.0,89329.0,949.0
1838,B6T0000000536,86760.0,0.0502,8,23,5,3,90.00000000000001,186.00000000000003,89419.0,89515.0,2755.0
1841,B6T0000000536,86760.0,0.0502,8,23,6,3,90.00000000000001,186.00000000000003,89605.0,89701.0,2941.0
1834,B6T0000000536,86760.0,0.0502,8,23,6,3,90.00000000000001,186.00000000000003,89791.0,89887.0,3127.0
1941,B6T0000000292,85980.0,0.0437,11,44,6,3,181.50000000000009,369.00000000000017,90068.5,90256.0,4276.0
2157,B6T0000001774,87600.0,0.0375,13,3,5,3,31.0,68.0,90287.0,90324.0,2724.0
2744,B6T0000001086,86580.0,0.0229,24,20,6,3,110.00000000000001,226.00000000000003,90434.0,90550.0,3970.0
2747,B6T0000001086,86580.0,0.0229,24,20,6,3,110.00000000000001,226.00000000000003,90660.0,90776.0,4196.0
2912,B6T0000001900,87060.0,0.0203,27,4,5,3,61.0,128.0,90837.0,90904.0,3844.0
3047,B6T0000000848,86820.0,0.0185,6,42,5,3,162.00000000000006,330.0000000000001,91066.0,91234.0,4414.0
3102,B6T0000000457,87120.0,0.0175,18,32,6,3,146.00000000000003,298.00000000000006,91380.0,91532.0,4412.0
3100,B6T0000000457,87120.0,0.0175,18,32,6,3,146.00000000000003,298.00000000000006,91678.0,91830.0,4710.0
3213,B6T0000001226,87840.0,0.0158,15,38,5,3,164.00000000000006,334.0000000000001,91994.0,92164.0,4324.0
3212,B6T0000001226,87840.0,0.0158,15,38,5,3,164.00000000000006,334.0000000000001,92328.0,92498.0,4658.0
3211,B6T0000001226,87840.0,0.0158,15,38,6,3,164.00000000000006,334.0000000000001,92662.0,92832.0,4992.0
1404,B6T0000000408,97140.0,0.0738,3,23,5,3,80.00000000000001,166.00000000000003,97220.0,97306.0,166.0
1405,B6T0000000408,97140.0,0.0738,3,23,5,3,80.00000000000001,166.00000000000003,97386.0,97472.0,332.0
1406,B6T0000000408,97140.0,0.0738,3,23,6,3,80.00000000000001,166.00000000000003,97552.0,97638.0,498.0
1310,B6T0000000836,97500.0,0.0806,14,12,5,3,58.0,122.0,97696.0,97760.0,260.0
1320,B6T0000000836,97500.0,0.0806,14,12,5,3,58.0,122.0,97818.0,97882.0,382.0
1322,B6T0000000836,97500.0,0.0806,14,12,6,3,58.0,122.0,97940.0,98004.0,504.0
1312,B6T0000000836,97500.0,0.0806,14,12,6,3,58.0,122.0,98062.0,98126.0,626.0
1413,B6T0000000408,97140.0,0.0738,3,23,6,3,80.00000000000001,166.00000000000003,98206.0,98292.0,1152.0
2946,B6T0000000781,98100.0,0.0199,27,20,5,3,116.0,238.0,98408.0,98530.0,430.0
2945,B6T0000000781,98100.0,0.0199,27,20,5,3,116.0,238.0,98646.0,98768.0,668.0
2944,B6T0000000781,98100.0,0.0199,27,20,6,3,116.0,238.0,98884.0,99006.0,906.0
3115,B6T0000000362,105780.0,0.0172,37,14,5,3,112.0,230.0,105892.0,106010.0,230.0
1055,B6T0000001185,106140.0,0.1039,3,20,5,3,68.00000000000001,142.00000000000003,106208.0,106282.0,142.0
1069,B6T0000001185,106140.0,0.1039,3,20,5,3,68.00000000000001,142.00000000000003,106350.0,106424.0,284.0
1053,B6T0000001185,106140.0,0.1039,3,20,6,3,68.00000000000001,142.00000000000003,106492.0,106566.0,426.0
1068,B6T0000001185,106140.0,0.1039,3,20,6,3,68.00000000000001,142.00000000000003,106634.0,106708.0,568.0
2449,B6T0000001189,107400.0,0.0289,18,21,5,3,102.00000000000001,210.00000000000003,107502.0,107610.0,210.0
2448,B6T0000001189,107400.0,0.0289,18,21,5,3,102.00000000000001,210.00000000000003,107712.0,107820.0,420.0
2447,B6T0000001189,107400.0,0.0289,18,21,6,3,102.00000000000001,210.00000000000003,107922.0,108030.0,630.0
2446,B6T0000001189,107400.0,0.0289,18,21,6,3,102.00000000000001,210.00000000000003,108132.0,108240.0,840.0
566,B6T0000001238,113400.0,0.1832,3,16,5,3,51.99999999999999,109.99999999999999,113452.0,113510.0,110.0
561,B6T0000001238,113400.0,0.1832,3,16,5,3,51.99999999999999,109.99999999999999,113562.0,113620.0,220.0
564,B6T0000001238,113400.0,0.1832,3,16,6,3,51.99999999999999,109.99999999999999,113672.0,113730.0,330.0
2894,B6T0000000451,114000.0,0.0205,9,37,5,3,148.00000000000006,302.0000000000001,114148.0,114302.0,302.0
2893,B6T0000000451,114000.0,0.0205,9,37,5,3,148.00000000000006,302.0000000000001,114450.0,114604.0,604.0
2895,B6T0000000451,114000.0,0.0205,9,37,6,3,148.00000000000006,302.0000000000001,114752.0,114906.0,906.0
58,B6T0000001104,123540.0,0.8431,4,9,5,3,25.999999999999996,57.99999999999999,123566.0,123598.0,58.0
51,B6T0000001104,123540.0,0.8431,4,9,5,3,25.999999999999996,57.99999999999999,123624.0,123656.0,116.0
41,B6T0000001104,123540.0,0.8431,4,9,6,3,25.999999999999996,57.99999999999999,123682.0,123714.0,174.0
47,B6T0000001104,123540.0,0.8431,4,9,6,3,25.999999999999996,57.99999999999999,123740.0,123772.0,232.0
1586,B6T0000001102,127620.0,0.0622,3,25,5,3,88.0,182.0,127708.0,127802.0,182.0
1587,B6T0000001102,127620.0,0.0622,3,25,5,3,88.0,182.0,127890.0,127984.0,364.0
1588,B6T0000001102,127620.0,0.0622,3,25,6,3,88.0,182.0,128072.0,128166.0,546.0
1581,B6T0000001102,127620.0,0.0622,3,25,6,3,88.0,182.0,128254.0,128348.0,728.0
1040,B6T0000001052,130500.0,0.1066,5,18,5,3,64.0,134.0,130564.0,130634.0,134.0
1039,B6T0000001052,130500.0,0.1066,5,18,5,3,64.0,134.0,130698.0,130768.0,268.0
1050,B6T0000001052,130500.0,0.1066,5,18,6,3,64.0,134.0,130832.0,130902.0,402.0
1047,B6T0000001052,130500.0,0.1066,5,18,6,3,64.0,134.0,130966.0,131036.0,536.0
2638,B6T0000001516,139920.0,0.0247,19,8,6,3,53.0,112.0,139973.0,140032.0,112.0
2639,B6T0000001516,139920.0,0.0247,19,8,6,3,53.0,112.0,140085.0,140144.0,224.0
1917,B6T0000001647,140340.0,0.0445,9,6,5,3,29.0,64.0,140369.0,140404.0,64.0
1920,B6T0000001647,140340.0,0.0445,9,6,5,3,29.0,64.0,140433.0,140468.0,128.0
1921,B6T0000001647,140340.0,0.0445,9,6,6,3,29.0,64.0,140497.0,140532.0,192.0
1922,B6T0000001647,140340.0,0.0445,9,6,6,3,29.0,64.0,140561.0,140596.0,256.0
3653,B6T0000000006,142320.0,0.0109,41,46,6,3,251.50000000000009,509.00000000000017,142571.5,142829.0,509.0
3019,B6T0000001093,142380.0,0.0188,14,34,5,3,146.00000000000006,298.0000000000001,142975.0,143127.0,747.0
3021,B6T0000001093,142380.0,0.0188,14,34,5,3,146.00000000000006,298.0000000000001,143273.0,143425.0,1045.0
78,B6T0000000261,143280.0,0.4826,1,43,5,3,156.50000000000009,319.00000000000017,143581.5,143744.0,464.0
79,B6T0000000261,143280.0,0.4826,1,43,5,3,156.50000000000009,319.00000000000017,143900.5,144063.0,783.0
80,B6T0000000261,143280.0,0.4826,1,43,6,3,156.50000000000009,319.00000000000017,144219.5,144382.0,1102.0
71,B6T0000000261,143280.0,0.4826,1,43,6,3,156.50000000000009,319.00000000000017,144538.5,144701.0,1421.0
3020,B6T0000001093,142380.0,0.0188,14,34,6,3,146.00000000000006,298.0000000000001,144847.0,144999.0,2619.0
3652,B6T0000000006,142320.0,0.0109,41,46,6,3,251.50000000000009,509.00000000000017,145250.5,145508.0,3188.0
3650,B6T0000001695,172320.0,0.011,52,6,6,3,115.0,236.0,172435.0,172556.0,236.0
2035,B6T0000000271,172500.0,0.0413,13,43,5,3,180.50000000000009,367.00000000000017,172736.5,172923.0,423.0
2034,B6T0000000271,172500.0,0.0413,13,43,5,3,180.50000000000009,367.00000000000017,173103.5,173290.0,790.0
2032,B6T0000000271,172500.0,0.0413,13,43,6,3,180.50000000000009,367.00000000000017,173470.5,173657.0,1157.0
2031,B6T0000000271,172500.0,0.0413,13,43,6,3,180.50000000000009,367.00000000000017,173837.5,174024.0,1524.0
760,B6T0000000843,173880.0,0.1548,5,15,5,3,51.99999999999999,109.99999999999999,174076.0,174134.0,254.0
761,B6T0000000843,173880.0,0.1548,5,15,5,3,51.99999999999999,109.99999999999999,174186.0,174244.0,364.0
762,B6T0000000843,173880.0,0.1548,5,15,6,3,51.99999999999999,109.99999999999999,174296.0,174354.0,474.0
772,B6T0000000843,173880.0,0.1548,5,15,6,3,51.99999999999999,109.99999999999999,174406.0,174464.0,584.0
3010,B6T0000001789,174360.0,0.019,30,2,5,3,63.0,132.0,174527.0,174596.0,236.0
3154,B6T0000001701,173160.0,0.0166,32,8,6,3,79.0,164.0,174675.0,174760.0,1600.0
3155,B6T0000001701,173160.0,0.0166,32,8,6,3,79.0,164.0,174839.0,174924.0,1764.0
1180,B6T0000001103,174780.0,0.0925,3,21,5,3,72.00000000000001,150.00000000000003,174996.0,175074.0,294.0
1179,B6T0000001103,174780.0,0.0925,3,21,5,3,72.00000000000001,150.00000000000003,175146.0,175224.0,444.0
1185,B6T0000001103,174780.0,0.0925,3,21,6,3,72.00000000000001,150.00000000000003,175296.0,175374.0,594.0
1181,B6T0000001103,174780.0,0.0925,3,21,6,3,72.00000000000001,150.00000000000003,175446.0,175524.0,744.0
474,B6T0000001382,175440.0,0.1892,4,2,5,3,11.0,28.0,175535.0,175552.0,112.0
480,B6T0000001382,175440.0,0.1892,4,2,5,3,11.0,28.0,175563.0,175580.0,140.0
470,B6T0000001382,175440.0,0.1892,4,2,6,3,11.0,28.0,175591.0,175608.0,168.0
3365,B6T0000000061,175200.0,0.0135,33,45,6,3,230.50000000000009,467.00000000000017,175838.5,176075.0,875.0
3364,B6T0000000061,175200.0,0.0135,33,45,6,3,230.50000000000009,467.00000000000017,176305.5,176542.0,1342.0
2618,B6T0000001463,176340.0,0.0253,21,3,5,3,47.0,100.0,176589.0,176642.0,302.0
2619,B6T0000001463,176340.0,0.0253,21,3,5,3,47.0,100.0,176689.0,176742.0,402.0
2617,B6T0000001463,176340.0,0.0253,21,3,6,3,47.0,100.0,176789.0,176842.0,502.0
2616,B6T0000001463,176340.0,0.0253,21,3,6,3,47.0,100.0,176889.0,176942.0,602.0
3651,B6T0000001695,172320.0,0.011,52,6,6,3,115.0,236.0,177057.0,177178.0,4858.0
2855,B6T0000000724,181080.0,0.0211,34,12,5,3,98.0,202.0,181178.0,181282.0,202.0
2853,B6T0000000724,181080.0,0.0211,34,12,5,3,98.0,202.0,181380.0,181484.0,404.0
2852,B6T0000000724,181080.0,0.0211,34,12,6,3,98.0,202.0,181582.0,181686.0,606.0
2854,B6T0000000724,181080.0,0.0211,34,12,6,3,98.0,202.0,181784.0,181888.0,808.0
2821,B6T0000000646,182040.0,0.0219,32,13,6,3,98.0,202.0,182138.0,182242.0,202.0
2820,B6T0000000646,182040.0,0.0219,32,13,6,3,98.0,202.0,182340.0,182444.0,404.0
1998,B6T0000001313,185160.0,0.0427,13,20,6,3,88.0,182.0,185248.0,185342.0,182.0
1999,B6T0000001313,185160.0,0.0427,13,20,6,3,88.0,182.0,185430.0,185524.0,364.0
1418,B6T0000000947,188340.0,0.0705,14,13,5,3,62.0,130.0,188402.0,188470.0,130.0
1421,B6T0000000947,188340.0,0.0705,14,13,5,3,62.0,130.0,188532.0,188600.0,260.0
1429,B6T0000000947,188340.0,0.0705,14,13,6,3,62.0,130.0,188662.0,188730.0,390.0
194,B6T0000000932,190140.0,0.3317,8,9,5,3,34.0,74.0,190174.0,190214.0,74.0
195,B6T0000000932,190140.0,0.3317,8,9,5,3,34.0,74.0,190248.0,190288.0,148.0
196,B6T0000000932,190140.0,0.3317,8,9,6,3,34.0,74.0,190322.0,190362.0,222.0
197,B6T0000000932,190140.0,0.3317,8,9,6,3,34.0,74.0,190396.0,190436.0,296.0
2729,B6T0000001922,194400.0,0.0232,21,8,5,3,57.0,120.0,194457.0,194520.0,120.0
2728,B6T0000001922,194400.0,0.0232,21,8,5,3,57.0,120.0,194577.0,194640.0,240.0
2321,B6T0000001645,198960.0,0.0334,16,1,5,3,33.0,72.0,198993.0,199032.0,72.0
2322,B6T0000001645,198960.0,0.0334,16,1,5,3,33.0,72.0,199065.0,199104.0,144.0
2323,B6T0000001645,198960.0,0.0334,16,1,6,3,33.0,72.0,199137.0,199176.0,216.0
2324,B6T0000001645,198960.0,0.0334,16,1,6,3,33.0,72.0,199209.0,199248.0,288.0
3454,B6T0000001666,202740.0,0.0126,43,8,5,3,100.99999999999999,207.99999999999997,202841.0,202948.0,208.0
3455,B6T0000001666,202740.0,0.0126,43,8,5,3,100.99999999999999,207.99999999999997,203049.0,203156.0,416.0
2507,B6T0000001035,205200.0,0.0279,21,19,5,3,100.0,206.0,205300.0,205406.0,206.0
2508,B6T0000001035,205200.0,0.0279,21,19,5,3,100.0,206.0,205506.0,205612.0,412.0
2509,B6T0000001035,205200.0,0.0279,21,19,6,3,100.0,206.0,205712.0,205818.0,618.0
2580,B6T0000000418,213840.0,0.0262,19,22,5,3,108.00000000000001,222.00000000000003,213948.0,214062.0,222.0
321,B6T0000001196,216240.0,0.2132,5,13,5,3,44.0,94.0,216284.0,216334.0,94.0
327,B6T0000001196,216240.0,0.2132,5,13,5,3,44.0,94.0,216378.0,216428.0,188.0
328,B6T0000001196,216240.0,0.2132,5,13,6,3,44.0,94.0,216472.0,216522.0,282.0
329,B6T0000001196,216240.0,0.2132,5,13,6,3,44.0,94.0,216566.0,216616.0,376.0
3032,B6T0000001726,217980.0,0.0187,28,7,5,3,69.0,144.0,218049.0,218124.0,144.0
1468,B6T0000000897,219840.0,0.0684,6,21,5,3,78.00000000000001,162.00000000000003,219918.0,220002.0,162.0
1467,B6T0000000897,219840.0,0.0684,6,21,5,3,78.00000000000001,162.00000000000003,220080.0,220164.0,324.0
1466,B6T0000000897,219840.0,0.0684,6,21,6,3,78.00000000000001,162.00000000000003,220242.0,220326.0,486.0
1465,B6T0000000897,219840.0,0.0684,6,21,6,3,78.00000000000001,162.00000000000003,220404.0,220488.0,648.0
3328,B6T0000000741,225120.0,0.014,25,32,5,3,160.00000000000003,326.00000000000006,225280.0,225446.0,326.0
3329,B6T0000000741,225120.0,0.014,25,32,5,3,160.00000000000003,326.00000000000006,225606.0,225772.0,652.0
458,B6T0000001382,226740.0,0.1892,4,2,6,3,11.0,28.0,226751.0,226768.0,28.0
2370,B6T0000001572,228540.0,0.0315,13,8,5,3,41.0,88.0,228581.0,228628.0,88.0
2373,B6T0000001572,228540.0,0.0315,13,8,5,3,41.0,88.0,228669.0,228716.0,176.0
2372,B6T0000001572,228540.0,0.0315,13,8,6,3,41.0,88.0,228757.0,228804.0,264.0
2371,B6T0000001572,228540.0,0.0315,13,8,6,3,41.0,88.0,228845.0,228892.0,352.0
3203,B6T0000001891,228720.0,0.0159,36,4,6,3,79.0,164.0,228971.0,229056.0,336.0
3204,B6T0000001891,228720.0,0.0159,36,4,6,3,79.0,164.0,229135.0,229220.0,500.0
3510,B6T0000000004,258720.0,0.0119,32,50,6,3,253.50000000000009,513.0000000000002,258973.5,259233.0,513.0
162,B6T0000000810,259200.0,0.3397,1,15,5,3,43.99999999999999,93.99999999999999,259277.0,259327.0,127.0
156,B6T0000000810,259200.0,0.3397,1,15,5,3,43.99999999999999,93.99999999999999,259371.0,259421.0,221.0
166,B6T0000000810,259200.0,0.3397,1,15,6,3,43.99999999999999,93.99999999999999,259465.0,259515.0,315.0
158,B6T0000000810,259200.0,0.3397,1,15,6,3,43.99999999999999,93.99999999999999,259559.0,259609.0,409.0
674,B6T0000001180,259560.0,0.1614,9,11,5,3,44.0,94.0,259653.0,259703.0,143.0
3511,B6T0000000004,258720.0,0.0119,32,50,6,3,253.50000000000009,513.0000000000002,259956.5,260216.0,1496.0
1609,B6T0000001610,259920.0,0.0606,7,4,5,3,21.0,48.0,260237.0,260264.0,344.0
3605,B6T0000001598,260580.0,0.0112,51,6,5,3,113.0,232.0,260693.0,260812.0,232.0
3604,B6T0000001598,260580.0,0.0112,51,6,5,3,113.0,232.0,260925.0,261044.0,464.0
3192,B6T0000001127,261300.0,0.016,40,13,5,3,114.0,234.0,261414.0,261534.0,234.0
1614,B6T0000001083,261420.0,0.0602,20,9,5,3,58.0,122.0,261592.0,261656.0,236.0
1615,B6T0000001083,261420.0,0.0602,20,9,5,3,58.0,122.0,261714.0,261778.0,358.0
1619,B6T0000001083,261420.0,0.0602,20,9,6,3,58.0,122.0,261836.0,261900.0,480.0
1618,B6T0000001083,261420.0,0.0602,20,9,6,3,58.0,122.0,261958.0,262022.0,602.0
3191,B6T0000001127,261300.0,0.016,40,13,5,3,114.0,234.0,262136.0,262256.0,956.0
3190,B6T0000001127,261300.0,0.016,40,13,6,3,114.0,234.0,262370.0,262490.0,1190.0
2432,B6T0000000778,262260.0,0.0299,29,10,5,3,80.0,166.0,262570.0,262656.0,396.0
2434,B6T0000000778,262260.0,0.0299,29,10,5,3,80.0,166.0,262736.0,262822.0,562.0
2430,B6T0000000778,262260.0,0.0299,29,10,6,3,80.0,166.0,262902.0,262988.0,728.0
3608,B6T0000001950,264900.0,0.0112,50,8,5,3,115.0,236.0,265015.0,265136.0,236.0
3609,B6T0000001950,264900.0,0.0112,50,8,5,3,115.0,236.0,265251.0,265372.0,472.0
2564,B6T0000001537,271980.0,0.0268,20,2,6,3,43.0,92.0,272023.0,272072.0,92.0
2561,B6T0000001537,271980.0,0.0268,20,2,6,3,43.0,92.0,272115.0,272164.0,184.0
1009,B6T0000001090,275880.0,0.1122,11,12,5,3,52.0,110.0,275932.0,275990.0,110.0
1002,B6T0000001090,275880.0,0.1122,11,12,5,3,52.0,110.0,276042.0,276100.0,220.0
1005,B6T0000001090,275880.0,0.1122,11,12,6,3,52.0,110.0,276152.0,276210.0,330.0
1003,B6T0000001090,275880.0,0.1122,11,12,6,3,52.0,110.0,276262.0,276320.0,440.0
1893,B6T0000001029,277980.0,0.0451,5,27,5,3,100.00000000000001,206.00000000000003,278080.0,278186.0,206.0
1894,B6T0000001029,277980.0,0.0451,5,27,5,3,100.00000000000001,206.00000000000003,278286.0,278392.0,412.0
2772,B6T0000000030,280620.0,0.0226,17,47,6,3,208.50000000000009,423.00000000000017,280828.5,281043.0,423.0
2773,B6T0000000030,280620.0,0.0226,17,47,6,3,208.50000000000009,423.00000000000017,281251.5,281466.0,846.0
2547,B6T0000001449,281940.0,0.027,17,7,5,3,47.0,100.0,281987.0,282040.0,100.0
2545,B6T0000001449,281940.0,0.027,17,7,5,3,47.0,100.0,282087.0,282140.0,200.0
2546,B6T0000001449,281940.0,0.027,17,7,6,3,47.0,100.0,282187.0,282240.0,300.0
575,B6T0000001238,286080.0,0.1832,3,16,6,3,51.99999999999999,109.99999999999999,286132.0,286190.0,110.0
1340,B6T0000000043,286500.0,0.0765,6,45,6,3,176.50000000000009,359.00000000000017,286676.5,286859.0,359.0
1342,B6T0000000043,286500.0,0.0765,6,45,6,3,176.50000000000009,359.00000000000017,287035.5,287218.0,718.0
1097,B6T0000001415,287640.0,0.1031,3,7,5,3,19.0,44.0,287659.0,287684.0,44.0
1091,B6T0000001415,287640.0,0.1031,3,7,5,3,19.0,44.0,287703.0,287728.0,88.0
1092,B6T0000001415,287640.0,0.1031,3,7,6,3,19.0,44.0,287747.0,287772.0,132.0
1094,B6T0000001415,287640.0,0.1031,3,7,6,3,19.0,44.0,287791.0,287816.0,176.0
1372,B6T0000000150,295080.0,0.0758,1,49,5,3,186.50000000000009,379.00000000000017,295266.5,295459.0,379.0
1368,B6T0000000150,295080.0,0.0758,1,49,5,3,186.50000000000009,379.00000000000017,295645.5,295838.0,758.0
1369,B6T0000000150,295080.0,0.0758,1,49,6,3,186.50000000000009,379.00000000000017,296024.5,296217.0,1137.0
1370,B6T0000000150,295080.0,0.0758,1,49,6,3,186.50000000000009,379.00000000000017,296403.5,296596.0,1516.0
2974,B6T0000001507,300720.0,0.0195,30,1,5,3,61.0,128.0,300781.0,300848.0,128.0
2976,B6T0000001507,300720.0,0.0195,30,1,5,3,61.0,128.0,300909.0,300976.0,256.0
2975,B6T0000001507,300720.0,0.0195,30,1,6,3,61.0,128.0,301037.0,301104.0,384.0
1215,B6T0000000577,301800.0,0.0912,1,23,5,3,76.00000000000001,158.00000000000003,301876.0,301958.0,158.0
1221,B6T0000000577,301800.0,0.0912,1,23,5,3,76.00000000000001,158.00000000000003,302034.0,302116.0,316.0
345,B6T0000000139,301980.0,0.2024,1,45,5,3,166.50000000000009,339.00000000000017,302282.5,302455.0,475.0
344,B6T0000000139,301980.0,0.2024,1,45,5,3,166.50000000000009,339.00000000000017,302621.5,302794.0,814.0
343,B6T0000000139,301980.0,0.2024,1,45,6,3,166.50000000000009,339.00000000000017,302960.5,303133.0,1153.0
342,B6T0000000139,301980.0,0.2024,1,45,6,3,166.50000000000009,339.00000000000017,303299.5,303472.0,1492.0
1222,B6T0000000577,301800.0,0.0912,1,23,6,3,76.00000000000001,158.00000000000003,303548.0,303630.0,1830.0
1217,B6T0000000577,301800.0,0.0912,1,23,6,3,76.00000000000001,158.00000000000003,303706.0,303788.0,1988.0
3617,B6T0000000497,307680.0,0.0111,59,9,6,3,136.0,278.0,307816.0,307958.0,278.0
1154,B6T0000000245,307800.0,0.0931,5,45,5,3,174.50000000000009,355.00000000000017,308132.5,308313.0,513.0
1158,B6T0000000245,307800.0,0.0931,5,45,5,3,174.50000000000009,355.00000000000017,308487.5,308668.0,868.0
1160,B6T0000000245,307800.0,0.0931,5,45,6,3,174.50000000000009,355.00000000000017,308842.5,309023.0,1223.0
1161,B6T0000000245,307800.0,0.0931,5,45,6,3,174.50000000000009,355.00000000000017,309197.5,309378.0,1578.0
3616,B6T0000000497,307680.0,0.0111,59,9,6,3,136.0,278.0,309514.0,309656.0,1976.0
506,B6T0000001101,309720.0,0.1876,7,12,5,3,44.0,94.0,309764.0,309814.0,94.0
493,B6T0000001101,309720.0,0.1876,7,12,5,3,44.0,94.0,309858.0,309908.0,188.0
511,B6T0000001101,309720.0,0.1876,7,12,6,3,44.0,94.0,309952.0,310002.0,282.0
510,B6T0000001101,309720.0,0.1876,7,12,6,3,44.0,94.0,310046.0,310096.0,376.0
504,B6T0000001101,309720.0,0.1876,6,13,5,3,46.0,98.0,310142.0,310194.0,474.0
3414,B6T0000000880,310680.0,0.0129,51,10,6,3,124.0,254.0,310804.0,310934.0,254.0
3415,B6T0000000880,310680.0,0.0129,51,10,6,3,124.0,254.0,311058.0,311188.0,508.0
240,B6T0000000581,311400.0,0.27,9,9,5,3,36.0,78.0,311436.0,311478.0,78.0
239,B6T0000000581,311400.0,0.27,9,9,5,3,36.0,78.0,311514.0,311556.0,156.0
238,B6T0000000581,311400.0,0.27,9,9,6,3,36.0,78.0,311592.0,311634.0,234.0
237,B6T0000000581,311400.0,0.27,9,9,6,3,36.0,78.0,311670.0,311712.0,312.0
2136,B6T0000001633,313320.0,0.0388,12,4,5,3,31.000000000000004,68.0,313351.0,313388.0,68.0
3334,B6T0000001070,315480.0,0.0139,24,33,6,3,162.00000000000003,330.00000000000006,315642.0,315810.0,330.0
3335,B6T0000001070,315480.0,0.0139,24,33,6,3,162.00000000000003,330.00000000000006,315972.0,316140.0,660.0
2737,B6T0000001280,345480.0,0.0231,33,11,5,3,92.0,190.0,345572.0,345670.0,190.0
137,B6T0000000154,345600.0,0.3556,3,43,5,3,160.50000000000009,327.00000000000017,345830.5,345997.0,397.0
126,B6T0000000154,345600.0,0.3556,3,43,5,3,160.50000000000009,327.00000000000017,346157.5,346324.0,724.0
138,B6T0000000154,345600.0,0.3556,3,43,6,3,160.50000000000009,327.00000000000017,346484.5,346651.0,1051.0
139,B6T0000000154,345600.0,0.3556,3,43,6,3,160.50000000000009,327.00000000000017,346811.5,346978.0,1378.0
987,B6T0000001844,345960.0,0.1128,6,1,5,3,13.000000000000002,32.0,346991.0,347010.0,1050.0
986,B6T0000001844,345960.0,0.1128,6,1,5,3,13.000000000000002,32.0,347023.0,347042.0,1082.0
2633,B6T0000001335,346200.0,0.0248,20,6,5,3,51.0,108.0,347093.0,347150.0,950.0
2634,B6T0000001335,346200.0,0.0248,20,6,5,3,51.0,108.0,347201.0,347258.0,1058.0
2736,B6T0000001280,345480.0,0.0231,33,11,5,3,92.0,190.0,347350.0,347448.0,1968.0
268,B6T0000000305,347340.0,0.2304,2,44,5,3,163.50000000000009,333.00000000000017,347611.5,347781.0,441.0
2742,B6T0000000260,346980.0,0.0229,14,49,5,3,212.50000000000009,431.00000000000017,347993.5,348212.0,1232.0
2743,B6T0000000260,346980.0,0.0229,14,49,5,3,212.50000000000009,431.00000000000017,348424.5,348643.0,1663.0
1738,B6T0000001149,348240.0,0.0557,15,15,6,3,72.0,150.0,348715.0,348793.0,553.0
1743,B6T0000001149,348240.0,0.0557,15,15,6,3,72.0,150.0,348865.0,348943.0,703.0
2741,B6T0000000260,346980.0,0.0229,14,49,6,3,212.50000000000009,431.00000000000017,349155.5,349374.0,2394.0
2740,B6T0000000260,346980.0,0.0229,14,49,6,3,212.50000000000009,431.00000000000017,349586.5,349805.0,2825.0
2818,B6T0000000976,347880.0,0.022,5,39,5,3,148.00000000000006,302.0000000000001,349953.0,350107.0,2227.0
2816,B6T0000000976,347880.0,0.022,5,39,5,3,148.00000000000006,302.0000000000001,350255.0,350409.0,2529.0
3199,B6T0000001587,347400.0,0.0159,37,2,5,3,77.0,160.0,350486.0,350569.0,3169.0
3200,B6T0000001587,347400.0,0.0159,37,2,5,3,77.0,160.0,350646.0,350729.0,3329.0
3201,B6T0000001587,347400.0,0.0159,37,2,6,3,77.0,160.0,350806.0,350889.0,3489.0
3266,B6T0000000994,354660.0,0.015,32,23,6,3,138.0,282.0,354798.0,354942.0,282.0
3267,B6T0000000994,354660.0,0.015,32,23,6,3,138.0,282.0,355080.0,355224.0,564.0
926,B6T0000000508,368640.0,0.1252,2,19,5,3,62.00000000000001,130.0,368702.0,368770.0,130.0
924,B6T0000000508,368640.0,0.1252,2,19,5,3,62.00000000000001,130.0,368832.0,368900.0,260.0
923,B6T0000000508,368640.0,0.1252,2,19,6,3,62.00000000000001,130.0,368962.0,369030.0,390.0
930,B6T0000000508,368640.0,0.1252,2,19,6,3,62.00000000000001,130.0,369092.0,369160.0,520.0
878,B6T0000000488,369180.0,0.1265,8,13,5,3,50.0,106.0,369230.0,369286.0,106.0
876,B6T0000000488,369180.0,0.1265,8,13,5,3,50.0,106.0,369336.0,369392.0,212.0
875,B6T0000000488,369180.0,0.1265,8,13,6,3,50.0,106.0,369442.0,369498.0,318.0
877,B6T0000000488,369180.0,0.1265,8,13,6,3,50.0,106.0,369548.0,369604.0,424.0
3357,B6T0000000323,370500.0,0.0136,32,26,5,3,150.0,306.0,370650.0,370806.0,306.0
3356,B6T0000000323,370500.0,0.0136,32,26,5,3,150.0,306.0,370956.0,371112.0,612.0
3237,B6T0000001819,376020.0,0.0155,35,8,5,3,85.0,176.0,376105.0,376196.0,176.0
3236,B6T0000001819,376020.0,0.0155,35,8,5,3,85.0,176.0,376281.0,376372.0,352.0
922,B6T0000000411,378000.0,0.1258,6,15,5,3,53.99999999999999,113.99999999999999,378054.0,378114.0,114.0
917,B6T0000000411,378000.0,0.1258,6,15,5,3,53.99999999999999,113.99999999999999,378168.0,378228.0,228.0
920,B6T0000000411,378000.0,0.1258,6,15,6,3,53.99999999999999,113.99999999999999,378282.0,378342.0,342.0
916,B6T0000000411,378000.0,0.1258,6,15,6,3,53.99999999999999,113.99999999999999,378396.0,378456.0,456.0
2758,B6T0000001843,385800.0,0.0228,25,2,5,3,53.0,112.0,385853.0,385912.0,112.0
2756,B6T0000001843,385800.0,0.0228,25,2,5,3,53.0,112.0,385965.0,386024.0,224.0
2757,B6T0000001843,385800.0,0.0228,25,2,6,3,53.0,112.0,386077.0,386136.0,336.0
2759,B6T0000001843,385800.0,0.0228,25,2,6,3,53.0,112.0,386189.0,386248.0,448.0
2440,B6T0000001304,398760.0,0.029,19,20,5,3,100.0,206.0,398860.0,398966.0,206.0
2443,B6T0000001304,398760.0,0.029,19,20,5,3,100.0,206.0,399066.0,399172.0,412.0
2444,B6T0000001304,398760.0,0.029,19,20,6,3,100.0,206.0,399272.0,399378.0,618.0
3450,B6T0000001232,400500.0,0.0126,28,33,5,3,170.00000000000003,346.00000000000006,400670.0,400846.0,346.0
3451,B6T0000001232,400500.0,0.0126,28,33,5,3,170.00000000000003,346.00000000000006,401016.0,401192.0,692.0
6,B6T0000001209,401940.0,1.3573,1,10,5,3,24.0,54.0,401964.0,401994.0,54.0
5,B6T0000001209,401940.0,1.3573,1,10,5,3,24.0,54.0,402018.0,402048.0,108.0
4,B6T0000001209,401940.0,1.3573,1,10,6,3,24.0,54.0,402072.0,402102.0,162.0
2,B6T0000001209,401940.0,1.3573,1,10,6,3,24.0,54.0,402126.0,402156.0,216.0
3702,B6T0000000557,431700.0,0.0106,28,42,6,3,206.00000000000006,418.0000000000001,431906.0,432118.0,418.0
3703,B6T0000000557,431700.0,0.0106,28,42,6,3,206.00000000000006,418.0000000000001,432324.0,432536.0,836.0
394,B6T0000000471,432780.0,0.1917,1,17,5,3,52.0,110.0,432832.0,432890.0,110.0
393,B6T0000000471,432780.0,0.1917,1,17,5,3,52.0,110.0,432942.0,433000.0,220.0
391,B6T0000000471,432780.0,0.1917,1,17,6,3,52.0,110.0,433052.0,433110.0,330.0
3713,B6T0000001339,433020.0,0.0106,56,3,5,3,117.0,240.0,433227.0,433350.0,330.0
3712,B6T0000001339,433020.0,0.0106,56,3,5,3,117.0,240.0,433467.0,433590.0,570.0
3654,B6T0000000616,433560.0,0.0109,59,10,5,3,140.0,286.0,433730.0,433876.0,316.0
620,B6T0000000469,433740.0,0.1623,11,9,5,3,40.0,86.0,433916.0,433962.0,222.0
622,B6T0000000469,433740.0,0.1623,11,9,5,3,40.0,86.0,434002.0,434048.0,308.0
621,B6T0000000469,433740.0,0.1623,11,9,6,3,40.0,86.0,434088.0,434134.0,394.0
626,B6T0000000469,433740.0,0.1623,11,9,6,3,40.0,86.0,434174.0,434220.0,480.0
1445,B6T0000000191,433980.0,0.0689,3,48,5,3,185.50000000000009,377.00000000000017,434405.5,434597.0,617.0
1446,B6T0000000191,433980.0,0.0689,3,48,5,3,185.50000000000009,377.00000000000017,434782.5,434974.0,994.0
723,B6T0000000140,434640.0,0.1595,2,46,6,3,173.50000000000009,353.00000000000017,435147.5,435327.0,687.0
86,B6T0000000261,435000.0,0.4826,2,43,5,3,158.50000000000009,323.00000000000017,435485.5,435650.0,650.0
87,B6T0000000261,435000.0,0.4826,2,43,5,3,158.50000000000009,323.00000000000017,435808.5,435973.0,973.0
95,B6T0000000261,435000.0,0.4826,2,43,6,3,158.50000000000009,323.00000000000017,436131.5,436296.0,1296.0
91,B6T0000000261,435000.0,0.4826,2,43,6,3,158.50000000000009,323.00000000000017,436454.5,436619.0,1619.0
482,B6T0000001101,436320.0,0.1876,6,13,5,3,46.0,98.0,436665.0,436717.0,397.0
1444,B6T0000000191,433980.0,0.0689,3,48,6,3,185.50000000000009,377.00000000000017,436902.5,437094.0,3114.0
2427,B6T0000000890,434700.0,0.0301,30,9,5,3,78.0,162.0,437172.0,437256.0,2556.0
2190,B6T0000001648,437160.0,0.0368,14,2,5,3,31.0,68.0,437287.0,437324.0,164.0
1171,B6T0000001838,437280.0,0.0928,3,8,5,3,21.0,48.0,437345.0,437372.0,92.0
1170,B6T0000001838,437280.0,0.0928,3,8,5,3,21.0,48.0,437393.0,437420.0,140.0
1174,B6T0000001838,437280.0,0.0928,3,8,6,3,21.0,48.0,437441.0,437468.0,188.0
2191,B6T0000001648,437160.0,0.0368,14,2,5,3,31.0,68.0,437499.0,437536.0,376.0
2192,B6T0000001648,437160.0,0.0368,14,2,6,3,31.0,68.0,437567.0,437604.0,444.0
2193,B6T0000001648,437160.0,0.0368,14,2,6,3,31.0,68.0,437635.0,437672.0,512.0
2875,B6T0000000968,434460.0,0.0208,24,22,6,3,118.00000000000003,242.00000000000006,437790.0,437914.0,3454.0
2874,B6T0000000968,434460.0,0.0208,24,22,6,3,118.00000000000003,242.00000000000006,438032.0,438156.0,3696.0
3327,B6T0000000016,434520.0,0.014,30,46,6,3,229.50000000000009,465.00000000000017,438385.5,438621.0,4101.0
3326,B6T0000000016,434520.0,0.014,30,46,6,3,229.50000000000009,465.00000000000017,438850.5,439086.0,4566.0
2942,B6T0000000747,438660.0,0.0199,26,21,6,3,118.00000000000001,242.00000000000003,439204.0,439328.0,668.0
2941,B6T0000000747,438660.0,0.0199,26,21,6,3,118.00000000000001,242.00000000000003,439446.0,439570.0,910.0
3045,B6T0000000743,438780.0,0.0185,40,9,5,3,98.0,202.0,439668.0,439772.0,992.0
3044,B6T0000000743,438780.0,0.0185,40,9,5,3,98.0,202.0,439870.0,439974.0,1194.0
3043,B6T0000000743,438780.0,0.0185,40,9,6,3,98.0,202.0,440072.0,440176.0,1396.0
3433,B6T0000000973,436500.0,0.0127,38,23,6,3,150.0,306.0,440326.0,440482.0,3982.0
3432,B6T0000000973,436500.0,0.0127,38,23,6,3,150.0,306.0,440632.0,440788.0,4288.0
3655,B6T0000000616,433560.0,0.0109,59,10,5,3,140.0,286.0,440928.0,441074.0,7514.0
1265,B6T0000000615,443580.0,0.0857,5,20,5,3,72.0,150.0,443652.0,443730.0,150.0
1101,B6T0000001301,443640.0,0.1026,15,9,5,3,48.0,102.0,443778.0,443832.0,192.0
1111,B6T0000001301,443640.0,0.1026,15,9,5,3,48.0,102.0,443880.0,443934.0,294.0
1110,B6T0000001301,443640.0,0.1026,15,9,6,3,48.0,102.0,443982.0,444036.0,396.0
1118,B6T0000001301,443640.0,0.1026,15,9,6,3,48.0,102.0,444084.0,444138.0,498.0
1269,B6T0000000615,443580.0,0.0857,5,20,5,3,72.0,150.0,444210.0,444288.0,708.0
1276,B6T0000000615,443580.0,0.0857,5,20,6,3,72.0,150.0,444360.0,444438.0,858.0
1274,B6T0000000615,443580.0,0.0857,5,20,6,3,72.0,150.0,444510.0,444588.0,1008.0
1132,B6T0000001955,447180.0,0.0986,5,4,5,3,17.0,40.0,447197.0,447220.0,40.0
1124,B6T0000001955,447180.0,0.0986,5,4,5,3,17.0,40.0,447237.0,447260.0,80.0
1129,B6T0000001955,447180.0,0.0986,5,4,6,3,17.0,40.0,447277.0,447300.0,120.0
1128,B6T0000001955,447180.0,0.0986,5,4,6,3,17.0,40.0,447317.0,447340.0,160.0
1593,B6T0000001157,447600.0,0.0609,2,26,5,3,90.00000000000001,186.00000000000003,447690.0,447786.0,186.0
1592,B6T0000001157,447600.0,0.0609,2,26,5,3,90.00000000000001,186.00000000000003,447876.0,447972.0,372.0
1591,B6T0000001157,447600.0,0.0609,2,26,6,3,90.00000000000001,186.00000000000003,448062.0,448158.0,558.0
1590,B6T0000001157,447600.0,0.0609,2,26,6,3,90.00000000000001,186.00000000000003,448248.0,448344.0,744.0
3322,B6T0000001436,447960.0,0.0141,38,8,6,3,91.0,188.0,448435.0,448532.0,572.0
3323,B6T0000001436,447960.0,0.0141,38,8,6,3,91.0,188.0,448623.0,448720.0,760.0
279,B6T0000000305,450780.0,0.2304,2,44,5,3,163.50000000000009,333.00000000000017,450943.5,451113.0,333.0
280,B6T0000000305,450780.0,0.2304,2,44,6,3,163.50000000000009,333.00000000000017,451276.5,451446.0,666.0
1325,B6T0000001360,454380.0,0.0787,7,2,5,3,17.0,40.0,454397.0,454420.0,40.0
1326,B6T0000001360,454380.0,0.0787,7,2,5,3,17.0,40.0,454437.0,454460.0,80.0
1327,B6T0000001360,454380.0,0.0787,7,2,6,3,17.0,40.0,454477.0,454500.0,120.0
1328,B6T0000001360,454380.0,0.0787,7,2,6,3,17.0,40.0,454517.0,454540.0,160.0
2825,B6T0000001379,455040.0,0.0219,23,8,6,3,61.0,128.0,455101.0,455168.0,128.0
2824,B6T0000001379,455040.0,0.0219,23,8,6,3,61.0,128.0,455229.0,455296.0,256.0
2719,B6T0000000756,459900.0,0.0232,11,32,5,3,132.00000000000003,270.00000000000006,460032.0,460170.0,270.0
2717,B6T0000000756,459900.0,0.0232,11,32,5,3,132.00000000000003,270.00000000000006,460302.0,460440.0,540.0
2683,B6T0000000161,461280.0,0.0238,16,47,6,3,206.50000000000009,419.00000000000017,461486.5,461699.0,419.0
2680,B6T0000000161,461280.0,0.0238,16,47,6,3,206.50000000000009,419.00000000000017,461905.5,462118.0,838.0
1197,B6T0000001639,462840.0,0.0917,6,3,5,3,17.0,40.0,462857.0,462880.0,40.0
1203,B6T0000001639,462840.0,0.0917,6,3,5,3,17.0,40.0,462897.0,462920.0,80.0
1199,B6T0000001639,462840.0,0.0917,6,3,6,3,17.0,40.0,462937.0,462960.0,120.0
1200,B6T0000001639,462840.0,0.0917,6,3,6,3,17.0,40.0,462977.0,463000.0,160.0
3143,B6T0000001842,464520.0,0.0168,32,7,5,3,77.0,160.0,464597.0,464680.0,160.0
3142,B6T0000001842,464520.0,0.0168,32,7,5,3,77.0,160.0,464757.0,464840.0,320.0
3144,B6T0000001842,464520.0,0.0168,32,7,6,3,77.0,160.0,464917.0,465000.0,480.0
543,B6T0000001197,466620.0,0.1865,4,15,5,3,49.99999999999999,105.99999999999999,466670.0,466726.0,106.0
537,B6T0000001197,466620.0,0.1865,4,15,5,3,49.99999999999999,105.99999999999999,466776.0,466832.0,212.0
538,B6T0000001197,466620.0,0.1865,4,15,6,3,49.99999999999999,105.99999999999999,466882.0,466938.0,318.0
2307,B6T0000001178,470640.0,0.0341,1,35,5,3,124.00000000000004,254.00000000000009,470764.0,470894.0,254.0
1816,B6T0000001665,470880.0,0.0507,10,2,6,3,23.0,52.0,470917.0,470946.0,66.0
1818,B6T0000001665,470880.0,0.0507,10,2,6,3,23.0,52.0,470969.0,470998.0,118.0
2306,B6T0000001178,470640.0,0.0341,1,35,5,3,124.00000000000004,254.00000000000009,471122.0,471252.0,612.0
2305,B6T0000001178,470640.0,0.0341,1,35,6,3,124.00000000000004,254.00000000000009,471376.0,471506.0,866.0
2304,B6T0000001178,470640.0,0.0341,1,35,6,3,124.00000000000004,254.00000000000009,471630.0,471760.0,1120.0
1244,B6T0000001022,476880.0,0.089,11,14,5,3,59.99999999999999,125.99999999999999,476940.0,477006.0,126.0
1243,B6T0000001022,476880.0,0.089,11,14,5,3,59.99999999999999,125.99999999999999,477066.0,477132.0,252.0
1237,B6T0000001022,476880.0,0.089,11,14,6,3,59.99999999999999,125.99999999999999,477192.0,477258.0,378.0
1240,B6T0000001022,476880.0,0.089,11,14,6,3,59.99999999999999,125.99999999999999,477318.0,477384.0,504.0
1906,B6T0000001740,479760.0,0.0448,10,4,5,3,27.0,60.0,479787.0,479820.0,60.0
1905,B6T0000001740,479760.0,0.0448,10,4,5,3,27.0,60.0,479847.0,479880.0,120.0
1908,B6T0000001740,479760.0,0.0448,10,4,6,3,27.0,60.0,479907.0,479940.0,180.0
1904,B6T0000001740,479760.0,0.0448,10,4,6,3,27.0,60.0,479967.0,480000.0,240.0
3184,B6T0000001919,485220.0,0.0161,35,5,6,3,79.0,164.0,485299.0,485384.0,164.0
3185,B6T0000001919,485220.0,0.0161,35,5,6,3,79.0,164.0,485463.0,485548.0,328.0
960,B6T0000000445,485700.0,0.1202,9,13,5,3,52.0,110.0,485752.0,485810.0,110.0
385,B6T0000000471,485760.0,0.1917,1,17,6,3,52.0,110.0,485862.0,485920.0,160.0
1705,B6T0000001342,485760.0,0.056,8,4,5,3,23.0,52.0,485943.0,485972.0,212.0
1698,B6T0000001342,485760.0,0.056,8,4,5,3,23.0,52.0,485995.0,486024.0,264.0
1706,B6T0000001342,485760.0,0.056,8,4,6,3,23.0,52.0,486047.0,486076.0,316.0
1704,B6T0000001342,485760.0,0.056,8,4,6,3,23.0,52.0,486099.0,486128.0,368.0
2483,B6T0000000267,486120.0,0.0284,18,43,6,3,190.50000000000009,387.00000000000017,486318.5,486515.0,395.0
2484,B6T0000000267,486120.0,0.0284,18,43,6,3,190.50000000000009,387.00000000000017,486705.5,486902.0,782.0
3664,B6T0000001714,487200.0,0.0109,52,7,5,3,117.0,240.0,487317.0,487440.0,240.0
3665,B6T0000001714,487200.0,0.0109,52,7,5,3,117.0,240.0,487557.0,487680.0,480.0
2084,B6T0000001673,487620.0,0.0406,10,6,5,3,31.0,68.0,487711.0,487748.0,128.0
2079,B6T0000001673,487620.0,0.0406,10,6,5,3,31.0,68.0,487779.0,487816.0,196.0
2080,B6T0000001673,487620.0,0.0406,10,6,6,3,31.0,68.0,487847.0,487884.0,264.0
2219,B6T0000000393,488340.0,0.0361,22,14,5,3,82.0,170.0,488422.0,488510.0,170.0
2223,B6T0000000393,488340.0,0.0361,22,14,5,3,82.0,170.0,488592.0,488680.0,340.0
2220,B6T0000000393,488340.0,0.0361,22,14,6,3,82.0,170.0,488762.0,488850.0,510.0
2221,B6T0000000393,488340.0,0.0361,22,14,6,3,82.0,170.0,488932.0,489020.0,680.0
697,B6T0000001180,517980.0,0.1614,9,11,5,3,44.0,94.0,518024.0,518074.0,94.0
701,B6T0000001180,517980.0,0.1614,9,11,6,3,44.0,94.0,518118.0,518168.0,188.0
702,B6T0000001180,517980.0,0.1614,9,11,6,3,44.0,94.0,518212.0,518262.0,282.0
1867,B6T0000000725,518280.0,0.0481,19,13,5,3,72.0,150.0,518352.0,518430.0,150.0
1868,B6T0000000725,518280.0,0.0481,19,13,5,3,72.0,150.0,518502.0,518580.0,300.0
1862,B6T0000000725,518280.0,0.0481,19,13,6,3,72.0,150.0,518652.0,518730.0,450.0
1864,B6T0000000725,518280.0,0.0481,19,13,6,3,72.0,150.0,518802.0,518880.0,600.0
1283,B6T0000001854,518880.0,0.084,4,7,6,3,21.0,48.0,518901.0,518928.0,48.0
1277,B6T0000001854,518880.0,0.084,4,7,6,3,21.0,48.0,518949.0,518976.0,96.0
2146,B6T0000001327,518400.0,0.038,10,8,5,3,35.0,76.0,519011.0,519052.0,652.0
2142,B6T0000001327,518400.0,0.038,10,8,5,3,35.0,76.0,519087.0,519128.0,728.0
2145,B6T0000001327,518400.0,0.038,10,8,6,3,35.0,76.0,519163.0,519204.0,804.0
2143,B6T0000001327,518400.0,0.038,10,8,6,3,35.0,76.0,519239.0,519280.0,880.0
3069,B6T0000000455,518400.0,0.0182,23,26,6,3,132.0,270.0,519412.0,519550.0,1150.0
3068,B6T0000000455,518400.0,0.0182,23,26,6,3,132.0,270.0,519682.0,519820.0,1420.0
3673,B6T0000000347,520020.0,0.0108,43,26,5,3,172.0,350.0,520192.0,520370.0,350.0
3040,B6T0000000350,520320.0,0.0185,38,11,5,3,102.0,210.0,520472.0,520580.0,260.0
786,B6T0000001996,520380.0,0.1414,2,7,5,3,17.0,40.0,520597.0,520620.0,240.0
787,B6T0000001996,520380.0,0.1414,2,7,5,3,17.0,40.0,520637.0,520660.0,280.0
788,B6T0000001996,520380.0,0.1414,2,7,6,3,17.0,40.0,520677.0,520700.0,320.0
789,B6T0000001996,520380.0,0.1414,2,7,6,3,17.0,40.0,520717.0,520740.0,360.0
845,B6T0000001220,520740.0,0.1275,11,10,5,3,44.0,94.0,520784.0,520834.0,94.0
849,B6T0000001220,520740.0,0.1275,11,10,5,3,44.0,94.0,520878.0,520928.0,188.0
3041,B6T0000000350,520320.0,0.0185,38,11,5,3,102.0,210.0,521030.0,521138.0,818.0
3042,B6T0000000350,520320.0,0.0185,38,11,6,3,102.0,210.0,521240.0,521348.0,1028.0
619,B6T0000000247,521280.0,0.1761,2,45,5,3,168.50000000000009,343.00000000000017,521516.5,521691.0,411.0
618,B6T0000000247,521280.0,0.1761,2,45,5,3,168.50000000000009,343.00000000000017,521859.5,522034.0,754.0
617,B6T0000000247,521280.0,0.1761,2,45,6,3,168.50000000000009,343.00000000000017,522202.5,522377.0,1097.0
616,B6T0000000247,521280.0,0.1761,2,45,6,3,168.50000000000009,343.00000000000017,522545.5,522720.0,1440.0
3459,B6T0000000117,520740.0,0.0123,34,47,6,3,242.50000000000009,491.00000000000017,522962.5,523211.0,2471.0
3458,B6T0000000117,520740.0,0.0123,34,47,6,3,242.50000000000009,491.00000000000017,523453.5,523702.0,2962.0
3591,B6T0000001890,520500.0,0.0113,50,7,6,3,113.0,232.0,523815.0,523934.0,3434.0
3590,B6T0000001890,520500.0,0.0113,50,7,6,3,113.0,232.0,524047.0,524166.0,3666.0
3672,B6T0000000347,520020.0,0.0108,43,26,5,3,172.0,350.0,524338.0,524516.0,4496.0
2864,B6T0000000765,528240.0,0.0209,25,21,5,3,116.00000000000001,238.00000000000003,528356.0,528478.0,238.0
2866,B6T0000000765,528240.0,0.0209,25,21,5,3,116.00000000000001,238.00000000000003,528594.0,528716.0,476.0
2865,B6T0000000765,528240.0,0.0209,25,21,6,3,116.00000000000001,238.00000000000003,528832.0,528954.0,714.0
2867,B6T0000000765,528240.0,0.0209,25,21,6,3,116.00000000000001,238.00000000000003,529070.0,529192.0,952.0
3133,B6T0000000635,529080.0,0.017,24,27,5,3,138.00000000000003,282.00000000000006,529330.0,529474.0,394.0
1930,B6T0000001140,531960.0,0.0442,23,10,5,3,68.0,142.0,532028.0,532102.0,142.0
1932,B6T0000001140,531960.0,0.0442,23,10,5,3,68.0,142.0,532170.0,532244.0,284.0
3708,B6T0000001247,533640.0,0.0106,32,38,5,3,198.00000000000006,402.0000000000001,533838.0,534042.0,402.0
3709,B6T0000001247,533640.0,0.0106,32,38,5,3,198.00000000000006,402.0000000000001,534240.0,534444.0,804.0
2070,B6T0000000389,535980.0,0.0407,17,17,6,3,84.0,174.0,536064.0,536154.0,174.0
2069,B6T0000000389,535980.0,0.0407,17,17,6,3,84.0,174.0,536238.0,536328.0,348.0
2094,B6T0000000116,547860.0,0.0402,11,45,5,3,186.50000000000009,379.00000000000017,548046.5,548239.0,379.0
2095,B6T0000000116,547860.0,0.0402,11,45,5,3,186.50000000000009,379.00000000000017,548425.5,548618.0,758.0
2096,B6T0000000116,547860.0,0.0402,11,45,6,3,186.50000000000009,379.00000000000017,548804.5,548997.0,1137.0
2407,B6T0000000509,548760.0,0.0304,6,32,5,3,122.00000000000003,250.00000000000006,549119.0,549247.0,487.0
2408,B6T0000000509,548760.0,0.0304,6,32,5,3,122.00000000000003,250.00000000000006,549369.0,549497.0,737.0
2409,B6T0000000509,548760.0,0.0304,6,32,6,3,122.00000000000003,250.00000000000006,549619.0,549747.0,987.0
2476,B6T0000000337,550680.0,0.0285,5,34,5,3,128.00000000000006,262.0000000000001,550808.0,550942.0,262.0
2477,B6T0000000337,550680.0,0.0285,5,34,5,3,128.00000000000006,262.0000000000001,551070.0,551204.0,524.0
2475,B6T0000000337,550680.0,0.0285,5,34,6,3,128.00000000000006,262.0000000000001,551332.0,551466.0,786.0
2479,B6T0000000337,550680.0,0.0285,5,34,6,3,128.00000000000006,262.0000000000001,551594.0,551728.0,1048.0
3008,B6T0000001605,553140.0,0.019,27,7,5,3,67.0,140.0,553207.0,553280.0,140.0
218,B6T0000000581,558360.0,0.27,8,10,5,3,38.0,82.0,558398.0,558442.0,82.0
1078,B6T0000000178,558480.0,0.1033,2,47,5,3,178.50000000000009,363.00000000000017,558658.5,558843.0,363.0
1077,B6T0000000178,558480.0,0.1033,2,47,5,3,178.50000000000009,363.00000000000017,559021.5,559206.0,726.0
1075,B6T0000000178,558480.0,0.1033,2,47,6,3,178.50000000000009,363.00000000000017,559384.5,559569.0,1089.0
1080,B6T0000000178,558480.0,0.1033,2,47,6,3,178.50000000000009,363.00000000000017,559747.5,559932.0,1452.0
2246,B6T0000000094,559860.0,0.0353,10,47,5,3,194.50000000000009,395.00000000000017,560126.5,560327.0,467.0
2247,B6T0000000094,559860.0,0.0353,10,47,5,3,194.50000000000009,395.00000000000017,560521.5,560722.0,862.0
2245,B6T0000000094,559860.0,0.0353,10,47,6,3,194.50000000000009,395.00000000000017,560916.5,561117.0,1257.0
2242,B6T0000000094,559860.0,0.0353,10,47,6,3,194.50000000000009,395.00000000000017,561311.5,561512.0,1652.0
2930,B6T0000001312,559260.0,0.02,30,17,6,3,110.0,226.0,561622.0,561738.0,2478.0
2929,B6T0000001312,559260.0,0.02,30,17,6,3,110.0,226.0,561848.0,561964.0,2704.0
3620,B6T0000000672,561660.0,0.0111,25,42,5,3,200.00000000000006,406.0000000000001,562164.0,562370.0,710.0
3621,B6T0000000672,561660.0,0.0111,25,42,5,3,200.00000000000006,406.0000000000001,562570.0,562776.0,1116.0
3249,B6T0000000223,564240.0,0.0152,29,44,6,3,217.50000000000009,441.00000000000017,564457.5,564681.0,441.0
3248,B6T0000000223,564240.0,0.0152,29,44,6,3,217.50000000000009,441.00000000000017,564898.5,565122.0,882.0
3336,B6T0000001974,569280.0,0.0139,40,6,6,3,91.0,188.0,569371.0,569468.0,188.0
3337,B6T0000001974,569280.0,0.0139,40,6,6,3,91.0,188.0,569559.0,569656.0,376.0
3698,B6T0000001866,3840.0,0.0107,53,7,8,4,119.00000000000001,244.00000000000003,3959.0,4084.0,244.0
3699,B6T0000001866,3840.0,0.0107,53,7,8,4,119.00000000000001,244.00000000000003,4203.0,4328.0,488.0
2722,B6T0000001496,10920.0,0.0232,22,6,7,4,55.0,116.0,10975.0,11036.0,116.0
2720,B6T0000001496,10920.0,0.0232,22,6,7,4,55.0,116.0,11091.0,11152.0,232.0
2723,B6T0000001496,10920.0,0.0232,22,6,8,4,55.0,116.0,11207.0,11268.0,348.0
2721,B6T0000001496,10920.0,0.0232,22,6,8,4,55.0,116.0,11323.0,11384.0,464.0
2612,B6T0000000877,13620.0,0.0254,1,40,8,4,144.00000000000006,294.0000000000001,13764.0,13914.0,294.0
2613,B6T0000000877,13620.0,0.0254,1,40,8,4,144.00000000000006,294.0000000000001,14058.0,14208.0,588.0
3527,B6T0000000844,16260.0,0.0118,32,32,8,4,174.00000000000003,354.00000000000006,16434.0,16614.0,354.0
3526,B6T0000000844,16260.0,0.0118,32,32,8,4,174.00000000000003,354.00000000000006,16788.0,16968.0,708.0
590,B6T0000001238,18840.0,0.1832,4,15,7,4,49.99999999999999,105.99999999999999,18890.0,18946.0,106.0
594,B6T0000001238,18840.0,0.1832,4,15,7,4,49.99999999999999,105.99999999999999,18996.0,19052.0,212.0
579,B6T0000001238,18840.0,0.1832,4,15,8,4,49.99999999999999,105.99999999999999,19102.0,19158.0,318.0
580,B6T0000001238,18840.0,0.1832,4,15,8,4,49.99999999999999,105.99999999999999,19208.0,19264.0,424.0
713,B6T0000000313,19320.0,0.1602,3,45,7,4,170.50000000000009,347.00000000000017,19490.5,19667.0,347.0
717,B6T0000000313,19320.0,0.1602,3,45,7,4,170.50000000000009,347.00000000000017,19837.5,20014.0,694.0
704,B6T0000000313,19320.0,0.1602,3,45,8,4,170.50000000000009,347.00000000000017,20184.5,20361.0,1041.0
1976,B6T0000001165,20040.0,0.0428,15,18,7,4,84.0,174.0,20445.0,20535.0,495.0
1975,B6T0000001165,20040.0,0.0428,15,18,7,4,84.0,174.0,20619.0,20709.0,669.0
3306,B6T0000001385,19500.0,0.0144,40,3,7,4,85.0,176.0,20794.0,20885.0,1385.0
3276,B6T0000000714,20760.0,0.0148,42,14,8,4,122.0,250.0,21007.0,21135.0,375.0
3277,B6T0000000714,20760.0,0.0148,42,14,8,4,122.0,250.0,21257.0,21385.0,625.0
3307,B6T0000001385,19500.0,0.0144,40,3,7,4,85.0,176.0,21470.0,21561.0,2061.0
2995,B6T0000001393,29700.0,0.0191,28,5,7,4,65.0,136.0,29765.0,29836.0,136.0
2996,B6T0000001393,29700.0,0.0191,28,5,7,4,65.0,136.0,29901.0,29972.0,272.0
2997,B6T0000001393,29700.0,0.0191,28,5,8,4,65.0,136.0,30037.0,30108.0,408.0
1556,B6T0000001735,30180.0,0.0635,5,7,7,4,23.0,52.0,30203.0,30232.0,52.0
1555,B6T0000001735,30180.0,0.0635,5,7,7,4,23.0,52.0,30255.0,30284.0,104.0
1554,B6T0000001735,30180.0,0.0635,5,7,8,4,23.0,52.0,30307.0,30336.0,156.0
1565,B6T0000001735,30180.0,0.0635,5,7,8,4,23.0,52.0,30359.0,30388.0,208.0
3275,B6T0000000569,34500.0,0.0148,20,35,8,4,162.00000000000006,330.0000000000001,34662.0,34830.0,330.0
1717,B6T0000001672,34800.0,0.056,7,6,7,4,25.0,56.0,34855.0,34886.0,86.0
1723,B6T0000001672,34800.0,0.056,7,6,7,4,25.0,56.0,34911.0,34942.0,142.0
1724,B6T0000001672,34800.0,0.056,7,6,8,4,25.0,56.0,34967.0,34998.0,198.0
1718,B6T0000001672,34800.0,0.056,7,6,8,4,25.0,56.0,35023.0,35054.0,254.0
3274,B6T0000000569,34500.0,0.0148,20,35,8,4,162.00000000000006,330.0000000000001,35216.0,35384.0,884.0
2966,B6T0000000501,35940.0,0.0196,11,36,7,4,148.00000000000006,302.0000000000001,36088.0,36242.0,302.0
2367,B6T0000001801,37560.0,0.0316,13,7,7,4,39.0,84.0,37599.0,37644.0,84.0
2364,B6T0000001801,37560.0,0.0316,13,7,7,4,39.0,84.0,37683.0,37728.0,168.0
2363,B6T0000001801,37560.0,0.0316,13,7,8,4,39.0,84.0,37767.0,37812.0,252.0
2365,B6T0000001801,37560.0,0.0316,13,7,8,4,39.0,84.0,37851.0,37896.0,336.0
3483,B6T0000000952,41040.0,0.0122,47,16,7,4,140.0,286.0,41180.0,41326.0,286.0
3482,B6T0000000952,41040.0,0.0122,47,16,7,4,140.0,286.0,41466.0,41612.0,572.0
2058,B6T0000000120,43740.0,0.0408,7,48,7,4,193.50000000000009,393.00000000000017,43933.5,44133.0,393.0
2063,B6T0000000120,43740.0,0.0408,7,48,7,4,193.50000000000009,393.00000000000017,44326.5,44526.0,786.0
2062,B6T0000000120,43740.0,0.0408,7,48,8,4,193.50000000000009,393.00000000000017,44719.5,44919.0,1179.0
2061,B6T0000000120,43740.0,0.0408,7,48,8,4,193.50000000000009,393.00000000000017,45112.5,45312.0,1572.0
3496,B6T0000001087,44100.0,0.0121,44,19,8,4,146.0,298.0,45458.0,45610.0,1510.0
3497,B6T0000001087,44100.0,0.0121,44,19,8,4,146.0,298.0,45756.0,45908.0,1808.0
2554,B6T0000001153,50820.0,0.0268,31,10,7,4,84.0,174.0,50904.0,50994.0,174.0
2553,B6T0000001153,50820.0,0.0268,31,10,7,4,84.0,174.0,51078.0,51168.0,348.0
2552,B6T0000001153,50820.0,0.0268,31,10,8,4,84.0,174.0,51252.0,51342.0,522.0
2551,B6T0000001153,50820.0,0.0268,31,10,8,4,84.0,174.0,51426.0,51516.0,696.0
2890,B6T0000001622,51720.0,0.0206,26,5,8,4,61.0,128.0,51781.0,51848.0,128.0
2892,B6T0000001622,51720.0,0.0206,26,5,8,4,61.0,128.0,51909.0,51976.0,256.0
664,B6T0000001698,53940.0,0.1619,1,8,7,4,17.0,40.0,53957.0,53980.0,40.0
665,B6T0000001698,53940.0,0.1619,1,8,7,4,17.0,40.0,53997.0,54020.0,80.0
663,B6T0000001698,53940.0,0.1619,1,8,8,4,17.0,40.0,54037.0,54060.0,120.0
662,B6T0000001698,53940.0,0.1619,1,8,8,4,17.0,40.0,54077.0,54100.0,160.0
1573,B6T0000001553,54360.0,0.0624,8,2,7,4,19.0,44.0,54379.0,54404.0,44.0
1566,B6T0000001553,54360.0,0.0624,8,2,7,4,19.0,44.0,54423.0,54448.0,88.0
1576,B6T0000001553,54360.0,0.0624,8,2,8,4,19.0,44.0,54467.0,54492.0,132.0
1575,B6T0000001553,54360.0,0.0624,8,2,8,4,19.0,44.0,54511.0,54536.0,176.0
2282,B6T0000001811,54600.0,0.0345,15,2,7,4,33.0,72.0,54633.0,54672.0,72.0
2279,B6T0000001811,54600.0,0.0345,15,2,7,4,33.0,72.0,54705.0,54744.0,144.0
366,B6T0000001440,55500.0,0.1918,2,5,7,4,13.0,32.0,55513.0,55532.0,32.0
371,B6T0000001440,55500.0,0.1918,2,5,7,4,13.0,32.0,55545.0,55564.0,64.0
365,B6T0000001440,55500.0,0.1918,2,5,8,4,13.0,32.0,55577.0,55596.0,96.0
378,B6T0000001440,55500.0,0.1918,2,5,8,4,13.0,32.0,55609.0,55628.0,128.0
449,B6T0000000678,56040.0,0.1895,10,9,7,4,38.0,82.0,56078.0,56122.0,82.0
438,B6T0000000678,56040.0,0.1895,10,9,7,4,38.0,82.0,56160.0,56204.0,164.0
452,B6T0000000678,56040.0,0.1895,10,9,8,4,38.0,82.0,56242.0,56286.0,246.0
453,B6T0000000678,56040.0,0.1895,10,9,8,4,38.0,82.0,56324.0,56368.0,328.0
2688,B6T0000001182,85740.0,0.0238,4,38,8,4,142.00000000000006,290.0000000000001,85882.0,86030.0,290.0
1947,B6T0000000292,85980.0,0.0437,11,44,7,4,181.50000000000009,369.00000000000017,86211.5,86399.0,419.0
1471,B6T0000000631,86280.0,0.0678,3,24,8,4,84.00000000000001,174.00000000000003,86483.0,86573.0,293.0
1480,B6T0000000631,86280.0,0.0678,3,24,8,4,84.00000000000001,174.00000000000003,86657.0,86747.0,467.0
1381,B6T0000000104,86580.0,0.0753,5,46,7,4,179.50000000000009,365.00000000000017,86926.5,87112.0,532.0
550,B6T0000001197,86940.0,0.1865,5,14,7,4,47.99999999999999,101.99999999999999,87160.0,87214.0,274.0
1382,B6T0000000104,86580.0,0.0753,5,46,7,4,179.50000000000009,365.00000000000017,87393.5,87579.0,999.0
1383,B6T0000000104,86580.0,0.0753,5,46,8,4,179.50000000000009,365.00000000000017,87758.5,87944.0,1364.0
125,B6T0000000154,87720.0,0.3556,1,44,7,4,161.50000000000009,329.00000000000017,88105.5,88273.0,553.0
121,B6T0000000154,87720.0,0.3556,1,44,7,4,161.50000000000009,329.00000000000017,88434.5,88602.0,882.0
114,B6T0000000154,87720.0,0.3556,1,44,8,4,161.50000000000009,329.00000000000017,88763.5,88931.0,1211.0
115,B6T0000000154,87720.0,0.3556,1,44,8,4,161.50000000000009,329.00000000000017,89092.5,89260.0,1540.0
802,B6T0000000540,88380.0,0.1348,2,18,7,4,58.0,122.0,89318.0,89382.0,1002.0
799,B6T0000000540,88380.0,0.1348,2,18,7,4,58.0,122.0,89440.0,89504.0,1124.0
1388,B6T0000000104,86580.0,0.0753,5,46,8,4,179.50000000000009,365.00000000000017,89683.5,89869.0,3289.0
1666,B6T0000001355,87000.0,0.0579,9,1,7,4,19.0,44.0,89888.0,89913.0,2913.0
1670,B6T0000001355,87000.0,0.0579,9,1,7,4,19.0,44.0,89932.0,89957.0,2957.0
1671,B6T0000001355,87000.0,0.0579,9,1,8,4,19.0,44.0,89976.0,90001.0,3001.0
1672,B6T0000001355,87000.0,0.0579,9,1,8,4,19.0,44.0,90020.0,90045.0,3045.0
1836,B6T0000000536,86760.0,0.0502,8,23,7,4,90.00000000000001,186.00000000000003,90135.0,90231.0,3471.0
1837,B6T0000000536,86760.0,0.0502,8,23,7,4,90.00000000000001,186.00000000000003,90321.0,90417.0,3657.0
1839,B6T0000000536,86760.0,0.0502,8,23,8,4,90.00000000000001,186.00000000000003,90507.0,90603.0,3843.0
1840,B6T0000000536,86760.0,0.0502,8,23,8,4,90.00000000000001,186.00000000000003,90693.0,90789.0,4029.0
1946,B6T0000000292,85980.0,0.0437,11,44,7,4,181.50000000000009,369.00000000000017,90970.5,91158.0,5178.0
1945,B6T0000000292,85980.0,0.0437,11,44,8,4,181.50000000000009,369.00000000000017,91339.5,91527.0,5547.0
1942,B6T0000000292,85980.0,0.0437,11,44,8,4,181.50000000000009,369.00000000000017,91708.5,91896.0,5916.0
1830,B6T0000001148,91620.0,0.0505,10,21,7,4,86.00000000000001,178.00000000000003,91982.0,92074.0,454.0
1824,B6T0000001148,91620.0,0.0505,10,21,7,4,86.00000000000001,178.00000000000003,92160.0,92252.0,632.0
1831,B6T0000001148,91620.0,0.0505,10,21,8,4,86.00000000000001,178.00000000000003,92338.0,92430.0,810.0
1826,B6T0000001148,91620.0,0.0505,10,21,8,4,86.00000000000001,178.00000000000003,92516.0,92608.0,988.0
2690,B6T0000001182,85740.0,0.0238,4,38,8,4,142.00000000000006,290.0000000000001,92750.0,92898.0,7158.0
2745,B6T0000001086,86580.0,0.0229,24,20,7,4,110.00000000000001,226.00000000000003,93008.0,93124.0,6544.0
2746,B6T0000001086,86580.0,0.0229,24,20,7,4,110.00000000000001,226.00000000000003,93234.0,93350.0,6770.0
2754,B6T0000000327,87720.0,0.0228,19,25,7,4,120.0,246.0,93470.0,93596.0,5876.0
2753,B6T0000000327,87720.0,0.0228,19,25,7,4,120.0,246.0,93716.0,93842.0,6122.0
2752,B6T0000000327,87720.0,0.0228,19,25,8,4,120.0,246.0,93962.0,94088.0,6368.0
2755,B6T0000000327,87720.0,0.0228,19,25,8,4,120.0,246.0,94208.0,94334.0,6614.0
3101,B6T0000000457,87120.0,0.0175,18,32,7,4,146.00000000000003,298.00000000000006,94480.0,94632.0,7512.0
3286,B6T0000000783,88020.0,0.0147,37,19,7,4,132.0,270.0,94764.0,94902.0,6882.0
3131,B6T0000000538,94860.0,0.017,26,25,7,4,134.0,274.0,95036.0,95176.0,316.0
3132,B6T0000000538,94860.0,0.017,26,25,7,4,134.0,274.0,95310.0,95450.0,590.0
3130,B6T0000000538,94860.0,0.017,26,25,8,4,134.0,274.0,95584.0,95724.0,864.0
3287,B6T0000000783,88020.0,0.0147,37,19,7,4,132.0,270.0,95856.0,95994.0,7974.0
3528,B6T0000000262,86640.0,0.0117,35,48,8,4,249.50000000000009,505.00000000000017,96243.5,96499.0,9859.0
3529,B6T0000000262,86640.0,0.0117,35,48,8,4,249.50000000000009,505.00000000000017,96748.5,97004.0,10364.0
3546,B6T0000001365,85740.0,0.0116,49,5,8,4,107.0,220.0,97111.0,97224.0,11484.0
1407,B6T0000000408,97140.0,0.0738,3,23,7,4,80.00000000000001,166.00000000000003,97304.0,97390.0,250.0
1408,B6T0000000408,97140.0,0.0738,3,23,7,4,80.00000000000001,166.00000000000003,97470.0,97556.0,416.0
1321,B6T0000000836,97500.0,0.0806,14,12,7,4,58.0,122.0,97614.0,97678.0,178.0
1318,B6T0000000836,97500.0,0.0806,14,12,7,4,58.0,122.0,97736.0,97800.0,300.0
1317,B6T0000000836,97500.0,0.0806,14,12,8,4,58.0,122.0,97858.0,97922.0,422.0
1414,B6T0000000408,97140.0,0.0738,3,23,8,4,80.00000000000001,166.00000000000003,98002.0,98088.0,948.0
1416,B6T0000000408,97140.0,0.0738,3,23,8,4,80.00000000000001,166.00000000000003,98168.0,98254.0,1114.0
3547,B6T0000001365,85740.0,0.0116,49,5,8,4,107.0,220.0,98361.0,98474.0,12734.0
3542,B6T0000000587,88980.0,0.0116,27,38,7,4,188.00000000000006,382.0000000000001,98662.0,98856.0,9876.0
3543,B6T0000000587,88980.0,0.0116,27,38,7,4,188.00000000000006,382.0000000000001,99044.0,99238.0,10258.0
3676,B6T0000000818,86820.0,0.0108,42,27,7,4,174.0,354.0,99412.0,99592.0,12772.0
3677,B6T0000000818,86820.0,0.0108,42,27,7,4,174.0,354.0,99766.0,99946.0,13126.0
1051,B6T0000001185,106140.0,0.1039,3,20,7,4,68.00000000000001,142.00000000000003,106208.0,106282.0,142.0
1052,B6T0000001185,106140.0,0.1039,3,20,7,4,68.00000000000001,142.00000000000003,106350.0,106424.0,284.0
1054,B6T0000001185,106140.0,0.1039,3,20,8,4,68.00000000000001,142.00000000000003,106492.0,106566.0,426.0
2445,B6T0000001189,107400.0,0.0289,18,21,7,4,102.00000000000001,210.00000000000003,107502.0,107610.0,210.0
59,B6T0000001664,118260.0,0.5883,2,2,7,4,7.0,20.0,118267.0,118280.0,20.0
61,B6T0000001664,118260.0,0.5883,2,2,7,4,7.0,20.0,118287.0,118300.0,40.0
60,B6T0000001664,118260.0,0.5883,2,2,8,4,7.0,20.0,118307.0,118320.0,60.0
62,B6T0000001664,118260.0,0.5883,2,2,8,4,7.0,20.0,118327.0,118340.0,80.0
3303,B6T0000000583,119280.0,0.0144,46,11,7,4,118.0,242.0,119398.0,119522.0,242.0
3302,B6T0000000583,119280.0,0.0144,46,11,7,4,118.0,242.0,119640.0,119764.0,484.0
40,B6T0000001104,123540.0,0.8431,4,9,7,4,25.999999999999996,57.99999999999999,123566.0,123598.0,58.0
844,B6T0000001220,125940.0,0.1275,12,9,8,4,42.0,90.0,125982.0,126030.0,90.0
843,B6T0000001220,125940.0,0.1275,12,9,8,4,42.0,90.0,126072.0,126120.0,180.0
1578,B6T0000001102,127620.0,0.0622,3,25,7,4,88.0,182.0,127708.0,127802.0,182.0
3728,B6T0000000407,130440.0,0.0104,63,9,8,4,144.0,294.0,130584.0,130734.0,294.0
3729,B6T0000000407,130440.0,0.0104,63,9,8,4,144.0,294.0,130878.0,131028.0,588.0
36,B6T0000001104,132060.0,0.8431,4,9,7,4,25.999999999999996,57.99999999999999,132086.0,132118.0,58.0
37,B6T0000001104,132060.0,0.8431,4,9,8,4,25.999999999999996,57.99999999999999,132144.0,132176.0,116.0
38,B6T0000001104,132060.0,0.8431,4,9,8,4,25.999999999999996,57.99999999999999,132202.0,132234.0,174.0
3524,B6T0000000430,133560.0,0.0118,33,31,7,4,172.00000000000003,350.00000000000006,133732.0,133910.0,350.0
3525,B6T0000000430,133560.0,0.0118,33,31,7,4,172.00000000000003,350.00000000000006,134082.0,134260.0,700.0
2636,B6T0000001516,139920.0,0.0247,19,8,7,4,53.0,112.0,139973.0,140032.0,112.0
2637,B6T0000001516,139920.0,0.0247,19,8,7,4,53.0,112.0,140085.0,140144.0,224.0
1923,B6T0000001647,140340.0,0.0445,9,6,7,4,29.0,64.0,140369.0,140404.0,64.0
1924,B6T0000001647,140340.0,0.0445,9,6,7,4,29.0,64.0,140433.0,140468.0,128.0
2784,B6T0000000541,141120.0,0.0225,13,31,7,4,132.00000000000003,270.00000000000006,141252.0,141390.0,270.0
2785,B6T0000000541,141120.0,0.0225,13,31,7,4,132.00000000000003,270.00000000000006,141522.0,141660.0,540.0
2786,B6T0000000541,141120.0,0.0225,13,31,8,4,132.00000000000003,270.00000000000006,141792.0,141930.0,810.0
2787,B6T0000000541,141120.0,0.0225,13,31,8,4,132.00000000000003,270.00000000000006,142062.0,142200.0,1080.0
82,B6T0000000261,143280.0,0.4826,1,43,7,4,156.50000000000009,319.00000000000017,143436.5,143599.0,319.0
68,B6T0000000261,143280.0,0.4826,1,43,7,4,156.50000000000009,319.00000000000017,143755.5,143918.0,638.0
70,B6T0000000261,143280.0,0.4826,1,43,8,4,156.50000000000009,319.00000000000017,144074.5,144237.0,957.0
3339,B6T0000000019,172380.0,0.0138,33,44,8,4,225.50000000000009,457.00000000000017,172605.5,172837.0,457.0
2030,B6T0000000271,172500.0,0.0413,13,43,7,4,180.50000000000009,367.00000000000017,173017.5,173204.0,704.0
2029,B6T0000000271,172500.0,0.0413,13,43,7,4,180.50000000000009,367.00000000000017,173384.5,173571.0,1071.0
2033,B6T0000000271,172500.0,0.0413,13,43,8,4,180.50000000000009,367.00000000000017,173751.5,173938.0,1438.0
764,B6T0000000843,173880.0,0.1548,5,15,7,4,51.99999999999999,109.99999999999999,173990.0,174048.0,168.0
780,B6T0000000843,173880.0,0.1548,5,15,7,4,51.99999999999999,109.99999999999999,174100.0,174158.0,278.0
763,B6T0000000843,173880.0,0.1548,5,15,8,4,51.99999999999999,109.99999999999999,174210.0,174268.0,388.0
778,B6T0000000843,173880.0,0.1548,5,15,8,4,51.99999999999999,109.99999999999999,174320.0,174378.0,498.0
1293,B6T0000000996,174180.0,0.0826,1,24,7,4,80.00000000000001,166.00000000000003,174458.0,174544.0,364.0
1294,B6T0000000996,174180.0,0.0826,1,24,7,4,80.00000000000001,166.00000000000003,174624.0,174710.0,530.0
1295,B6T0000000996,174180.0,0.0826,1,24,8,4,80.00000000000001,166.00000000000003,174790.0,174876.0,696.0
1177,B6T0000001103,174780.0,0.0925,3,21,7,4,72.00000000000001,150.00000000000003,174948.0,175026.0,246.0
1192,B6T0000001103,174780.0,0.0925,3,21,7,4,72.00000000000001,150.00000000000003,175098.0,175176.0,396.0
1191,B6T0000001103,174780.0,0.0925,3,21,8,4,72.00000000000001,150.00000000000003,175248.0,175326.0,546.0
1190,B6T0000001103,174780.0,0.0925,3,21,8,4,72.00000000000001,150.00000000000003,175398.0,175476.0,696.0
1304,B6T0000000996,174180.0,0.0826,1,24,8,4,80.00000000000001,166.00000000000003,175556.0,175642.0,1462.0
2518,B6T0000001724,174720.0,0.0276,16,8,7,4,47.0,100.0,175689.0,175742.0,1022.0
2517,B6T0000001724,174720.0,0.0276,16,8,7,4,47.0,100.0,175789.0,175842.0,1122.0
2516,B6T0000001724,174720.0,0.0276,16,8,8,4,47.0,100.0,175889.0,175942.0,1222.0
2515,B6T0000001724,174720.0,0.0276,16,8,8,4,47.0,100.0,175989.0,176042.0,1322.0
2540,B6T0000001206,173460.0,0.027,2,38,8,4,138.00000000000006,282.0000000000001,176180.0,176324.0,2864.0
2542,B6T0000001206,173460.0,0.027,2,38,8,4,138.00000000000006,282.0000000000001,176462.0,176606.0,3146.0
3156,B6T0000001701,173160.0,0.0166,32,8,7,4,79.0,164.0,176685.0,176770.0,3610.0
3188,B6T0000000316,175260.0,0.016,23,48,7,4,225.50000000000009,457.00000000000017,176995.5,177227.0,1967.0
3187,B6T0000000316,175260.0,0.016,23,48,7,4,225.50000000000009,457.00000000000017,177452.5,177684.0,2424.0
3189,B6T0000000316,175260.0,0.016,23,48,8,4,225.50000000000009,457.00000000000017,177909.5,178141.0,2881.0
3338,B6T0000000019,172380.0,0.0138,33,44,8,4,225.50000000000009,457.00000000000017,178366.5,178598.0,6218.0
3733,B6T0000000821,174420.0,0.0104,30,41,8,4,206.00000000000006,418.0000000000001,178804.0,179016.0,4596.0
3732,B6T0000000821,174420.0,0.0104,30,41,8,4,206.00000000000006,418.0000000000001,179222.0,179434.0,5014.0
795,B6T0000000540,181140.0,0.1348,2,18,8,4,58.0,122.0,181198.0,181262.0,122.0
791,B6T0000000540,181140.0,0.1348,2,18,8,4,58.0,122.0,181320.0,181384.0,244.0
3325,B6T0000001530,181980.0,0.0141,42,1,8,4,85.0,176.0,182065.0,182156.0,176.0
2823,B6T0000000646,182040.0,0.0219,32,13,7,4,98.0,202.0,182254.0,182358.0,318.0
2822,B6T0000000646,182040.0,0.0219,32,13,7,4,98.0,202.0,182456.0,182560.0,520.0
3324,B6T0000001530,181980.0,0.0141,42,1,8,4,85.0,176.0,182645.0,182736.0,756.0
2000,B6T0000001313,185160.0,0.0427,13,20,7,4,88.0,182.0,185248.0,185342.0,182.0
2002,B6T0000001313,185160.0,0.0427,13,20,7,4,88.0,182.0,185430.0,185524.0,364.0
2003,B6T0000001313,185160.0,0.0427,13,20,8,4,88.0,182.0,185612.0,185706.0,546.0
2004,B6T0000001313,185160.0,0.0427,13,20,8,4,88.0,182.0,185794.0,185888.0,728.0
189,B6T0000000932,190140.0,0.3317,8,9,7,4,34.0,74.0,190174.0,190214.0,74.0
190,B6T0000000932,190140.0,0.3317,8,9,7,4,34.0,74.0,190248.0,190288.0,148.0
3366,B6T0000000940,198420.0,0.0135,18,40,8,4,178.00000000000006,362.0000000000001,198598.0,198782.0,362.0
3367,B6T0000000940,198420.0,0.0135,18,40,8,4,178.00000000000006,362.0000000000001,198960.0,199144.0,724.0
2898,B6T0000000865,201000.0,0.0205,11,35,8,4,144.00000000000006,294.0000000000001,201144.0,201294.0,294.0
2897,B6T0000000865,201000.0,0.0205,11,35,8,4,144.00000000000006,294.0000000000001,201438.0,201588.0,588.0
1141,B6T0000000395,202320.0,0.0958,8,16,7,4,61.99999999999999,130.0,202382.0,202450.0,130.0
1137,B6T0000000395,202320.0,0.0958,8,16,7,4,61.99999999999999,130.0,202512.0,202580.0,260.0
1133,B6T0000000395,202320.0,0.0958,8,16,8,4,61.99999999999999,130.0,202642.0,202710.0,390.0
1134,B6T0000000395,202320.0,0.0958,8,16,8,4,61.99999999999999,130.0,202772.0,202840.0,520.0
206,B6T0000000581,203400.0,0.27,1,16,8,4,47.99999999999999,101.99999999999999,203448.0,203502.0,102.0
207,B6T0000000581,203400.0,0.27,1,16,8,4,47.99999999999999,101.99999999999999,203550.0,203604.0,204.0
827,B6T0000001427,203700.0,0.1296,4,4,7,4,15.0,36.0,203715.0,203736.0,36.0
820,B6T0000001427,203700.0,0.1296,4,4,7,4,15.0,36.0,203751.0,203772.0,72.0
821,B6T0000001427,203700.0,0.1296,4,4,8,4,15.0,36.0,203787.0,203808.0,108.0
822,B6T0000001427,203700.0,0.1296,4,4,8,4,15.0,36.0,203823.0,203844.0,144.0
3535,B6T0000000946,217740.0,0.0117,45,20,8,4,152.0,310.0,217892.0,218050.0,310.0
3534,B6T0000000946,217740.0,0.0117,45,20,8,4,152.0,310.0,218202.0,218360.0,620.0
1464,B6T0000000897,219840.0,0.0684,6,21,7,4,78.00000000000001,162.00000000000003,219918.0,220002.0,162.0
1463,B6T0000000897,219840.0,0.0684,6,21,7,4,78.00000000000001,162.00000000000003,220080.0,220164.0,324.0
1462,B6T0000000897,219840.0,0.0684,6,21,8,4,78.00000000000001,162.00000000000003,220242.0,220326.0,486.0
1461,B6T0000000897,219840.0,0.0684,6,21,8,4,78.00000000000001,162.00000000000003,220404.0,220488.0,648.0
3401,B6T0000000889,223500.0,0.0131,50,10,7,4,122.0,250.0,223622.0,223750.0,250.0
3400,B6T0000000889,223500.0,0.0131,50,10,7,4,122.0,250.0,223872.0,224000.0,500.0
457,B6T0000001382,226740.0,0.1892,4,2,7,4,11.0,28.0,226751.0,226768.0,28.0
456,B6T0000001382,226740.0,0.1892,4,2,7,4,11.0,28.0,226779.0,226796.0,56.0
3129,B6T0000000861,228420.0,0.0171,34,17,7,4,118.0,242.0,228538.0,228662.0,242.0
3128,B6T0000000861,228420.0,0.0171,34,17,7,4,118.0,242.0,228780.0,228904.0,484.0
3127,B6T0000000861,228420.0,0.0171,34,17,8,4,118.0,242.0,229022.0,229146.0,726.0
3202,B6T0000001891,228720.0,0.0159,36,4,7,4,79.0,164.0,229225.0,229310.0,590.0
3384,B6T0000001340,258900.0,0.0133,43,3,7,4,90.99999999999999,187.99999999999997,258991.0,259088.0,188.0
3385,B6T0000001340,258900.0,0.0133,43,3,7,4,90.99999999999999,187.99999999999997,259179.0,259276.0,376.0
157,B6T0000000810,259200.0,0.3397,1,15,7,4,43.99999999999999,93.99999999999999,259320.0,259370.0,170.0
161,B6T0000000810,259200.0,0.3397,1,15,7,4,43.99999999999999,93.99999999999999,259414.0,259464.0,264.0
168,B6T0000000810,259200.0,0.3397,1,15,8,4,43.99999999999999,93.99999999999999,259508.0,259558.0,358.0
150,B6T0000000810,259200.0,0.3397,1,15,8,4,43.99999999999999,93.99999999999999,259602.0,259652.0,452.0
263,B6T0000001466,259560.0,0.2415,2,4,7,4,11.0,28.0,259663.0,259680.0,120.0
258,B6T0000001466,259560.0,0.2415,2,4,7,4,11.0,28.0,259691.0,259708.0,148.0
259,B6T0000001466,259560.0,0.2415,2,4,8,4,11.0,28.0,259719.0,259736.0,176.0
260,B6T0000001466,259560.0,0.2415,2,4,8,4,11.0,28.0,259747.0,259764.0,204.0
3378,B6T0000001412,259560.0,0.0134,41,6,7,4,93.0,192.0,259857.0,259956.0,396.0
3379,B6T0000001412,259560.0,0.0134,41,6,7,4,93.0,192.0,260049.0,260148.0,588.0
3671,B6T0000000334,260760.0,0.0108,37,32,8,4,184.00000000000003,374.00000000000006,260944.0,261134.0,374.0
3670,B6T0000000334,260760.0,0.0108,37,32,8,4,184.00000000000003,374.00000000000006,261318.0,261508.0,748.0
1612,B6T0000001083,261420.0,0.0602,20,9,7,4,58.0,122.0,261566.0,261630.0,210.0
1617,B6T0000001083,261420.0,0.0602,20,9,7,4,58.0,122.0,261688.0,261752.0,332.0
1616,B6T0000001083,261420.0,0.0602,20,9,8,4,58.0,122.0,261810.0,261874.0,454.0
1620,B6T0000001083,261420.0,0.0602,20,9,8,4,58.0,122.0,261932.0,261996.0,576.0
2661,B6T0000001882,261960.0,0.024,20,8,8,4,55.0,116.0,262051.0,262112.0,152.0
2662,B6T0000001882,261960.0,0.024,20,8,8,4,55.0,116.0,262167.0,262228.0,268.0
3259,B6T0000000138,262500.0,0.0151,28,45,8,4,220.50000000000009,447.00000000000017,262720.5,262947.0,447.0
3258,B6T0000000138,262500.0,0.0151,28,45,8,4,220.50000000000009,447.00000000000017,263167.5,263394.0,894.0
3700,B6T0000000356,264720.0,0.0106,35,35,8,4,192.00000000000006,390.0000000000001,264912.0,265110.0,390.0
3701,B6T0000000356,264720.0,0.0106,35,35,8,4,192.00000000000006,390.0000000000001,265302.0,265500.0,780.0
3448,B6T0000000642,266460.0,0.0126,25,36,8,4,176.00000000000006,358.0000000000001,266636.0,266818.0,358.0
3449,B6T0000000642,266460.0,0.0126,25,36,8,4,176.00000000000006,358.0000000000001,266994.0,267176.0,716.0
3140,B6T0000000039,270240.0,0.0168,27,44,8,4,213.50000000000009,433.00000000000017,270453.5,270673.0,433.0
3141,B6T0000000039,270240.0,0.0168,27,44,8,4,213.50000000000009,433.00000000000017,270886.5,271106.0,866.0
2562,B6T0000001537,271980.0,0.0268,20,2,7,4,43.0,92.0,272023.0,272072.0,92.0
2563,B6T0000001537,271980.0,0.0268,20,2,7,4,43.0,92.0,272115.0,272164.0,184.0
2560,B6T0000001537,271980.0,0.0268,20,2,8,4,43.0,92.0,272207.0,272256.0,276.0
1004,B6T0000001090,275880.0,0.1122,11,12,7,4,52.0,110.0,275932.0,275990.0,110.0
2668,B6T0000000193,276480.0,0.0239,12,50,7,4,213.50000000000009,433.00000000000017,276693.5,276913.0,433.0
2670,B6T0000000193,276480.0,0.0239,12,50,7,4,213.50000000000009,433.00000000000017,277126.5,277346.0,866.0
2669,B6T0000000193,276480.0,0.0239,12,50,8,4,213.50000000000009,433.00000000000017,277559.5,277779.0,1299.0
2671,B6T0000000193,276480.0,0.0239,12,50,8,4,213.50000000000009,433.00000000000017,277992.5,278212.0,1732.0
2774,B6T0000000030,280620.0,0.0226,17,47,7,4,208.50000000000009,423.00000000000017,280828.5,281043.0,423.0
2775,B6T0000000030,280620.0,0.0226,17,47,7,4,208.50000000000009,423.00000000000017,281251.5,281466.0,846.0
3262,B6T0000000078,281040.0,0.015,22,50,7,4,233.50000000000009,473.00000000000017,281699.5,281939.0,899.0
3263,B6T0000000078,281040.0,0.015,22,50,7,4,233.50000000000009,473.00000000000017,282172.5,282412.0,1372.0
574,B6T0000001238,286080.0,0.1832,3,16,7,4,51.99999999999999,109.99999999999999,286132.0,286190.0,110.0
573,B6T0000001238,286080.0,0.1832,3,16,7,4,51.99999999999999,109.99999999999999,286242.0,286300.0,220.0
572,B6T0000001238,286080.0,0.1832,3,16,8,4,51.99999999999999,109.99999999999999,286352.0,286410.0,330.0
576,B6T0000001238,286080.0,0.1832,3,16,8,4,51.99999999999999,109.99999999999999,286462.0,286520.0,440.0
1343,B6T0000000043,286500.0,0.0765,6,45,7,4,176.50000000000009,359.00000000000017,286696.5,286879.0,379.0
1346,B6T0000000043,286500.0,0.0765,6,45,7,4,176.50000000000009,359.00000000000017,287055.5,287238.0,738.0
1341,B6T0000000043,286500.0,0.0765,6,45,8,4,176.50000000000009,359.00000000000017,287414.5,287597.0,1097.0
1344,B6T0000000043,286500.0,0.0765,6,45,8,4,176.50000000000009,359.00000000000017,287773.5,287956.0,1456.0
1096,B6T0000001415,287640.0,0.1031,3,7,7,4,19.0,44.0,287975.0,288000.0,360.0
2110,B6T0000000611,287400.0,0.0395,2,32,8,4,114.00000000000003,234.00000000000006,288114.0,288234.0,834.0
2109,B6T0000000611,287400.0,0.0395,2,32,8,4,114.00000000000003,234.00000000000006,288348.0,288468.0,1068.0
3360,B6T0000000601,289020.0,0.0136,28,30,7,4,158.00000000000003,322.00000000000006,289178.0,289342.0,322.0
3361,B6T0000000601,289020.0,0.0136,28,30,7,4,158.00000000000003,322.00000000000006,289500.0,289664.0,644.0
3498,B6T0000001296,293100.0,0.0121,40,23,8,4,154.0,314.0,293254.0,293414.0,314.0
3499,B6T0000001296,293100.0,0.0121,40,23,8,4,154.0,314.0,293568.0,293728.0,628.0
1374,B6T0000000150,295080.0,0.0758,1,49,7,4,186.50000000000009,379.00000000000017,295266.5,295459.0,379.0
1373,B6T0000000150,295080.0,0.0758,1,49,7,4,186.50000000000009,379.00000000000017,295645.5,295838.0,758.0
467,B6T0000001382,295740.0,0.1892,4,2,8,4,11.0,28.0,295849.0,295866.0,126.0
466,B6T0000001382,295740.0,0.1892,4,2,8,4,11.0,28.0,295877.0,295894.0,154.0
1371,B6T0000000150,295080.0,0.0758,1,49,8,4,186.50000000000009,379.00000000000017,296080.5,296273.0,1193.0
1367,B6T0000000150,295080.0,0.0758,1,49,8,4,186.50000000000009,379.00000000000017,296459.5,296652.0,1572.0
2535,B6T0000001134,301020.0,0.027,5,35,8,4,132.00000000000006,270.0000000000001,301152.0,301290.0,270.0
2536,B6T0000001134,301020.0,0.027,5,35,8,4,132.00000000000006,270.0000000000001,301422.0,301560.0,540.0
1227,B6T0000000577,301800.0,0.0912,1,23,7,4,76.00000000000001,158.00000000000003,301876.0,301958.0,158.0
1226,B6T0000000577,301800.0,0.0912,1,23,7,4,76.00000000000001,158.00000000000003,302034.0,302116.0,316.0
340,B6T0000000139,301980.0,0.2024,1,45,7,4,166.50000000000009,339.00000000000017,302282.5,302455.0,475.0
334,B6T0000000139,301980.0,0.2024,1,45,7,4,166.50000000000009,339.00000000000017,302621.5,302794.0,814.0
339,B6T0000000139,301980.0,0.2024,1,45,8,4,166.50000000000009,339.00000000000017,302960.5,303133.0,1153.0
338,B6T0000000139,301980.0,0.2024,1,45,8,4,166.50000000000009,339.00000000000017,303299.5,303472.0,1492.0
1211,B6T0000000577,301800.0,0.0912,1,23,8,4,76.00000000000001,158.00000000000003,303548.0,303630.0,1830.0
1225,B6T0000000577,301800.0,0.0912,1,23,8,4,76.00000000000001,158.00000000000003,303706.0,303788.0,1988.0
3064,B6T0000000340,306660.0,0.0182,19,30,7,4,140.00000000000003,286.00000000000006,306800.0,306946.0,286.0
3066,B6T0000000340,306660.0,0.0182,19,30,7,4,140.00000000000003,286.00000000000006,307086.0,307232.0,572.0
3065,B6T0000000340,306660.0,0.0182,19,30,8,4,140.00000000000003,286.00000000000006,307372.0,307518.0,858.0
1153,B6T0000000245,307800.0,0.0931,5,45,7,4,174.50000000000009,355.00000000000017,307974.5,308155.0,355.0
1162,B6T0000000245,307800.0,0.0931,5,45,7,4,174.50000000000009,355.00000000000017,308329.5,308510.0,710.0
1152,B6T0000000245,307800.0,0.0931,5,45,8,4,174.50000000000009,355.00000000000017,308684.5,308865.0,1065.0
1159,B6T0000000245,307800.0,0.0931,5,45,8,4,174.50000000000009,355.00000000000017,309039.5,309220.0,1420.0
302,B6T0000001196,309060.0,0.2132,5,13,7,4,44.0,94.0,309264.0,309314.0,254.0
293,B6T0000001196,309060.0,0.2132,5,13,7,4,44.0,94.0,309358.0,309408.0,348.0
308,B6T0000001196,309060.0,0.2132,5,13,8,4,44.0,94.0,309452.0,309502.0,442.0
306,B6T0000001196,309060.0,0.2132,5,13,8,4,44.0,94.0,309546.0,309596.0,536.0
2971,B6T0000000633,308520.0,0.0195,10,37,8,4,150.00000000000006,306.0000000000001,309746.0,309902.0,1382.0
509,B6T0000001101,309720.0,0.1876,7,12,7,4,44.0,94.0,309946.0,309996.0,276.0
489,B6T0000001101,309720.0,0.1876,7,12,7,4,44.0,94.0,310040.0,310090.0,370.0
490,B6T0000001101,309720.0,0.1876,7,12,8,4,44.0,94.0,310134.0,310184.0,464.0
491,B6T0000001101,309720.0,0.1876,7,12,8,4,44.0,94.0,310228.0,310278.0,558.0
2973,B6T0000000633,308520.0,0.0195,10,37,8,4,150.00000000000006,306.0000000000001,310428.0,310584.0,2064.0
251,B6T0000000581,311400.0,0.27,9,9,7,4,36.0,78.0,311436.0,311478.0,78.0
235,B6T0000000581,311400.0,0.27,9,9,7,4,36.0,78.0,311514.0,311556.0,156.0
252,B6T0000000581,311400.0,0.27,9,9,8,4,36.0,78.0,311592.0,311634.0,234.0
222,B6T0000000581,311400.0,0.27,9,9,8,4,36.0,78.0,311670.0,311712.0,312.0
83,B6T0000000261,316020.0,0.4826,1,43,8,4,156.50000000000009,319.00000000000017,316176.5,316339.0,319.0
185,B6T0000000932,345240.0,0.3317,8,9,8,4,34.0,74.0,345274.0,345314.0,74.0
187,B6T0000000932,345240.0,0.3317,8,9,8,4,34.0,74.0,345348.0,345388.0,148.0
140,B6T0000000154,345600.0,0.3556,3,43,7,4,160.50000000000009,327.00000000000017,345760.5,345927.0,327.0
143,B6T0000000154,345600.0,0.3556,3,43,7,4,160.50000000000009,327.00000000000017,346087.5,346254.0,654.0
144,B6T0000000154,345600.0,0.3556,3,43,8,4,160.50000000000009,327.00000000000017,346414.5,346581.0,981.0
141,B6T0000000154,345600.0,0.3556,3,43,8,4,160.50000000000009,327.00000000000017,346741.5,346908.0,1308.0
519,B6T0000001197,346440.0,0.1865,5,14,7,4,47.99999999999999,101.99999999999999,346956.0,347010.0,570.0
518,B6T0000001197,346440.0,0.1865,5,14,8,4,47.99999999999999,101.99999999999999,347058.0,347112.0,672.0
520,B6T0000001197,346440.0,0.1865,5,14,8,4,47.99999999999999,101.99999999999999,347160.0,347214.0,774.0
3719,B6T0000000332,346560.0,0.0105,55,16,7,4,156.0,318.0,347370.0,347532.0,972.0
3389,B6T0000001543,347400.0,0.0133,41,7,7,4,95.0,196.0,347627.0,347728.0,328.0
3388,B6T0000001543,347400.0,0.0133,41,7,7,4,95.0,196.0,347823.0,347924.0,524.0
3353,B6T0000000149,347820.0,0.0136,26,50,7,4,241.50000000000009,489.00000000000017,348165.5,348413.0,593.0
956,B6T0000000445,348180.0,0.1202,10,12,8,4,50.0,106.0,348463.0,348519.0,339.0
952,B6T0000000445,348180.0,0.1202,10,12,8,4,50.0,106.0,348569.0,348625.0,445.0
1742,B6T0000001149,348240.0,0.0557,15,15,7,4,72.0,150.0,348697.0,348775.0,535.0
1744,B6T0000001149,348240.0,0.0557,15,15,7,4,72.0,150.0,348847.0,348925.0,685.0
1741,B6T0000001149,348240.0,0.0557,15,15,8,4,72.0,150.0,348997.0,349075.0,835.0
1737,B6T0000001149,348240.0,0.0557,15,15,8,4,72.0,150.0,349147.0,349225.0,985.0
3352,B6T0000000149,347820.0,0.0136,26,50,7,4,241.50000000000009,489.00000000000017,349466.5,349714.0,1894.0
3313,B6T0000001948,349560.0,0.0144,38,7,7,4,89.0,184.0,349803.0,349898.0,338.0
3312,B6T0000001948,349560.0,0.0144,38,7,7,4,89.0,184.0,349987.0,350082.0,522.0
3428,B6T0000001112,347700.0,0.0128,40,21,7,4,146.0,298.0,350228.0,350380.0,2680.0
3429,B6T0000001112,347700.0,0.0128,40,21,7,4,146.0,298.0,350526.0,350678.0,2978.0
3718,B6T0000000332,346560.0,0.0105,55,16,7,4,156.0,318.0,350834.0,350996.0,4436.0
931,B6T0000000508,368640.0,0.1252,2,19,7,4,62.00000000000001,130.0,368702.0,368770.0,130.0
909,B6T0000000411,378000.0,0.1258,6,15,7,4,53.99999999999999,113.99999999999999,378054.0,378114.0,114.0
910,B6T0000000411,378000.0,0.1258,6,15,7,4,53.99999999999999,113.99999999999999,378168.0,378228.0,228.0
911,B6T0000000411,378000.0,0.1258,6,15,8,4,53.99999999999999,113.99999999999999,378282.0,378342.0,342.0
915,B6T0000000411,378000.0,0.1258,6,15,8,4,53.99999999999999,113.99999999999999,378396.0,378456.0,456.0
2390,B6T0000001989,400320.0,0.0308,17,2,7,4,37.0,80.0,400357.0,400400.0,80.0
2392,B6T0000001989,400320.0,0.0308,17,2,7,4,37.0,80.0,400437.0,400480.0,160.0
2181,B6T0000000571,400440.0,0.0371,2,33,8,4,118.00000000000003,242.00000000000006,400598.0,400722.0,282.0
2177,B6T0000000571,400440.0,0.0371,2,33,8,4,118.00000000000003,242.00000000000006,400840.0,400964.0,524.0
2394,B6T0000001989,400320.0,0.0308,17,2,8,4,37.0,80.0,401001.0,401044.0,724.0
2393,B6T0000001989,400320.0,0.0308,17,2,8,4,37.0,80.0,401081.0,401124.0,804.0
11,B6T0000001209,401940.0,1.3573,1,10,7,4,24.0,54.0,401964.0,401994.0,54.0
9,B6T0000001209,401940.0,1.3573,1,10,7,4,24.0,54.0,402018.0,402048.0,108.0
10,B6T0000001209,401940.0,1.3573,1,10,8,4,24.0,54.0,402072.0,402102.0,162.0
12,B6T0000001209,401940.0,1.3573,1,10,8,4,24.0,54.0,402126.0,402156.0,216.0
2598,B6T0000000683,431400.0,0.026,16,25,8,4,114.0,234.0,431514.0,431634.0,234.0
2595,B6T0000000683,431400.0,0.026,16,25,8,4,114.0,234.0,431748.0,431868.0,468.0
2686,B6T0000000229,431460.0,0.0238,21,43,8,4,196.50000000000009,399.00000000000017,432064.5,432267.0,807.0
860,B6T0000000001,431940.0,0.1272,1,47,7,4,176.50000000000009,359.00000000000017,432443.5,432626.0,686.0
859,B6T0000000001,431940.0,0.1272,1,47,7,4,176.50000000000009,359.00000000000017,432802.5,432985.0,1045.0
858,B6T0000000001,431940.0,0.1272,1,47,8,4,176.50000000000009,359.00000000000017,433161.5,433344.0,1404.0
856,B6T0000000001,431940.0,0.1272,1,47,8,4,176.50000000000009,359.00000000000017,433520.5,433703.0,1763.0
1665,B6T0000000614,432780.0,0.058,6,23,7,4,86.00000000000001,178.00000000000003,433789.0,433881.0,1101.0
625,B6T0000000469,433740.0,0.1623,11,9,7,4,40.0,86.0,433921.0,433967.0,227.0
631,B6T0000000469,433740.0,0.1623,11,9,7,4,40.0,86.0,434007.0,434053.0,313.0
632,B6T0000000469,433740.0,0.1623,11,9,8,4,40.0,86.0,434093.0,434139.0,399.0
629,B6T0000000469,433740.0,0.1623,11,9,8,4,40.0,86.0,434179.0,434225.0,485.0
937,B6T0000000508,434220.0,0.1252,2,19,7,4,62.00000000000001,130.0,434287.0,434355.0,135.0
946,B6T0000000508,434220.0,0.1252,2,19,8,4,62.00000000000001,130.0,434417.0,434485.0,265.0
945,B6T0000000508,434220.0,0.1252,2,19,8,4,62.00000000000001,130.0,434547.0,434615.0,395.0
1659,B6T0000000614,432780.0,0.058,6,23,7,4,86.00000000000001,178.00000000000003,434701.0,434793.0,2013.0
728,B6T0000000140,434640.0,0.1595,2,46,7,4,173.50000000000009,353.00000000000017,434966.5,435146.0,506.0
88,B6T0000000261,435000.0,0.4826,2,43,7,4,158.50000000000009,323.00000000000017,435304.5,435469.0,469.0
94,B6T0000000261,435000.0,0.4826,2,43,7,4,158.50000000000009,323.00000000000017,435627.5,435792.0,792.0
724,B6T0000000140,434640.0,0.1595,2,46,7,4,173.50000000000009,353.00000000000017,435965.5,436145.0,1505.0
722,B6T0000000140,434640.0,0.1595,2,46,8,4,173.50000000000009,353.00000000000017,436318.5,436498.0,1858.0
726,B6T0000000140,434640.0,0.1595,2,46,8,4,173.50000000000009,353.00000000000017,436671.5,436851.0,2211.0
1664,B6T0000000614,432780.0,0.058,6,23,8,4,86.00000000000001,178.00000000000003,436937.0,437029.0,4249.0
1658,B6T0000000614,432780.0,0.058,6,23,8,4,86.00000000000001,178.00000000000003,437115.0,437207.0,4427.0
2195,B6T0000001648,437160.0,0.0368,14,2,7,4,31.0,68.0,437238.0,437275.0,115.0
2196,B6T0000001648,437160.0,0.0368,14,2,7,4,31.0,68.0,437306.0,437343.0,183.0
2194,B6T0000001648,437160.0,0.0368,14,2,8,4,31.0,68.0,437374.0,437411.0,251.0
2592,B6T0000001442,432360.0,0.0262,21,1,8,4,43.0,92.0,437454.0,437503.0,5143.0
2591,B6T0000001442,432360.0,0.0262,21,1,8,4,43.0,92.0,437546.0,437595.0,5235.0
2687,B6T0000000229,431460.0,0.0238,21,43,8,4,196.50000000000009,399.00000000000017,437791.5,437994.0,6534.0
2873,B6T0000000968,434460.0,0.0208,24,22,7,4,118.00000000000003,242.00000000000006,438112.0,438236.0,3776.0
2872,B6T0000000968,434460.0,0.0208,24,22,7,4,118.00000000000003,242.00000000000006,438354.0,438478.0,4018.0
3151,B6T0000001396,431460.0,0.0166,36,1,7,4,73.0,152.0,438551.0,438630.0,7170.0
3152,B6T0000001396,431460.0,0.0166,36,1,7,4,73.0,152.0,438703.0,438782.0,7322.0
2943,B6T0000000747,438660.0,0.0199,26,21,7,4,118.00000000000001,242.00000000000003,438900.0,439024.0,364.0
3153,B6T0000001396,431460.0,0.0166,36,1,8,4,73.0,152.0,439097.0,439176.0,7716.0
3668,B6T0000000148,437700.0,0.0108,39,48,7,4,257.5000000000001,521.0000000000002,439433.5,439697.0,1997.0
3669,B6T0000000148,437700.0,0.0108,39,48,7,4,257.5000000000001,521.0000000000002,439954.5,440218.0,2518.0
1266,B6T0000000615,443580.0,0.0857,5,20,7,4,72.0,150.0,443652.0,443730.0,150.0
1100,B6T0000001301,443640.0,0.1026,15,9,7,4,48.0,102.0,443778.0,443832.0,192.0
1267,B6T0000000615,443580.0,0.0857,5,20,7,4,72.0,150.0,443904.0,443982.0,402.0
1273,B6T0000000615,443580.0,0.0857,5,20,8,4,72.0,150.0,444054.0,444132.0,552.0
1272,B6T0000000615,443580.0,0.0857,5,20,8,4,72.0,150.0,444204.0,444282.0,702.0
3164,B6T0000000511,444420.0,0.0163,25,27,8,4,140.0,286.0,444560.0,444706.0,286.0
3163,B6T0000000511,444420.0,0.0163,25,27,8,4,140.0,286.0,444846.0,444992.0,572.0
1127,B6T0000001955,447180.0,0.0986,5,4,7,4,17.0,40.0,447197.0,447220.0,40.0
1126,B6T0000001955,447180.0,0.0986,5,4,7,4,17.0,40.0,447237.0,447260.0,80.0
1120,B6T0000001955,447180.0,0.0986,5,4,8,4,17.0,40.0,447277.0,447300.0,120.0
1122,B6T0000001955,447180.0,0.0986,5,4,8,4,17.0,40.0,447317.0,447340.0,160.0
1597,B6T0000001157,447600.0,0.0609,2,26,7,4,90.00000000000001,186.00000000000003,447690.0,447786.0,186.0
1598,B6T0000001157,447600.0,0.0609,2,26,7,4,90.00000000000001,186.00000000000003,447876.0,447972.0,372.0
1599,B6T0000001157,447600.0,0.0609,2,26,8,4,90.00000000000001,186.00000000000003,448062.0,448158.0,558.0
1329,B6T0000001360,454380.0,0.0787,7,2,7,4,17.0,40.0,454397.0,454420.0,40.0
1330,B6T0000001360,454380.0,0.0787,7,2,7,4,17.0,40.0,454437.0,454460.0,80.0
1331,B6T0000001360,454380.0,0.0787,7,2,8,4,17.0,40.0,454477.0,454500.0,120.0
1332,B6T0000001360,454380.0,0.0787,7,2,8,4,17.0,40.0,454517.0,454540.0,160.0
2826,B6T0000001379,455040.0,0.0219,23,8,7,4,61.0,128.0,455101.0,455168.0,128.0
2827,B6T0000001379,455040.0,0.0219,23,8,7,4,61.0,128.0,455229.0,455296.0,256.0
991,B6T0000001090,455580.0,0.1122,11,12,7,4,52.0,110.0,455632.0,455690.0,110.0
990,B6T0000001090,455580.0,0.1122,11,12,8,4,52.0,110.0,455742.0,455800.0,220.0
3502,B6T0000000209,458520.0,0.012,38,45,8,4,240.50000000000009,487.00000000000017,458760.5,459007.0,487.0
3503,B6T0000000209,458520.0,0.012,38,45,8,4,240.50000000000009,487.00000000000017,459247.5,459494.0,974.0
1849,B6T0000000219,460320.0,0.0501,5,48,8,4,189.50000000000009,385.00000000000017,460509.5,460705.0,385.0
1848,B6T0000000219,460320.0,0.0501,5,48,8,4,189.50000000000009,385.00000000000017,460894.5,461090.0,770.0
2682,B6T0000000161,461280.0,0.0238,16,47,7,4,206.50000000000009,419.00000000000017,461486.5,461699.0,419.0
2681,B6T0000000161,461280.0,0.0238,16,47,7,4,206.50000000000009,419.00000000000017,461905.5,462118.0,838.0
1201,B6T0000001639,462840.0,0.0917,6,3,7,4,17.0,40.0,462857.0,462880.0,40.0
1205,B6T0000001639,462840.0,0.0917,6,3,7,4,17.0,40.0,462897.0,462920.0,80.0
1204,B6T0000001639,462840.0,0.0917,6,3,8,4,17.0,40.0,462937.0,462960.0,120.0
1202,B6T0000001639,462840.0,0.0917,6,3,8,4,17.0,40.0,462977.0,463000.0,160.0
2800,B6T0000001831,463500.0,0.0223,23,7,7,4,59.0,124.0,463559.0,463624.0,124.0
2803,B6T0000001831,463500.0,0.0223,23,7,7,4,59.0,124.0,463683.0,463748.0,248.0
2802,B6T0000001831,463500.0,0.0223,23,7,8,4,59.0,124.0,463807.0,463872.0,372.0
2801,B6T0000001831,463500.0,0.0223,23,7,8,4,59.0,124.0,463931.0,463996.0,496.0
3734,B6T0000001426,468060.0,0.0104,56,5,7,4,121.0,248.0,468181.0,468308.0,248.0
3735,B6T0000001426,468060.0,0.0104,56,5,7,4,121.0,248.0,468429.0,468556.0,496.0
2303,B6T0000001178,470640.0,0.0341,1,35,7,4,124.00000000000004,254.00000000000009,470764.0,470894.0,254.0
1815,B6T0000001665,470880.0,0.0507,10,2,7,4,23.0,52.0,470917.0,470946.0,66.0
1817,B6T0000001665,470880.0,0.0507,10,2,7,4,23.0,52.0,470969.0,470998.0,118.0
1819,B6T0000001665,470880.0,0.0507,10,2,8,4,23.0,52.0,471021.0,471050.0,170.0
1820,B6T0000001665,470880.0,0.0507,10,2,8,4,23.0,52.0,471073.0,471102.0,222.0
2302,B6T0000001178,470640.0,0.0341,1,35,7,4,124.00000000000004,254.00000000000009,471226.0,471356.0,716.0
1228,B6T0000001022,476880.0,0.089,11,14,7,4,59.99999999999999,125.99999999999999,476940.0,477006.0,126.0
1230,B6T0000001022,476880.0,0.089,11,14,7,4,59.99999999999999,125.99999999999999,477066.0,477132.0,252.0
1231,B6T0000001022,476880.0,0.089,11,14,8,4,59.99999999999999,125.99999999999999,477192.0,477258.0,378.0
1239,B6T0000001022,476880.0,0.089,11,14,8,4,59.99999999999999,125.99999999999999,477318.0,477384.0,504.0
3410,B6T0000001561,481860.0,0.013,43,5,7,4,94.99999999999999,195.99999999999997,481955.0,482056.0,196.0
3411,B6T0000001561,481860.0,0.013,43,5,7,4,94.99999999999999,195.99999999999997,482151.0,482252.0,392.0
3186,B6T0000001919,485220.0,0.0161,35,5,7,4,79.0,164.0,485299.0,485384.0,164.0
381,B6T0000000471,485760.0,0.1917,1,17,7,4,52.0,110.0,485812.0,485870.0,110.0
382,B6T0000000471,485760.0,0.1917,1,17,7,4,52.0,110.0,485922.0,485980.0,220.0
383,B6T0000000471,485760.0,0.1917,1,17,8,4,52.0,110.0,486032.0,486090.0,330.0
388,B6T0000000471,485760.0,0.1917,1,17,8,4,52.0,110.0,486142.0,486200.0,440.0
1697,B6T0000001342,485760.0,0.056,8,4,7,4,23.0,52.0,486223.0,486252.0,492.0
1701,B6T0000001342,485760.0,0.056,8,4,7,4,23.0,52.0,486275.0,486304.0,544.0
2481,B6T0000000267,486120.0,0.0284,18,43,7,4,190.50000000000009,387.00000000000017,486494.5,486691.0,571.0
2480,B6T0000000267,486120.0,0.0284,18,43,7,4,190.50000000000009,387.00000000000017,486881.5,487078.0,958.0
2482,B6T0000000267,486120.0,0.0284,18,43,8,4,190.50000000000009,387.00000000000017,487268.5,487465.0,1345.0
3475,B6T0000000014,487200.0,0.0122,37,45,7,4,238.50000000000009,483.00000000000017,487703.5,487948.0,748.0
3474,B6T0000000014,487200.0,0.0122,37,45,7,4,238.50000000000009,483.00000000000017,488186.5,488431.0,1231.0
2222,B6T0000000393,488340.0,0.0361,22,14,7,4,82.0,170.0,488513.0,488601.0,261.0
2218,B6T0000000393,488340.0,0.0361,22,14,7,4,82.0,170.0,488683.0,488771.0,431.0
3342,B6T0000000416,517800.0,0.0138,48,10,8,4,118.00000000000001,242.00000000000003,517918.0,518042.0,242.0
693,B6T0000001180,517980.0,0.1614,9,11,7,4,44.0,94.0,518086.0,518136.0,156.0
694,B6T0000001180,517980.0,0.1614,9,11,7,4,44.0,94.0,518180.0,518230.0,250.0
695,B6T0000001180,517980.0,0.1614,9,11,8,4,44.0,94.0,518274.0,518324.0,344.0
698,B6T0000001180,517980.0,0.1614,9,11,8,4,44.0,94.0,518368.0,518418.0,438.0
1866,B6T0000000725,518280.0,0.0481,19,13,7,4,72.0,150.0,518490.0,518568.0,288.0
2086,B6T0000001407,517860.0,0.0405,10,6,8,4,31.0,68.0,518599.0,518636.0,776.0
2087,B6T0000001407,517860.0,0.0405,10,6,8,4,31.0,68.0,518667.0,518704.0,844.0
2141,B6T0000001327,518400.0,0.038,10,8,7,4,35.0,76.0,518739.0,518780.0,380.0
3067,B6T0000000455,518400.0,0.0182,23,26,7,4,132.0,270.0,518912.0,519050.0,650.0
1278,B6T0000001854,518880.0,0.084,4,7,7,4,21.0,48.0,519071.0,519098.0,218.0
426,B6T0000000050,519060.0,0.1901,3,44,7,4,165.50000000000009,337.00000000000017,519263.5,519435.0,375.0
408,B6T0000000050,519060.0,0.1901,3,44,7,4,165.50000000000009,337.00000000000017,519600.5,519772.0,712.0
422,B6T0000000050,519060.0,0.1901,3,44,8,4,165.50000000000009,337.00000000000017,519937.5,520109.0,1049.0
410,B6T0000000050,519060.0,0.1901,3,44,8,4,165.50000000000009,337.00000000000017,520274.5,520446.0,1386.0
784,B6T0000001996,520380.0,0.1414,2,7,7,4,17.0,40.0,520463.0,520486.0,106.0
1279,B6T0000001854,518880.0,0.084,4,7,7,4,21.0,48.0,520507.0,520534.0,1654.0
1019,B6T0000001975,520500.0,0.109,6,1,7,4,13.000000000000002,32.0,520547.0,520566.0,66.0
1020,B6T0000001975,520500.0,0.109,6,1,7,4,13.000000000000002,32.0,520579.0,520598.0,98.0
1021,B6T0000001975,520500.0,0.109,6,1,8,4,13.000000000000002,32.0,520611.0,520630.0,130.0
1022,B6T0000001975,520500.0,0.109,6,1,8,4,13.000000000000002,32.0,520643.0,520662.0,162.0
1280,B6T0000001854,518880.0,0.084,4,7,8,4,21.0,48.0,520683.0,520710.0,1830.0
1281,B6T0000001854,518880.0,0.084,4,7,8,4,21.0,48.0,520731.0,520758.0,1878.0
3343,B6T0000000416,517800.0,0.0138,48,10,8,4,118.00000000000001,242.00000000000003,520876.0,521000.0,3200.0
615,B6T0000000247,521280.0,0.1761,2,45,7,4,168.50000000000009,343.00000000000017,521448.5,521623.0,343.0
614,B6T0000000247,521280.0,0.1761,2,45,7,4,168.50000000000009,343.00000000000017,521791.5,521966.0,686.0
613,B6T0000000247,521280.0,0.1761,2,45,8,4,168.50000000000009,343.00000000000017,522134.5,522309.0,1029.0
600,B6T0000000247,521280.0,0.1761,2,45,8,4,168.50000000000009,343.00000000000017,522477.5,522652.0,1372.0
3421,B6T0000000131,530160.0,0.0128,29,50,8,4,247.50000000000009,501.00000000000017,530407.5,530661.0,501.0
3420,B6T0000000131,530160.0,0.0128,29,50,8,4,247.50000000000009,501.00000000000017,530908.5,531162.0,1002.0
2267,B6T0000001742,533760.0,0.0351,14,3,7,4,33.0,72.0,533793.0,533832.0,72.0
2271,B6T0000001742,533760.0,0.0351,14,3,7,4,33.0,72.0,533865.0,533904.0,144.0
2270,B6T0000001742,533760.0,0.0351,14,3,8,4,33.0,72.0,533937.0,533976.0,216.0
2266,B6T0000001742,533760.0,0.0351,14,3,8,4,33.0,72.0,534009.0,534048.0,288.0
3684,B6T0000001402,535440.0,0.0107,56,2,8,4,115.0,236.0,535555.0,535676.0,236.0
3685,B6T0000001402,535440.0,0.0107,56,2,8,4,115.0,236.0,535791.0,535912.0,472.0
2066,B6T0000000389,535980.0,0.0407,17,17,7,4,84.0,174.0,536064.0,536154.0,174.0
2064,B6T0000000389,535980.0,0.0407,17,17,7,4,84.0,174.0,536238.0,536328.0,348.0
2068,B6T0000000389,535980.0,0.0407,17,17,8,4,84.0,174.0,536412.0,536502.0,522.0
2067,B6T0000000389,535980.0,0.0407,17,17,8,4,84.0,174.0,536586.0,536676.0,696.0
2006,B6T0000000680,536820.0,0.0426,10,23,8,4,94.00000000000001,194.00000000000003,536914.0,537014.0,194.0
2005,B6T0000000680,536820.0,0.0426,10,23,8,4,94.00000000000001,194.00000000000003,537108.0,537208.0,388.0
2395,B6T0000001859,538200.0,0.0307,16,4,8,4,39.0,84.0,538239.0,538284.0,84.0
2396,B6T0000001859,538200.0,0.0307,16,4,8,4,39.0,84.0,538323.0,538368.0,168.0
2534,B6T0000000504,538440.0,0.0271,6,34,7,4,130.00000000000006,266.0000000000001,538570.0,538706.0,266.0
2533,B6T0000000504,538440.0,0.0271,6,34,7,4,130.00000000000006,266.0000000000001,538836.0,538972.0,532.0
2530,B6T0000000504,538440.0,0.0271,6,34,8,4,130.00000000000006,266.0000000000001,539102.0,539238.0,798.0
2531,B6T0000000504,538440.0,0.0271,6,34,8,4,130.00000000000006,266.0000000000001,539368.0,539504.0,1064.0
2478,B6T0000000337,550680.0,0.0285,5,34,7,4,128.00000000000006,262.0000000000001,550808.0,550942.0,262.0
884,B6T0000000488,555240.0,0.1265,8,13,7,4,50.0,106.0,555290.0,555346.0,106.0
885,B6T0000000488,555240.0,0.1265,8,13,7,4,50.0,106.0,555396.0,555452.0,212.0
886,B6T0000000488,555240.0,0.1265,8,13,8,4,50.0,106.0,555502.0,555558.0,318.0
887,B6T0000000488,555240.0,0.1265,8,13,8,4,50.0,106.0,555608.0,555664.0,424.0
1258,B6T0000000799,555720.0,0.0872,9,16,7,4,63.99999999999999,134.0,555784.0,555854.0,134.0
1245,B6T0000000799,555720.0,0.0872,9,16,7,4,63.99999999999999,134.0,555918.0,555988.0,268.0
1246,B6T0000000799,555720.0,0.0872,9,16,8,4,63.99999999999999,134.0,556052.0,556122.0,402.0
1247,B6T0000000799,555720.0,0.0872,9,16,8,4,63.99999999999999,134.0,556186.0,556256.0,536.0
1086,B6T0000000178,558480.0,0.1033,2,47,7,4,178.50000000000009,363.00000000000017,558658.5,558843.0,363.0
2931,B6T0000001312,559260.0,0.02,30,17,7,4,110.0,226.0,559370.0,559486.0,226.0
1949,B6T0000000507,559560.0,0.0437,22,11,7,4,70.0,146.0,559630.0,559706.0,146.0
1951,B6T0000000507,559560.0,0.0437,22,11,7,4,70.0,146.0,559776.0,559852.0,292.0
1952,B6T0000000507,559560.0,0.0437,22,11,8,4,70.0,146.0,559922.0,559998.0,438.0
1953,B6T0000000507,559560.0,0.0437,22,11,8,4,70.0,146.0,560068.0,560144.0,584.0
2243,B6T0000000094,559860.0,0.0353,10,47,7,4,194.50000000000009,395.00000000000017,560338.5,560539.0,679.0
2244,B6T0000000094,559860.0,0.0353,10,47,7,4,194.50000000000009,395.00000000000017,560733.5,560934.0,1074.0
3489,B6T0000001536,565560.0,0.0122,47,4,8,4,101.0,208.0,565661.0,565768.0,208.0
3488,B6T0000001536,565560.0,0.0122,47,4,8,4,101.0,208.0,565869.0,565976.0,416.0
2677,B6T0000000928,567900.0,0.0239,5,37,7,4,140.00000000000006,286.0000000000001,568040.0,568186.0,286.0
2678,B6T0000000928,567900.0,0.0239,5,37,7,4,140.00000000000006,286.0000000000001,568326.0,568472.0,572.0
2679,B6T0000000928,567900.0,0.0239,5,37,8,4,140.00000000000006,286.0000000000001,568612.0,568758.0,858.0
2676,B6T0000000928,567900.0,0.0239,5,37,8,4,140.00000000000006,286.0000000000001,568898.0,569044.0,1144.0
2265,B6T0000000534,574920.0,0.0351,14,22,8,4,98.00000000000001,202.00000000000003,575018.0,575122.0,202.0
2264,B6T0000000534,574920.0,0.0351,14,22,8,4,98.00000000000001,202.00000000000003,575220.0,575324.0,404.0
1483,B6T0000000758,4500.0,0.0671,15,13,9,5,64.0,134.0,4564.0,4634.0,134.0
1493,B6T0000000758,4500.0,0.0671,15,13,9,5,64.0,134.0,4698.0,4768.0,268.0
1492,B6T0000000758,4500.0,0.0671,15,13,10,5,64.0,134.0,4832.0,4902.0,402.0
1482,B6T0000000758,4500.0,0.0671,15,13,10,5,64.0,134.0,4966.0,5036.0,536.0
3558,B6T0000000460,4500.0,0.0115,52,14,10,5,142.0,290.0,5178.0,5326.0,826.0
3559,B6T0000000460,4500.0,0.0115,52,14,10,5,142.0,290.0,5468.0,5616.0,1116.0
2614,B6T0000000877,13620.0,0.0254,1,40,9,5,144.00000000000006,294.0000000000001,13764.0,13914.0,294.0
2615,B6T0000000877,13620.0,0.0254,1,40,9,5,144.00000000000006,294.0000000000001,14058.0,14208.0,588.0
3289,B6T0000000907,14880.0,0.0147,41,15,9,5,124.0,254.0,15004.0,15134.0,254.0
3288,B6T0000000907,14880.0,0.0147,41,15,9,5,124.0,254.0,15258.0,15388.0,508.0
581,B6T0000001238,18840.0,0.1832,4,15,9,5,49.99999999999999,105.99999999999999,18890.0,18946.0,106.0
591,B6T0000001238,18840.0,0.1832,4,15,9,5,49.99999999999999,105.99999999999999,18996.0,19052.0,212.0
578,B6T0000001238,18840.0,0.1832,4,15,10,5,49.99999999999999,105.99999999999999,19102.0,19158.0,318.0
582,B6T0000001238,18840.0,0.1832,4,15,10,5,49.99999999999999,105.99999999999999,19208.0,19264.0,424.0
741,B6T0000000140,25440.0,0.1595,3,45,9,5,170.50000000000009,347.00000000000017,25610.5,25787.0,347.0
742,B6T0000000140,25440.0,0.1595,3,45,9,5,170.50000000000009,347.00000000000017,25957.5,26134.0,694.0
740,B6T0000000140,25440.0,0.1595,3,45,10,5,170.50000000000009,347.00000000000017,26304.5,26481.0,1041.0
739,B6T0000000140,25440.0,0.1595,3,45,10,5,170.50000000000009,347.00000000000017,26651.5,26828.0,1388.0
2555,B6T0000001217,28080.0,0.0268,29,12,9,5,88.0,182.0,28168.0,28262.0,182.0
2557,B6T0000001217,28080.0,0.0268,29,12,9,5,88.0,182.0,28350.0,28444.0,364.0
2558,B6T0000001217,28080.0,0.0268,29,12,10,5,88.0,182.0,28532.0,28626.0,546.0
2559,B6T0000001217,28080.0,0.0268,29,12,10,5,88.0,182.0,28714.0,28808.0,728.0
1564,B6T0000001735,30180.0,0.0635,5,7,9,5,23.0,52.0,30203.0,30232.0,52.0
1563,B6T0000001735,30180.0,0.0635,5,7,9,5,23.0,52.0,30255.0,30284.0,104.0
1562,B6T0000001735,30180.0,0.0635,5,7,10,5,23.0,52.0,30307.0,30336.0,156.0
1560,B6T0000001735,30180.0,0.0635,5,7,10,5,23.0,52.0,30359.0,30388.0,208.0
1719,B6T0000001672,34800.0,0.056,7,6,9,5,25.0,56.0,34825.0,34856.0,56.0
1720,B6T0000001672,34800.0,0.056,7,6,9,5,25.0,56.0,34881.0,34912.0,112.0
1721,B6T0000001672,34800.0,0.056,7,6,10,5,25.0,56.0,34937.0,34968.0,168.0
1722,B6T0000001672,34800.0,0.056,7,6,10,5,25.0,56.0,34993.0,35024.0,224.0
2060,B6T0000000120,43740.0,0.0408,7,48,9,5,193.50000000000009,393.00000000000017,43933.5,44133.0,393.0
2059,B6T0000000120,43740.0,0.0408,7,48,9,5,193.50000000000009,393.00000000000017,44326.5,44526.0,786.0
2057,B6T0000000120,43740.0,0.0408,7,48,10,5,193.50000000000009,393.00000000000017,44719.5,44919.0,1179.0
3090,B6T0000000338,46200.0,0.0177,36,14,9,5,110.0,226.0,46310.0,46426.0,226.0
3088,B6T0000000338,46200.0,0.0177,36,14,9,5,110.0,226.0,46536.0,46652.0,452.0
3089,B6T0000000338,46200.0,0.0177,36,14,10,5,110.0,226.0,46762.0,46878.0,678.0
2550,B6T0000001153,50820.0,0.0268,31,10,9,5,84.0,174.0,50904.0,50994.0,174.0
2891,B6T0000001622,51720.0,0.0206,26,5,9,5,61.0,128.0,51781.0,51848.0,128.0
661,B6T0000001698,53940.0,0.1619,1,8,9,5,17.0,40.0,53957.0,53980.0,40.0
658,B6T0000001698,53940.0,0.1619,1,8,9,5,17.0,40.0,53997.0,54020.0,80.0
657,B6T0000001698,53940.0,0.1619,1,8,10,5,17.0,40.0,54037.0,54060.0,120.0
656,B6T0000001698,53940.0,0.1619,1,8,10,5,17.0,40.0,54077.0,54100.0,160.0
1574,B6T0000001553,54360.0,0.0624,8,2,9,5,19.0,44.0,54379.0,54404.0,44.0
1577,B6T0000001553,54360.0,0.0624,8,2,9,5,19.0,44.0,54423.0,54448.0,88.0
3310,B6T0000001484,55260.0,0.0144,39,5,9,5,87.0,180.0,55347.0,55440.0,180.0
2174,B6T0000001942,55320.0,0.0372,12,5,10,5,33.0,72.0,55473.0,55512.0,192.0
373,B6T0000001440,55500.0,0.1918,2,5,9,5,13.0,32.0,55525.0,55544.0,44.0
374,B6T0000001440,55500.0,0.1918,2,5,9,5,13.0,32.0,55557.0,55576.0,76.0
375,B6T0000001440,55500.0,0.1918,2,5,10,5,13.0,32.0,55589.0,55608.0,108.0
376,B6T0000001440,55500.0,0.1918,2,5,10,5,13.0,32.0,55621.0,55640.0,140.0
2172,B6T0000001942,55320.0,0.0372,12,5,10,5,33.0,72.0,55673.0,55712.0,392.0
3311,B6T0000001484,55260.0,0.0144,39,5,9,5,87.0,180.0,55799.0,55892.0,632.0
454,B6T0000000678,56040.0,0.1895,10,9,9,5,38.0,82.0,56078.0,56122.0,82.0
455,B6T0000000678,56040.0,0.1895,10,9,9,5,38.0,82.0,56160.0,56204.0,164.0
444,B6T0000000678,56040.0,0.1895,10,9,10,5,38.0,82.0,56242.0,56286.0,246.0
437,B6T0000000678,56040.0,0.1895,10,9,10,5,38.0,82.0,56324.0,56368.0,328.0
2691,B6T0000001182,85740.0,0.0238,4,38,9,5,142.00000000000006,290.0000000000001,85882.0,86030.0,290.0
2689,B6T0000001182,85740.0,0.0238,4,38,9,5,142.00000000000006,290.0000000000001,86172.0,86320.0,580.0
1479,B6T0000000631,86280.0,0.0678,3,24,9,5,84.00000000000001,174.00000000000003,86404.0,86494.0,214.0
1472,B6T0000000631,86280.0,0.0678,3,24,9,5,84.00000000000001,174.00000000000003,86578.0,86668.0,388.0
1380,B6T0000000104,86580.0,0.0753,5,46,9,5,179.50000000000009,365.00000000000017,86847.5,87033.0,453.0
1379,B6T0000000104,86580.0,0.0753,5,46,9,5,179.50000000000009,365.00000000000017,87212.5,87398.0,818.0
1387,B6T0000000104,86580.0,0.0753,5,46,10,5,179.50000000000009,365.00000000000017,87577.5,87763.0,1183.0
120,B6T0000000154,87720.0,0.3556,1,44,9,5,161.50000000000009,329.00000000000017,87924.5,88092.0,372.0
119,B6T0000000154,87720.0,0.3556,1,44,9,5,161.50000000000009,329.00000000000017,88253.5,88421.0,701.0
118,B6T0000000154,87720.0,0.3556,1,44,10,5,161.50000000000009,329.00000000000017,88582.5,88750.0,1030.0
123,B6T0000000154,87720.0,0.3556,1,44,10,5,161.50000000000009,329.00000000000017,88911.5,89079.0,1359.0
188,B6T0000000932,87900.0,0.3317,1,15,10,5,43.99999999999999,93.99999999999999,89123.0,89173.0,1273.0
181,B6T0000000932,88800.0,0.3317,1,15,10,5,43.99999999999999,93.99999999999999,89217.0,89267.0,467.0
1378,B6T0000000104,86580.0,0.0753,5,46,10,5,179.50000000000009,365.00000000000017,89446.5,89632.0,3052.0
1470,B6T0000000631,86280.0,0.0678,3,24,10,5,84.00000000000001,174.00000000000003,89716.0,89806.0,3526.0
1478,B6T0000000631,86280.0,0.0678,3,24,10,5,84.00000000000001,174.00000000000003,89890.0,89980.0,3700.0
1673,B6T0000001355,87000.0,0.0579,9,1,9,5,19.0,44.0,89999.0,90024.0,3024.0
1674,B6T0000001355,87000.0,0.0579,9,1,9,5,19.0,44.0,90043.0,90068.0,3068.0
1675,B6T0000001355,87000.0,0.0579,9,1,10,5,19.0,44.0,90087.0,90112.0,3112.0
1668,B6T0000001355,87000.0,0.0579,9,1,10,5,19.0,44.0,90131.0,90156.0,3156.0
1687,B6T0000001375,88080.0,0.0569,6,7,9,5,25.0,56.0,90181.0,90212.0,2132.0
1696,B6T0000001375,88080.0,0.0569,6,7,9,5,25.0,56.0,90237.0,90268.0,2188.0
1688,B6T0000001375,88080.0,0.0569,6,7,10,5,25.0,56.0,90293.0,90324.0,2244.0
1695,B6T0000001375,88080.0,0.0569,6,7,10,5,25.0,56.0,90349.0,90380.0,2300.0
1833,B6T0000000536,86760.0,0.0502,8,23,9,5,90.00000000000001,186.00000000000003,90470.0,90566.0,3806.0
2315,B6T0000001107,87900.0,0.0338,24,13,10,5,82.0,170.0,90648.0,90736.0,2836.0
2316,B6T0000001107,87900.0,0.0338,24,13,10,5,82.0,170.0,90818.0,90906.0,3006.0
3431,B6T0000001554,87660.0,0.0128,46,1,9,5,93.0,192.0,90999.0,91098.0,3438.0
3430,B6T0000001554,87660.0,0.0128,46,1,9,5,93.0,192.0,91191.0,91290.0,3630.0
1827,B6T0000001148,91620.0,0.0505,10,21,9,5,86.00000000000001,178.00000000000003,91706.0,91798.0,178.0
1828,B6T0000001148,91620.0,0.0505,10,21,9,5,86.00000000000001,178.00000000000003,91884.0,91976.0,356.0
1829,B6T0000001148,91620.0,0.0505,10,21,10,5,86.00000000000001,178.00000000000003,92062.0,92154.0,534.0
1832,B6T0000001148,91620.0,0.0505,10,21,10,5,86.00000000000001,178.00000000000003,92240.0,92332.0,712.0
2022,B6T0000000073,91800.0,0.0423,9,46,9,5,187.50000000000009,381.00000000000017,92519.5,92713.0,913.0
2023,B6T0000000073,91800.0,0.0423,9,46,9,5,187.50000000000009,381.00000000000017,92900.5,93094.0,1294.0
2024,B6T0000000073,91800.0,0.0423,9,46,10,5,187.50000000000009,381.00000000000017,93281.5,93475.0,1675.0
2026,B6T0000000073,91800.0,0.0423,9,46,10,5,187.50000000000009,381.00000000000017,93662.5,93856.0,2056.0
1415,B6T0000000408,97140.0,0.0738,3,23,9,5,80.00000000000001,166.00000000000003,97220.0,97306.0,166.0
1409,B6T0000000408,97140.0,0.0738,3,23,9,5,80.00000000000001,166.00000000000003,97386.0,97472.0,332.0
1410,B6T0000000408,97140.0,0.0738,3,23,10,5,80.00000000000001,166.00000000000003,97552.0,97638.0,498.0
1411,B6T0000000408,97140.0,0.0738,3,23,10,5,80.00000000000001,166.00000000000003,97718.0,97804.0,664.0
2254,B6T0000001242,111060.0,0.0353,17,19,10,5,92.0,190.0,111152.0,111250.0,190.0
2259,B6T0000001242,111060.0,0.0353,17,19,10,5,92.0,190.0,111342.0,111440.0,380.0
3386,B6T0000001525,116880.0,0.0133,44,2,9,5,91.0,188.0,116971.0,117068.0,188.0
3387,B6T0000001525,116880.0,0.0133,44,2,9,5,91.0,188.0,117159.0,117256.0,376.0
67,B6T0000001664,118260.0,0.5883,2,2,9,5,7.0,20.0,118267.0,118280.0,20.0
64,B6T0000001664,118260.0,0.5883,2,2,9,5,7.0,20.0,118287.0,118300.0,40.0
65,B6T0000001664,118260.0,0.5883,2,2,10,5,7.0,20.0,118307.0,118320.0,60.0
66,B6T0000001664,118260.0,0.5883,2,2,10,5,7.0,20.0,118327.0,118340.0,80.0
2333,B6T0000001994,127680.0,0.033,16,1,9,5,33.0,72.0,127713.0,127752.0,72.0
2334,B6T0000001994,127680.0,0.033,16,1,9,5,33.0,72.0,127785.0,127824.0,144.0
2332,B6T0000001994,127680.0,0.033,16,1,10,5,33.0,72.0,127857.0,127896.0,216.0
2335,B6T0000001994,127680.0,0.033,16,1,10,5,33.0,72.0,127929.0,127968.0,288.0
39,B6T0000001104,132060.0,0.8431,4,9,9,5,25.999999999999996,57.99999999999999,132086.0,132118.0,58.0
2401,B6T0000001888,142740.0,0.0305,14,8,10,5,43.0,92.0,142783.0,142832.0,92.0
2402,B6T0000001888,142740.0,0.0305,14,8,10,5,43.0,92.0,142875.0,142924.0,184.0
147,B6T0000000810,172560.0,0.3397,2,14,9,5,41.99999999999999,89.99999999999999,172602.0,172650.0,90.0
148,B6T0000000810,172560.0,0.3397,2,14,9,5,41.99999999999999,89.99999999999999,172692.0,172740.0,180.0
149,B6T0000000810,172560.0,0.3397,2,14,10,5,41.99999999999999,89.99999999999999,172782.0,172830.0,270.0
349,B6T0000001370,172860.0,0.2001,3,3,10,5,11.0,28.0,172871.0,172888.0,28.0
350,B6T0000001370,172860.0,0.2001,3,3,10,5,11.0,28.0,172899.0,172916.0,56.0
2541,B6T0000001206,173460.0,0.027,2,38,9,5,138.00000000000006,282.0000000000001,173598.0,173742.0,282.0
2543,B6T0000001206,173460.0,0.027,2,38,9,5,138.00000000000006,282.0000000000001,173880.0,174024.0,564.0
777,B6T0000000843,173880.0,0.1548,5,15,9,5,51.99999999999999,109.99999999999999,174076.0,174134.0,254.0
776,B6T0000000843,173880.0,0.1548,5,15,9,5,51.99999999999999,109.99999999999999,174186.0,174244.0,364.0
775,B6T0000000843,173880.0,0.1548,5,15,10,5,51.99999999999999,109.99999999999999,174296.0,174354.0,474.0
774,B6T0000000843,173880.0,0.1548,5,15,10,5,51.99999999999999,109.99999999999999,174406.0,174464.0,584.0
1297,B6T0000000996,174180.0,0.0826,1,24,9,5,80.00000000000001,166.00000000000003,174544.0,174630.0,450.0
1298,B6T0000000996,174180.0,0.0826,1,24,9,5,80.00000000000001,166.00000000000003,174710.0,174796.0,616.0
1193,B6T0000001103,174780.0,0.0925,3,21,9,5,72.00000000000001,150.00000000000003,174868.0,174946.0,166.0
1303,B6T0000000996,174180.0,0.0826,1,24,10,5,80.00000000000001,166.00000000000003,175026.0,175112.0,932.0
1300,B6T0000000996,174180.0,0.0826,1,24,10,5,80.00000000000001,166.00000000000003,175192.0,175278.0,1098.0
2519,B6T0000001724,174720.0,0.0276,16,8,9,5,47.0,100.0,175325.0,175378.0,658.0
2544,B6T0000001206,173460.0,0.027,2,38,10,5,138.00000000000006,282.0000000000001,175516.0,175660.0,2200.0
2620,B6T0000001218,175380.0,0.0251,29,13,9,5,92.0,190.0,175752.0,175850.0,470.0
2623,B6T0000001218,175380.0,0.0251,29,13,9,5,92.0,190.0,175942.0,176040.0,660.0
2622,B6T0000001218,175380.0,0.0251,29,13,10,5,92.0,190.0,176132.0,176230.0,850.0
2621,B6T0000001218,175380.0,0.0251,29,13,10,5,92.0,190.0,176322.0,176420.0,1040.0
2702,B6T0000001568,175680.0,0.0234,24,2,9,5,51.00000000000001,108.00000000000001,176471.0,176528.0,848.0
2703,B6T0000001568,175680.0,0.0234,24,2,9,5,51.00000000000001,108.00000000000001,176579.0,176636.0,956.0
2700,B6T0000001568,175680.0,0.0234,24,2,10,5,51.00000000000001,108.00000000000001,176687.0,176744.0,1064.0
2701,B6T0000001568,175680.0,0.0234,24,2,10,5,51.00000000000001,108.00000000000001,176795.0,176852.0,1172.0
2937,B6T0000000065,173460.0,0.0199,23,44,10,5,205.50000000000009,417.00000000000017,177057.5,177269.0,3809.0
2936,B6T0000000065,173460.0,0.0199,23,44,10,5,205.50000000000009,417.00000000000017,177474.5,177686.0,4226.0
3392,B6T0000001976,175320.0,0.0133,40,8,9,5,95.0,196.0,177781.0,177882.0,2562.0
3393,B6T0000001976,175320.0,0.0133,40,8,9,5,95.0,196.0,177977.0,178078.0,2758.0
792,B6T0000000540,181140.0,0.1348,2,18,9,5,58.0,122.0,181198.0,181262.0,122.0
793,B6T0000000540,181140.0,0.1348,2,18,9,5,58.0,122.0,181320.0,181384.0,244.0
794,B6T0000000540,181140.0,0.1348,2,18,10,5,58.0,122.0,181442.0,181506.0,366.0
796,B6T0000000540,181140.0,0.1348,2,18,10,5,58.0,122.0,181564.0,181628.0,488.0
1997,B6T0000001313,185160.0,0.0427,13,20,9,5,88.0,182.0,185248.0,185342.0,182.0
2001,B6T0000001313,185160.0,0.0427,13,20,9,5,88.0,182.0,185430.0,185524.0,364.0
3688,B6T0000001548,187320.0,0.0107,54,5,9,5,117.0,240.0,187437.0,187560.0,240.0
3689,B6T0000001548,187320.0,0.0107,54,5,9,5,117.0,240.0,187677.0,187800.0,480.0
34,B6T0000001104,193440.0,0.8431,4,9,9,5,25.999999999999996,57.99999999999999,193466.0,193498.0,58.0
35,B6T0000001104,193440.0,0.8431,4,9,10,5,25.999999999999996,57.99999999999999,193524.0,193556.0,116.0
1872,B6T0000000931,194700.0,0.0464,12,20,10,5,86.00000000000001,178.00000000000003,194786.0,194878.0,178.0
1873,B6T0000000931,194700.0,0.0464,12,20,10,5,86.00000000000001,178.00000000000003,194964.0,195056.0,356.0
3242,B6T0000000000,197160.0,0.0153,25,47,10,5,224.50000000000009,455.00000000000017,197384.5,197615.0,455.0
3243,B6T0000000000,197160.0,0.0153,25,47,10,5,224.50000000000009,455.00000000000017,197839.5,198070.0,910.0
1351,B6T0000001367,198720.0,0.0763,7,2,10,5,17.0,40.0,198737.0,198760.0,40.0
1358,B6T0000001367,198720.0,0.0763,7,2,10,5,17.0,40.0,198777.0,198800.0,80.0
2896,B6T0000000865,201000.0,0.0205,11,35,9,5,144.00000000000006,294.0000000000001,201144.0,201294.0,294.0
1135,B6T0000000395,202320.0,0.0958,8,16,9,5,61.99999999999999,130.0,202382.0,202450.0,130.0
1136,B6T0000000395,202320.0,0.0958,8,16,9,5,61.99999999999999,130.0,202512.0,202580.0,260.0
1140,B6T0000000395,202320.0,0.0958,8,16,10,5,61.99999999999999,130.0,202642.0,202710.0,390.0
1142,B6T0000000395,202320.0,0.0958,8,16,10,5,61.99999999999999,130.0,202772.0,202840.0,520.0
208,B6T0000000581,203400.0,0.27,1,16,9,5,47.99999999999999,101.99999999999999,203448.0,203502.0,102.0
209,B6T0000000581,203400.0,0.27,1,16,9,5,47.99999999999999,101.99999999999999,203550.0,203604.0,204.0
210,B6T0000000581,203400.0,0.27,1,16,10,5,47.99999999999999,101.99999999999999,203652.0,203706.0,306.0
212,B6T0000000581,203400.0,0.27,1,16,10,5,47.99999999999999,101.99999999999999,203754.0,203808.0,408.0
823,B6T0000001427,203700.0,0.1296,4,4,9,5,15.0,36.0,203823.0,203844.0,144.0
824,B6T0000001427,203700.0,0.1296,4,4,9,5,15.0,36.0,203859.0,203880.0,180.0
825,B6T0000001427,203700.0,0.1296,4,4,10,5,15.0,36.0,203895.0,203916.0,216.0
826,B6T0000001427,203700.0,0.1296,4,4,10,5,15.0,36.0,203931.0,203952.0,252.0
3254,B6T0000001694,207180.0,0.0152,38,4,10,5,83.0,172.0,207263.0,207352.0,172.0
3255,B6T0000001694,207180.0,0.0152,38,4,10,5,83.0,172.0,207435.0,207524.0,344.0
3453,B6T0000001361,210840.0,0.0126,43,8,10,5,100.99999999999999,207.99999999999997,210941.0,211048.0,208.0
3452,B6T0000001361,210840.0,0.0126,43,8,10,5,100.99999999999999,207.99999999999997,211149.0,211256.0,416.0
3724,B6T0000000936,213780.0,0.0105,50,21,9,5,166.0,338.0,213946.0,214118.0,338.0
3725,B6T0000000936,213780.0,0.0105,50,21,9,5,166.0,338.0,214284.0,214456.0,676.0
1460,B6T0000000897,219840.0,0.0684,6,21,9,5,78.00000000000001,162.00000000000003,219918.0,220002.0,162.0
1459,B6T0000000897,219840.0,0.0684,6,21,9,5,78.00000000000001,162.00000000000003,220080.0,220164.0,324.0
1458,B6T0000000897,219840.0,0.0684,6,21,10,5,78.00000000000001,162.00000000000003,220242.0,220326.0,486.0
1457,B6T0000000897,219840.0,0.0684,6,21,10,5,78.00000000000001,162.00000000000003,220404.0,220488.0,648.0
2125,B6T0000001478,223260.0,0.0392,13,2,10,5,29.0,64.0,223289.0,223324.0,64.0
2126,B6T0000001478,223260.0,0.0392,13,2,10,5,29.0,64.0,223353.0,223388.0,128.0
3264,B6T0000000268,228480.0,0.015,31,43,10,5,216.50000000000009,439.00000000000017,228696.5,228919.0,439.0
3265,B6T0000000268,228480.0,0.015,31,43,10,5,216.50000000000009,439.00000000000017,229135.5,229358.0,878.0
691,B6T0000001180,258660.0,0.1614,10,10,10,5,42.0,90.0,258702.0,258750.0,90.0
689,B6T0000001180,258660.0,0.1614,10,10,10,5,42.0,90.0,258792.0,258840.0,180.0
2253,B6T0000001205,258660.0,0.0353,18,18,9,5,90.0,186.0,258930.0,259026.0,366.0
2252,B6T0000001205,258660.0,0.0353,18,18,9,5,90.0,186.0,259116.0,259212.0,552.0
160,B6T0000000810,259200.0,0.3397,2,14,10,5,41.99999999999999,89.99999999999999,259254.0,259302.0,102.0
169,B6T0000000810,259200.0,0.3397,1,15,9,5,43.99999999999999,93.99999999999999,259346.0,259396.0,196.0
2251,B6T0000001205,258660.0,0.0353,18,18,10,5,90.0,186.0,259486.0,259582.0,922.0
261,B6T0000001466,259560.0,0.2415,2,4,9,5,11.0,28.0,259593.0,259610.0,50.0
262,B6T0000001466,259560.0,0.2415,2,4,9,5,11.0,28.0,259621.0,259638.0,78.0
264,B6T0000001466,259560.0,0.2415,2,4,10,5,11.0,28.0,259649.0,259666.0,106.0
265,B6T0000001466,259560.0,0.2415,2,4,10,5,11.0,28.0,259677.0,259694.0,134.0
2250,B6T0000001205,258660.0,0.0353,18,18,10,5,90.0,186.0,259784.0,259880.0,1220.0
2295,B6T0000001477,259680.0,0.0343,15,2,10,5,33.0,72.0,259913.0,259952.0,272.0
2294,B6T0000001477,259680.0,0.0343,15,2,10,5,33.0,72.0,259985.0,260024.0,344.0
3092,B6T0000000969,260460.0,0.0177,34,16,10,5,114.0,234.0,260574.0,260694.0,234.0
276,B6T0000000305,260580.0,0.2304,3,43,10,5,160.50000000000009,327.00000000000017,260854.5,261021.0,441.0
277,B6T0000000305,260580.0,0.2304,3,43,10,5,160.50000000000009,327.00000000000017,261181.5,261348.0,768.0
3091,B6T0000000969,260460.0,0.0177,34,16,10,5,114.0,234.0,261462.0,261582.0,1122.0
1621,B6T0000001083,261420.0,0.0602,20,9,9,5,58.0,122.0,261640.0,261704.0,284.0
1613,B6T0000001083,261420.0,0.0602,20,9,9,5,58.0,122.0,261762.0,261826.0,406.0
1611,B6T0000001083,261420.0,0.0602,20,9,10,5,58.0,122.0,261884.0,261948.0,528.0
3418,B6T0000000124,260700.0,0.0128,38,43,10,5,230.50000000000009,467.00000000000017,262178.5,262415.0,1715.0
2663,B6T0000001882,261960.0,0.024,20,8,9,5,55.0,116.0,262470.0,262531.0,571.0
2660,B6T0000001882,261960.0,0.024,20,8,9,5,55.0,116.0,262586.0,262647.0,687.0
3419,B6T0000000124,260700.0,0.0128,38,43,10,5,230.50000000000009,467.00000000000017,262877.5,263114.0,2414.0
3557,B6T0000000429,261600.0,0.0115,23,42,10,5,196.00000000000006,398.0000000000001,263310.0,263512.0,1912.0
3556,B6T0000000429,261600.0,0.0115,23,42,10,5,196.00000000000006,398.0000000000001,263708.0,263910.0,2310.0
3074,B6T0000001204,267000.0,0.0181,17,32,9,5,144.00000000000003,294.00000000000006,267144.0,267294.0,294.0
3073,B6T0000001204,267000.0,0.0181,17,32,9,5,144.00000000000003,294.00000000000006,267438.0,267588.0,588.0
3075,B6T0000001204,267000.0,0.0181,17,32,10,5,144.00000000000003,294.00000000000006,267732.0,267882.0,882.0
3139,B6T0000000039,270240.0,0.0168,27,44,9,5,213.50000000000009,433.00000000000017,270453.5,270673.0,433.0
3037,B6T0000000275,278100.0,0.0185,20,48,10,5,219.50000000000009,445.00000000000017,278319.5,278545.0,445.0
3038,B6T0000000275,278100.0,0.0185,20,48,10,5,219.50000000000009,445.00000000000017,278764.5,278990.0,890.0
3375,B6T0000000638,285180.0,0.0134,41,18,9,5,136.0,278.0,285316.0,285458.0,278.0
3374,B6T0000000638,285180.0,0.0134,41,18,9,5,136.0,278.0,285594.0,285736.0,556.0
577,B6T0000001238,286080.0,0.1832,3,16,9,5,51.99999999999999,109.99999999999999,286132.0,286190.0,110.0
571,B6T0000001238,286080.0,0.1832,3,16,9,5,51.99999999999999,109.99999999999999,286242.0,286300.0,220.0
570,B6T0000001238,286080.0,0.1832,3,16,10,5,51.99999999999999,109.99999999999999,286352.0,286410.0,330.0
1338,B6T0000000043,286500.0,0.0765,6,45,9,5,176.50000000000009,359.00000000000017,286676.5,286859.0,359.0
1337,B6T0000000043,286500.0,0.0765,6,45,9,5,176.50000000000009,359.00000000000017,287035.5,287218.0,718.0
1336,B6T0000000043,286500.0,0.0765,6,45,10,5,176.50000000000009,359.00000000000017,287394.5,287577.0,1077.0
1335,B6T0000000043,286500.0,0.0765,6,45,10,5,176.50000000000009,359.00000000000017,287753.5,287936.0,1436.0
2077,B6T0000001546,286860.0,0.0406,11,4,9,5,29.0,64.0,287965.0,288000.0,1140.0
2076,B6T0000001546,286860.0,0.0406,11,4,9,5,29.0,64.0,288029.0,288064.0,1204.0
2075,B6T0000001546,286860.0,0.0406,11,4,10,5,29.0,64.0,288093.0,288128.0,1268.0
2074,B6T0000001546,286860.0,0.0406,11,4,10,5,29.0,64.0,288157.0,288192.0,1332.0
2108,B6T0000000611,287400.0,0.0395,2,32,9,5,114.00000000000003,234.00000000000006,288306.0,288426.0,1026.0
2112,B6T0000000611,287400.0,0.0395,2,32,9,5,114.00000000000003,234.00000000000006,288540.0,288660.0,1260.0
2106,B6T0000000611,287400.0,0.0395,2,32,10,5,114.00000000000003,234.00000000000006,288774.0,288894.0,1494.0
2111,B6T0000000611,287400.0,0.0395,2,32,10,5,114.00000000000003,234.00000000000006,289008.0,289128.0,1728.0
2999,B6T0000000956,289680.0,0.019,21,27,9,5,132.0,270.0,289812.0,289950.0,270.0
3000,B6T0000000956,289680.0,0.019,21,27,9,5,132.0,270.0,290082.0,290220.0,540.0
2998,B6T0000000956,289680.0,0.019,21,27,10,5,132.0,270.0,290352.0,290490.0,810.0
464,B6T0000001382,295740.0,0.1892,4,2,9,5,11.0,28.0,295751.0,295768.0,28.0
463,B6T0000001382,295740.0,0.1892,4,2,9,5,11.0,28.0,295779.0,295796.0,56.0
462,B6T0000001382,295740.0,0.1892,4,2,10,5,11.0,28.0,295807.0,295824.0,84.0
461,B6T0000001382,295740.0,0.1892,4,2,10,5,11.0,28.0,295835.0,295852.0,112.0
2537,B6T0000001134,301020.0,0.027,5,35,9,5,132.00000000000006,270.0000000000001,301152.0,301290.0,270.0
2538,B6T0000001134,301020.0,0.027,5,35,9,5,132.00000000000006,270.0000000000001,301422.0,301560.0,540.0
1527,B6T0000000228,301560.0,0.0662,10,43,9,5,174.50000000000009,355.00000000000017,301734.5,301915.0,355.0
1216,B6T0000000577,301800.0,0.0912,1,23,9,5,76.00000000000001,158.00000000000003,301991.0,302073.0,273.0
332,B6T0000000139,301980.0,0.2024,1,45,9,5,166.50000000000009,339.00000000000017,302239.5,302412.0,432.0
337,B6T0000000139,301980.0,0.2024,1,45,9,5,166.50000000000009,339.00000000000017,302578.5,302751.0,771.0
336,B6T0000000139,301980.0,0.2024,1,45,10,5,166.50000000000009,339.00000000000017,302917.5,303090.0,1110.0
335,B6T0000000139,301980.0,0.2024,1,45,10,5,166.50000000000009,339.00000000000017,303256.5,303429.0,1449.0
1212,B6T0000000577,301800.0,0.0912,1,23,9,5,76.00000000000001,158.00000000000003,303505.0,303587.0,1787.0
1213,B6T0000000577,301800.0,0.0912,1,23,10,5,76.00000000000001,158.00000000000003,303663.0,303745.0,1945.0
1223,B6T0000000577,301800.0,0.0912,1,23,10,5,76.00000000000001,158.00000000000003,303821.0,303903.0,2103.0
1521,B6T0000000228,301560.0,0.0662,10,43,9,5,174.50000000000009,355.00000000000017,304077.5,304258.0,2698.0
1519,B6T0000000228,301560.0,0.0662,10,43,10,5,174.50000000000009,355.00000000000017,304432.5,304613.0,3053.0
1522,B6T0000000228,301560.0,0.0662,10,43,10,5,174.50000000000009,355.00000000000017,304787.5,304968.0,3408.0
2539,B6T0000001134,301020.0,0.027,5,35,10,5,132.00000000000006,270.0000000000001,305100.0,305238.0,4218.0
3161,B6T0000000924,304260.0,0.0164,35,17,9,5,120.0,246.0,305358.0,305484.0,1224.0
3162,B6T0000000924,304260.0,0.0164,35,17,9,5,120.0,246.0,305604.0,305730.0,1470.0
3160,B6T0000000924,304260.0,0.0164,35,17,10,5,120.0,246.0,305850.0,305976.0,1716.0
3350,B6T0000000064,307500.0,0.0136,35,43,10,5,224.50000000000009,455.00000000000017,307724.5,307955.0,455.0
1151,B6T0000000245,307800.0,0.0931,5,45,9,5,174.50000000000009,355.00000000000017,308129.5,308310.0,510.0
1165,B6T0000000245,307800.0,0.0931,5,45,9,5,174.50000000000009,355.00000000000017,308484.5,308665.0,865.0
1166,B6T0000000245,307800.0,0.0931,5,45,10,5,174.50000000000009,355.00000000000017,308839.5,309020.0,1220.0
1638,B6T0000001117,308580.0,0.0595,16,13,9,5,66.0,138.0,309086.0,309158.0,578.0
305,B6T0000001196,309060.0,0.2132,5,13,9,5,44.0,94.0,309202.0,309252.0,192.0
304,B6T0000001196,309060.0,0.2132,5,13,9,5,44.0,94.0,309296.0,309346.0,286.0
292,B6T0000001196,309060.0,0.2132,5,13,10,5,44.0,94.0,309390.0,309440.0,380.0
301,B6T0000001196,309060.0,0.2132,5,13,10,5,44.0,94.0,309484.0,309534.0,474.0
1633,B6T0000001117,308580.0,0.0595,16,13,9,5,66.0,138.0,309600.0,309672.0,1092.0
1634,B6T0000001117,308580.0,0.0595,16,13,10,5,66.0,138.0,309738.0,309810.0,1230.0
492,B6T0000001101,309720.0,0.1876,7,12,9,5,44.0,94.0,309854.0,309904.0,184.0
494,B6T0000001101,309720.0,0.1876,7,12,9,5,44.0,94.0,309948.0,309998.0,278.0
495,B6T0000001101,309720.0,0.1876,7,12,10,5,44.0,94.0,310042.0,310092.0,372.0
496,B6T0000001101,309720.0,0.1876,7,12,10,5,44.0,94.0,310136.0,310186.0,466.0
1643,B6T0000001117,308580.0,0.0595,16,13,10,5,66.0,138.0,310252.0,310324.0,1744.0
2972,B6T0000000633,308520.0,0.0195,10,37,9,5,150.00000000000006,306.0000000000001,310474.0,310630.0,2110.0
3351,B6T0000000064,307500.0,0.0136,35,43,10,5,224.50000000000009,455.00000000000017,310854.5,311085.0,3585.0
254,B6T0000000581,311400.0,0.27,9,9,9,5,36.0,78.0,311436.0,311478.0,78.0
223,B6T0000000581,311400.0,0.27,9,9,9,5,36.0,78.0,311514.0,311556.0,156.0
224,B6T0000000581,311400.0,0.27,9,9,10,5,36.0,78.0,311592.0,311634.0,234.0
225,B6T0000000581,311400.0,0.27,9,9,10,5,36.0,78.0,311670.0,311712.0,312.0
832,B6T0000001220,312720.0,0.1275,12,9,9,5,42.0,90.0,312762.0,312810.0,90.0
833,B6T0000001220,312720.0,0.1275,12,9,9,5,42.0,90.0,312852.0,312900.0,180.0
834,B6T0000001220,312720.0,0.1275,12,9,10,5,42.0,90.0,312942.0,312990.0,270.0
835,B6T0000001220,312720.0,0.1275,12,9,10,5,42.0,90.0,313032.0,313080.0,360.0
1788,B6T0000001685,313680.0,0.0539,8,5,10,5,25.0,56.0,313705.0,313736.0,56.0
1793,B6T0000001685,313680.0,0.0539,8,5,10,5,25.0,56.0,313761.0,313792.0,112.0
184,B6T0000000932,345240.0,0.3317,8,9,9,5,34.0,74.0,345274.0,345314.0,74.0
183,B6T0000000932,345240.0,0.3317,8,9,9,5,34.0,74.0,345348.0,345388.0,148.0
186,B6T0000000932,345240.0,0.3317,8,9,10,5,34.0,74.0,345422.0,345462.0,222.0
134,B6T0000000154,345600.0,0.3556,3,43,9,5,160.50000000000009,327.00000000000017,345760.5,345927.0,327.0
2381,B6T0000001895,345720.0,0.0311,15,5,10,5,39.0,84.0,345966.0,346011.0,291.0
976,B6T0000001844,345960.0,0.1128,2,8,10,5,19.0,44.0,346030.0,346055.0,95.0
971,B6T0000001844,345960.0,0.1128,2,8,10,5,19.0,44.0,346074.0,346099.0,139.0
2204,B6T0000001098,345960.0,0.0365,1,34,10,5,120.00000000000004,246.00000000000009,346219.0,346345.0,385.0
2205,B6T0000001098,345960.0,0.0365,1,34,10,5,120.00000000000004,246.00000000000009,346465.0,346591.0,631.0
523,B6T0000001197,346440.0,0.1865,5,14,9,5,47.99999999999999,101.99999999999999,346639.0,346693.0,253.0
527,B6T0000001197,346440.0,0.1865,5,14,9,5,47.99999999999999,101.99999999999999,346741.0,346795.0,355.0
524,B6T0000001197,346440.0,0.1865,5,14,10,5,47.99999999999999,101.99999999999999,346843.0,346897.0,457.0
521,B6T0000001197,346440.0,0.1865,5,14,10,5,47.99999999999999,101.99999999999999,346945.0,346999.0,559.0
2380,B6T0000001895,345720.0,0.0311,15,5,10,5,39.0,84.0,347038.0,347083.0,1363.0
2465,B6T0000001299,346440.0,0.0287,11,28,9,5,116.00000000000001,238.00000000000003,347199.0,347321.0,881.0
2466,B6T0000001299,346440.0,0.0287,11,28,9,5,116.00000000000001,238.00000000000003,347437.0,347559.0,1119.0
2468,B6T0000001299,346440.0,0.0287,11,28,10,5,116.00000000000001,238.00000000000003,347675.0,347797.0,1357.0
2469,B6T0000001299,346440.0,0.0287,11,28,10,5,116.00000000000001,238.00000000000003,347913.0,348035.0,1595.0
2793,B6T0000001688,347820.0,0.0225,22,8,10,5,59.0,124.0,348094.0,348159.0,339.0
2795,B6T0000001688,347820.0,0.0225,22,8,10,5,59.0,124.0,348218.0,348283.0,463.0
953,B6T0000000445,348180.0,0.1202,10,12,9,5,50.0,106.0,348333.0,348389.0,209.0
957,B6T0000000445,348180.0,0.1202,10,12,9,5,50.0,106.0,348439.0,348495.0,315.0
958,B6T0000000445,348180.0,0.1202,10,12,10,5,50.0,106.0,348545.0,348601.0,421.0
955,B6T0000000445,348180.0,0.1202,10,12,10,5,50.0,106.0,348651.0,348707.0,527.0
1745,B6T0000001149,348240.0,0.0557,15,15,9,5,72.0,150.0,348779.0,348857.0,617.0
1746,B6T0000001149,348240.0,0.0557,15,15,9,5,72.0,150.0,348929.0,349007.0,767.0
1739,B6T0000001149,348240.0,0.0557,15,15,10,5,72.0,150.0,349079.0,349157.0,917.0
1740,B6T0000001149,348240.0,0.0557,15,15,10,5,72.0,150.0,349229.0,349307.0,1067.0
3592,B6T0000000056,347580.0,0.0112,42,44,10,5,243.50000000000009,493.00000000000017,349550.5,349800.0,2220.0
3593,B6T0000000056,347580.0,0.0112,42,44,10,5,243.50000000000009,493.00000000000017,350043.5,350293.0,2713.0
2605,B6T0000000841,352140.0,0.0257,7,34,9,5,132.00000000000006,270.0000000000001,352272.0,352410.0,270.0
2604,B6T0000000841,352140.0,0.0257,7,34,9,5,132.00000000000006,270.0000000000001,352542.0,352680.0,540.0
2606,B6T0000000841,352140.0,0.0257,7,34,10,5,132.00000000000006,270.0000000000001,352812.0,352950.0,810.0
2607,B6T0000000841,352140.0,0.0257,7,34,10,5,132.00000000000006,270.0000000000001,353082.0,353220.0,1080.0
107,B6T0000000261,375420.0,0.4826,1,43,9,5,156.50000000000009,319.00000000000017,375576.5,375739.0,319.0
106,B6T0000000261,375420.0,0.4826,1,43,9,5,156.50000000000009,319.00000000000017,375895.5,376058.0,638.0
97,B6T0000000261,375420.0,0.4826,1,43,10,5,156.50000000000009,319.00000000000017,376214.5,376377.0,957.0
105,B6T0000000261,375420.0,0.4826,1,43,10,5,156.50000000000009,319.00000000000017,376533.5,376696.0,1276.0
3072,B6T0000001373,375840.0,0.0182,31,3,10,5,67.0,140.0,376763.0,376836.0,996.0
3071,B6T0000001373,375840.0,0.0182,31,3,10,5,67.0,140.0,376903.0,376976.0,1136.0
912,B6T0000000411,378000.0,0.1258,6,15,9,5,53.99999999999999,113.99999999999999,378054.0,378114.0,114.0
914,B6T0000000411,378000.0,0.1258,6,15,9,5,53.99999999999999,113.99999999999999,378168.0,378228.0,228.0
921,B6T0000000411,378000.0,0.1258,6,15,10,5,53.99999999999999,113.99999999999999,378282.0,378342.0,342.0
2768,B6T0000001992,382680.0,0.0227,25,2,10,5,53.0,112.0,382733.0,382792.0,112.0
2769,B6T0000001992,382680.0,0.0227,25,2,10,5,53.0,112.0,382845.0,382904.0,224.0
2968,B6T0000000301,391740.0,0.0195,21,46,9,5,211.50000000000009,429.00000000000017,391951.5,392169.0,429.0
2970,B6T0000000301,391740.0,0.0195,21,46,9,5,211.50000000000009,429.00000000000017,392380.5,392598.0,858.0
2969,B6T0000000301,391740.0,0.0195,21,46,10,5,211.50000000000009,429.00000000000017,392809.5,393027.0,1287.0
3460,B6T0000000167,395280.0,0.0123,39,43,10,5,232.50000000000009,471.00000000000017,395512.5,395751.0,471.0
3461,B6T0000000167,395280.0,0.0123,39,43,10,5,232.50000000000009,471.00000000000017,395983.5,396222.0,942.0
2236,B6T0000001823,400020.0,0.0358,11,8,10,5,37.0,80.0,400057.0,400100.0,80.0
2237,B6T0000001823,400020.0,0.0358,11,8,10,5,37.0,80.0,400137.0,400180.0,160.0
2391,B6T0000001989,400320.0,0.0308,17,2,9,5,37.0,80.0,400357.0,400400.0,80.0
2179,B6T0000000571,400440.0,0.0371,2,33,9,5,118.00000000000003,242.00000000000006,400558.0,400682.0,242.0
2182,B6T0000000571,400440.0,0.0371,2,33,9,5,118.00000000000003,242.00000000000006,400800.0,400924.0,484.0
2178,B6T0000000571,400440.0,0.0371,2,33,10,5,118.00000000000003,242.00000000000006,401042.0,401166.0,726.0
2180,B6T0000000571,400440.0,0.0371,2,33,10,5,118.00000000000003,242.00000000000006,401284.0,401408.0,968.0
3484,B6T0000001371,401700.0,0.0122,46,6,10,5,103.0,212.0,401803.0,401912.0,212.0
3485,B6T0000001371,401700.0,0.0122,46,6,10,5,103.0,212.0,402015.0,402124.0,424.0
3145,B6T0000001777,402180.0,0.0167,34,4,9,5,75.0,156.0,402255.0,402336.0,156.0
3146,B6T0000001777,402180.0,0.0167,34,4,9,5,75.0,156.0,402411.0,402492.0,312.0
3147,B6T0000001777,402180.0,0.0167,34,4,10,5,75.0,156.0,402567.0,402648.0,468.0
2596,B6T0000000683,431400.0,0.026,16,25,9,5,114.0,234.0,431514.0,431634.0,234.0
2597,B6T0000000683,431400.0,0.026,16,25,9,5,114.0,234.0,431748.0,431868.0,468.0
2599,B6T0000000683,431400.0,0.026,16,25,10,5,114.0,234.0,431982.0,432102.0,702.0
865,B6T0000000001,431940.0,0.1272,1,47,9,5,176.50000000000009,359.00000000000017,432278.5,432461.0,521.0
862,B6T0000000001,431940.0,0.1272,1,47,9,5,176.50000000000009,359.00000000000017,432637.5,432820.0,880.0
33,B6T0000001104,432660.0,0.8431,4,9,10,5,25.999999999999996,57.99999999999999,432846.0,432878.0,218.0
863,B6T0000000001,431940.0,0.1272,1,47,10,5,176.50000000000009,359.00000000000017,433054.5,433237.0,1297.0
864,B6T0000000001,431940.0,0.1272,1,47,10,5,176.50000000000009,359.00000000000017,433413.5,433596.0,1656.0
1655,B6T0000000614,432780.0,0.058,6,23,9,5,86.00000000000001,178.00000000000003,433682.0,433774.0,994.0
630,B6T0000000469,433740.0,0.1623,11,9,9,5,40.0,86.0,433814.0,433860.0,120.0
901,B6T0000000411,433620.0,0.1258,6,15,10,5,53.99999999999999,113.99999999999999,433914.0,433974.0,354.0
1660,B6T0000000614,432780.0,0.058,6,23,9,5,86.00000000000001,178.00000000000003,434060.0,434152.0,1372.0
19,B6T0000001209,434040.0,1.3573,1,10,9,5,24.0,54.0,434176.0,434206.0,166.0
18,B6T0000001209,434040.0,1.3573,1,10,9,5,24.0,54.0,434230.0,434260.0,220.0
25,B6T0000001209,434040.0,1.3573,1,10,10,5,24.0,54.0,434284.0,434314.0,274.0
26,B6T0000001209,434040.0,1.3573,1,10,10,5,24.0,54.0,434338.0,434368.0,328.0
944,B6T0000000508,434220.0,0.1252,2,19,9,5,62.00000000000001,130.0,434430.0,434498.0,278.0
943,B6T0000000508,434220.0,0.1252,2,19,9,5,62.00000000000001,130.0,434560.0,434628.0,408.0
942,B6T0000000508,434220.0,0.1252,2,19,10,5,62.00000000000001,130.0,434690.0,434758.0,538.0
727,B6T0000000140,434640.0,0.1595,2,46,9,5,173.50000000000009,353.00000000000017,434931.5,435111.0,471.0
725,B6T0000000140,434640.0,0.1595,2,46,9,5,173.50000000000009,353.00000000000017,435284.5,435464.0,824.0
941,B6T0000000508,434220.0,0.1252,2,19,10,5,62.00000000000001,130.0,435526.0,435594.0,1374.0
1656,B6T0000000614,432780.0,0.058,6,23,10,5,86.00000000000001,178.00000000000003,435680.0,435772.0,2992.0
1657,B6T0000000614,432780.0,0.058,6,23,10,5,86.00000000000001,178.00000000000003,435858.0,435950.0,3170.0
2593,B6T0000001442,432360.0,0.0262,21,1,9,5,43.0,92.0,435993.0,436042.0,3682.0
2594,B6T0000001442,432360.0,0.0262,21,1,9,5,43.0,92.0,436085.0,436134.0,3774.0
2590,B6T0000001442,432360.0,0.0262,21,1,10,5,43.0,92.0,436177.0,436226.0,3866.0
2684,B6T0000000229,431460.0,0.0238,21,43,9,5,196.50000000000009,399.00000000000017,436422.5,436625.0,5165.0
2685,B6T0000000229,431460.0,0.0238,21,43,9,5,196.50000000000009,399.00000000000017,436821.5,437024.0,5564.0
3239,B6T0000000521,434520.0,0.0154,26,28,9,5,146.0,298.0,437170.0,437322.0,2802.0
3238,B6T0000000521,434520.0,0.0154,26,28,9,5,146.0,298.0,437468.0,437620.0,3100.0
3717,B6T0000001969,442200.0,0.0106,57,2,10,5,117.0,240.0,442317.0,442440.0,240.0
3716,B6T0000001969,442200.0,0.0106,57,2,10,5,117.0,240.0,442557.0,442680.0,480.0
1271,B6T0000000615,443580.0,0.0857,5,20,9,5,72.0,150.0,443652.0,443730.0,150.0
1270,B6T0000000615,443580.0,0.0857,5,20,9,5,72.0,150.0,443802.0,443880.0,300.0
1268,B6T0000000615,443580.0,0.0857,5,20,10,5,72.0,150.0,443952.0,444030.0,450.0
1275,B6T0000000615,443580.0,0.0857,5,20,10,5,72.0,150.0,444102.0,444180.0,600.0
3165,B6T0000000511,444420.0,0.0163,25,27,9,5,140.0,286.0,444560.0,444706.0,286.0
3319,B6T0000000102,444840.0,0.0142,27,48,9,5,233.50000000000009,473.00000000000017,445073.5,445313.0,473.0
3318,B6T0000000102,444840.0,0.0142,27,48,9,5,233.50000000000009,473.00000000000017,445546.5,445786.0,946.0
1119,B6T0000001955,447180.0,0.0986,5,4,9,5,17.0,40.0,447197.0,447220.0,40.0
1123,B6T0000001955,447180.0,0.0986,5,4,9,5,17.0,40.0,447237.0,447260.0,80.0
1130,B6T0000001955,447180.0,0.0986,5,4,10,5,17.0,40.0,447277.0,447300.0,120.0
1131,B6T0000001955,447180.0,0.0986,5,4,10,5,17.0,40.0,447317.0,447340.0,160.0
647,B6T0000000469,450660.0,0.1623,11,9,9,5,40.0,86.0,450700.0,450746.0,86.0
650,B6T0000000469,450660.0,0.1623,11,9,10,5,40.0,86.0,450786.0,450832.0,172.0
649,B6T0000000469,450660.0,0.1623,11,9,10,5,40.0,86.0,450872.0,450918.0,258.0
1847,B6T0000000219,460320.0,0.0501,5,48,9,5,189.50000000000009,385.00000000000017,460509.5,460705.0,385.0
1846,B6T0000000219,460320.0,0.0501,5,48,9,5,189.50000000000009,385.00000000000017,460894.5,461090.0,770.0
1845,B6T0000000219,460320.0,0.0501,5,48,10,5,189.50000000000009,385.00000000000017,461279.5,461475.0,1155.0
1844,B6T0000000219,460320.0,0.0501,5,48,10,5,189.50000000000009,385.00000000000017,461664.5,461860.0,1540.0
1198,B6T0000001639,462840.0,0.0917,6,3,9,5,17.0,40.0,462857.0,462880.0,40.0
1399,B6T0000000367,464880.0,0.0738,2,24,9,5,82.00000000000001,170.00000000000003,464962.0,465050.0,170.0
1398,B6T0000000367,464880.0,0.0738,2,24,9,5,82.00000000000001,170.00000000000003,465132.0,465220.0,340.0
1400,B6T0000000367,464880.0,0.0738,2,24,10,5,82.00000000000001,170.00000000000003,465302.0,465390.0,510.0
1396,B6T0000000367,464880.0,0.0738,2,24,10,5,82.00000000000001,170.00000000000003,465472.0,465560.0,680.0
3445,B6T0000001751,465660.0,0.0127,45,4,10,5,97.0,200.0,465757.0,465860.0,200.0
3444,B6T0000001751,465660.0,0.0127,45,4,10,5,97.0,200.0,465957.0,466060.0,400.0
3446,B6T0000000013,470760.0,0.0126,32,48,10,5,243.50000000000009,493.00000000000017,471003.5,471253.0,493.0
1821,B6T0000001665,470880.0,0.0507,10,2,9,5,23.0,52.0,471276.0,471305.0,425.0
1822,B6T0000001665,470880.0,0.0507,10,2,9,5,23.0,52.0,471328.0,471357.0,477.0
1823,B6T0000001665,470880.0,0.0507,10,2,10,5,23.0,52.0,471380.0,471409.0,529.0
3447,B6T0000000013,470760.0,0.0126,32,48,10,5,243.50000000000009,493.00000000000017,471652.5,471902.0,1142.0
3022,B6T0000001792,471540.0,0.0188,31,1,10,5,63.0,132.0,471965.0,472034.0,494.0
3023,B6T0000001792,471540.0,0.0188,31,1,10,5,63.0,132.0,472097.0,472166.0,626.0
1236,B6T0000001022,476880.0,0.089,11,14,9,5,59.99999999999999,125.99999999999999,476940.0,477006.0,126.0
1229,B6T0000001022,476880.0,0.089,11,14,9,5,59.99999999999999,125.99999999999999,477066.0,477132.0,252.0
1233,B6T0000001022,476880.0,0.089,11,14,10,5,59.99999999999999,125.99999999999999,477192.0,477258.0,378.0
1234,B6T0000001022,476880.0,0.089,11,14,10,5,59.99999999999999,125.99999999999999,477318.0,477384.0,504.0
379,B6T0000000471,485760.0,0.1917,1,17,9,5,52.0,110.0,485812.0,485870.0,110.0
380,B6T0000000471,485760.0,0.1917,1,17,9,5,52.0,110.0,485922.0,485980.0,220.0
386,B6T0000000471,485760.0,0.1917,1,17,10,5,52.0,110.0,486032.0,486090.0,330.0
387,B6T0000000471,485760.0,0.1917,1,17,10,5,52.0,110.0,486142.0,486200.0,440.0
1852,B6T0000001858,488340.0,0.0482,8,6,10,5,27.0,60.0,488367.0,488400.0,60.0
1853,B6T0000001858,488340.0,0.0482,8,6,10,5,27.0,60.0,488427.0,488460.0,120.0
2089,B6T0000001407,517860.0,0.0405,10,6,9,5,31.0,68.0,517891.0,517928.0,68.0
2090,B6T0000001407,517860.0,0.0405,10,6,9,5,31.0,68.0,517959.0,517996.0,136.0
699,B6T0000001180,517980.0,0.1614,9,11,9,5,44.0,94.0,518040.0,518090.0,110.0
696,B6T0000001180,517980.0,0.1614,9,11,9,5,44.0,94.0,518134.0,518184.0,204.0
700,B6T0000001180,517980.0,0.1614,9,11,10,5,44.0,94.0,518228.0,518278.0,298.0
692,B6T0000001180,517980.0,0.1614,9,11,10,5,44.0,94.0,518322.0,518372.0,392.0
2088,B6T0000001407,517860.0,0.0405,10,6,10,5,31.0,68.0,518403.0,518440.0,580.0
2091,B6T0000001407,517860.0,0.0405,10,6,10,5,31.0,68.0,518471.0,518508.0,648.0
1282,B6T0000001854,518880.0,0.084,4,7,9,5,21.0,48.0,518901.0,518928.0,48.0
1292,B6T0000001854,518880.0,0.084,4,7,9,5,21.0,48.0,518949.0,518976.0,96.0
1290,B6T0000001854,518880.0,0.084,4,7,10,5,21.0,48.0,518997.0,519024.0,144.0
1289,B6T0000001854,518880.0,0.084,4,7,10,5,21.0,48.0,519045.0,519072.0,192.0
411,B6T0000000050,519060.0,0.1901,3,44,9,5,165.50000000000009,337.00000000000017,519237.5,519409.0,349.0
412,B6T0000000050,519060.0,0.1901,3,44,9,5,165.50000000000009,337.00000000000017,519574.5,519746.0,686.0
421,B6T0000000050,519060.0,0.1901,3,44,10,5,165.50000000000009,337.00000000000017,519911.5,520083.0,1023.0
413,B6T0000000050,519060.0,0.1901,3,44,10,5,165.50000000000009,337.00000000000017,520248.5,520420.0,1360.0
2041,B6T0000000707,520200.0,0.0413,20,14,10,5,78.0,162.0,520498.0,520582.0,382.0
1023,B6T0000001975,520500.0,0.109,6,1,9,5,13.000000000000002,32.0,520595.0,520614.0,114.0
1024,B6T0000001975,520500.0,0.109,6,1,9,5,13.000000000000002,32.0,520627.0,520646.0,146.0
1025,B6T0000001975,520500.0,0.109,6,1,10,5,13.000000000000002,32.0,520659.0,520678.0,178.0
1026,B6T0000001975,520500.0,0.109,6,1,10,5,13.000000000000002,32.0,520691.0,520710.0,210.0
2038,B6T0000000707,520200.0,0.0413,20,14,10,5,78.0,162.0,520788.0,520872.0,672.0
612,B6T0000000247,521280.0,0.1761,2,45,9,5,168.50000000000009,343.00000000000017,521448.5,521623.0,343.0
610,B6T0000000247,521280.0,0.1761,2,45,9,5,168.50000000000009,343.00000000000017,521791.5,521966.0,686.0
611,B6T0000000247,521280.0,0.1761,2,45,10,5,168.50000000000009,343.00000000000017,522134.5,522309.0,1029.0
608,B6T0000000247,521280.0,0.1761,2,45,10,5,168.50000000000009,343.00000000000017,522477.5,522652.0,1372.0
2345,B6T0000000619,524640.0,0.0327,8,29,10,5,114.00000000000001,234.00000000000003,524754.0,524874.0,234.0
2347,B6T0000000619,524640.0,0.0327,8,29,10,5,114.00000000000001,234.00000000000003,524988.0,525108.0,468.0
2269,B6T0000001742,533760.0,0.0351,14,3,9,5,33.0,72.0,533793.0,533832.0,72.0
2268,B6T0000001742,533760.0,0.0351,14,3,9,5,33.0,72.0,533865.0,533904.0,144.0
2065,B6T0000000389,535980.0,0.0407,17,17,9,5,84.0,174.0,536064.0,536154.0,174.0
2007,B6T0000000680,536820.0,0.0426,10,23,9,5,94.00000000000001,194.00000000000003,536914.0,537014.0,194.0
2008,B6T0000000680,536820.0,0.0426,10,23,9,5,94.00000000000001,194.00000000000003,537108.0,537208.0,388.0
2009,B6T0000000680,536820.0,0.0426,10,23,10,5,94.00000000000001,194.00000000000003,537302.0,537402.0,582.0
2010,B6T0000000680,536820.0,0.0426,10,23,10,5,94.00000000000001,194.00000000000003,537496.0,537596.0,776.0
2397,B6T0000001859,538200.0,0.0307,16,4,9,5,39.0,84.0,538239.0,538284.0,84.0
2398,B6T0000001859,538200.0,0.0307,16,4,9,5,39.0,84.0,538323.0,538368.0,168.0
2399,B6T0000001859,538200.0,0.0307,16,4,10,5,39.0,84.0,538407.0,538452.0,252.0
2532,B6T0000000504,538440.0,0.0271,6,34,9,5,130.00000000000006,266.0000000000001,538582.0,538718.0,278.0
3003,B6T0000001285,542820.0,0.019,20,28,10,5,134.0,274.0,542954.0,543094.0,274.0
3002,B6T0000001285,542820.0,0.019,20,28,10,5,134.0,274.0,543228.0,543368.0,548.0
2499,B6T0000000257,543480.0,0.0279,12,48,10,5,203.50000000000009,413.00000000000017,543683.5,543893.0,413.0
2498,B6T0000000257,543480.0,0.0279,12,48,10,5,203.50000000000009,413.00000000000017,544096.5,544306.0,826.0
3544,B6T0000001161,549300.0,0.0116,24,41,9,5,194.00000000000006,394.0000000000001,549494.0,549694.0,394.0
3545,B6T0000001161,549300.0,0.0116,24,41,9,5,194.00000000000006,394.0000000000001,549888.0,550088.0,788.0
2925,B6T0000001547,551760.0,0.0201,25,8,9,5,65.0,136.0,551825.0,551896.0,136.0
2924,B6T0000001547,551760.0,0.0201,25,8,9,5,65.0,136.0,551961.0,552032.0,272.0
2923,B6T0000001547,551760.0,0.0201,25,8,10,5,65.0,136.0,552097.0,552168.0,408.0
888,B6T0000000488,555240.0,0.1265,8,13,9,5,50.0,106.0,555290.0,555346.0,106.0
883,B6T0000000488,555240.0,0.1265,8,13,9,5,50.0,106.0,555396.0,555452.0,212.0
1248,B6T0000000799,555720.0,0.0872,9,16,9,5,63.99999999999999,134.0,555784.0,555854.0,134.0
1260,B6T0000000799,555720.0,0.0872,9,16,9,5,63.99999999999999,134.0,555918.0,555988.0,268.0
1256,B6T0000000799,555720.0,0.0872,9,16,10,5,63.99999999999999,134.0,556052.0,556122.0,402.0
1257,B6T0000000799,555720.0,0.0872,9,16,10,5,63.99999999999999,134.0,556186.0,556256.0,536.0
2313,B6T0000001748,558060.0,0.034,13,6,9,5,37.0,80.0,558097.0,558140.0,80.0
2312,B6T0000001748,558060.0,0.034,13,6,9,5,37.0,80.0,558177.0,558220.0,160.0
2311,B6T0000001748,558060.0,0.034,13,6,10,5,37.0,80.0,558257.0,558300.0,240.0
2309,B6T0000001748,558060.0,0.034,13,6,10,5,37.0,80.0,558337.0,558380.0,320.0
1954,B6T0000000507,559560.0,0.0437,22,11,9,5,70.0,146.0,559630.0,559706.0,146.0
1950,B6T0000000507,559560.0,0.0437,22,11,9,5,70.0,146.0,559776.0,559852.0,292.0
1955,B6T0000000507,559560.0,0.0437,22,11,10,5,70.0,146.0,559922.0,559998.0,438.0
1956,B6T0000000507,559560.0,0.0437,22,11,10,5,70.0,146.0,560068.0,560144.0,584.0
2658,B6T0000001298,559560.0,0.0241,12,30,10,5,126.00000000000003,258.00000000000006,560270.0,560402.0,842.0
2657,B6T0000001298,559560.0,0.0241,12,30,10,5,126.00000000000003,258.00000000000006,560528.0,560660.0,1100.0
3457,B6T0000000234,559980.0,0.0124,35,46,10,5,239.50000000000009,485.00000000000017,560899.5,561145.0,1165.0
3456,B6T0000000234,559980.0,0.0124,35,46,10,5,239.50000000000009,485.00000000000017,561384.5,561630.0,1650.0
2575,B6T0000001934,572580.0,0.0265,18,6,9,5,47.0,100.0,572627.0,572680.0,100.0
2576,B6T0000001934,572580.0,0.0265,18,6,9,5,47.0,100.0,572727.0,572780.0,200.0
2577,B6T0000001934,572580.0,0.0265,18,6,10,5,47.0,100.0,572827.0,572880.0,300.0
2578,B6T0000001934,572580.0,0.0265,18,6,10,5,47.0,100.0,572927.0,572980.0,400.0
2263,B6T0000000534,574920.0,0.0351,14,22,9,5,98.00000000000001,202.00000000000003,575018.0,575122.0,202.0
2262,B6T0000000534,574920.0,0.0351,14,22,9,5,98.00000000000001,202.00000000000003,575220.0,575324.0,404.0
2261,B6T0000000534,574920.0,0.0351,14,22,10,5,98.00000000000001,202.00000000000003,575422.0,575526.0,606.0
2260,B6T0000000534,574920.0,0.0351,14,22,10,5,98.00000000000001,202.00000000000003,575624.0,575728.0,808.0
3036,B6T0000001703,3060.0,0.0186,28,7,12,6,69.0,144.0,3129.0,3204.0,144.0
3035,B6T0000001703,3060.0,0.0186,28,7,12,6,69.0,144.0,3273.0,3348.0,288.0
3576,B6T0000000676,3600.0,0.0114,40,26,11,6,166.0,338.0,3766.0,3938.0,338.0
3577,B6T0000000676,3600.0,0.0114,40,26,11,6,166.0,338.0,4104.0,4276.0,676.0
1490,B6T0000000758,4500.0,0.0671,15,13,11,6,64.0,134.0,4564.0,4634.0,134.0
1484,B6T0000000758,4500.0,0.0671,15,13,11,6,64.0,134.0,4698.0,4768.0,268.0
1489,B6T0000000758,4500.0,0.0671,15,13,12,6,64.0,134.0,4832.0,4902.0,402.0
1488,B6T0000000758,4500.0,0.0671,15,13,12,6,64.0,134.0,4966.0,5036.0,536.0
2603,B6T0000000732,14340.0,0.0258,10,31,11,6,126.00000000000003,258.00000000000006,14466.0,14598.0,258.0
2602,B6T0000000732,14340.0,0.0258,10,31,11,6,126.00000000000003,258.00000000000006,14724.0,14856.0,516.0
2601,B6T0000000732,14340.0,0.0258,10,31,12,6,126.00000000000003,258.00000000000006,14982.0,15114.0,774.0
2600,B6T0000000732,14340.0,0.0258,10,31,12,6,126.00000000000003,258.00000000000006,15240.0,15372.0,1032.0
3005,B6T0000001500,14400.0,0.019,30,2,11,6,63.0,132.0,15435.0,15504.0,1104.0
3004,B6T0000001500,14400.0,0.019,30,2,11,6,63.0,132.0,15567.0,15636.0,1236.0
3006,B6T0000001500,14400.0,0.019,30,2,12,6,63.0,132.0,15699.0,15768.0,1368.0
1507,B6T0000000118,17520.0,0.0664,1,50,12,6,191.50000000000009,389.00000000000017,17711.5,17909.0,389.0
1506,B6T0000000118,17520.0,0.0664,1,50,12,6,191.50000000000009,389.00000000000017,18100.5,18298.0,778.0
593,B6T0000001238,18840.0,0.1832,4,15,11,6,49.99999999999999,105.99999999999999,18890.0,18946.0,106.0
589,B6T0000001238,18840.0,0.1832,4,15,11,6,49.99999999999999,105.99999999999999,18996.0,19052.0,212.0
588,B6T0000001238,18840.0,0.1832,4,15,12,6,49.99999999999999,105.99999999999999,19102.0,19158.0,318.0
592,B6T0000001238,18840.0,0.1832,4,15,12,6,49.99999999999999,105.99999999999999,19208.0,19264.0,424.0
3294,B6T0000000702,19500.0,0.0146,27,29,12,6,152.0,310.0,19652.0,19810.0,310.0
3295,B6T0000000702,19500.0,0.0146,27,29,12,6,152.0,310.0,19962.0,20120.0,620.0
738,B6T0000000140,25440.0,0.1595,3,45,11,6,170.50000000000009,347.00000000000017,25610.5,25787.0,347.0
737,B6T0000000140,25440.0,0.1595,3,45,11,6,170.50000000000009,347.00000000000017,25957.5,26134.0,694.0
736,B6T0000000140,25440.0,0.1595,3,45,12,6,170.50000000000009,347.00000000000017,26304.5,26481.0,1041.0
735,B6T0000000140,25440.0,0.1595,3,45,12,6,170.50000000000009,347.00000000000017,26651.5,26828.0,1388.0
894,B6T0000000488,25440.0,0.1265,9,12,12,6,48.0,102.0,26876.0,26930.0,1490.0
893,B6T0000000488,25440.0,0.1265,9,12,12,6,48.0,102.0,26978.0,27032.0,1592.0
2556,B6T0000001217,28080.0,0.0268,29,12,11,6,88.0,182.0,28168.0,28262.0,182.0
3269,B6T0000001653,33420.0,0.015,36,8,11,6,87.0,180.0,33507.0,33600.0,180.0
3268,B6T0000001653,33420.0,0.015,36,8,11,6,87.0,180.0,33687.0,33780.0,360.0
2798,B6T0000001494,36120.0,0.0224,26,1,12,6,53.0,112.0,36173.0,36232.0,112.0
2797,B6T0000001494,36120.0,0.0224,26,1,12,6,53.0,112.0,36285.0,36344.0,224.0
2766,B6T0000001531,40500.0,0.0227,24,4,11,6,55.00000000000001,116.00000000000001,40555.0,40616.0,116.0
2767,B6T0000001531,40500.0,0.0227,24,4,11,6,55.00000000000001,116.00000000000001,40671.0,40732.0,232.0
2765,B6T0000001531,40500.0,0.0227,24,4,12,6,55.00000000000001,116.00000000000001,40787.0,40848.0,348.0
2764,B6T0000001531,40500.0,0.0227,24,4,12,6,55.00000000000001,116.00000000000001,40903.0,40964.0,464.0
3722,B6T0000000882,44700.0,0.0105,57,14,12,6,152.0,310.0,44852.0,45010.0,310.0
3723,B6T0000000882,44700.0,0.0105,57,14,12,6,152.0,310.0,45162.0,45320.0,620.0
3301,B6T0000000085,53640.0,0.0144,26,48,11,6,231.50000000000009,469.00000000000017,53871.5,54109.0,469.0
666,B6T0000001698,53940.0,0.1619,1,8,11,6,17.0,40.0,54126.0,54149.0,209.0
660,B6T0000001698,53940.0,0.1619,1,8,11,6,17.0,40.0,54166.0,54189.0,249.0
659,B6T0000001698,53940.0,0.1619,1,8,12,6,17.0,40.0,54206.0,54229.0,289.0
3300,B6T0000000085,53640.0,0.0144,26,48,11,6,231.50000000000009,469.00000000000017,54460.5,54698.0,1058.0
2175,B6T0000001942,55320.0,0.0372,12,5,11,6,33.0,72.0,55353.0,55392.0,72.0
2173,B6T0000001942,55320.0,0.0372,12,5,11,6,33.0,72.0,55425.0,55464.0,144.0
2171,B6T0000001942,55320.0,0.0372,12,5,12,6,33.0,72.0,55497.0,55536.0,216.0
377,B6T0000001440,55500.0,0.1918,2,5,11,6,13.0,32.0,55549.0,55568.0,68.0
372,B6T0000001440,55500.0,0.1918,2,5,11,6,13.0,32.0,55581.0,55600.0,100.0
2170,B6T0000001942,55320.0,0.0372,12,5,12,6,33.0,72.0,55633.0,55672.0,352.0
290,B6T0000001196,55620.0,0.2132,6,12,12,6,42.0,90.0,55714.0,55762.0,142.0
291,B6T0000001196,55620.0,0.2132,6,12,12,6,42.0,90.0,55804.0,55852.0,232.0
442,B6T0000000678,56040.0,0.1895,10,9,11,6,38.0,82.0,56078.0,56122.0,82.0
435,B6T0000000678,56040.0,0.1895,10,9,11,6,38.0,82.0,56160.0,56204.0,164.0
434,B6T0000000678,56040.0,0.1895,10,9,12,6,38.0,82.0,56242.0,56286.0,246.0
433,B6T0000000678,56040.0,0.1895,10,9,12,6,38.0,82.0,56324.0,56368.0,328.0
3595,B6T0000000164,85980.0,0.0112,43,43,12,6,240.50000000000006,487.0000000000001,86220.5,86467.0,487.0
1477,B6T0000000631,86280.0,0.0678,3,24,11,6,84.00000000000001,174.00000000000003,86551.0,86641.0,361.0
1384,B6T0000000104,86580.0,0.0753,5,46,11,6,179.50000000000009,365.00000000000017,86820.5,87006.0,426.0
1385,B6T0000000104,86580.0,0.0753,5,46,11,6,179.50000000000009,365.00000000000017,87185.5,87371.0,791.0
1377,B6T0000000104,86580.0,0.0753,5,46,12,6,179.50000000000009,365.00000000000017,87550.5,87736.0,1156.0
116,B6T0000000154,87720.0,0.3556,1,44,11,6,161.50000000000009,329.00000000000017,87897.5,88065.0,345.0
122,B6T0000000154,87720.0,0.3556,1,44,11,6,161.50000000000009,329.00000000000017,88226.5,88394.0,674.0
112,B6T0000000154,87720.0,0.3556,1,44,12,6,161.50000000000009,329.00000000000017,88555.5,88723.0,1003.0
124,B6T0000000154,87720.0,0.3556,1,44,12,6,161.50000000000009,329.00000000000017,88884.5,89052.0,1332.0
180,B6T0000000932,88800.0,0.3317,1,15,11,6,43.99999999999999,93.99999999999999,89096.0,89146.0,346.0
179,B6T0000000932,88800.0,0.3317,1,15,11,6,43.99999999999999,93.99999999999999,89190.0,89240.0,440.0
178,B6T0000000932,88800.0,0.3317,1,15,12,6,43.99999999999999,93.99999999999999,89284.0,89334.0,534.0
177,B6T0000000932,88800.0,0.3317,1,15,12,6,43.99999999999999,93.99999999999999,89378.0,89428.0,628.0
403,B6T0000000471,88500.0,0.1917,2,16,12,6,49.99999999999999,105.99999999999999,89478.0,89534.0,1034.0
402,B6T0000000471,88500.0,0.1917,2,16,12,6,49.99999999999999,105.99999999999999,89584.0,89640.0,1140.0
1386,B6T0000000104,86580.0,0.0753,5,46,12,6,179.50000000000009,365.00000000000017,89819.5,90005.0,3425.0
1476,B6T0000000631,86280.0,0.0678,3,24,11,6,84.00000000000001,174.00000000000003,90089.0,90179.0,3899.0
1475,B6T0000000631,86280.0,0.0678,3,24,12,6,84.00000000000001,174.00000000000003,90263.0,90353.0,4073.0
1474,B6T0000000631,86280.0,0.0678,3,24,12,6,84.00000000000001,174.00000000000003,90437.0,90527.0,4247.0
1689,B6T0000001375,88080.0,0.0569,6,7,11,6,25.0,56.0,90552.0,90583.0,2503.0
1690,B6T0000001375,88080.0,0.0569,6,7,11,6,25.0,56.0,90608.0,90639.0,2559.0
1691,B6T0000001375,88080.0,0.0569,6,7,12,6,25.0,56.0,90664.0,90695.0,2615.0
1692,B6T0000001375,88080.0,0.0569,6,7,12,6,25.0,56.0,90720.0,90751.0,2671.0
2020,B6T0000001110,86160.0,0.0424,7,26,11,6,100.00000000000001,206.00000000000003,90851.0,90957.0,4797.0
2014,B6T0000001110,86160.0,0.0424,7,26,11,6,100.00000000000001,206.00000000000003,91057.0,91163.0,5003.0
2018,B6T0000001110,86160.0,0.0424,7,26,12,6,100.00000000000001,206.00000000000003,91263.0,91369.0,5209.0
2017,B6T0000001110,86160.0,0.0424,7,26,12,6,100.00000000000001,206.00000000000003,91469.0,91575.0,5415.0
2314,B6T0000001107,87900.0,0.0338,24,13,11,6,82.0,170.0,91657.0,91745.0,3845.0
1825,B6T0000001148,91620.0,0.0505,10,21,11,6,86.00000000000001,178.00000000000003,91831.0,91923.0,303.0
2021,B6T0000000073,91800.0,0.0423,9,46,11,6,187.50000000000009,381.00000000000017,92110.5,92304.0,504.0
2025,B6T0000000073,91800.0,0.0423,9,46,11,6,187.50000000000009,381.00000000000017,92491.5,92685.0,885.0
2028,B6T0000000073,91800.0,0.0423,9,46,12,6,187.50000000000009,381.00000000000017,92872.5,93066.0,1266.0
2027,B6T0000000073,91800.0,0.0423,9,46,12,6,187.50000000000009,381.00000000000017,93253.5,93447.0,1647.0
2319,B6T0000001107,87900.0,0.0338,24,13,11,6,82.0,170.0,93529.0,93617.0,5717.0
2318,B6T0000001107,87900.0,0.0338,24,13,12,6,82.0,170.0,93699.0,93787.0,5887.0
2317,B6T0000001107,87900.0,0.0338,24,13,12,6,82.0,170.0,93869.0,93957.0,6057.0
3299,B6T0000001308,89100.0,0.0146,31,25,12,6,144.0,294.0,94101.0,94251.0,5151.0
3298,B6T0000001308,89100.0,0.0146,31,25,12,6,144.0,294.0,94395.0,94545.0,5445.0
3376,B6T0000001260,87540.0,0.0134,39,20,11,6,140.0,286.0,94685.0,94831.0,7291.0
3377,B6T0000001260,87540.0,0.0134,39,20,11,6,140.0,286.0,94971.0,95117.0,7577.0
3531,B6T0000000832,87000.0,0.0117,28,36,12,6,182.00000000000006,370.0000000000001,95299.0,95487.0,8487.0
3530,B6T0000000832,87000.0,0.0117,28,36,12,6,182.00000000000006,370.0000000000001,95669.0,95857.0,8857.0
3555,B6T0000000380,89280.0,0.0115,51,15,11,6,144.0,294.0,96001.0,96151.0,6871.0
3554,B6T0000000380,89280.0,0.0115,51,15,11,6,144.0,294.0,96295.0,96445.0,7165.0
3594,B6T0000000164,85980.0,0.0112,43,43,12,6,240.50000000000006,487.0000000000001,96685.5,96932.0,10952.0
2255,B6T0000001242,111060.0,0.0353,17,19,11,6,92.0,190.0,111152.0,111250.0,190.0
2256,B6T0000001242,111060.0,0.0353,17,19,11,6,92.0,190.0,111342.0,111440.0,380.0
2257,B6T0000001242,111060.0,0.0353,17,19,12,6,92.0,190.0,111532.0,111630.0,570.0
2258,B6T0000001242,111060.0,0.0353,17,19,12,6,92.0,190.0,111722.0,111820.0,760.0
3078,B6T0000001763,114180.0,0.0181,29,7,12,6,71.0,148.0,114251.0,114328.0,148.0
3076,B6T0000001763,114180.0,0.0181,29,7,12,6,71.0,148.0,114399.0,114476.0,296.0
63,B6T0000001664,118260.0,0.5883,2,2,11,6,7.0,20.0,118267.0,118280.0,20.0
45,B6T0000001104,123540.0,0.8431,1,11,12,6,28.0,62.0,123568.0,123602.0,62.0
44,B6T0000001104,123540.0,0.8431,1,11,12,6,28.0,62.0,123630.0,123664.0,124.0
2337,B6T0000001994,127680.0,0.033,16,1,11,6,33.0,72.0,127713.0,127752.0,72.0
2336,B6T0000001994,127680.0,0.033,16,1,11,6,33.0,72.0,127785.0,127824.0,144.0
1048,B6T0000001052,130500.0,0.1066,6,17,11,6,62.0,130.0,130562.0,130630.0,130.0
1049,B6T0000001052,130500.0,0.1066,6,17,11,6,62.0,130.0,130692.0,130760.0,260.0
1043,B6T0000001052,130500.0,0.1066,6,17,12,6,62.0,130.0,130822.0,130890.0,390.0
1044,B6T0000001052,130500.0,0.1066,6,17,12,6,62.0,130.0,130952.0,131020.0,520.0
3333,B6T0000000143,131460.0,0.0139,25,50,12,6,239.50000000000009,485.00000000000017,131699.5,131945.0,485.0
3332,B6T0000000143,131460.0,0.0139,25,50,12,6,239.50000000000009,485.00000000000017,132184.5,132430.0,970.0
3107,B6T0000000605,133320.0,0.0173,9,41,11,6,164.00000000000006,334.0000000000001,133484.0,133654.0,334.0
3106,B6T0000000605,133320.0,0.0173,9,41,11,6,164.00000000000006,334.0000000000001,133818.0,133988.0,668.0
3108,B6T0000000605,133320.0,0.0173,9,41,12,6,164.00000000000006,334.0000000000001,134152.0,134322.0,1002.0
3468,B6T0000001000,134700.0,0.0123,36,26,11,6,158.0,322.0,134858.0,135022.0,322.0
3469,B6T0000001000,134700.0,0.0123,36,26,11,6,158.0,322.0,135180.0,135344.0,644.0
3687,B6T0000001416,135240.0,0.0107,55,4,11,6,117.0,240.0,135461.0,135584.0,344.0
3686,B6T0000001416,135240.0,0.0107,55,4,11,6,117.0,240.0,135701.0,135824.0,584.0
2751,B6T0000001729,136320.0,0.0229,22,7,11,6,57.0,120.0,136377.0,136440.0,120.0
2750,B6T0000001729,136320.0,0.0229,22,7,11,6,57.0,120.0,136497.0,136560.0,240.0
2749,B6T0000001729,136320.0,0.0229,22,7,12,6,57.0,120.0,136617.0,136680.0,360.0
2748,B6T0000001729,136320.0,0.0229,22,7,12,6,57.0,120.0,136737.0,136800.0,480.0
3273,B6T0000001560,137040.0,0.0149,38,5,11,6,85.0,176.0,137125.0,137216.0,176.0
3272,B6T0000001560,137040.0,0.0149,38,5,11,6,85.0,176.0,137301.0,137392.0,352.0
3099,B6T0000001767,140340.0,0.0177,31,5,12,6,71.0,148.0,140411.0,140488.0,148.0
3097,B6T0000001767,140340.0,0.0177,31,5,12,6,71.0,148.0,140559.0,140636.0,296.0
2948,B6T0000001040,141780.0,0.0198,17,30,11,6,136.00000000000003,278.00000000000006,141916.0,142058.0,278.0
2947,B6T0000001040,141780.0,0.0198,17,30,11,6,136.00000000000003,278.00000000000006,142194.0,142336.0,556.0
2949,B6T0000001040,141780.0,0.0198,17,30,12,6,136.00000000000003,278.00000000000006,142472.0,142614.0,834.0
2403,B6T0000001888,142740.0,0.0305,14,8,11,6,43.0,92.0,142783.0,142832.0,92.0
2400,B6T0000001888,142740.0,0.0305,14,8,11,6,43.0,92.0,142875.0,142924.0,184.0
2404,B6T0000001888,142740.0,0.0305,14,8,12,6,43.0,92.0,142967.0,143016.0,276.0
358,B6T0000001370,172860.0,0.2001,3,3,11,6,11.0,28.0,172871.0,172888.0,28.0
354,B6T0000001370,172860.0,0.2001,3,3,11,6,11.0,28.0,172899.0,172916.0,56.0
355,B6T0000001370,172860.0,0.2001,3,3,12,6,11.0,28.0,172927.0,172944.0,84.0
356,B6T0000001370,172860.0,0.2001,3,3,12,6,11.0,28.0,172955.0,172972.0,112.0
1880,B6T0000001166,173160.0,0.0458,11,21,11,6,88.00000000000001,182.00000000000003,173248.0,173342.0,182.0
1882,B6T0000001166,173160.0,0.0458,11,21,11,6,88.00000000000001,182.00000000000003,173430.0,173524.0,364.0
1879,B6T0000001166,173160.0,0.0458,11,21,12,6,88.00000000000001,182.00000000000003,173612.0,173706.0,546.0
1877,B6T0000001166,173160.0,0.0458,11,21,12,6,88.00000000000001,182.00000000000003,173794.0,173888.0,728.0
773,B6T0000000843,173880.0,0.1548,5,15,11,6,51.99999999999999,109.99999999999999,173940.0,173998.0,118.0
779,B6T0000000843,173880.0,0.1548,5,15,11,6,51.99999999999999,109.99999999999999,174050.0,174108.0,228.0
767,B6T0000000843,173880.0,0.1548,5,15,12,6,51.99999999999999,109.99999999999999,174160.0,174218.0,338.0
771,B6T0000000843,173880.0,0.1548,5,15,12,6,51.99999999999999,109.99999999999999,174270.0,174328.0,448.0
993,B6T0000001090,173940.0,0.1122,12,11,12,6,50.0,106.0,174378.0,174434.0,494.0
994,B6T0000001090,173940.0,0.1122,12,11,12,6,50.0,106.0,174484.0,174540.0,600.0
1301,B6T0000000996,174180.0,0.0826,1,24,11,6,80.00000000000001,166.00000000000003,174620.0,174706.0,526.0
1302,B6T0000000996,174180.0,0.0826,1,24,11,6,80.00000000000001,166.00000000000003,174786.0,174872.0,692.0
1307,B6T0000000996,174180.0,0.0826,1,24,12,6,80.00000000000001,166.00000000000003,174952.0,175038.0,858.0
1306,B6T0000000996,174180.0,0.0826,1,24,12,6,80.00000000000001,166.00000000000003,175118.0,175204.0,1024.0
2211,B6T0000001272,175140.0,0.0365,27,9,11,6,72.0,150.0,175276.0,175354.0,214.0
1728,B6T0000001429,175320.0,0.0559,6,8,11,6,27.0,60.0,175381.0,175414.0,94.0
1727,B6T0000001429,175320.0,0.0559,6,8,11,6,27.0,60.0,175441.0,175474.0,154.0
1732,B6T0000001429,175320.0,0.0559,6,8,12,6,27.0,60.0,175501.0,175534.0,214.0
1735,B6T0000001429,175320.0,0.0559,6,8,12,6,27.0,60.0,175561.0,175594.0,274.0
2212,B6T0000001272,175140.0,0.0365,27,9,11,6,72.0,150.0,175666.0,175744.0,604.0
2213,B6T0000001272,175140.0,0.0365,27,9,12,6,72.0,150.0,175816.0,175894.0,754.0
2217,B6T0000001272,175140.0,0.0365,27,9,12,6,72.0,150.0,175966.0,176044.0,904.0
2935,B6T0000000065,173460.0,0.0199,23,44,11,6,205.50000000000009,417.00000000000017,176249.5,176461.0,3001.0
3437,B6T0000001133,174180.0,0.0127,33,28,11,6,160.0,326.0,176621.0,176787.0,2607.0
3436,B6T0000001133,174180.0,0.0127,33,28,11,6,160.0,326.0,176947.0,177113.0,2933.0
797,B6T0000000540,181140.0,0.1348,2,18,11,6,58.0,122.0,181198.0,181262.0,122.0
790,B6T0000000540,181140.0,0.1348,2,18,11,6,58.0,122.0,181320.0,181384.0,244.0
798,B6T0000000540,181140.0,0.1348,2,18,12,6,58.0,122.0,181442.0,181506.0,366.0
2459,B6T0000001943,181260.0,0.0288,19,1,12,6,39.0,84.0,181545.0,181590.0,330.0
2458,B6T0000001943,181260.0,0.0288,19,1,12,6,39.0,84.0,181629.0,181674.0,414.0
2904,B6T0000000326,193260.0,0.0203,38,9,12,6,94.0,194.0,193354.0,193454.0,194.0
2903,B6T0000000326,193260.0,0.0203,38,9,12,6,94.0,194.0,193548.0,193648.0,388.0
1874,B6T0000000931,194700.0,0.0464,12,20,11,6,86.00000000000001,178.00000000000003,194786.0,194878.0,178.0
1875,B6T0000000931,194700.0,0.0464,12,20,11,6,86.00000000000001,178.00000000000003,194964.0,195056.0,356.0
1876,B6T0000000931,194700.0,0.0464,12,20,12,6,86.00000000000001,178.00000000000003,195142.0,195234.0,534.0
1871,B6T0000000931,194700.0,0.0464,12,20,12,6,86.00000000000001,178.00000000000003,195320.0,195412.0,712.0
1494,B6T0000000905,195420.0,0.0665,14,14,11,6,66.0,138.0,195486.0,195558.0,138.0
1505,B6T0000000905,195420.0,0.0665,14,14,11,6,66.0,138.0,195624.0,195696.0,276.0
1504,B6T0000000905,195420.0,0.0665,14,14,12,6,66.0,138.0,195762.0,195834.0,414.0
1503,B6T0000000905,195420.0,0.0665,14,14,12,6,66.0,138.0,195900.0,195972.0,552.0
1357,B6T0000001367,198720.0,0.0763,7,2,11,6,17.0,40.0,198737.0,198760.0,40.0
1356,B6T0000001367,198720.0,0.0763,7,2,11,6,17.0,40.0,198777.0,198800.0,80.0
1355,B6T0000001367,198720.0,0.0763,7,2,12,6,17.0,40.0,198817.0,198840.0,120.0
1354,B6T0000001367,198720.0,0.0763,7,2,12,6,17.0,40.0,198857.0,198880.0,160.0
3472,B6T0000001980,201120.0,0.0123,46,5,12,6,101.0,208.0,201221.0,201328.0,208.0
3473,B6T0000001980,201120.0,0.0123,46,5,12,6,101.0,208.0,201429.0,201536.0,416.0
1143,B6T0000000395,202320.0,0.0958,8,16,11,6,61.99999999999999,130.0,202382.0,202450.0,130.0
1144,B6T0000000395,202320.0,0.0958,8,16,11,6,61.99999999999999,130.0,202512.0,202580.0,260.0
1145,B6T0000000395,202320.0,0.0958,8,16,12,6,61.99999999999999,130.0,202642.0,202710.0,390.0
1146,B6T0000000395,202320.0,0.0958,8,16,12,6,61.99999999999999,130.0,202772.0,202840.0,520.0
213,B6T0000000581,203400.0,0.27,1,16,11,6,47.99999999999999,101.99999999999999,203448.0,203502.0,102.0
214,B6T0000000581,203400.0,0.27,1,16,11,6,47.99999999999999,101.99999999999999,203550.0,203604.0,204.0
215,B6T0000000581,203400.0,0.27,1,16,12,6,47.99999999999999,101.99999999999999,203652.0,203706.0,306.0
216,B6T0000000581,203400.0,0.27,1,16,12,6,47.99999999999999,101.99999999999999,203754.0,203808.0,408.0
828,B6T0000001427,203700.0,0.1296,4,4,11,6,15.0,36.0,203823.0,203844.0,144.0
829,B6T0000001427,203700.0,0.1296,4,4,11,6,15.0,36.0,203859.0,203880.0,180.0
830,B6T0000001427,203700.0,0.1296,4,4,12,6,15.0,36.0,203895.0,203916.0,216.0
831,B6T0000001427,203700.0,0.1296,4,4,12,6,15.0,36.0,203931.0,203952.0,252.0
3679,B6T0000000145,210840.0,0.0107,38,49,12,6,260.5000000000001,527.0000000000002,211100.5,211367.0,527.0
3678,B6T0000000145,210840.0,0.0107,38,49,12,6,260.5000000000001,527.0000000000002,211627.5,211894.0,1054.0
1680,B6T0000001195,213720.0,0.0572,2,27,11,6,94.00000000000001,194.00000000000003,213814.0,213914.0,194.0
1685,B6T0000001195,213720.0,0.0572,2,27,11,6,94.00000000000001,194.00000000000003,214008.0,214108.0,388.0
1676,B6T0000001195,213720.0,0.0572,2,27,12,6,94.00000000000001,194.00000000000003,214202.0,214302.0,582.0
1677,B6T0000001195,213720.0,0.0572,2,27,12,6,94.00000000000001,194.00000000000003,214396.0,214496.0,776.0
3197,B6T0000001473,218100.0,0.0159,34,7,12,6,81.0,168.0,218181.0,218268.0,168.0
3196,B6T0000001473,218100.0,0.0159,34,7,12,6,81.0,168.0,218349.0,218436.0,336.0
1456,B6T0000000897,219840.0,0.0684,6,21,11,6,78.00000000000001,162.00000000000003,219918.0,220002.0,162.0
2123,B6T0000001478,223260.0,0.0392,13,2,11,6,29.0,64.0,223289.0,223324.0,64.0
2122,B6T0000001478,223260.0,0.0392,13,2,11,6,29.0,64.0,223353.0,223388.0,128.0
2121,B6T0000001478,223260.0,0.0392,13,2,12,6,29.0,64.0,223417.0,223452.0,192.0
2120,B6T0000001478,223260.0,0.0392,13,2,12,6,29.0,64.0,223481.0,223516.0,256.0
3582,B6T0000000664,225000.0,0.0113,30,36,12,6,186.00000000000006,378.0000000000001,225186.0,225378.0,378.0
3583,B6T0000000664,225000.0,0.0113,30,36,12,6,186.00000000000006,378.0000000000001,225564.0,225756.0,756.0
688,B6T0000001180,258660.0,0.1614,10,10,11,6,42.0,90.0,258702.0,258750.0,90.0
687,B6T0000001180,258660.0,0.1614,10,10,11,6,42.0,90.0,258792.0,258840.0,180.0
690,B6T0000001180,258660.0,0.1614,10,10,12,6,42.0,90.0,258882.0,258930.0,270.0
2249,B6T0000001205,258660.0,0.0353,18,18,11,6,90.0,186.0,259020.0,259116.0,456.0
2248,B6T0000001205,258660.0,0.0353,18,18,11,6,90.0,186.0,259206.0,259302.0,642.0
151,B6T0000000810,259200.0,0.3397,2,14,11,6,41.99999999999999,89.99999999999999,259344.0,259392.0,192.0
173,B6T0000000810,259200.0,0.3397,2,14,11,6,41.99999999999999,89.99999999999999,259434.0,259482.0,282.0
159,B6T0000000810,259200.0,0.3397,2,14,12,6,41.99999999999999,89.99999999999999,259524.0,259572.0,372.0
171,B6T0000000810,259200.0,0.3397,2,14,12,6,41.99999999999999,89.99999999999999,259614.0,259662.0,462.0
256,B6T0000001466,259560.0,0.2415,2,4,11,6,11.0,28.0,259673.0,259690.0,130.0
267,B6T0000001466,259560.0,0.2415,2,4,11,6,11.0,28.0,259701.0,259718.0,158.0
266,B6T0000001466,259560.0,0.2415,2,4,12,6,11.0,28.0,259729.0,259746.0,186.0
257,B6T0000001466,259560.0,0.2415,2,4,12,6,11.0,28.0,259757.0,259774.0,214.0
675,B6T0000001180,259560.0,0.1614,10,10,12,6,42.0,90.0,259816.0,259864.0,304.0
2293,B6T0000001477,259680.0,0.0343,15,2,11,6,33.0,72.0,259897.0,259936.0,256.0
2292,B6T0000001477,259680.0,0.0343,15,2,11,6,33.0,72.0,259969.0,260008.0,328.0
2291,B6T0000001477,259680.0,0.0343,15,2,12,6,33.0,72.0,260041.0,260080.0,400.0
2290,B6T0000001477,259680.0,0.0343,15,2,12,6,33.0,72.0,260113.0,260152.0,472.0
3536,B6T0000001749,259440.0,0.0117,50,2,12,6,103.0,212.0,260255.0,260364.0,924.0
3537,B6T0000001749,259440.0,0.0117,50,2,12,6,103.0,212.0,260467.0,260576.0,1136.0
3093,B6T0000000969,260460.0,0.0177,34,16,11,6,114.0,234.0,260690.0,260810.0,350.0
273,B6T0000000305,260580.0,0.2304,3,43,11,6,160.50000000000009,327.00000000000017,260970.5,261137.0,557.0
278,B6T0000000305,260580.0,0.2304,3,43,11,6,160.50000000000009,327.00000000000017,261297.5,261464.0,884.0
274,B6T0000000305,260580.0,0.2304,3,43,12,6,160.50000000000009,327.00000000000017,261624.5,261791.0,1211.0
275,B6T0000000305,260580.0,0.2304,3,43,12,6,160.50000000000009,327.00000000000017,261951.5,262118.0,1538.0
654,B6T0000001698,261540.0,0.1619,1,8,12,6,17.0,40.0,262135.0,262158.0,618.0
2277,B6T0000001817,261420.0,0.0351,15,1,12,6,31.0,68.0,262189.0,262226.0,806.0
2274,B6T0000001817,261420.0,0.0351,15,1,12,6,31.0,68.0,262257.0,262294.0,874.0
3124,B6T0000000831,268560.0,0.0171,29,22,12,6,128.00000000000003,262.00000000000006,268688.0,268822.0,262.0
3125,B6T0000000831,268560.0,0.0171,29,22,12,6,128.00000000000003,262.00000000000006,268950.0,269084.0,524.0
3532,B6T0000000919,274800.0,0.0117,49,16,12,6,144.0,294.0,274944.0,275094.0,294.0
3533,B6T0000000919,274800.0,0.0117,49,16,12,6,144.0,294.0,275238.0,275388.0,588.0
3404,B6T0000000189,275940.0,0.013,28,50,12,6,245.50000000000009,497.00000000000017,276185.5,276437.0,497.0
3405,B6T0000000189,275940.0,0.013,28,50,12,6,245.50000000000009,497.00000000000017,276682.5,276934.0,994.0
3039,B6T0000000275,278100.0,0.0185,20,48,11,6,219.50000000000009,445.00000000000017,278319.5,278545.0,445.0
3194,B6T0000000864,280980.0,0.0159,32,21,12,6,130.0,266.0,281110.0,281246.0,266.0
3195,B6T0000000864,280980.0,0.0159,32,21,12,6,130.0,266.0,281376.0,281512.0,532.0
3217,B6T0000000566,282660.0,0.0157,44,10,11,6,110.0,226.0,282770.0,282886.0,226.0
3218,B6T0000000566,282660.0,0.0157,44,10,11,6,110.0,226.0,282996.0,283112.0,452.0
3219,B6T0000000566,282660.0,0.0157,44,10,12,6,110.0,226.0,283222.0,283338.0,678.0
2462,B6T0000000438,284160.0,0.0287,9,30,11,6,120.00000000000003,246.00000000000006,284280.0,284406.0,246.0
2460,B6T0000000438,284160.0,0.0287,9,30,11,6,120.00000000000003,246.00000000000006,284526.0,284652.0,492.0
2464,B6T0000000438,284160.0,0.0287,9,30,12,6,120.00000000000003,246.00000000000006,284772.0,284898.0,738.0
2463,B6T0000000438,284160.0,0.0287,9,30,12,6,120.00000000000003,246.00000000000006,285018.0,285144.0,984.0
1333,B6T0000000043,286500.0,0.0765,6,45,11,6,176.50000000000009,359.00000000000017,286676.5,286859.0,359.0
1345,B6T0000000043,286500.0,0.0765,6,45,11,6,176.50000000000009,359.00000000000017,287035.5,287218.0,718.0
1334,B6T0000000043,286500.0,0.0765,6,45,12,6,176.50000000000009,359.00000000000017,287394.5,287577.0,1077.0
1339,B6T0000000043,286500.0,0.0765,6,45,12,6,176.50000000000009,359.00000000000017,287753.5,287936.0,1436.0
2073,B6T0000001546,286860.0,0.0406,11,4,11,6,29.0,64.0,287965.0,288000.0,1140.0
2072,B6T0000001546,286860.0,0.0406,11,4,11,6,29.0,64.0,288029.0,288064.0,1204.0
2071,B6T0000001546,286860.0,0.0406,11,4,12,6,29.0,64.0,288093.0,288128.0,1268.0
2107,B6T0000000611,287400.0,0.0395,2,32,11,6,114.00000000000003,234.00000000000006,288242.0,288362.0,962.0
2672,B6T0000000584,287760.0,0.0239,9,33,12,6,132.00000000000003,270.00000000000006,288494.0,288632.0,872.0
2673,B6T0000000584,287760.0,0.0239,9,33,12,6,132.00000000000003,270.00000000000006,288764.0,288902.0,1142.0
460,B6T0000001382,295740.0,0.1892,4,2,11,6,11.0,28.0,295751.0,295768.0,28.0
468,B6T0000001382,295740.0,0.1892,4,2,11,6,11.0,28.0,295779.0,295796.0,56.0
465,B6T0000001382,295740.0,0.1892,4,2,12,6,11.0,28.0,295807.0,295824.0,84.0
459,B6T0000001382,295740.0,0.1892,4,2,12,6,11.0,28.0,295835.0,295852.0,112.0
1806,B6T0000001372,296820.0,0.0516,7,7,11,6,27.0,60.0,296847.0,296880.0,60.0
1807,B6T0000001372,296820.0,0.0516,7,7,11,6,27.0,60.0,296907.0,296940.0,120.0
1808,B6T0000001372,296820.0,0.0516,7,7,12,6,27.0,60.0,296967.0,297000.0,180.0
1809,B6T0000001372,296820.0,0.0516,7,7,12,6,27.0,60.0,297027.0,297060.0,240.0
3256,B6T0000000023,301020.0,0.0151,23,49,12,6,230.50000000000009,467.00000000000017,301250.5,301487.0,467.0
3257,B6T0000000023,301020.0,0.0151,23,49,12,6,230.50000000000009,467.00000000000017,301717.5,301954.0,934.0
1218,B6T0000000577,301800.0,0.0912,1,23,11,6,76.00000000000001,158.00000000000003,302030.0,302112.0,312.0
341,B6T0000000139,301980.0,0.2024,1,45,11,6,166.50000000000009,339.00000000000017,302278.5,302451.0,471.0
331,B6T0000000139,301980.0,0.2024,1,45,11,6,166.50000000000009,339.00000000000017,302617.5,302790.0,810.0
346,B6T0000000139,301980.0,0.2024,1,45,12,6,166.50000000000009,339.00000000000017,302956.5,303129.0,1149.0
1529,B6T0000000228,301560.0,0.0662,10,43,11,6,174.50000000000009,355.00000000000017,303303.5,303484.0,1924.0
1528,B6T0000000228,301560.0,0.0662,10,43,11,6,174.50000000000009,355.00000000000017,303658.5,303839.0,2279.0
1524,B6T0000000228,301560.0,0.0662,10,43,12,6,174.50000000000009,355.00000000000017,304013.5,304194.0,2634.0
1520,B6T0000000228,301560.0,0.0662,10,43,12,6,174.50000000000009,355.00000000000017,304368.5,304549.0,2989.0
3441,B6T0000001574,303540.0,0.0127,46,2,12,6,95.0,196.0,304644.0,304745.0,1205.0
3440,B6T0000001574,303540.0,0.0127,46,2,12,6,95.0,196.0,304840.0,304941.0,1401.0
804,B6T0000000540,305220.0,0.1348,2,18,12,6,58.0,122.0,305278.0,305342.0,122.0
1642,B6T0000001117,308580.0,0.0595,16,13,11,6,66.0,138.0,308646.0,308718.0,138.0
1641,B6T0000001117,308580.0,0.0595,16,13,11,6,66.0,138.0,308784.0,308856.0,276.0
1640,B6T0000001117,308580.0,0.0595,16,13,12,6,66.0,138.0,308922.0,308994.0,414.0
1635,B6T0000001117,308580.0,0.0595,16,13,12,6,66.0,138.0,309060.0,309132.0,552.0
303,B6T0000001196,309060.0,0.2132,5,13,11,6,44.0,94.0,309176.0,309226.0,166.0
299,B6T0000001196,309060.0,0.2132,5,13,11,6,44.0,94.0,309270.0,309320.0,260.0
298,B6T0000001196,309060.0,0.2132,5,13,12,6,44.0,94.0,309364.0,309414.0,354.0
297,B6T0000001196,309060.0,0.2132,5,13,12,6,44.0,94.0,309458.0,309508.0,448.0
497,B6T0000001101,309720.0,0.1876,7,12,11,6,44.0,94.0,309764.0,309814.0,94.0
498,B6T0000001101,309720.0,0.1876,7,12,11,6,44.0,94.0,309858.0,309908.0,188.0
499,B6T0000001101,309720.0,0.1876,7,12,12,6,44.0,94.0,309952.0,310002.0,282.0
500,B6T0000001101,309720.0,0.1876,7,12,12,6,44.0,94.0,310046.0,310096.0,376.0
220,B6T0000000581,311400.0,0.27,9,9,11,6,36.0,78.0,311436.0,311478.0,78.0
226,B6T0000000581,311400.0,0.27,9,9,11,6,36.0,78.0,311514.0,311556.0,156.0
227,B6T0000000581,311400.0,0.27,9,9,12,6,36.0,78.0,311592.0,311634.0,234.0
253,B6T0000000581,311400.0,0.27,9,9,12,6,36.0,78.0,311670.0,311712.0,312.0
836,B6T0000001220,312720.0,0.1275,12,9,11,6,42.0,90.0,312762.0,312810.0,90.0
837,B6T0000001220,312720.0,0.1275,12,9,11,6,42.0,90.0,312852.0,312900.0,180.0
838,B6T0000001220,312720.0,0.1275,12,9,12,6,42.0,90.0,312942.0,312990.0,270.0
839,B6T0000001220,312720.0,0.1275,12,9,12,6,42.0,90.0,313032.0,313080.0,360.0
1792,B6T0000001685,313680.0,0.0539,8,5,11,6,25.0,56.0,313705.0,313736.0,56.0
1791,B6T0000001685,313680.0,0.0539,8,5,11,6,25.0,56.0,313761.0,313792.0,112.0
1790,B6T0000001685,313680.0,0.0539,8,5,12,6,25.0,56.0,313817.0,313848.0,168.0
1794,B6T0000001685,313680.0,0.0539,8,5,12,6,25.0,56.0,313873.0,313904.0,224.0
3564,B6T0000000938,314040.0,0.0115,47,19,11,6,152.0,310.0,314192.0,314350.0,310.0
3565,B6T0000000938,314040.0,0.0115,47,19,11,6,152.0,310.0,314502.0,314660.0,620.0
2990,B6T0000000096,345000.0,0.0192,20,47,11,6,214.50000000000009,435.00000000000017,345214.5,345435.0,435.0
2989,B6T0000000096,345000.0,0.0192,20,47,11,6,214.50000000000009,435.00000000000017,345649.5,345870.0,870.0
2383,B6T0000001895,345720.0,0.0311,15,5,11,6,39.0,84.0,345909.0,345954.0,234.0
2384,B6T0000001895,345720.0,0.0311,15,5,11,6,39.0,84.0,345993.0,346038.0,318.0
988,B6T0000001844,345960.0,0.1128,2,8,11,6,19.0,44.0,346057.0,346082.0,122.0
989,B6T0000001844,345960.0,0.1128,2,8,11,6,19.0,44.0,346101.0,346126.0,166.0
974,B6T0000001844,345960.0,0.1128,2,8,12,6,19.0,44.0,346145.0,346170.0,210.0
973,B6T0000001844,345960.0,0.1128,2,8,12,6,19.0,44.0,346189.0,346214.0,254.0
2206,B6T0000001098,345960.0,0.0365,1,34,11,6,120.00000000000004,246.00000000000009,346334.0,346460.0,500.0
522,B6T0000001197,346440.0,0.1865,5,14,11,6,47.99999999999999,101.99999999999999,346508.0,346562.0,122.0
526,B6T0000001197,346440.0,0.1865,5,14,11,6,47.99999999999999,101.99999999999999,346610.0,346664.0,224.0
525,B6T0000001197,346440.0,0.1865,5,14,12,6,47.99999999999999,101.99999999999999,346712.0,346766.0,326.0
2207,B6T0000001098,345960.0,0.0365,1,34,11,6,120.00000000000004,246.00000000000009,346886.0,347012.0,1052.0
1776,B6T0000001573,346920.0,0.0542,9,3,11,6,23.0,52.0,347035.0,347064.0,144.0
1775,B6T0000001573,346920.0,0.0542,9,3,11,6,23.0,52.0,347087.0,347116.0,196.0
1772,B6T0000001573,346920.0,0.0542,9,3,12,6,23.0,52.0,347139.0,347168.0,248.0
1773,B6T0000001573,346920.0,0.0542,9,3,12,6,23.0,52.0,347191.0,347220.0,300.0
2208,B6T0000001098,345960.0,0.0365,1,34,12,6,120.00000000000004,246.00000000000009,347340.0,347466.0,1506.0
2209,B6T0000001098,345960.0,0.0365,1,34,12,6,120.00000000000004,246.00000000000009,347586.0,347712.0,1752.0
2382,B6T0000001895,345720.0,0.0311,15,5,12,6,39.0,84.0,347751.0,347796.0,2076.0
2467,B6T0000001299,346440.0,0.0287,11,28,11,6,116.00000000000001,238.00000000000003,347912.0,348034.0,1594.0
2792,B6T0000001688,347820.0,0.0225,22,8,11,6,59.0,124.0,348093.0,348158.0,338.0
2794,B6T0000001688,347820.0,0.0225,22,8,11,6,59.0,124.0,348217.0,348282.0,462.0
954,B6T0000000445,348180.0,0.1202,10,12,11,6,50.0,106.0,348332.0,348388.0,208.0
950,B6T0000000445,348180.0,0.1202,10,12,11,6,50.0,106.0,348438.0,348494.0,314.0
949,B6T0000000445,348180.0,0.1202,10,12,12,6,50.0,106.0,348544.0,348600.0,420.0
951,B6T0000000445,348180.0,0.1202,10,12,12,6,50.0,106.0,348650.0,348706.0,526.0
2905,B6T0000001330,348360.0,0.0203,27,4,11,6,61.0,128.0,348767.0,348834.0,474.0
2907,B6T0000001330,348360.0,0.0203,27,4,11,6,61.0,128.0,348895.0,348962.0,602.0
2906,B6T0000001330,348360.0,0.0203,27,4,12,6,61.0,128.0,349023.0,349090.0,730.0
2991,B6T0000000096,345000.0,0.0192,20,47,12,6,214.50000000000009,435.00000000000017,349304.5,349525.0,4525.0
3395,B6T0000000141,345540.0,0.0132,36,43,12,6,226.50000000000009,459.00000000000017,349751.5,349984.0,4444.0
3394,B6T0000000141,345540.0,0.0132,36,43,12,6,226.50000000000009,459.00000000000017,350210.5,350443.0,4903.0
3422,B6T0000000173,345720.0,0.0128,30,49,12,6,244.50000000000009,495.00000000000017,350687.5,350938.0,5218.0
3423,B6T0000000173,345720.0,0.0128,30,49,12,6,244.50000000000009,495.00000000000017,351182.5,351433.0,5713.0
3599,B6T0000000283,346200.0,0.0112,41,45,11,6,246.50000000000009,499.00000000000017,351679.5,351932.0,5732.0
3598,B6T0000000283,346200.0,0.0112,41,45,11,6,246.50000000000009,499.00000000000017,352178.5,352431.0,6231.0
2707,B6T0000001643,352980.0,0.0234,22,5,11,6,53.0,112.0,353033.0,353092.0,112.0
2706,B6T0000001643,352980.0,0.0234,22,5,11,6,53.0,112.0,353145.0,353204.0,224.0
2705,B6T0000001643,352980.0,0.0234,22,5,12,6,53.0,112.0,353257.0,353316.0,336.0
2704,B6T0000001643,352980.0,0.0234,22,5,12,6,53.0,112.0,353369.0,353428.0,448.0
2414,B6T0000001594,361020.0,0.0303,17,3,12,6,39.0,84.0,361059.0,361104.0,84.0
2413,B6T0000001594,361020.0,0.0303,17,3,12,6,39.0,84.0,361143.0,361188.0,168.0
3736,B6T0000001743,366180.0,0.0104,58,2,11,6,119.00000000000001,244.00000000000003,366299.0,366424.0,244.0
3737,B6T0000001743,366180.0,0.0104,58,2,11,6,119.00000000000001,244.00000000000003,366543.0,366668.0,488.0
1653,B6T0000000735,373800.0,0.0594,14,15,11,6,70.0,146.0,373870.0,373946.0,146.0
1645,B6T0000000735,373800.0,0.0594,14,15,11,6,70.0,146.0,374016.0,374092.0,292.0
1644,B6T0000000735,373800.0,0.0594,14,15,12,6,70.0,146.0,374162.0,374238.0,438.0
1652,B6T0000000735,373800.0,0.0594,14,15,12,6,70.0,146.0,374308.0,374384.0,584.0
2962,B6T0000000163,374100.0,0.0196,17,49,11,6,218.50000000000009,443.00000000000017,374602.5,374827.0,727.0
2964,B6T0000000163,374100.0,0.0196,17,49,11,6,218.50000000000009,443.00000000000017,375045.5,375270.0,1170.0
2963,B6T0000000163,374100.0,0.0196,17,49,12,6,218.50000000000009,443.00000000000017,375488.5,375713.0,1613.0
109,B6T0000000261,375420.0,0.4826,1,43,11,6,156.50000000000009,319.00000000000017,375869.5,376032.0,612.0
108,B6T0000000261,375420.0,0.4826,1,43,11,6,156.50000000000009,319.00000000000017,376188.5,376351.0,931.0
98,B6T0000000261,375420.0,0.4826,1,43,12,6,156.50000000000009,319.00000000000017,376507.5,376670.0,1250.0
103,B6T0000000261,375420.0,0.4826,1,43,12,6,156.50000000000009,319.00000000000017,376826.5,376989.0,1569.0
3070,B6T0000001373,375840.0,0.0182,31,3,11,6,67.0,140.0,377056.0,377129.0,1289.0
3355,B6T0000000236,373920.0,0.0136,30,47,11,6,234.50000000000009,475.00000000000017,377363.5,377604.0,3684.0
3354,B6T0000000236,373920.0,0.0136,30,47,11,6,234.50000000000009,475.00000000000017,377838.5,378079.0,4159.0
1981,B6T0000001870,380400.0,0.0428,11,3,11,6,27.0,60.0,380427.0,380460.0,60.0
1986,B6T0000001870,380400.0,0.0428,11,3,11,6,27.0,60.0,380487.0,380520.0,120.0
1983,B6T0000001870,380400.0,0.0428,11,3,12,6,27.0,60.0,380547.0,380580.0,180.0
1982,B6T0000001870,380400.0,0.0428,11,3,12,6,27.0,60.0,380607.0,380640.0,240.0
3396,B6T0000000629,382200.0,0.0132,23,36,11,6,172.00000000000006,350.0000000000001,382372.0,382550.0,350.0
3397,B6T0000000629,382200.0,0.0132,23,36,11,6,172.00000000000006,350.0000000000001,382722.0,382900.0,700.0
2770,B6T0000001992,382680.0,0.0227,25,2,11,6,53.0,112.0,382953.0,383012.0,332.0
2771,B6T0000001992,382680.0,0.0227,25,2,11,6,53.0,112.0,383065.0,383124.0,444.0
2993,B6T0000000548,399360.0,0.0191,23,25,11,6,128.0,262.0,399488.0,399622.0,262.0
2992,B6T0000000548,399360.0,0.0191,23,25,11,6,128.0,262.0,399750.0,399884.0,524.0
2994,B6T0000000548,399360.0,0.0191,23,25,12,6,128.0,262.0,400012.0,400146.0,786.0
2239,B6T0000001823,400020.0,0.0358,11,8,11,6,37.0,80.0,400183.0,400226.0,206.0
2238,B6T0000001823,400020.0,0.0358,11,8,11,6,37.0,80.0,400263.0,400306.0,286.0
2241,B6T0000001823,400020.0,0.0358,11,8,12,6,37.0,80.0,400343.0,400386.0,366.0
2240,B6T0000001823,400020.0,0.0358,11,8,12,6,37.0,80.0,400423.0,400466.0,446.0
2176,B6T0000000571,400440.0,0.0371,2,33,11,6,118.00000000000003,242.00000000000006,400584.0,400708.0,268.0
3417,B6T0000001046,400020.0,0.0129,50,11,11,6,126.0,258.0,400834.0,400966.0,946.0
3416,B6T0000001046,400020.0,0.0129,50,11,11,6,126.0,258.0,401092.0,401224.0,1204.0
3292,B6T0000001346,431400.0,0.0147,40,2,11,6,83.0,172.0,431483.0,431572.0,172.0
3293,B6T0000001346,431400.0,0.0147,40,2,11,6,83.0,172.0,431655.0,431744.0,344.0
866,B6T0000000001,431940.0,0.1272,1,47,11,6,176.50000000000009,359.00000000000017,432116.5,432299.0,359.0
867,B6T0000000001,431940.0,0.1272,1,47,11,6,176.50000000000009,359.00000000000017,432475.5,432658.0,718.0
868,B6T0000000001,431940.0,0.1272,1,47,12,6,176.50000000000009,359.00000000000017,432834.5,433017.0,1077.0
31,B6T0000001104,432660.0,0.8431,4,9,11,6,25.999999999999996,57.99999999999999,433043.0,433075.0,415.0
30,B6T0000001104,432660.0,0.8431,4,9,11,6,25.999999999999996,57.99999999999999,433101.0,433133.0,473.0
32,B6T0000001104,432660.0,0.8431,4,9,12,6,25.999999999999996,57.99999999999999,433159.0,433191.0,531.0
870,B6T0000000001,431940.0,0.1272,1,47,12,6,176.50000000000009,359.00000000000017,433367.5,433550.0,1610.0
1663,B6T0000000614,432780.0,0.058,6,23,11,6,86.00000000000001,178.00000000000003,433636.0,433728.0,948.0
900,B6T0000000411,433620.0,0.1258,6,15,11,6,53.99999999999999,113.99999999999999,433782.0,433842.0,222.0
899,B6T0000000411,433620.0,0.1258,6,15,11,6,53.99999999999999,113.99999999999999,433896.0,433956.0,336.0
1662,B6T0000000614,432780.0,0.058,6,23,11,6,86.00000000000001,178.00000000000003,434042.0,434134.0,1354.0
17,B6T0000001209,434040.0,1.3573,1,10,11,6,24.0,54.0,434158.0,434188.0,148.0
13,B6T0000001209,434040.0,1.3573,1,10,11,6,24.0,54.0,434212.0,434242.0,202.0
16,B6T0000001209,434040.0,1.3573,1,10,12,6,24.0,54.0,434266.0,434296.0,256.0
28,B6T0000001209,434040.0,1.3573,1,10,12,6,24.0,54.0,434320.0,434350.0,310.0
939,B6T0000000508,434220.0,0.1252,2,19,11,6,62.00000000000001,130.0,434412.0,434480.0,260.0
938,B6T0000000508,434220.0,0.1252,2,19,11,6,62.00000000000001,130.0,434542.0,434610.0,390.0
936,B6T0000000508,434220.0,0.1252,2,19,12,6,62.00000000000001,130.0,434672.0,434740.0,520.0
940,B6T0000000508,434220.0,0.1252,2,19,12,6,62.00000000000001,130.0,434802.0,434870.0,650.0
1661,B6T0000000614,432780.0,0.058,6,23,12,6,86.00000000000001,178.00000000000003,434956.0,435048.0,2268.0
2201,B6T0000001562,434460.0,0.0366,13,4,12,6,33.0,72.0,435081.0,435120.0,660.0
2198,B6T0000001562,434460.0,0.0366,13,4,12,6,33.0,72.0,435153.0,435192.0,732.0
3279,B6T0000000826,432900.0,0.0148,13,42,11,6,176.00000000000006,358.0000000000001,435368.0,435550.0,2650.0
3278,B6T0000000826,432900.0,0.0148,13,42,11,6,176.00000000000006,358.0000000000001,435726.0,435908.0,3008.0
3347,B6T0000000696,434460.0,0.0137,38,20,12,6,138.0,282.0,436046.0,436190.0,1730.0
3346,B6T0000000696,434460.0,0.0137,38,20,12,6,138.0,282.0,436328.0,436472.0,2012.0
3291,B6T0000001192,438300.0,0.0147,32,24,11,6,142.0,290.0,438442.0,438590.0,290.0
3290,B6T0000001192,438300.0,0.0147,32,24,11,6,142.0,290.0,438732.0,438880.0,580.0
1103,B6T0000001301,443640.0,0.1026,1,22,12,6,72.00000000000001,150.00000000000003,443712.0,443790.0,150.0
1105,B6T0000001301,443640.0,0.1026,1,22,12,6,72.00000000000001,150.00000000000003,443862.0,443940.0,300.0
642,B6T0000000469,450660.0,0.1623,11,9,11,6,40.0,86.0,450700.0,450746.0,86.0
644,B6T0000000469,450660.0,0.1623,11,9,11,6,40.0,86.0,450786.0,450832.0,172.0
643,B6T0000000469,450660.0,0.1623,11,9,12,6,40.0,86.0,450872.0,450918.0,258.0
645,B6T0000000469,450660.0,0.1623,11,9,12,6,40.0,86.0,450958.0,451004.0,344.0
2340,B6T0000000388,451140.0,0.0329,12,25,12,6,106.0,218.0,451246.0,451358.0,218.0
2339,B6T0000000388,451140.0,0.0329,12,25,12,6,106.0,218.0,451464.0,451576.0,436.0
3425,B6T0000000468,454740.0,0.0128,45,16,11,6,136.0,278.0,454876.0,455018.0,278.0
3424,B6T0000000468,454740.0,0.0128,45,16,11,6,136.0,278.0,455154.0,455296.0,556.0
1850,B6T0000000219,460320.0,0.0501,5,48,11,6,189.50000000000009,385.00000000000017,460509.5,460705.0,385.0
1842,B6T0000000219,460320.0,0.0501,5,48,11,6,189.50000000000009,385.00000000000017,460894.5,461090.0,770.0
1843,B6T0000000219,460320.0,0.0501,5,48,12,6,189.50000000000009,385.00000000000017,461279.5,461475.0,1155.0
3171,B6T0000001064,462300.0,0.0163,24,28,12,6,142.00000000000003,290.00000000000006,462442.0,462590.0,290.0
3170,B6T0000001064,462300.0,0.0163,24,28,12,6,142.00000000000003,290.00000000000006,462732.0,462880.0,580.0
532,B6T0000001197,463920.0,0.1865,5,14,12,6,47.99999999999999,101.99999999999999,463968.0,464022.0,102.0
1394,B6T0000000367,464880.0,0.0738,2,24,11,6,82.00000000000001,170.00000000000003,464962.0,465050.0,170.0
1393,B6T0000000367,464880.0,0.0738,2,24,11,6,82.00000000000001,170.00000000000003,465132.0,465220.0,340.0
1392,B6T0000000367,464880.0,0.0738,2,24,12,6,82.00000000000001,170.00000000000003,465302.0,465390.0,510.0
1391,B6T0000000367,464880.0,0.0738,2,24,12,6,82.00000000000001,170.00000000000003,465472.0,465560.0,680.0
1436,B6T0000000745,470460.0,0.0703,13,14,11,6,63.99999999999999,134.0,470524.0,470594.0,134.0
1435,B6T0000000745,470460.0,0.0703,13,14,11,6,63.99999999999999,134.0,470658.0,470728.0,268.0
1431,B6T0000000745,470460.0,0.0703,13,14,12,6,63.99999999999999,134.0,470792.0,470862.0,402.0
1430,B6T0000000745,470460.0,0.0703,13,14,12,6,63.99999999999999,134.0,470926.0,470996.0,536.0
3024,B6T0000001792,471540.0,0.0188,31,1,11,6,63.0,132.0,471603.0,471672.0,132.0
1235,B6T0000001022,476880.0,0.089,11,14,11,6,59.99999999999999,125.99999999999999,476940.0,477006.0,126.0
1241,B6T0000001022,476880.0,0.089,11,14,11,6,59.99999999999999,125.99999999999999,477066.0,477132.0,252.0
1242,B6T0000001022,476880.0,0.089,11,14,12,6,59.99999999999999,125.99999999999999,477192.0,477258.0,378.0
1232,B6T0000001022,476880.0,0.089,11,14,12,6,59.99999999999999,125.99999999999999,477318.0,477384.0,504.0
3539,B6T0000001984,479520.0,0.0117,48,6,11,6,107.00000000000001,220.00000000000003,479627.0,479740.0,220.0
1753,B6T0000000007,479580.0,0.0553,2,50,11,6,193.50000000000009,393.00000000000017,479933.5,480133.0,553.0
1749,B6T0000000007,479580.0,0.0553,2,50,11,6,193.50000000000009,393.00000000000017,480326.5,480526.0,946.0
1750,B6T0000000007,479580.0,0.0553,2,50,12,6,193.50000000000009,393.00000000000017,480719.5,480919.0,1339.0
1748,B6T0000000007,479580.0,0.0553,2,50,12,6,193.50000000000009,393.00000000000017,481112.5,481312.0,1732.0
3538,B6T0000001984,479520.0,0.0117,48,6,11,6,107.00000000000001,220.00000000000003,481419.0,481532.0,2012.0
389,B6T0000000471,485760.0,0.1917,1,17,11,6,52.0,110.0,485812.0,485870.0,110.0
390,B6T0000000471,485760.0,0.1917,1,17,11,6,52.0,110.0,485922.0,485980.0,220.0
384,B6T0000000471,485760.0,0.1917,1,17,12,6,52.0,110.0,486032.0,486090.0,330.0
1887,B6T0000000716,486120.0,0.0455,10,22,12,6,90.00000000000001,186.00000000000003,486210.0,486306.0,186.0
1892,B6T0000000716,486120.0,0.0455,10,22,12,6,90.00000000000001,186.00000000000003,486396.0,486492.0,372.0
3504,B6T0000000505,488100.0,0.012,23,40,11,6,188.00000000000006,382.0000000000001,488288.0,488482.0,382.0
1854,B6T0000001858,488340.0,0.0482,8,6,11,6,27.0,60.0,488509.0,488542.0,202.0
1855,B6T0000001858,488340.0,0.0482,8,6,11,6,27.0,60.0,488569.0,488602.0,262.0
1856,B6T0000001858,488340.0,0.0482,8,6,12,6,27.0,60.0,488629.0,488662.0,322.0
1857,B6T0000001858,488340.0,0.0482,8,6,12,6,27.0,60.0,488689.0,488722.0,382.0
3505,B6T0000000505,488100.0,0.012,23,40,11,6,188.00000000000006,382.0000000000001,488910.0,489104.0,1004.0
3260,B6T0000000607,517740.0,0.0151,38,17,11,6,126.0,258.0,517866.0,517998.0,258.0
2085,B6T0000001407,517860.0,0.0405,10,6,11,6,31.0,68.0,518029.0,518066.0,206.0
2586,B6T0000000543,517860.0,0.0262,21,20,12,6,104.0,214.0,518170.0,518280.0,420.0
2589,B6T0000000543,517860.0,0.0262,21,20,12,6,104.0,214.0,518384.0,518494.0,634.0
2978,B6T0000001825,517980.0,0.0194,30,1,12,6,61.0,128.0,518555.0,518622.0,642.0
2979,B6T0000001825,517980.0,0.0194,30,1,12,6,61.0,128.0,518683.0,518750.0,770.0
3261,B6T0000000607,517740.0,0.0151,38,17,11,6,126.0,258.0,518876.0,519008.0,1268.0
1288,B6T0000001854,518880.0,0.084,4,7,11,6,21.0,48.0,519029.0,519056.0,176.0
1287,B6T0000001854,518880.0,0.084,4,7,11,6,21.0,48.0,519077.0,519104.0,224.0
414,B6T0000000050,519060.0,0.1901,3,44,11,6,165.50000000000009,337.00000000000017,519269.5,519441.0,381.0
425,B6T0000000050,519060.0,0.1901,3,44,11,6,165.50000000000009,337.00000000000017,519606.5,519778.0,718.0
424,B6T0000000050,519060.0,0.1901,3,44,12,6,165.50000000000009,337.00000000000017,519943.5,520115.0,1055.0
415,B6T0000000050,519060.0,0.1901,3,44,12,6,165.50000000000009,337.00000000000017,520280.5,520452.0,1392.0
1286,B6T0000001854,518880.0,0.084,4,7,12,6,21.0,48.0,520473.0,520500.0,1620.0
1027,B6T0000001975,520500.0,0.109,6,1,11,6,13.000000000000002,32.0,520513.0,520532.0,32.0
1028,B6T0000001975,520500.0,0.109,6,1,11,6,13.000000000000002,32.0,520545.0,520564.0,64.0
1029,B6T0000001975,520500.0,0.109,6,1,12,6,13.000000000000002,32.0,520577.0,520596.0,96.0
1030,B6T0000001975,520500.0,0.109,6,1,12,6,13.000000000000002,32.0,520609.0,520628.0,128.0
1285,B6T0000001854,518880.0,0.084,4,7,12,6,21.0,48.0,520649.0,520676.0,1796.0
2037,B6T0000000707,520200.0,0.0413,20,14,11,6,78.0,162.0,520754.0,520838.0,638.0
2042,B6T0000000707,520200.0,0.0413,20,14,11,6,78.0,162.0,520916.0,521000.0,800.0
2039,B6T0000000707,520200.0,0.0413,20,14,12,6,78.0,162.0,521078.0,521162.0,962.0
2040,B6T0000000707,520200.0,0.0413,20,14,12,6,78.0,162.0,521240.0,521324.0,1124.0
607,B6T0000000247,521280.0,0.1761,2,45,11,6,168.50000000000009,343.00000000000017,521492.5,521667.0,387.0
606,B6T0000000247,521280.0,0.1761,2,45,11,6,168.50000000000009,343.00000000000017,521835.5,522010.0,730.0
605,B6T0000000247,521280.0,0.1761,2,45,12,6,168.50000000000009,343.00000000000017,522178.5,522353.0,1073.0
604,B6T0000000247,521280.0,0.1761,2,45,12,6,168.50000000000009,343.00000000000017,522521.5,522696.0,1416.0
3280,B6T0000001055,519360.0,0.0148,17,38,11,6,168.00000000000006,342.0000000000001,522864.0,523038.0,3678.0
3281,B6T0000001055,519360.0,0.0148,17,38,11,6,168.00000000000006,342.0000000000001,523206.0,523380.0,4020.0
3589,B6T0000001762,519180.0,0.0113,53,1,12,6,107.00000000000001,220.00000000000003,523487.0,523600.0,4420.0
3588,B6T0000001762,519180.0,0.0113,53,1,12,6,107.00000000000001,220.00000000000003,523707.0,523820.0,4640.0
2346,B6T0000000619,524640.0,0.0327,8,29,11,6,114.00000000000001,234.00000000000003,524754.0,524874.0,234.0
2348,B6T0000000619,524640.0,0.0327,8,29,11,6,114.00000000000001,234.00000000000003,524988.0,525108.0,468.0
2349,B6T0000000619,524640.0,0.0327,8,29,12,6,114.00000000000001,234.00000000000003,525222.0,525342.0,702.0
2344,B6T0000000619,524640.0,0.0327,8,29,12,6,114.00000000000001,234.00000000000003,525456.0,525576.0,936.0
2184,B6T0000001469,530640.0,0.0369,11,7,12,6,35.0,76.0,530675.0,530716.0,76.0
2187,B6T0000001469,530640.0,0.0369,11,7,12,6,35.0,76.0,530751.0,530792.0,152.0
3647,B6T0000001604,536460.0,0.011,54,3,11,6,113.0,232.0,536573.0,536692.0,232.0
3646,B6T0000001604,536460.0,0.011,54,3,11,6,113.0,232.0,536805.0,536924.0,464.0
2011,B6T0000000680,536820.0,0.0426,10,23,11,6,94.00000000000001,194.00000000000003,537018.0,537118.0,298.0
2012,B6T0000000680,536820.0,0.0426,10,23,11,6,94.00000000000001,194.00000000000003,537212.0,537312.0,492.0
3001,B6T0000001285,542820.0,0.019,20,28,11,6,134.0,274.0,542954.0,543094.0,274.0
2497,B6T0000000257,543480.0,0.0279,12,48,11,6,203.50000000000009,413.00000000000017,543683.5,543893.0,413.0
2496,B6T0000000257,543480.0,0.0279,12,48,11,6,203.50000000000009,413.00000000000017,544096.5,544306.0,826.0
2495,B6T0000000257,543480.0,0.0279,12,48,12,6,203.50000000000009,413.00000000000017,544509.5,544719.0,1239.0
672,B6T0000001180,554040.0,0.1614,9,11,11,6,44.0,94.0,554084.0,554134.0,94.0
3178,B6T0000001534,554040.0,0.0161,36,3,12,6,77.0,160.0,554211.0,554294.0,254.0
3179,B6T0000001534,554040.0,0.0161,36,3,12,6,77.0,160.0,554371.0,554454.0,414.0
1255,B6T0000000799,555720.0,0.0872,9,16,11,6,63.99999999999999,134.0,555784.0,555854.0,134.0
1254,B6T0000000799,555720.0,0.0872,9,16,11,6,63.99999999999999,134.0,555918.0,555988.0,268.0
1253,B6T0000000799,555720.0,0.0872,9,16,12,6,63.99999999999999,134.0,556052.0,556122.0,402.0
1252,B6T0000000799,555720.0,0.0872,9,16,12,6,63.99999999999999,134.0,556186.0,556256.0,536.0
2308,B6T0000001748,558060.0,0.034,13,6,11,6,37.0,80.0,558097.0,558140.0,80.0
2310,B6T0000001748,558060.0,0.034,13,6,11,6,37.0,80.0,558177.0,558220.0,160.0
1070,B6T0000000178,558480.0,0.1033,7,43,12,6,168.50000000000009,343.00000000000017,558648.5,558823.0,343.0
1071,B6T0000000178,558480.0,0.1033,7,43,12,6,168.50000000000009,343.00000000000017,558991.5,559166.0,686.0
2656,B6T0000001298,559560.0,0.0241,12,30,11,6,126.00000000000003,258.00000000000006,559686.0,559818.0,258.0
2659,B6T0000001298,559560.0,0.0241,12,30,11,6,126.00000000000003,258.00000000000006,559944.0,560076.0,516.0
2886,B6T0000000858,562200.0,0.0207,20,26,12,6,126.00000000000001,258.0,562326.0,562458.0,258.0
2885,B6T0000000858,562200.0,0.0207,20,26,12,6,126.00000000000001,258.0,562584.0,562716.0,516.0
2579,B6T0000001934,572580.0,0.0265,18,6,11,6,47.0,100.0,572627.0,572680.0,100.0
3034,B6T0000001703,3060.0,0.0186,28,7,13,7,69.0,144.0,3129.0,3204.0,144.0
1485,B6T0000000758,4500.0,0.0671,15,13,13,7,64.0,134.0,4564.0,4634.0,134.0
1486,B6T0000000758,4500.0,0.0671,15,13,13,7,64.0,134.0,4698.0,4768.0,268.0
1487,B6T0000000758,4500.0,0.0671,15,13,14,7,64.0,134.0,4832.0,4902.0,402.0
1491,B6T0000000758,4500.0,0.0671,15,13,14,7,64.0,134.0,4966.0,5036.0,536.0
2528,B6T0000001776,7260.0,0.0273,18,5,13,7,45.0,96.0,7305.0,7356.0,96.0
2529,B6T0000001776,7260.0,0.0273,18,5,13,7,45.0,96.0,7401.0,7452.0,192.0
2527,B6T0000001776,7260.0,0.0273,18,5,14,7,45.0,96.0,7497.0,7548.0,288.0
2526,B6T0000001776,7260.0,0.0273,18,5,14,7,45.0,96.0,7593.0,7644.0,384.0
3220,B6T0000001266,14940.0,0.0157,11,42,13,7,172.00000000000006,350.0000000000001,15112.0,15290.0,350.0
3222,B6T0000001266,14940.0,0.0157,11,42,13,7,172.00000000000006,350.0000000000001,15462.0,15640.0,700.0
3221,B6T0000001266,14940.0,0.0157,11,42,14,7,172.00000000000006,350.0000000000001,15812.0,15990.0,1050.0
3390,B6T0000001652,16380.0,0.0133,40,8,14,7,95.0,196.0,16475.0,16576.0,196.0
3391,B6T0000001652,16380.0,0.0133,40,8,14,7,95.0,196.0,16671.0,16772.0,392.0
1509,B6T0000000118,17520.0,0.0664,1,50,13,7,191.50000000000009,389.00000000000017,17711.5,17909.0,389.0
1510,B6T0000000118,17520.0,0.0664,1,50,13,7,191.50000000000009,389.00000000000017,18100.5,18298.0,778.0
1511,B6T0000000118,17520.0,0.0664,1,50,14,7,191.50000000000009,389.00000000000017,18489.5,18687.0,1167.0
1512,B6T0000000118,17520.0,0.0664,1,50,14,7,191.50000000000009,389.00000000000017,18878.5,19076.0,1556.0
586,B6T0000001238,18840.0,0.1832,4,15,13,7,49.99999999999999,105.99999999999999,19126.0,19182.0,342.0
585,B6T0000001238,18840.0,0.1832,4,15,13,7,49.99999999999999,105.99999999999999,19232.0,19288.0,448.0
584,B6T0000001238,18840.0,0.1832,4,15,14,7,49.99999999999999,105.99999999999999,19338.0,19394.0,554.0
583,B6T0000001238,18840.0,0.1832,4,15,14,7,49.99999999999999,105.99999999999999,19444.0,19500.0,660.0
711,B6T0000000313,19320.0,0.1602,4,44,13,7,167.50000000000009,341.00000000000017,19667.5,19841.0,521.0
705,B6T0000000313,19320.0,0.1602,4,44,13,7,167.50000000000009,341.00000000000017,20008.5,20182.0,862.0
706,B6T0000000313,19320.0,0.1602,4,44,14,7,167.50000000000009,341.00000000000017,20349.5,20523.0,1203.0
707,B6T0000000313,19320.0,0.1602,4,44,14,7,167.50000000000009,341.00000000000017,20690.5,20864.0,1544.0
743,B6T0000000140,25440.0,0.1595,3,45,13,7,170.50000000000009,347.00000000000017,25610.5,25787.0,347.0
744,B6T0000000140,25440.0,0.1595,3,45,13,7,170.50000000000009,347.00000000000017,25957.5,26134.0,694.0
746,B6T0000000140,25440.0,0.1595,3,45,14,7,170.50000000000009,347.00000000000017,26304.5,26481.0,1041.0
734,B6T0000000140,25440.0,0.1595,3,45,14,7,170.50000000000009,347.00000000000017,26651.5,26828.0,1388.0
892,B6T0000000488,25440.0,0.1265,9,12,13,7,48.0,102.0,26876.0,26930.0,1490.0
891,B6T0000000488,25440.0,0.1265,9,12,13,7,48.0,102.0,26978.0,27032.0,1592.0
890,B6T0000000488,25440.0,0.1265,9,12,14,7,48.0,102.0,27080.0,27134.0,1694.0
889,B6T0000000488,25440.0,0.1265,9,12,14,7,48.0,102.0,27182.0,27236.0,1796.0
3058,B6T0000001131,26580.0,0.0183,33,16,14,7,112.0,230.0,27348.0,27466.0,886.0
3060,B6T0000001131,26580.0,0.0183,33,16,14,7,112.0,230.0,27578.0,27696.0,1116.0
3553,B6T0000000333,32340.0,0.0115,54,12,14,7,138.0,282.0,32478.0,32622.0,282.0
3552,B6T0000000333,32340.0,0.0115,54,12,14,7,138.0,282.0,32760.0,32904.0,564.0
2699,B6T0000001043,34980.0,0.0235,18,25,13,7,118.0,242.0,35098.0,35222.0,242.0
2696,B6T0000001043,34980.0,0.0235,18,25,13,7,118.0,242.0,35340.0,35464.0,484.0
2697,B6T0000001043,34980.0,0.0235,18,25,14,7,118.0,242.0,35582.0,35706.0,726.0
2698,B6T0000001043,34980.0,0.0235,18,25,14,7,118.0,242.0,35824.0,35948.0,968.0
2796,B6T0000001494,36120.0,0.0224,26,1,13,7,53.0,112.0,36173.0,36232.0,112.0
2799,B6T0000001494,36120.0,0.0224,26,1,13,7,53.0,112.0,36285.0,36344.0,224.0
2868,B6T0000000221,38700.0,0.0208,22,44,13,7,203.50000000000009,413.00000000000017,38903.5,39113.0,413.0
2870,B6T0000000221,38700.0,0.0208,22,44,13,7,203.50000000000009,413.00000000000017,39316.5,39526.0,826.0
2869,B6T0000000221,38700.0,0.0208,22,44,14,7,203.50000000000009,413.00000000000017,39729.5,39939.0,1239.0
2871,B6T0000000221,38700.0,0.0208,22,44,14,7,203.50000000000009,413.00000000000017,40142.5,40352.0,1652.0
3362,B6T0000001358,41160.0,0.0136,41,5,13,7,91.0,188.0,41251.0,41348.0,188.0
3363,B6T0000001358,41160.0,0.0136,41,5,13,7,91.0,188.0,41439.0,41536.0,376.0
2104,B6T0000001607,43200.0,0.0396,11,5,13,7,31.0,68.0,43231.0,43268.0,68.0
2103,B6T0000001607,43200.0,0.0396,11,5,13,7,31.0,68.0,43299.0,43336.0,136.0
2105,B6T0000001607,43200.0,0.0396,11,5,14,7,31.0,68.0,43367.0,43404.0,204.0
2101,B6T0000001607,43200.0,0.0396,11,5,14,7,31.0,68.0,43435.0,43472.0,272.0
432,B6T0000000678,46080.0,0.1895,1,17,13,7,52.0,110.0,46132.0,46190.0,110.0
431,B6T0000000678,46080.0,0.1895,1,17,13,7,52.0,110.0,46242.0,46300.0,220.0
427,B6T0000000678,51360.0,0.1895,1,17,14,7,52.0,110.0,51412.0,51470.0,110.0
428,B6T0000000678,51360.0,0.1895,1,17,14,7,52.0,110.0,51522.0,51580.0,220.0
3016,B6T0000000570,54060.0,0.0189,17,31,13,7,140.00000000000003,286.00000000000006,54200.0,54346.0,286.0
1936,B6T0000001937,54120.0,0.0442,9,6,14,7,29.0,64.0,54375.0,54410.0,290.0
1937,B6T0000001937,54120.0,0.0442,9,6,14,7,29.0,64.0,54439.0,54474.0,354.0
3018,B6T0000000570,54060.0,0.0189,17,31,13,7,140.00000000000003,286.00000000000006,54614.0,54760.0,700.0
3017,B6T0000000570,54060.0,0.0189,17,31,14,7,140.00000000000003,286.00000000000006,54900.0,55046.0,986.0
3596,B6T0000000222,54960.0,0.0112,38,47,14,7,250.50000000000009,507.00000000000017,55296.5,55553.0,593.0
1541,B6T0000000088,55440.0,0.0638,9,44,14,7,177.50000000000009,361.00000000000017,55730.5,55914.0,474.0
289,B6T0000001196,55620.0,0.2132,6,12,13,7,42.0,90.0,55956.0,56004.0,384.0
1538,B6T0000000088,55440.0,0.0638,9,44,14,7,177.50000000000009,361.00000000000017,56181.5,56365.0,925.0
436,B6T0000000678,56040.0,0.1895,10,9,13,7,38.0,82.0,56403.0,56447.0,407.0
2169,B6T0000001942,55320.0,0.0372,12,5,13,7,33.0,72.0,56480.0,56519.0,1199.0
3597,B6T0000000222,54960.0,0.0112,38,47,14,7,250.50000000000009,507.00000000000017,56769.5,57026.0,2066.0
2015,B6T0000001110,86160.0,0.0424,7,26,13,7,100.00000000000001,206.00000000000003,86260.0,86366.0,206.0
1473,B6T0000000631,86280.0,0.0678,3,24,13,7,84.00000000000001,174.00000000000003,86450.0,86540.0,260.0
1469,B6T0000000631,86280.0,0.0678,3,24,13,7,84.00000000000001,174.00000000000003,86624.0,86714.0,434.0
1375,B6T0000000104,86580.0,0.0753,5,46,13,7,179.50000000000009,365.00000000000017,86893.5,87079.0,499.0
635,B6T0000000469,86880.0,0.1623,1,18,14,7,56.0,118.0,87135.0,87197.0,317.0
634,B6T0000000469,86880.0,0.1623,1,18,14,7,56.0,118.0,87253.0,87315.0,435.0
1376,B6T0000000104,86580.0,0.0753,5,46,13,7,179.50000000000009,365.00000000000017,87494.5,87680.0,1100.0
1481,B6T0000000631,86280.0,0.0678,3,24,14,7,84.00000000000001,174.00000000000003,87764.0,87854.0,1574.0
2016,B6T0000001110,86160.0,0.0424,7,26,13,7,100.00000000000001,206.00000000000003,87954.0,88060.0,1900.0
2019,B6T0000001110,86160.0,0.0424,7,26,14,7,100.00000000000001,206.00000000000003,88160.0,88266.0,2106.0
1693,B6T0000001375,88080.0,0.0569,6,7,13,7,25.0,56.0,88291.0,88322.0,242.0
1694,B6T0000001375,88080.0,0.0569,6,7,13,7,25.0,56.0,88347.0,88378.0,298.0
2013,B6T0000001110,86160.0,0.0424,7,26,14,7,100.00000000000001,206.00000000000003,88478.0,88584.0,2424.0
407,B6T0000000471,88500.0,0.1917,2,16,13,7,49.99999999999999,105.99999999999999,88634.0,88690.0,190.0
404,B6T0000000471,88500.0,0.1917,2,16,13,7,49.99999999999999,105.99999999999999,88740.0,88796.0,296.0
405,B6T0000000471,88500.0,0.1917,2,16,14,7,49.99999999999999,105.99999999999999,88846.0,88902.0,402.0
176,B6T0000000932,88800.0,0.3317,1,15,13,7,43.99999999999999,93.99999999999999,88946.0,88996.0,196.0
182,B6T0000000932,88800.0,0.3317,1,15,13,7,43.99999999999999,93.99999999999999,89040.0,89090.0,290.0
406,B6T0000000471,88500.0,0.1917,2,16,14,7,49.99999999999999,105.99999999999999,89140.0,89196.0,696.0
469,B6T0000001382,88380.0,0.1892,1,7,14,7,15.0,36.0,89211.0,89232.0,852.0
2952,B6T0000001640,89040.0,0.0198,27,5,14,7,63.0,132.0,89295.0,89364.0,324.0
2951,B6T0000001640,89040.0,0.0198,27,5,14,7,63.0,132.0,89427.0,89496.0,456.0
3696,B6T0000001826,88080.0,0.0107,56,2,14,7,115.0,236.0,89611.0,89732.0,1652.0
3697,B6T0000001826,88080.0,0.0107,56,2,14,7,115.0,236.0,89847.0,89968.0,1888.0
3658,B6T0000001038,99180.0,0.0109,55,14,14,7,148.0,302.0,99328.0,99482.0,302.0
3659,B6T0000001038,99180.0,0.0109,55,14,14,7,148.0,302.0,99630.0,99784.0,604.0
3573,B6T0000001960,105480.0,0.0115,48,8,14,7,111.00000000000001,228.00000000000003,105591.0,105708.0,228.0
3572,B6T0000001960,105480.0,0.0115,48,8,14,7,111.00000000000001,228.00000000000003,105819.0,105936.0,456.0
1057,B6T0000001185,106140.0,0.1039,4,19,13,7,66.0,138.0,106206.0,106278.0,138.0
1058,B6T0000001185,106140.0,0.1039,4,19,13,7,66.0,138.0,106344.0,106416.0,276.0
1067,B6T0000001185,106140.0,0.1039,4,19,14,7,66.0,138.0,106482.0,106554.0,414.0
1056,B6T0000001185,106140.0,0.1039,4,19,14,7,66.0,138.0,106620.0,106692.0,552.0
2631,B6T0000000942,108180.0,0.0249,26,16,14,7,98.0,202.0,108278.0,108382.0,202.0
2628,B6T0000000942,108180.0,0.0249,26,16,14,7,98.0,202.0,108480.0,108584.0,404.0
2572,B6T0000000647,111540.0,0.0267,27,14,13,7,92.0,190.0,111632.0,111730.0,190.0
2573,B6T0000000647,111540.0,0.0267,27,14,13,7,92.0,190.0,111822.0,111920.0,380.0
2571,B6T0000000647,111540.0,0.0267,27,14,14,7,92.0,190.0,112012.0,112110.0,570.0
2570,B6T0000000647,111540.0,0.0267,27,14,14,7,92.0,190.0,112202.0,112300.0,760.0
3077,B6T0000001763,114180.0,0.0181,29,7,13,7,71.0,148.0,114251.0,114328.0,148.0
3309,B6T0000001474,117120.0,0.0144,40,3,14,7,85.0,176.0,117205.0,117296.0,176.0
3308,B6T0000001474,117120.0,0.0144,40,3,14,7,85.0,176.0,117381.0,117472.0,352.0
43,B6T0000001104,123540.0,0.8431,1,11,13,7,28.0,62.0,123568.0,123602.0,62.0
46,B6T0000001104,123540.0,0.8431,1,11,13,7,28.0,62.0,123630.0,123664.0,124.0
48,B6T0000001104,123540.0,0.8431,1,11,14,7,28.0,62.0,123692.0,123726.0,186.0
49,B6T0000001104,123540.0,0.8431,1,11,14,7,28.0,62.0,123754.0,123788.0,248.0
3607,B6T0000001654,124080.0,0.0112,52,4,14,7,111.0,228.0,124191.0,124308.0,228.0
3606,B6T0000001654,124080.0,0.0112,52,4,14,7,111.0,228.0,124419.0,124536.0,456.0
2806,B6T0000001268,126000.0,0.0222,10,34,13,7,138.00000000000006,282.0000000000001,126138.0,126282.0,282.0
2805,B6T0000001268,126000.0,0.0222,10,34,13,7,138.00000000000006,282.0000000000001,126420.0,126564.0,564.0
2804,B6T0000001268,126000.0,0.0222,10,34,14,7,138.00000000000006,282.0000000000001,126702.0,126846.0,846.0
2807,B6T0000001268,126000.0,0.0222,10,34,14,7,138.00000000000006,282.0000000000001,126984.0,127128.0,1128.0
1045,B6T0000001052,130500.0,0.1066,6,17,13,7,62.0,130.0,130562.0,130630.0,130.0
1042,B6T0000001052,130500.0,0.1066,6,17,13,7,62.0,130.0,130692.0,130760.0,260.0
1032,B6T0000001052,130500.0,0.1066,6,17,14,7,62.0,130.0,130822.0,130890.0,390.0
1031,B6T0000001052,130500.0,0.1066,6,17,14,7,62.0,130.0,130952.0,131020.0,520.0
3632,B6T0000000436,134460.0,0.011,39,29,14,7,176.0,358.0,134636.0,134818.0,358.0
3633,B6T0000000436,134460.0,0.011,39,29,14,7,176.0,358.0,134994.0,135176.0,716.0
2522,B6T0000001186,135960.0,0.0273,10,30,14,7,122.00000000000003,250.00000000000006,136082.0,136210.0,250.0
2521,B6T0000001186,135960.0,0.0273,10,30,14,7,122.00000000000003,250.00000000000006,136332.0,136460.0,500.0
2882,B6T0000001470,138120.0,0.0208,24,8,14,7,63.00000000000001,132.0,138183.0,138252.0,132.0
2883,B6T0000001470,138120.0,0.0208,24,8,14,7,63.00000000000001,132.0,138315.0,138384.0,264.0
552,B6T0000001827,140340.0,0.1846,4,2,14,7,11.0,28.0,140351.0,140368.0,28.0
558,B6T0000001827,140340.0,0.1846,4,2,14,7,11.0,28.0,140379.0,140396.0,56.0
3098,B6T0000001767,140340.0,0.0177,31,5,13,7,71.0,148.0,140467.0,140544.0,204.0
2415,B6T0000001130,172260.0,0.0302,4,34,13,7,126.00000000000004,258.0000000000001,172386.0,172518.0,258.0
2416,B6T0000001130,172260.0,0.0302,4,34,13,7,126.00000000000004,258.0000000000001,172644.0,172776.0,516.0
2417,B6T0000001130,172260.0,0.0302,4,34,14,7,126.00000000000004,258.0000000000001,172902.0,173034.0,774.0
357,B6T0000001370,172860.0,0.2001,3,3,13,7,11.0,28.0,173045.0,173062.0,202.0
351,B6T0000001370,172860.0,0.2001,3,3,13,7,11.0,28.0,173073.0,173090.0,230.0
359,B6T0000001370,172860.0,0.2001,3,3,14,7,11.0,28.0,173101.0,173118.0,258.0
353,B6T0000001370,172860.0,0.2001,3,3,14,7,11.0,28.0,173129.0,173146.0,286.0
2418,B6T0000001130,172260.0,0.0302,4,34,14,7,126.00000000000004,258.0000000000001,173272.0,173404.0,1144.0
1878,B6T0000001166,173160.0,0.0458,11,21,13,7,88.00000000000001,182.00000000000003,173492.0,173586.0,426.0
1778,B6T0000001122,173520.0,0.054,7,23,14,7,88.00000000000001,182.00000000000003,173674.0,173768.0,248.0
1780,B6T0000001122,173520.0,0.054,7,23,14,7,88.00000000000001,182.00000000000003,173856.0,173950.0,430.0
770,B6T0000000843,173880.0,0.1548,5,15,13,7,51.99999999999999,109.99999999999999,174002.0,174060.0,180.0
769,B6T0000000843,173880.0,0.1548,5,15,13,7,51.99999999999999,109.99999999999999,174112.0,174170.0,290.0
768,B6T0000000843,173880.0,0.1548,5,15,14,7,51.99999999999999,109.99999999999999,174222.0,174280.0,400.0
765,B6T0000000843,173880.0,0.1548,5,15,14,7,51.99999999999999,109.99999999999999,174332.0,174390.0,510.0
995,B6T0000001090,173940.0,0.1122,12,11,13,7,50.0,106.0,174440.0,174496.0,556.0
996,B6T0000001090,173940.0,0.1122,12,11,13,7,50.0,106.0,174546.0,174602.0,662.0
1000,B6T0000001090,173940.0,0.1122,12,11,14,7,50.0,106.0,174652.0,174708.0,768.0
997,B6T0000001090,173940.0,0.1122,12,11,14,7,50.0,106.0,174758.0,174814.0,874.0
1305,B6T0000000996,174180.0,0.0826,1,24,13,7,80.00000000000001,166.00000000000003,174894.0,174980.0,800.0
1296,B6T0000000996,174180.0,0.0826,1,24,13,7,80.00000000000001,166.00000000000003,175060.0,175146.0,966.0
1299,B6T0000000996,174180.0,0.0826,1,24,14,7,80.00000000000001,166.00000000000003,175226.0,175312.0,1132.0
1883,B6T0000001166,173160.0,0.0458,11,21,13,7,88.00000000000001,182.00000000000003,175400.0,175494.0,2334.0
472,B6T0000001382,175440.0,0.1892,1,7,14,7,15.0,36.0,175509.0,175530.0,90.0
1734,B6T0000001429,175320.0,0.0559,6,8,13,7,27.0,60.0,175557.0,175590.0,270.0
1733,B6T0000001429,175320.0,0.0559,6,8,13,7,27.0,60.0,175617.0,175650.0,330.0
1731,B6T0000001429,175320.0,0.0559,6,8,14,7,27.0,60.0,175677.0,175710.0,390.0
1730,B6T0000001429,175320.0,0.0559,6,8,14,7,27.0,60.0,175737.0,175770.0,450.0
1884,B6T0000001166,173160.0,0.0458,11,21,14,7,88.00000000000001,182.00000000000003,175858.0,175952.0,2792.0
1881,B6T0000001166,173160.0,0.0458,11,21,14,7,88.00000000000001,182.00000000000003,176040.0,176134.0,2974.0
1913,B6T0000000403,173760.0,0.0445,4,28,14,7,102.00000000000001,210.00000000000003,176236.0,176344.0,2584.0
1914,B6T0000000403,173760.0,0.0445,4,28,14,7,102.00000000000001,210.00000000000003,176446.0,176554.0,2794.0
2214,B6T0000001272,175140.0,0.0365,27,9,13,7,72.0,150.0,176626.0,176704.0,1564.0
2215,B6T0000001272,175140.0,0.0365,27,9,13,7,72.0,150.0,176776.0,176854.0,1714.0
2216,B6T0000001272,175140.0,0.0365,27,9,14,7,72.0,150.0,176926.0,177004.0,1864.0
2732,B6T0000000432,172860.0,0.0231,3,40,14,7,148.00000000000006,302.0000000000001,177152.0,177306.0,4446.0
2734,B6T0000000432,172860.0,0.0231,3,40,14,7,148.00000000000006,302.0000000000001,177454.0,177608.0,4748.0
2887,B6T0000000093,175500.0,0.0206,17,48,13,7,213.50000000000009,433.00000000000017,177821.5,178041.0,2541.0
2888,B6T0000000093,175500.0,0.0206,17,48,13,7,213.50000000000009,433.00000000000017,178254.5,178474.0,2974.0
2889,B6T0000000093,175500.0,0.0206,17,48,14,7,213.50000000000009,433.00000000000017,178687.5,178907.0,3407.0
3082,B6T0000001138,172920.0,0.0179,11,38,14,7,156.00000000000006,318.0000000000001,179063.0,179225.0,6305.0
3083,B6T0000001138,172920.0,0.0179,11,38,14,7,156.00000000000006,318.0000000000001,179381.0,179543.0,6623.0
3208,B6T0000000893,173280.0,0.0158,23,30,13,7,148.00000000000003,302.00000000000006,179691.0,179845.0,6565.0
3209,B6T0000000893,173280.0,0.0158,23,30,13,7,148.00000000000003,302.00000000000006,179993.0,180147.0,6867.0
3210,B6T0000000893,173280.0,0.0158,23,30,14,7,148.00000000000003,302.00000000000006,180295.0,180449.0,7169.0
3675,B6T0000000514,173340.0,0.0108,46,23,13,7,166.0,338.0,180615.0,180787.0,7447.0
3674,B6T0000000514,173340.0,0.0108,46,23,13,7,166.0,338.0,180953.0,181125.0,7785.0
2457,B6T0000001943,181260.0,0.0288,19,1,13,7,39.0,84.0,181299.0,181344.0,84.0
2455,B6T0000001943,181260.0,0.0288,19,1,13,7,39.0,84.0,181383.0,181428.0,168.0
2456,B6T0000001943,181260.0,0.0288,19,1,14,7,39.0,84.0,181467.0,181512.0,252.0
2609,B6T0000000322,184800.0,0.0254,5,36,14,7,136.00000000000006,278.0000000000001,184936.0,185078.0,278.0
2610,B6T0000000322,184800.0,0.0254,5,36,14,7,136.00000000000006,278.0000000000001,185214.0,185356.0,556.0
1417,B6T0000000947,188340.0,0.0705,15,12,14,7,60.0,126.0,188400.0,188466.0,126.0
1428,B6T0000000947,188340.0,0.0705,15,12,14,7,60.0,126.0,188526.0,188592.0,252.0
3025,B6T0000000103,189840.0,0.0187,25,44,13,7,209.50000000000009,425.00000000000017,190049.5,190265.0,425.0
202,B6T0000000932,190140.0,0.3317,1,15,14,7,43.99999999999999,93.99999999999999,190309.0,190359.0,219.0
201,B6T0000000932,190140.0,0.3317,1,15,14,7,43.99999999999999,93.99999999999999,190403.0,190453.0,313.0
3027,B6T0000000103,189840.0,0.0187,25,44,13,7,209.50000000000009,425.00000000000017,190662.5,190878.0,1038.0
3026,B6T0000000103,189840.0,0.0187,25,44,14,7,209.50000000000009,425.00000000000017,191087.5,191303.0,1463.0
3615,B6T0000000449,192480.0,0.0111,30,37,13,7,190.00000000000006,386.0000000000001,192670.0,192866.0,386.0
3614,B6T0000000449,192480.0,0.0111,30,37,13,7,190.00000000000006,386.0000000000001,193056.0,193252.0,772.0
2902,B6T0000000326,193260.0,0.0203,38,9,13,7,94.0,194.0,193354.0,193454.0,194.0
1707,B6T0000001409,193980.0,0.056,8,4,14,7,23.0,52.0,194003.0,194032.0,52.0
1708,B6T0000001409,193980.0,0.056,8,4,14,7,23.0,52.0,194055.0,194084.0,104.0
905,B6T0000000411,194340.0,0.1258,7,14,14,7,51.99999999999999,109.99999999999999,194392.0,194450.0,110.0
903,B6T0000000411,194340.0,0.1258,7,14,14,7,51.99999999999999,109.99999999999999,194502.0,194560.0,220.0
2487,B6T0000000435,194520.0,0.0283,3,36,13,7,132.00000000000006,270.0000000000001,194692.0,194830.0,310.0
1870,B6T0000000931,194700.0,0.0464,12,20,13,7,86.00000000000001,178.00000000000003,194916.0,195008.0,308.0
1869,B6T0000000931,194700.0,0.0464,12,20,13,7,86.00000000000001,178.00000000000003,195094.0,195186.0,486.0
2489,B6T0000000435,194520.0,0.0283,3,36,13,7,132.00000000000006,270.0000000000001,195318.0,195456.0,936.0
1502,B6T0000000905,195420.0,0.0665,14,14,13,7,66.0,138.0,195522.0,195594.0,174.0
1501,B6T0000000905,195420.0,0.0665,14,14,13,7,66.0,138.0,195660.0,195732.0,312.0
1500,B6T0000000905,195420.0,0.0665,14,14,14,7,66.0,138.0,195798.0,195870.0,450.0
1499,B6T0000000905,195420.0,0.0665,14,14,14,7,66.0,138.0,195936.0,196008.0,588.0
2488,B6T0000000435,194520.0,0.0283,3,36,14,7,132.00000000000006,270.0000000000001,196140.0,196278.0,1758.0
2486,B6T0000000435,194520.0,0.0283,3,36,14,7,132.00000000000006,270.0000000000001,196410.0,196548.0,2028.0
1353,B6T0000001367,198720.0,0.0763,7,2,13,7,17.0,40.0,198737.0,198760.0,40.0
1352,B6T0000001367,198720.0,0.0763,7,2,13,7,17.0,40.0,198777.0,198800.0,80.0
1360,B6T0000001367,198720.0,0.0763,7,2,14,7,17.0,40.0,198817.0,198840.0,120.0
1359,B6T0000001367,198720.0,0.0763,7,2,14,7,17.0,40.0,198857.0,198880.0,160.0
3495,B6T0000000600,199620.0,0.0121,34,29,14,7,166.0,338.0,199786.0,199958.0,338.0
3494,B6T0000000600,199620.0,0.0121,34,29,14,7,166.0,338.0,200124.0,200296.0,676.0
1147,B6T0000000395,202320.0,0.0958,8,16,13,7,61.99999999999999,130.0,202382.0,202450.0,130.0
1148,B6T0000000395,202320.0,0.0958,8,16,13,7,61.99999999999999,130.0,202512.0,202580.0,260.0
1138,B6T0000000395,202320.0,0.0958,8,16,14,7,61.99999999999999,130.0,202642.0,202710.0,390.0
1139,B6T0000000395,202320.0,0.0958,8,16,14,7,61.99999999999999,130.0,202772.0,202840.0,520.0
217,B6T0000000581,203400.0,0.27,1,16,13,7,47.99999999999999,101.99999999999999,203448.0,203502.0,102.0
205,B6T0000000581,203400.0,0.27,1,16,13,7,47.99999999999999,101.99999999999999,203550.0,203604.0,204.0
211,B6T0000000581,203400.0,0.27,1,16,14,7,47.99999999999999,101.99999999999999,203652.0,203706.0,306.0
819,B6T0000001427,203700.0,0.1296,4,4,13,7,15.0,36.0,203721.0,203742.0,42.0
818,B6T0000001427,203700.0,0.1296,4,4,13,7,15.0,36.0,203757.0,203778.0,78.0
817,B6T0000001427,203700.0,0.1296,4,4,14,7,15.0,36.0,203793.0,203814.0,114.0
816,B6T0000001427,203700.0,0.1296,4,4,14,7,15.0,36.0,203829.0,203850.0,150.0
1678,B6T0000001195,213720.0,0.0572,2,27,13,7,94.00000000000001,194.00000000000003,213814.0,213914.0,194.0
1679,B6T0000001195,213720.0,0.0572,2,27,13,7,94.00000000000001,194.00000000000003,214008.0,214108.0,388.0
1684,B6T0000001195,213720.0,0.0572,2,27,14,7,94.00000000000001,194.00000000000003,214202.0,214302.0,582.0
1683,B6T0000001195,213720.0,0.0572,2,27,14,7,94.00000000000001,194.00000000000003,214396.0,214496.0,776.0
324,B6T0000001196,216240.0,0.2132,6,12,13,7,42.0,90.0,216282.0,216330.0,90.0
316,B6T0000001196,216240.0,0.2132,6,12,14,7,42.0,90.0,216372.0,216420.0,180.0
315,B6T0000001196,216240.0,0.2132,6,12,14,7,42.0,90.0,216462.0,216510.0,270.0
3513,B6T0000000318,216660.0,0.0119,33,49,14,7,250.50000000000009,507.00000000000017,216910.5,217167.0,507.0
3512,B6T0000000318,216660.0,0.0119,33,49,14,7,250.50000000000009,507.00000000000017,217417.5,217674.0,1014.0
3198,B6T0000001473,218100.0,0.0159,34,7,13,7,81.0,168.0,218181.0,218268.0,168.0
2124,B6T0000001478,223260.0,0.0392,13,2,13,7,29.0,64.0,223289.0,223324.0,64.0
3054,B6T0000001938,223680.0,0.0184,30,4,13,7,67.0,140.0,223747.0,223820.0,140.0
3053,B6T0000001938,223680.0,0.0184,30,4,13,7,67.0,140.0,223887.0,223960.0,280.0
3052,B6T0000001938,223680.0,0.0184,30,4,14,7,67.0,140.0,224027.0,224100.0,420.0
2715,B6T0000000081,227820.0,0.0233,20,44,13,7,199.50000000000009,405.00000000000017,228019.5,228225.0,405.0
2713,B6T0000000081,227820.0,0.0233,20,44,13,7,199.50000000000009,405.00000000000017,228424.5,228630.0,810.0
2714,B6T0000000081,227820.0,0.0233,20,44,14,7,199.50000000000009,405.00000000000017,228829.5,229035.0,1215.0
2712,B6T0000000081,227820.0,0.0233,20,44,14,7,199.50000000000009,405.00000000000017,229234.5,229440.0,1620.0
172,B6T0000000810,259200.0,0.3397,2,14,13,7,41.99999999999999,89.99999999999999,259242.0,259290.0,90.0
167,B6T0000000810,259200.0,0.3397,2,14,13,7,41.99999999999999,89.99999999999999,259332.0,259380.0,180.0
153,B6T0000000810,259200.0,0.3397,2,14,14,7,41.99999999999999,89.99999999999999,259422.0,259470.0,270.0
174,B6T0000000810,259200.0,0.3397,2,14,14,7,41.99999999999999,89.99999999999999,259512.0,259560.0,360.0
673,B6T0000001180,259560.0,0.1614,10,10,13,7,42.0,90.0,259602.0,259650.0,90.0
686,B6T0000001180,259560.0,0.1614,10,10,13,7,42.0,90.0,259692.0,259740.0,180.0
679,B6T0000001180,259560.0,0.1614,10,10,14,7,42.0,90.0,259782.0,259830.0,270.0
676,B6T0000001180,259560.0,0.1614,10,10,14,7,42.0,90.0,259872.0,259920.0,360.0
1605,B6T0000001610,259920.0,0.0606,8,2,14,7,19.0,44.0,259939.0,259964.0,44.0
1610,B6T0000001610,259920.0,0.0606,8,2,14,7,19.0,44.0,259983.0,260008.0,88.0
272,B6T0000000305,260580.0,0.2304,3,43,13,7,160.50000000000009,327.00000000000017,260740.5,260907.0,327.0
3561,B6T0000000644,260820.0,0.0115,49,17,13,7,148.0,302.0,261055.0,261209.0,389.0
3560,B6T0000000644,260820.0,0.0115,49,17,13,7,148.0,302.0,261357.0,261511.0,691.0
2273,B6T0000001817,261420.0,0.0351,15,1,13,7,31.0,68.0,261542.0,261579.0,159.0
285,B6T0000000305,261540.0,0.2304,3,43,13,7,160.50000000000009,327.00000000000017,261739.5,261906.0,366.0
282,B6T0000000305,261540.0,0.2304,3,43,14,7,160.50000000000009,327.00000000000017,262066.5,262233.0,693.0
283,B6T0000000305,261540.0,0.2304,3,43,14,7,160.50000000000009,327.00000000000017,262393.5,262560.0,1020.0
653,B6T0000001698,261540.0,0.1619,1,8,13,7,17.0,40.0,262577.0,262600.0,1060.0
652,B6T0000001698,261540.0,0.1619,1,8,13,7,17.0,40.0,262617.0,262640.0,1100.0
651,B6T0000001698,261540.0,0.1619,1,8,14,7,17.0,40.0,262657.0,262680.0,1140.0
2272,B6T0000001817,261420.0,0.0351,15,1,13,7,31.0,68.0,262711.0,262748.0,1328.0
2276,B6T0000001817,261420.0,0.0351,15,1,14,7,31.0,68.0,262779.0,262816.0,1396.0
2275,B6T0000001817,261420.0,0.0351,15,1,14,7,31.0,68.0,262847.0,262884.0,1464.0
3063,B6T0000001583,265500.0,0.0183,32,1,13,7,65.0,136.0,265565.0,265636.0,136.0
3062,B6T0000001583,265500.0,0.0183,32,1,13,7,65.0,136.0,265701.0,265772.0,272.0
3061,B6T0000001583,265500.0,0.0183,32,1,14,7,65.0,136.0,265837.0,265908.0,408.0
3331,B6T0000001657,266520.0,0.014,39,7,13,7,91.0,188.0,266611.0,266708.0,188.0
3330,B6T0000001657,266520.0,0.014,39,7,13,7,91.0,188.0,266799.0,266896.0,376.0
3126,B6T0000000831,268560.0,0.0171,29,22,13,7,128.00000000000003,262.00000000000006,268688.0,268822.0,262.0
2811,B6T0000000003,270120.0,0.0221,16,48,13,7,211.50000000000009,429.00000000000017,270331.5,270549.0,429.0
2810,B6T0000000003,270120.0,0.0221,16,48,13,7,211.50000000000009,429.00000000000017,270760.5,270978.0,858.0
2809,B6T0000000003,270120.0,0.0221,16,48,14,7,211.50000000000009,429.00000000000017,271189.5,271407.0,1287.0
2808,B6T0000000003,270120.0,0.0221,16,48,14,7,211.50000000000009,429.00000000000017,271618.5,271836.0,1716.0
3193,B6T0000000864,280980.0,0.0159,32,21,13,7,130.0,266.0,281110.0,281246.0,266.0
2461,B6T0000000438,284160.0,0.0287,9,30,13,7,120.00000000000003,246.00000000000006,284280.0,284406.0,246.0
2674,B6T0000000584,287760.0,0.0239,9,33,13,7,132.00000000000003,270.00000000000006,287892.0,288030.0,270.0
2675,B6T0000000584,287760.0,0.0239,9,33,13,7,132.00000000000003,270.00000000000006,288162.0,288300.0,540.0
3051,B6T0000000142,289800.0,0.0184,18,50,13,7,225.50000000000009,457.00000000000017,290025.5,290257.0,457.0
3049,B6T0000000142,289800.0,0.0184,18,50,13,7,225.50000000000009,457.00000000000017,290482.5,290714.0,914.0
3050,B6T0000000142,289800.0,0.0184,18,50,14,7,225.50000000000009,457.00000000000017,290939.5,291171.0,1371.0
2356,B6T0000001471,296760.0,0.0316,13,7,14,7,39.0,84.0,296799.0,296844.0,84.0
1810,B6T0000001372,296820.0,0.0516,7,7,13,7,27.0,60.0,296871.0,296904.0,84.0
1811,B6T0000001372,296820.0,0.0516,7,7,13,7,27.0,60.0,296931.0,296964.0,144.0
1812,B6T0000001372,296820.0,0.0516,7,7,14,7,27.0,60.0,296991.0,297024.0,204.0
1813,B6T0000001372,296820.0,0.0516,7,7,14,7,27.0,60.0,297051.0,297084.0,264.0
2358,B6T0000001471,296760.0,0.0316,13,7,14,7,39.0,84.0,297123.0,297168.0,408.0
1523,B6T0000000228,301560.0,0.0662,10,43,13,7,174.50000000000009,355.00000000000017,301734.5,301915.0,355.0
1526,B6T0000000228,301560.0,0.0662,10,43,13,7,174.50000000000009,355.00000000000017,302089.5,302270.0,710.0
1525,B6T0000000228,301560.0,0.0662,10,43,14,7,174.50000000000009,355.00000000000017,302444.5,302625.0,1065.0
1518,B6T0000000228,301560.0,0.0662,10,43,14,7,174.50000000000009,355.00000000000017,302799.5,302980.0,1420.0
814,B6T0000000540,305220.0,0.1348,2,18,13,7,58.0,122.0,305278.0,305342.0,122.0
813,B6T0000000540,305220.0,0.1348,2,18,13,7,58.0,122.0,305400.0,305464.0,244.0
812,B6T0000000540,305220.0,0.1348,2,18,14,7,58.0,122.0,305522.0,305586.0,366.0
805,B6T0000000540,305220.0,0.1348,2,18,14,7,58.0,122.0,305644.0,305708.0,488.0
1636,B6T0000001117,308580.0,0.0595,16,13,13,7,66.0,138.0,308646.0,308718.0,138.0
1639,B6T0000001117,308580.0,0.0595,16,13,13,7,66.0,138.0,308784.0,308856.0,276.0
1637,B6T0000001117,308580.0,0.0595,16,13,14,7,66.0,138.0,308922.0,308994.0,414.0
296,B6T0000001196,309060.0,0.2132,5,13,13,7,44.0,94.0,309104.0,309154.0,94.0
295,B6T0000001196,309060.0,0.2132,5,13,13,7,44.0,94.0,309198.0,309248.0,188.0
294,B6T0000001196,309060.0,0.2132,5,13,14,7,44.0,94.0,309292.0,309342.0,282.0
300,B6T0000001196,309060.0,0.2132,5,13,14,7,44.0,94.0,309386.0,309436.0,376.0
501,B6T0000001101,309720.0,0.1876,7,12,13,7,44.0,94.0,309764.0,309814.0,94.0
502,B6T0000001101,309720.0,0.1876,7,12,13,7,44.0,94.0,309858.0,309908.0,188.0
508,B6T0000001101,309720.0,0.1876,7,12,14,7,44.0,94.0,309952.0,310002.0,282.0
512,B6T0000001101,309720.0,0.1876,7,12,14,7,44.0,94.0,310046.0,310096.0,376.0
244,B6T0000000581,311400.0,0.27,1,16,14,7,47.99999999999999,101.99999999999999,311448.0,311502.0,102.0
228,B6T0000000581,311400.0,0.27,9,9,13,7,36.0,78.0,311538.0,311580.0,180.0
243,B6T0000000581,311400.0,0.27,9,9,13,7,36.0,78.0,311616.0,311658.0,258.0
230,B6T0000000581,311400.0,0.27,9,9,14,7,36.0,78.0,311694.0,311736.0,336.0
231,B6T0000000581,311400.0,0.27,9,9,14,7,36.0,78.0,311772.0,311814.0,414.0
840,B6T0000001220,312720.0,0.1275,12,9,13,7,42.0,90.0,312762.0,312810.0,90.0
841,B6T0000001220,312720.0,0.1275,12,9,13,7,42.0,90.0,312852.0,312900.0,180.0
842,B6T0000001220,312720.0,0.1275,12,9,14,7,42.0,90.0,312942.0,312990.0,270.0
2776,B6T0000001508,313320.0,0.0226,23,6,14,7,57.0,120.0,313377.0,313440.0,120.0
2778,B6T0000001508,313320.0,0.0226,23,6,14,7,57.0,120.0,313497.0,313560.0,240.0
1787,B6T0000001685,313680.0,0.0539,8,5,13,7,25.0,56.0,313705.0,313736.0,56.0
1789,B6T0000001685,313680.0,0.0539,8,5,13,7,25.0,56.0,313761.0,313792.0,112.0
1795,B6T0000001685,313680.0,0.0539,8,5,14,7,25.0,56.0,313817.0,313848.0,168.0
3644,B6T0000001493,315240.0,0.011,51,8,13,7,117.0,240.0,315357.0,315480.0,240.0
3645,B6T0000001493,315240.0,0.011,51,8,13,7,117.0,240.0,315597.0,315720.0,480.0
145,B6T0000000154,345600.0,0.3556,1,44,13,7,161.50000000000009,329.00000000000017,345761.5,345929.0,329.0
135,B6T0000000154,345600.0,0.3556,1,44,13,7,161.50000000000009,329.00000000000017,346090.5,346258.0,658.0
133,B6T0000000154,345600.0,0.3556,1,44,14,7,161.50000000000009,329.00000000000017,346419.5,346587.0,987.0
132,B6T0000000154,345600.0,0.3556,1,44,14,7,161.50000000000009,329.00000000000017,346748.5,346916.0,1316.0
972,B6T0000001844,345960.0,0.1128,2,8,13,7,19.0,44.0,346935.0,346960.0,1000.0
977,B6T0000001844,345960.0,0.1128,2,8,13,7,19.0,44.0,346979.0,347004.0,1044.0
970,B6T0000001844,345960.0,0.1128,2,8,14,7,19.0,44.0,347023.0,347048.0,1088.0
985,B6T0000001844,345960.0,0.1128,2,8,14,7,19.0,44.0,347067.0,347092.0,1132.0
1771,B6T0000001573,346920.0,0.0542,9,3,13,7,23.0,52.0,347115.0,347144.0,224.0
1769,B6T0000001573,346920.0,0.0542,9,3,13,7,23.0,52.0,347167.0,347196.0,276.0
1768,B6T0000001573,346920.0,0.0542,9,3,14,7,23.0,52.0,347219.0,347248.0,328.0
1767,B6T0000001573,346920.0,0.0542,9,3,14,7,23.0,52.0,347271.0,347300.0,380.0
1989,B6T0000000186,345840.0,0.0427,10,45,14,7,184.50000000000009,375.00000000000017,347484.5,347675.0,1835.0
1990,B6T0000000186,345840.0,0.0427,10,45,14,7,184.50000000000009,375.00000000000017,347859.5,348050.0,2210.0
2210,B6T0000001098,345960.0,0.0365,1,34,13,7,120.00000000000004,246.00000000000009,348170.0,348296.0,2336.0
948,B6T0000000445,348180.0,0.1202,10,12,13,7,50.0,106.0,348346.0,348402.0,222.0
2454,B6T0000001399,346620.0,0.0288,15,8,13,7,45.0,96.0,348447.0,348498.0,1878.0
2451,B6T0000001399,346620.0,0.0288,15,8,13,7,45.0,96.0,348543.0,348594.0,1974.0
2452,B6T0000001399,346620.0,0.0288,15,8,14,7,45.0,96.0,348639.0,348690.0,2070.0
2450,B6T0000001399,346620.0,0.0288,15,8,14,7,45.0,96.0,348735.0,348786.0,2166.0
3013,B6T0000001973,347580.0,0.019,27,7,13,7,67.0,140.0,348853.0,348926.0,1346.0
3014,B6T0000001973,347580.0,0.019,27,7,13,7,67.0,140.0,348993.0,349066.0,1486.0
3015,B6T0000001973,347580.0,0.019,27,7,14,7,67.0,140.0,349133.0,349206.0,1626.0
3726,B6T0000001813,345600.0,0.0105,54,8,13,7,123.0,252.0,349329.0,349458.0,3858.0
3727,B6T0000001813,345600.0,0.0105,54,8,13,7,123.0,252.0,349581.0,349710.0,4110.0
3548,B6T0000000079,350700.0,0.0115,42,43,13,7,238.50000000000009,483.00000000000017,350938.5,351183.0,483.0
3549,B6T0000000079,350700.0,0.0115,42,43,13,7,238.50000000000009,483.00000000000017,351421.5,351666.0,966.0
2932,B6T0000001579,351840.0,0.02,29,1,14,7,59.00000000000001,124.00000000000001,351899.0,351964.0,124.0
2933,B6T0000001579,351840.0,0.02,29,1,14,7,59.00000000000001,124.00000000000001,352023.0,352088.0,248.0
2412,B6T0000001594,361020.0,0.0303,17,3,13,7,39.0,84.0,361059.0,361104.0,84.0
2411,B6T0000001594,361020.0,0.0303,17,3,13,7,39.0,84.0,361143.0,361188.0,168.0
2410,B6T0000001594,361020.0,0.0303,17,3,14,7,39.0,84.0,361227.0,361272.0,252.0
3252,B6T0000000625,370500.0,0.0152,43,12,14,7,115.99999999999999,237.99999999999997,370616.0,370738.0,238.0
3253,B6T0000000625,370500.0,0.0152,43,12,14,7,115.99999999999999,237.99999999999997,370854.0,370976.0,476.0
2725,B6T0000001708,372780.0,0.0232,23,4,14,7,53.0,112.0,372833.0,372892.0,112.0
2726,B6T0000001708,372780.0,0.0232,23,4,14,7,53.0,112.0,372945.0,373004.0,224.0
1651,B6T0000000735,373800.0,0.0594,14,15,13,7,70.0,146.0,373870.0,373946.0,146.0
1650,B6T0000000735,373800.0,0.0594,14,15,13,7,70.0,146.0,374016.0,374092.0,292.0
1646,B6T0000000735,373800.0,0.0594,14,15,14,7,70.0,146.0,374162.0,374238.0,438.0
1647,B6T0000000735,373800.0,0.0594,14,15,14,7,70.0,146.0,374308.0,374384.0,584.0
102,B6T0000000261,375420.0,0.4826,1,43,13,7,156.50000000000009,319.00000000000017,375576.5,375739.0,319.0
101,B6T0000000261,375420.0,0.4826,1,43,13,7,156.50000000000009,319.00000000000017,375895.5,376058.0,638.0
96,B6T0000000261,375420.0,0.4826,1,43,14,7,156.50000000000009,319.00000000000017,376214.5,376377.0,957.0
99,B6T0000000261,375420.0,0.4826,1,43,14,7,156.50000000000009,319.00000000000017,376533.5,376696.0,1276.0
1987,B6T0000001870,380400.0,0.0428,11,3,13,7,27.0,60.0,380427.0,380460.0,60.0
1985,B6T0000001870,380400.0,0.0428,11,3,13,7,27.0,60.0,380487.0,380520.0,120.0
1984,B6T0000001870,380400.0,0.0428,11,3,14,7,27.0,60.0,380547.0,380580.0,180.0
1988,B6T0000001870,380400.0,0.0428,11,3,14,7,27.0,60.0,380607.0,380640.0,240.0
3613,B6T0000000440,386520.0,0.0111,52,16,13,7,150.0,306.0,386670.0,386826.0,306.0
3612,B6T0000000440,386520.0,0.0111,52,16,13,7,150.0,306.0,386976.0,387132.0,612.0
3690,B6T0000001650,388620.0,0.0107,53,7,13,7,119.00000000000001,244.00000000000003,388739.0,388864.0,244.0
3691,B6T0000001650,388620.0,0.0107,53,7,13,7,119.00000000000001,244.00000000000003,388983.0,389108.0,488.0
947,B6T0000000445,398400.0,0.1202,10,12,13,7,50.0,106.0,398450.0,398506.0,106.0
2644,B6T0000001956,400680.0,0.0244,22,3,13,7,49.0,104.0,400729.0,400784.0,104.0
2645,B6T0000001956,400680.0,0.0244,22,3,13,7,49.0,104.0,400833.0,400888.0,208.0
2646,B6T0000001956,400680.0,0.0244,22,3,14,7,49.0,104.0,400937.0,400992.0,312.0
2647,B6T0000001956,400680.0,0.0244,22,3,14,7,49.0,104.0,401041.0,401096.0,416.0
2154,B6T0000001080,401220.0,0.0375,4,31,13,7,114.00000000000003,234.00000000000006,401334.0,401454.0,234.0
2153,B6T0000001080,401220.0,0.0375,4,31,13,7,114.00000000000003,234.00000000000006,401568.0,401688.0,468.0
2149,B6T0000001080,401220.0,0.0375,4,31,14,7,114.00000000000003,234.00000000000006,401802.0,401922.0,702.0
2151,B6T0000001080,401220.0,0.0375,4,31,14,7,114.00000000000003,234.00000000000006,402036.0,402156.0,936.0
1796,B6T0000001271,431580.0,0.0533,1,29,14,7,100.00000000000001,206.00000000000003,431680.0,431786.0,206.0
964,B6T0000000445,431760.0,0.1202,10,12,14,7,50.0,106.0,431836.0,431892.0,132.0
963,B6T0000000445,431760.0,0.1202,10,12,14,7,50.0,106.0,431942.0,431998.0,238.0
871,B6T0000000001,431940.0,0.1272,1,47,13,7,176.50000000000009,359.00000000000017,432174.5,432357.0,417.0
872,B6T0000000001,431940.0,0.1272,1,47,13,7,176.50000000000009,359.00000000000017,432533.5,432716.0,776.0
873,B6T0000000001,431940.0,0.1272,1,47,14,7,176.50000000000009,359.00000000000017,432892.5,433075.0,1135.0
874,B6T0000000001,431940.0,0.1272,1,47,14,7,176.50000000000009,359.00000000000017,433251.5,433434.0,1494.0
1802,B6T0000001271,431580.0,0.0533,1,29,14,7,100.00000000000001,206.00000000000003,433534.0,433640.0,2060.0
1958,B6T0000001683,432000.0,0.0437,8,8,13,7,31.0,68.0,433671.0,433708.0,1708.0
1962,B6T0000001683,432000.0,0.0437,8,8,13,7,31.0,68.0,433739.0,433776.0,1776.0
1961,B6T0000001683,432000.0,0.0437,8,8,14,7,31.0,68.0,433807.0,433844.0,1844.0
1960,B6T0000001683,432000.0,0.0437,8,8,14,7,31.0,68.0,433875.0,433912.0,1912.0
2289,B6T0000000918,433440.0,0.0344,9,27,13,7,108.00000000000001,222.00000000000003,434020.0,434134.0,694.0
27,B6T0000001209,434040.0,1.3573,1,10,13,7,24.0,54.0,434158.0,434188.0,148.0
20,B6T0000001209,434040.0,1.3573,1,10,13,7,24.0,54.0,434212.0,434242.0,202.0
21,B6T0000001209,434040.0,1.3573,1,10,14,7,24.0,54.0,434266.0,434296.0,256.0
29,B6T0000001209,434040.0,1.3573,1,10,14,7,24.0,54.0,434320.0,434350.0,310.0
1449,B6T0000000191,433980.0,0.0689,8,44,14,7,175.50000000000009,357.00000000000017,434525.5,434707.0,727.0
1448,B6T0000000191,433980.0,0.0689,8,44,14,7,175.50000000000009,357.00000000000017,434882.5,435064.0,1084.0
2197,B6T0000001562,434460.0,0.0366,13,4,13,7,33.0,72.0,435097.0,435136.0,676.0
2199,B6T0000001562,434460.0,0.0366,13,4,13,7,33.0,72.0,435169.0,435208.0,748.0
2200,B6T0000001562,434460.0,0.0366,13,4,14,7,33.0,72.0,435241.0,435280.0,820.0
2202,B6T0000001562,434460.0,0.0366,13,4,14,7,33.0,72.0,435313.0,435352.0,892.0
2284,B6T0000000918,433440.0,0.0344,9,27,13,7,108.00000000000001,222.00000000000003,435460.0,435574.0,2134.0
2288,B6T0000000918,433440.0,0.0344,9,27,14,7,108.00000000000001,222.00000000000003,435682.0,435796.0,2356.0
2285,B6T0000000918,433440.0,0.0344,9,27,14,7,108.00000000000001,222.00000000000003,435904.0,436018.0,2578.0
2653,B6T0000000303,432960.0,0.0241,14,48,13,7,207.50000000000009,421.00000000000017,436225.5,436439.0,3479.0
2655,B6T0000000303,432960.0,0.0241,14,48,13,7,207.50000000000009,421.00000000000017,436646.5,436860.0,3900.0
2654,B6T0000000303,432960.0,0.0241,14,48,14,7,207.50000000000009,421.00000000000017,437067.5,437281.0,4321.0
2652,B6T0000000303,432960.0,0.0241,14,48,14,7,207.50000000000009,421.00000000000017,437488.5,437702.0,4742.0
3562,B6T0000000694,434040.0,0.0115,55,11,13,7,136.0,278.0,437838.0,437980.0,3940.0
3563,B6T0000000694,434040.0,0.0115,55,11,13,7,136.0,278.0,438116.0,438258.0,4218.0
2938,B6T0000000287,442320.0,0.0199,19,47,13,7,212.50000000000009,431.00000000000017,442532.5,442751.0,431.0
2940,B6T0000000287,442320.0,0.0199,19,47,13,7,212.50000000000009,431.00000000000017,442963.5,443182.0,862.0
2939,B6T0000000287,442320.0,0.0199,19,47,14,7,212.50000000000009,431.00000000000017,443394.5,443613.0,1293.0
1106,B6T0000001301,443640.0,0.1026,1,22,13,7,72.00000000000001,150.00000000000003,443712.0,443790.0,150.0
1107,B6T0000001301,443640.0,0.1026,1,22,13,7,72.00000000000001,150.00000000000003,443862.0,443940.0,300.0
1104,B6T0000001301,443640.0,0.1026,1,22,14,7,72.00000000000001,150.00000000000003,444012.0,444090.0,450.0
1109,B6T0000001301,443640.0,0.1026,1,22,14,7,72.00000000000001,150.00000000000003,444162.0,444240.0,600.0
1549,B6T0000000198,444780.0,0.0637,4,48,13,7,187.50000000000009,381.00000000000017,444967.5,445161.0,381.0
1543,B6T0000000198,444780.0,0.0637,4,48,13,7,187.50000000000009,381.00000000000017,445348.5,445542.0,762.0
1552,B6T0000000198,444780.0,0.0637,4,48,14,7,187.50000000000009,381.00000000000017,445729.5,445923.0,1143.0
1548,B6T0000000198,444780.0,0.0637,4,48,14,7,187.50000000000009,381.00000000000017,446110.5,446304.0,1524.0
3471,B6T0000001966,449520.0,0.0123,48,1,14,7,97.00000000000001,200.00000000000003,449617.0,449720.0,200.0
3470,B6T0000001966,449520.0,0.0123,48,1,14,7,97.00000000000001,200.00000000000003,449817.0,449920.0,400.0
646,B6T0000000469,450660.0,0.1623,11,9,13,7,40.0,86.0,450700.0,450746.0,86.0
648,B6T0000000469,450660.0,0.1623,11,9,13,7,40.0,86.0,450786.0,450832.0,172.0
2343,B6T0000000388,451140.0,0.0329,12,25,13,7,106.0,218.0,451246.0,451358.0,218.0
2341,B6T0000000388,451140.0,0.0329,12,25,13,7,106.0,218.0,451464.0,451576.0,436.0
2338,B6T0000000388,451140.0,0.0329,12,25,14,7,106.0,218.0,451682.0,451794.0,654.0
2342,B6T0000000388,451140.0,0.0329,12,25,14,7,106.0,218.0,451900.0,452012.0,872.0
1625,B6T0000001671,456180.0,0.0597,7,4,13,7,21.0,48.0,456201.0,456228.0,48.0
1623,B6T0000001671,456180.0,0.0597,7,4,13,7,21.0,48.0,456249.0,456276.0,96.0
1630,B6T0000001671,456180.0,0.0597,7,4,14,7,21.0,48.0,456297.0,456324.0,144.0
1629,B6T0000001671,456180.0,0.0597,7,4,14,7,21.0,48.0,456345.0,456372.0,192.0
3492,B6T0000000317,457200.0,0.0121,35,47,13,7,244.50000000000009,495.00000000000017,457444.5,457695.0,495.0
3493,B6T0000000317,457200.0,0.0121,35,47,13,7,244.50000000000009,495.00000000000017,457939.5,458190.0,990.0
3169,B6T0000001064,462300.0,0.0163,24,28,13,7,142.00000000000003,290.00000000000006,462442.0,462590.0,290.0
529,B6T0000001197,463920.0,0.1865,5,14,13,7,47.99999999999999,101.99999999999999,463968.0,464022.0,102.0
536,B6T0000001197,463920.0,0.1865,5,14,13,7,47.99999999999999,101.99999999999999,464070.0,464124.0,204.0
535,B6T0000001197,463920.0,0.1865,5,14,14,7,47.99999999999999,101.99999999999999,464172.0,464226.0,306.0
530,B6T0000001197,463920.0,0.1865,5,14,14,7,47.99999999999999,101.99999999999999,464274.0,464328.0,408.0
1390,B6T0000000367,464880.0,0.0738,2,24,13,7,82.00000000000001,170.00000000000003,464962.0,465050.0,170.0
1397,B6T0000000367,464880.0,0.0738,2,24,13,7,82.00000000000001,170.00000000000003,465132.0,465220.0,340.0
1395,B6T0000000367,464880.0,0.0738,2,24,14,7,82.00000000000001,170.00000000000003,465302.0,465390.0,510.0
1389,B6T0000000367,464880.0,0.0738,2,24,14,7,82.00000000000001,170.00000000000003,465472.0,465560.0,680.0
3619,B6T0000000613,466020.0,0.0111,35,32,13,7,180.00000000000003,366.00000000000006,466200.0,466386.0,366.0
3618,B6T0000000613,466020.0,0.0111,35,32,13,7,180.00000000000003,366.00000000000006,466566.0,466752.0,732.0
3380,B6T0000000929,469500.0,0.0133,32,27,14,7,154.0,314.0,469654.0,469814.0,314.0
3381,B6T0000000929,469500.0,0.0133,32,27,14,7,154.0,314.0,469968.0,470128.0,628.0
1441,B6T0000000745,470460.0,0.0703,13,14,13,7,63.99999999999999,134.0,470524.0,470594.0,134.0
1437,B6T0000000745,470460.0,0.0703,13,14,13,7,63.99999999999999,134.0,470658.0,470728.0,268.0
1432,B6T0000000745,470460.0,0.0703,13,14,14,7,63.99999999999999,134.0,470792.0,470862.0,402.0
1439,B6T0000000745,470460.0,0.0703,13,14,14,7,63.99999999999999,134.0,470926.0,470996.0,536.0
2836,B6T0000000484,471300.0,0.0215,18,27,13,7,126.00000000000001,258.0,471426.0,471558.0,258.0
2837,B6T0000000484,471300.0,0.0215,18,27,13,7,126.00000000000001,258.0,471684.0,471816.0,516.0
2838,B6T0000000484,471300.0,0.0215,18,27,14,7,126.00000000000001,258.0,471942.0,472074.0,774.0
2839,B6T0000000484,471300.0,0.0215,18,27,14,7,126.00000000000001,258.0,472200.0,472332.0,1032.0
1238,B6T0000001022,476880.0,0.089,11,14,13,7,59.99999999999999,125.99999999999999,476940.0,477006.0,126.0
1747,B6T0000000007,479580.0,0.0553,2,50,13,7,193.50000000000009,393.00000000000017,479773.5,479973.0,393.0
1751,B6T0000000007,479580.0,0.0553,2,50,13,7,193.50000000000009,393.00000000000017,480166.5,480366.0,786.0
1754,B6T0000000007,479580.0,0.0553,2,50,14,7,193.50000000000009,393.00000000000017,480559.5,480759.0,1179.0
1752,B6T0000000007,479580.0,0.0553,2,50,14,7,193.50000000000009,393.00000000000017,480952.5,481152.0,1572.0
1763,B6T0000001236,482340.0,0.0547,8,22,13,7,86.00000000000001,178.00000000000003,482426.0,482518.0,178.0
1762,B6T0000001236,482340.0,0.0547,8,22,13,7,86.00000000000001,178.00000000000003,482604.0,482696.0,356.0
1757,B6T0000001236,482340.0,0.0547,8,22,14,7,86.00000000000001,178.00000000000003,482782.0,482874.0,534.0
1758,B6T0000001236,482340.0,0.0547,8,22,14,7,86.00000000000001,178.00000000000003,482960.0,483052.0,712.0
3030,B6T0000000692,483600.0,0.0187,12,36,13,7,150.00000000000006,306.0000000000001,483750.0,483906.0,306.0
3028,B6T0000000692,483600.0,0.0187,12,36,13,7,150.00000000000006,306.0000000000001,484056.0,484212.0,612.0
3029,B6T0000000692,483600.0,0.0187,12,36,14,7,150.00000000000006,306.0000000000001,484362.0,484518.0,918.0
1886,B6T0000000716,486120.0,0.0455,10,22,13,7,90.00000000000001,186.00000000000003,486210.0,486306.0,186.0
1889,B6T0000000716,486120.0,0.0455,10,22,13,7,90.00000000000001,186.00000000000003,486396.0,486492.0,372.0
1885,B6T0000000716,486120.0,0.0455,10,22,14,7,90.00000000000001,186.00000000000003,486582.0,486678.0,558.0
1888,B6T0000000716,486120.0,0.0455,10,22,14,7,90.00000000000001,186.00000000000003,486768.0,486864.0,744.0
1858,B6T0000001858,488340.0,0.0482,8,6,13,7,27.0,60.0,488367.0,488400.0,60.0
1851,B6T0000001858,488340.0,0.0482,8,6,13,7,27.0,60.0,488427.0,488460.0,120.0
1859,B6T0000001858,488340.0,0.0482,8,6,14,7,27.0,60.0,488487.0,488520.0,180.0
3610,B6T0000000201,488520.0,0.0111,36,49,13,7,256.5000000000001,519.0000000000002,488776.5,489039.0,519.0
3611,B6T0000000201,488520.0,0.0111,36,49,13,7,256.5000000000001,519.0000000000002,489295.5,489558.0,1038.0
2585,B6T0000000543,517860.0,0.0262,21,20,13,7,104.0,214.0,517964.0,518074.0,214.0
2588,B6T0000000543,517860.0,0.0262,21,20,13,7,104.0,214.0,518178.0,518288.0,428.0
2587,B6T0000000543,517860.0,0.0262,21,20,14,7,104.0,214.0,518392.0,518502.0,642.0
2977,B6T0000001825,517980.0,0.0194,30,1,13,7,61.0,128.0,518563.0,518630.0,650.0
1284,B6T0000001854,518880.0,0.084,4,7,13,7,21.0,48.0,518901.0,518928.0,48.0
1291,B6T0000001854,518880.0,0.084,4,7,13,7,21.0,48.0,518949.0,518976.0,96.0
409,B6T0000000050,519060.0,0.1901,3,44,13,7,165.50000000000009,337.00000000000017,519225.5,519397.0,337.0
423,B6T0000000050,519060.0,0.1901,3,44,13,7,165.50000000000009,337.00000000000017,519562.5,519734.0,674.0
420,B6T0000000050,519060.0,0.1901,3,44,14,7,165.50000000000009,337.00000000000017,519899.5,520071.0,1011.0
416,B6T0000000050,519060.0,0.1901,3,44,14,7,165.50000000000009,337.00000000000017,520236.5,520408.0,1348.0
2036,B6T0000000707,520200.0,0.0413,20,14,13,7,78.0,162.0,520486.0,520570.0,370.0
1018,B6T0000001975,520500.0,0.109,6,1,13,7,13.000000000000002,32.0,520583.0,520602.0,102.0
1017,B6T0000001975,520500.0,0.109,6,1,13,7,13.000000000000002,32.0,520615.0,520634.0,134.0
1015,B6T0000001975,520500.0,0.109,6,1,14,7,13.000000000000002,32.0,520647.0,520666.0,166.0
1014,B6T0000001975,520500.0,0.109,6,1,14,7,13.000000000000002,32.0,520679.0,520698.0,198.0
2491,B6T0000000500,519960.0,0.0281,1,38,13,7,136.00000000000006,278.0000000000001,520834.0,520976.0,1016.0
855,B6T0000001220,520740.0,0.1275,12,9,14,7,42.0,90.0,521018.0,521066.0,326.0
2493,B6T0000000500,519960.0,0.0281,1,38,13,7,136.00000000000006,278.0000000000001,521202.0,521344.0,1384.0
598,B6T0000000247,521280.0,0.1761,2,45,13,7,168.50000000000009,343.00000000000017,521512.5,521687.0,407.0
599,B6T0000000247,521280.0,0.1761,2,45,13,7,168.50000000000009,343.00000000000017,521855.5,522030.0,750.0
603,B6T0000000247,521280.0,0.1761,2,45,14,7,168.50000000000009,343.00000000000017,522198.5,522373.0,1093.0
602,B6T0000000247,521280.0,0.1761,2,45,14,7,168.50000000000009,343.00000000000017,522541.5,522716.0,1436.0
2494,B6T0000000500,519960.0,0.0281,1,38,14,7,136.00000000000006,278.0000000000001,522852.0,522994.0,3034.0
2492,B6T0000000500,519960.0,0.0281,1,38,14,7,136.00000000000006,278.0000000000001,523130.0,523272.0,3312.0
3109,B6T0000000788,521220.0,0.0173,8,42,13,7,166.00000000000006,338.0000000000001,523438.0,523610.0,2390.0
3110,B6T0000000788,521220.0,0.0173,8,42,13,7,166.00000000000006,338.0000000000001,523776.0,523948.0,2728.0
3111,B6T0000000788,521220.0,0.0173,8,42,14,7,166.00000000000006,338.0000000000001,524114.0,524286.0,3066.0
3149,B6T0000001988,524100.0,0.0167,35,2,13,7,73.0,152.0,524359.0,524438.0,338.0
3150,B6T0000001988,524100.0,0.0167,35,2,13,7,73.0,152.0,524511.0,524590.0,490.0
3148,B6T0000001988,524100.0,0.0167,35,2,14,7,73.0,152.0,524663.0,524742.0,642.0
3251,B6T0000000622,519540.0,0.0152,44,11,13,7,114.0,234.0,524856.0,524976.0,5436.0
3250,B6T0000000622,519540.0,0.0152,44,11,13,7,114.0,234.0,525090.0,525210.0,5670.0
3408,B6T0000001276,519660.0,0.013,32,28,13,7,158.0,322.0,525368.0,525532.0,5872.0
3409,B6T0000001276,519660.0,0.013,32,28,13,7,158.0,322.0,525690.0,525854.0,6194.0
3574,B6T0000000546,523680.0,0.0114,37,29,14,7,172.0,350.0,526026.0,526204.0,2524.0
3575,B6T0000000546,523680.0,0.0114,37,29,14,7,172.0,350.0,526376.0,526554.0,2874.0
2188,B6T0000001469,530640.0,0.0369,11,7,13,7,35.0,76.0,530675.0,530716.0,76.0
2189,B6T0000001469,530640.0,0.0369,11,7,13,7,35.0,76.0,530751.0,530792.0,152.0
2186,B6T0000001469,530640.0,0.0369,11,7,14,7,35.0,76.0,530827.0,530868.0,228.0
2185,B6T0000001469,530640.0,0.0369,11,7,14,7,35.0,76.0,530903.0,530944.0,304.0
2470,B6T0000001437,546420.0,0.0286,18,3,13,7,41.0,88.0,546461.0,546508.0,88.0
2474,B6T0000001437,546420.0,0.0286,18,3,13,7,41.0,88.0,546549.0,546596.0,176.0
2473,B6T0000001437,546420.0,0.0286,18,3,14,7,41.0,88.0,546637.0,546684.0,264.0
2472,B6T0000001437,546420.0,0.0286,18,3,14,7,41.0,88.0,546725.0,546772.0,352.0
3271,B6T0000000330,547260.0,0.0149,25,30,13,7,152.00000000000003,310.00000000000006,547412.0,547570.0,310.0
3270,B6T0000000330,547260.0,0.0149,25,30,13,7,152.00000000000003,310.00000000000006,547722.0,547880.0,620.0
3180,B6T0000001534,554040.0,0.0161,36,3,13,7,77.0,160.0,554117.0,554200.0,160.0
3296,B6T0000001036,555600.0,0.0146,30,26,13,7,146.0,298.0,555746.0,555898.0,298.0
1251,B6T0000000799,555720.0,0.0872,9,16,13,7,63.99999999999999,134.0,555962.0,556032.0,312.0
1259,B6T0000000799,555720.0,0.0872,9,16,13,7,63.99999999999999,134.0,556096.0,556166.0,446.0
1250,B6T0000000799,555720.0,0.0872,9,16,14,7,63.99999999999999,134.0,556230.0,556300.0,580.0
1249,B6T0000000799,555720.0,0.0872,9,16,14,7,63.99999999999999,134.0,556364.0,556434.0,714.0
2914,B6T0000000552,555960.0,0.0202,37,10,13,7,96.0,198.0,556530.0,556632.0,672.0
2916,B6T0000000552,555960.0,0.0202,37,10,13,7,96.0,198.0,556728.0,556830.0,870.0
2915,B6T0000000552,555960.0,0.0202,37,10,14,7,96.0,198.0,556926.0,557028.0,1068.0
3297,B6T0000001036,555600.0,0.0146,30,26,13,7,146.0,298.0,557174.0,557326.0,1726.0
1076,B6T0000000178,558480.0,0.1033,7,43,13,7,168.50000000000009,343.00000000000017,558648.5,558823.0,343.0
1072,B6T0000000178,558480.0,0.1033,7,43,13,7,168.50000000000009,343.00000000000017,558991.5,559166.0,686.0
639,B6T0000000469,559020.0,0.1623,11,9,14,7,40.0,86.0,559206.0,559252.0,232.0
640,B6T0000000469,559020.0,0.1623,11,9,14,7,40.0,86.0,559292.0,559338.0,318.0
1088,B6T0000000178,558480.0,0.1033,7,43,14,7,168.50000000000009,343.00000000000017,559506.5,559681.0,1201.0
1087,B6T0000000178,558480.0,0.1033,7,43,14,7,168.50000000000009,343.00000000000017,559849.5,560024.0,1544.0
2884,B6T0000000858,562200.0,0.0207,20,26,13,7,126.00000000000001,258.0,562326.0,562458.0,258.0
3463,B6T0000000493,574440.0,0.0123,34,28,13,7,162.0,330.0,574602.0,574770.0,330.0
3462,B6T0000000493,574440.0,0.0123,34,28,13,7,162.0,330.0,574932.0,575100.0,660.0
