订单号,原材料编号,箱子类型,堆垛机编号,货架号,层(z),列(x),深浅位,到达时刻(s),开始时刻(s),完成时刻(s),操作时间(s),等待时间(s),流动时间(s),是否复合
3639,B6T0000001187,E3,1,1,31,37,浅位,240.0,240.0,606.0,366.00000000000006,0.0,366.0,否
3638,B6T0000001187,E3,1,1,31,37,深位,240.0,606.0,972.0,366.00000000000006,366.0,732.0,否
3036,B6T0000001703,E1,1,1,2,31,浅位,3300.0,3300.0,3436.0,136.0,0.0,136.0,否
3035,B6T0000001703,E1,1,1,2,31,深位,3300.0,3447.0,3578.0,131.0,147.0,278.0,是
3034,B6T0000001703,E1,1,2,2,31,浅位,3300.0,3593.0,3720.0,127.0,293.0,420.0,是
2525,B6T0000001776,E1,1,1,7,17,浅位,7500.0,7884.0,7984.0,100.0,384.0,484.0,否
483,B6T0000001101,E3,1,2,12,7,浅位,9300.0,9300.0,9394.0,94.0,0.0,94.0,否
484,B6T0000001101,E3,1,2,12,7,深位,9300.0,9394.0,9488.0,94.0,94.0,188.0,否
2612,B6T0000000877,E3,1,1,9,33,浅位,13860.0,13860.0,14034.0,174.0,0.0,174.0,否
2613,B6T0000000877,E3,1,1,9,33,深位,13860.0,14034.0,14208.0,174.0,174.0,348.0,否
2614,B6T0000000877,E3,1,2,9,33,浅位,13860.0,14208.0,14382.0,174.0,348.0,522.0,否
2615,B6T0000000877,E3,1,2,9,33,深位,13860.0,14382.0,14556.0,174.0,522.0,696.0,否
3220,B6T0000001266,E3,1,1,9,45,浅位,15180.0,15180.0,15402.0,222.0,0.0,222.0,否
3222,B6T0000001266,E3,1,1,9,45,深位,15180.0,15402.0,15624.0,222.0,222.0,444.0,否
3221,B6T0000001266,E3,1,2,9,45,浅位,15180.0,15624.0,15846.0,222.0,444.0,666.0,否
3390,B6T0000001652,E1,1,1,1,44,浅位,16620.0,16620.0,16804.0,184.0,0.0,184.0,否
3391,B6T0000001652,E1,1,1,1,44,深位,16620.0,16804.0,16988.0,184.0,184.0,368.0,否
1507,B6T0000000118,E4,1,1,43,10,浅位,17760.0,17760.0,18115.0,355.00000000000017,0.0,355.0,否
1506,B6T0000000118,E4,1,1,43,10,深位,17760.0,18115.0,18470.0,355.00000000000017,355.0,710.0,否
1509,B6T0000000118,E4,1,2,43,10,浅位,17760.0,18470.0,18825.0,355.00000000000017,710.0,1065.0,否
1510,B6T0000000118,E4,1,2,43,10,深位,17760.0,18825.0,19180.0,355.00000000000017,1065.0,1420.0,否
587,B6T0000001238,E3,1,1,16,3,浅位,19080.0,21438.0,21548.0,109.99999999999999,2358.0,2468.0,否
708,B6T0000000313,E4,1,1,45,3,浅位,19560.0,22376.0,22723.0,347.00000000000017,2816.0,3163.0,否
709,B6T0000000313,E4,1,1,45,3,深位,19560.0,22723.0,23070.0,347.00000000000017,3163.0,3510.0,否
710,B6T0000000313,E4,1,2,45,3,浅位,19560.0,23070.0,23417.0,347.00000000000017,3510.0,3857.0,否
712,B6T0000000313,E4,1,2,45,3,深位,19560.0,23417.0,23764.0,347.00000000000017,3857.0,4204.0,否
741,B6T0000000140,E4,1,1,43,6,浅位,25680.0,25680.0,26019.0,339.00000000000017,0.0,339.0,否
742,B6T0000000140,E4,1,1,43,6,深位,25680.0,26019.0,26358.0,339.00000000000017,339.0,678.0,否
895,B6T0000000488,E3,1,1,13,8,浅位,25680.0,26540.0,26646.0,106.0,860.0,966.0,否
897,B6T0000000488,E3,1,1,13,8,深位,25680.0,26646.0,26752.0,106.0,966.0,1072.0,否
898,B6T0000000488,E3,1,2,13,8,浅位,25680.0,26752.0,26858.0,106.0,1072.0,1178.0,否
896,B6T0000000488,E3,1,2,13,8,深位,25680.0,26858.0,26964.0,106.0,1178.0,1284.0,否
3059,B6T0000001131,E3,1,1,17,32,浅位,26820.0,27528.0,27762.0,234.0,708.0,942.0,否
750,B6T0000000140,E4,1,1,46,2,浅位,25680.0,31900.5,32087.0,186.50000000000009,6220.5,6407.0,是
749,B6T0000000140,E4,1,1,46,2,深位,25680.0,32266.5,32446.0,179.50000000000009,6586.5,6766.0,是
747,B6T0000000140,E4,1,2,46,2,浅位,25680.0,32625.5,32805.0,179.50000000000009,6945.5,7125.0,是
733,B6T0000000140,E4,1,2,46,2,深位,25680.0,32984.5,33164.0,179.50000000000009,7304.5,7484.0,是
3269,B6T0000001653,E1,1,1,1,40,浅位,33660.0,33772.0,33890.0,118.0,112.0,230.0,是
3268,B6T0000001653,E1,1,1,1,40,深位,33660.0,33980.0,34098.0,118.0,320.0,438.0,是
3478,B6T0000000833,E3,1,2,11,52,浅位,37200.0,37545.5,37894.0,348.5000000000001,345.5,694.0,是
3479,B6T0000000833,E3,1,2,11,52,深位,37200.0,38074.5,38423.0,348.5000000000001,874.5,1223.0,是
1970,B6T0000000437,E3,1,2,13,20,浅位,42600.0,42600.0,42754.0,154.0,0.0,154.0,否
1971,B6T0000000437,E3,1,2,13,20,深位,42600.0,42754.0,42908.0,154.0,154.0,308.0,否
2100,B6T0000001607,E1,1,1,7,10,浅位,43440.0,43712.0,43784.0,72.0,272.0,344.0,否
2099,B6T0000001607,E1,1,1,7,10,深位,43440.0,43784.0,43856.0,72.0,344.0,416.0,否
2102,B6T0000001607,E1,1,2,7,10,浅位,43440.0,43856.0,43928.0,72.0,416.0,488.0,否
2058,B6T0000000120,E4,1,1,45,11,浅位,43980.0,43980.0,44359.0,379.00000000000017,0.0,379.0,否
2063,B6T0000000120,E4,1,1,45,11,深位,43980.0,44439.0,44780.0,341.00000000000017,459.0,800.0,是
2062,B6T0000000120,E4,1,2,45,11,浅位,43980.0,44860.0,45201.0,341.00000000000017,880.0,1221.0,是
2061,B6T0000000120,E4,1,2,45,11,深位,43980.0,45337.0,45750.0,413.00000000000017,1357.0,1770.0,是
432,B6T0000000678,E3,1,1,9,10,浅位,46320.0,46748.0,46900.0,152.0,428.0,580.0,是
431,B6T0000000678,E3,1,1,9,10,深位,46320.0,46944.0,46988.0,44.0,624.0,668.0,是
427,B6T0000000678,E3,1,2,9,10,浅位,51600.0,51600.0,51682.0,82.0,0.0,82.0,否
428,B6T0000000678,E3,1,2,9,10,深位,51600.0,51682.0,51764.0,82.0,82.0,164.0,否
2166,B6T0000001771,E1,1,1,5,12,浅位,52020.0,52064.0,52116.0,52.0,44.0,96.0,是
2167,B6T0000001771,E1,1,1,5,12,深位,52020.0,52160.0,52212.0,52.0,140.0,192.0,是
2168,B6T0000001771,E1,1,2,5,12,浅位,52020.0,52366.0,52520.0,154.0,346.0,500.0,是
2165,B6T0000001771,E1,1,2,5,12,深位,52020.0,52676.0,52832.0,156.0,656.0,812.0,是
3301,B6T0000000085,E4,1,1,45,30,浅位,53880.0,54005.0,54427.0,422.00000000000017,125.0,547.0,是
3300,B6T0000000085,E4,1,1,45,30,深位,53880.0,54474.0,54888.0,414.00000000000017,594.0,1008.0,是
1938,B6T0000001937,E1,1,1,8,8,浅位,54360.0,54937.0,54986.0,49.0,577.0,626.0,是
1939,B6T0000001937,E1,1,1,8,8,深位,54360.0,55023.0,55060.0,37.0,663.0,700.0,是
1940,B6T0000001937,E1,1,2,8,8,浅位,54360.0,55097.0,55134.0,37.0,737.0,774.0,是
1934,B6T0000001937,E1,1,2,8,8,深位,54360.0,55171.0,55208.0,37.0,811.0,848.0,是
3596,B6T0000000222,E4,1,1,44,42,浅位,55200.0,55245.0,55707.0,462.00000000000017,45.0,507.0,是
3597,B6T0000000222,E4,1,1,44,42,深位,55200.0,55758.0,56206.0,448.0000000000001,558.0,1006.0,是
1537,B6T0000000088,E4,1,1,48,4,浅位,55680.0,57270.0,57725.0,455.0000000000002,1590.0,2045.0,是
1536,B6T0000000088,E4,1,1,48,4,深位,55680.0,57881.0,58336.0,455.0000000000002,2201.0,2656.0,是
1535,B6T0000000088,E4,1,2,48,4,浅位,55680.0,58492.0,58971.0,479.0000000000002,2812.0,3291.0,是
1534,B6T0000000088,E4,1,2,48,4,深位,55680.0,59127.0,59606.0,479.0000000000002,3447.0,3926.0,是
3304,B6T0000000643,E3,1,2,40,16,浅位,86340.0,86340.0,86694.0,354.0000000000001,0.0,354.0,否
3305,B6T0000000643,E3,1,2,40,16,深位,86340.0,86694.0,87048.0,354.0000000000001,354.0,708.0,否
1381,B6T0000000104,E4,1,1,43,9,浅位,86820.0,87048.0,87399.0,351.00000000000017,228.0,579.0,否
635,B6T0000000469,E3,1,1,9,11,浅位,87120.0,87399.0,87485.0,86.0,279.0,365.0,否
634,B6T0000000469,E3,1,1,9,11,深位,87120.0,87485.0,87571.0,86.0,365.0,451.0,否
633,B6T0000000469,E3,1,2,9,11,浅位,87120.0,87571.0,87657.0,86.0,451.0,537.0,否
638,B6T0000000469,E3,1,2,9,11,深位,87120.0,87657.0,87743.0,86.0,537.0,623.0,否
2436,B6T0000001589,E1,1,2,2,18,浅位,87720.0,87743.0,87827.0,84.0,23.0,107.0,否
2439,B6T0000001589,E1,1,2,2,18,深位,87720.0,87827.0,87911.0,84.0,107.0,191.0,否
2161,B6T0000001774,E1,1,2,3,13,浅位,87840.0,87911.0,87979.0,68.0,71.0,139.0,否
2160,B6T0000001774,E1,1,2,3,13,深位,87840.0,87979.0,88047.0,68.0,139.0,207.0,否
3048,B6T0000000848,E3,1,1,9,40,浅位,87060.0,88047.0,88249.0,202.0,987.0,1189.0,否
188,B6T0000000932,E3,1,1,9,8,浅位,88140.0,88249.0,88323.0,74.0,109.0,183.0,否
1687,B6T0000001375,E1,1,1,2,9,浅位,88320.0,88323.0,88371.0,48.0,3.0,51.0,否
1696,B6T0000001375,E1,1,1,2,9,深位,88320.0,88371.0,88419.0,48.0,51.0,99.0,否
1688,B6T0000001375,E1,1,2,2,9,浅位,88320.0,88419.0,88467.0,48.0,99.0,147.0,否
1695,B6T0000001375,E1,1,2,2,9,深位,88320.0,88467.0,88515.0,48.0,147.0,195.0,否
3046,B6T0000000848,E3,1,1,9,40,深位,87060.0,88515.0,88717.0,202.0,1455.0,1657.0,否
469,B6T0000001382,E1,1,1,2,4,浅位,88620.0,88717.0,88745.0,28.0,97.0,125.0,否
800,B6T0000000540,E3,1,1,9,12,浅位,88620.0,88785.0,88841.0,56.0,165.0,221.0,是
801,B6T0000000540,E3,1,1,9,12,深位,88620.0,88887.0,88937.0,50.0,267.0,317.0,是
802,B6T0000000540,E3,1,2,9,12,浅位,88620.0,88983.0,89033.0,50.0,363.0,413.0,是
799,B6T0000000540,E3,1,2,9,12,深位,88620.0,89079.0,89129.0,50.0,459.0,509.0,是
181,B6T0000000932,E3,1,1,9,8,深位,89040.0,89175.0,89221.0,46.0,135.0,181.0,是
180,B6T0000000932,E3,1,2,9,8,浅位,89040.0,89261.0,89301.0,40.0,221.0,261.0,是
179,B6T0000000932,E3,1,2,9,8,深位,89040.0,89341.0,89381.0,40.0,301.0,341.0,是
3047,B6T0000000848,E3,1,2,9,40,浅位,87060.0,89421.0,89589.0,168.0,2361.0,2529.0,是
2986,B6T0000001732,E1,1,2,5,28,浅位,89520.0,89637.0,89749.0,112.0,117.0,229.0,是
399,B6T0000000471,E3,1,1,17,1,浅位,88740.0,89797.0,89909.0,112.0,1057.0,1169.0,是
395,B6T0000000471,E3,1,1,17,1,深位,88740.0,89957.0,90069.0,112.0,1217.0,1329.0,是
396,B6T0000000471,E3,1,2,17,1,浅位,88740.0,90117.0,90229.0,112.0,1377.0,1489.0,是
397,B6T0000000471,E3,1,2,17,1,深位,88740.0,90287.0,90345.0,58.0,1547.0,1605.0,是
2988,B6T0000001732,E1,1,2,5,28,深位,89520.0,90403.0,90569.0,166.0,883.0,1049.0,是
2130,B6T0000000727,E3,1,1,17,18,浅位,89040.0,90627.0,90753.0,126.0,1587.0,1713.0,是
2132,B6T0000000727,E3,1,1,17,18,深位,89040.0,90811.0,90937.0,126.0,1771.0,1897.0,是
2127,B6T0000000727,E3,1,2,17,18,浅位,89040.0,90954.0,91121.0,167.0,1914.0,2081.0,是
2128,B6T0000000727,E3,1,2,17,18,深位,89040.0,91148.0,91305.0,157.0,2108.0,2265.0,是
117,B6T0000000154,E4,1,1,43,3,浅位,87960.0,91332.0,91662.0,330.0000000000001,3372.0,3702.0,是
110,B6T0000000154,E4,1,1,43,3,深位,87960.0,91689.0,92019.0,330.0000000000001,3729.0,4059.0,是
113,B6T0000000154,E4,1,2,43,3,浅位,87960.0,92111.0,92412.0,301.0000000000001,4151.0,4452.0,是
111,B6T0000000154,E4,1,2,43,3,深位,87960.0,92504.0,92805.0,301.0000000000001,4544.0,4845.0,是
3406,B6T0000000663,E3,1,1,31,29,浅位,92580.0,92897.0,93145.0,248.00000000000006,317.0,565.0,是
3407,B6T0000000663,E3,1,1,31,29,深位,92580.0,93237.0,93485.0,248.00000000000006,657.0,905.0,是
1382,B6T0000000104,E4,1,1,43,9,深位,86820.0,93589.0,93966.0,377.00000000000017,6769.0,7146.0,是
3086,B6T0000001251,E3,1,1,9,41,浅位,93900.0,94070.0,94178.0,108.0,170.0,278.0,是
3085,B6T0000001251,E3,1,1,9,41,深位,93900.0,94205.0,94390.0,185.0,305.0,490.0,是
3087,B6T0000001251,E3,1,2,9,41,浅位,93900.0,94427.0,94602.0,175.0,527.0,702.0,是
1383,B6T0000000104,E4,1,2,43,9,浅位,86820.0,94639.0,94975.0,336.00000000000017,7819.0,8155.0,是
1388,B6T0000000104,E4,1,2,43,9,深位,86820.0,95020.0,95368.0,348.0000000000001,8200.0,8548.0,是
2022,B6T0000000073,E4,1,1,43,13,浅位,92040.0,95472.0,95849.0,377.00000000000017,3432.0,3809.0,是
2023,B6T0000000073,E4,1,1,43,13,深位,92040.0,95955.0,96334.0,379.00000000000017,3915.0,4294.0,是
2024,B6T0000000073,E4,1,2,43,13,浅位,92040.0,96440.0,96819.0,379.00000000000017,4400.0,4779.0,是
2026,B6T0000000073,E4,1,2,43,13,深位,92040.0,96925.0,97304.0,379.00000000000017,4885.0,5264.0,是
3528,B6T0000000262,E4,1,1,45,39,浅位,86880.0,97460.0,97893.0,433.00000000000017,10580.0,11013.0,是
1316,B6T0000000836,E3,1,1,12,14,浅位,97740.0,98049.0,98213.0,164.0,309.0,473.0,是
1315,B6T0000000836,E3,1,1,12,14,深位,97740.0,98277.0,98341.0,64.0,537.0,601.0,是
1314,B6T0000000836,E3,1,2,12,14,浅位,97740.0,98405.0,98469.0,64.0,665.0,729.0,是
1308,B6T0000000836,E3,1,2,12,14,深位,97740.0,98533.0,98597.0,64.0,793.0,857.0,是
3529,B6T0000000262,E4,1,1,45,39,深位,86880.0,98661.0,99094.0,433.00000000000017,11781.0,12214.0,是
2928,B6T0000000048,E4,1,1,47,19,浅位,100620.0,100794.0,101257.0,463.00000000000017,174.0,637.0,是
2927,B6T0000000048,E4,1,1,47,19,深位,100620.0,101415.0,101870.0,455.00000000000017,795.0,1250.0,是
2926,B6T0000000048,E4,1,2,47,19,浅位,100620.0,102028.0,102483.0,455.00000000000017,1408.0,1863.0,是
3573,B6T0000001960,E1,1,1,1,52,浅位,105720.0,106051.0,106209.0,158.0,331.0,489.0,是
933,B6T0000000508,E3,1,1,9,13,浅位,106200.0,106367.0,106525.0,158.0,167.0,325.0,是
934,B6T0000000508,E3,1,1,9,13,深位,106200.0,106575.0,106625.0,50.0,375.0,425.0,是
935,B6T0000000508,E3,1,2,9,13,浅位,106200.0,106675.0,106725.0,50.0,475.0,525.0,是
3572,B6T0000001960,E1,1,1,1,52,深位,105720.0,106775.0,106981.0,206.0,1055.0,1261.0,是
1060,B6T0000001185,E3,1,1,20,3,浅位,106380.0,107139.0,107353.0,214.0,759.0,973.0,是
1061,B6T0000001185,E3,1,1,20,3,深位,106380.0,107427.0,107501.0,74.00000000000001,1047.0,1121.0,是
1062,B6T0000001185,E3,1,2,20,3,浅位,106380.0,107575.0,107649.0,74.00000000000001,1195.0,1269.0,是
1063,B6T0000001185,E3,1,2,20,3,深位,106380.0,107723.0,107797.0,74.00000000000001,1343.0,1417.0,是
3715,B6T0000001576,E1,1,1,4,56,浅位,107220.0,107842.0,108047.0,205.0,622.0,827.0,是
3714,B6T0000001576,E1,1,1,4,56,深位,107220.0,108106.0,108297.0,191.0,886.0,1077.0,是
2629,B6T0000000942,E3,1,1,17,25,浅位,108420.0,108976.0,109129.0,153.0,556.0,709.0,是
2630,B6T0000000942,E3,1,1,17,25,深位,108420.0,109200.0,109365.0,165.0,780.0,945.0,是
2961,B6T0000001529,E1,1,2,4,28,浅位,110700.0,110870.0,110957.0,87.0,170.0,257.0,是
2959,B6T0000001529,E1,1,2,4,28,深位,110700.0,111026.0,111095.0,69.0,326.0,395.0,是
2574,B6T0000000647,E3,1,1,15,26,浅位,111780.0,112710.0,112887.0,177.0,930.0,1107.0,是
563,B6T0000001238,E3,1,1,16,3,深位,113640.0,113747.0,113855.0,108.0,107.0,215.0,是
562,B6T0000001238,E3,1,2,16,3,浅位,113640.0,113913.0,113971.0,57.99999999999999,273.0,331.0,是
560,B6T0000001238,E3,1,2,16,3,深位,113640.0,114029.0,114087.0,57.99999999999999,389.0,447.0,是
3309,B6T0000001474,E1,1,1,5,12,浅位,117360.0,117691.5,117878.0,186.50000000000006,331.5,518.0,是
3308,B6T0000001474,E1,1,1,5,12,深位,117360.0,118064.5,118251.0,186.50000000000006,704.5,891.0,是
3358,B6T0000000487,E3,1,1,13,8,浅位,122220.0,122674.5,122893.0,218.50000000000009,454.5,673.0,是
3359,B6T0000000487,E3,1,1,13,8,深位,122220.0,123111.5,123330.0,218.50000000000009,891.5,1110.0,是
45,B6T0000001104,E3,1,1,9,4,浅位,123780.0,123927.0,123983.0,56.0,147.0,203.0,是
44,B6T0000001104,E3,1,1,9,4,深位,123780.0,124015.0,124047.0,31.999999999999996,235.0,267.0,是
43,B6T0000001104,E3,1,2,9,4,浅位,123780.0,124079.0,124111.0,31.999999999999996,299.0,331.0,是
46,B6T0000001104,E3,1,2,9,4,深位,123780.0,124143.0,124175.0,31.999999999999996,363.0,395.0,是
1582,B6T0000001102,E3,1,1,9,10,浅位,127860.0,128454.5,128685.0,230.50000000000009,594.5,825.0,是
1580,B6T0000001102,E3,1,2,13,20,浅位,127860.0,128915.5,129146.0,230.50000000000009,1055.5,1286.0,是
1583,B6T0000001102,E3,1,2,13,20,深位,127860.0,129382.5,129619.0,236.50000000000009,1522.5,1759.0,是
1584,B6T0000001102,E3,1,2,25,3,浅位,127860.0,129860.5,130102.0,241.50000000000009,2000.5,2242.0,是
1579,B6T0000001102,E3,1,2,25,3,深位,127860.0,130350.5,130599.0,248.50000000000009,2490.5,2739.0,是
3522,B6T0000001764,E1,1,1,8,46,浅位,128640.0,130847.5,131124.0,276.5000000000001,2207.5,2484.0,是
3523,B6T0000001764,E1,1,1,8,46,深位,128640.0,131168.0,131356.0,188.0,2528.0,2716.0,是
3579,B6T0000000206,E4,1,1,46,39,浅位,127980.0,131436.0,131863.0,427.00000000000017,3456.0,3883.0,是
1046,B6T0000001052,E3,1,1,18,5,浅位,130740.0,132112.5,132362.0,249.50000000000006,1372.5,1622.0,是
3656,B6T0000000704,E3,1,2,15,5,深位,131880.0,132611.5,132861.0,249.50000000000009,731.5,981.0,是
1033,B6T0000001052,E3,1,1,18,5,深位,130740.0,133114.5,133368.0,253.50000000000009,2374.5,2628.0,是
1034,B6T0000001052,E3,1,2,18,5,浅位,130740.0,133625.5,133883.0,257.5000000000001,2885.5,3143.0,是
1035,B6T0000001052,E3,1,2,18,5,深位,130740.0,134141.5,134400.0,258.50000000000006,3401.5,3660.0,是
3657,B6T0000000704,E3,1,1,10,23,深位,131880.0,134658.5,134917.0,258.50000000000006,2778.5,3037.0,是
3333,B6T0000000143,E4,1,1,43,34,浅位,131700.0,134975.0,135374.0,399.00000000000017,3275.0,3674.0,是
3332,B6T0000000143,E4,1,1,43,34,深位,131700.0,135444.0,135831.0,387.00000000000017,3744.0,4131.0,是
3578,B6T0000000206,E4,1,1,46,39,深位,127980.0,135901.0,136338.0,437.00000000000017,7921.0,8358.0,是
2751,B6T0000001729,E1,1,1,2,25,浅位,136560.0,136680.0,136762.0,82.0,120.0,202.0,是
2750,B6T0000001729,E1,1,1,2,25,深位,136560.0,136990.5,137219.0,228.50000000000006,430.5,659.0,是
2749,B6T0000001729,E1,1,2,2,25,浅位,136560.0,137447.5,137676.0,228.50000000000006,887.5,1116.0,是
2748,B6T0000001729,E1,1,2,2,25,深位,136560.0,137929.5,138183.0,253.50000000000009,1369.5,1623.0,是
2523,B6T0000001186,E3,1,1,31,9,浅位,136200.0,138441.5,138700.0,258.5000000000001,2241.5,2500.0,是
2882,B6T0000001470,E1,1,1,1,28,浅位,138360.0,138958.5,139217.0,258.5000000000001,598.5,857.0,是
2883,B6T0000001470,E1,1,1,1,28,深位,138360.0,139476.5,139736.0,259.5000000000001,1116.5,1376.0,是
2880,B6T0000001470,E1,1,2,1,28,浅位,138360.0,139995.5,140255.0,259.5000000000001,1635.5,1895.0,是
2638,B6T0000001516,E1,1,1,1,23,浅位,140160.0,140514.5,140774.0,259.5000000000001,354.5,614.0,是
557,B6T0000001827,E1,1,1,4,3,浅位,140580.0,140813.0,140852.0,39.0,233.0,272.0,是
556,B6T0000001827,E1,1,1,4,3,深位,140580.0,140871.0,140890.0,19.0,291.0,310.0,是
555,B6T0000001827,E1,1,2,4,3,浅位,140580.0,141149.5,141409.0,259.5000000000001,569.5,829.0,是
551,B6T0000001827,E1,1,2,4,3,深位,140580.0,141669.5,141930.0,260.5000000000001,1089.5,1350.0,是
2881,B6T0000001470,E1,1,2,1,28,深位,138360.0,141949.0,142068.0,119.0,3589.0,3708.0,是
2840,B6T0000001351,E1,1,1,6,25,浅位,139980.0,142087.0,142202.0,115.0,2107.0,2222.0,是
2841,B6T0000001351,E1,1,1,6,25,深位,139980.0,142221.0,142336.0,115.0,2241.0,2356.0,是
2842,B6T0000001351,E1,1,2,6,25,浅位,139980.0,142596.5,142857.0,260.5000000000001,2616.5,2877.0,是
2843,B6T0000001351,E1,1,2,6,25,深位,139980.0,143117.5,143378.0,260.5000000000001,3137.5,3398.0,是
2401,B6T0000001888,E1,1,1,1,18,浅位,142980.0,143638.5,143899.0,260.5000000000001,658.5,919.0,是
2402,B6T0000001888,E1,1,1,1,18,深位,142980.0,144160.5,144422.0,261.5000000000001,1180.5,1442.0,是
2403,B6T0000001888,E1,1,2,1,18,浅位,142980.0,144683.5,144945.0,261.5000000000001,1703.5,1965.0,是
2400,B6T0000001888,E1,1,2,1,18,深位,142980.0,145206.5,145468.0,261.5000000000001,2226.5,2488.0,是
3019,B6T0000001093,E3,1,1,9,45,深位,142620.0,145729.5,145991.0,261.5000000000001,3109.5,3371.0,是
3021,B6T0000001093,E3,1,2,9,45,浅位,142620.0,146253.5,146516.0,262.5000000000001,3633.5,3896.0,是
3020,B6T0000001093,E3,1,2,22,19,深位,142620.0,146778.5,147041.0,262.50000000000006,4158.5,4421.0,是
2859,B6T0000000686,E3,1,2,18,28,浅位,140640.0,147303.5,147566.0,262.5000000000001,6663.5,6926.0,是
2858,B6T0000000686,E3,1,2,18,28,深位,140640.0,147828.5,148091.0,262.5000000000001,7188.5,7451.0,是
2524,B6T0000001186,E3,1,1,31,9,深位,136200.0,148353.5,148616.0,262.5000000000001,12153.5,12416.0,是
2520,B6T0000001186,E3,1,2,31,9,浅位,136200.0,148616.0,148870.0,254.00000000000006,12416.0,12670.0,否
74,B6T0000000261,E4,1,1,43,1,浅位,143520.0,148870.0,149189.0,319.00000000000017,5350.0,5669.0,否
81,B6T0000000261,E4,1,1,43,1,深位,143520.0,149189.0,149508.0,319.00000000000017,5669.0,5988.0,否
72,B6T0000000261,E4,1,2,43,1,浅位,143520.0,149508.0,149827.0,319.00000000000017,5988.0,6307.0,否
73,B6T0000000261,E4,1,2,43,1,深位,143520.0,149827.0,150146.0,319.00000000000017,6307.0,6626.0,否
3601,B6T0000000995,E3,1,1,29,38,浅位,141480.0,150146.0,150500.0,354.0,8666.0,9020.0,否
3600,B6T0000000995,E3,1,1,29,38,深位,141480.0,150500.0,150854.0,354.0,9020.0,9374.0,否
3653,B6T0000000006,E4,1,1,43,45,浅位,142560.0,150854.0,151349.0,495.00000000000017,8294.0,8789.0,否
3652,B6T0000000006,E4,1,1,43,45,深位,142560.0,151349.0,151844.0,495.00000000000017,8789.0,9284.0,否
2732,B6T0000000432,E3,1,1,9,35,浅位,173100.0,173285.0,173430.0,145.0,185.0,330.0,是
3154,B6T0000001701,E1,1,1,1,36,浅位,173400.0,173524.0,173622.0,98.0,124.0,222.0,是
3155,B6T0000001701,E1,1,1,1,36,深位,173400.0,173701.0,173780.0,79.0,301.0,380.0,是
3156,B6T0000001701,E1,1,2,1,36,浅位,173400.0,173859.0,173938.0,79.0,459.0,538.0,是
2734,B6T0000000432,E3,1,1,9,35,深位,173100.0,174017.0,174130.0,113.0,917.0,1030.0,是
3675,B6T0000000514,E3,1,2,17,21,深位,173580.0,174224.0,174382.0,158.0,644.0,802.0,是
360,B6T0000001370,E1,1,1,5,2,浅位,173100.0,174480.0,174578.0,98.0,1380.0,1478.0,是
362,B6T0000001370,E1,1,1,5,2,深位,173100.0,174597.0,174616.0,19.0,1497.0,1516.0,是
361,B6T0000001370,E1,1,2,5,2,浅位,173100.0,174635.0,174654.0,19.0,1535.0,1554.0,是
352,B6T0000001370,E1,1,2,5,2,深位,173100.0,174673.0,174692.0,19.0,1573.0,1592.0,是
1293,B6T0000000996,E3,1,1,9,17,浅位,174420.0,174711.0,174808.0,97.0,291.0,388.0,是
1294,B6T0000000996,E3,1,1,9,17,深位,174420.0,174866.0,174924.0,58.0,446.0,504.0,是
1295,B6T0000000996,E3,1,2,9,17,浅位,174420.0,174982.0,175040.0,58.0,562.0,620.0,是
2518,B6T0000001724,E1,1,1,1,20,浅位,174960.0,175098.0,175168.0,70.0,138.0,208.0,是
2517,B6T0000001724,E1,1,1,1,20,深位,174960.0,175215.0,175262.0,47.0,255.0,302.0,是
2516,B6T0000001724,E1,1,2,1,20,浅位,174960.0,175309.0,175356.0,47.0,349.0,396.0,是
2515,B6T0000001724,E1,1,2,1,20,深位,174960.0,175403.0,175450.0,47.0,443.0,490.0,是
1304,B6T0000000996,E3,1,2,9,17,深位,174420.0,175497.0,175578.0,81.0,1077.0,1158.0,是
1728,B6T0000001429,E1,1,1,1,10,浅位,175560.0,175636.0,175694.0,58.0,76.0,134.0,是
472,B6T0000001382,E1,1,1,2,4,深位,175680.0,175721.0,175752.0,31.0,41.0,72.0,是
471,B6T0000001382,E1,1,2,2,4,浅位,175680.0,175769.0,175786.0,17.0,89.0,106.0,是
481,B6T0000001382,E1,1,2,2,4,深位,175680.0,175803.0,175820.0,17.0,123.0,140.0,是
1727,B6T0000001429,E1,1,1,1,10,深位,175560.0,175837.0,175878.0,41.0,277.0,318.0,是
1732,B6T0000001429,E1,1,2,1,10,浅位,175560.0,175905.0,175932.0,27.0,345.0,372.0,是
1735,B6T0000001429,E1,1,2,1,10,深位,175560.0,175959.0,175986.0,27.0,399.0,426.0,是
1001,B6T0000001090,E3,1,1,12,11,浅位,174180.0,176013.0,176102.0,89.0,1833.0,1922.0,是
998,B6T0000001090,E3,1,1,12,11,深位,174180.0,176160.0,176218.0,58.0,1980.0,2038.0,是
999,B6T0000001090,E3,1,2,12,11,浅位,174180.0,176276.0,176334.0,58.0,2096.0,2154.0,是
1178,B6T0000001103,E3,1,1,21,3,浅位,175020.0,176392.0,176522.0,130.00000000000003,1372.0,1502.0,是
1188,B6T0000001103,E3,1,1,21,3,深位,175020.0,176600.0,176678.0,78.00000000000001,1580.0,1658.0,是
1187,B6T0000001103,E3,1,2,21,3,浅位,175020.0,176756.0,176834.0,78.00000000000001,1736.0,1814.0,是
1186,B6T0000001103,E3,1,2,21,3,深位,175020.0,176912.0,176990.0,78.00000000000001,1892.0,1970.0,是
1782,B6T0000001122,E3,1,1,24,6,浅位,173760.0,177068.0,177182.0,114.00000000000003,3308.0,3422.0,是
1786,B6T0000001122,E3,1,1,24,6,深位,173760.0,177278.0,177374.0,96.00000000000001,3518.0,3614.0,是
1785,B6T0000001122,E3,1,2,24,6,浅位,173760.0,177470.0,177566.0,96.00000000000001,3710.0,3806.0,是
1784,B6T0000001122,E3,1,2,24,6,深位,173760.0,177662.0,177758.0,96.00000000000001,3902.0,3998.0,是
3674,B6T0000000514,E3,1,1,13,35,深位,173580.0,177854.0,178066.0,212.00000000000003,4274.0,4486.0,是
766,B6T0000000843,E3,1,1,16,4,浅位,174120.0,178176.0,178310.0,134.0,4056.0,4190.0,是
1909,B6T0000000403,E3,1,1,29,3,浅位,174000.0,178370.0,178534.0,164.00000000000006,4370.0,4534.0,是
1910,B6T0000000403,E3,1,1,29,3,深位,174000.0,178644.0,178754.0,110.00000000000001,4644.0,4754.0,是
1911,B6T0000000403,E3,1,2,29,3,浅位,174000.0,178864.0,178974.0,110.00000000000001,4864.0,4974.0,是
1912,B6T0000000403,E3,1,2,29,3,深位,174000.0,179084.0,179194.0,110.00000000000001,5084.0,5194.0,是
2419,B6T0000001130,E3,1,1,35,3,浅位,172500.0,179304.0,179462.0,158.00000000000009,6804.0,6962.0,是
3733,B6T0000000821,E3,1,1,9,63,浅位,174660.0,179578.0,179834.0,256.0,4918.0,5174.0,是
3732,B6T0000000821,E3,1,1,9,63,深位,174660.0,179964.0,180310.0,346.00000000000006,5304.0,5650.0,是
3084,B6T0000001138,E3,1,1,39,10,浅位,173160.0,180440.0,180638.0,198.00000000000009,7280.0,7478.0,是
2887,B6T0000000093,E4,1,1,45,21,浅位,175740.0,180768.0,181063.0,295.00000000000017,5028.0,5323.0,是
2888,B6T0000000093,E4,1,1,45,21,深位,175740.0,181197.0,181488.0,291.0000000000001,5457.0,5748.0,是
2889,B6T0000000093,E4,1,2,45,21,浅位,175740.0,181638.0,182081.0,443.00000000000017,5898.0,6341.0,是
3188,B6T0000000316,E4,1,1,45,27,浅位,175500.0,182231.0,182674.0,443.00000000000017,6731.0,7174.0,是
3187,B6T0000000316,E4,1,1,45,27,深位,175500.0,182834.0,183247.0,413.00000000000017,7334.0,7747.0,是
3189,B6T0000000316,E4,1,2,45,27,浅位,175500.0,183407.0,183820.0,413.00000000000017,7907.0,8320.0,是
2608,B6T0000000322,E3,1,1,37,4,浅位,185040.0,185864.0,186224.0,360.0000000000001,824.0,1184.0,是
2611,B6T0000000322,E3,1,1,37,4,深位,185040.0,186368.0,186512.0,144.00000000000006,1328.0,1472.0,是
1425,B6T0000000947,E3,1,1,13,14,浅位,188580.0,189162.0,189340.0,178.0,582.0,760.0,是
1427,B6T0000000947,E3,1,1,13,14,深位,188580.0,189408.0,189476.0,68.0,828.0,896.0,是
1424,B6T0000000947,E3,1,2,13,14,浅位,188580.0,189544.0,189612.0,68.0,964.0,1032.0,是
1423,B6T0000000947,E3,1,2,13,14,深位,188580.0,189680.0,189748.0,68.0,1100.0,1168.0,是
2815,B6T0000000054,E4,1,1,49,15,浅位,192600.0,192902.0,193389.0,487.0000000000002,302.0,789.0,是
2813,B6T0000000054,E4,1,1,49,15,深位,192600.0,193551.0,194038.0,487.0000000000002,951.0,1438.0,是
2829,B6T0000000816,E3,1,2,18,27,浅位,193920.0,194200.0,194418.0,218.0,280.0,498.0,是
1709,B6T0000001409,E1,1,1,6,7,浅位,194220.0,194532.0,194646.0,114.0,312.0,426.0,是
1711,B6T0000001409,E1,1,1,6,7,深位,194220.0,194808.0,194970.0,162.0,588.0,750.0,是
1716,B6T0000001409,E1,1,2,6,7,浅位,194220.0,195132.5,195319.0,186.50000000000009,912.5,1099.0,是
1713,B6T0000001409,E1,1,2,6,7,深位,194220.0,195481.5,195668.0,186.50000000000009,1261.5,1448.0,是
902,B6T0000000411,E3,1,1,15,6,浅位,194580.0,195830.5,196013.0,182.50000000000009,1250.5,1433.0,是
904,B6T0000000411,E3,1,1,15,6,深位,194580.0,196175.5,196358.0,182.50000000000009,1595.5,1778.0,是
906,B6T0000000411,E3,1,2,15,6,浅位,194580.0,196570.5,196783.0,212.5000000000001,1990.5,2203.0,是
908,B6T0000000411,E3,1,2,15,6,深位,194580.0,196995.5,197208.0,212.5000000000001,2415.5,2628.0,是
1498,B6T0000000905,E3,1,1,15,13,浅位,195660.0,197420.5,197633.0,212.5000000000001,1760.5,1973.0,是
1495,B6T0000000905,E3,1,1,15,13,深位,195660.0,197664.0,197781.0,117.0,2004.0,2121.0,是
1497,B6T0000000905,E3,1,2,15,13,浅位,195660.0,197812.0,197929.0,117.0,2152.0,2269.0,是
1496,B6T0000000905,E3,1,2,15,13,深位,195660.0,197960.0,198077.0,117.0,2300.0,2417.0,是
2828,B6T0000000816,E3,1,2,18,27,深位,193920.0,198297.5,198566.0,268.5000000000001,4377.5,4646.0,是
2485,B6T0000000435,E3,1,1,37,2,浅位,194760.0,198786.5,199007.0,220.5000000000001,4026.5,4247.0,是
2814,B6T0000000054,E4,1,2,49,15,浅位,192600.0,199231.5,199496.0,264.5000000000001,6631.5,6896.0,是
2812,B6T0000000054,E4,1,2,49,15,深位,192600.0,199556.0,199937.0,381.00000000000017,6956.0,7337.0,是
1348,B6T0000001367,E1,1,1,4,6,浅位,198960.0,199997.0,200057.0,59.999999999999986,1037.0,1097.0,是
1349,B6T0000001367,E1,1,1,4,6,深位,198960.0,200117.0,200177.0,59.999999999999986,1157.0,1217.0,是
1350,B6T0000001367,E1,1,2,4,6,浅位,198960.0,200237.0,200297.0,59.999999999999986,1277.0,1337.0,是
1347,B6T0000001367,E1,1,2,4,6,深位,198960.0,200371.0,200445.0,73.99999999999999,1411.0,1485.0,是
206,B6T0000000581,E3,1,1,9,9,浅位,203640.0,204256.5,204519.0,262.5000000000001,616.5,879.0,是
207,B6T0000000581,E3,1,1,9,9,深位,203640.0,204781.5,205044.0,262.5000000000001,1141.5,1404.0,是
815,B6T0000001427,E1,1,1,6,3,浅位,203940.0,205086.0,205128.0,42.0,1146.0,1188.0,是
208,B6T0000000581,E3,1,2,9,9,浅位,203640.0,205170.0,205212.0,42.0,1530.0,1572.0,是
209,B6T0000000581,E3,1,2,9,9,深位,203640.0,205254.0,205296.0,42.0,1614.0,1656.0,是
1149,B6T0000000395,E3,1,1,17,7,浅位,202560.0,205338.0,205444.0,106.0,2778.0,2884.0,是
1150,B6T0000000395,E3,1,1,17,7,深位,202560.0,205514.0,205584.0,70.0,2954.0,3024.0,是
3370,B6T0000001972,E1,1,2,2,1,深位,208920.0,209545.5,209810.0,264.50000000000006,625.5,890.0,是
3371,B6T0000001972,E1,1,2,1,4,深位,208920.0,209821.0,209844.0,23.0,901.0,924.0,是
1682,B6T0000001195,E3,1,1,28,1,浅位,213960.0,215760.0,215958.0,198.00000000000003,1800.0,1998.0,否
1681,B6T0000001195,E3,1,1,28,1,深位,213960.0,215958.0,216156.0,198.00000000000003,1998.0,2196.0,否
1686,B6T0000001195,E3,1,2,28,1,浅位,213960.0,216156.0,216354.0,198.00000000000003,2196.0,2394.0,否
992,B6T0000001090,E3,1,2,12,11,深位,216180.0,216354.0,216464.0,110.0,174.0,284.0,否
326,B6T0000001196,E3,1,1,13,5,浅位,216480.0,216750.0,216844.0,94.0,270.0,364.0,否
325,B6T0000001196,E3,1,1,13,5,深位,216480.0,216844.0,216938.0,94.0,364.0,458.0,否
317,B6T0000001196,E3,1,2,13,5,浅位,216480.0,216938.0,217032.0,94.0,458.0,552.0,否
320,B6T0000001196,E3,1,2,13,5,深位,216480.0,217032.0,217126.0,94.0,552.0,646.0,否
3513,B6T0000000318,E4,1,1,46,37,浅位,216900.0,217126.0,217619.0,493.00000000000017,226.0,719.0,否
3512,B6T0000000318,E4,1,1,46,37,深位,216900.0,217619.0,218112.0,493.00000000000017,719.0,1212.0,否
3197,B6T0000001473,E1,1,1,2,4,浅位,218340.0,218340.0,218368.0,28.0,0.0,28.0,否
3196,B6T0000001473,E1,1,1,2,9,浅位,218340.0,218368.0,218416.0,48.0,28.0,76.0,否
3198,B6T0000001473,E1,1,1,2,9,深位,218340.0,218416.0,218464.0,48.0,76.0,124.0,否
3711,B6T0000001300,E3,1,1,25,45,浅位,223500.0,223500.0,223850.0,350.0,0.0,350.0,否
3710,B6T0000001300,E3,1,1,25,45,深位,223500.0,223850.0,224200.0,350.0,350.0,700.0,否
3510,B6T0000000004,E4,1,1,43,41,浅位,258960.0,258960.0,259439.0,479.00000000000017,0.0,479.0,否
2708,B6T0000001818,E1,1,1,2,24,浅位,259380.0,259439.0,259547.0,108.00000000000001,59.0,167.0,否
2709,B6T0000001818,E1,1,1,2,24,深位,259380.0,259547.0,259655.0,108.00000000000001,167.0,275.0,否
2710,B6T0000001818,E1,1,2,2,24,浅位,259380.0,259655.0,259763.0,108.00000000000001,275.0,383.0,否
2711,B6T0000001818,E1,1,2,2,24,深位,259380.0,259763.0,259871.0,108.00000000000001,383.0,491.0,否
3081,B6T0000001354,E1,1,2,4,31,浅位,259200.0,259871.0,260015.0,144.0,671.0,815.0,否
3080,B6T0000001354,E1,1,2,4,31,深位,259200.0,260015.0,260159.0,144.0,815.0,959.0,否
2231,B6T0000000051,E4,1,2,46,11,浅位,259740.0,260159.0,260548.0,389.00000000000017,419.0,808.0,否
2230,B6T0000000051,E4,1,2,46,11,深位,259740.0,260745.5,260943.0,197.50000000000009,1005.5,1203.0,是
1600,B6T0000001610,E1,1,1,4,7,浅位,260160.0,261140.5,261338.0,197.50000000000009,980.5,1178.0,是
1601,B6T0000001610,E1,1,1,4,7,深位,260160.0,261580.5,261823.0,242.50000000000009,1420.5,1663.0,是
1602,B6T0000001610,E1,1,2,4,7,浅位,260160.0,262072.5,262322.0,249.50000000000009,1912.5,2162.0,是
1603,B6T0000001610,E1,1,2,4,7,深位,260160.0,262571.5,262821.0,249.50000000000009,2411.5,2661.0,是
3476,B6T0000000592,E3,1,1,9,9,浅位,260940.0,263085.5,263350.0,264.50000000000006,2145.5,2410.0,是
3477,B6T0000000592,E3,1,1,9,9,深位,260940.0,263392.0,263434.0,42.0,2452.0,2494.0,是
155,B6T0000000810,E3,1,1,15,1,浅位,259440.0,263476.0,263566.0,89.99999999999999,4036.0,4126.0,是
170,B6T0000000810,E3,1,1,15,1,深位,259440.0,263616.0,263666.0,49.99999999999999,4176.0,4226.0,是
164,B6T0000000810,E3,1,2,15,1,浅位,259440.0,263716.0,263766.0,49.99999999999999,4276.0,4326.0,是
163,B6T0000000810,E3,1,2,15,1,深位,259440.0,263816.0,263866.0,49.99999999999999,4376.0,4426.0,是
685,B6T0000001180,E3,1,1,11,9,浅位,259800.0,263916.0,263998.0,82.0,4116.0,4198.0,是
684,B6T0000001180,E3,1,1,11,9,深位,259800.0,264048.0,264098.0,50.0,4248.0,4298.0,是
683,B6T0000001180,E3,1,2,11,9,浅位,259800.0,264362.5,264627.0,264.50000000000006,4562.5,4827.0,是
682,B6T0000001180,E3,1,2,11,9,深位,259800.0,264891.5,265156.0,264.5000000000001,5091.5,5356.0,是
2661,B6T0000001882,E1,1,1,1,24,浅位,262200.0,265420.5,265685.0,264.5000000000001,3220.5,3485.0,是
2662,B6T0000001882,E1,1,1,1,24,深位,262200.0,265950.5,266216.0,265.5000000000001,3750.5,4016.0,是
2663,B6T0000001882,E1,1,2,1,24,浅位,262200.0,266481.5,266747.0,265.5000000000001,4281.5,4547.0,是
2660,B6T0000001882,E1,1,2,1,24,深位,262200.0,267012.5,267278.0,265.5000000000001,4812.5,5078.0,是
2327,B6T0000000447,E3,1,2,13,20,深位,260700.0,267543.5,267809.0,265.5000000000001,6843.5,7109.0,是
3331,B6T0000001657,E1,1,1,2,42,浅位,266760.0,268074.5,268340.0,265.50000000000006,1314.5,1580.0,是
3330,B6T0000001657,E1,1,1,2,42,深位,266760.0,268605.5,268871.0,265.50000000000006,1845.5,2111.0,是
2330,B6T0000000447,E3,1,2,25,3,浅位,260700.0,269136.5,269402.0,265.5000000000001,8436.5,8702.0,是
2328,B6T0000000447,E3,1,2,25,3,深位,260700.0,269667.5,269933.0,265.5000000000001,8967.5,9233.0,是
2331,B6T0000000447,E3,1,1,24,6,浅位,260700.0,269983.0,270137.0,154.00000000000006,9283.0,9437.0,是
2326,B6T0000000447,E3,1,1,20,17,浅位,260700.0,270187.0,270341.0,154.0,9487.0,9641.0,是
2329,B6T0000000447,E3,1,1,20,17,深位,260700.0,270391.0,270545.0,154.0,9691.0,9845.0,是
3557,B6T0000000429,E3,1,1,9,57,浅位,261840.0,270625.0,270853.0,228.0,8785.0,9013.0,是
3556,B6T0000000429,E3,1,1,9,57,深位,261840.0,270947.0,271257.0,310.0,9107.0,9417.0,是
3551,B6T0000000090,E4,1,1,43,1,浅位,268080.0,271351.0,271590.0,239.00000000000017,3271.0,3510.0,是
3550,B6T0000000090,E4,1,1,43,1,深位,268080.0,271686.0,271935.0,249.00000000000014,3606.0,3855.0,是
3096,B6T0000001025,E3,1,2,20,30,浅位,271920.0,272037.0,272191.0,154.0,117.0,271.0,是
3095,B6T0000001025,E3,1,2,20,30,深位,271920.0,272293.0,272447.0,154.0,373.0,527.0,是
3166,B6T0000000904,E3,1,1,22,30,浅位,271740.0,272609.5,272888.0,278.50000000000006,869.5,1148.0,是
3167,B6T0000000904,E3,1,1,22,30,深位,271740.0,273050.5,273329.0,278.50000000000006,1310.5,1589.0,是
3168,B6T0000000904,E3,1,2,22,30,浅位,271740.0,273595.5,273862.0,266.50000000000006,1855.5,2122.0,是
284,B6T0000000305,E4,1,1,44,2,浅位,261780.0,274128.5,274395.0,266.5000000000001,12348.5,12615.0,是
286,B6T0000000305,E4,1,1,44,2,深位,261780.0,274564.5,274734.0,169.50000000000009,12784.5,12954.0,是
287,B6T0000000305,E4,1,2,44,2,浅位,261780.0,274903.5,275073.0,169.50000000000009,13123.5,13293.0,是
288,B6T0000000305,E4,1,2,44,2,深位,261780.0,275242.5,275412.0,169.50000000000009,13462.5,13632.0,是
2811,B6T0000000003,E4,1,1,45,20,浅位,270360.0,275581.5,275833.0,251.5000000000001,5221.5,5473.0,是
2810,B6T0000000003,E4,1,1,45,20,深位,270360.0,276043.5,276254.0,210.50000000000009,5683.5,5894.0,是
2809,B6T0000000003,E4,1,2,45,20,浅位,270360.0,276464.5,276675.0,210.50000000000009,6104.5,6315.0,是
2808,B6T0000000003,E4,1,2,45,20,深位,270360.0,276885.5,277096.0,210.50000000000009,6525.5,6736.0,是
3404,B6T0000000189,E4,1,1,43,37,浅位,276180.0,277306.5,277585.0,278.5000000000001,1126.5,1405.0,是
3405,B6T0000000189,E4,1,1,43,37,深位,276180.0,277819.5,278054.0,234.50000000000009,1639.5,1874.0,是
2669,B6T0000000193,E4,1,1,43,21,浅位,276720.0,278288.5,278523.0,234.50000000000009,1568.5,1803.0,是
2671,B6T0000000193,E4,1,1,43,21,深位,276720.0,278725.5,278928.0,202.50000000000009,2005.5,2208.0,是
1896,B6T0000001029,E3,1,2,27,5,浅位,278220.0,279130.5,279333.0,202.50000000000006,910.5,1113.0,是
1895,B6T0000001029,E3,1,2,27,5,深位,278220.0,279599.5,279866.0,266.50000000000006,1379.5,1646.0,是
3037,B6T0000000275,E4,1,1,45,24,浅位,278340.0,280132.5,280399.0,266.5000000000001,1792.5,2059.0,是
3038,B6T0000000275,E4,1,1,45,24,深位,278340.0,280617.5,280836.0,218.50000000000009,2277.5,2496.0,是
3039,B6T0000000275,E4,1,2,45,24,浅位,278340.0,281054.5,281273.0,218.50000000000009,2714.5,2933.0,是
3511,B6T0000000004,E4,1,1,43,41,深位,258960.0,281273.0,281752.0,479.00000000000017,22313.0,22792.0,否
3262,B6T0000000078,E4,1,1,43,31,浅位,281280.0,281752.0,282191.0,439.00000000000017,472.0,911.0,否
3263,B6T0000000078,E4,1,1,43,31,深位,281280.0,282218.0,282636.0,418.00000000000017,938.0,1356.0,是
3442,B6T0000001707,E1,1,1,7,3,深位,283740.0,283740.0,283784.0,44.0,0.0,44.0,否
3443,B6T0000001707,E1,1,1,8,4,深位,283740.0,283784.0,283836.0,52.0,44.0,96.0,否
1093,B6T0000001415,E1,1,2,7,3,浅位,287880.0,287880.0,287924.0,44.0,0.0,44.0,否
1095,B6T0000001415,E1,1,2,7,3,深位,287880.0,287924.0,287968.0,44.0,44.0,88.0,否
2112,B6T0000000611,E3,1,1,9,26,浅位,287640.0,289291.0,289437.0,146.0,1651.0,1797.0,否
2106,B6T0000000611,E3,1,1,9,26,深位,287640.0,289462.0,289589.0,127.0,1822.0,1949.0,是
2111,B6T0000000611,E3,1,2,9,26,浅位,287640.0,289614.0,289741.0,127.0,1974.0,2101.0,是
2107,B6T0000000611,E3,1,2,9,26,深位,287640.0,289766.0,289893.0,127.0,2126.0,2253.0,是
3051,B6T0000000142,E4,1,1,43,27,浅位,290040.0,290040.0,290463.0,423.00000000000017,0.0,423.0,否
3049,B6T0000000142,E4,1,1,43,27,深位,290040.0,290463.0,290886.0,423.00000000000017,423.0,846.0,否
3050,B6T0000000142,E4,1,2,43,27,浅位,290040.0,290886.0,291309.0,423.00000000000017,846.0,1269.0,否
1361,B6T0000000150,E4,1,1,46,5,浅位,295320.0,295320.0,295685.0,365.00000000000017,0.0,365.0,否
1362,B6T0000000150,E4,1,1,46,5,深位,295320.0,295761.0,296140.0,379.00000000000017,441.0,820.0,是
1363,B6T0000000150,E4,1,2,46,5,浅位,295320.0,296216.0,296595.0,379.00000000000017,896.0,1275.0,是
1364,B6T0000000150,E4,1,2,46,5,深位,295320.0,296595.0,296960.0,365.00000000000017,1275.0,1640.0,否
1806,B6T0000001372,E1,1,1,2,10,浅位,297060.0,297182.0,297258.0,76.0,122.0,198.0,是
1807,B6T0000001372,E1,1,1,2,10,深位,297060.0,297364.0,297490.0,126.0,304.0,430.0,是
1808,B6T0000001372,E1,1,2,2,10,浅位,297060.0,297596.0,297722.0,126.0,536.0,662.0,是
1809,B6T0000001372,E1,1,2,2,10,深位,297060.0,297850.0,297978.0,128.0,790.0,918.0,是
2356,B6T0000001471,E1,1,2,4,10,深位,297000.0,298106.0,298234.0,128.0,1106.0,1234.0,是
2358,B6T0000001471,E1,1,1,3,13,深位,297000.0,298234.0,298302.0,68.0,1234.0,1302.0,否
2357,B6T0000001471,E1,1,2,6,10,深位,297000.0,298302.0,298370.0,68.0,1302.0,1370.0,否
2361,B6T0000001471,E1,1,1,4,12,深位,297000.0,298370.0,298438.0,68.0,1370.0,1438.0,否
2360,B6T0000001471,E1,1,1,7,10,浅位,297000.0,298438.0,298510.0,72.0,1438.0,1510.0,否
2359,B6T0000001471,E1,1,1,7,10,深位,297000.0,298510.0,298582.0,72.0,1510.0,1582.0,否
3622,B6T0000001034,E3,1,1,19,49,浅位,297240.0,298582.0,298900.0,318.0,1342.0,1660.0,否
3623,B6T0000001034,E3,1,1,19,49,深位,297240.0,298900.0,299218.0,318.0,1660.0,1978.0,否
2920,B6T0000000210,E4,1,2,43,24,浅位,297660.0,299218.0,299629.0,411.00000000000017,1558.0,1969.0,否
2921,B6T0000000210,E4,1,2,43,24,深位,297660.0,299629.0,300040.0,411.00000000000017,1969.0,2380.0,否
1373,B6T0000000150,E4,1,2,49,1,浅位,295320.0,300040.0,300419.0,379.00000000000017,4720.0,5099.0,否
1371,B6T0000000150,E4,1,2,49,1,深位,295320.0,300419.0,300798.0,379.00000000000017,5099.0,5478.0,否
1214,B6T0000000577,E3,1,1,9,16,浅位,302040.0,302040.0,302146.0,106.0,0.0,106.0,否
1219,B6T0000000577,E3,1,1,9,16,深位,302040.0,302146.0,302252.0,106.0,106.0,212.0,否
1220,B6T0000000577,E3,1,2,9,16,浅位,302040.0,302252.0,302358.0,106.0,212.0,318.0,否
1224,B6T0000000577,E3,1,2,9,16,深位,302040.0,302358.0,302464.0,106.0,318.0,424.0,否
2953,B6T0000000119,E4,1,1,45,25,深位,303660.0,303660.0,304095.0,435.00000000000017,0.0,435.0,否
3345,B6T0000000466,E3,1,1,15,43,浅位,304020.0,304095.0,304357.0,261.99999999999994,75.0,337.0,否
3344,B6T0000000466,E3,1,1,15,43,深位,304020.0,304357.0,304619.0,261.99999999999994,337.0,599.0,否
2954,B6T0000000119,E4,1,1,49,16,深位,303660.0,304619.0,305058.0,439.00000000000017,959.0,1398.0,否
2955,B6T0000000119,E4,1,1,49,17,浅位,303660.0,305058.0,305501.0,443.00000000000017,1398.0,1841.0,否
1163,B6T0000000245,E4,1,2,45,5,浅位,308040.0,309801.0,310156.0,355.00000000000017,1761.0,2116.0,否
1154,B6T0000000245,E4,1,2,45,5,深位,308040.0,310156.0,310511.0,355.00000000000017,2116.0,2471.0,否
2777,B6T0000001508,E1,1,1,8,22,浅位,313560.0,314474.0,314598.0,124.0,914.0,1038.0,否
2134,B6T0000001633,E1,1,2,4,12,浅位,313560.0,314988.0,315056.0,68.0,1428.0,1496.0,否
2138,B6T0000001633,E1,1,2,4,12,深位,313560.0,315056.0,315124.0,68.0,1496.0,1564.0,否
3630,B6T0000001985,E1,1,1,4,53,浅位,315480.0,315480.0,315712.0,232.00000000000003,0.0,232.0,否
3631,B6T0000001985,E1,1,1,4,53,深位,315480.0,315712.0,315944.0,232.00000000000003,232.0,464.0,否
252,B6T0000000581,E3,1,1,10,8,浅位,311640.0,317306.0,317388.0,82.0,5666.0,5748.0,否
222,B6T0000000581,E3,1,1,10,8,深位,311640.0,317388.0,317470.0,82.0,5748.0,5830.0,否
254,B6T0000000581,E3,1,2,10,8,浅位,311640.0,317470.0,317552.0,82.0,5830.0,5912.0,否
223,B6T0000000581,E3,1,2,10,8,深位,311640.0,317552.0,317634.0,82.0,5912.0,5994.0,否
307,B6T0000001196,E3,1,1,14,4,浅位,309300.0,318138.0,318236.0,97.99999999999999,8838.0,8936.0,否
514,B6T0000001101,E3,1,1,13,6,浅位,309960.0,319617.0,319715.0,98.0,9657.0,9755.0,否
513,B6T0000001101,E3,1,1,13,6,深位,309960.0,319715.0,319813.0,98.0,9755.0,9853.0,否
516,B6T0000001101,E3,1,2,13,6,浅位,309960.0,319813.0,319911.0,98.0,9853.0,9951.0,否
517,B6T0000001101,E3,1,2,13,6,深位,309960.0,319911.0,320009.0,98.0,9951.0,10049.0,否
3507,B6T0000000958,E3,1,2,12,52,浅位,345180.0,345352.0,345514.0,162.0,172.0,334.0,是
3682,B6T0000001349,E1,1,1,4,3,浅位,345240.0,345654.0,345794.0,140.0,414.0,554.0,是
3683,B6T0000001349,E1,1,1,5,12,浅位,345240.0,345956.0,346118.0,162.0,716.0,878.0,是
2381,B6T0000001895,E1,1,1,5,12,深位,345960.0,346280.0,346442.0,162.0,320.0,482.0,是
976,B6T0000001844,E1,1,1,1,6,浅位,346200.0,346461.0,346492.0,31.000000000000004,261.0,292.0,是
971,B6T0000001844,E1,1,1,1,6,深位,346200.0,346511.0,346530.0,19.0,311.0,330.0,是
988,B6T0000001844,E1,1,2,1,6,浅位,346200.0,346549.0,346568.0,19.0,349.0,368.0,是
989,B6T0000001844,E1,1,2,1,6,深位,346200.0,346587.0,346606.0,19.0,387.0,406.0,是
2380,B6T0000001895,E1,1,1,1,18,浅位,345960.0,346625.0,346692.0,67.0,665.0,732.0,是
2383,B6T0000001895,E1,1,1,1,18,深位,345960.0,346731.0,346794.0,63.0,771.0,834.0,是
2384,B6T0000001895,E1,1,2,1,18,浅位,345960.0,346833.0,346896.0,63.0,873.0,936.0,是
2382,B6T0000001895,E1,1,2,1,18,深位,345960.0,346939.0,346982.0,43.0,979.0,1022.0,是
2454,B6T0000001399,E1,1,1,1,19,浅位,346860.0,346982.0,347066.0,84.0,122.0,206.0,否
2451,B6T0000001399,E1,1,1,1,19,深位,346860.0,347066.0,347150.0,84.0,206.0,290.0,否
2452,B6T0000001399,E1,1,2,1,19,浅位,346860.0,347150.0,347234.0,84.0,290.0,374.0,否
2450,B6T0000001399,E1,1,2,1,19,深位,346860.0,347234.0,347318.0,84.0,374.0,458.0,否
755,B6T0000000843,E3,1,1,16,4,深位,346140.0,347318.0,347432.0,113.99999999999999,1178.0,1292.0,否
754,B6T0000000843,E3,1,2,16,4,浅位,346140.0,347432.0,347546.0,113.99999999999999,1292.0,1406.0,否
753,B6T0000000843,E3,1,2,16,4,深位,346140.0,347546.0,347660.0,113.99999999999999,1406.0,1520.0,否
2204,B6T0000001098,E3,1,1,9,27,浅位,346200.0,347660.0,347810.0,150.0,1460.0,1610.0,否
2205,B6T0000001098,E3,1,1,9,27,深位,346200.0,347810.0,347960.0,150.0,1610.0,1760.0,否
2206,B6T0000001098,E3,1,2,9,27,浅位,346200.0,347960.0,348110.0,150.0,1760.0,1910.0,否
1774,B6T0000001573,E1,1,1,5,8,浅位,347160.0,348110.0,348166.0,56.0,950.0,1006.0,否
1770,B6T0000001573,E1,1,1,5,8,深位,347160.0,348166.0,348222.0,56.0,1006.0,1062.0,否
3014,B6T0000001973,E1,1,1,2,30,浅位,347820.0,348222.0,348354.0,132.0,402.0,534.0,否
3015,B6T0000001973,E1,1,1,2,30,深位,347820.0,348354.0,348486.0,132.0,534.0,666.0,否
2207,B6T0000001098,E3,1,2,9,27,深位,346200.0,348486.0,348636.0,150.0,2286.0,2436.0,否
3506,B6T0000000958,E3,1,2,12,52,深位,345180.0,348636.0,348910.0,274.0,3456.0,3730.0,否
2742,B6T0000000260,E4,1,1,43,1,浅位,347220.0,348910.0,349229.0,319.00000000000017,1690.0,2009.0,否
2743,B6T0000000260,E4,1,1,43,1,深位,347220.0,349229.0,349548.0,319.00000000000017,2009.0,2328.0,否
2741,B6T0000000260,E4,1,1,44,2,浅位,347220.0,349548.0,349881.0,333.00000000000017,2328.0,2661.0,否
2740,B6T0000000260,E4,1,1,44,2,深位,347220.0,349881.0,350214.0,333.00000000000017,2661.0,2994.0,否
1991,B6T0000000186,E4,1,1,46,9,浅位,346080.0,350214.0,350595.0,381.00000000000017,4134.0,4515.0,否
1992,B6T0000000186,E4,1,1,46,9,深位,346080.0,350757.5,350982.0,224.5000000000001,4677.5,4902.0,是
3548,B6T0000000079,E4,1,1,43,1,浅位,350940.0,351144.5,351307.0,162.50000000000009,204.5,367.0,是
3549,B6T0000000079,E4,1,1,43,1,深位,350940.0,351469.5,351632.0,162.50000000000009,529.5,692.0,是
1993,B6T0000000186,E4,1,2,46,9,浅位,346080.0,351632.0,352013.0,381.00000000000017,5552.0,5933.0,否
1994,B6T0000000186,E4,1,2,46,9,深位,346080.0,352013.0,352394.0,381.00000000000017,5933.0,6314.0,否
2932,B6T0000001579,E1,1,2,1,24,浅位,352080.0,352394.0,352498.0,104.00000000000001,314.0,418.0,否
2933,B6T0000001579,E1,1,2,1,24,深位,352080.0,352498.0,352602.0,104.00000000000001,418.0,522.0,否
2934,B6T0000001579,E1,1,1,2,24,浅位,352080.0,352602.0,352710.0,108.00000000000001,522.0,630.0,否
2990,B6T0000000096,E4,1,1,44,24,浅位,345240.0,352710.0,353131.0,421.00000000000017,7470.0,7891.0,否
2989,B6T0000000096,E4,1,1,44,24,深位,345240.0,353131.0,353552.0,421.00000000000017,7891.0,8312.0,否
2991,B6T0000000096,E4,1,2,44,24,浅位,345240.0,353552.0,353973.0,421.00000000000017,8312.0,8733.0,否
3353,B6T0000000149,E4,1,1,43,35,浅位,348060.0,353973.0,354428.0,455.00000000000017,5913.0,6368.0,否
3352,B6T0000000149,E4,1,1,43,35,深位,348060.0,354428.0,354883.0,455.00000000000017,6368.0,6823.0,否
926,B6T0000000508,E3,1,2,9,13,深位,368880.0,369648.0,369812.0,164.0,768.0,932.0,是
3234,B6T0000000746,E3,1,1,20,34,浅位,371040.0,371040.0,371306.0,266.0,0.0,266.0,否
3235,B6T0000000746,E3,1,1,20,34,深位,371040.0,371306.0,371572.0,266.0,266.0,532.0,否
2962,B6T0000000163,E4,1,1,46,21,浅位,374340.0,374340.0,374769.0,429.00000000000017,0.0,429.0,否
2964,B6T0000000163,E4,1,1,46,21,深位,374340.0,374769.0,375198.0,429.00000000000017,429.0,858.0,否
2963,B6T0000000163,E4,1,2,46,21,浅位,374340.0,375198.0,375627.0,429.00000000000017,858.0,1287.0,否
1648,B6T0000000735,E3,1,1,16,13,浅位,374040.0,375627.0,375777.0,150.0,1587.0,1737.0,否
1649,B6T0000000735,E3,1,1,16,13,深位,374040.0,375777.0,375927.0,150.0,1737.0,1887.0,否
1654,B6T0000000735,E3,1,2,16,13,浅位,374040.0,375927.0,376077.0,150.0,1887.0,2037.0,否
309,B6T0000001196,E3,1,1,14,4,深位,376560.0,376560.0,376658.0,97.99999999999999,0.0,98.0,否
310,B6T0000001196,E3,1,2,14,4,浅位,376560.0,376658.0,376756.0,97.99999999999999,98.0,196.0,否
314,B6T0000001196,E3,1,2,14,4,深位,376560.0,376756.0,376854.0,97.99999999999999,196.0,294.0,否
104,B6T0000000261,E4,1,1,43,2,浅位,375660.0,379650.0,379973.0,323.00000000000017,3990.0,4313.0,否
100,B6T0000000261,E4,1,1,43,2,深位,375660.0,379973.0,380296.0,323.00000000000017,4313.0,4636.0,否
2117,B6T0000001146,E3,1,1,12,23,浅位,385740.0,386292.0,386450.0,158.0,552.0,710.0,否
2118,B6T0000001146,E3,1,1,12,23,深位,385740.0,386450.0,386608.0,158.0,710.0,868.0,否
2119,B6T0000001146,E3,1,2,12,23,浅位,385740.0,386608.0,386766.0,158.0,868.0,1026.0,否
2899,B6T0000000255,E4,1,1,46,20,浅位,391920.0,391920.0,392345.0,425.00000000000017,0.0,425.0,否
2901,B6T0000000255,E4,1,1,46,20,深位,391920.0,392345.0,392770.0,425.00000000000017,425.0,850.0,否
2900,B6T0000000255,E4,1,2,46,20,浅位,391920.0,392770.0,393195.0,425.00000000000017,850.0,1275.0,否
3460,B6T0000000167,E4,1,1,47,19,浅位,395520.0,395520.0,395951.0,431.00000000000017,0.0,431.0,否
3461,B6T0000000167,E4,1,1,47,19,深位,395520.0,395951.0,396382.0,431.00000000000017,431.0,862.0,否
3417,B6T0000001046,E3,1,1,9,10,深位,400260.0,400453.0,400535.0,82.0,193.0,275.0,否
2154,B6T0000001080,E3,1,2,9,4,浅位,401460.0,401460.0,401518.0,57.99999999999999,0.0,58.0,否
2153,B6T0000001080,E3,1,2,9,4,深位,401460.0,401518.0,401576.0,57.99999999999999,58.0,116.0,否
2149,B6T0000001080,E3,1,1,17,25,浅位,401460.0,401576.0,401782.0,206.0,116.0,322.0,否
2151,B6T0000001080,E3,1,1,17,25,深位,401460.0,401782.0,401988.0,206.0,322.0,528.0,否
1,B6T0000001209,E3,1,1,9,3,浅位,402180.0,402180.0,402234.0,53.99999999999999,0.0,54.0,否
3,B6T0000001209,E3,1,1,9,3,深位,402180.0,402234.0,402288.0,53.99999999999999,54.0,108.0,否
8,B6T0000001209,E3,1,2,9,3,浅位,402180.0,402288.0,402342.0,53.99999999999999,108.0,162.0,否
7,B6T0000001209,E3,1,2,9,3,深位,402180.0,402342.0,402396.0,53.99999999999999,162.0,216.0,否
1796,B6T0000001271,E3,1,2,9,10,浅位,431820.0,432129.0,432268.0,139.0,309.0,448.0,是
1802,B6T0000001271,E3,1,2,9,10,深位,431820.0,432312.0,432356.0,44.0,492.0,536.0,是
3702,B6T0000000557,E3,1,2,11,6,深位,431940.0,432400.0,432460.0,60.0,460.0,520.0,是
3703,B6T0000000557,E3,1,2,12,7,浅位,431940.0,432504.0,432560.0,56.0,564.0,620.0,是
962,B6T0000000445,E3,1,1,13,9,浅位,432000.0,432610.0,432676.0,66.0,610.0,676.0,是
969,B6T0000000445,E3,1,1,13,9,深位,432000.0,432734.0,432792.0,58.0,734.0,792.0,是
968,B6T0000000445,E3,1,2,13,9,浅位,432000.0,432850.0,432908.0,58.0,850.0,908.0,是
967,B6T0000000445,E3,1,2,13,9,深位,432000.0,432966.0,433024.0,58.0,966.0,1024.0,是
1805,B6T0000001271,E3,1,1,9,22,浅位,431820.0,433082.0,433192.0,110.0,1262.0,1372.0,是
1801,B6T0000001271,E3,1,1,9,22,深位,431820.0,433260.0,433328.0,68.0,1440.0,1508.0,是
1800,B6T0000001271,E3,1,2,9,22,浅位,431820.0,433396.0,433464.0,68.0,1576.0,1644.0,是
1799,B6T0000001271,E3,1,2,9,22,深位,431820.0,433532.0,433600.0,68.0,1712.0,1780.0,是
860,B6T0000000001,E4,1,1,44,5,浅位,432180.0,433668.0,434019.0,351.00000000000017,1488.0,1839.0,是
2289,B6T0000000918,E3,1,1,13,5,浅位,433680.0,434142.0,434315.0,173.0,462.0,635.0,是
2284,B6T0000000918,E3,1,1,13,5,深位,433680.0,434365.0,434415.0,50.0,685.0,735.0,是
2288,B6T0000000918,E3,1,2,13,5,浅位,433680.0,434465.0,434515.0,50.0,785.0,835.0,是
2285,B6T0000000918,E3,1,2,13,5,深位,433680.0,434565.0,434615.0,50.0,885.0,935.0,是
1449,B6T0000000191,E4,1,1,43,3,浅位,434220.0,434665.0,434956.0,291.00000000000017,445.0,736.0,是
2201,B6T0000001562,E1,1,2,2,1,深位,434700.0,435081.0,435210.0,129.0,381.0,510.0,是
2198,B6T0000001562,E1,1,2,1,4,深位,434700.0,435221.0,435244.0,23.0,521.0,544.0,是
2197,B6T0000001562,E1,1,1,6,3,浅位,434700.0,435259.0,435294.0,35.0,559.0,594.0,是
2199,B6T0000001562,E1,1,1,4,6,浅位,434700.0,435317.0,435352.0,35.0,617.0,652.0,是
2200,B6T0000001562,E1,1,1,4,6,深位,434700.0,435377.0,435402.0,25.0,677.0,702.0,是
2202,B6T0000001562,E1,1,2,4,6,浅位,434700.0,435427.0,435452.0,25.0,727.0,752.0,是
2203,B6T0000001562,E1,1,2,4,6,深位,434700.0,435477.0,435502.0,25.0,777.0,802.0,是
3239,B6T0000000521,E3,1,2,9,9,浅位,434760.0,435527.0,435586.0,59.0,767.0,826.0,是
3238,B6T0000000521,E3,1,2,9,9,深位,434760.0,435628.0,435670.0,42.0,868.0,910.0,是
942,B6T0000000508,E3,1,1,19,2,浅位,434460.0,435712.0,435834.0,122.00000000000001,1252.0,1374.0,是
941,B6T0000000508,E3,1,1,19,2,深位,434460.0,435902.0,435970.0,68.0,1442.0,1510.0,是
939,B6T0000000508,E3,1,2,19,2,浅位,434460.0,436038.0,436106.0,68.0,1578.0,1646.0,是
938,B6T0000000508,E3,1,2,19,2,深位,434460.0,436174.0,436242.0,68.0,1714.0,1782.0,是
89,B6T0000000261,E4,1,2,43,2,浅位,435240.0,436310.0,436571.0,261.00000000000017,1070.0,1331.0,是
90,B6T0000000261,E4,1,2,43,2,深位,435240.0,436696.0,437128.0,432.0000000000002,1456.0,1888.0,是
1448,B6T0000000191,E4,1,1,43,3,深位,434220.0,437253.0,437685.0,432.0000000000002,3033.0,3465.0,是
1168,B6T0000001838,E1,1,2,8,3,浅位,437520.0,437810.0,437963.0,153.0,290.0,443.0,是
1176,B6T0000001838,E1,1,2,8,3,深位,437520.0,437990.0,438017.0,27.0,470.0,497.0,是
3668,B6T0000000148,E4,1,2,43,1,浅位,437940.0,438044.0,438350.0,306.00000000000017,104.0,410.0,是
3669,B6T0000000148,E4,1,2,43,1,深位,437940.0,438475.0,438887.0,412.0000000000002,535.0,947.0,是
1447,B6T0000000191,E4,1,2,43,3,浅位,434220.0,439012.0,439432.0,420.0000000000002,4792.0,5212.0,是
1452,B6T0000000191,E4,1,2,43,3,深位,434220.0,439557.0,439977.0,420.0000000000002,5337.0,5757.0,是
859,B6T0000000001,E4,1,1,44,5,深位,432180.0,440104.0,440548.0,444.0000000000002,7924.0,8368.0,是
858,B6T0000000001,E4,1,2,44,5,浅位,432180.0,440675.0,441119.0,444.0000000000002,8495.0,8939.0,是
856,B6T0000000001,E4,1,2,44,5,深位,432180.0,441246.0,441686.0,440.0000000000001,9066.0,9506.0,是
1450,B6T0000000191,E4,1,1,43,9,浅位,434220.0,441813.0,442243.0,430.0000000000001,7593.0,8023.0,是
1453,B6T0000000191,E4,1,1,43,9,深位,434220.0,442370.0,442804.0,434.00000000000017,8150.0,8584.0,是
1454,B6T0000000191,E4,1,2,43,9,浅位,434220.0,442931.0,443365.0,434.00000000000017,8711.0,9145.0,是
1455,B6T0000000191,E4,1,2,43,9,深位,434220.0,443492.0,443922.0,430.0000000000001,9272.0,9702.0,是
2653,B6T0000000303,E4,1,1,45,18,浅位,433200.0,444049.0,444499.0,450.00000000000017,10849.0,11299.0,是
2655,B6T0000000303,E4,1,1,45,18,深位,433200.0,444626.0,445072.0,446.00000000000017,11426.0,11872.0,是
1107,B6T0000001301,E3,1,1,9,15,浅位,443880.0,445199.0,445352.0,153.0,1319.0,1472.0,是
1104,B6T0000001301,E3,1,1,9,15,深位,443880.0,445406.0,445460.0,54.0,1526.0,1580.0,是
1109,B6T0000001301,E3,1,2,9,15,浅位,443880.0,445514.0,445568.0,54.0,1634.0,1688.0,是
1102,B6T0000001301,E3,1,2,9,15,深位,443880.0,445622.0,445676.0,54.0,1742.0,1796.0,是
1549,B6T0000000198,E4,1,1,43,6,浅位,445020.0,445730.0,446057.0,327.00000000000017,710.0,1037.0,是
1543,B6T0000000198,E4,1,1,43,6,深位,445020.0,446184.0,446610.0,426.00000000000017,1164.0,1590.0,是
1552,B6T0000000198,E4,1,1,43,7,深位,445020.0,446737.0,447163.0,426.00000000000017,1717.0,2143.0,是
1548,B6T0000000198,E4,1,1,45,3,浅位,445020.0,447292.0,447748.0,456.0000000000002,2272.0,2728.0,是
1542,B6T0000000198,E4,1,1,45,3,深位,445020.0,447877.0,448333.0,456.0000000000002,2857.0,3313.0,是
1589,B6T0000001157,E3,1,1,9,20,浅位,447840.0,448462.0,448621.0,159.0,622.0,781.0,是
1596,B6T0000001157,E3,1,1,9,20,深位,447840.0,448685.0,448749.0,64.0,845.0,909.0,是
1595,B6T0000001157,E3,1,2,9,20,浅位,447840.0,448813.0,448877.0,64.0,973.0,1037.0,是
1594,B6T0000001157,E3,1,2,9,20,深位,447840.0,448941.0,449005.0,64.0,1101.0,1165.0,是
1553,B6T0000000198,E4,1,2,45,3,浅位,445020.0,449069.0,449426.0,357.00000000000017,4049.0,4406.0,是
1550,B6T0000000198,E4,1,2,45,3,深位,445020.0,449555.0,450007.0,452.0000000000002,4535.0,4987.0,是
1551,B6T0000000198,E4,1,1,46,2,浅位,445020.0,450136.0,450594.0,458.0000000000002,5116.0,5574.0,是
1546,B6T0000000198,E4,1,1,46,2,深位,445020.0,450723.0,451181.0,458.0000000000002,5703.0,6161.0,是
1545,B6T0000000198,E4,1,2,46,2,浅位,445020.0,451310.0,451760.0,450.0000000000002,6290.0,6740.0,是
1544,B6T0000000198,E4,1,2,46,2,深位,445020.0,451889.0,452339.0,450.0000000000002,6869.0,7319.0,是
1547,B6T0000000198,E4,1,1,43,10,浅位,445020.0,452468.0,452884.0,416.00000000000017,7448.0,7864.0,是
1445,B6T0000000191,E4,1,1,45,7,浅位,434220.0,453013.0,453449.0,436.00000000000017,18793.0,19229.0,是
1446,B6T0000000191,E4,1,1,45,7,深位,434220.0,453578.0,454034.0,456.0000000000002,19358.0,19814.0,是
1444,B6T0000000191,E4,1,2,45,7,浅位,434220.0,454163.0,454619.0,456.0000000000002,19943.0,20399.0,是
2654,B6T0000000303,E4,1,2,45,18,浅位,433200.0,454748.0,455200.0,452.00000000000017,21548.0,22000.0,是
2652,B6T0000000303,E4,1,2,45,18,深位,433200.0,455329.0,455781.0,452.00000000000017,22129.0,22581.0,是
2938,B6T0000000287,E4,1,1,44,23,浅位,442560.0,455910.0,456348.0,438.00000000000017,13350.0,13788.0,是
2940,B6T0000000287,E4,1,1,44,23,深位,442560.0,456477.0,456915.0,438.00000000000017,13917.0,14355.0,是
1627,B6T0000001671,E1,1,1,6,6,浅位,456420.0,457044.0,457177.0,133.0,624.0,757.0,是
1626,B6T0000001671,E1,1,1,6,6,深位,456420.0,457206.0,457235.0,29.0,786.0,815.0,是
1632,B6T0000001671,E1,1,2,6,6,浅位,456420.0,457264.0,457293.0,29.0,844.0,873.0,是
1622,B6T0000001671,E1,1,2,6,6,深位,456420.0,457322.0,457351.0,29.0,902.0,931.0,是
2939,B6T0000000287,E4,1,2,44,23,浅位,442560.0,457380.0,457774.0,394.00000000000017,14820.0,15214.0,是
3319,B6T0000000102,E4,1,1,45,31,浅位,445080.0,457903.0,458343.0,440.00000000000017,12823.0,13263.0,是
3318,B6T0000000102,E4,1,1,45,31,深位,445080.0,458472.0,458908.0,436.00000000000017,13392.0,13828.0,是
1849,B6T0000000219,E4,1,1,45,9,浅位,460560.0,460905.5,461120.0,214.5000000000001,345.5,560.0,是
1848,B6T0000000219,E4,1,1,45,9,深位,460560.0,461284.5,461497.0,212.5000000000001,724.5,937.0,是
1847,B6T0000000219,E4,1,2,45,9,浅位,460560.0,461661.5,461874.0,212.5000000000001,1101.5,1314.0,是
1846,B6T0000000219,E4,1,2,45,9,深位,460560.0,462040.5,462251.0,210.5000000000001,1480.5,1691.0,是
2683,B6T0000000161,E4,1,1,44,20,浅位,461520.0,462417.5,462662.0,244.50000000000009,897.5,1142.0,是
2680,B6T0000000161,E4,1,1,44,20,深位,461520.0,462828.5,463073.0,244.50000000000009,1308.5,1553.0,是
2682,B6T0000000161,E4,1,2,44,20,浅位,461520.0,463239.5,463484.0,244.50000000000009,1719.5,1964.0,是
1195,B6T0000001639,E1,1,1,3,6,浅位,463080.0,463656.5,463829.0,172.50000000000009,576.5,749.0,是
1210,B6T0000001639,E1,1,1,3,6,深位,463080.0,464001.5,464174.0,172.50000000000009,921.5,1094.0,是
1209,B6T0000001639,E1,1,2,3,6,浅位,463080.0,464348.5,464523.0,174.50000000000009,1268.5,1443.0,是
1208,B6T0000001639,E1,1,2,3,6,深位,463080.0,464698.5,464878.0,179.50000000000009,1618.5,1798.0,是
3174,B6T0000001957,E1,1,1,7,3,深位,463320.0,465053.5,465229.0,175.50000000000006,1733.5,1909.0,是
3173,B6T0000001957,E1,1,2,7,3,浅位,463320.0,465404.5,465580.0,175.50000000000006,2084.5,2260.0,是
3172,B6T0000001957,E1,1,2,7,3,深位,463320.0,465755.5,465931.0,175.50000000000006,2435.5,2611.0,是
531,B6T0000001197,E3,1,1,15,4,浅位,464160.0,466107.5,466288.0,180.50000000000009,1947.5,2128.0,是
528,B6T0000001197,E3,1,1,15,4,深位,464160.0,466464.5,466645.0,180.50000000000009,2304.5,2485.0,是
533,B6T0000001197,E3,1,2,15,4,浅位,464160.0,466821.5,467002.0,180.50000000000009,2661.5,2842.0,是
534,B6T0000001197,E3,1,2,15,4,深位,464160.0,467178.5,467359.0,180.50000000000009,3018.5,3199.0,是
2681,B6T0000000161,E4,1,2,44,20,深位,461520.0,467537.5,467770.0,232.50000000000009,6017.5,6250.0,是
3380,B6T0000000929,E3,1,1,9,10,浅位,469740.0,470061.5,470273.0,211.50000000000009,321.5,533.0,是
3381,B6T0000000929,E3,1,2,13,20,浅位,469740.0,470453.5,470674.0,220.50000000000006,713.5,934.0,是
3175,B6T0000000130,E4,1,1,44,28,浅位,470040.0,470854.5,471127.0,272.5000000000001,814.5,1087.0,是
2307,B6T0000001178,E3,1,1,9,28,浅位,470880.0,471311.5,471580.0,268.5000000000001,431.5,700.0,是
2836,B6T0000000484,E3,1,1,13,14,浅位,471540.0,471764.5,471977.0,212.50000000000009,224.5,437.0,是
2837,B6T0000000484,E3,1,1,13,14,深位,471540.0,472161.5,472374.0,212.50000000000009,621.5,834.0,是
2838,B6T0000000484,E3,1,2,13,14,浅位,471540.0,472559.5,472781.0,221.50000000000009,1019.5,1241.0,是
2306,B6T0000001178,E3,1,1,9,28,深位,470880.0,472966.5,473244.0,277.5000000000001,2086.5,2364.0,是
2305,B6T0000001178,E3,1,2,9,28,浅位,470880.0,473429.5,473707.0,277.5000000000001,2549.5,2827.0,是
2304,B6T0000001178,E3,1,2,9,28,深位,470880.0,473892.5,474170.0,277.5000000000001,3012.5,3290.0,是
3446,B6T0000000013,E4,1,2,43,1,浅位,471000.0,474358.5,474547.0,188.5000000000001,3358.5,3547.0,是
3447,B6T0000000013,E4,1,2,43,1,深位,471000.0,474709.5,474872.0,162.50000000000009,3709.5,3872.0,是
3176,B6T0000000130,E4,1,1,44,28,深位,470040.0,475034.5,475315.0,280.5000000000001,4994.5,5275.0,是
3177,B6T0000000130,E4,1,2,44,28,浅位,470040.0,475503.5,475768.0,264.5000000000001,5463.5,5728.0,是
1751,B6T0000000007,E4,1,1,43,11,浅位,479820.0,481839.5,482046.0,206.5000000000001,2019.5,2226.0,是
1754,B6T0000000007,E4,1,1,43,11,深位,479820.0,482228.5,482411.0,182.50000000000009,2408.5,2591.0,是
1752,B6T0000000007,E4,1,2,43,11,浅位,479820.0,482593.5,482776.0,182.50000000000009,2773.5,2956.0,是
1763,B6T0000001236,E3,1,1,16,4,深位,482580.0,482958.5,483141.0,182.50000000000009,378.5,561.0,是
1762,B6T0000001236,E3,1,2,16,4,浅位,482580.0,483349.5,483558.0,208.50000000000009,769.5,978.0,是
1757,B6T0000001236,E3,1,2,16,4,深位,482580.0,483766.5,483975.0,208.50000000000009,1186.5,1395.0,是
1758,B6T0000001236,E3,1,1,9,27,浅位,482580.0,484186.5,484414.0,227.50000000000009,1606.5,1834.0,是
1759,B6T0000001236,E3,1,1,9,27,深位,482580.0,484625.5,484853.0,227.50000000000009,2045.5,2273.0,是
1760,B6T0000001236,E3,1,2,9,27,浅位,482580.0,485064.5,485292.0,227.50000000000009,2484.5,2712.0,是
1761,B6T0000001236,E3,1,2,9,27,深位,482580.0,485505.5,485731.0,225.50000000000009,2925.5,3151.0,是
3229,B6T0000000963,E3,1,2,16,38,浅位,482940.0,485944.5,486214.0,269.5000000000001,3004.5,3274.0,是
3231,B6T0000000963,E3,1,2,16,38,深位,482940.0,486427.5,486697.0,269.5000000000001,3487.5,3757.0,是
1887,B6T0000000716,E3,1,1,14,4,深位,486360.0,486911.5,487126.0,214.50000000000009,551.5,766.0,是
1892,B6T0000000716,E3,1,2,14,4,浅位,486360.0,487340.5,487555.0,214.50000000000009,980.5,1195.0,是
1886,B6T0000000716,E3,1,2,14,4,深位,486360.0,487769.5,487984.0,214.50000000000009,1409.5,1624.0,是
1889,B6T0000000716,E3,1,1,16,13,浅位,486360.0,488199.5,488415.0,215.5000000000001,1839.5,2055.0,是
1885,B6T0000000716,E3,1,1,16,13,深位,486360.0,488630.5,488846.0,215.5000000000001,2270.5,2486.0,是
2219,B6T0000000393,E3,1,1,11,9,深位,488580.0,489061.5,489277.0,215.50000000000009,481.5,697.0,是
2223,B6T0000000393,E3,1,2,11,9,浅位,488580.0,489494.5,489712.0,217.50000000000009,914.5,1132.0,是
2220,B6T0000000393,E3,1,2,11,9,深位,488580.0,489929.5,490147.0,217.50000000000009,1349.5,1567.0,是
1888,B6T0000000716,E3,1,2,16,13,浅位,486360.0,490364.5,490582.0,217.5000000000001,4004.5,4222.0,是
2221,B6T0000000393,E3,1,2,13,20,深位,488580.0,490800.5,491023.0,222.50000000000009,2220.5,2443.0,是
1756,B6T0000000007,E4,1,2,43,11,深位,479820.0,491241.5,491460.0,218.5000000000001,11421.5,11640.0,是
2665,B6T0000000114,E4,1,1,46,17,浅位,482520.0,491642.5,491879.0,236.5000000000001,9122.5,9359.0,是
2664,B6T0000000114,E4,1,1,46,17,深位,482520.0,492088.5,492298.0,209.50000000000009,9568.5,9778.0,是
3611,B6T0000000201,E4,1,1,46,40,浅位,488760.0,492507.5,492809.0,301.5000000000001,3747.5,4049.0,是
1283,B6T0000001854,E1,1,1,2,4,深位,519120.0,519120.0,519148.0,28.0,0.0,28.0,否
1277,B6T0000001854,E1,1,2,2,4,浅位,519120.0,519148.0,519176.0,28.0,28.0,56.0,否
1278,B6T0000001854,E1,1,2,2,4,深位,519120.0,519176.0,519204.0,28.0,56.0,84.0,否
1279,B6T0000001854,E1,1,1,5,2,浅位,519120.0,519204.0,519236.0,32.0,84.0,116.0,否
1280,B6T0000001854,E1,1,1,5,2,深位,519120.0,519236.0,519268.0,32.0,116.0,148.0,否
1281,B6T0000001854,E1,1,2,5,2,浅位,519120.0,519268.0,519300.0,32.0,148.0,180.0,否
1282,B6T0000001854,E1,1,2,5,2,深位,519120.0,519300.0,519332.0,32.0,180.0,212.0,否
1292,B6T0000001854,E1,1,1,2,7,浅位,519120.0,519332.0,519372.0,40.0,212.0,252.0,否
1290,B6T0000001854,E1,1,1,2,7,深位,519120.0,519372.0,519412.0,40.0,252.0,292.0,否
1289,B6T0000001854,E1,1,2,2,7,浅位,519120.0,519412.0,519452.0,40.0,292.0,332.0,否
1288,B6T0000001854,E1,1,2,2,7,深位,519120.0,519452.0,519492.0,40.0,332.0,372.0,否
2494,B6T0000000500,E3,1,1,9,31,浅位,520200.0,520517.0,520683.0,166.0,317.0,483.0,否
781,B6T0000001996,E1,1,2,2,1,深位,520620.0,520683.0,520699.0,16.0,63.0,79.0,否
782,B6T0000001996,E1,1,2,1,4,深位,520620.0,520699.0,520723.0,24.0,79.0,103.0,否
3040,B6T0000000350,E3,1,1,9,4,浅位,520560.0,520723.0,520781.0,57.99999999999999,163.0,221.0,否
3041,B6T0000000350,E3,1,1,9,4,深位,520560.0,520781.0,520839.0,57.99999999999999,221.0,279.0,否
3042,B6T0000000350,E3,1,1,13,8,浅位,520560.0,520839.0,520945.0,106.0,279.0,385.0,否
2492,B6T0000000500,E3,1,1,9,31,深位,520200.0,520945.0,521111.0,166.0,745.0,911.0,否
2490,B6T0000000500,E3,1,2,9,31,浅位,520200.0,521111.0,521277.0,166.0,911.0,1077.0,否
3459,B6T0000000117,E4,1,1,43,1,深位,520980.0,521277.0,521596.0,319.00000000000017,297.0,616.0,否
1013,B6T0000001975,E1,1,1,3,5,浅位,520740.0,521596.0,521632.0,36.0,856.0,892.0,否
1012,B6T0000001975,E1,1,1,3,5,深位,520740.0,521632.0,521668.0,36.0,892.0,928.0,否
1011,B6T0000001975,E1,1,2,3,5,浅位,520740.0,521668.0,521704.0,36.0,928.0,964.0,否
1016,B6T0000001975,E1,1,2,3,5,深位,520740.0,521704.0,521740.0,36.0,964.0,1000.0,否
848,B6T0000001220,E3,1,1,10,11,浅位,520980.0,521740.0,521834.0,94.0,760.0,854.0,否
846,B6T0000001220,E3,1,1,10,11,深位,520980.0,521834.0,521928.0,94.0,854.0,948.0,否
845,B6T0000001220,E3,1,2,10,11,浅位,520980.0,521928.0,522022.0,94.0,948.0,1042.0,否
849,B6T0000001220,E3,1,2,10,11,深位,520980.0,522022.0,522116.0,94.0,1042.0,1136.0,否
3458,B6T0000000117,E4,1,1,44,2,浅位,520980.0,522116.0,522449.0,333.00000000000017,1136.0,1469.0,否
3149,B6T0000001988,E1,1,1,2,25,浅位,524340.0,524340.0,524452.0,112.0,0.0,112.0,否
3150,B6T0000001988,E1,1,1,2,25,深位,524340.0,524452.0,524564.0,112.0,112.0,224.0,否
3148,B6T0000001988,E1,1,2,2,25,浅位,524340.0,524564.0,524676.0,112.0,224.0,336.0,否
2345,B6T0000000619,E3,1,1,15,6,浅位,524880.0,524880.0,524994.0,113.99999999999999,0.0,114.0,否
2347,B6T0000000619,E3,1,1,15,6,深位,524880.0,524994.0,525108.0,113.99999999999999,114.0,228.0,否
2346,B6T0000000619,E3,1,2,15,6,浅位,524880.0,525108.0,525222.0,113.99999999999999,228.0,342.0,否
2348,B6T0000000619,E3,1,2,15,6,深位,524880.0,525222.0,525336.0,113.99999999999999,342.0,456.0,否
2349,B6T0000000619,E3,1,1,15,13,浅位,524880.0,525336.0,525478.0,142.0,456.0,598.0,否
2344,B6T0000000619,E3,1,1,15,13,深位,524880.0,525478.0,525620.0,142.0,598.0,740.0,否
417,B6T0000000050,E4,1,1,45,2,浅位,519300.0,526350.0,526693.0,343.00000000000017,7050.0,7393.0,否
418,B6T0000000050,E4,1,1,45,2,深位,519300.0,526693.0,527036.0,343.00000000000017,7393.0,7736.0,否
419,B6T0000000050,E4,1,2,45,2,浅位,519300.0,527036.0,527379.0,343.00000000000017,7736.0,8079.0,否
2864,B6T0000000765,E3,1,2,22,6,深位,528480.0,528480.0,528650.0,170.00000000000003,0.0,170.0,否
2866,B6T0000000765,E3,1,1,9,33,浅位,528480.0,528650.0,528824.0,174.0,170.0,344.0,否
2865,B6T0000000765,E3,1,1,9,33,深位,528480.0,528824.0,528998.0,174.0,344.0,518.0,否
2867,B6T0000000765,E3,1,2,9,33,浅位,528480.0,528998.0,529172.0,174.0,518.0,692.0,否
2186,B6T0000001469,E1,1,1,2,14,浅位,530880.0,531032.0,531100.0,68.0,152.0,220.0,否
2185,B6T0000001469,E1,1,1,2,14,深位,530880.0,531100.0,531168.0,68.0,220.0,288.0,否
2183,B6T0000001469,E1,1,2,2,14,浅位,530880.0,531168.0,531236.0,68.0,288.0,356.0,否
1929,B6T0000001140,E3,1,2,10,23,浅位,532200.0,532640.0,532782.0,142.0,440.0,582.0,否
1931,B6T0000001140,E3,1,2,10,23,深位,532200.0,532782.0,532924.0,142.0,582.0,724.0,否
2395,B6T0000001859,E1,1,1,2,4,浅位,538440.0,538440.0,538468.0,28.0,0.0,28.0,否
2396,B6T0000001859,E1,1,1,2,9,浅位,538440.0,538468.0,538516.0,48.0,28.0,76.0,否
2397,B6T0000001859,E1,1,1,2,9,深位,538440.0,538516.0,538564.0,48.0,76.0,124.0,否
2499,B6T0000000257,E4,1,1,45,16,浅位,543720.0,543720.0,544119.0,399.00000000000017,0.0,399.0,否
2498,B6T0000000257,E4,1,1,45,16,深位,543720.0,544119.0,544518.0,399.00000000000017,399.0,798.0,否
2497,B6T0000000257,E4,1,2,45,16,浅位,543720.0,544518.0,544917.0,399.00000000000017,798.0,1197.0,否
2496,B6T0000000257,E4,1,2,45,16,深位,543720.0,544917.0,545316.0,399.00000000000017,1197.0,1596.0,否
3271,B6T0000000330,E3,1,1,12,23,浅位,547500.0,547500.0,547658.0,158.0,0.0,158.0,否
3270,B6T0000000330,E3,1,1,12,23,深位,547500.0,547658.0,547816.0,158.0,158.0,316.0,否
3382,B6T0000001129,E3,1,2,30,29,浅位,556260.0,556260.0,556586.0,326.00000000000006,0.0,326.0,否
3383,B6T0000001129,E3,1,2,30,29,深位,556260.0,556586.0,556912.0,326.00000000000006,326.0,652.0,否
639,B6T0000000469,E3,1,1,10,10,浅位,559260.0,559260.0,559350.0,90.0,0.0,90.0,否
640,B6T0000000469,E3,1,1,10,10,深位,559260.0,559350.0,559440.0,90.0,90.0,180.0,否
641,B6T0000000469,E3,1,2,10,10,浅位,559260.0,559440.0,559530.0,90.0,180.0,270.0,否
1949,B6T0000000507,E3,1,1,10,8,浅位,559800.0,559800.0,559882.0,82.0,0.0,82.0,否
1951,B6T0000000507,E3,1,1,10,8,深位,559800.0,559882.0,559964.0,82.0,82.0,164.0,否
1952,B6T0000000507,E3,1,2,10,8,浅位,559800.0,559964.0,560046.0,82.0,164.0,246.0,否
1953,B6T0000000507,E3,1,2,10,8,深位,559800.0,560046.0,560128.0,82.0,246.0,328.0,否
1954,B6T0000000507,E3,1,1,14,4,浅位,559800.0,560128.0,560226.0,97.99999999999999,328.0,426.0,否
1950,B6T0000000507,E3,1,1,13,6,浅位,559800.0,560226.0,560324.0,98.0,426.0,524.0,否
1955,B6T0000000507,E3,1,1,13,6,深位,559800.0,560324.0,560422.0,98.0,524.0,622.0,否
1956,B6T0000000507,E3,1,2,13,6,浅位,559800.0,560422.0,560520.0,98.0,622.0,720.0,否
2245,B6T0000000094,E4,1,1,44,14,浅位,560100.0,560832.0,561213.0,381.00000000000017,732.0,1113.0,否
1073,B6T0000000178,E4,1,1,47,2,浅位,558720.0,561213.0,561576.0,363.00000000000017,2493.0,2856.0,否
1085,B6T0000000178,E4,1,1,47,2,深位,558720.0,561576.0,561939.0,363.00000000000017,2856.0,3219.0,否
2043,B6T0000000270,E4,1,2,43,1,浅位,561900.0,561939.0,562258.0,319.00000000000017,39.0,358.0,否
2049,B6T0000000270,E4,1,2,43,1,深位,561900.0,562258.0,562577.0,319.00000000000017,358.0,677.0,否
1084,B6T0000000178,E4,1,2,47,2,浅位,558720.0,562577.0,562940.0,363.00000000000017,3857.0,4220.0,否
2299,B6T0000000431,E3,1,2,31,5,浅位,562500.0,562940.0,563178.0,238.00000000000006,440.0,678.0,否
2298,B6T0000000431,E3,1,2,31,5,深位,562500.0,563178.0,563416.0,238.00000000000006,678.0,916.0,否
1083,B6T0000000178,E4,1,2,47,2,深位,558720.0,563416.0,563779.0,363.00000000000017,4696.0,5059.0,否
2045,B6T0000000270,E4,1,1,46,5,深位,561900.0,563779.0,564144.0,365.00000000000017,1879.0,2244.0,否
2047,B6T0000000270,E4,1,2,46,5,浅位,561900.0,564144.0,564509.0,365.00000000000017,2244.0,2609.0,否
2044,B6T0000000270,E4,1,2,46,5,深位,561900.0,564509.0,564874.0,365.00000000000017,2609.0,2974.0,否
2048,B6T0000000270,E4,1,1,45,9,浅位,561900.0,564874.0,565245.0,371.00000000000017,2974.0,3345.0,否
2046,B6T0000000270,E4,1,1,45,9,深位,561900.0,565245.0,565616.0,371.00000000000017,3345.0,3716.0,否
2242,B6T0000000094,E4,1,1,44,14,深位,560100.0,565616.0,565997.0,381.00000000000017,5516.0,5897.0,否
2243,B6T0000000094,E4,1,2,44,14,浅位,560100.0,565997.0,566378.0,381.00000000000017,5897.0,6278.0,否
2421,B6T0000000777,E3,1,1,9,30,浅位,570600.0,571024.0,571186.0,162.0,424.0,586.0,否
3232,B6T0000000365,E3,2,4,23,31,浅位,7320.0,7320.0,7598.0,278.0,0.0,278.0,否
3233,B6T0000000365,E3,2,4,23,31,深位,7320.0,7598.0,7876.0,278.0,278.0,556.0,否
2229,B6T0000001241,E3,2,4,13,23,浅位,9240.0,9240.0,9406.0,166.0,0.0,166.0,否
2228,B6T0000001241,E3,2,4,13,23,深位,9240.0,9406.0,9572.0,166.0,166.0,332.0,否
3245,B6T0000000392,E3,2,3,32,22,浅位,13620.0,13620.0,13934.0,314.00000000000006,0.0,314.0,否
3244,B6T0000000392,E3,2,3,32,22,深位,13620.0,13934.0,14248.0,314.00000000000006,314.0,628.0,否
3637,B6T0000000859,E3,2,3,33,35,浅位,13980.0,14248.0,14622.0,374.00000000000006,268.0,642.0,否
3636,B6T0000000859,E3,2,3,33,35,深位,13980.0,14622.0,14996.0,374.00000000000006,642.0,1016.0,否
2851,B6T0000000939,E3,2,4,11,35,浅位,17580.0,17580.0,17778.0,198.0,0.0,198.0,否
2850,B6T0000000939,E3,2,4,11,35,深位,17580.0,17778.0,17976.0,198.0,198.0,396.0,否
2378,B6T0000001791,E1,2,3,6,14,浅位,18480.0,18566.0,18652.0,86.0,86.0,172.0,是
2379,B6T0000001791,E1,2,3,6,14,深位,18480.0,18738.0,18868.0,130.00000000000003,258.0,388.0,是
2377,B6T0000001791,E1,2,4,6,14,浅位,18480.0,18956.0,19044.0,88.0,476.0,564.0,是
2376,B6T0000001791,E1,2,4,6,14,深位,18480.0,19140.0,19260.0,120.00000000000003,660.0,780.0,是
1511,B6T0000000118,E4,2,3,43,10,浅位,17760.0,19362.0,19721.0,359.00000000000017,1602.0,1961.0,是
1512,B6T0000000118,E4,2,3,43,10,深位,17760.0,19823.0,20182.0,359.00000000000017,2063.0,2422.0,是
1513,B6T0000000118,E4,2,4,43,10,浅位,17760.0,20288.0,20587.0,299.00000000000017,2528.0,2827.0,是
1977,B6T0000001165,E3,2,4,18,15,浅位,20280.0,20699.0,20835.0,136.0,419.0,555.0,是
1974,B6T0000001165,E3,2,4,18,15,深位,20280.0,20925.0,21015.0,90.0,645.0,735.0,是
1514,B6T0000000118,E4,2,4,43,10,深位,17760.0,21015.0,21370.0,355.00000000000017,3255.0,3610.0,否
703,B6T0000000313,E4,2,3,45,3,浅位,19560.0,23764.0,24111.0,347.00000000000017,4204.0,4551.0,否
714,B6T0000000313,E4,2,3,45,3,深位,19560.0,24111.0,24458.0,347.00000000000017,4551.0,4898.0,否
715,B6T0000000313,E4,2,4,45,3,浅位,19560.0,24458.0,24805.0,347.00000000000017,4898.0,5245.0,否
716,B6T0000000313,E4,2,4,45,3,深位,19560.0,24805.0,25152.0,347.00000000000017,5245.0,5592.0,否
3114,B6T0000001782,E1,2,3,6,31,浅位,25920.0,25920.0,26072.0,152.0,0.0,152.0,否
3113,B6T0000001782,E1,2,3,6,31,深位,25920.0,26072.0,26224.0,152.0,152.0,304.0,否
2791,B6T0000001578,E1,2,4,1,26,浅位,26100.0,26224.0,26336.0,112.0,124.0,236.0,否
2052,B6T0000001476,E1,2,3,4,11,浅位,26280.0,26336.0,26400.0,64.0,56.0,120.0,否
2055,B6T0000001476,E1,2,3,4,11,深位,26280.0,26400.0,26464.0,64.0,120.0,184.0,否
2053,B6T0000001476,E1,2,4,4,11,浅位,26280.0,26464.0,26528.0,64.0,184.0,248.0,否
2054,B6T0000001476,E1,2,4,4,11,深位,26280.0,26528.0,26592.0,64.0,248.0,312.0,否
2788,B6T0000001578,E1,2,4,1,26,深位,26100.0,26592.0,26704.0,112.0,492.0,604.0,否
3112,B6T0000001782,E1,2,4,6,31,浅位,25920.0,26704.0,26856.0,152.0,784.0,936.0,否
748,B6T0000000140,E4,2,3,46,2,浅位,25680.0,33164.0,33517.0,353.00000000000017,7484.0,7837.0,否
731,B6T0000000140,E4,2,3,46,2,深位,25680.0,33517.0,33870.0,353.00000000000017,7837.0,8190.0,否
730,B6T0000000140,E4,2,4,46,2,浅位,25680.0,33897.0,34257.0,360.00000000000017,8217.0,8577.0,是
732,B6T0000000140,E4,2,4,46,2,深位,25680.0,34286.0,34628.0,342.00000000000017,8606.0,8948.0,是
2500,B6T0000000481,E3,2,4,17,23,浅位,41940.0,41940.0,42138.0,198.0,0.0,198.0,否
2501,B6T0000000481,E3,2,4,17,23,深位,41940.0,42138.0,42336.0,198.0,198.0,396.0,否
3628,B6T0000001310,E3,2,3,14,54,浅位,42480.0,42480.0,42778.0,298.0,0.0,298.0,否
3629,B6T0000001310,E3,2,3,14,54,深位,42480.0,42778.0,43076.0,298.0,298.0,596.0,否
1972,B6T0000000437,E3,2,3,13,20,浅位,42600.0,43252.5,43497.0,244.50000000000009,652.5,897.0,是
1966,B6T0000000437,E3,2,3,13,20,深位,42600.0,43676.5,43928.0,251.50000000000009,1076.5,1328.0,是
1965,B6T0000000437,E3,2,4,13,20,浅位,42600.0,44107.5,44359.0,251.50000000000009,1507.5,1759.0,是
1968,B6T0000000437,E3,2,4,13,20,深位,42600.0,44538.5,44790.0,251.50000000000009,1938.5,2190.0,是
2910,B6T0000001656,E1,2,4,2,28,浅位,44400.0,44969.5,45253.0,283.5000000000001,569.5,853.0,是
2909,B6T0000001656,E1,2,4,2,28,深位,44400.0,45333.0,45445.0,112.0,933.0,1045.0,是
3348,B6T0000001169,E3,2,3,17,41,浅位,46740.0,46885.0,47071.0,186.0,145.0,331.0,是
3349,B6T0000001169,E3,2,3,17,41,深位,46740.0,47193.0,47395.0,202.00000000000003,453.0,655.0,是
3283,B6T0000001099,E3,2,3,13,11,深位,48480.0,48625.0,48767.0,142.0,145.0,287.0,是
3282,B6T0000001099,E3,2,4,13,23,浅位,48480.0,48829.0,48939.0,110.0,349.0,459.0,是
429,B6T0000000678,E3,2,3,9,10,浅位,51600.0,51923.0,52075.0,152.0,323.0,475.0,是
430,B6T0000000678,E3,2,3,9,10,深位,51600.0,52119.0,52163.0,44.0,519.0,563.0,是
2163,B6T0000001771,E1,2,3,5,12,浅位,52020.0,52995.0,53149.0,154.0,975.0,1129.0,是
2164,B6T0000001771,E1,2,3,5,12,深位,52020.0,53303.0,53457.0,154.0,1283.0,1437.0,是
2162,B6T0000001771,E1,2,4,5,12,浅位,52020.0,53611.0,53765.0,154.0,1591.0,1745.0,是
655,B6T0000001698,E1,2,4,8,1,浅位,54180.0,54408.0,54459.0,51.0,228.0,279.0,是
671,B6T0000001698,E1,2,4,8,1,深位,54180.0,54482.0,54505.0,23.0,302.0,325.0,是
1567,B6T0000001553,E1,2,4,2,8,浅位,54600.0,55001.0,55155.0,154.0,401.0,555.0,是
1568,B6T0000001553,E1,2,4,2,8,深位,54600.0,55309.0,55463.0,154.0,709.0,863.0,是
1935,B6T0000001937,E1,2,3,8,8,浅位,54360.0,55617.0,55771.0,154.0,1257.0,1411.0,是
370,B6T0000001440,E1,2,4,5,2,浅位,55740.0,55951.5,56132.0,180.50000000000006,211.5,392.0,是
367,B6T0000001440,E1,2,4,5,2,深位,55740.0,56151.0,56170.0,19.0,411.0,430.0,是
1933,B6T0000001937,E1,2,3,8,8,深位,54360.0,56189.0,56244.0,55.0,1829.0,1884.0,是
441,B6T0000000678,E3,2,4,9,10,浅位,56280.0,56313.0,56376.0,63.0,33.0,96.0,是
451,B6T0000000678,E3,2,4,9,10,深位,56280.0,56413.0,56464.0,51.0,133.0,184.0,是
1533,B6T0000000088,E4,2,3,48,4,浅位,55680.0,60027.5,60246.0,218.50000000000009,4347.5,4566.0,是
1530,B6T0000000088,E4,2,3,48,4,深位,55680.0,60439.5,60633.0,193.50000000000009,4759.5,4953.0,是
1531,B6T0000000088,E4,2,4,48,4,浅位,55680.0,60826.5,61020.0,193.50000000000009,5146.5,5340.0,是
1539,B6T0000000088,E4,2,4,48,4,深位,55680.0,61213.5,61407.0,193.50000000000009,5533.5,5727.0,是
544,B6T0000001197,E3,2,4,14,5,浅位,87180.0,87267.0,87384.0,117.0,87.0,204.0,是
545,B6T0000001197,E3,2,4,14,5,深位,87180.0,87438.0,87492.0,53.99999999999999,258.0,312.0,是
881,B6T0000000488,E3,2,3,13,8,浅位,87420.0,87546.0,87612.0,66.0,126.0,192.0,是
879,B6T0000000488,E3,2,3,13,8,深位,87420.0,87668.0,87724.0,56.0,248.0,304.0,是
880,B6T0000000488,E3,2,4,13,8,浅位,87420.0,87780.0,87836.0,56.0,360.0,416.0,是
636,B6T0000000469,E3,2,3,9,11,浅位,87120.0,87892.0,87960.0,68.0,772.0,840.0,是
2435,B6T0000001589,E1,2,3,2,18,浅位,87720.0,88006.0,88080.0,74.0,286.0,360.0,是
2156,B6T0000001774,E1,2,3,3,13,浅位,87840.0,88125.0,88174.0,49.0,285.0,334.0,是
2155,B6T0000001774,E1,2,3,3,13,深位,87840.0,88211.0,88248.0,37.0,371.0,408.0,是
2159,B6T0000001774,E1,2,4,3,13,浅位,87840.0,88248.0,88316.0,68.0,408.0,476.0,否
2158,B6T0000001774,E1,2,4,3,13,深位,87840.0,88316.0,88384.0,68.0,476.0,544.0,否
2438,B6T0000001589,E1,2,3,2,18,深位,87720.0,88384.0,88468.0,84.0,664.0,748.0,否
2437,B6T0000001589,E1,2,4,2,18,浅位,87720.0,88468.0,88552.0,84.0,748.0,832.0,否
1689,B6T0000001375,E1,2,3,2,9,浅位,88320.0,88552.0,88600.0,48.0,232.0,280.0,否
1690,B6T0000001375,E1,2,3,2,9,深位,88320.0,88600.0,88648.0,48.0,280.0,328.0,否
1691,B6T0000001375,E1,2,4,2,9,浅位,88320.0,88648.0,88696.0,48.0,328.0,376.0,否
637,B6T0000000469,E3,2,3,9,11,深位,87120.0,88696.0,88782.0,86.0,1576.0,1662.0,否
882,B6T0000000488,E3,2,4,13,8,深位,87420.0,88782.0,88888.0,106.0,1362.0,1468.0,否
2911,B6T0000001900,E1,2,4,4,27,浅位,87300.0,88888.0,89016.0,128.0,1588.0,1716.0,否
2913,B6T0000001900,E1,2,4,4,27,深位,87300.0,89016.0,89144.0,128.0,1716.0,1844.0,否
178,B6T0000000932,E3,2,3,9,8,浅位,89040.0,89381.0,89455.0,74.0,341.0,415.0,否
177,B6T0000000932,E3,2,3,9,8,深位,89040.0,89455.0,89529.0,74.0,415.0,489.0,否
176,B6T0000000932,E3,2,4,9,8,浅位,89040.0,89529.0,89603.0,74.0,489.0,563.0,否
182,B6T0000000932,E3,2,4,9,8,深位,89040.0,89603.0,89677.0,74.0,563.0,637.0,否
398,B6T0000000471,E3,2,3,17,1,浅位,88740.0,90345.0,90455.0,110.0,1605.0,1715.0,否
401,B6T0000000471,E3,2,3,17,1,深位,88740.0,90495.0,90599.0,104.0,1755.0,1859.0,是
400,B6T0000000471,E3,2,4,17,1,浅位,88740.0,90645.0,90755.0,110.0,1905.0,2015.0,是
2987,B6T0000001732,E1,2,3,5,28,浅位,89520.0,90811.0,90947.0,136.0,1291.0,1427.0,是
125,B6T0000000154,E4,2,3,43,3,浅位,87960.0,92805.0,93132.0,327.00000000000017,4845.0,5172.0,否
121,B6T0000000154,E4,2,3,43,3,深位,87960.0,93132.0,93459.0,327.00000000000017,5172.0,5499.0,否
114,B6T0000000154,E4,2,4,43,3,浅位,87960.0,93459.0,93786.0,327.00000000000017,5499.0,5826.0,否
115,B6T0000000154,E4,2,4,43,3,深位,87960.0,93786.0,94113.0,327.00000000000017,5826.0,6153.0,否
1380,B6T0000000104,E4,2,3,43,9,浅位,86820.0,95368.0,95719.0,351.00000000000017,8548.0,8899.0,否
1379,B6T0000000104,E4,2,3,43,9,深位,86820.0,95719.0,96070.0,351.00000000000017,8899.0,9250.0,否
1387,B6T0000000104,E4,2,4,43,9,浅位,86820.0,96070.0,96421.0,351.00000000000017,9250.0,9601.0,否
1378,B6T0000000104,E4,2,4,43,9,深位,86820.0,96458.0,96794.0,336.00000000000017,9638.0,9974.0,是
2021,B6T0000000073,E4,2,3,43,13,浅位,92040.0,97423.0,97775.0,352.0000000000001,5383.0,5735.0,是
1412,B6T0000000408,E3,2,4,23,3,浅位,97380.0,97838.0,98019.0,181.00000000000006,458.0,639.0,是
1403,B6T0000000408,E3,2,4,23,3,深位,97380.0,98084.0,98291.0,207.00000000000003,704.0,911.0,是
2025,B6T0000000073,E4,2,3,43,13,深位,92040.0,98356.0,98724.0,368.0000000000001,6316.0,6684.0,是
1313,B6T0000000836,E3,2,3,12,14,浅位,97740.0,98791.0,98904.0,113.0,1051.0,1164.0,是
1311,B6T0000000836,E3,2,3,12,14,深位,97740.0,98904.0,99026.0,122.0,1164.0,1286.0,否
1319,B6T0000000836,E3,2,4,12,14,浅位,97740.0,99026.0,99148.0,122.0,1286.0,1408.0,否
1309,B6T0000000836,E3,2,4,12,14,深位,97740.0,99148.0,99270.0,122.0,1408.0,1530.0,否
2028,B6T0000000073,E4,2,4,43,13,浅位,92040.0,99270.0,99637.0,367.00000000000017,7230.0,7597.0,否
2027,B6T0000000073,E4,2,4,43,13,深位,92040.0,99637.0,100004.0,367.00000000000017,7597.0,7964.0,否
3117,B6T0000000362,E3,2,4,14,37,浅位,106020.0,106020.0,106250.0,230.0,0.0,230.0,否
3116,B6T0000000362,E3,2,4,14,37,深位,106020.0,106250.0,106480.0,230.0,230.0,460.0,否
1064,B6T0000001185,E3,2,3,20,3,浅位,106380.0,107797.0,107939.0,142.00000000000003,1417.0,1559.0,否
1065,B6T0000001185,E3,2,3,20,3,深位,106380.0,107939.0,108081.0,142.00000000000003,1559.0,1701.0,否
1066,B6T0000001185,E3,2,4,20,3,浅位,106380.0,108081.0,108223.0,142.00000000000003,1701.0,1843.0,否
1059,B6T0000001185,E3,2,4,20,3,深位,106380.0,108223.0,108365.0,142.00000000000003,1843.0,1985.0,否
2960,B6T0000001529,E1,2,3,4,28,浅位,110700.0,111095.0,111227.0,132.0,395.0,527.0,否
3138,B6T0000001659,E1,2,3,1,35,浅位,111660.0,111660.0,111808.0,148.0,0.0,148.0,否
3136,B6T0000001659,E1,2,3,1,35,深位,111660.0,111808.0,111956.0,148.0,148.0,296.0,否
3137,B6T0000001659,E1,2,4,1,35,浅位,111660.0,111956.0,112104.0,148.0,296.0,444.0,否
569,B6T0000001238,E3,2,3,16,3,浅位,113640.0,114087.0,114197.0,109.99999999999999,447.0,557.0,否
565,B6T0000001238,E3,2,3,16,3,深位,113640.0,114197.0,114307.0,109.99999999999999,557.0,667.0,否
568,B6T0000001238,E3,2,4,16,3,浅位,113640.0,114365.0,114423.0,57.99999999999999,725.0,783.0,是
3078,B6T0000001763,E1,2,4,3,13,浅位,114420.0,114481.0,114579.0,98.0,61.0,159.0,是
3076,B6T0000001763,E1,2,4,3,13,深位,114420.0,114637.0,114735.0,98.0,217.0,315.0,是
3077,B6T0000001763,E1,2,3,2,18,深位,114420.0,114809.0,114943.0,134.0,389.0,523.0,是
567,B6T0000001238,E3,2,4,16,3,深位,113640.0,115017.0,115091.0,74.0,1377.0,1451.0,是
3373,B6T0000000224,E4,2,4,49,28,浅位,116400.0,116567.0,116906.0,339.0000000000001,167.0,506.0,是
3372,B6T0000000224,E4,2,4,49,28,深位,116400.0,117062.0,117551.0,489.00000000000017,662.0,1151.0,是
3586,B6T0000001723,E1,2,4,3,52,浅位,118680.0,118931.0,119087.0,156.0,251.0,407.0,是
3587,B6T0000001723,E1,2,4,3,52,深位,118680.0,119243.0,119399.0,156.0,563.0,719.0,是
3730,B6T0000000456,E3,2,4,37,34,浅位,121140.0,121235.0,121637.0,402.0000000000001,95.0,497.0,否
3731,B6T0000000456,E3,2,4,37,34,深位,121140.0,121637.0,122039.0,402.0000000000001,497.0,899.0,否
48,B6T0000001104,E3,2,3,9,4,浅位,123780.0,124648.5,124827.0,178.50000000000009,868.5,1047.0,是
49,B6T0000001104,E3,2,3,9,4,深位,123780.0,125005.5,125184.0,178.50000000000009,1225.5,1404.0,是
50,B6T0000001104,E3,2,4,9,4,浅位,123780.0,125216.0,125248.0,31.999999999999996,1436.0,1468.0,是
42,B6T0000001104,E3,2,4,9,4,深位,123780.0,125280.0,125312.0,31.999999999999996,1500.0,1532.0,是
1585,B6T0000001102,E3,2,3,25,3,浅位,127860.0,130599.0,130781.0,182.0,2739.0,2921.0,否
1586,B6T0000001102,E3,2,3,25,3,深位,127860.0,130781.0,130963.0,182.0,2921.0,3103.0,否
1587,B6T0000001102,E3,2,4,25,3,浅位,127860.0,130963.0,131145.0,182.0,3103.0,3285.0,否
1588,B6T0000001102,E3,2,4,25,3,深位,127860.0,131145.0,131327.0,182.0,3285.0,3467.0,否
1036,B6T0000001052,E3,2,3,18,5,浅位,130740.0,134400.0,134534.0,134.0,3660.0,3794.0,否
1037,B6T0000001052,E3,2,3,18,5,深位,130740.0,134534.0,134668.0,134.0,3794.0,3928.0,否
1038,B6T0000001052,E3,2,4,18,5,浅位,130740.0,134668.0,134802.0,134.0,3928.0,4062.0,否
1041,B6T0000001052,E3,2,4,18,5,深位,130740.0,134802.0,134936.0,134.0,4062.0,4196.0,否
1918,B6T0000001647,E1,2,4,6,9,浅位,140580.0,140721.0,140798.0,77.0,141.0,218.0,是
1919,B6T0000001647,E1,2,4,6,9,深位,140580.0,140833.0,140868.0,35.0,253.0,288.0,是
559,B6T0000001827,E1,2,3,4,3,浅位,140580.0,142125.0,142214.0,89.0,1545.0,1634.0,是
554,B6T0000001827,E1,2,3,4,3,深位,140580.0,142233.0,142252.0,19.0,1653.0,1672.0,是
553,B6T0000001827,E1,2,4,4,3,浅位,140580.0,142271.0,142290.0,19.0,1691.0,1710.0,是
3464,B6T0000000668,E3,2,4,20,42,浅位,142680.0,142853.0,143078.0,225.0,173.0,398.0,是
3465,B6T0000000668,E3,2,4,20,42,深位,142680.0,143159.0,143382.0,223.0,479.0,702.0,是
3413,B6T0000000776,E3,2,3,37,23,浅位,142860.0,143465.0,143802.0,337.0000000000001,605.0,942.0,是
3412,B6T0000000776,E3,2,3,37,23,深位,142860.0,143891.0,144238.0,347.0000000000001,1031.0,1378.0,是
2404,B6T0000001888,E1,2,3,1,18,浅位,142980.0,145468.0,145548.0,80.0,2488.0,2568.0,否
2856,B6T0000000686,E3,2,3,18,28,浅位,140640.0,148091.0,148317.0,226.0,7451.0,7677.0,否
2857,B6T0000000686,E3,2,3,18,28,深位,140640.0,148317.0,148543.0,226.0,7677.0,7903.0,否
75,B6T0000000261,E4,2,3,43,1,浅位,143520.0,150146.0,150465.0,319.00000000000017,6626.0,6945.0,否
69,B6T0000000261,E4,2,3,43,1,深位,143520.0,150465.0,150784.0,319.00000000000017,6945.0,7264.0,否
76,B6T0000000261,E4,2,4,43,1,浅位,143520.0,150784.0,151103.0,319.00000000000017,7264.0,7583.0,否
77,B6T0000000261,E4,2,4,43,1,深位,143520.0,151103.0,151422.0,319.00000000000017,7583.0,7902.0,否
756,B6T0000000843,E3,2,3,15,5,浅位,174120.0,174444.0,174626.0,182.0,324.0,506.0,是
757,B6T0000000843,E3,2,3,15,5,深位,174120.0,174684.0,174742.0,57.99999999999999,564.0,622.0,是
758,B6T0000000843,E3,2,4,15,5,浅位,174120.0,174800.0,174858.0,57.99999999999999,680.0,738.0,是
759,B6T0000000843,E3,2,4,15,5,深位,174120.0,174916.0,174974.0,57.99999999999999,796.0,854.0,是
2519,B6T0000001724,E1,2,3,1,20,浅位,174960.0,175864.0,176024.0,160.0,904.0,1064.0,是
477,B6T0000001382,E1,2,3,2,4,浅位,175680.0,176184.0,176344.0,160.0,504.0,664.0,是
473,B6T0000001382,E1,2,3,2,4,深位,175680.0,176504.0,176664.0,160.0,824.0,984.0,是
476,B6T0000001382,E1,2,4,2,4,浅位,175680.0,176824.0,176984.0,160.0,1144.0,1304.0,是
475,B6T0000001382,E1,2,4,2,4,深位,175680.0,177144.0,177304.0,160.0,1464.0,1624.0,是
1734,B6T0000001429,E1,2,3,1,10,浅位,175560.0,177464.0,177624.0,160.0,1904.0,2064.0,是
1733,B6T0000001429,E1,2,3,1,10,深位,175560.0,177784.0,177944.0,160.0,2224.0,2384.0,是
1731,B6T0000001429,E1,2,4,1,10,浅位,175560.0,178104.0,178264.0,160.0,2544.0,2704.0,是
1730,B6T0000001429,E1,2,4,1,10,深位,175560.0,178424.0,178584.0,160.0,2864.0,3024.0,是
1297,B6T0000000996,E3,2,3,9,17,浅位,174420.0,178744.0,178904.0,160.0,4324.0,4484.0,是
1298,B6T0000000996,E3,2,3,9,17,深位,174420.0,178921.0,179020.0,99.0,4501.0,4600.0,是
1303,B6T0000000996,E3,2,4,9,17,浅位,174420.0,179037.0,179136.0,99.0,4617.0,4716.0,是
1300,B6T0000000996,E3,2,4,9,17,深位,174420.0,179153.0,179252.0,99.0,4733.0,4832.0,是
1183,B6T0000001103,E3,2,3,21,3,浅位,175020.0,179269.0,179412.0,143.00000000000003,4249.0,4392.0,是
1184,B6T0000001103,E3,2,3,21,3,深位,175020.0,179439.0,179596.0,157.00000000000003,4419.0,4576.0,是
1182,B6T0000001103,E3,2,4,21,3,浅位,175020.0,179623.0,179780.0,157.00000000000003,4603.0,4760.0,是
1189,B6T0000001103,E3,2,4,21,3,深位,175020.0,179807.0,179964.0,157.00000000000003,4787.0,4944.0,是
1783,B6T0000001122,E3,2,3,24,6,浅位,173760.0,179991.0,180172.0,181.00000000000006,6231.0,6412.0,是
1781,B6T0000001122,E3,2,3,24,6,深位,173760.0,180219.0,180420.0,201.00000000000006,6459.0,6660.0,是
1777,B6T0000001122,E3,2,4,24,6,浅位,173760.0,180478.0,180656.0,178.00000000000006,6718.0,6896.0,是
3241,B6T0000001498,E1,2,3,3,38,浅位,180540.0,180714.0,180856.0,142.0,174.0,316.0,是
3240,B6T0000001498,E1,2,3,3,38,深位,180540.0,180914.0,181056.0,142.0,374.0,516.0,是
1779,B6T0000001122,E3,2,4,24,6,深位,173760.0,181114.0,181292.0,178.00000000000006,7354.0,7532.0,是
1915,B6T0000000403,E3,2,3,29,3,浅位,174000.0,181370.0,181512.0,142.00000000000003,7370.0,7512.0,是
795,B6T0000000540,E3,2,3,9,12,浅位,181380.0,181590.0,181704.0,114.00000000000001,210.0,324.0,是
791,B6T0000000540,E3,2,3,9,12,深位,181380.0,181752.0,181800.0,48.0,372.0,420.0,是
792,B6T0000000540,E3,2,4,9,12,浅位,181380.0,181848.0,181896.0,48.0,468.0,516.0,是
793,B6T0000000540,E3,2,4,9,12,深位,181380.0,181944.0,181992.0,48.0,564.0,612.0,是
1916,B6T0000000403,E3,2,3,29,3,深位,174000.0,182040.0,182248.0,208.00000000000006,8040.0,8248.0,是
3568,B6T0000001417,E1,2,3,6,49,浅位,175560.0,182326.0,182588.0,262.0,6766.0,7028.0,是
3569,B6T0000001417,E1,2,3,6,49,深位,175560.0,182666.0,182928.0,262.0,7106.0,7368.0,是
1426,B6T0000000947,E3,2,3,13,14,浅位,188580.0,189922.0,190100.0,178.0,1342.0,1520.0,是
1422,B6T0000000947,E3,2,3,13,14,深位,188580.0,190168.0,190236.0,68.0,1588.0,1656.0,是
1420,B6T0000000947,E3,2,4,13,14,浅位,188580.0,190304.0,190372.0,68.0,1724.0,1792.0,是
1419,B6T0000000947,E3,2,4,13,14,深位,188580.0,190440.0,190508.0,68.0,1860.0,1928.0,是
196,B6T0000000932,E3,2,3,9,10,浅位,190380.0,192072.0,192234.0,162.0,1692.0,1854.0,是
197,B6T0000000932,E3,2,3,9,10,深位,190380.0,192278.0,192322.0,44.0,1898.0,1942.0,是
2731,B6T0000001922,E1,2,4,8,21,浅位,194640.0,195110.0,195272.0,162.0,470.0,632.0,是
2730,B6T0000001922,E1,2,4,8,21,深位,194640.0,195434.0,195596.0,162.0,794.0,956.0,是
1714,B6T0000001409,E1,2,3,6,7,浅位,194220.0,196076.0,196238.0,162.0,1856.0,2018.0,是
1715,B6T0000001409,E1,2,3,6,7,深位,194220.0,196400.0,196562.0,162.0,2180.0,2342.0,是
1712,B6T0000001409,E1,2,4,6,7,浅位,194220.0,196724.0,196886.0,162.0,2504.0,2666.0,是
1710,B6T0000001409,E1,2,4,6,7,深位,194220.0,197048.0,197210.0,162.0,2828.0,2990.0,是
907,B6T0000000411,E3,2,3,15,6,浅位,194580.0,197372.0,197534.0,162.0,2792.0,2954.0,是
2863,B6T0000000659,E3,2,3,19,27,浅位,197880.0,198128.5,198395.0,266.50000000000006,248.5,515.0,是
2862,B6T0000000659,E3,2,3,19,27,深位,197880.0,198513.0,198631.0,118.0,633.0,751.0,是
2830,B6T0000000816,E3,2,3,18,27,浅位,193920.0,198749.0,198867.0,118.0,4829.0,4947.0,是
2831,B6T0000000816,E3,2,3,18,27,深位,193920.0,198981.0,199095.0,114.0,5061.0,5175.0,是
2861,B6T0000000659,E3,2,4,19,27,浅位,197880.0,199209.0,199331.0,122.0,1329.0,1451.0,是
2325,B6T0000001645,E1,2,4,1,16,浅位,199200.0,199449.0,199567.0,118.0,249.0,367.0,是
2320,B6T0000001645,E1,2,4,1,16,深位,199200.0,199729.5,199952.0,222.50000000000009,529.5,752.0,是
2860,B6T0000000659,E3,2,4,19,27,深位,197880.0,200114.5,200381.0,266.50000000000006,2234.5,2501.0,是
210,B6T0000000581,E3,2,3,9,9,浅位,203640.0,205602.0,205766.0,164.0,1962.0,2126.0,是
2506,B6T0000001035,E3,2,4,9,8,深位,205440.0,205808.0,205850.0,42.0,368.0,410.0,是
212,B6T0000000581,E3,2,3,9,9,深位,203640.0,205890.0,205934.0,44.0,2250.0,2294.0,是
213,B6T0000000581,E3,2,4,9,9,浅位,203640.0,205976.0,206018.0,42.0,2336.0,2378.0,是
214,B6T0000000581,E3,2,4,9,9,深位,203640.0,206060.0,206102.0,42.0,2420.0,2462.0,是
2505,B6T0000001035,E3,2,3,9,11,深位,205440.0,206144.0,206194.0,50.0,704.0,754.0,是
2507,B6T0000001035,E3,2,4,13,8,深位,205440.0,206240.0,206318.0,78.0,800.0,878.0,是
2508,B6T0000001035,E3,2,3,17,1,浅位,205440.0,206374.0,206462.0,88.0,934.0,1022.0,是
2509,B6T0000001035,E3,2,3,17,1,深位,205440.0,206520.0,206578.0,58.0,1080.0,1138.0,是
485,B6T0000001101,E3,2,3,12,7,浅位,207840.0,208140.0,208304.0,164.0,300.0,464.0,是
486,B6T0000001101,E3,2,3,12,7,深位,207840.0,208354.0,208404.0,50.0,514.0,564.0,是
487,B6T0000001101,E3,2,4,12,7,浅位,207840.0,208454.0,208504.0,50.0,614.0,664.0,是
488,B6T0000001101,E3,2,4,12,7,深位,207840.0,208554.0,208604.0,50.0,714.0,764.0,是
2584,B6T0000000418,E3,2,3,22,19,浅位,214080.0,214366.0,214596.0,230.00000000000003,286.0,516.0,是
2583,B6T0000000418,E3,2,3,22,19,深位,214080.0,214710.0,214824.0,114.00000000000001,630.0,744.0,是
2582,B6T0000000418,E3,2,4,22,19,浅位,214080.0,214938.0,215052.0,114.00000000000001,858.0,972.0,是
2581,B6T0000000418,E3,2,4,22,19,深位,214080.0,215166.0,215280.0,114.00000000000001,1086.0,1200.0,是
319,B6T0000001196,E3,2,3,13,5,浅位,216480.0,217542.5,217789.0,246.50000000000009,1062.5,1309.0,是
318,B6T0000001196,E3,2,3,13,5,深位,216480.0,218035.5,218282.0,246.50000000000009,1555.5,1802.0,是
323,B6T0000001196,E3,2,4,13,5,浅位,216480.0,218540.5,218799.0,258.50000000000006,2060.5,2319.0,是
322,B6T0000001196,E3,2,4,13,5,深位,216480.0,219058.5,219318.0,259.50000000000006,2578.5,2838.0,是
3033,B6T0000001726,E1,2,4,7,28,浅位,218220.0,219368.0,219510.0,142.0,1148.0,1290.0,是
3031,B6T0000001726,E1,2,4,7,28,深位,218220.0,219560.0,219702.0,142.0,1340.0,1482.0,是
2642,B6T0000000200,E4,2,3,48,14,浅位,219840.0,220056.0,220497.0,441.00000000000017,216.0,657.0,是
2641,B6T0000000200,E4,2,3,48,14,深位,219840.0,220663.0,221096.0,433.0000000000001,823.0,1256.0,是
2640,B6T0000000200,E4,2,4,48,14,浅位,219840.0,221262.0,221695.0,433.0000000000001,1422.0,1855.0,是
2643,B6T0000000200,E4,2,4,48,14,深位,219840.0,221861.0,222286.0,425.00000000000017,2021.0,2446.0,是
2761,B6T0000000146,E4,2,3,43,22,浅位,228000.0,228618.5,228879.0,260.5000000000001,618.5,879.0,是
2369,B6T0000001572,E1,2,4,8,13,浅位,228780.0,229083.5,229288.0,204.50000000000009,303.5,508.0,是
2368,B6T0000001572,E1,2,4,8,13,深位,228780.0,229549.5,229811.0,261.5000000000001,769.5,1031.0,是
2763,B6T0000000146,E4,2,3,43,22,深位,228000.0,230072.5,230334.0,261.5000000000001,2072.5,2334.0,是
2760,B6T0000000146,E4,2,4,43,22,浅位,228000.0,230538.5,230743.0,204.50000000000009,2538.5,2743.0,是
2762,B6T0000000146,E4,2,4,43,22,深位,228000.0,230947.5,231152.0,204.50000000000009,2947.5,3152.0,是
3501,B6T0000001808,E1,2,4,8,45,浅位,258960.0,258960.0,259176.0,216.0,0.0,216.0,否
3500,B6T0000001808,E1,2,4,8,45,深位,258960.0,259176.0,259392.0,216.0,216.0,432.0,否
3536,B6T0000001749,E1,2,4,1,10,深位,259680.0,259680.0,259728.0,48.0,0.0,48.0,否
3537,B6T0000001749,E1,2,3,1,20,浅位,259680.0,259728.0,259816.0,88.0,48.0,136.0,否
3079,B6T0000001354,E1,2,3,4,31,浅位,259200.0,260159.0,260303.0,144.0,959.0,1103.0,否
2235,B6T0000000051,E4,2,3,46,11,浅位,259740.0,260943.0,261332.0,389.00000000000017,1203.0,1592.0,否
2234,B6T0000000051,E4,2,3,46,11,深位,259740.0,261332.0,261721.0,389.00000000000017,1592.0,1981.0,否
2232,B6T0000000051,E4,2,4,46,11,浅位,259740.0,261721.0,262110.0,389.00000000000017,1981.0,2370.0,否
654,B6T0000001698,E1,2,3,4,3,浅位,261780.0,262110.0,262142.0,32.0,330.0,362.0,否
653,B6T0000001698,E1,2,3,4,3,深位,261780.0,262142.0,262174.0,32.0,362.0,394.0,否
652,B6T0000001698,E1,2,4,4,3,浅位,261780.0,262174.0,262206.0,32.0,394.0,426.0,否
2233,B6T0000000051,E4,2,4,46,11,深位,259740.0,262206.0,262595.0,389.00000000000017,2466.0,2855.0,否
2433,B6T0000000778,E3,2,4,10,29,浅位,262500.0,262595.0,262761.0,166.0,95.0,261.0,否
2431,B6T0000000778,E3,2,4,10,29,深位,262500.0,262761.0,262927.0,166.0,261.0,427.0,否
1604,B6T0000001610,E1,2,3,4,7,浅位,260160.0,262927.0,262975.0,48.0,2767.0,2815.0,否
1606,B6T0000001610,E1,2,3,4,7,深位,260160.0,262975.0,263023.0,48.0,2815.0,2863.0,否
1607,B6T0000001610,E1,2,4,4,7,浅位,260160.0,263023.0,263071.0,48.0,2863.0,2911.0,否
1608,B6T0000001610,E1,2,4,4,7,深位,260160.0,263071.0,263119.0,48.0,2911.0,2959.0,否
162,B6T0000000810,E3,2,3,15,1,浅位,259440.0,263866.0,263960.0,93.99999999999999,4426.0,4520.0,否
156,B6T0000000810,E3,2,3,15,1,深位,259440.0,263960.0,264054.0,93.99999999999999,4520.0,4614.0,否
166,B6T0000000810,E3,2,4,15,1,浅位,259440.0,264054.0,264148.0,93.99999999999999,4614.0,4708.0,否
158,B6T0000000810,E3,2,4,15,1,深位,259440.0,264148.0,264242.0,93.99999999999999,4708.0,4802.0,否
681,B6T0000001180,E3,2,3,11,9,浅位,259800.0,265156.0,265250.0,94.0,5356.0,5450.0,否
680,B6T0000001180,E3,2,3,11,9,深位,259800.0,265300.0,265382.0,82.0,5500.0,5582.0,是
678,B6T0000001180,E3,2,4,11,9,浅位,259800.0,265432.0,265514.0,82.0,5632.0,5714.0,是
677,B6T0000001180,E3,2,4,11,9,深位,259800.0,265564.0,265646.0,82.0,5764.0,5846.0,是
3063,B6T0000001583,E1,2,3,8,8,深位,265740.0,265740.0,265808.0,68.0,0.0,68.0,否
3062,B6T0000001583,E1,2,3,5,12,深位,265740.0,265808.0,265880.0,72.0,68.0,140.0,否
3061,B6T0000001583,E1,2,4,5,12,浅位,265740.0,265880.0,265952.0,72.0,140.0,212.0,否
3094,B6T0000001025,E3,2,3,20,30,浅位,271920.0,272447.0,272697.0,250.0,527.0,777.0,否
281,B6T0000000305,E4,2,3,44,2,浅位,261780.0,275439.0,275771.0,332.00000000000017,13659.0,13991.0,是
1010,B6T0000001090,E3,2,3,12,11,浅位,276120.0,276120.0,276230.0,110.0,0.0,110.0,否
1008,B6T0000001090,E3,2,3,12,11,深位,276120.0,276230.0,276340.0,110.0,110.0,220.0,否
1007,B6T0000001090,E3,2,4,12,11,浅位,276120.0,276340.0,276450.0,110.0,220.0,330.0,否
1006,B6T0000001090,E3,2,4,12,11,深位,276120.0,276450.0,276560.0,110.0,330.0,440.0,否
2780,B6T0000000204,E4,2,4,43,3,深位,277200.0,277200.0,277527.0,327.00000000000017,0.0,327.0,否
2782,B6T0000000204,E4,2,3,43,9,浅位,277200.0,277527.0,277878.0,351.00000000000017,327.0,678.0,否
2783,B6T0000000204,E4,2,3,43,9,深位,277200.0,277936.0,278243.0,307.0000000000001,736.0,1043.0,是
1899,B6T0000001029,E3,2,3,13,5,浅位,278220.0,278301.0,278367.0,66.0,81.0,147.0,是
1898,B6T0000001029,E3,2,3,13,5,深位,278220.0,278417.0,278467.0,50.0,197.0,247.0,是
1897,B6T0000001029,E3,2,4,13,5,浅位,278220.0,278517.0,278567.0,50.0,297.0,347.0,是
1900,B6T0000001029,E3,2,4,13,5,深位,278220.0,278617.0,278667.0,50.0,397.0,447.0,是
2781,B6T0000000204,E4,2,4,43,9,浅位,277200.0,278717.0,279024.0,307.0000000000001,1517.0,1824.0,是
1893,B6T0000001029,E3,2,3,27,5,浅位,278220.0,280258.5,280437.0,178.50000000000006,2038.5,2217.0,是
1894,B6T0000001029,E3,2,3,27,5,深位,278220.0,280495.0,280673.0,178.00000000000003,2275.0,2453.0,是
2549,B6T0000001449,E1,2,4,7,17,浅位,282180.0,282556.5,282778.0,221.50000000000009,376.5,598.0,是
2548,B6T0000001449,E1,2,4,7,17,深位,282180.0,282975.5,283197.0,221.50000000000009,795.5,1017.0,是
1089,B6T0000001415,E1,2,3,7,3,浅位,287880.0,288698.5,288964.0,265.5000000000001,818.5,1084.0,是
1090,B6T0000001415,E1,2,3,7,3,深位,287880.0,289229.5,289495.0,265.50000000000006,1349.5,1615.0,是
1099,B6T0000001415,E1,2,4,7,3,浅位,287880.0,289760.5,290026.0,265.50000000000006,1880.5,2146.0,是
1098,B6T0000001415,E1,2,4,7,3,深位,287880.0,290291.5,290557.0,265.5000000000001,2411.5,2677.0,是
1365,B6T0000000150,E4,2,3,46,5,浅位,295320.0,296960.0,297325.0,365.00000000000017,1640.0,2005.0,否
1366,B6T0000000150,E4,2,3,46,5,深位,295320.0,297325.0,297690.0,365.00000000000017,2005.0,2370.0,否
1372,B6T0000000150,E4,2,4,46,5,浅位,295320.0,297690.0,298055.0,365.00000000000017,2370.0,2735.0,否
1810,B6T0000001372,E1,2,3,2,10,浅位,297060.0,298055.0,298107.0,52.0,995.0,1047.0,否
1811,B6T0000001372,E1,2,3,2,10,深位,297060.0,298107.0,298159.0,52.0,1047.0,1099.0,否
1812,B6T0000001372,E1,2,4,2,10,浅位,297060.0,298159.0,298211.0,52.0,1099.0,1151.0,否
1813,B6T0000001372,E1,2,4,2,10,深位,297060.0,298211.0,298263.0,52.0,1151.0,1203.0,否
1368,B6T0000000150,E4,2,4,46,5,深位,295320.0,298263.0,298628.0,365.00000000000017,2943.0,3308.0,否
2922,B6T0000000210,E4,2,3,43,24,浅位,297660.0,300040.0,300451.0,411.00000000000017,2380.0,2791.0,否
1367,B6T0000000150,E4,2,3,49,1,浅位,295320.0,300798.0,301177.0,379.00000000000017,5478.0,5857.0,否
333,B6T0000000139,E4,2,3,45,1,浅位,302220.0,302220.0,302559.0,339.00000000000017,0.0,339.0,否
1215,B6T0000000577,E3,2,3,9,16,浅位,302040.0,302559.0,302665.0,106.0,519.0,625.0,否
1221,B6T0000000577,E3,2,3,9,16,深位,302040.0,302665.0,302771.0,106.0,625.0,731.0,否
1222,B6T0000000577,E3,2,4,9,16,浅位,302040.0,302771.0,302877.0,106.0,731.0,837.0,否
1217,B6T0000000577,E3,2,4,9,16,深位,302040.0,302877.0,302983.0,106.0,837.0,943.0,否
348,B6T0000000139,E4,2,3,45,1,深位,302220.0,302983.0,303322.0,339.00000000000017,763.0,1102.0,否
347,B6T0000000139,E4,2,4,45,1,浅位,302220.0,303322.0,303661.0,339.00000000000017,1102.0,1441.0,否
330,B6T0000000139,E4,2,4,45,1,深位,302220.0,303661.0,304000.0,339.00000000000017,1441.0,1780.0,否
3157,B6T0000001949,E1,2,3,4,1,深位,306600.0,306600.0,306624.0,24.0,0.0,24.0,否
3158,B6T0000001949,E1,2,3,5,2,深位,306600.0,306624.0,306656.0,32.0,24.0,56.0,否
3159,B6T0000001949,E1,2,3,2,7,深位,306600.0,306656.0,306696.0,40.0,56.0,96.0,否
1157,B6T0000000245,E4,2,4,43,3,深位,308040.0,308040.0,308367.0,327.00000000000017,0.0,327.0,否
1156,B6T0000000245,E4,2,3,44,2,浅位,308040.0,308367.0,308700.0,333.00000000000017,327.0,660.0,否
1164,B6T0000000245,E4,2,3,43,9,浅位,308040.0,308866.5,309057.0,190.50000000000009,826.5,1017.0,是
1155,B6T0000000245,E4,2,3,43,9,深位,308040.0,309226.5,309424.0,197.50000000000009,1186.5,1384.0,是
1167,B6T0000000245,E4,2,4,43,9,浅位,308040.0,309596.5,309801.0,204.5000000000001,1556.5,1761.0,是
1158,B6T0000000245,E4,2,3,45,5,浅位,308040.0,310818.0,311173.0,355.00000000000017,2778.0,3133.0,否
1160,B6T0000000245,E4,2,3,45,5,深位,308040.0,311173.0,311528.0,355.00000000000017,3133.0,3488.0,否
1161,B6T0000000245,E4,2,4,45,5,浅位,308040.0,311528.0,311883.0,355.00000000000017,3488.0,3843.0,否
1153,B6T0000000245,E4,2,4,45,5,深位,308040.0,311883.0,312238.0,355.00000000000017,3843.0,4198.0,否
3642,B6T0000001391,E1,2,3,3,54,浅位,312900.0,312900.0,313132.0,232.0,0.0,232.0,否
3643,B6T0000001391,E1,2,3,3,54,深位,312900.0,313157.0,313386.0,229.0,257.0,486.0,是
2135,B6T0000001633,E1,2,3,4,12,浅位,313560.0,315124.0,315192.0,68.0,1564.0,1632.0,否
2136,B6T0000001633,E1,2,3,4,12,深位,313560.0,315192.0,315260.0,68.0,1632.0,1700.0,否
224,B6T0000000581,E3,2,3,10,8,浅位,311640.0,317634.0,317716.0,82.0,5994.0,6076.0,否
225,B6T0000000581,E3,2,3,10,8,深位,311640.0,317716.0,317798.0,82.0,6076.0,6158.0,否
220,B6T0000000581,E3,2,4,10,8,浅位,311640.0,317798.0,317880.0,82.0,6158.0,6240.0,否
226,B6T0000000581,E3,2,4,10,8,深位,311640.0,317880.0,317962.0,82.0,6240.0,6322.0,否
503,B6T0000001101,E3,2,3,13,6,浅位,309960.0,320009.0,320107.0,98.0,10049.0,10147.0,否
507,B6T0000001101,E3,2,3,13,6,深位,309960.0,320107.0,320205.0,98.0,10147.0,10245.0,否
505,B6T0000001101,E3,2,4,13,6,浅位,309960.0,320205.0,320303.0,98.0,10245.0,10343.0,否
515,B6T0000001101,E3,2,4,13,6,深位,309960.0,320303.0,320401.0,98.0,10343.0,10441.0,否
3726,B6T0000001813,E1,2,3,7,3,深位,345840.0,346000.0,346123.0,123.0,160.0,283.0,是
3727,B6T0000001813,E1,2,4,7,3,浅位,345840.0,346148.0,346173.0,25.0,308.0,333.0,是
2651,B6T0000001682,E1,2,3,7,20,浅位,345720.0,346198.0,346291.0,93.0,478.0,571.0,是
2650,B6T0000001682,E1,2,3,7,20,深位,345720.0,346350.0,346409.0,59.0,630.0,689.0,是
2649,B6T0000001682,E1,2,4,7,20,浅位,345720.0,346468.0,346527.0,59.0,748.0,807.0,是
2648,B6T0000001682,E1,2,4,7,20,深位,345720.0,346586.0,346645.0,59.0,866.0,925.0,是
974,B6T0000001844,E1,2,3,1,6,浅位,346200.0,346704.0,346763.0,59.0,504.0,563.0,是
973,B6T0000001844,E1,2,3,1,6,深位,346200.0,346782.0,346801.0,19.0,582.0,601.0,是
972,B6T0000001844,E1,2,4,1,6,浅位,346200.0,346820.0,346839.0,19.0,620.0,639.0,是
977,B6T0000001844,E1,2,4,1,6,深位,346200.0,346858.0,346877.0,19.0,658.0,677.0,是
2736,B6T0000001280,E3,2,4,11,33,浅位,345720.0,346896.0,347073.0,177.0,1176.0,1353.0,是
2453,B6T0000001399,E1,2,3,1,19,浅位,346860.0,347632.0,347757.0,125.0,772.0,897.0,是
752,B6T0000000843,E3,2,3,16,4,浅位,346140.0,347802.0,347937.0,135.0,1662.0,1797.0,是
3013,B6T0000001973,E1,2,3,1,18,浅位,347820.0,347997.0,348113.0,116.0,177.0,293.0,是
983,B6T0000001844,E1,2,3,1,6,浅位,346200.0,348156.0,348199.0,43.00000000000001,1956.0,1999.0,是
975,B6T0000001844,E1,2,3,1,6,深位,346200.0,348218.0,348237.0,19.0,2018.0,2037.0,是
982,B6T0000001844,E1,2,4,1,6,浅位,346200.0,348256.0,348275.0,19.0,2056.0,2075.0,是
981,B6T0000001844,E1,2,4,1,6,深位,346200.0,348294.0,348313.0,19.0,2094.0,2113.0,是
980,B6T0000001844,E1,2,3,1,6,浅位,346200.0,348491.5,348670.0,178.50000000000009,2291.5,2470.0,是
979,B6T0000001844,E1,2,3,1,6,深位,346200.0,348848.5,349027.0,178.50000000000009,2648.5,2827.0,是
978,B6T0000001844,E1,2,4,1,6,浅位,346200.0,349207.5,349392.0,184.50000000000009,3007.5,3192.0,是
2208,B6T0000001098,E3,2,3,9,27,浅位,346200.0,349572.5,349841.0,268.5000000000001,3372.5,3641.0,是
2209,B6T0000001098,E3,2,3,9,27,深位,346200.0,350021.5,350290.0,268.5000000000001,3821.5,4090.0,是
2210,B6T0000001098,E3,2,4,9,27,浅位,346200.0,350470.5,350739.0,268.5000000000001,4270.5,4539.0,是
3226,B6T0000001769,E1,2,3,7,35,浅位,348300.0,350924.5,351230.0,305.5000000000001,2624.5,2930.0,是
3228,B6T0000001769,E1,2,3,7,35,深位,348300.0,351415.5,351721.0,305.5000000000001,3115.5,3421.0,是
3227,B6T0000001769,E1,2,4,7,35,浅位,348300.0,351906.5,352212.0,305.5000000000001,3606.5,3912.0,是
2817,B6T0000000976,E3,2,4,39,5,浅位,348120.0,352397.5,352583.0,185.50000000000009,4277.5,4463.0,是
2819,B6T0000000976,E3,2,4,39,5,深位,348120.0,352775.5,352984.0,208.50000000000009,4655.5,4864.0,是
271,B6T0000000305,E4,2,3,44,2,深位,347580.0,352984.0,353317.0,333.00000000000017,5404.0,5737.0,否
270,B6T0000000305,E4,2,4,44,2,浅位,347580.0,353317.0,353650.0,333.00000000000017,5737.0,6070.0,否
269,B6T0000000305,E4,2,4,44,2,深位,347580.0,353650.0,353983.0,333.00000000000017,6070.0,6403.0,否
3592,B6T0000000056,E4,2,4,43,8,深位,347820.0,353983.0,354330.0,347.00000000000017,6163.0,6510.0,否
3593,B6T0000000056,E4,2,3,45,3,浅位,347820.0,354330.0,354677.0,347.00000000000017,6510.0,6857.0,否
3422,B6T0000000173,E4,2,4,46,5,浅位,345960.0,354677.0,355042.0,365.00000000000017,8717.0,9082.0,否
3266,B6T0000000994,E3,2,4,18,15,深位,354900.0,355042.0,355216.0,174.0,142.0,316.0,否
3267,B6T0000000994,E3,2,3,18,26,深位,354900.0,355216.0,355434.0,218.0,316.0,534.0,否
3423,B6T0000000173,E4,2,4,46,5,深位,345960.0,355434.0,355799.0,365.00000000000017,9474.0,9839.0,否
1995,B6T0000000186,E4,2,3,46,9,浅位,346080.0,355799.0,356180.0,381.00000000000017,9719.0,10100.0,否
1996,B6T0000000186,E4,2,3,46,9,深位,346080.0,356180.0,356561.0,381.00000000000017,10100.0,10481.0,否
3738,B6T0000000137,E4,2,3,46,14,浅位,347880.0,356561.0,356962.0,401.00000000000017,8681.0,9082.0,否
3667,B6T0000001940,E1,2,3,8,52,浅位,369420.0,369420.0,369664.0,244.0,0.0,244.0,否
3666,B6T0000001940,E1,2,3,8,52,深位,369420.0,369664.0,369908.0,244.0,244.0,488.0,否
311,B6T0000001196,E3,2,3,14,4,浅位,376560.0,376854.0,376952.0,97.99999999999999,294.0,392.0,否
313,B6T0000001196,E3,2,3,14,4,深位,376560.0,376952.0,377050.0,97.99999999999999,392.0,490.0,否
312,B6T0000001196,E3,2,4,14,4,浅位,376560.0,377050.0,377148.0,97.99999999999999,490.0,588.0,否
918,B6T0000000411,E3,2,3,15,6,深位,378240.0,378626.0,378740.0,113.99999999999999,386.0,500.0,否
913,B6T0000000411,E3,2,4,15,6,浅位,378240.0,378740.0,378854.0,113.99999999999999,500.0,614.0,否
922,B6T0000000411,E3,2,4,15,6,深位,378240.0,378854.0,378968.0,113.99999999999999,614.0,728.0,否
3720,B6T0000000563,E3,2,4,26,45,浅位,382020.0,382020.0,382378.0,358.0,0.0,358.0,否
3721,B6T0000000563,E3,2,4,26,45,深位,382020.0,382378.0,382736.0,358.0,358.0,716.0,否
2768,B6T0000001992,E1,2,4,2,9,深位,382920.0,383018.0,383090.0,72.0,98.0,170.0,是
2769,B6T0000001992,E1,2,4,7,5,深位,382920.0,383150.0,383210.0,59.99999999999999,230.0,290.0,是
2770,B6T0000001992,E1,2,3,4,11,浅位,382920.0,383270.0,383350.0,79.99999999999999,350.0,430.0,是
2771,B6T0000001992,E1,2,3,4,11,深位,382920.0,383518.0,383686.0,168.0,598.0,766.0,是
2758,B6T0000001843,E1,2,4,5,2,浅位,386040.0,386492.0,386660.0,168.0,452.0,620.0,是
2756,B6T0000001843,E1,2,4,5,2,深位,386040.0,386828.0,386996.0,168.0,788.0,956.0,是
2757,B6T0000001843,E1,2,4,2,8,浅位,386040.0,386996.0,387040.0,44.0,956.0,1000.0,否
2759,B6T0000001843,E1,2,4,2,8,深位,386040.0,387059.0,387102.0,43.0,1019.0,1062.0,是
596,B6T0000000247,E4,2,3,45,2,浅位,400380.0,400717.0,401060.0,343.00000000000017,337.0,680.0,否
595,B6T0000000247,E4,2,3,45,2,深位,400380.0,401060.0,401403.0,343.00000000000017,680.0,1023.0,否
6,B6T0000001209,E3,2,3,9,3,浅位,402180.0,402396.0,402450.0,53.99999999999999,216.0,270.0,否
3145,B6T0000001777,E1,2,3,2,9,浅位,402420.0,402450.0,402498.0,48.0,30.0,78.0,否
3146,B6T0000001777,E1,2,3,2,9,深位,402420.0,402498.0,402546.0,48.0,78.0,126.0,否
3147,B6T0000001777,E1,2,4,2,9,浅位,402420.0,402546.0,402594.0,48.0,126.0,174.0,否
5,B6T0000001209,E3,2,3,9,3,深位,402180.0,402594.0,402648.0,53.99999999999999,414.0,468.0,否
4,B6T0000001209,E3,2,3,10,1,浅位,402180.0,402648.0,402702.0,54.0,468.0,522.0,否
2,B6T0000001209,E3,2,3,10,1,深位,402180.0,402702.0,402756.0,54.0,522.0,576.0,否
11,B6T0000001209,E3,2,4,10,1,浅位,402180.0,402756.0,402810.0,54.0,576.0,630.0,否
9,B6T0000001209,E3,2,4,10,1,深位,402180.0,402810.0,402864.0,54.0,630.0,684.0,否
2686,B6T0000000229,E4,2,3,43,9,浅位,431700.0,432114.5,432318.0,203.5000000000001,414.5,618.0,是
2687,B6T0000000229,E4,2,3,43,9,深位,431700.0,432496.5,432675.0,178.50000000000009,796.5,975.0,是
2684,B6T0000000229,E4,2,4,43,9,浅位,431700.0,432853.5,433032.0,178.50000000000009,1153.5,1332.0,是
392,B6T0000000471,E3,2,4,17,1,深位,433020.0,433210.5,433389.0,178.50000000000006,190.5,369.0,是
966,B6T0000000445,E3,2,3,13,9,浅位,432000.0,433597.5,433806.0,208.50000000000006,1597.5,1806.0,是
3654,B6T0000000616,E3,2,3,14,4,浅位,433800.0,434071.5,434337.0,265.50000000000006,271.5,537.0,是
627,B6T0000000469,E3,2,4,9,11,浅位,433980.0,434603.5,434870.0,266.5000000000001,623.5,890.0,是
628,B6T0000000469,E3,2,4,9,11,深位,433980.0,435136.5,435403.0,266.5000000000001,1156.5,1423.0,是
3655,B6T0000000616,E3,2,3,14,4,深位,433800.0,435669.5,435936.0,266.50000000000006,1869.5,2136.0,是
965,B6T0000000445,E3,2,3,13,9,深位,432000.0,436202.5,436469.0,266.5000000000001,4202.5,4469.0,是
1798,B6T0000001271,E3,2,3,9,22,浅位,431820.0,436735.5,437002.0,266.5000000000001,4915.5,5182.0,是
1797,B6T0000001271,E3,2,3,9,22,深位,431820.0,437268.5,437535.0,266.5000000000001,5448.5,5715.0,是
1803,B6T0000001271,E3,2,4,9,22,浅位,431820.0,437801.5,438068.0,266.5000000000001,5981.5,6248.0,是
1175,B6T0000001838,E1,2,3,8,3,浅位,437520.0,438334.5,438601.0,266.5000000000001,814.5,1081.0,是
1169,B6T0000001838,E1,2,3,8,3,深位,437520.0,438867.5,439134.0,266.5000000000001,1347.5,1614.0,是
1173,B6T0000001838,E1,2,4,8,3,浅位,437520.0,439400.5,439667.0,266.5000000000001,1880.5,2147.0,是
1172,B6T0000001838,E1,2,4,8,3,深位,437520.0,439933.5,440200.0,266.5000000000001,2413.5,2680.0,是
1804,B6T0000001271,E3,2,4,9,22,深位,431820.0,440227.0,440336.0,109.0,8407.0,8516.0,是
936,B6T0000000508,E3,2,3,19,2,浅位,434460.0,440363.0,440476.0,113.00000000000001,5903.0,6016.0,是
940,B6T0000000508,E3,2,3,19,2,深位,434460.0,440503.0,440616.0,113.00000000000001,6043.0,6156.0,是
2425,B6T0000000890,E3,2,3,9,30,浅位,434940.0,440643.0,440784.0,141.0,5703.0,5844.0,是
2426,B6T0000000890,E3,2,3,9,30,深位,434940.0,441050.5,441317.0,266.5000000000001,6110.5,6377.0,是
2428,B6T0000000890,E3,2,4,9,30,浅位,434940.0,441584.5,441852.0,267.5000000000001,6644.5,6912.0,是
2429,B6T0000000890,E3,2,4,9,30,深位,434940.0,442119.5,442387.0,267.5000000000001,7179.5,7447.0,是
92,B6T0000000261,E4,2,3,43,2,浅位,435240.0,442433.0,442752.0,319.00000000000017,7193.0,7512.0,是
84,B6T0000000261,E4,2,3,43,2,深位,435240.0,442798.0,443117.0,319.00000000000017,7558.0,7877.0,是
93,B6T0000000261,E4,2,4,43,2,浅位,435240.0,443169.0,443454.0,285.00000000000017,7929.0,8214.0,是
85,B6T0000000261,E4,2,4,43,2,深位,435240.0,443506.0,443791.0,285.00000000000017,8266.0,8551.0,是
2685,B6T0000000229,E4,2,3,45,5,浅位,431700.0,443849.0,444152.0,303.00000000000017,12149.0,12452.0,是
1261,B6T0000000615,E3,2,3,16,3,浅位,443820.0,444210.0,444292.0,82.0,390.0,472.0,是
1262,B6T0000000615,E3,2,3,16,3,深位,443820.0,444350.0,444408.0,57.99999999999999,530.0,588.0,是
1263,B6T0000000615,E3,2,4,16,3,浅位,443820.0,444572.5,444741.0,168.50000000000009,752.5,921.0,是
1264,B6T0000000615,E3,2,4,16,3,深位,443820.0,444741.0,444851.0,109.99999999999999,921.0,1031.0,否
1265,B6T0000000615,E3,2,3,20,3,浅位,443820.0,444851.0,444993.0,142.00000000000003,1031.0,1173.0,否
1269,B6T0000000615,E3,2,3,20,3,深位,443820.0,444993.0,445135.0,142.00000000000003,1173.0,1315.0,否
1276,B6T0000000615,E3,2,4,20,3,浅位,443820.0,445135.0,445277.0,142.00000000000003,1315.0,1457.0,否
1274,B6T0000000615,E3,2,4,20,3,深位,443820.0,445277.0,445419.0,142.00000000000003,1457.0,1599.0,否
1266,B6T0000000615,E3,2,3,20,5,浅位,443820.0,445419.0,445569.0,150.0,1599.0,1749.0,否
1267,B6T0000000615,E3,2,3,20,5,深位,443820.0,445569.0,445719.0,150.0,1749.0,1899.0,否
1117,B6T0000001301,E3,2,3,9,15,浅位,443880.0,445719.0,445821.0,102.0,1839.0,1941.0,否
1116,B6T0000001301,E3,2,3,9,15,深位,443880.0,445821.0,445923.0,102.0,1941.0,2043.0,否
1108,B6T0000001301,E3,2,4,9,15,浅位,443880.0,445923.0,446025.0,102.0,2043.0,2145.0,否
1114,B6T0000001301,E3,2,4,9,15,深位,443880.0,446025.0,446127.0,102.0,2145.0,2247.0,否
1273,B6T0000000615,E3,2,4,20,5,浅位,443820.0,446127.0,446277.0,150.0,2307.0,2457.0,否
1272,B6T0000000615,E3,2,4,20,5,深位,443820.0,446277.0,446427.0,150.0,2457.0,2607.0,否
1125,B6T0000001955,E1,2,4,4,5,浅位,447420.0,447452.0,447492.0,40.0,32.0,72.0,否
1132,B6T0000001955,E1,2,4,4,5,深位,447420.0,447492.0,447532.0,40.0,72.0,112.0,否
1593,B6T0000001157,E3,2,3,9,20,浅位,447840.0,449005.0,449127.0,122.0,1165.0,1287.0,否
1592,B6T0000001157,E3,2,3,9,20,深位,447840.0,449127.0,449249.0,122.0,1287.0,1409.0,否
1591,B6T0000001157,E3,2,4,9,20,浅位,447840.0,449249.0,449371.0,122.0,1409.0,1531.0,否
1590,B6T0000001157,E3,2,4,9,20,深位,447840.0,449371.0,449493.0,122.0,1531.0,1653.0,否
1597,B6T0000001157,E3,2,3,26,2,浅位,447840.0,449493.0,449679.0,186.00000000000003,1653.0,1839.0,否
1598,B6T0000001157,E3,2,3,26,2,深位,447840.0,449679.0,449865.0,186.00000000000003,1839.0,2025.0,否
1599,B6T0000001157,E3,2,4,26,2,浅位,447840.0,449865.0,450051.0,186.00000000000003,2025.0,2211.0,否
1323,B6T0000001360,E1,2,4,2,7,浅位,454620.0,454690.0,454754.0,64.0,70.0,134.0,是
1324,B6T0000001360,E1,2,4,2,7,深位,454620.0,454777.0,454800.0,23.0,157.0,180.0,是
1631,B6T0000001671,E1,2,3,6,6,浅位,456420.0,457351.0,457403.0,52.0,931.0,983.0,否
1624,B6T0000001671,E1,2,3,6,6,深位,456420.0,457403.0,457455.0,52.0,983.0,1035.0,否
1845,B6T0000000219,E4,2,3,45,9,浅位,460560.0,462251.0,462622.0,371.00000000000017,1691.0,2062.0,否
1844,B6T0000000219,E4,2,3,45,9,深位,460560.0,462622.0,462993.0,371.00000000000017,2062.0,2433.0,否
1850,B6T0000000219,E4,2,4,45,9,浅位,460560.0,462993.0,463364.0,371.00000000000017,2433.0,2804.0,否
1842,B6T0000000219,E4,2,4,45,9,深位,460560.0,463364.0,463735.0,371.00000000000017,2804.0,3175.0,否
1207,B6T0000001639,E1,2,3,3,6,浅位,463080.0,464878.0,464918.0,40.0,1798.0,1838.0,否
1206,B6T0000001639,E1,2,3,3,6,深位,463080.0,464918.0,464958.0,40.0,1838.0,1878.0,否
1194,B6T0000001639,E1,2,4,3,6,浅位,463080.0,464958.0,464998.0,40.0,1878.0,1918.0,否
1196,B6T0000001639,E1,2,4,3,6,深位,463080.0,464998.0,465038.0,40.0,1918.0,1958.0,否
540,B6T0000001197,E3,2,3,15,4,浅位,466860.0,467359.0,467465.0,105.99999999999999,499.0,605.0,否
541,B6T0000001197,E3,2,3,15,4,深位,466860.0,467465.0,467571.0,105.99999999999999,605.0,711.0,否
542,B6T0000001197,E3,2,4,15,4,浅位,466860.0,467571.0,467677.0,105.99999999999999,711.0,817.0,否
539,B6T0000001197,E3,2,4,15,4,深位,466860.0,467677.0,467783.0,105.99999999999999,817.0,923.0,否
3585,B6T0000000883,E3,2,3,9,58,浅位,472980.0,472980.0,473254.0,274.0,0.0,274.0,否
3584,B6T0000000883,E3,2,3,9,58,深位,472980.0,473254.0,473528.0,274.0,274.0,548.0,否
2303,B6T0000001178,E3,2,3,9,28,浅位,470880.0,474170.0,474324.0,154.0,3290.0,3444.0,否
2302,B6T0000001178,E3,2,3,9,28,深位,470880.0,474324.0,474478.0,154.0,3444.0,3598.0,否
1902,B6T0000001740,E1,2,3,4,10,浅位,480000.0,480000.0,480060.0,60.0,0.0,60.0,否
1901,B6T0000001740,E1,2,3,4,10,深位,480000.0,480060.0,480120.0,60.0,60.0,120.0,否
1903,B6T0000001740,E1,2,4,4,10,浅位,480000.0,480120.0,480180.0,60.0,120.0,180.0,否
1907,B6T0000001740,E1,2,4,4,10,深位,480000.0,480180.0,480240.0,60.0,180.0,240.0,否
961,B6T0000000445,E3,2,4,13,9,浅位,485940.0,485940.0,486050.0,110.0,0.0,110.0,否
1699,B6T0000001342,E1,2,3,4,8,浅位,486000.0,486050.0,486102.0,52.0,50.0,102.0,否
1700,B6T0000001342,E1,2,3,4,8,深位,486000.0,486102.0,486154.0,52.0,102.0,154.0,否
1702,B6T0000001342,E1,2,4,4,8,浅位,486000.0,486154.0,486206.0,52.0,154.0,206.0,否
1703,B6T0000001342,E1,2,4,4,8,深位,486000.0,486206.0,486258.0,52.0,206.0,258.0,否
959,B6T0000000445,E3,2,4,13,9,深位,485940.0,486258.0,486368.0,110.0,318.0,428.0,否
3475,B6T0000000014,E4,2,3,45,3,深位,487440.0,487440.0,487787.0,347.00000000000017,0.0,347.0,否
3474,B6T0000000014,E4,2,4,45,3,浅位,487440.0,487787.0,488134.0,347.00000000000017,347.0,694.0,否
2081,B6T0000001673,E1,2,3,6,10,浅位,487860.0,488275.0,488343.0,68.0,415.0,483.0,否
2083,B6T0000001673,E1,2,3,6,10,深位,487860.0,488343.0,488411.0,68.0,483.0,551.0,否
2084,B6T0000001673,E1,2,4,6,10,浅位,487860.0,488411.0,488479.0,68.0,551.0,619.0,否
2079,B6T0000001673,E1,2,4,6,10,深位,487860.0,488479.0,488547.0,68.0,619.0,687.0,否
1755,B6T0000000007,E4,2,3,43,11,浅位,479820.0,491460.0,491819.0,359.00000000000017,11640.0,11999.0,否
3069,B6T0000000455,E3,2,4,9,10,浅位,518640.0,518640.0,518722.0,82.0,0.0,82.0,否
3068,B6T0000000455,E3,2,4,9,10,深位,518640.0,518722.0,518804.0,82.0,82.0,164.0,否
1860,B6T0000000725,E3,2,3,13,19,浅位,518520.0,518804.0,518954.0,150.0,284.0,434.0,否
1865,B6T0000000725,E3,2,3,13,19,深位,518520.0,518954.0,519104.0,150.0,434.0,584.0,否
1867,B6T0000000725,E3,2,4,13,19,浅位,518520.0,519104.0,519254.0,150.0,584.0,734.0,否
1868,B6T0000000725,E3,2,4,13,19,深位,518520.0,519254.0,519404.0,150.0,734.0,884.0,否
1287,B6T0000001854,E1,2,3,2,7,浅位,519120.0,519492.0,519532.0,40.0,372.0,412.0,否
783,B6T0000001996,E1,2,3,7,2,浅位,520620.0,520723.0,520763.0,40.0,103.0,143.0,否
785,B6T0000001996,E1,2,3,7,2,深位,520620.0,520763.0,520803.0,40.0,143.0,183.0,否
786,B6T0000001996,E1,2,4,7,2,浅位,520620.0,520803.0,520843.0,40.0,183.0,223.0,否
787,B6T0000001996,E1,2,4,7,2,深位,520620.0,520843.0,520883.0,40.0,223.0,263.0,否
601,B6T0000000247,E4,2,4,45,2,浅位,521520.0,521520.0,521863.0,343.00000000000017,0.0,343.0,否
619,B6T0000000247,E4,2,4,45,2,深位,521520.0,521863.0,522206.0,343.00000000000017,343.0,686.0,否
3134,B6T0000000635,E3,2,3,15,1,浅位,529320.0,529320.0,529414.0,93.99999999999999,0.0,94.0,否
3135,B6T0000000635,E3,2,3,15,1,深位,529320.0,529414.0,529508.0,93.99999999999999,94.0,188.0,否
3133,B6T0000000635,E3,2,4,15,1,浅位,529320.0,529508.0,529602.0,93.99999999999999,188.0,282.0,否
1928,B6T0000001140,E3,2,4,14,4,浅位,532200.0,532200.0,532298.0,97.99999999999999,0.0,98.0,否
1927,B6T0000001140,E3,2,3,15,6,深位,532200.0,532298.0,532412.0,113.99999999999999,98.0,212.0,否
1926,B6T0000001140,E3,2,4,15,6,浅位,532200.0,532412.0,532526.0,113.99999999999999,212.0,326.0,否
1925,B6T0000001140,E3,2,4,15,6,深位,532200.0,532526.0,532640.0,113.99999999999999,326.0,440.0,否
1930,B6T0000001140,E3,2,3,10,23,浅位,532200.0,532924.0,533066.0,142.0,724.0,866.0,否
1932,B6T0000001140,E3,2,3,10,23,深位,532200.0,533066.0,533208.0,142.0,866.0,1008.0,否
2267,B6T0000001742,E1,2,4,2,9,深位,534000.0,534000.0,534048.0,48.0,0.0,48.0,否
2271,B6T0000001742,E1,2,4,7,5,深位,534000.0,534048.0,534100.0,52.0,48.0,100.0,否
2270,B6T0000001742,E1,2,3,4,11,浅位,534000.0,534100.0,534164.0,64.0,100.0,164.0,否
2266,B6T0000001742,E1,2,3,4,11,深位,534000.0,534164.0,534228.0,64.0,164.0,228.0,否
3320,B6T0000001039,E3,2,4,13,5,浅位,534360.0,534360.0,534454.0,94.0,0.0,94.0,否
3321,B6T0000001039,E3,2,4,13,5,深位,534360.0,534454.0,534548.0,94.0,94.0,188.0,否
2495,B6T0000000257,E4,2,3,45,16,浅位,543720.0,545316.0,545715.0,399.00000000000017,1596.0,1995.0,否
2409,B6T0000000509,E3,2,4,32,6,浅位,549000.0,549385.0,549635.0,250.00000000000006,385.0,635.0,否
2297,B6T0000000431,E3,2,3,31,5,浅位,562500.0,563416.0,563654.0,238.00000000000006,916.0,1154.0,否
2296,B6T0000000431,E3,2,3,31,5,深位,562500.0,563654.0,563892.0,238.00000000000006,1154.0,1392.0,否
1082,B6T0000000178,E4,2,3,47,2,浅位,558720.0,563892.0,564255.0,363.00000000000017,5172.0,5535.0,否
1081,B6T0000000178,E4,2,3,47,2,深位,558720.0,564255.0,564618.0,363.00000000000017,5535.0,5898.0,否
3249,B6T0000000223,E4,2,4,45,5,深位,564480.0,564618.0,564973.0,355.00000000000017,138.0,493.0,否
1074,B6T0000000178,E4,2,4,47,2,浅位,558720.0,564973.0,565336.0,363.00000000000017,6253.0,6616.0,否
1079,B6T0000000178,E4,2,4,47,2,深位,558720.0,565336.0,565699.0,363.00000000000017,6616.0,6979.0,否
3248,B6T0000000223,E4,2,3,46,5,浅位,564480.0,565699.0,566064.0,365.00000000000017,1219.0,1584.0,否
3489,B6T0000001536,E1,2,3,6,4,深位,565800.0,566064.0,566108.0,44.0,264.0,308.0,否
3488,B6T0000001536,E1,2,3,8,2,深位,565800.0,566108.0,566152.0,44.0,308.0,352.0,否
2677,B6T0000000928,E3,2,3,12,14,浅位,568140.0,568140.0,568262.0,122.0,0.0,122.0,否
2678,B6T0000000928,E3,2,3,12,14,深位,568140.0,568262.0,568384.0,122.0,122.0,244.0,否
2679,B6T0000000928,E3,2,4,12,14,浅位,568140.0,568384.0,568506.0,122.0,244.0,366.0,否
2676,B6T0000000928,E3,2,4,12,14,深位,568140.0,568506.0,568628.0,122.0,366.0,488.0,否
2265,B6T0000000534,E3,2,4,13,23,深位,575160.0,575160.0,575326.0,166.0,0.0,166.0,否
2264,B6T0000000534,E3,2,3,23,3,深位,575160.0,575326.0,575492.0,166.00000000000003,166.0,332.0,否
2263,B6T0000000534,E3,2,4,16,18,深位,575160.0,575492.0,575662.0,170.0,332.0,502.0,否
2262,B6T0000000534,E3,2,4,18,15,浅位,575160.0,575662.0,575836.0,174.0,502.0,676.0,否
2261,B6T0000000534,E3,2,4,23,8,深位,575160.0,575836.0,576022.0,186.00000000000003,676.0,862.0,否
2260,B6T0000000534,E3,2,4,11,35,浅位,575160.0,576022.0,576220.0,198.0,862.0,1060.0,否
3706,B6T0000001047,E3,3,5,41,29,浅位,480.0,533.0,912.0000000000001,379.0000000000001,53.0,432.0000000000001,是
3707,B6T0000001047,E3,3,5,41,29,深位,480.0,953.0000000000001,1332.0000000000002,379.0000000000001,473.0000000000001,852.0000000000002,是
2227,B6T0000001241,E3,3,5,13,23,浅位,9240.0,9572.0,9738.0,166.0,332.0,498.0,否
2226,B6T0000001241,E3,3,5,13,23,深位,9240.0,9738.0,9904.0,166.0,498.0,664.0,否
2225,B6T0000001241,E3,3,6,13,23,浅位,9240.0,9904.0,10070.0,166.0,664.0,830.0,否
2224,B6T0000001241,E3,3,6,13,23,深位,9240.0,10070.0,10236.0,166.0,830.0,996.0,否
2849,B6T0000000939,E3,3,5,11,35,浅位,17580.0,18379.5,18627.0,247.50000000000009,799.5,1047.0,是
2848,B6T0000000939,E3,3,5,11,35,深位,17580.0,18882.5,19158.0,275.5000000000001,1302.5,1578.0,是
2375,B6T0000001791,E1,3,5,6,14,浅位,18480.0,19927.5,20186.0,258.5000000000001,1447.5,1706.0,是
2374,B6T0000001791,E1,3,5,6,14,深位,18480.0,20444.5,20703.0,258.5000000000001,1964.5,2223.0,是
1973,B6T0000001165,E3,3,5,18,15,浅位,20280.0,21473.5,21733.0,259.50000000000006,1193.5,1453.0,是
1979,B6T0000001165,E3,3,5,18,15,深位,20280.0,21992.5,22252.0,259.50000000000006,1712.5,1972.0,是
1980,B6T0000001165,E3,3,6,18,15,浅位,20280.0,22511.5,22771.0,259.50000000000006,2231.5,2491.0,是
1978,B6T0000001165,E3,3,6,18,15,深位,20280.0,23030.5,23290.0,259.50000000000006,2750.5,3010.0,是
1515,B6T0000000118,E4,3,5,43,10,浅位,17760.0,23550.5,23811.0,260.5000000000001,5790.5,6051.0,是
1516,B6T0000000118,E4,3,5,43,10,深位,17760.0,23991.5,24172.0,180.50000000000009,6231.5,6412.0,是
1517,B6T0000000118,E4,3,6,43,10,浅位,17760.0,24352.5,24533.0,180.50000000000009,6592.5,6773.0,是
1508,B6T0000000118,E4,3,6,43,10,深位,17760.0,24713.5,24894.0,180.50000000000009,6953.5,7134.0,是
718,B6T0000000313,E4,3,5,45,3,浅位,19560.0,25509.5,25790.0,280.5000000000001,5949.5,6230.0,是
719,B6T0000000313,E4,3,5,45,3,深位,19560.0,25966.5,26143.0,176.50000000000009,6406.5,6583.0,是
720,B6T0000000313,E4,3,6,45,3,浅位,19560.0,26319.5,26496.0,176.50000000000009,6759.5,6936.0,是
721,B6T0000000313,E4,3,6,45,3,深位,19560.0,26672.5,26849.0,176.50000000000009,7112.5,7289.0,是
2056,B6T0000001476,E1,3,5,4,11,浅位,26280.0,27025.5,27234.0,208.50000000000009,745.5,954.0,是
2051,B6T0000001476,E1,3,5,4,11,深位,26280.0,27494.5,27755.0,260.5000000000001,1214.5,1475.0,是
2050,B6T0000001476,E1,3,6,4,11,浅位,26280.0,28015.5,28276.0,260.5000000000001,1735.5,1996.0,是
2789,B6T0000001578,E1,3,5,1,26,浅位,26100.0,28537.5,28799.0,261.5000000000001,2437.5,2699.0,是
2790,B6T0000001578,E1,3,5,1,26,深位,26100.0,29060.5,29322.0,261.5000000000001,2960.5,3222.0,是
1561,B6T0000001735,E1,3,5,7,5,浅位,30420.0,30961.0,31047.0,86.0,541.0,627.0,是
1559,B6T0000001735,E1,3,5,7,5,深位,30420.0,31137.0,31227.0,90.0,717.0,807.0,是
1558,B6T0000001735,E1,3,6,7,5,浅位,30420.0,31489.5,31752.0,262.50000000000006,1069.5,1332.0,是
1557,B6T0000001735,E1,3,6,7,5,深位,30420.0,32014.5,32277.0,262.5000000000001,1594.5,1857.0,是
729,B6T0000000140,E4,3,5,46,2,浅位,25680.0,34628.0,34981.0,353.00000000000017,8948.0,9301.0,否
1726,B6T0000001672,E1,3,6,6,7,浅位,35040.0,35040.0,35096.0,56.0,0.0,56.0,否
1725,B6T0000001672,E1,3,6,6,7,深位,35040.0,35096.0,35152.0,56.0,56.0,112.0,否
2965,B6T0000000501,E3,3,6,36,11,浅位,36180.0,36180.0,36482.0,302.0000000000001,0.0,302.0,否
2967,B6T0000000501,E3,3,6,36,11,深位,36180.0,36482.0,36784.0,302.0000000000001,302.0,604.0,否
2366,B6T0000001801,E1,3,6,7,13,浅位,37800.0,37800.0,37884.0,84.0,0.0,84.0,否
2362,B6T0000001801,E1,3,6,7,13,深位,37800.0,37884.0,37968.0,84.0,84.0,168.0,否
3491,B6T0000000175,E4,3,6,43,40,浅位,37980.0,37980.0,38455.0,475.00000000000017,0.0,475.0,否
3490,B6T0000000175,E4,3,6,43,40,深位,37980.0,38455.0,38930.0,475.00000000000017,475.0,950.0,否
2502,B6T0000000481,E3,3,5,17,23,浅位,41940.0,42336.0,42534.0,198.0,396.0,594.0,否
2503,B6T0000000481,E3,3,5,17,23,深位,41940.0,42534.0,42732.0,198.0,594.0,792.0,否
2504,B6T0000000481,E3,3,6,17,23,浅位,41940.0,42732.0,42930.0,198.0,792.0,990.0,否
3368,B6T0000001563,E1,3,6,4,42,浅位,44160.0,44160.0,44348.0,188.0,0.0,188.0,否
3369,B6T0000001563,E1,3,6,4,42,深位,44160.0,44348.0,44536.0,188.0,188.0,376.0,否
1969,B6T0000000437,E3,3,5,13,20,浅位,42600.0,44790.0,44944.0,154.0,2190.0,2344.0,否
1967,B6T0000000437,E3,3,5,13,20,深位,42600.0,44944.0,45098.0,154.0,2344.0,2498.0,否
2908,B6T0000001656,E1,3,5,2,28,浅位,44400.0,45445.0,45569.0,124.0,1045.0,1169.0,否
3317,B6T0000000375,E3,3,5,14,43,浅位,54000.0,54368.0,54554.0,185.99999999999997,368.0,554.0,是
670,B6T0000001698,E1,3,5,8,1,浅位,54180.0,54684.0,54814.0,130.0,504.0,634.0,是
669,B6T0000001698,E1,3,5,8,1,深位,54180.0,54968.0,55122.0,154.0,788.0,942.0,是
668,B6T0000001698,E1,3,6,8,1,浅位,54180.0,55276.0,55430.0,154.0,1096.0,1250.0,是
667,B6T0000001698,E1,3,6,8,1,深位,54180.0,55453.0,55476.0,23.0,1273.0,1296.0,是
1569,B6T0000001553,E1,3,5,2,8,浅位,54600.0,55499.0,55550.0,51.0,899.0,950.0,是
1570,B6T0000001553,E1,3,5,2,8,深位,54600.0,55573.0,55624.0,51.0,973.0,1024.0,是
1571,B6T0000001553,E1,3,6,2,8,浅位,54600.0,55647.0,55698.0,51.0,1047.0,1098.0,是
1572,B6T0000001553,E1,3,6,2,8,深位,54600.0,55723.0,55748.0,25.0,1123.0,1148.0,是
2283,B6T0000001811,E1,3,5,2,15,浅位,54840.0,55773.0,55826.0,53.0,933.0,986.0,是
2278,B6T0000001811,E1,3,5,2,15,深位,54840.0,55851.0,55904.0,53.0,1011.0,1064.0,是
2280,B6T0000001811,E1,3,6,2,15,浅位,54840.0,55929.0,55982.0,53.0,1089.0,1142.0,是
2281,B6T0000001811,E1,3,6,2,15,深位,54840.0,56136.0,56290.0,154.0,1296.0,1450.0,是
368,B6T0000001440,E1,3,5,5,2,浅位,55740.0,56444.0,56598.0,154.0,704.0,858.0,是
364,B6T0000001440,E1,3,5,5,2,深位,55740.0,56752.0,56906.0,154.0,1012.0,1166.0,是
363,B6T0000001440,E1,3,6,5,2,浅位,55740.0,57060.0,57214.0,154.0,1320.0,1474.0,是
369,B6T0000001440,E1,3,6,5,2,深位,55740.0,57368.0,57522.0,154.0,1628.0,1782.0,是
439,B6T0000000678,E3,3,5,9,10,浅位,56280.0,57541.0,57610.0,69.0,1261.0,1330.0,是
440,B6T0000000678,E3,3,5,9,10,深位,56280.0,57629.0,57698.0,69.0,1349.0,1418.0,是
443,B6T0000000678,E3,3,6,9,10,浅位,56280.0,57717.0,57786.0,69.0,1437.0,1506.0,是
450,B6T0000000678,E3,3,6,9,10,深位,56280.0,57805.0,57874.0,69.0,1525.0,1594.0,是
3316,B6T0000000375,E3,3,5,14,43,深位,54000.0,57918.0,58134.0,215.99999999999997,3918.0,4134.0,是
1532,B6T0000000088,E4,3,5,48,4,浅位,55680.0,61407.0,61788.0,381.00000000000017,5727.0,6108.0,否
1540,B6T0000000088,E4,3,5,48,4,深位,55680.0,61788.0,62169.0,381.00000000000017,6108.0,6489.0,否
1948,B6T0000000292,E4,3,5,44,11,浅位,86220.0,86307.0,86699.0,392.00000000000017,87.0,479.0,是
1943,B6T0000000292,E4,3,5,44,11,深位,86220.0,86699.0,87068.0,369.00000000000017,479.0,848.0,否
1835,B6T0000000536,E3,3,5,23,8,浅位,87000.0,87068.0,87254.0,186.00000000000003,68.0,254.0,否
1669,B6T0000001355,E1,3,6,1,9,浅位,87240.0,87254.0,87298.0,44.0,14.0,58.0,否
1667,B6T0000001355,E1,3,6,1,9,深位,87240.0,87298.0,87342.0,44.0,58.0,102.0,否
1838,B6T0000000536,E3,3,5,23,8,深位,87000.0,87342.0,87528.0,186.00000000000003,342.0,528.0,否
546,B6T0000001197,E3,3,5,14,5,浅位,87180.0,87528.0,87630.0,101.99999999999999,348.0,450.0,否
547,B6T0000001197,E3,3,5,14,5,深位,87180.0,87630.0,87732.0,101.99999999999999,450.0,552.0,否
548,B6T0000001197,E3,3,6,14,5,浅位,87180.0,87757.0,87856.0,98.99999999999999,577.0,676.0,是
549,B6T0000001197,E3,3,6,14,5,深位,87180.0,87881.0,87980.0,98.99999999999999,701.0,800.0,是
1841,B6T0000000536,E3,3,6,23,8,浅位,87000.0,88034.0,88172.0,138.00000000000003,1034.0,1172.0,是
1834,B6T0000000536,E3,3,6,23,8,深位,87000.0,88226.0,88364.0,138.00000000000003,1226.0,1364.0,是
2744,B6T0000001086,E3,3,6,20,24,浅位,86820.0,88418.0,88596.0,178.00000000000003,1598.0,1776.0,是
2157,B6T0000001774,E1,3,5,3,13,浅位,87840.0,88650.0,88736.0,86.0,810.0,896.0,是
2747,B6T0000001086,E3,3,6,20,24,深位,86820.0,88773.0,88968.0,195.0,1953.0,2148.0,是
3102,B6T0000000457,E3,3,6,32,18,浅位,87360.0,89053.0,89352.0,299.00000000000006,1693.0,1992.0,是
2952,B6T0000001640,E1,3,5,3,13,浅位,89280.0,89437.0,89522.0,85.0,157.0,242.0,是
2951,B6T0000001640,E1,3,6,14,5,深位,89280.0,89522.0,89624.0,101.99999999999999,242.0,344.0,否
2912,B6T0000001900,E1,3,5,4,27,浅位,87300.0,89624.0,89752.0,128.0,2324.0,2452.0,否
3100,B6T0000000457,E3,3,6,32,18,深位,87360.0,89752.0,90050.0,298.00000000000006,2392.0,2690.0,否
3213,B6T0000001226,E3,3,5,38,15,浅位,88080.0,90050.0,90384.0,334.0000000000001,1970.0,2304.0,否
3212,B6T0000001226,E3,3,5,38,15,深位,88080.0,90384.0,90718.0,334.0000000000001,2304.0,2638.0,否
3211,B6T0000001226,E3,3,6,38,15,浅位,88080.0,90772.0,91058.0,286.0000000000001,2692.0,2978.0,是
1944,B6T0000000292,E4,3,6,44,11,浅位,86220.0,91154.0,91433.0,279.0000000000001,4934.0,5213.0,是
1941,B6T0000000292,E4,3,6,44,11,深位,86220.0,91529.0,91808.0,279.0000000000001,5309.0,5588.0,是
120,B6T0000000154,E4,3,5,43,3,浅位,87960.0,94113.0,94440.0,327.00000000000017,6153.0,6480.0,否
119,B6T0000000154,E4,3,5,43,3,深位,87960.0,94440.0,94767.0,327.00000000000017,6480.0,6807.0,否
118,B6T0000000154,E4,3,6,43,3,浅位,87960.0,94767.0,95094.0,327.00000000000017,6807.0,7134.0,否
123,B6T0000000154,E4,3,6,43,3,深位,87960.0,95094.0,95421.0,327.00000000000017,7134.0,7461.0,否
1384,B6T0000000104,E4,3,5,43,9,浅位,86820.0,96794.0,97145.0,351.00000000000017,9974.0,10325.0,否
1385,B6T0000000104,E4,3,5,43,9,深位,86820.0,97182.0,97518.0,336.00000000000017,10362.0,10698.0,是
1377,B6T0000000104,E4,3,6,43,9,浅位,86820.0,97585.0,97947.0,362.00000000000017,10765.0,11127.0,是
1386,B6T0000000104,E4,3,6,43,9,深位,86820.0,98032.0,98400.0,368.0000000000001,11212.0,11580.0,是
1404,B6T0000000408,E3,3,5,23,3,浅位,97380.0,98485.0,98688.0,203.00000000000006,1105.0,1308.0,是
1405,B6T0000000408,E3,3,5,23,3,深位,97380.0,98774.0,98860.0,86.00000000000001,1394.0,1480.0,是
1406,B6T0000000408,E3,3,6,23,3,浅位,97380.0,98860.0,99026.0,166.00000000000003,1480.0,1646.0,否
1413,B6T0000000408,E3,3,6,23,3,深位,97380.0,99026.0,99192.0,166.00000000000003,1646.0,1812.0,否
1310,B6T0000000836,E3,3,5,12,14,浅位,97740.0,99270.0,99392.0,122.0,1530.0,1652.0,否
1320,B6T0000000836,E3,3,5,12,14,深位,97740.0,99392.0,99514.0,122.0,1652.0,1774.0,否
1322,B6T0000000836,E3,3,6,12,14,浅位,97740.0,99514.0,99636.0,122.0,1774.0,1896.0,否
1312,B6T0000000836,E3,3,6,12,14,深位,97740.0,99636.0,99758.0,122.0,1896.0,2018.0,否
3115,B6T0000000362,E3,3,5,14,37,浅位,106020.0,106480.0,106710.0,230.0,460.0,690.0,否
2449,B6T0000001189,E3,3,5,21,18,浅位,107640.0,107640.0,107850.0,210.00000000000003,0.0,210.0,否
2448,B6T0000001189,E3,3,5,21,18,深位,107640.0,107850.0,108060.0,210.00000000000003,210.0,420.0,否
2447,B6T0000001189,E3,3,6,21,18,浅位,107640.0,108060.0,108270.0,210.00000000000003,420.0,630.0,否
2446,B6T0000001189,E3,3,6,21,18,深位,107640.0,108270.0,108480.0,210.00000000000003,630.0,840.0,否
1055,B6T0000001185,E3,3,5,20,3,浅位,106380.0,108480.0,108622.0,142.00000000000003,2100.0,2242.0,否
1069,B6T0000001185,E3,3,5,20,3,深位,106380.0,108622.0,108764.0,142.00000000000003,2242.0,2384.0,否
1053,B6T0000001185,E3,3,6,20,3,浅位,106380.0,108764.0,108906.0,142.00000000000003,2384.0,2526.0,否
1068,B6T0000001185,E3,3,6,20,3,深位,106380.0,108906.0,109048.0,142.00000000000003,2526.0,2668.0,否
2894,B6T0000000451,E3,3,5,37,9,浅位,114240.0,114240.0,114542.0,302.0000000000001,0.0,302.0,否
2893,B6T0000000451,E3,3,5,37,9,深位,114240.0,114542.0,114844.0,302.0000000000001,302.0,604.0,否
2895,B6T0000000451,E3,3,6,37,9,浅位,114240.0,114844.0,115146.0,302.0000000000001,604.0,906.0,否
566,B6T0000001238,E3,3,5,16,3,浅位,113640.0,115146.0,115256.0,109.99999999999999,1506.0,1616.0,否
561,B6T0000001238,E3,3,5,16,3,深位,113640.0,115256.0,115366.0,109.99999999999999,1616.0,1726.0,否
564,B6T0000001238,E3,3,6,16,3,浅位,113640.0,115366.0,115476.0,109.99999999999999,1726.0,1836.0,否
52,B6T0000001104,E3,3,5,9,4,浅位,123780.0,125312.0,125370.0,57.99999999999999,1532.0,1590.0,否
53,B6T0000001104,E3,3,5,9,4,深位,123780.0,125370.0,125428.0,57.99999999999999,1590.0,1648.0,否
54,B6T0000001104,E3,3,6,9,4,浅位,123780.0,125428.0,125486.0,57.99999999999999,1648.0,1706.0,否
55,B6T0000001104,E3,3,6,9,4,深位,123780.0,125486.0,125544.0,57.99999999999999,1706.0,1764.0,否
1581,B6T0000001102,E3,3,5,25,3,浅位,127860.0,131327.0,131509.0,182.0,3467.0,3649.0,否
1578,B6T0000001102,E3,3,5,25,3,深位,127860.0,131509.0,131691.0,182.0,3649.0,3831.0,否
1040,B6T0000001052,E3,3,5,18,5,浅位,130740.0,135138.5,135326.0,187.50000000000006,4398.5,4586.0,是
1039,B6T0000001052,E3,3,5,18,5,深位,130740.0,135519.5,135717.0,197.50000000000009,4779.5,4977.0,是
1050,B6T0000001052,E3,3,6,18,5,浅位,130740.0,135910.5,136108.0,197.50000000000009,5170.5,5368.0,是
1047,B6T0000001052,E3,3,6,18,5,深位,130740.0,136348.5,136589.0,240.50000000000006,5608.5,5849.0,是
2639,B6T0000001516,E1,3,6,8,19,浅位,140160.0,140774.0,140886.0,112.0,614.0,726.0,否
1917,B6T0000001647,E1,3,5,6,9,浅位,140580.0,140886.0,140950.0,64.0,306.0,370.0,否
1920,B6T0000001647,E1,3,5,6,9,深位,140580.0,140950.0,141014.0,64.0,370.0,434.0,否
1921,B6T0000001647,E1,3,6,6,9,浅位,140580.0,141014.0,141078.0,64.0,434.0,498.0,否
1922,B6T0000001647,E1,3,6,6,9,深位,140580.0,141078.0,141142.0,64.0,498.0,562.0,否
2636,B6T0000001516,E1,3,6,8,19,深位,140160.0,141142.0,141254.0,112.0,982.0,1094.0,否
78,B6T0000000261,E4,3,5,43,1,浅位,143520.0,151422.0,151741.0,319.00000000000017,7902.0,8221.0,否
79,B6T0000000261,E4,3,5,43,1,深位,143520.0,151741.0,152060.0,319.00000000000017,8221.0,8540.0,否
80,B6T0000000261,E4,3,6,43,1,浅位,143520.0,152060.0,152379.0,319.00000000000017,8540.0,8859.0,否
71,B6T0000000261,E4,3,6,43,1,深位,143520.0,152379.0,152698.0,319.00000000000017,8859.0,9178.0,否
3650,B6T0000001695,E1,3,6,6,52,浅位,172560.0,172560.0,172796.0,236.0,0.0,236.0,否
3651,B6T0000001695,E1,3,6,6,52,深位,172560.0,172796.0,173032.0,236.0,236.0,472.0,否
2035,B6T0000000271,E4,3,5,43,13,浅位,172740.0,173032.0,173399.0,367.00000000000017,292.0,659.0,否
2034,B6T0000000271,E4,3,5,43,13,深位,172740.0,173399.0,173766.0,367.00000000000017,659.0,1026.0,否
2032,B6T0000000271,E4,3,6,43,13,浅位,172740.0,173766.0,174133.0,367.00000000000017,1026.0,1393.0,否
2031,B6T0000000271,E4,3,6,43,13,深位,172740.0,174133.0,174500.0,367.00000000000017,1393.0,1760.0,否
760,B6T0000000843,E3,3,5,15,5,浅位,174120.0,174974.0,175084.0,109.99999999999999,854.0,964.0,否
761,B6T0000000843,E3,3,5,15,5,深位,174120.0,175084.0,175194.0,109.99999999999999,964.0,1074.0,否
762,B6T0000000843,E3,3,6,15,5,浅位,174120.0,175194.0,175304.0,109.99999999999999,1074.0,1184.0,否
772,B6T0000000843,E3,3,6,15,5,深位,174120.0,175304.0,175414.0,109.99999999999999,1184.0,1294.0,否
3365,B6T0000000061,E4,3,6,45,33,浅位,175440.0,175440.0,175907.0,467.00000000000017,0.0,467.0,否
3364,B6T0000000061,E4,3,6,45,33,深位,175440.0,175907.0,176374.0,467.00000000000017,467.0,934.0,否
2618,B6T0000001463,E1,3,5,3,21,浅位,176580.0,176580.0,176680.0,100.0,0.0,100.0,否
2619,B6T0000001463,E1,3,5,3,21,深位,176580.0,176680.0,176780.0,100.0,100.0,200.0,否
2617,B6T0000001463,E1,3,6,3,21,浅位,176580.0,176780.0,176880.0,100.0,200.0,300.0,否
2616,B6T0000001463,E1,3,6,3,21,深位,176580.0,176880.0,176980.0,100.0,300.0,400.0,否
478,B6T0000001382,E1,3,5,2,4,浅位,175680.0,177304.0,177332.0,28.0,1624.0,1652.0,否
479,B6T0000001382,E1,3,5,2,4,深位,175680.0,177332.0,177360.0,28.0,1652.0,1680.0,否
474,B6T0000001382,E1,3,6,2,4,浅位,175680.0,177360.0,177388.0,28.0,1680.0,1708.0,否
480,B6T0000001382,E1,3,6,2,4,深位,175680.0,177388.0,177416.0,28.0,1708.0,1736.0,否
1729,B6T0000001429,E1,3,5,1,10,浅位,175560.0,178584.0,178632.0,48.0,3024.0,3072.0,否
1736,B6T0000001429,E1,3,5,1,10,深位,175560.0,178632.0,178680.0,48.0,3072.0,3120.0,否
1301,B6T0000000996,E3,3,5,9,17,浅位,174420.0,179252.0,179362.0,110.0,4832.0,4942.0,否
1302,B6T0000000996,E3,3,5,9,17,深位,174420.0,179362.0,179472.0,110.0,4942.0,5052.0,否
1307,B6T0000000996,E3,3,6,9,17,浅位,174420.0,179472.0,179582.0,110.0,5052.0,5162.0,否
1306,B6T0000000996,E3,3,6,9,17,深位,174420.0,179640.0,179746.0,106.0,5220.0,5326.0,是
1180,B6T0000001103,E3,3,5,21,3,浅位,175020.0,179983.0,180126.0,143.00000000000003,4963.0,5106.0,是
1179,B6T0000001103,E3,3,5,21,3,深位,175020.0,180143.0,180286.0,143.00000000000003,5123.0,5266.0,是
1185,B6T0000001103,E3,3,6,21,3,浅位,175020.0,180303.0,180446.0,143.00000000000003,5283.0,5426.0,是
1181,B6T0000001103,E3,3,6,21,3,深位,175020.0,180463.0,180606.0,143.00000000000003,5443.0,5586.0,是
2855,B6T0000000724,E3,3,5,12,34,浅位,181320.0,181534.0,181736.0,202.0,214.0,416.0,是
2853,B6T0000000724,E3,3,5,12,34,深位,181320.0,181814.0,182016.0,202.0,494.0,696.0,是
794,B6T0000000540,E3,3,5,9,12,浅位,181380.0,182120.0,182224.0,104.0,740.0,844.0,是
796,B6T0000000540,E3,3,5,9,12,深位,181380.0,182272.0,182320.0,48.0,892.0,940.0,是
797,B6T0000000540,E3,3,6,9,12,浅位,181380.0,182368.0,182416.0,48.0,988.0,1036.0,是
790,B6T0000000540,E3,3,6,9,12,深位,181380.0,182464.0,182512.0,48.0,1084.0,1132.0,是
2852,B6T0000000724,E3,3,6,12,34,浅位,181320.0,182560.0,182720.0,160.0,1240.0,1400.0,是
2854,B6T0000000724,E3,3,6,12,34,深位,181320.0,182824.0,182928.0,104.0,1504.0,1608.0,是
2821,B6T0000000646,E3,3,6,13,32,浅位,182280.0,183032.0,183144.0,112.0,752.0,864.0,是
2820,B6T0000000646,E3,3,6,13,32,深位,182280.0,183248.0,183360.0,112.0,968.0,1080.0,是
1998,B6T0000001313,E3,3,6,20,13,浅位,185400.0,185756.0,185912.0,156.0,356.0,512.0,是
1999,B6T0000001313,E3,3,6,20,13,深位,185400.0,186006.0,186100.0,94.0,606.0,700.0,是
2957,B6T0000000824,E3,3,5,16,3,浅位,187380.0,187758.0,187962.0,204.0,378.0,582.0,是
2956,B6T0000000824,E3,3,5,16,3,深位,187380.0,188020.0,188078.0,57.99999999999999,640.0,698.0,是
2958,B6T0000000824,E3,3,6,16,3,浅位,187380.0,188136.0,188194.0,57.99999999999999,756.0,814.0,是
202,B6T0000000932,E3,3,5,9,8,浅位,190380.0,190612.0,190770.0,158.0,232.0,390.0,是
201,B6T0000000932,E3,3,5,9,8,深位,190380.0,190810.0,190850.0,40.0,430.0,470.0,是
200,B6T0000000932,E3,3,6,9,8,浅位,190380.0,190890.0,190930.0,40.0,510.0,550.0,是
199,B6T0000000932,E3,3,6,9,8,深位,190380.0,190970.0,191010.0,40.0,590.0,630.0,是
1418,B6T0000000947,E3,3,5,13,14,浅位,188580.0,191050.0,191146.0,96.0,2470.0,2566.0,是
1421,B6T0000000947,E3,3,5,13,14,深位,188580.0,191146.0,191276.0,130.0,2566.0,2696.0,否
1429,B6T0000000947,E3,3,6,13,14,浅位,188580.0,191276.0,191406.0,130.0,2696.0,2826.0,否
2729,B6T0000001922,E1,3,5,8,21,浅位,194640.0,195858.0,196016.0,158.0,1218.0,1376.0,是
2728,B6T0000001922,E1,3,5,8,21,深位,194640.0,196174.0,196332.0,158.0,1534.0,1692.0,是
2321,B6T0000001645,E1,3,5,1,16,浅位,199200.0,200064.0,200136.0,72.0,864.0,936.0,否
2322,B6T0000001645,E1,3,5,1,16,深位,199200.0,200136.0,200208.0,72.0,936.0,1008.0,否
2323,B6T0000001645,E1,3,6,1,16,浅位,199200.0,200208.0,200280.0,72.0,1008.0,1080.0,否
2324,B6T0000001645,E1,3,6,1,16,深位,199200.0,200280.0,200352.0,72.0,1080.0,1152.0,否
215,B6T0000000581,E3,3,5,9,9,浅位,203640.0,206560.5,206823.0,262.5000000000001,2920.5,3183.0,是
216,B6T0000000581,E3,3,5,9,9,深位,203640.0,206865.0,206907.0,42.0,3225.0,3267.0,是
217,B6T0000000581,E3,3,6,9,9,浅位,203640.0,206949.0,206991.0,42.0,3309.0,3351.0,是
205,B6T0000000581,E3,3,6,9,9,深位,203640.0,206991.0,207069.0,78.0,3351.0,3429.0,否
3254,B6T0000001694,E1,3,5,8,19,深位,207420.0,207462.0,207544.0,82.0,42.0,124.0,是
3255,B6T0000001694,E1,3,5,1,26,浅位,207420.0,207586.0,207696.0,110.0,166.0,276.0,是
2580,B6T0000000418,E3,3,5,22,19,浅位,214080.0,215720.0,215970.0,250.00000000000006,1640.0,1890.0,是
3535,B6T0000000946,E3,3,6,20,24,深位,217980.0,218262.0,218464.0,202.00000000000003,282.0,484.0,是
3534,B6T0000000946,E3,3,6,32,18,浅位,217980.0,218580.0,218792.0,212.00000000000006,600.0,812.0,是
321,B6T0000001196,E3,3,5,13,5,浅位,216480.0,219570.0,219756.0,186.0,3090.0,3276.0,是
327,B6T0000001196,E3,3,5,13,5,深位,216480.0,219806.0,219856.0,50.0,3326.0,3376.0,是
328,B6T0000001196,E3,3,6,13,5,浅位,216480.0,219906.0,219956.0,50.0,3426.0,3476.0,是
329,B6T0000001196,E3,3,6,13,5,深位,216480.0,220006.0,220056.0,50.0,3526.0,3576.0,是
3032,B6T0000001726,E1,3,5,7,28,浅位,218220.0,220106.0,220248.0,142.0,1886.0,2028.0,是
1468,B6T0000000897,E3,3,5,21,6,浅位,220080.0,220410.0,220660.0,250.0,330.0,580.0,是
2877,B6T0000001292,E3,3,6,14,5,深位,220380.0,220744.0,220828.0,84.0,364.0,448.0,是
1467,B6T0000000897,E3,3,5,21,6,深位,220080.0,220882.0,220996.0,114.00000000000003,802.0,916.0,是
1466,B6T0000000897,E3,3,6,21,6,浅位,220080.0,221080.0,221164.0,84.00000000000001,1000.0,1084.0,是
1465,B6T0000000897,E3,3,6,21,6,深位,220080.0,221248.0,221332.0,84.00000000000001,1168.0,1252.0,是
2878,B6T0000001292,E3,3,5,23,8,浅位,220380.0,221416.0,221524.0,108.00000000000003,1036.0,1144.0,是
2876,B6T0000001292,E3,3,5,23,8,深位,220380.0,221620.0,221716.0,96.00000000000001,1240.0,1336.0,是
2879,B6T0000001292,E3,3,6,23,8,浅位,220380.0,221812.0,221908.0,96.00000000000001,1432.0,1528.0,是
3328,B6T0000000741,E3,3,5,32,25,浅位,225360.0,225360.0,225686.0,326.00000000000006,0.0,326.0,否
3329,B6T0000000741,E3,3,5,32,25,深位,225360.0,225686.0,226012.0,326.00000000000006,326.0,652.0,否
3203,B6T0000001891,E1,3,6,4,36,浅位,228960.0,228960.0,229124.0,164.0,0.0,164.0,否
3204,B6T0000001891,E1,3,6,4,36,深位,228960.0,229124.0,229288.0,164.0,164.0,328.0,否
2370,B6T0000001572,E1,3,5,8,13,浅位,228780.0,229811.0,229899.0,88.0,1031.0,1119.0,否
2373,B6T0000001572,E1,3,5,8,13,深位,228780.0,229899.0,229987.0,88.0,1119.0,1207.0,否
2372,B6T0000001572,E1,3,6,8,13,浅位,228780.0,229987.0,230075.0,88.0,1207.0,1295.0,否
2371,B6T0000001572,E1,3,6,8,13,深位,228780.0,230075.0,230163.0,88.0,1295.0,1383.0,否
263,B6T0000001466,E1,3,6,1,1,深位,259800.0,260037.0,260138.0,101.0,237.0,338.0,是
175,B6T0000000810,E3,3,5,9,12,浅位,259440.0,261301.0,261450.0,149.0,1861.0,2010.0,是
154,B6T0000000810,E3,3,5,9,12,深位,259440.0,261498.0,261546.0,48.0,2058.0,2106.0,是
165,B6T0000000810,E3,3,6,9,12,浅位,259440.0,261594.0,261642.0,48.0,2154.0,2202.0,是
152,B6T0000000810,E3,3,6,9,12,深位,259440.0,261690.0,261738.0,48.0,2250.0,2298.0,是
3192,B6T0000001127,E3,3,5,13,40,浅位,261540.0,261786.0,261978.0,192.0,246.0,438.0,是
3191,B6T0000001127,E3,3,5,13,40,深位,261540.0,262095.0,262254.0,159.0,555.0,714.0,是
3190,B6T0000001127,E3,3,6,13,40,浅位,261540.0,262373.0,262534.0,161.0,833.0,994.0,是
1615,B6T0000001083,E3,3,5,9,20,浅位,261660.0,262654.0,262774.0,120.0,994.0,1114.0,是
1619,B6T0000001083,E3,3,5,9,20,深位,261660.0,262838.0,262902.0,64.0,1178.0,1242.0,是
1618,B6T0000001083,E3,3,6,9,20,浅位,261660.0,262966.0,263030.0,64.0,1306.0,1370.0,是
1612,B6T0000001083,E3,3,6,9,20,深位,261660.0,263094.0,263158.0,64.0,1434.0,1498.0,是
1609,B6T0000001610,E1,3,5,4,7,浅位,260160.0,263222.0,263286.0,64.0,3062.0,3126.0,是
2432,B6T0000000778,E3,3,5,10,29,浅位,262500.0,263313.0,263458.0,145.0,813.0,958.0,是
2434,B6T0000000778,E3,3,5,10,29,深位,262500.0,263544.0,263630.0,86.0,1044.0,1130.0,是
2430,B6T0000000778,E3,3,6,10,29,浅位,262500.0,263630.0,263796.0,166.0,1130.0,1296.0,否
157,B6T0000000810,E3,3,5,15,1,浅位,259440.0,264242.0,264336.0,93.99999999999999,4802.0,4896.0,否
161,B6T0000000810,E3,3,5,15,1,深位,259440.0,264336.0,264430.0,93.99999999999999,4896.0,4990.0,否
168,B6T0000000810,E3,3,6,15,1,浅位,259440.0,264430.0,264524.0,93.99999999999999,4990.0,5084.0,否
150,B6T0000000810,E3,3,6,15,1,深位,259440.0,264524.0,264618.0,93.99999999999999,5084.0,5178.0,否
3608,B6T0000001950,E1,3,5,8,50,浅位,265140.0,265140.0,265376.0,236.0,0.0,236.0,否
3609,B6T0000001950,E1,3,5,8,50,深位,265140.0,265376.0,265612.0,236.0,236.0,472.0,否
674,B6T0000001180,E3,3,5,11,9,浅位,259800.0,265646.0,265740.0,94.0,5846.0,5940.0,否
3074,B6T0000001204,E3,3,5,19,9,深位,267240.0,267488.0,267656.0,168.0,248.0,416.0,是
3073,B6T0000001204,E3,3,5,13,23,浅位,267240.0,267738.0,267876.0,138.0,498.0,636.0,是
3075,B6T0000001204,E3,3,5,13,23,深位,267240.0,267876.0,268042.0,166.0,636.0,802.0,否
2564,B6T0000001537,E1,3,6,2,20,浅位,272220.0,272220.0,272312.0,92.0,0.0,92.0,否
2561,B6T0000001537,E1,3,6,2,20,深位,272220.0,272312.0,272404.0,92.0,92.0,184.0,否
1009,B6T0000001090,E3,3,5,12,11,浅位,276120.0,276560.0,276670.0,110.0,440.0,550.0,否
1002,B6T0000001090,E3,3,5,12,11,深位,276120.0,276670.0,276780.0,110.0,550.0,660.0,否
1005,B6T0000001090,E3,3,6,12,11,浅位,276120.0,276780.0,276890.0,110.0,660.0,770.0,否
1003,B6T0000001090,E3,3,6,12,11,深位,276120.0,276890.0,277000.0,110.0,770.0,880.0,否
2547,B6T0000001449,E1,3,5,7,17,浅位,282180.0,283197.0,283297.0,100.0,1017.0,1117.0,否
2545,B6T0000001449,E1,3,5,7,17,深位,282180.0,283297.0,283397.0,100.0,1117.0,1217.0,否
2546,B6T0000001449,E1,3,6,7,17,浅位,282180.0,283397.0,283497.0,100.0,1217.0,1317.0,否
575,B6T0000001238,E3,3,6,16,3,深位,286320.0,286320.0,286430.0,109.99999999999999,0.0,110.0,否
1097,B6T0000001415,E1,3,5,7,3,浅位,287880.0,290557.0,290601.0,44.0,2677.0,2721.0,否
1091,B6T0000001415,E1,3,5,7,3,深位,287880.0,290601.0,290645.0,44.0,2721.0,2765.0,否
1092,B6T0000001415,E1,3,6,7,3,浅位,287880.0,290645.0,290689.0,44.0,2765.0,2809.0,否
1094,B6T0000001415,E1,3,6,7,3,深位,287880.0,290689.0,290733.0,44.0,2809.0,2853.0,否
1341,B6T0000000043,E4,3,6,45,6,浅位,286740.0,292363.0,292722.0,359.00000000000017,5623.0,5982.0,否
1344,B6T0000000043,E4,3,6,45,6,深位,286740.0,292722.0,293081.0,359.00000000000017,5982.0,6341.0,否
1814,B6T0000001372,E1,3,5,2,10,浅位,297060.0,298263.0,298315.0,52.0,1203.0,1255.0,否
1369,B6T0000000150,E4,3,5,46,5,浅位,295320.0,298628.0,298993.0,365.00000000000017,3308.0,3673.0,否
1370,B6T0000000150,E4,3,5,46,5,深位,295320.0,298993.0,299358.0,365.00000000000017,3673.0,4038.0,否
1374,B6T0000000150,E4,3,6,46,5,浅位,295320.0,299358.0,299723.0,365.00000000000017,4038.0,4403.0,否
2974,B6T0000001507,E1,3,6,6,9,浅位,300960.0,300960.0,301024.0,64.0,0.0,64.0,否
2976,B6T0000001507,E1,3,6,6,9,深位,300960.0,301024.0,301088.0,64.0,64.0,128.0,否
2975,B6T0000001507,E1,3,6,8,19,浅位,300960.0,301088.0,301200.0,112.0,128.0,240.0,否
2535,B6T0000001134,E3,3,6,15,1,浅位,301260.0,301260.0,301354.0,93.99999999999999,0.0,94.0,否
2536,B6T0000001134,E3,3,6,15,1,深位,301260.0,301354.0,301448.0,93.99999999999999,94.0,188.0,否
2537,B6T0000001134,E3,3,5,11,9,浅位,301260.0,301448.0,301542.0,94.0,188.0,282.0,否
2538,B6T0000001134,E3,3,5,19,9,深位,301260.0,301542.0,301700.0,158.0,282.0,440.0,否
2539,B6T0000001134,E3,3,5,10,29,深位,301260.0,301750.0,301912.0,162.0,490.0,652.0,是
1227,B6T0000000577,E3,3,5,9,16,浅位,302040.0,302983.0,303089.0,106.0,943.0,1049.0,否
1226,B6T0000000577,E3,3,5,9,16,深位,302040.0,303089.0,303195.0,106.0,1049.0,1155.0,否
1211,B6T0000000577,E3,3,6,9,16,浅位,302040.0,303195.0,303301.0,106.0,1155.0,1261.0,否
1225,B6T0000000577,E3,3,6,9,16,深位,302040.0,303301.0,303407.0,106.0,1261.0,1367.0,否
345,B6T0000000139,E4,3,5,45,1,浅位,302220.0,304000.0,304339.0,339.00000000000017,1780.0,2119.0,否
344,B6T0000000139,E4,3,5,45,1,深位,302220.0,304339.0,304678.0,339.00000000000017,2119.0,2458.0,否
343,B6T0000000139,E4,3,6,45,1,浅位,302220.0,304678.0,305017.0,339.00000000000017,2458.0,2797.0,否
342,B6T0000000139,E4,3,6,45,1,深位,302220.0,305017.0,305356.0,339.00000000000017,2797.0,3136.0,否
814,B6T0000000540,E3,3,6,18,2,浅位,305460.0,305785.0,305907.0,122.0,325.0,447.0,否
813,B6T0000000540,E3,3,6,18,2,深位,305460.0,305907.0,306029.0,122.0,447.0,569.0,否
3617,B6T0000000497,E3,3,6,9,59,浅位,307920.0,307920.0,308198.0,278.0,0.0,278.0,否
3616,B6T0000000497,E3,3,6,9,59,深位,307920.0,308198.0,308476.0,278.0,278.0,556.0,否
506,B6T0000001101,E3,3,5,12,7,浅位,309960.0,309960.0,310054.0,94.0,0.0,94.0,否
493,B6T0000001101,E3,3,5,12,7,深位,309960.0,310054.0,310148.0,94.0,94.0,188.0,否
511,B6T0000001101,E3,3,6,12,7,浅位,309960.0,310148.0,310242.0,94.0,188.0,282.0,否
510,B6T0000001101,E3,3,6,12,7,深位,309960.0,310242.0,310336.0,94.0,282.0,376.0,否
1162,B6T0000000245,E4,3,5,45,5,浅位,308040.0,312238.0,312593.0,355.00000000000017,4198.0,4553.0,否
1152,B6T0000000245,E4,3,5,45,5,深位,308040.0,312593.0,312948.0,355.00000000000017,4553.0,4908.0,否
1159,B6T0000000245,E4,3,6,45,5,浅位,308040.0,312948.0,313303.0,355.00000000000017,4908.0,5263.0,否
1151,B6T0000000245,E4,3,6,45,5,深位,308040.0,313303.0,313658.0,355.00000000000017,5263.0,5618.0,否
2776,B6T0000001508,E1,3,6,1,1,深位,313560.0,313658.0,313670.0,12.0,98.0,110.0,否
227,B6T0000000581,E3,3,5,10,8,浅位,311640.0,317962.0,318044.0,82.0,6322.0,6404.0,否
253,B6T0000000581,E3,3,5,10,8,深位,311640.0,318044.0,318126.0,82.0,6404.0,6486.0,否
228,B6T0000000581,E3,3,6,10,8,浅位,311640.0,318126.0,318208.0,82.0,6486.0,6568.0,否
243,B6T0000000581,E3,3,6,10,8,深位,311640.0,318208.0,318290.0,82.0,6568.0,6650.0,否
504,B6T0000001101,E3,3,5,13,6,浅位,309960.0,320401.0,320499.0,98.0,10441.0,10539.0,否
970,B6T0000001844,E1,3,5,1,6,浅位,346200.0,347129.0,347293.0,164.0,929.0,1093.0,是
985,B6T0000001844,E1,3,5,1,6,深位,346200.0,347457.0,347621.0,164.0,1257.0,1421.0,是
984,B6T0000001844,E1,3,6,1,6,浅位,346200.0,347785.0,347949.0,164.0,1585.0,1749.0,是
3199,B6T0000001587,E1,3,5,5,2,浅位,347640.0,348113.0,348277.0,164.0,473.0,637.0,是
3200,B6T0000001587,E1,3,5,5,2,深位,347640.0,348441.0,348605.0,164.0,801.0,965.0,是
3201,B6T0000001587,E1,3,6,5,2,浅位,347640.0,348769.0,348933.0,164.0,1129.0,1293.0,是
1737,B6T0000001149,E3,3,6,15,15,浅位,348480.0,350707.0,350895.0,188.0,2227.0,2415.0,是
1745,B6T0000001149,E3,3,6,15,15,深位,348480.0,350973.0,351051.0,78.0,2493.0,2571.0,是
2605,B6T0000000841,E3,3,6,15,1,浅位,352380.0,352653.0,352817.0,164.0,273.0,437.0,是
2604,B6T0000000841,E3,3,6,15,1,深位,352380.0,352836.0,352921.0,84.99999999999999,456.0,541.0,是
2606,B6T0000000841,E3,3,5,11,9,浅位,352380.0,352940.0,353021.0,81.0,560.0,641.0,是
2607,B6T0000000841,E3,3,5,19,9,深位,352380.0,353040.0,353185.0,145.0,660.0,805.0,是
2818,B6T0000000976,E3,3,5,39,5,浅位,348120.0,353204.0,353497.0,293.0000000000001,5084.0,5377.0,是
2816,B6T0000000976,E3,3,5,39,5,深位,348120.0,353516.0,353809.0,293.0000000000001,5396.0,5689.0,是
133,B6T0000000154,E4,3,5,44,1,浅位,345840.0,354079.0,354396.0,317.00000000000017,8239.0,8556.0,是
132,B6T0000000154,E4,3,5,44,1,深位,345840.0,354478.0,354763.0,285.00000000000017,8638.0,8923.0,是
146,B6T0000000154,E4,3,6,44,1,浅位,345840.0,354917.0,355114.0,197.0000000000001,9077.0,9274.0,是
131,B6T0000000154,E4,3,6,44,1,深位,345840.0,355268.0,355465.0,197.0000000000001,9428.0,9625.0,是
268,B6T0000000305,E4,3,5,44,2,浅位,347580.0,355629.0,356028.0,399.00000000000017,8049.0,8448.0,是
3736,B6T0000001743,E1,3,5,2,10,浅位,366420.0,366610.0,366776.0,166.00000000000003,190.0,356.0,是
3737,B6T0000001743,E1,3,6,6,9,浅位,366420.0,366942.0,367108.0,166.00000000000003,522.0,688.0,是
3357,B6T0000000323,E3,3,6,20,3,深位,370740.0,371232.0,371440.0,208.00000000000006,492.0,700.0,是
3356,B6T0000000323,E3,3,5,23,3,深位,370740.0,371514.0,371612.0,98.00000000000003,774.0,872.0,是
3072,B6T0000001373,E1,3,5,2,4,浅位,376080.0,376326.5,376507.0,180.50000000000009,246.5,427.0,是
3071,B6T0000001373,E1,3,5,2,4,深位,376080.0,376689.5,376872.0,182.50000000000009,609.5,792.0,是
3070,B6T0000001373,E1,3,6,2,4,浅位,376080.0,377054.5,377237.0,182.50000000000009,974.5,1157.0,是
917,B6T0000000411,E3,3,5,15,6,浅位,378240.0,378968.0,379082.0,113.99999999999999,728.0,842.0,否
920,B6T0000000411,E3,3,5,15,6,深位,378240.0,379082.0,379196.0,113.99999999999999,842.0,956.0,否
916,B6T0000000411,E3,3,6,15,6,浅位,378240.0,379196.0,379310.0,113.99999999999999,956.0,1070.0,否
909,B6T0000000411,E3,3,6,15,6,深位,378240.0,379310.0,379424.0,113.99999999999999,1070.0,1184.0,否
3613,B6T0000000440,E3,3,6,12,11,浅位,386760.0,386760.0,386870.0,110.0,0.0,110.0,否
3612,B6T0000000440,E3,3,6,12,11,深位,386760.0,386870.0,386980.0,110.0,110.0,220.0,否
3690,B6T0000001650,E1,3,6,8,19,深位,388860.0,389014.0,389126.0,112.0,154.0,266.0,是
3691,B6T0000001650,E1,3,5,5,38,深位,388860.0,389186.0,389374.0,188.0,326.0,514.0,是
597,B6T0000000247,E4,3,6,44,3,深位,400380.0,400380.0,400717.0,337.00000000000017,0.0,337.0,否
3450,B6T0000001232,E3,3,5,33,28,浅位,400740.0,400740.0,401086.0,346.00000000000006,0.0,346.0,否
2644,B6T0000001956,E1,3,6,1,9,浅位,400920.0,401086.0,401130.0,44.0,166.0,210.0,否
2645,B6T0000001956,E1,3,6,1,9,深位,400920.0,401130.0,401174.0,44.0,210.0,254.0,否
2646,B6T0000001956,E1,3,5,14,5,浅位,400920.0,401174.0,401276.0,101.99999999999999,254.0,356.0,否
2647,B6T0000001956,E1,3,5,14,5,深位,400920.0,401276.0,401378.0,101.99999999999999,356.0,458.0,否
3451,B6T0000001232,E3,3,5,33,28,深位,400740.0,401378.0,401724.0,346.00000000000006,638.0,984.0,否
10,B6T0000001209,E3,3,5,10,1,浅位,402180.0,402864.0,402918.0,54.0,684.0,738.0,否
12,B6T0000001209,E3,3,5,10,1,深位,402180.0,402918.0,402972.0,54.0,738.0,792.0,否
3486,B6T0000001445,E1,3,5,7,5,浅位,432480.0,432753.5,433017.0,263.50000000000006,273.5,537.0,是
3487,B6T0000001445,E1,3,5,7,5,深位,432480.0,433280.5,433544.0,263.50000000000006,800.5,1064.0,是
394,B6T0000000471,E3,3,5,17,1,浅位,433020.0,433544.0,433654.0,110.0,524.0,634.0,否
393,B6T0000000471,E3,3,5,17,1,深位,433020.0,433654.0,433764.0,110.0,634.0,744.0,否
391,B6T0000000471,E3,3,6,17,1,浅位,433020.0,433764.0,433874.0,110.0,744.0,854.0,否
19,B6T0000001209,E3,3,6,10,1,浅位,434280.0,434280.0,434334.0,54.0,0.0,54.0,否
18,B6T0000001209,E3,3,6,10,1,深位,434280.0,434334.0,434388.0,54.0,54.0,108.0,否
3327,B6T0000000016,E4,3,5,43,3,浅位,434760.0,434760.0,435087.0,327.00000000000017,0.0,327.0,否
3326,B6T0000000016,E4,3,5,43,3,深位,434760.0,435117.0,435420.0,303.0000000000001,357.0,660.0,是
623,B6T0000000469,E3,3,5,9,11,浅位,433980.0,435450.0,435520.0,70.0,1470.0,1540.0,是
624,B6T0000000469,E3,3,5,9,11,深位,433980.0,435566.0,435612.0,46.0,1586.0,1632.0,是
620,B6T0000000469,E3,3,6,9,11,浅位,433980.0,435612.0,435698.0,86.0,1632.0,1718.0,否
622,B6T0000000469,E3,3,6,9,11,深位,433980.0,435698.0,435784.0,86.0,1718.0,1804.0,否
2873,B6T0000000968,E3,3,6,22,24,浅位,434700.0,435784.0,436026.0,242.00000000000006,1084.0,1326.0,否
2872,B6T0000000968,E3,3,6,22,24,深位,434700.0,436026.0,436268.0,242.00000000000006,1326.0,1568.0,否
482,B6T0000001101,E3,3,5,10,8,浅位,436560.0,436560.0,436642.0,82.0,0.0,82.0,否
3433,B6T0000000973,E3,3,5,9,4,浅位,436740.0,436740.0,436798.0,57.99999999999999,0.0,58.0,否
3432,B6T0000000973,E3,3,5,9,4,深位,436740.0,436798.0,436856.0,57.99999999999999,58.0,116.0,否
726,B6T0000000140,E4,3,5,46,2,深位,434880.0,436966.0,437319.0,353.00000000000017,2086.0,2439.0,否
727,B6T0000000140,E4,3,6,46,2,浅位,434880.0,437319.0,437672.0,353.00000000000017,2439.0,2792.0,否
2190,B6T0000001648,E1,3,5,2,14,浅位,437400.0,437672.0,437740.0,68.0,272.0,340.0,否
2191,B6T0000001648,E1,3,5,2,14,深位,437400.0,437740.0,437808.0,68.0,340.0,408.0,否
2192,B6T0000001648,E1,3,6,2,14,浅位,437400.0,437808.0,437876.0,68.0,408.0,476.0,否
2193,B6T0000001648,E1,3,6,2,14,深位,437400.0,437876.0,437944.0,68.0,476.0,544.0,否
725,B6T0000000140,E4,3,6,46,2,深位,434880.0,437944.0,438297.0,353.00000000000017,3064.0,3417.0,否
2942,B6T0000000747,E3,3,6,21,26,浅位,438900.0,438900.0,439142.0,242.00000000000003,0.0,242.0,否
3045,B6T0000000743,E3,3,6,12,14,深位,439020.0,439142.0,439264.0,122.0,122.0,244.0,否
3044,B6T0000000743,E3,3,5,20,3,浅位,439020.0,439264.0,439406.0,142.00000000000003,244.0,386.0,否
3043,B6T0000000743,E3,3,5,20,3,深位,439020.0,439406.0,439548.0,142.00000000000003,386.0,528.0,否
2941,B6T0000000747,E3,3,6,21,26,深位,438900.0,439548.0,439790.0,242.00000000000003,648.0,890.0,否
1171,B6T0000001838,E1,3,5,8,3,浅位,437520.0,440200.0,440248.0,48.0,2680.0,2728.0,否
1170,B6T0000001838,E1,3,5,8,3,深位,437520.0,440248.0,440296.0,48.0,2728.0,2776.0,否
1174,B6T0000001838,E1,3,6,8,3,浅位,437520.0,440296.0,440344.0,48.0,2776.0,2824.0,否
2427,B6T0000000890,E3,3,5,9,30,浅位,434940.0,442514.0,442688.0,174.0,7574.0,7748.0,是
86,B6T0000000261,E4,3,5,43,2,浅位,435240.0,443906.0,444263.0,357.00000000000017,8666.0,9023.0,是
1103,B6T0000001301,E3,3,5,10,1,深位,443880.0,444384.0,444527.0,143.0,504.0,647.0,是
1105,B6T0000001301,E3,3,5,14,5,浅位,443880.0,444557.0,444635.0,77.99999999999999,677.0,755.0,是
1106,B6T0000001301,E3,3,5,14,5,深位,443880.0,444689.0,444743.0,53.99999999999999,809.0,863.0,是
87,B6T0000000261,E4,3,5,43,2,深位,435240.0,444797.0,445084.0,287.00000000000017,9557.0,9844.0,是
95,B6T0000000261,E4,3,6,43,2,浅位,435240.0,445205.0,445605.0,400.0000000000002,9965.0,10365.0,是
91,B6T0000000261,E4,3,6,43,2,深位,435240.0,445726.0,446126.0,400.0000000000002,10486.0,10886.0,是
1115,B6T0000001301,E3,3,5,9,15,浅位,443880.0,446492.0,446616.0,124.00000000000001,2612.0,2736.0,是
1113,B6T0000001301,E3,3,5,9,15,深位,443880.0,446670.0,446724.0,54.0,2790.0,2844.0,是
1112,B6T0000001301,E3,3,6,9,15,浅位,443880.0,446778.0,446832.0,54.0,2898.0,2952.0,是
1101,B6T0000001301,E3,3,6,9,15,深位,443880.0,446886.0,446940.0,54.0,3006.0,3060.0,是
1271,B6T0000000615,E3,3,5,20,5,浅位,443820.0,446940.0,447090.0,150.0,3120.0,3270.0,否
1270,B6T0000000615,E3,3,5,20,5,深位,443820.0,447090.0,447240.0,150.0,3270.0,3420.0,否
1268,B6T0000000615,E3,3,6,20,5,浅位,443820.0,447240.0,447390.0,150.0,3420.0,3570.0,否
1275,B6T0000000615,E3,3,6,20,5,深位,443820.0,447390.0,447540.0,150.0,3570.0,3720.0,否
1124,B6T0000001955,E1,3,5,4,5,浅位,447420.0,447540.0,447580.0,40.0,120.0,160.0,否
1129,B6T0000001955,E1,3,5,4,5,深位,447420.0,447580.0,447620.0,40.0,160.0,200.0,否
1128,B6T0000001955,E1,3,6,4,5,浅位,447420.0,447620.0,447660.0,40.0,200.0,240.0,否
1127,B6T0000001955,E1,3,6,4,5,深位,447420.0,447660.0,447700.0,40.0,240.0,280.0,否
279,B6T0000000305,E4,3,5,44,2,深位,451020.0,451020.0,451353.0,333.00000000000017,0.0,333.0,否
280,B6T0000000305,E4,3,6,44,2,浅位,451020.0,451353.0,451686.0,333.00000000000017,333.0,666.0,否
1325,B6T0000001360,E1,3,5,2,7,浅位,454620.0,454800.0,454840.0,40.0,180.0,220.0,否
1326,B6T0000001360,E1,3,5,2,7,深位,454620.0,454840.0,454880.0,40.0,220.0,260.0,否
1327,B6T0000001360,E1,3,6,2,7,浅位,454620.0,454880.0,454920.0,40.0,260.0,300.0,否
1328,B6T0000001360,E1,3,6,2,7,深位,454620.0,454920.0,454960.0,40.0,300.0,340.0,否
2825,B6T0000001379,E1,3,5,3,13,浅位,455280.0,455280.0,455348.0,68.0,0.0,68.0,否
2824,B6T0000001379,E1,3,6,8,23,浅位,455280.0,455348.0,455476.0,128.0,68.0,196.0,否
2826,B6T0000001379,E1,3,6,8,23,深位,455280.0,455476.0,455604.0,128.0,196.0,324.0,否
3508,B6T0000001321,E1,3,6,1,1,深位,460080.0,460080.0,460092.0,12.0,0.0,12.0,否
3509,B6T0000001321,E1,3,5,7,3,浅位,460080.0,460092.0,460136.0,44.0,12.0,56.0,否
2718,B6T0000000756,E3,3,5,9,8,浅位,460140.0,460140.0,460214.0,74.0,0.0,74.0,否
2716,B6T0000000756,E3,3,5,9,8,深位,460140.0,460214.0,460288.0,74.0,74.0,148.0,否
2719,B6T0000000756,E3,3,6,9,8,浅位,460140.0,460288.0,460362.0,74.0,148.0,222.0,否
2717,B6T0000000756,E3,3,6,9,8,深位,460140.0,460362.0,460436.0,74.0,222.0,296.0,否
1843,B6T0000000219,E4,3,5,45,9,浅位,460560.0,463735.0,464106.0,371.00000000000017,3175.0,3546.0,否
1197,B6T0000001639,E1,3,5,3,6,浅位,463080.0,465038.0,465078.0,40.0,1958.0,1998.0,否
1203,B6T0000001639,E1,3,5,3,6,深位,463080.0,465078.0,465118.0,40.0,1998.0,2038.0,否
1199,B6T0000001639,E1,3,6,3,6,浅位,463080.0,465118.0,465158.0,40.0,2038.0,2078.0,否
1200,B6T0000001639,E1,3,6,3,6,深位,463080.0,465158.0,465198.0,40.0,2078.0,2118.0,否
1399,B6T0000000367,E3,3,6,9,9,浅位,465120.0,465198.0,465276.0,78.0,78.0,156.0,否
1398,B6T0000000367,E3,3,6,9,9,深位,465120.0,465276.0,465354.0,78.0,156.0,234.0,否
543,B6T0000001197,E3,3,5,15,4,浅位,466860.0,467783.0,467889.0,105.99999999999999,923.0,1029.0,否
537,B6T0000001197,E3,3,5,15,4,深位,466860.0,467889.0,467995.0,105.99999999999999,1029.0,1135.0,否
538,B6T0000001197,E3,3,6,15,4,浅位,466860.0,467995.0,468101.0,105.99999999999999,1135.0,1241.0,否
3662,B6T0000001711,E1,3,5,1,10,浅位,470880.0,470880.0,470928.0,48.0,0.0,48.0,否
3663,B6T0000001711,E1,3,5,1,10,深位,470880.0,470928.0,470976.0,48.0,48.0,96.0,否
1816,B6T0000001665,E1,3,6,2,10,浅位,471120.0,471120.0,471172.0,52.0,0.0,52.0,否
1818,B6T0000001665,E1,3,6,2,10,深位,471120.0,471172.0,471224.0,52.0,52.0,104.0,否
3022,B6T0000001792,E1,3,5,2,4,浅位,471780.0,471780.0,471808.0,28.0,0.0,28.0,否
3023,B6T0000001792,E1,3,5,2,4,深位,471780.0,471808.0,471836.0,28.0,28.0,56.0,否
3024,B6T0000001792,E1,3,6,2,4,浅位,471780.0,471836.0,471864.0,28.0,56.0,84.0,否
1244,B6T0000001022,E3,3,5,14,11,浅位,477120.0,477120.0,477246.0,125.99999999999999,0.0,126.0,否
1243,B6T0000001022,E3,3,5,14,11,深位,477120.0,477246.0,477372.0,125.99999999999999,126.0,252.0,否
1237,B6T0000001022,E3,3,6,14,11,浅位,477120.0,477372.0,477498.0,125.99999999999999,252.0,378.0,否
1240,B6T0000001022,E3,3,6,14,11,深位,477120.0,477498.0,477624.0,125.99999999999999,378.0,504.0,否
3539,B6T0000001984,E1,3,5,6,9,浅位,479760.0,479760.0,479824.0,64.0,0.0,64.0,否
3538,B6T0000001984,E1,3,5,6,9,深位,479760.0,479824.0,479888.0,64.0,64.0,128.0,否
1906,B6T0000001740,E1,3,5,4,10,浅位,480000.0,480240.0,480300.0,60.0,240.0,300.0,否
1905,B6T0000001740,E1,3,5,4,10,深位,480000.0,480300.0,480360.0,60.0,300.0,360.0,否
1908,B6T0000001740,E1,3,6,4,10,浅位,480000.0,480360.0,480420.0,60.0,360.0,420.0,否
1904,B6T0000001740,E1,3,6,4,10,深位,480000.0,480420.0,480480.0,60.0,420.0,480.0,否
3030,B6T0000000692,E3,3,6,20,5,深位,483840.0,483840.0,483990.0,150.0,0.0,150.0,否
3028,B6T0000000692,E3,3,6,22,24,浅位,483840.0,483990.0,484232.0,242.00000000000006,150.0,392.0,否
3029,B6T0000000692,E3,3,6,22,24,深位,483840.0,484232.0,484474.0,242.00000000000006,392.0,634.0,否
385,B6T0000000471,E3,3,6,17,1,深位,486000.0,486000.0,486110.0,110.0,0.0,110.0,否
1705,B6T0000001342,E1,3,5,4,8,浅位,486000.0,486258.0,486310.0,52.0,258.0,310.0,否
1698,B6T0000001342,E1,3,5,4,8,深位,486000.0,486310.0,486362.0,52.0,310.0,362.0,否
1706,B6T0000001342,E1,3,6,4,8,浅位,486000.0,486362.0,486414.0,52.0,362.0,414.0,否
1704,B6T0000001342,E1,3,6,4,8,深位,486000.0,486414.0,486466.0,52.0,414.0,466.0,否
960,B6T0000000445,E3,3,5,13,9,浅位,485940.0,486466.0,486576.0,110.0,526.0,636.0,否
2080,B6T0000001673,E1,3,5,6,10,浅位,487860.0,488547.0,488615.0,68.0,687.0,755.0,否
3610,B6T0000000201,E4,3,6,44,3,深位,488760.0,488760.0,489097.0,337.00000000000017,0.0,337.0,否
2222,B6T0000000393,E3,3,5,14,22,浅位,488580.0,491023.0,491193.0,170.0,2443.0,2613.0,否
2218,B6T0000000393,E3,3,5,14,22,深位,488580.0,491193.0,491363.0,170.0,2613.0,2783.0,否
697,B6T0000001180,E3,3,5,11,9,深位,518220.0,518220.0,518314.0,94.0,0.0,94.0,否
701,B6T0000001180,E3,3,6,11,9,浅位,518220.0,518314.0,518408.0,94.0,94.0,188.0,否
702,B6T0000001180,E3,3,6,11,9,深位,518220.0,518408.0,518502.0,94.0,188.0,282.0,否
3067,B6T0000000455,E3,3,6,26,23,浅位,518640.0,518804.0,519074.0,270.0,164.0,434.0,否
1862,B6T0000000725,E3,3,5,13,19,浅位,518520.0,519404.0,519554.0,150.0,884.0,1034.0,否
3589,B6T0000001762,E1,3,6,7,3,浅位,519420.0,519554.0,519598.0,44.0,134.0,178.0,否
3588,B6T0000001762,E1,3,6,7,3,深位,519420.0,519598.0,519642.0,44.0,178.0,222.0,否
1286,B6T0000001854,E1,3,6,7,4,浅位,519120.0,519642.0,519690.0,48.0,522.0,570.0,否
1285,B6T0000001854,E1,3,6,7,4,深位,519120.0,519690.0,519738.0,48.0,570.0,618.0,否
3280,B6T0000001055,E3,3,6,9,4,深位,519600.0,519738.0,519796.0,57.99999999999999,138.0,196.0,否
1864,B6T0000000725,E3,3,5,13,19,深位,518520.0,519796.0,519946.0,150.0,1276.0,1426.0,否
1866,B6T0000000725,E3,3,6,13,19,浅位,518520.0,519946.0,520096.0,150.0,1426.0,1576.0,否
3281,B6T0000001055,E3,3,6,23,3,浅位,519600.0,520096.0,520262.0,166.00000000000003,496.0,662.0,否
2355,B6T0000000217,E4,3,6,45,1,深位,519660.0,520262.0,520601.0,339.00000000000017,602.0,941.0,否
2353,B6T0000000217,E4,3,6,45,5,深位,519660.0,520601.0,520956.0,355.00000000000017,941.0,1296.0,否
788,B6T0000001996,E1,3,5,7,2,浅位,520620.0,520956.0,520996.0,40.0,336.0,376.0,否
789,B6T0000001996,E1,3,5,7,2,深位,520620.0,520996.0,521036.0,40.0,376.0,416.0,否
784,B6T0000001996,E1,3,6,7,2,浅位,520620.0,521036.0,521076.0,40.0,416.0,456.0,否
3591,B6T0000001890,E1,3,6,3,46,深位,520740.0,521076.0,521276.0,200.0,336.0,536.0,否
3590,B6T0000001890,E1,3,5,2,50,深位,520740.0,521276.0,521488.0,212.0,536.0,748.0,否
2352,B6T0000000217,E4,3,6,45,6,浅位,519660.0,521488.0,521847.0,359.00000000000017,1828.0,2187.0,否
2351,B6T0000000217,E4,3,6,45,6,深位,519660.0,521847.0,522206.0,359.00000000000017,2187.0,2546.0,否
2350,B6T0000000217,E4,3,5,46,5,浅位,519660.0,522206.0,522571.0,365.00000000000017,2546.0,2911.0,否
618,B6T0000000247,E4,3,5,45,2,浅位,521520.0,522571.0,522914.0,343.00000000000017,1051.0,1394.0,否
617,B6T0000000247,E4,3,5,45,2,深位,521520.0,522914.0,523257.0,343.00000000000017,1394.0,1737.0,否
616,B6T0000000247,E4,3,6,45,2,浅位,521520.0,523257.0,523600.0,343.00000000000017,1737.0,2080.0,否
615,B6T0000000247,E4,3,6,45,2,深位,521520.0,523600.0,523943.0,343.00000000000017,2080.0,2423.0,否
2354,B6T0000000217,E4,3,5,46,5,深位,519660.0,523943.0,524308.0,365.00000000000017,4283.0,4648.0,否
2070,B6T0000000389,E3,3,6,17,17,浅位,536220.0,536220.0,536394.0,174.0,0.0,174.0,否
2069,B6T0000000389,E3,3,6,17,17,深位,536220.0,536394.0,536568.0,174.0,174.0,348.0,否
2098,B6T0000000116,E4,3,5,43,1,浅位,548100.0,548100.0,548419.0,319.00000000000017,0.0,319.0,否
2097,B6T0000000116,E4,3,5,43,1,深位,548100.0,548419.0,548738.0,319.00000000000017,319.0,638.0,否
2092,B6T0000000116,E4,3,6,43,1,浅位,548100.0,548738.0,549057.0,319.00000000000017,638.0,957.0,否
2406,B6T0000000509,E3,3,5,9,10,浅位,549000.0,549057.0,549139.0,82.0,57.0,139.0,否
2405,B6T0000000509,E3,3,5,9,10,深位,549000.0,549139.0,549221.0,82.0,139.0,221.0,否
2407,B6T0000000509,E3,3,6,9,10,浅位,549000.0,549221.0,549303.0,82.0,221.0,303.0,否
2408,B6T0000000509,E3,3,6,9,10,深位,549000.0,549303.0,549385.0,82.0,303.0,385.0,否
2093,B6T0000000116,E4,3,6,43,1,深位,548100.0,549385.0,549704.0,319.00000000000017,1285.0,1604.0,否
2094,B6T0000000116,E4,3,5,43,13,浅位,548100.0,549704.0,550071.0,367.00000000000017,1604.0,1971.0,否
2095,B6T0000000116,E4,3,5,43,13,深位,548100.0,550071.0,550438.0,367.00000000000017,1971.0,2338.0,否
2096,B6T0000000116,E4,3,6,43,13,浅位,548100.0,550438.0,550805.0,367.00000000000017,2338.0,2705.0,否
2479,B6T0000000337,E3,3,5,34,5,浅位,550920.0,551286.0,551548.0,262.0000000000001,366.0,628.0,否
2478,B6T0000000337,E3,3,5,34,5,深位,550920.0,551548.0,551810.0,262.0000000000001,628.0,890.0,否
884,B6T0000000488,E3,3,5,13,8,浅位,555480.0,555480.0,555586.0,106.0,0.0,106.0,否
885,B6T0000000488,E3,3,5,13,8,深位,555480.0,555586.0,555692.0,106.0,106.0,212.0,否
886,B6T0000000488,E3,3,6,13,8,浅位,555480.0,555692.0,555798.0,106.0,212.0,318.0,否
887,B6T0000000488,E3,3,6,13,8,深位,555480.0,555798.0,555904.0,106.0,318.0,424.0,否
3296,B6T0000001036,E3,3,5,12,14,浅位,555840.0,555904.0,556026.0,122.0,64.0,186.0,否
3297,B6T0000001036,E3,3,5,12,14,深位,555840.0,556026.0,556148.0,122.0,186.0,308.0,否
2930,B6T0000001312,E3,3,6,17,30,浅位,559500.0,559500.0,559726.0,226.0,0.0,226.0,否
2929,B6T0000001312,E3,3,6,17,30,深位,559500.0,559726.0,559952.0,226.0,226.0,452.0,否
3620,B6T0000000672,E3,3,5,13,23,浅位,561900.0,561900.0,562066.0,166.0,0.0,166.0,否
3621,B6T0000000672,E3,3,5,13,23,深位,561900.0,562066.0,562232.0,166.0,166.0,332.0,否
2886,B6T0000000858,E3,3,6,16,3,深位,562440.0,562440.0,562550.0,109.99999999999999,0.0,110.0,否
2885,B6T0000000858,E3,3,5,12,11,浅位,562440.0,562550.0,562660.0,110.0,110.0,220.0,否
2884,B6T0000000858,E3,3,5,12,11,深位,562440.0,562660.0,562770.0,110.0,220.0,330.0,否
1078,B6T0000000178,E4,3,5,47,2,浅位,558720.0,565699.0,566062.0,363.00000000000017,6979.0,7342.0,否
1077,B6T0000000178,E4,3,5,47,2,深位,558720.0,566062.0,566425.0,363.00000000000017,7342.0,7705.0,否
1075,B6T0000000178,E4,3,6,47,2,浅位,558720.0,566425.0,566788.0,363.00000000000017,7705.0,8068.0,否
1080,B6T0000000178,E4,3,6,47,2,深位,558720.0,566788.0,567151.0,363.00000000000017,8068.0,8431.0,否
2244,B6T0000000094,E4,3,5,47,10,浅位,560100.0,567151.0,567546.0,395.00000000000017,7051.0,7446.0,否
3698,B6T0000001866,E1,4,8,7,53,浅位,4080.0,4080.0,4324.0,244.00000000000003,0.0,244.0,否
3699,B6T0000001866,E1,4,8,7,53,深位,4080.0,4324.0,4568.0,244.00000000000003,244.0,488.0,否
2722,B6T0000001496,E1,4,7,6,22,浅位,11160.0,11362.0,11478.0,116.0,202.0,318.0,否
2720,B6T0000001496,E1,4,7,6,22,深位,11160.0,11478.0,11594.0,116.0,318.0,434.0,否
2723,B6T0000001496,E1,4,8,6,22,浅位,11160.0,11642.0,11770.0,128.0,482.0,610.0,是
2721,B6T0000001496,E1,4,8,6,22,深位,11160.0,11830.0,11970.0,140.0,670.0,810.0,是
3527,B6T0000000844,E3,4,8,32,32,浅位,16500.0,16500.0,16854.0,354.00000000000006,0.0,354.0,否
3526,B6T0000000844,E3,4,8,32,32,深位,16500.0,16854.0,17208.0,354.00000000000006,354.0,708.0,否
590,B6T0000001238,E3,4,7,15,4,浅位,19080.0,19080.0,19186.0,105.99999999999999,0.0,106.0,否
594,B6T0000001238,E3,4,7,15,4,深位,19080.0,19186.0,19292.0,105.99999999999999,106.0,212.0,否
579,B6T0000001238,E3,4,8,15,4,浅位,19080.0,19292.0,19398.0,105.99999999999999,212.0,318.0,否
580,B6T0000001238,E3,4,8,15,4,深位,19080.0,19398.0,19504.0,105.99999999999999,318.0,424.0,否
3306,B6T0000001385,E1,4,7,3,40,浅位,19740.0,19842.0,20042.0,200.0,102.0,302.0,是
3307,B6T0000001385,E1,4,7,3,40,深位,19740.0,20098.0,20298.0,200.0,358.0,558.0,是
3276,B6T0000000714,E3,4,8,14,42,浅位,21000.0,21000.0,21250.0,250.0,0.0,250.0,否
3277,B6T0000000714,E3,4,8,14,42,深位,21000.0,21250.0,21500.0,250.0,250.0,500.0,否
1976,B6T0000001165,E3,4,7,18,15,浅位,20280.0,23290.0,23464.0,174.0,3010.0,3184.0,否
1975,B6T0000001165,E3,4,7,18,15,深位,20280.0,23464.0,23638.0,174.0,3184.0,3358.0,否
713,B6T0000000313,E4,4,7,45,3,浅位,19560.0,26849.0,27196.0,347.00000000000017,7289.0,7636.0,否
717,B6T0000000313,E4,4,7,45,3,深位,19560.0,27196.0,27543.0,347.00000000000017,7636.0,7983.0,否
704,B6T0000000313,E4,4,8,45,3,浅位,19560.0,27543.0,27890.0,347.00000000000017,7983.0,8330.0,否
2995,B6T0000001393,E1,4,7,5,28,浅位,29940.0,29940.0,30076.0,136.0,0.0,136.0,否
2996,B6T0000001393,E1,4,7,5,28,深位,29940.0,30076.0,30212.0,136.0,136.0,272.0,否
2997,B6T0000001393,E1,4,8,5,28,浅位,29940.0,30212.0,30348.0,136.0,272.0,408.0,否
1556,B6T0000001735,E1,4,7,7,5,浅位,30420.0,32277.0,32329.0,52.0,1857.0,1909.0,否
1555,B6T0000001735,E1,4,7,7,5,深位,30420.0,32329.0,32381.0,52.0,1909.0,1961.0,否
1554,B6T0000001735,E1,4,8,7,5,浅位,30420.0,32381.0,32433.0,52.0,1961.0,2013.0,否
1565,B6T0000001735,E1,4,8,7,5,深位,30420.0,32433.0,32485.0,52.0,2013.0,2065.0,否
3275,B6T0000000569,E3,4,8,35,20,浅位,34740.0,34740.0,35070.0,330.0000000000001,0.0,330.0,否
3274,B6T0000000569,E3,4,8,35,20,深位,34740.0,35070.0,35400.0,330.0000000000001,330.0,660.0,否
1717,B6T0000001672,E1,4,7,6,7,浅位,35040.0,35400.0,35456.0,56.0,360.0,416.0,否
1723,B6T0000001672,E1,4,7,6,7,深位,35040.0,35456.0,35512.0,56.0,416.0,472.0,否
1724,B6T0000001672,E1,4,8,6,7,浅位,35040.0,35512.0,35568.0,56.0,472.0,528.0,否
1718,B6T0000001672,E1,4,8,6,7,深位,35040.0,35568.0,35624.0,56.0,528.0,584.0,否
2966,B6T0000000501,E3,4,7,36,11,浅位,36180.0,36784.0,37086.0,302.0000000000001,604.0,906.0,否
2367,B6T0000001801,E1,4,7,7,13,浅位,37800.0,37968.0,38052.0,84.0,168.0,252.0,否
2364,B6T0000001801,E1,4,7,7,13,深位,37800.0,38052.0,38136.0,84.0,252.0,336.0,否
2363,B6T0000001801,E1,4,8,7,13,浅位,37800.0,38136.0,38220.0,84.0,336.0,420.0,否
2365,B6T0000001801,E1,4,8,7,13,深位,37800.0,38220.0,38304.0,84.0,420.0,504.0,否
3483,B6T0000000952,E3,4,7,16,47,浅位,41280.0,41280.0,41566.0,286.0,0.0,286.0,否
3482,B6T0000000952,E3,4,7,16,47,深位,41280.0,41566.0,41852.0,286.0,286.0,572.0,否
3496,B6T0000001087,E3,4,8,19,44,浅位,44340.0,44340.0,44638.0,298.0,0.0,298.0,否
3497,B6T0000001087,E3,4,8,19,44,深位,44340.0,44638.0,44936.0,298.0,298.0,596.0,否
2060,B6T0000000120,E4,4,7,48,7,浅位,43980.0,45750.0,46143.0,393.00000000000017,1770.0,2163.0,否
2059,B6T0000000120,E4,4,7,48,7,深位,43980.0,46319.5,46542.0,222.50000000000009,2339.5,2562.0,是
2057,B6T0000000120,E4,4,8,48,7,浅位,43980.0,46718.5,46941.0,222.50000000000009,2738.5,2961.0,是
2554,B6T0000001153,E3,4,7,10,31,浅位,51060.0,51296.0,51532.0,236.00000000000003,236.0,472.0,是
2553,B6T0000001153,E3,4,7,10,31,深位,51060.0,51622.0,51712.0,90.0,562.0,652.0,是
2552,B6T0000001153,E3,4,8,10,31,浅位,51060.0,51802.0,51892.0,90.0,742.0,832.0,是
2551,B6T0000001153,E3,4,8,10,31,深位,51060.0,51982.0,52072.0,90.0,922.0,1012.0,是
2890,B6T0000001622,E1,4,8,5,26,浅位,51960.0,52162.0,52252.0,90.0,202.0,292.0,是
2892,B6T0000001622,E1,4,8,5,26,深位,51960.0,52382.0,52596.0,214.00000000000003,422.0,636.0,是
664,B6T0000001698,E1,4,7,8,1,浅位,54180.0,55922.0,56074.0,152.0,1742.0,1894.0,是
665,B6T0000001698,E1,4,7,8,1,深位,54180.0,56226.0,56378.0,152.0,2046.0,2198.0,是
663,B6T0000001698,E1,4,8,8,1,浅位,54180.0,56530.0,56682.0,152.0,2350.0,2502.0,是
662,B6T0000001698,E1,4,8,8,1,深位,54180.0,56834.0,56986.0,152.0,2654.0,2806.0,是
1573,B6T0000001553,E1,4,7,2,8,浅位,54600.0,57188.5,57391.0,202.50000000000006,2588.5,2791.0,是
1566,B6T0000001553,E1,4,7,2,8,深位,54600.0,57599.5,57808.0,208.50000000000009,2999.5,3208.0,是
366,B6T0000001440,E1,4,7,5,2,浅位,55740.0,58027.5,58247.0,219.50000000000006,2287.5,2507.0,是
371,B6T0000001440,E1,4,7,5,2,深位,55740.0,58479.5,58712.0,232.5000000000001,2739.5,2972.0,是
365,B6T0000001440,E1,4,8,5,2,浅位,55740.0,58712.0,58744.0,32.0,2972.0,3004.0,否
378,B6T0000001440,E1,4,8,5,2,深位,55740.0,58744.0,58776.0,32.0,3004.0,3036.0,否
1576,B6T0000001553,E1,4,8,2,8,浅位,54600.0,58776.0,58820.0,44.0,4176.0,4220.0,否
1575,B6T0000001553,E1,4,8,2,8,深位,54600.0,58820.0,58864.0,44.0,4220.0,4264.0,否
2282,B6T0000001811,E1,4,7,2,15,浅位,54840.0,58864.0,58936.0,72.0,4024.0,4096.0,否
2279,B6T0000001811,E1,4,7,2,15,深位,54840.0,58936.0,59008.0,72.0,4096.0,4168.0,否
445,B6T0000000678,E3,4,7,9,10,浅位,56280.0,59008.0,59090.0,82.0,2728.0,2810.0,否
446,B6T0000000678,E3,4,7,9,10,深位,56280.0,59090.0,59172.0,82.0,2810.0,2892.0,否
447,B6T0000000678,E3,4,8,9,10,浅位,56280.0,59172.0,59254.0,82.0,2892.0,2974.0,否
448,B6T0000000678,E3,4,8,9,10,深位,56280.0,59273.0,59342.0,69.0,2993.0,3062.0,是
3546,B6T0000001365,E1,4,8,5,49,浅位,85980.0,85980.0,86200.0,220.0,0.0,220.0,否
3547,B6T0000001365,E1,4,8,5,49,深位,85980.0,86200.0,86420.0,220.0,220.0,440.0,否
2688,B6T0000001182,E3,4,8,38,4,浅位,85980.0,86420.0,86710.0,290.0000000000001,440.0,730.0,否
1471,B6T0000000631,E3,4,8,24,3,浅位,86520.0,86710.0,86884.0,174.00000000000003,190.0,364.0,否
1480,B6T0000000631,E3,4,8,24,3,深位,86520.0,86884.0,87058.0,174.00000000000003,364.0,538.0,否
2690,B6T0000001182,E3,4,8,38,4,深位,85980.0,87148.0,87354.0,206.00000000000009,1168.0,1374.0,是
1666,B6T0000001355,E1,4,7,1,9,浅位,87240.0,87444.0,87558.0,114.00000000000003,204.0,318.0,是
1670,B6T0000001355,E1,4,7,1,9,深位,87240.0,87706.0,87874.0,168.00000000000006,466.0,634.0,是
1671,B6T0000001355,E1,4,8,1,9,浅位,87240.0,87874.0,87918.0,44.0,634.0,678.0,否
1672,B6T0000001355,E1,4,8,1,9,深位,87240.0,87918.0,87962.0,44.0,678.0,722.0,否
2754,B6T0000000327,E3,4,7,25,19,浅位,87960.0,87962.0,88208.0,246.0,2.0,248.0,否
550,B6T0000001197,E3,4,7,14,5,浅位,87180.0,88208.0,88310.0,101.99999999999999,1028.0,1130.0,否
2753,B6T0000000327,E3,4,7,25,19,深位,87960.0,88310.0,88556.0,246.0,350.0,596.0,否
1836,B6T0000000536,E3,4,7,23,8,浅位,87000.0,88556.0,88742.0,186.00000000000003,1556.0,1742.0,否
1837,B6T0000000536,E3,4,7,23,8,深位,87000.0,88742.0,88928.0,186.00000000000003,1742.0,1928.0,否
1839,B6T0000000536,E3,4,8,23,8,浅位,87000.0,88928.0,89114.0,186.00000000000003,1928.0,2114.0,否
1840,B6T0000000536,E3,4,8,23,8,深位,87000.0,89114.0,89300.0,186.00000000000003,2114.0,2300.0,否
2745,B6T0000001086,E3,4,7,20,24,浅位,86820.0,89300.0,89526.0,226.00000000000003,2480.0,2706.0,否
2746,B6T0000001086,E3,4,7,20,24,深位,86820.0,89526.0,89752.0,226.00000000000003,2706.0,2932.0,否
2752,B6T0000000327,E3,4,8,25,19,浅位,87960.0,89752.0,89998.0,246.0,1792.0,2038.0,否
2755,B6T0000000327,E3,4,8,25,19,深位,87960.0,89998.0,90244.0,246.0,2038.0,2284.0,否
3286,B6T0000000783,E3,4,7,19,37,浅位,88260.0,90244.0,90514.0,270.0,1984.0,2254.0,否
3287,B6T0000000783,E3,4,7,19,37,深位,88260.0,90514.0,90784.0,270.0,2254.0,2524.0,否
3101,B6T0000000457,E3,4,7,32,18,浅位,87360.0,90784.0,91082.0,298.00000000000006,3424.0,3722.0,否
3676,B6T0000000818,E3,4,7,27,42,浅位,87060.0,91082.0,91436.0,354.0,4022.0,4376.0,否
3677,B6T0000000818,E3,4,7,27,42,深位,87060.0,91490.0,91796.0,306.0,4430.0,4736.0,是
3542,B6T0000000587,E3,4,7,38,27,浅位,89220.0,91892.0,92184.0,292.0000000000001,2672.0,2964.0,是
1947,B6T0000000292,E4,4,7,44,11,浅位,86220.0,92209.0,92559.0,350.00000000000017,5989.0,6339.0,是
1946,B6T0000000292,E4,4,7,44,11,深位,86220.0,92584.0,92934.0,350.00000000000017,6364.0,6714.0,是
1945,B6T0000000292,E4,4,8,44,11,浅位,86220.0,92959.0,93309.0,350.00000000000017,6739.0,7089.0,是
1942,B6T0000000292,E4,4,8,44,11,深位,86220.0,93334.0,93684.0,350.00000000000017,7114.0,7464.0,是
3543,B6T0000000587,E3,4,7,38,27,深位,89220.0,93780.0,94072.0,292.0000000000001,4560.0,4852.0,是
1832,B6T0000001148,E3,4,7,21,10,浅位,91860.0,94168.0,94272.0,104.00000000000003,2308.0,2412.0,是
1825,B6T0000001148,E3,4,7,21,10,深位,91860.0,94364.0,94456.0,92.00000000000001,2504.0,2596.0,是
3131,B6T0000000538,E3,4,8,14,2,深位,95100.0,95100.0,95190.0,89.99999999999999,0.0,90.0,否
3132,B6T0000000538,E3,4,8,17,2,深位,95100.0,95190.0,95304.0,114.0,90.0,204.0,否
3130,B6T0000000538,E3,4,8,19,5,深位,95100.0,95304.0,95446.0,142.0,204.0,346.0,否
116,B6T0000000154,E4,4,7,43,3,浅位,87960.0,95446.0,95773.0,327.00000000000017,7486.0,7813.0,否
122,B6T0000000154,E4,4,7,43,3,深位,87960.0,95821.0,96106.0,285.00000000000017,7861.0,8146.0,是
112,B6T0000000154,E4,4,8,43,3,浅位,87960.0,96166.0,96439.0,273.00000000000017,8206.0,8479.0,是
124,B6T0000000154,E4,4,8,43,3,深位,87960.0,96513.0,96780.0,267.00000000000017,8553.0,8820.0,是
1375,B6T0000000104,E4,4,7,46,5,浅位,86820.0,98540.0,98901.0,361.00000000000017,11720.0,12081.0,是
1376,B6T0000000104,E4,4,7,46,5,深位,86820.0,99039.0,99400.0,361.00000000000017,12219.0,12580.0,是
1407,B6T0000000408,E3,4,7,23,3,浅位,97380.0,99548.0,99696.0,148.00000000000006,2168.0,2316.0,是
1408,B6T0000000408,E3,4,7,23,3,深位,97380.0,99782.0,99868.0,86.00000000000001,2402.0,2488.0,是
1321,B6T0000000836,E3,4,7,12,14,浅位,97740.0,99954.0,100084.0,130.00000000000003,2214.0,2344.0,是
1318,B6T0000000836,E3,4,7,12,14,深位,97740.0,100148.0,100212.0,64.0,2408.0,2472.0,是
1317,B6T0000000836,E3,4,8,12,14,浅位,97740.0,100276.0,100340.0,64.0,2536.0,2600.0,是
1414,B6T0000000408,E3,4,8,23,3,浅位,97380.0,100404.0,100556.0,152.00000000000006,3024.0,3176.0,是
1416,B6T0000000408,E3,4,8,23,3,深位,97380.0,100642.0,100728.0,86.00000000000001,3262.0,3348.0,是
2445,B6T0000001189,E3,4,7,21,18,浅位,107640.0,108480.0,108690.0,210.00000000000003,840.0,1050.0,否
1051,B6T0000001185,E3,4,7,20,3,浅位,106380.0,109048.0,109190.0,142.00000000000003,2668.0,2810.0,否
1052,B6T0000001185,E3,4,7,20,3,深位,106380.0,109190.0,109332.0,142.00000000000003,2810.0,2952.0,否
1054,B6T0000001185,E3,4,8,20,3,浅位,106380.0,109332.0,109474.0,142.00000000000003,2952.0,3094.0,否
59,B6T0000001664,E1,4,7,2,2,浅位,118500.0,118500.0,118520.0,20.0,0.0,20.0,否
61,B6T0000001664,E1,4,7,2,2,深位,118500.0,118520.0,118540.0,20.0,20.0,40.0,否
60,B6T0000001664,E1,4,8,2,2,浅位,118500.0,118540.0,118560.0,20.0,40.0,60.0,否
62,B6T0000001664,E1,4,8,2,2,深位,118500.0,118573.0,118586.0,13.0,73.0,86.0,是
3303,B6T0000000583,E3,4,7,11,46,浅位,119520.0,119520.0,119762.0,242.0,0.0,242.0,否
3302,B6T0000000583,E3,4,7,11,46,深位,119520.0,119762.0,120004.0,242.0,242.0,484.0,否
56,B6T0000001104,E3,4,7,9,4,浅位,123780.0,125782.0,125938.0,156.0,2002.0,2158.0,是
57,B6T0000001104,E3,4,7,9,4,深位,123780.0,125970.0,126002.0,31.999999999999996,2190.0,2222.0,是
58,B6T0000001104,E3,4,8,9,4,浅位,123780.0,126034.0,126066.0,31.999999999999996,2254.0,2286.0,是
51,B6T0000001104,E3,4,8,9,4,深位,123780.0,126098.0,126130.0,31.999999999999996,2318.0,2350.0,是
844,B6T0000001220,E3,4,7,9,4,浅位,126180.0,126344.0,126500.0,156.0,164.0,320.0,是
843,B6T0000001220,E3,4,7,9,4,深位,126180.0,126532.0,126564.0,31.999999999999996,352.0,384.0,是
3728,B6T0000000407,E3,4,8,9,63,浅位,130680.0,131100.0,131274.0,174.0,420.0,594.0,是
3729,B6T0000000407,E3,4,8,9,63,深位,130680.0,131424.0,131574.0,150.0,744.0,894.0,是
3524,B6T0000000430,E3,4,7,31,33,浅位,133800.0,133800.0,134150.0,350.00000000000006,0.0,350.0,否
3525,B6T0000000430,E3,4,7,31,33,深位,133800.0,134316.5,134603.0,286.5000000000001,516.5,803.0,是
1923,B6T0000001647,E1,4,7,6,9,浅位,140580.0,141480.5,141739.0,258.5000000000001,900.5,1159.0,是
1924,B6T0000001647,E1,4,7,6,9,深位,140580.0,141997.5,142256.0,258.5000000000001,1417.5,1676.0,是
2637,B6T0000001516,E1,4,7,8,19,浅位,140160.0,142515.5,142775.0,259.5000000000001,2355.5,2615.0,是
2784,B6T0000000541,E3,4,7,31,13,浅位,141360.0,143034.5,143294.0,259.5000000000001,1674.5,1934.0,是
2785,B6T0000000541,E3,4,7,31,13,深位,141360.0,143553.5,143813.0,259.5000000000001,2193.5,2453.0,是
2786,B6T0000000541,E3,4,8,31,13,浅位,141360.0,143813.0,144083.0,270.00000000000006,2453.0,2723.0,否
2787,B6T0000000541,E3,4,8,31,13,深位,141360.0,144083.0,144353.0,270.00000000000006,2723.0,2993.0,否
82,B6T0000000261,E4,4,7,43,1,浅位,143520.0,152698.0,153017.0,319.00000000000017,9178.0,9497.0,否
68,B6T0000000261,E4,4,7,43,1,深位,143520.0,153017.0,153336.0,319.00000000000017,9497.0,9816.0,否
70,B6T0000000261,E4,4,8,43,1,浅位,143520.0,153336.0,153655.0,319.00000000000017,9816.0,10135.0,否
3339,B6T0000000019,E4,4,8,44,33,浅位,172620.0,172620.0,173077.0,457.00000000000017,0.0,457.0,否
3338,B6T0000000019,E4,4,8,44,33,深位,172620.0,173077.0,173534.0,457.00000000000017,457.0,914.0,否
2540,B6T0000001206,E3,4,8,38,2,浅位,173700.0,173700.0,173982.0,282.0000000000001,0.0,282.0,否
2542,B6T0000001206,E3,4,8,38,2,深位,173700.0,173982.0,174264.0,282.0000000000001,282.0,564.0,否
2030,B6T0000000271,E4,4,7,43,13,浅位,172740.0,174500.0,174867.0,367.00000000000017,1760.0,2127.0,否
2029,B6T0000000271,E4,4,7,43,13,深位,172740.0,174867.0,175234.0,367.00000000000017,2127.0,2494.0,否
2033,B6T0000000271,E4,4,8,43,13,浅位,172740.0,175234.0,175601.0,367.00000000000017,2494.0,2861.0,否
764,B6T0000000843,E3,4,7,15,5,浅位,174120.0,175601.0,175711.0,109.99999999999999,1481.0,1591.0,否
780,B6T0000000843,E3,4,7,15,5,深位,174120.0,175711.0,175821.0,109.99999999999999,1591.0,1701.0,否
763,B6T0000000843,E3,4,8,15,5,浅位,174120.0,175821.0,175931.0,109.99999999999999,1701.0,1811.0,否
778,B6T0000000843,E3,4,8,15,5,深位,174120.0,175931.0,176041.0,109.99999999999999,1811.0,1921.0,否
470,B6T0000001382,E1,4,7,2,4,浅位,175680.0,177416.0,177444.0,28.0,1736.0,1764.0,否
1305,B6T0000000996,E3,4,7,9,17,浅位,174420.0,179746.0,179856.0,110.0,5326.0,5436.0,否
1296,B6T0000000996,E3,4,7,9,17,深位,174420.0,179856.0,179966.0,110.0,5436.0,5546.0,否
1299,B6T0000000996,E3,4,8,9,17,浅位,174420.0,179966.0,180076.0,110.0,5546.0,5656.0,否
1177,B6T0000001103,E3,4,7,21,3,浅位,175020.0,180606.0,180756.0,150.00000000000003,5586.0,5736.0,否
1192,B6T0000001103,E3,4,7,21,3,深位,175020.0,180756.0,180906.0,150.00000000000003,5736.0,5886.0,否
1191,B6T0000001103,E3,4,8,21,3,浅位,175020.0,180906.0,181056.0,150.00000000000003,5886.0,6036.0,否
1190,B6T0000001103,E3,4,8,21,3,深位,175020.0,181056.0,181206.0,150.00000000000003,6036.0,6186.0,否
3325,B6T0000001530,E1,4,8,1,42,浅位,182220.0,182220.0,182396.0,176.0,0.0,176.0,否
3324,B6T0000001530,E1,4,8,1,42,深位,182220.0,182396.0,182572.0,176.0,176.0,352.0,否
798,B6T0000000540,E3,4,7,9,12,浅位,181380.0,182572.0,182662.0,90.0,1192.0,1282.0,否
2823,B6T0000000646,E3,4,7,13,32,浅位,182280.0,183360.0,183562.0,202.0,1080.0,1282.0,否
2822,B6T0000000646,E3,4,7,13,32,深位,182280.0,183562.0,183764.0,202.0,1282.0,1484.0,否
2000,B6T0000001313,E3,4,7,20,13,浅位,185400.0,186100.0,186282.0,182.0,700.0,882.0,否
2002,B6T0000001313,E3,4,7,20,13,深位,185400.0,186282.0,186464.0,182.0,882.0,1064.0,否
2003,B6T0000001313,E3,4,8,20,13,浅位,185400.0,186464.0,186646.0,182.0,1064.0,1246.0,否
2004,B6T0000001313,E3,4,8,20,13,深位,185400.0,186646.0,186828.0,182.0,1246.0,1428.0,否
203,B6T0000000932,E3,4,7,9,8,浅位,190380.0,191180.0,191318.0,138.00000000000006,800.0,938.0,是
204,B6T0000000932,E3,4,7,9,8,深位,190380.0,191358.0,191398.0,40.0,978.0,1018.0,是
198,B6T0000000932,E3,4,8,9,8,浅位,190380.0,191438.0,191478.0,40.0,1058.0,1098.0,是
191,B6T0000000932,E3,4,8,9,8,深位,190380.0,191518.0,191558.0,40.0,1138.0,1178.0,是
3366,B6T0000000940,E3,4,8,24,3,浅位,198660.0,198660.0,198834.0,174.00000000000003,0.0,174.0,否
3367,B6T0000000940,E3,4,8,24,3,深位,198660.0,198834.0,199008.0,174.00000000000003,174.0,348.0,否
1141,B6T0000000395,E3,4,7,16,8,浅位,202560.0,202560.0,202690.0,130.0,0.0,130.0,否
1137,B6T0000000395,E3,4,7,16,8,深位,202560.0,202690.0,202820.0,130.0,130.0,260.0,否
1133,B6T0000000395,E3,4,8,16,8,浅位,202560.0,202820.0,202950.0,130.0,260.0,390.0,否
1134,B6T0000000395,E3,4,8,16,8,深位,202560.0,202950.0,203080.0,130.0,390.0,520.0,否
3454,B6T0000001666,E1,4,7,5,2,浅位,202980.0,203080.0,203112.0,32.0,100.0,132.0,否
3455,B6T0000001666,E1,4,7,5,2,深位,202980.0,203112.0,203144.0,32.0,132.0,164.0,否
827,B6T0000001427,E1,4,7,4,4,浅位,203940.0,203940.0,203976.0,36.0,0.0,36.0,否
820,B6T0000001427,E1,4,7,4,4,深位,203940.0,203976.0,204012.0,36.0,36.0,72.0,否
821,B6T0000001427,E1,4,8,4,4,浅位,203940.0,204012.0,204048.0,36.0,72.0,108.0,否
822,B6T0000001427,E1,4,8,4,4,深位,203940.0,204048.0,204084.0,36.0,108.0,144.0,否
211,B6T0000000581,E3,4,7,9,9,浅位,203640.0,207069.0,207147.0,78.0,3429.0,3507.0,否
3453,B6T0000001361,E1,4,8,7,5,深位,211080.0,211582.5,211769.0,186.50000000000006,502.5,689.0,是
3452,B6T0000001361,E1,4,7,6,7,浅位,211080.0,211769.0,211825.0,56.0,689.0,745.0,否
3214,B6T0000001636,E1,4,8,6,7,深位,217800.0,217800.0,217856.0,56.0,0.0,56.0,否
3216,B6T0000001636,E1,4,7,1,12,深位,217800.0,217856.0,217912.0,56.00000000000001,56.0,112.0,否
3215,B6T0000001636,E1,4,8,6,12,深位,217800.0,217912.0,217988.0,76.0,112.0,188.0,否
1464,B6T0000000897,E3,4,7,21,6,浅位,220080.0,221332.0,221494.0,162.00000000000003,1252.0,1414.0,否
1463,B6T0000000897,E3,4,7,21,6,深位,220080.0,221578.0,221662.0,84.00000000000001,1498.0,1582.0,是
1462,B6T0000000897,E3,4,8,21,6,浅位,220080.0,221746.0,221830.0,84.00000000000001,1666.0,1750.0,是
1461,B6T0000000897,E3,4,8,21,6,深位,220080.0,221914.0,221998.0,84.00000000000001,1834.0,1918.0,是
3401,B6T0000000889,E3,4,7,10,50,浅位,223740.0,223740.0,223990.0,250.0,0.0,250.0,否
3400,B6T0000000889,E3,4,7,10,50,深位,223740.0,223990.0,224240.0,250.0,250.0,500.0,否
3315,B6T0000000135,E4,4,7,43,1,浅位,224940.0,224940.0,225259.0,319.00000000000017,0.0,319.0,否
3314,B6T0000000135,E4,4,7,43,1,深位,224940.0,225259.0,225578.0,319.00000000000017,319.0,638.0,否
458,B6T0000001382,E1,4,7,2,4,深位,226980.0,226980.0,227008.0,28.0,0.0,28.0,否
457,B6T0000001382,E1,4,8,2,4,浅位,226980.0,227008.0,227036.0,28.0,28.0,56.0,否
456,B6T0000001382,E1,4,8,2,4,深位,226980.0,227036.0,227064.0,28.0,56.0,84.0,否
3129,B6T0000000861,E3,4,8,14,2,深位,228660.0,228660.0,228750.0,89.99999999999999,0.0,90.0,否
3128,B6T0000000861,E3,4,8,17,2,深位,228660.0,228750.0,228864.0,114.0,90.0,204.0,否
3127,B6T0000000861,E3,4,8,19,5,深位,228660.0,228864.0,229006.0,142.0,204.0,346.0,否
3264,B6T0000000268,E4,4,7,43,3,浅位,228720.0,229006.0,229333.0,327.00000000000017,286.0,613.0,否
3202,B6T0000001891,E1,4,7,4,36,浅位,228960.0,229333.0,229497.0,164.0,373.0,537.0,否
3265,B6T0000000268,E4,4,7,43,3,深位,228720.0,229497.0,229824.0,327.00000000000017,777.0,1104.0,否
258,B6T0000001466,E1,4,7,4,2,浅位,259800.0,260434.5,260695.0,260.5000000000001,634.5,895.0,是
259,B6T0000001466,E1,4,7,4,2,深位,259800.0,260695.0,260723.0,28.0,895.0,923.0,否
260,B6T0000001466,E1,4,8,4,2,浅位,259800.0,260723.0,260751.0,28.0,923.0,951.0,否
261,B6T0000001466,E1,4,8,4,2,深位,259800.0,260751.0,260779.0,28.0,951.0,979.0,否
2386,B6T0000000719,E3,4,7,14,5,浅位,260340.0,260779.0,260881.0,101.99999999999999,439.0,541.0,否
2385,B6T0000000719,E3,4,7,21,10,浅位,260340.0,260881.0,261059.0,178.00000000000003,541.0,719.0,否
2388,B6T0000000719,E3,4,7,21,10,深位,260340.0,261076.0,261243.0,167.0,736.0,903.0,是
2389,B6T0000000719,E3,4,7,23,8,浅位,260340.0,261260.0,261435.0,175.00000000000003,920.0,1095.0,是
2387,B6T0000000719,E3,4,7,23,8,深位,260340.0,261452.0,261627.0,175.00000000000003,1112.0,1287.0,是
3378,B6T0000001412,E1,4,7,6,41,浅位,259800.0,261644.0,261825.0,181.0,1844.0,2025.0,是
3379,B6T0000001412,E1,4,7,6,41,深位,259800.0,261879.0,262077.0,198.0,2079.0,2277.0,是
3671,B6T0000000334,E3,4,8,32,37,浅位,261000.0,262164.0,262457.0,293.00000000000006,1164.0,1457.0,是
3670,B6T0000000334,E3,4,8,32,37,深位,261000.0,262544.0,262841.0,297.00000000000006,1544.0,1841.0,是
1617,B6T0000001083,E3,4,7,9,20,浅位,261660.0,263268.0,263393.0,125.0,1608.0,1733.0,是
1616,B6T0000001083,E3,4,7,9,20,深位,261660.0,263457.0,263521.0,64.0,1797.0,1861.0,是
1620,B6T0000001083,E3,4,8,9,20,浅位,261660.0,263585.0,263649.0,64.0,1925.0,1989.0,是
1621,B6T0000001083,E3,4,8,9,20,深位,261660.0,263713.0,263777.0,64.0,2053.0,2117.0,是
169,B6T0000000810,E3,4,7,15,1,浅位,259440.0,264871.0,264963.0,92.00000000000001,5431.0,5523.0,是
3700,B6T0000000356,E3,4,8,35,35,浅位,264960.0,265013.0,265359.0,346.0000000000001,53.0,399.0,是
3701,B6T0000000356,E3,4,8,35,35,深位,264960.0,265451.0,265755.0,304.0000000000001,491.0,795.0,是
3140,B6T0000000039,E4,4,8,44,27,浅位,270480.0,270480.0,270913.0,433.00000000000017,0.0,433.0,否
3141,B6T0000000039,E4,4,8,44,27,深位,270480.0,270913.0,271346.0,433.00000000000017,433.0,866.0,否
2562,B6T0000001537,E1,4,7,2,20,浅位,272220.0,272404.0,272496.0,92.0,184.0,276.0,否
2563,B6T0000001537,E1,4,7,2,20,深位,272220.0,272496.0,272588.0,92.0,276.0,368.0,否
2560,B6T0000001537,E1,4,8,2,20,浅位,272220.0,272588.0,272680.0,92.0,368.0,460.0,否
2668,B6T0000000193,E4,4,7,48,7,深位,276720.0,276720.0,277113.0,393.00000000000017,0.0,393.0,否
1004,B6T0000001090,E3,4,7,12,11,浅位,276120.0,277113.0,277223.0,110.0,993.0,1103.0,否
2670,B6T0000000193,E4,4,8,48,7,浅位,276720.0,277223.0,277616.0,393.00000000000017,503.0,896.0,否
574,B6T0000001238,E3,4,7,16,3,浅位,286320.0,286430.0,286540.0,109.99999999999999,110.0,220.0,否
573,B6T0000001238,E3,4,7,16,3,深位,286320.0,286540.0,286650.0,109.99999999999999,220.0,330.0,否
572,B6T0000001238,E3,4,8,16,3,浅位,286320.0,286650.0,286760.0,109.99999999999999,330.0,440.0,否
576,B6T0000001238,E3,4,8,16,3,深位,286320.0,286760.0,286870.0,109.99999999999999,440.0,550.0,否
3224,B6T0000001460,E1,4,7,1,9,浅位,286920.0,286920.0,286964.0,44.0,0.0,44.0,否
3225,B6T0000001460,E1,4,7,1,9,深位,286920.0,286964.0,287008.0,44.0,44.0,88.0,否
3223,B6T0000001460,E1,4,8,1,9,浅位,286920.0,287008.0,287052.0,44.0,88.0,132.0,否
1096,B6T0000001415,E1,4,7,7,3,浅位,287880.0,290733.0,290777.0,44.0,2853.0,2897.0,否
1338,B6T0000000043,E4,4,7,45,6,浅位,286740.0,293081.0,293440.0,359.00000000000017,6341.0,6700.0,否
3498,B6T0000001296,E3,4,8,23,40,浅位,293340.0,293440.0,293754.0,314.0,100.0,414.0,否
3499,B6T0000001296,E3,4,8,23,40,深位,293340.0,293754.0,294068.0,314.0,414.0,728.0,否
1337,B6T0000000043,E4,4,7,45,6,深位,286740.0,294068.0,294427.0,359.00000000000017,7328.0,7687.0,否
1336,B6T0000000043,E4,4,8,45,6,浅位,286740.0,294485.0,294812.0,327.00000000000017,7745.0,8072.0,是
1335,B6T0000000043,E4,4,8,45,6,深位,286740.0,294972.0,295401.0,429.00000000000017,8232.0,8661.0,是
3648,B6T0000001606,E1,4,8,1,2,深位,295020.0,295401.0,295417.0,16.0,381.0,397.0,否
3649,B6T0000001606,E1,4,7,5,5,深位,295020.0,295417.0,295461.0,44.0,397.0,441.0,否
459,B6T0000001382,E1,4,7,4,2,浅位,295980.0,297648.0,297676.0,28.0,1668.0,1696.0,否
3256,B6T0000000023,E4,4,8,43,2,深位,301260.0,301260.0,301583.0,323.00000000000017,0.0,323.0,否
3257,B6T0000000023,E4,4,7,43,11,深位,301260.0,301583.0,301942.0,359.00000000000017,323.0,682.0,否
1527,B6T0000000228,E4,4,8,43,3,深位,301800.0,301942.0,302269.0,327.00000000000017,142.0,469.0,否
1216,B6T0000000577,E3,4,7,9,16,浅位,302040.0,303407.0,303513.0,106.0,1367.0,1473.0,否
1212,B6T0000000577,E3,4,7,9,16,深位,302040.0,303513.0,303619.0,106.0,1473.0,1579.0,否
1213,B6T0000000577,E3,4,8,9,16,浅位,302040.0,303619.0,303725.0,106.0,1579.0,1685.0,否
1223,B6T0000000577,E3,4,8,9,16,深位,302040.0,303725.0,303831.0,106.0,1685.0,1791.0,否
340,B6T0000000139,E4,4,7,45,1,浅位,302220.0,305356.0,305695.0,339.00000000000017,3136.0,3475.0,否
804,B6T0000000540,E3,4,7,9,12,深位,305460.0,305695.0,305785.0,90.0,235.0,325.0,否
334,B6T0000000139,E4,4,7,45,1,深位,302220.0,305785.0,306124.0,339.00000000000017,3565.0,3904.0,否
812,B6T0000000540,E3,4,7,18,2,浅位,305460.0,306172.0,306292.0,120.0,712.0,832.0,是
805,B6T0000000540,E3,4,7,18,2,深位,305460.0,306348.0,306476.0,128.0,888.0,1016.0,是
810,B6T0000000540,E3,4,8,18,2,浅位,305460.0,306532.0,306660.0,128.0,1072.0,1200.0,是
811,B6T0000000540,E3,4,8,18,2,深位,305460.0,306660.0,306782.0,122.0,1200.0,1322.0,否
339,B6T0000000139,E4,4,8,45,1,浅位,302220.0,306782.0,307121.0,339.00000000000017,4562.0,4901.0,否
3064,B6T0000000340,E3,4,7,30,19,浅位,306900.0,307121.0,307407.0,286.00000000000006,221.0,507.0,否
3066,B6T0000000340,E3,4,7,30,19,深位,306900.0,307407.0,307693.0,286.00000000000006,507.0,793.0,否
3065,B6T0000000340,E3,4,8,30,19,浅位,306900.0,307693.0,307979.0,286.00000000000006,793.0,1079.0,否
338,B6T0000000139,E4,4,8,45,1,深位,302220.0,307979.0,308318.0,339.00000000000017,5759.0,6098.0,否
2971,B6T0000000633,E3,4,8,37,10,浅位,308760.0,308949.5,309144.0,194.50000000000009,189.5,384.0,是
2973,B6T0000000633,E3,4,8,37,10,深位,308760.0,309316.5,309525.0,208.5000000000001,556.5,765.0,是
302,B6T0000001196,E3,4,7,13,5,浅位,309300.0,309697.5,309886.0,188.50000000000009,397.5,586.0,是
293,B6T0000001196,E3,4,7,13,5,深位,309300.0,310058.5,310247.0,188.50000000000009,758.5,947.0,是
308,B6T0000001196,E3,4,8,13,5,浅位,309300.0,310419.5,310608.0,188.50000000000009,1119.5,1308.0,是
306,B6T0000001196,E3,4,8,13,5,深位,309300.0,310790.5,310973.0,182.50000000000009,1490.5,1673.0,是
509,B6T0000001101,E3,4,7,12,7,浅位,309960.0,311155.5,311342.0,186.50000000000009,1195.5,1382.0,是
489,B6T0000001101,E3,4,7,12,7,深位,309960.0,311524.5,311711.0,186.50000000000009,1564.5,1751.0,是
244,B6T0000000581,E3,4,7,9,9,深位,311640.0,311893.5,312088.0,194.50000000000009,253.5,448.0,是
245,B6T0000000581,E3,4,8,9,9,浅位,311640.0,312270.5,312465.0,194.50000000000009,630.5,825.0,是
246,B6T0000000581,E3,4,8,9,9,深位,311640.0,312664.5,312872.0,207.50000000000009,1024.5,1232.0,是
490,B6T0000001101,E3,4,8,12,7,浅位,309960.0,312914.0,312980.0,66.0,2954.0,3020.0,是
832,B6T0000001220,E3,4,8,9,4,浅位,312960.0,313022.0,313064.0,42.0,62.0,104.0,是
833,B6T0000001220,E3,4,8,9,4,深位,312960.0,313096.0,313128.0,31.999999999999996,136.0,168.0,是
834,B6T0000001220,E3,4,7,9,4,浅位,312960.0,313327.5,313527.0,199.50000000000009,367.5,567.0,是
835,B6T0000001220,E3,4,7,9,4,深位,312960.0,313746.5,313966.0,219.50000000000009,786.5,1006.0,是
2139,B6T0000001633,E1,4,8,4,4,深位,313560.0,314185.5,314405.0,219.50000000000009,625.5,845.0,是
2140,B6T0000001633,E1,4,8,7,5,深位,313560.0,314665.5,314926.0,260.50000000000006,1105.5,1366.0,是
2137,B6T0000001633,E1,4,7,6,7,浅位,313560.0,314947.0,314988.0,41.0,1387.0,1428.0,是
836,B6T0000001220,E3,4,8,9,12,浅位,312960.0,315013.0,315084.0,71.0,2053.0,2124.0,是
837,B6T0000001220,E3,4,8,9,12,深位,312960.0,315109.0,315180.0,71.0,2149.0,2220.0,是
491,B6T0000001101,E3,4,8,12,7,深位,309960.0,315205.0,315288.0,83.0,5245.0,5328.0,是
3564,B6T0000000938,E3,4,7,21,6,浅位,314280.0,315313.0,315468.0,155.00000000000003,1033.0,1188.0,是
3565,B6T0000000938,E3,4,7,21,6,深位,314280.0,315493.0,315636.0,143.00000000000003,1213.0,1356.0,是
3644,B6T0000001493,E1,4,7,5,2,浅位,315480.0,315665.0,315694.0,29.0,185.0,214.0,是
3645,B6T0000001493,E1,4,7,5,2,深位,315480.0,315726.0,315758.0,32.0,246.0,278.0,是
1165,B6T0000000245,E4,4,7,45,5,浅位,308040.0,315790.0,316119.0,329.00000000000017,7750.0,8079.0,是
1166,B6T0000000245,E4,4,7,45,5,深位,308040.0,316138.0,316480.0,342.00000000000017,8098.0,8440.0,是
83,B6T0000000261,E4,4,8,43,1,深位,316260.0,316499.0,316809.0,310.0000000000001,239.0,549.0,是
230,B6T0000000581,E3,4,7,10,8,浅位,311640.0,318453.0,318541.0,88.0,6813.0,6901.0,是
231,B6T0000000581,E3,4,7,10,8,深位,311640.0,318585.0,318629.0,44.0,6945.0,6989.0,是
232,B6T0000000581,E3,4,8,10,8,浅位,311640.0,318673.0,318717.0,44.0,7033.0,7077.0,是
233,B6T0000000581,E3,4,8,10,8,深位,311640.0,318761.0,318805.0,44.0,7121.0,7165.0,是
221,B6T0000000581,E3,4,8,16,1,浅位,311640.0,319386.5,319567.0,180.50000000000009,7746.5,7927.0,是
255,B6T0000000581,E3,4,8,16,1,深位,311640.0,319747.5,319928.0,180.50000000000009,8107.5,8288.0,是
519,B6T0000001197,E3,4,7,14,5,深位,346680.0,346849.0,347026.0,177.0,169.0,346.0,是
518,B6T0000001197,E3,4,8,14,5,浅位,346680.0,347080.0,347134.0,53.99999999999999,400.0,454.0,是
520,B6T0000001197,E3,4,8,14,5,深位,346680.0,347188.0,347242.0,53.99999999999999,508.0,562.0,是
3641,B6T0000001338,E1,4,7,2,4,浅位,347220.0,347296.0,347350.0,54.0,76.0,130.0,是
3640,B6T0000001338,E1,4,8,15,5,深位,347220.0,347367.0,347466.0,98.99999999999999,147.0,246.0,是
3428,B6T0000001112,E3,4,7,21,40,浅位,347940.0,348294.0,348524.0,230.0,354.0,584.0,是
956,B6T0000000445,E3,4,8,12,10,浅位,348420.0,348524.0,348630.0,106.0,104.0,210.0,否
2905,B6T0000001330,E1,4,8,6,12,深位,348600.0,348630.0,348706.0,76.0,30.0,106.0,否
952,B6T0000000445,E3,4,8,12,10,深位,348420.0,348706.0,348812.0,106.0,286.0,392.0,否
3429,B6T0000001112,E3,4,7,21,40,深位,347940.0,348812.0,349110.0,298.0,872.0,1170.0,否
3313,B6T0000001948,E1,4,7,2,4,深位,349800.0,349800.0,349828.0,28.0,0.0,28.0,否
3312,B6T0000001948,E1,4,8,2,4,浅位,349800.0,349828.0,349856.0,28.0,28.0,56.0,否
2832,B6T0000001965,E1,4,7,2,4,深位,350700.0,350700.0,350728.0,28.0,0.0,28.0,否
2833,B6T0000001965,E1,4,8,2,4,浅位,350700.0,350728.0,350756.0,28.0,28.0,56.0,否
2834,B6T0000001965,E1,4,8,6,12,深位,350700.0,350756.0,350832.0,76.0,56.0,132.0,否
2835,B6T0000001965,E1,4,8,12,10,浅位,350700.0,350832.0,350938.0,106.0,132.0,238.0,否
1746,B6T0000001149,E3,4,7,15,15,浅位,348480.0,351051.0,351201.0,150.0,2571.0,2721.0,否
1739,B6T0000001149,E3,4,7,15,15,深位,348480.0,351201.0,351351.0,150.0,2721.0,2871.0,否
1740,B6T0000001149,E3,4,8,15,15,浅位,348480.0,351351.0,351501.0,150.0,2871.0,3021.0,否
136,B6T0000000154,E4,4,7,44,1,浅位,345840.0,355465.0,355794.0,329.00000000000017,9625.0,9954.0,否
130,B6T0000000154,E4,4,7,44,1,深位,345840.0,355794.0,356123.0,329.00000000000017,9954.0,10283.0,否
129,B6T0000000154,E4,4,8,44,1,浅位,345840.0,356123.0,356452.0,329.00000000000017,10283.0,10612.0,否
128,B6T0000000154,E4,4,8,44,1,深位,345840.0,356452.0,356781.0,329.00000000000017,10612.0,10941.0,否
3661,B6T0000001520,E1,4,7,7,5,浅位,357720.0,357720.0,357772.0,52.0,0.0,52.0,否
3660,B6T0000001520,E1,4,7,7,5,深位,357720.0,357772.0,357824.0,52.0,52.0,104.0,否
2514,B6T0000001586,E1,4,7,8,1,深位,359160.0,359160.0,359200.0,40.0,0.0,40.0,否
2513,B6T0000001586,E1,4,8,8,1,浅位,359160.0,359200.0,359240.0,40.0,40.0,80.0,否
2510,B6T0000001586,E1,4,8,8,1,深位,359160.0,359240.0,359280.0,40.0,80.0,120.0,否
2511,B6T0000001586,E1,4,7,2,8,浅位,359160.0,359280.0,359324.0,44.0,120.0,164.0,否
2512,B6T0000001586,E1,4,7,2,8,深位,359160.0,359324.0,359368.0,44.0,164.0,208.0,否
878,B6T0000000488,E3,4,7,9,8,浅位,369420.0,369816.0,369978.0,162.0,396.0,558.0,是
876,B6T0000000488,E3,4,7,9,8,深位,369420.0,370001.0,370058.0,57.0,581.0,638.0,是
875,B6T0000000488,E3,4,8,9,8,浅位,369420.0,370081.0,370138.0,57.0,661.0,718.0,是
877,B6T0000000488,E3,4,8,9,8,深位,369420.0,370161.0,370218.0,57.0,741.0,798.0,是
2725,B6T0000001708,E1,4,7,2,4,深位,373020.0,373412.0,373574.0,162.0,392.0,554.0,是
2726,B6T0000001708,E1,4,8,2,4,浅位,373020.0,373736.0,373898.0,162.0,716.0,878.0,是
2727,B6T0000001708,E1,4,8,6,12,深位,373020.0,374060.0,374222.0,162.0,1040.0,1202.0,是
2724,B6T0000001708,E1,4,8,12,10,浅位,373020.0,374384.0,374546.0,162.0,1364.0,1526.0,是
3355,B6T0000000236,E4,4,8,43,13,浅位,374160.0,374602.0,374919.0,317.00000000000017,442.0,759.0,是
3354,B6T0000000236,E4,4,8,44,33,浅位,374160.0,375081.0,375494.0,413.0000000000001,921.0,1334.0,是
910,B6T0000000411,E3,4,7,15,6,浅位,378240.0,379755.0,379960.0,205.0,1515.0,1720.0,是
911,B6T0000000411,E3,4,7,15,6,深位,378240.0,380020.0,380080.0,59.99999999999999,1780.0,1840.0,是
915,B6T0000000411,E3,4,8,15,6,浅位,378240.0,380140.0,380200.0,59.99999999999999,1900.0,1960.0,是
912,B6T0000000411,E3,4,8,15,6,深位,378240.0,380260.0,380320.0,59.99999999999999,2020.0,2080.0,是
3705,B6T0000000764,E3,4,7,12,11,浅位,388020.0,388236.0,388400.0,164.0,216.0,380.0,是
3704,B6T0000000764,E3,4,8,12,62,深位,388020.0,388458.0,388720.0,262.0,438.0,700.0,是
2181,B6T0000000571,E3,4,8,33,2,浅位,400680.0,400680.0,400922.0,242.00000000000006,0.0,242.0,否
2177,B6T0000000571,E3,4,8,33,2,深位,400680.0,400922.0,401164.0,242.00000000000006,242.0,484.0,否
2394,B6T0000001989,E1,4,7,2,17,浅位,400560.0,401866.0,401946.0,80.0,1306.0,1386.0,否
2393,B6T0000001989,E1,4,7,2,17,深位,400560.0,401946.0,402026.0,80.0,1386.0,1466.0,否
2391,B6T0000001989,E1,4,8,2,17,浅位,400560.0,402026.0,402106.0,80.0,1466.0,1546.0,否
3681,B6T0000000285,E4,4,7,45,3,浅位,402600.0,402600.0,402947.0,347.00000000000017,0.0,347.0,否
3680,B6T0000000285,E4,4,7,45,3,深位,402600.0,402947.0,403294.0,347.00000000000017,347.0,694.0,否
3292,B6T0000001346,E1,4,8,5,2,深位,431640.0,431869.0,431998.0,129.0,229.0,358.0,是
3293,B6T0000001346,E1,4,7,8,1,浅位,431640.0,432017.0,432048.0,31.0,377.0,408.0,是
2592,B6T0000001442,E1,4,8,1,21,浅位,432600.0,433010.0,433176.0,166.0,410.0,576.0,是
2591,B6T0000001442,E1,4,8,1,21,深位,432600.0,433342.0,433508.0,166.0,742.0,908.0,是
3341,B6T0000000110,E4,4,8,44,1,深位,434100.0,434326.0,434735.0,409.00000000000017,226.0,635.0,是
25,B6T0000001209,E3,4,7,10,1,浅位,434280.0,434901.0,435067.0,166.0,621.0,787.0,是
26,B6T0000001209,E3,4,7,10,1,深位,434280.0,435097.0,435127.0,30.0,817.0,847.0,是
17,B6T0000001209,E3,4,8,10,1,浅位,434280.0,435157.0,435187.0,30.0,877.0,907.0,是
13,B6T0000001209,E3,4,8,10,1,深位,434280.0,435217.0,435247.0,30.0,937.0,967.0,是
3426,B6T0000000542,E3,4,7,12,7,浅位,434880.0,435277.0,435347.0,70.0,397.0,467.0,是
3427,B6T0000000542,E3,4,7,12,7,深位,434880.0,435397.0,435447.0,50.0,517.0,567.0,是
1655,B6T0000000614,E3,4,7,23,6,浅位,433020.0,435497.0,435635.0,138.00000000000003,2477.0,2615.0,是
1660,B6T0000000614,E3,4,7,23,6,深位,433020.0,435727.0,435819.0,92.00000000000001,2707.0,2799.0,是
621,B6T0000000469,E3,4,7,9,11,浅位,433980.0,435911.0,436023.0,112.00000000000003,1931.0,2043.0,是
626,B6T0000000469,E3,4,7,9,11,深位,433980.0,436069.0,436115.0,46.0,2089.0,2135.0,是
625,B6T0000000469,E3,4,8,9,11,浅位,433980.0,436161.0,436207.0,46.0,2181.0,2227.0,是
631,B6T0000000469,E3,4,8,9,11,深位,433980.0,436253.0,436299.0,46.0,2273.0,2319.0,是
1656,B6T0000000614,E3,4,8,23,6,浅位,433020.0,436345.0,436503.0,158.00000000000006,3325.0,3483.0,是
1657,B6T0000000614,E3,4,8,23,6,深位,433020.0,436595.0,436687.0,92.00000000000001,3575.0,3667.0,是
3340,B6T0000000110,E4,4,8,43,13,浅位,434100.0,436779.0,437060.0,281.0000000000001,2679.0,2960.0,是
2195,B6T0000001648,E1,4,7,2,14,浅位,437400.0,438204.0,438370.0,166.0,804.0,970.0,是
2196,B6T0000001648,E1,4,7,2,14,深位,437400.0,438536.0,438702.0,166.0,1136.0,1302.0,是
2194,B6T0000001648,E1,4,8,2,14,浅位,437400.0,438868.0,439034.0,166.0,1468.0,1634.0,是
2943,B6T0000000747,E3,4,7,21,26,浅位,438900.0,440178.0,440408.0,230.00000000000003,1278.0,1508.0,是
865,B6T0000000001,E4,4,7,47,1,浅位,432180.0,442120.0,442551.0,431.0000000000002,9940.0,10371.0,是
862,B6T0000000001,E4,4,7,47,1,深位,432180.0,442717.0,443140.0,423.00000000000017,10537.0,10960.0,是
863,B6T0000000001,E4,4,8,47,1,浅位,432180.0,443306.0,443729.0,423.00000000000017,11126.0,11549.0,是
864,B6T0000000001,E4,4,8,47,1,深位,432180.0,443895.0,444310.0,415.0000000000002,11715.0,12130.0,是
3164,B6T0000000511,E3,4,8,27,25,浅位,444660.0,445006.0,445212.0,206.00000000000003,346.0,552.0,是
3163,B6T0000000511,E3,4,8,27,25,深位,444660.0,445358.0,445504.0,146.0,698.0,844.0,是
88,B6T0000000261,E4,4,7,43,2,浅位,435240.0,446126.0,446449.0,323.00000000000017,10886.0,11209.0,否
94,B6T0000000261,E4,4,7,43,2,深位,435240.0,446449.0,446772.0,323.00000000000017,11209.0,11532.0,否
1111,B6T0000001301,E3,4,7,9,15,浅位,443880.0,446940.0,447042.0,102.0,3060.0,3162.0,否
1110,B6T0000001301,E3,4,7,9,15,深位,443880.0,447042.0,447144.0,102.0,3162.0,3264.0,否
1118,B6T0000001301,E3,4,8,9,15,浅位,443880.0,447144.0,447246.0,102.0,3264.0,3366.0,否
1100,B6T0000001301,E3,4,8,9,15,深位,443880.0,447246.0,447348.0,102.0,3366.0,3468.0,否
1121,B6T0000001955,E1,4,8,5,2,深位,447420.0,447420.0,447452.0,32.0,0.0,32.0,否
1126,B6T0000001955,E1,4,7,4,5,浅位,447420.0,447700.0,447740.0,40.0,280.0,320.0,否
1120,B6T0000001955,E1,4,7,4,5,深位,447420.0,447740.0,447780.0,40.0,320.0,360.0,否
1122,B6T0000001955,E1,4,8,4,5,浅位,447420.0,447780.0,447820.0,40.0,360.0,400.0,否
1119,B6T0000001955,E1,4,8,4,5,深位,447420.0,447820.0,447860.0,40.0,400.0,440.0,否
1329,B6T0000001360,E1,4,7,2,7,浅位,454620.0,454960.0,455000.0,40.0,340.0,380.0,否
1330,B6T0000001360,E1,4,7,2,7,深位,454620.0,455000.0,455040.0,40.0,380.0,420.0,否
1331,B6T0000001360,E1,4,8,2,7,浅位,454620.0,455040.0,455080.0,40.0,420.0,460.0,否
1332,B6T0000001360,E1,4,8,2,7,深位,454620.0,455080.0,455120.0,40.0,460.0,500.0,否
2827,B6T0000001379,E1,4,7,8,23,浅位,455280.0,455604.0,455732.0,128.0,324.0,452.0,否
991,B6T0000001090,E3,4,7,12,11,深位,455820.0,455820.0,455930.0,110.0,0.0,110.0,否
990,B6T0000001090,E3,4,8,12,11,浅位,455820.0,455930.0,456040.0,110.0,110.0,220.0,否
1625,B6T0000001671,E1,4,7,2,4,浅位,456420.0,456420.0,456448.0,28.0,0.0,28.0,否
3398,B6T0000001778,E1,4,7,4,4,浅位,460980.0,460980.0,461016.0,36.0,0.0,36.0,否
3399,B6T0000001778,E1,4,7,4,4,深位,460980.0,461016.0,461052.0,36.0,36.0,72.0,否
1201,B6T0000001639,E1,4,7,3,6,浅位,463080.0,465198.0,465238.0,40.0,2118.0,2158.0,否
1205,B6T0000001639,E1,4,7,3,6,深位,463080.0,465238.0,465278.0,40.0,2158.0,2198.0,否
1204,B6T0000001639,E1,4,8,3,6,浅位,463080.0,465278.0,465318.0,40.0,2198.0,2238.0,否
1202,B6T0000001639,E1,4,8,3,6,深位,463080.0,465318.0,465358.0,40.0,2238.0,2278.0,否
3445,B6T0000001751,E1,4,7,2,17,浅位,465900.0,465900.0,465980.0,80.0,0.0,80.0,否
3444,B6T0000001751,E1,4,7,2,17,深位,465900.0,465980.0,466060.0,80.0,80.0,160.0,否
1815,B6T0000001665,E1,4,7,2,10,浅位,471120.0,471224.0,471276.0,52.0,104.0,156.0,否
1817,B6T0000001665,E1,4,7,2,10,深位,471120.0,471276.0,471328.0,52.0,156.0,208.0,否
1819,B6T0000001665,E1,4,8,2,10,浅位,471120.0,471328.0,471380.0,52.0,208.0,260.0,否
1820,B6T0000001665,E1,4,8,2,10,深位,471120.0,471380.0,471432.0,52.0,260.0,312.0,否
3694,B6T0000001794,E1,4,7,6,7,深位,474300.0,474300.0,474356.0,56.0,0.0,56.0,否
3695,B6T0000001794,E1,4,8,6,7,浅位,474300.0,474356.0,474412.0,56.0,56.0,112.0,否
1228,B6T0000001022,E3,4,7,14,11,浅位,477120.0,477624.0,477750.0,125.99999999999999,504.0,630.0,否
1230,B6T0000001022,E3,4,7,14,11,深位,477120.0,477750.0,477876.0,125.99999999999999,630.0,756.0,否
1231,B6T0000001022,E3,4,8,14,11,浅位,477120.0,477876.0,478002.0,125.99999999999999,756.0,882.0,否
1239,B6T0000001022,E3,4,8,14,11,深位,477120.0,478002.0,478128.0,125.99999999999999,882.0,1008.0,否
381,B6T0000000471,E3,4,7,17,1,浅位,486000.0,486110.0,486220.0,110.0,110.0,220.0,否
382,B6T0000000471,E3,4,7,17,1,深位,486000.0,486220.0,486330.0,110.0,220.0,330.0,否
383,B6T0000000471,E3,4,8,17,1,浅位,486000.0,486330.0,486440.0,110.0,330.0,440.0,否
388,B6T0000000471,E3,4,8,17,1,深位,486000.0,486440.0,486550.0,110.0,440.0,550.0,否
1697,B6T0000001342,E1,4,7,4,8,浅位,486000.0,486550.0,486602.0,52.0,550.0,602.0,否
1701,B6T0000001342,E1,4,7,4,8,深位,486000.0,486602.0,486654.0,52.0,602.0,654.0,否
3342,B6T0000000416,E3,4,7,9,4,浅位,518040.0,518040.0,518098.0,57.99999999999999,0.0,58.0,否
3343,B6T0000000416,E3,4,7,9,4,深位,518040.0,518098.0,518156.0,57.99999999999999,58.0,116.0,否
2087,B6T0000001407,E1,4,8,6,10,浅位,518100.0,518156.0,518224.0,68.0,56.0,124.0,否
2089,B6T0000001407,E1,4,8,6,10,深位,518100.0,518224.0,518292.0,68.0,124.0,192.0,否
693,B6T0000001180,E3,4,7,11,9,浅位,518220.0,518502.0,518596.0,94.0,282.0,376.0,否
694,B6T0000001180,E3,4,7,11,9,深位,518220.0,518596.0,518690.0,94.0,376.0,470.0,否
2147,B6T0000001327,E1,4,7,8,1,深位,518640.0,518690.0,518730.0,40.0,50.0,90.0,否
2144,B6T0000001327,E1,4,8,8,1,浅位,518640.0,518730.0,518770.0,40.0,90.0,130.0,否
2146,B6T0000001327,E1,4,8,8,1,深位,518640.0,518770.0,518810.0,40.0,130.0,170.0,否
2142,B6T0000001327,E1,4,7,2,8,浅位,518640.0,518810.0,518854.0,44.0,170.0,214.0,否
2145,B6T0000001327,E1,4,7,2,8,深位,518640.0,518854.0,518898.0,44.0,214.0,258.0,否
2143,B6T0000001327,E1,4,7,7,5,浅位,518640.0,518898.0,518950.0,52.0,258.0,310.0,否
2141,B6T0000001327,E1,4,7,7,5,深位,518640.0,518950.0,519002.0,52.0,310.0,362.0,否
695,B6T0000001180,E3,4,8,11,9,浅位,518220.0,519002.0,519096.0,94.0,782.0,876.0,否
698,B6T0000001180,E3,4,8,11,9,深位,518220.0,519096.0,519190.0,94.0,876.0,970.0,否
426,B6T0000000050,E4,4,7,44,3,浅位,519300.0,519300.0,519637.0,337.00000000000017,0.0,337.0,否
408,B6T0000000050,E4,4,7,44,3,深位,519300.0,519637.0,519974.0,337.00000000000017,337.0,674.0,否
1284,B6T0000001854,E1,4,7,7,4,浅位,519120.0,519974.0,520022.0,48.0,854.0,902.0,否
1291,B6T0000001854,E1,4,7,7,4,深位,519120.0,520022.0,520070.0,48.0,902.0,950.0,否
422,B6T0000000050,E4,4,8,44,3,浅位,519300.0,520070.0,520407.0,337.00000000000017,770.0,1107.0,否
3673,B6T0000000347,E3,4,7,13,63,深位,520260.0,520407.0,520733.0,326.0,147.0,473.0,否
2041,B6T0000000707,E3,4,7,10,1,深位,520440.0,520733.0,520787.0,54.0,293.0,347.0,否
1019,B6T0000001975,E1,4,7,1,6,浅位,520740.0,520787.0,520819.0,32.0,47.0,79.0,否
1020,B6T0000001975,E1,4,7,1,6,深位,520740.0,520819.0,520851.0,32.0,79.0,111.0,否
1021,B6T0000001975,E1,4,8,1,6,浅位,520740.0,520851.0,520883.0,32.0,111.0,143.0,否
1022,B6T0000001975,E1,4,8,1,6,深位,520740.0,520883.0,520915.0,32.0,143.0,175.0,否
2038,B6T0000000707,E3,4,8,10,1,浅位,520440.0,520915.0,520969.0,54.0,475.0,529.0,否
2037,B6T0000000707,E3,4,8,10,1,深位,520440.0,520969.0,521023.0,54.0,529.0,583.0,否
2042,B6T0000000707,E3,4,7,9,11,浅位,520440.0,521023.0,521109.0,86.0,583.0,669.0,否
2039,B6T0000000707,E3,4,7,9,11,深位,520440.0,521109.0,521195.0,86.0,669.0,755.0,否
2040,B6T0000000707,E3,4,8,9,11,浅位,520440.0,521195.0,521281.0,86.0,755.0,841.0,否
2036,B6T0000000707,E3,4,8,9,11,深位,520440.0,521281.0,521367.0,86.0,841.0,927.0,否
3672,B6T0000000347,E3,4,7,14,61,浅位,520260.0,521367.0,521693.0,326.0,1107.0,1433.0,否
410,B6T0000000050,E4,4,8,44,3,深位,519300.0,521693.0,522030.0,337.00000000000017,2393.0,2730.0,否
614,B6T0000000247,E4,4,7,45,2,浅位,521520.0,523943.0,524286.0,343.00000000000017,2423.0,2766.0,否
613,B6T0000000247,E4,4,7,45,2,深位,521520.0,524286.0,524629.0,343.00000000000017,2766.0,3109.0,否
600,B6T0000000247,E4,4,8,45,2,浅位,521520.0,524629.0,524972.0,343.00000000000017,3109.0,3452.0,否
612,B6T0000000247,E4,4,8,45,2,深位,521520.0,524972.0,525315.0,343.00000000000017,3452.0,3795.0,否
2269,B6T0000001742,E1,4,7,3,14,浅位,534000.0,534228.0,534300.0,72.0,228.0,300.0,否
2268,B6T0000001742,E1,4,7,3,14,深位,534000.0,534300.0,534372.0,72.0,300.0,372.0,否
2066,B6T0000000389,E3,4,7,17,17,浅位,536220.0,536568.0,536742.0,174.0,348.0,522.0,否
3647,B6T0000001604,E1,4,7,7,13,浅位,536700.0,536742.0,536826.0,84.0,42.0,126.0,否
3646,B6T0000001604,E1,4,7,7,13,深位,536700.0,536826.0,536910.0,84.0,126.0,210.0,否
2064,B6T0000000389,E3,4,7,17,17,深位,536220.0,536910.0,537084.0,174.0,690.0,864.0,否
2068,B6T0000000389,E3,4,8,17,17,浅位,536220.0,537084.0,537258.0,174.0,864.0,1038.0,否
2067,B6T0000000389,E3,4,8,17,17,深位,536220.0,537258.0,537432.0,174.0,1038.0,1212.0,否
2398,B6T0000001859,E1,4,8,4,16,浅位,538440.0,538564.0,538648.0,84.0,124.0,208.0,否
2399,B6T0000001859,E1,4,8,4,16,深位,538440.0,538648.0,538732.0,84.0,208.0,292.0,否
2534,B6T0000000504,E3,4,7,34,6,浅位,538680.0,538732.0,538998.0,266.0000000000001,52.0,318.0,否
2533,B6T0000000504,E3,4,7,34,6,深位,538680.0,538998.0,539264.0,266.0000000000001,318.0,584.0,否
2530,B6T0000000504,E3,4,8,34,6,浅位,538680.0,539264.0,539530.0,266.0000000000001,584.0,850.0,否
2531,B6T0000000504,E3,4,8,34,6,深位,538680.0,539530.0,539796.0,266.0000000000001,850.0,1116.0,否
2925,B6T0000001547,E1,4,7,2,15,深位,552000.0,552000.0,552072.0,72.0,0.0,72.0,否
2924,B6T0000001547,E1,4,8,7,13,浅位,552000.0,552072.0,552156.0,84.0,72.0,156.0,否
2923,B6T0000001547,E1,4,8,7,13,深位,552000.0,552156.0,552240.0,84.0,156.0,240.0,否
888,B6T0000000488,E3,4,7,13,8,浅位,555480.0,555904.0,556010.0,106.0,424.0,530.0,否
883,B6T0000000488,E3,4,7,13,8,深位,555480.0,556010.0,556116.0,106.0,530.0,636.0,否
1258,B6T0000000799,E3,4,7,16,9,浅位,555960.0,556116.0,556250.0,134.0,156.0,290.0,否
1245,B6T0000000799,E3,4,7,16,9,深位,555960.0,556250.0,556384.0,134.0,290.0,424.0,否
1246,B6T0000000799,E3,4,8,16,9,浅位,555960.0,556384.0,556518.0,134.0,424.0,558.0,否
1247,B6T0000000799,E3,4,8,16,9,深位,555960.0,556518.0,556652.0,134.0,558.0,692.0,否
3402,B6T0000001518,E1,4,7,2,2,浅位,556860.0,556860.0,556880.0,20.0,0.0,20.0,否
3403,B6T0000001518,E1,4,7,2,2,深位,556860.0,556880.0,556900.0,20.0,20.0,40.0,否
2931,B6T0000001312,E3,4,7,17,30,浅位,559500.0,559952.0,560178.0,226.0,452.0,678.0,否
2246,B6T0000000094,E4,4,7,43,3,浅位,560100.0,560178.0,560505.0,327.00000000000017,78.0,405.0,否
2247,B6T0000000094,E4,4,7,43,3,深位,560100.0,560505.0,560832.0,327.00000000000017,405.0,732.0,否
3457,B6T0000000234,E4,4,8,46,9,深位,560220.0,560832.0,561213.0,381.00000000000017,612.0,993.0,否
3456,B6T0000000234,E4,4,7,48,7,浅位,560220.0,561213.0,561606.0,393.00000000000017,993.0,1386.0,否
2301,B6T0000000431,E3,4,8,23,6,浅位,562500.0,562500.0,562678.0,178.00000000000003,0.0,178.0,否
2300,B6T0000000431,E3,4,8,23,6,深位,562500.0,562678.0,562856.0,178.00000000000003,178.0,356.0,否
1086,B6T0000000178,E4,4,7,47,2,浅位,558720.0,567151.0,567514.0,363.00000000000017,8431.0,8794.0,否
2420,B6T0000000777,E3,4,7,15,4,浅位,570600.0,570600.0,570706.0,105.99999999999999,0.0,106.0,否
2423,B6T0000000777,E3,4,7,15,4,深位,570600.0,570706.0,570812.0,105.99999999999999,106.0,212.0,否
2422,B6T0000000777,E3,4,8,15,4,浅位,570600.0,570812.0,570918.0,105.99999999999999,212.0,318.0,否
2424,B6T0000000777,E3,4,8,15,4,深位,570600.0,570918.0,571024.0,105.99999999999999,318.0,424.0,否
3463,B6T0000000493,E3,4,7,20,24,浅位,574680.0,574680.0,574906.0,226.00000000000003,0.0,226.0,否
3462,B6T0000000493,E3,4,7,20,24,深位,574680.0,574906.0,575132.0,226.00000000000003,226.0,452.0,否
1483,B6T0000000758,E3,5,9,13,15,浅位,4740.0,4740.0,4874.0,134.0,0.0,134.0,否
1493,B6T0000000758,E3,5,9,13,15,深位,4740.0,4874.0,5008.0,134.0,134.0,268.0,否
1492,B6T0000000758,E3,5,10,13,15,浅位,4740.0,5008.0,5142.0,134.0,268.0,402.0,否
1482,B6T0000000758,E3,5,10,13,15,深位,4740.0,5142.0,5276.0,134.0,402.0,536.0,否
3558,B6T0000000460,E3,5,10,14,52,浅位,4740.0,5276.0,5566.0,290.0,536.0,826.0,否
3559,B6T0000000460,E3,5,10,14,52,深位,4740.0,5566.0,5856.0,290.0,826.0,1116.0,否
3289,B6T0000000907,E3,5,9,15,41,浅位,15120.0,15192.0,15446.0,254.0,72.0,326.0,否
3288,B6T0000000907,E3,5,9,15,41,深位,15120.0,15446.0,15700.0,254.0,326.0,580.0,否
581,B6T0000001238,E3,5,9,15,4,浅位,19080.0,19504.0,19610.0,105.99999999999999,424.0,530.0,否
591,B6T0000001238,E3,5,9,15,4,深位,19080.0,19610.0,19716.0,105.99999999999999,530.0,636.0,否
578,B6T0000001238,E3,5,10,15,4,浅位,19080.0,19716.0,19822.0,105.99999999999999,636.0,742.0,否
582,B6T0000001238,E3,5,10,15,4,深位,19080.0,19822.0,19928.0,105.99999999999999,742.0,848.0,否
740,B6T0000000140,E4,5,9,45,3,浅位,25680.0,26358.0,26705.0,347.00000000000017,678.0,1025.0,否
739,B6T0000000140,E4,5,9,45,3,深位,25680.0,26705.0,27052.0,347.00000000000017,1025.0,1372.0,否
738,B6T0000000140,E4,5,10,45,3,浅位,25680.0,27052.0,27399.0,347.00000000000017,1372.0,1719.0,否
737,B6T0000000140,E4,5,10,45,3,深位,25680.0,27399.0,27746.0,347.00000000000017,1719.0,2066.0,否
2555,B6T0000001217,E3,5,9,12,29,浅位,28320.0,28320.0,28502.0,182.0,0.0,182.0,否
2557,B6T0000001217,E3,5,9,12,29,深位,28320.0,28502.0,28684.0,182.0,182.0,364.0,否
2558,B6T0000001217,E3,5,10,12,29,浅位,28320.0,28684.0,28866.0,182.0,364.0,546.0,否
2559,B6T0000001217,E3,5,10,12,29,深位,28320.0,28866.0,29048.0,182.0,546.0,728.0,否
1564,B6T0000001735,E1,5,9,7,5,浅位,30420.0,32485.0,32537.0,52.0,2065.0,2117.0,否
1563,B6T0000001735,E1,5,9,7,5,深位,30420.0,32537.0,32589.0,52.0,2117.0,2169.0,否
1562,B6T0000001735,E1,5,10,7,5,浅位,30420.0,32589.0,32641.0,52.0,2169.0,2221.0,否
1560,B6T0000001735,E1,5,10,7,5,深位,30420.0,32641.0,32693.0,52.0,2221.0,2273.0,否
1719,B6T0000001672,E1,5,9,6,7,浅位,35040.0,35624.0,35680.0,56.0,584.0,640.0,否
1720,B6T0000001672,E1,5,9,6,7,深位,35040.0,35680.0,35736.0,56.0,640.0,696.0,否
1721,B6T0000001672,E1,5,10,6,7,浅位,35040.0,35736.0,35792.0,56.0,696.0,752.0,否
1722,B6T0000001672,E1,5,10,6,7,深位,35040.0,35792.0,35848.0,56.0,752.0,808.0,否
3090,B6T0000000338,E3,5,9,14,36,浅位,46440.0,46440.0,46666.0,226.0,0.0,226.0,否
3088,B6T0000000338,E3,5,9,14,36,深位,46440.0,46666.0,46892.0,226.0,226.0,452.0,否
3089,B6T0000000338,E3,5,10,14,36,浅位,46440.0,46892.0,47118.0,226.0,452.0,678.0,否
2550,B6T0000001153,E3,5,9,10,31,浅位,51060.0,52072.0,52246.0,174.0,1012.0,1186.0,否
2891,B6T0000001622,E1,5,9,5,26,浅位,51960.0,52780.0,52900.0,120.0,820.0,940.0,是
3310,B6T0000001484,E1,5,9,5,39,浅位,55500.0,55500.0,55680.0,180.0,0.0,180.0,否
2174,B6T0000001942,E1,5,10,5,12,浅位,55560.0,55680.0,55752.0,72.0,120.0,192.0,否
2172,B6T0000001942,E1,5,10,5,12,深位,55560.0,55752.0,55824.0,72.0,192.0,264.0,否
3311,B6T0000001484,E1,5,9,5,39,深位,55500.0,55824.0,56004.0,180.0,324.0,504.0,否
661,B6T0000001698,E1,5,9,8,1,浅位,54180.0,56986.0,57026.0,40.0,2806.0,2846.0,否
658,B6T0000001698,E1,5,9,8,1,深位,54180.0,57026.0,57066.0,40.0,2846.0,2886.0,否
657,B6T0000001698,E1,5,10,8,1,浅位,54180.0,57066.0,57106.0,40.0,2886.0,2926.0,否
656,B6T0000001698,E1,5,10,8,1,深位,54180.0,57106.0,57146.0,40.0,2926.0,2966.0,否
373,B6T0000001440,E1,5,9,5,2,浅位,55740.0,58776.0,58808.0,32.0,3036.0,3068.0,否
374,B6T0000001440,E1,5,9,5,2,深位,55740.0,58808.0,58840.0,32.0,3068.0,3100.0,否
375,B6T0000001440,E1,5,10,5,2,浅位,55740.0,58840.0,58872.0,32.0,3100.0,3132.0,否
376,B6T0000001440,E1,5,10,5,2,深位,55740.0,58872.0,58904.0,32.0,3132.0,3164.0,否
1574,B6T0000001553,E1,5,9,2,8,浅位,54600.0,58904.0,58948.0,44.0,4304.0,4348.0,否
1577,B6T0000001553,E1,5,9,2,8,深位,54600.0,58948.0,58992.0,44.0,4348.0,4392.0,否
449,B6T0000000678,E3,5,9,9,10,浅位,56280.0,59706.0,59775.0,69.0,3426.0,3495.0,是
438,B6T0000000678,E3,5,9,9,10,深位,56280.0,59794.0,59863.0,69.0,3514.0,3583.0,是
452,B6T0000000678,E3,5,10,9,10,浅位,56280.0,59882.0,59951.0,69.0,3602.0,3671.0,是
453,B6T0000000678,E3,5,10,9,10,深位,56280.0,59970.0,60039.0,69.0,3690.0,3759.0,是
1479,B6T0000000631,E3,5,9,24,3,浅位,86520.0,87406.0,87634.0,228.00000000000006,886.0,1114.0,是
1472,B6T0000000631,E3,5,9,24,3,深位,86520.0,87724.0,87814.0,90.00000000000001,1204.0,1294.0,是
1470,B6T0000000631,E3,5,10,24,3,浅位,86520.0,87904.0,87994.0,90.00000000000001,1384.0,1474.0,是
1673,B6T0000001355,E1,5,9,1,9,浅位,87240.0,88084.0,88198.0,114.00000000000003,844.0,958.0,是
1674,B6T0000001355,E1,5,9,1,9,深位,87240.0,88346.0,88494.0,147.99999999999997,1106.0,1254.0,是
1675,B6T0000001355,E1,5,10,1,9,浅位,87240.0,88642.0,88790.0,148.00000000000006,1402.0,1550.0,是
1668,B6T0000001355,E1,5,10,1,9,深位,87240.0,88942.0,89094.0,152.0,1702.0,1854.0,是
1692,B6T0000001375,E1,5,9,7,6,浅位,88320.0,89246.0,89398.0,152.0,926.0,1078.0,是
1693,B6T0000001375,E1,5,9,7,6,深位,88320.0,89550.0,89702.0,152.0,1230.0,1382.0,是
1694,B6T0000001375,E1,5,10,7,6,浅位,88320.0,89854.0,90006.0,152.0,1534.0,1686.0,是
2315,B6T0000001107,E3,5,10,13,24,浅位,88140.0,90160.0,90346.0,186.0,2020.0,2206.0,是
2316,B6T0000001107,E3,5,10,13,24,深位,88140.0,90434.0,90522.0,88.0,2294.0,2382.0,是
1478,B6T0000000631,E3,5,10,24,3,深位,86520.0,90610.0,90786.0,176.00000000000006,4090.0,4266.0,是
1833,B6T0000000536,E3,5,9,23,8,浅位,87000.0,90876.0,90986.0,110.00000000000001,3876.0,3986.0,是
3431,B6T0000001554,E1,5,9,1,46,浅位,87900.0,91082.0,91330.0,248.0,3182.0,3430.0,是
3430,B6T0000001554,E1,5,9,1,46,深位,87900.0,91484.0,91638.0,154.0,3584.0,3738.0,是
2691,B6T0000001182,E3,5,9,38,4,浅位,85980.0,91792.0,92170.0,378.0000000000001,5812.0,6190.0,是
2689,B6T0000001182,E3,5,9,38,4,深位,85980.0,92318.0,92466.0,148.00000000000006,6338.0,6486.0,是
1415,B6T0000000408,E3,5,9,23,3,浅位,97380.0,100728.0,100894.0,166.00000000000003,3348.0,3514.0,否
1409,B6T0000000408,E3,5,9,23,3,深位,97380.0,100894.0,101060.0,166.00000000000003,3514.0,3680.0,否
1410,B6T0000000408,E3,5,10,23,3,浅位,97380.0,101060.0,101226.0,166.00000000000003,3680.0,3846.0,否
1411,B6T0000000408,E3,5,10,23,3,深位,97380.0,101226.0,101392.0,166.00000000000003,3846.0,4012.0,否
2254,B6T0000001242,E3,5,10,19,17,浅位,111300.0,111300.0,111490.0,190.0,0.0,190.0,否
2259,B6T0000001242,E3,5,10,19,17,深位,111300.0,111490.0,111680.0,190.0,190.0,380.0,否
3386,B6T0000001525,E1,5,9,2,44,浅位,117120.0,117120.0,117308.0,188.0,0.0,188.0,否
3387,B6T0000001525,E1,5,9,2,44,深位,117120.0,117308.0,117496.0,188.0,188.0,376.0,否
67,B6T0000001664,E1,5,9,2,2,浅位,118500.0,118586.0,118606.0,20.0,86.0,106.0,否
64,B6T0000001664,E1,5,9,2,2,深位,118500.0,118606.0,118626.0,20.0,106.0,126.0,否
65,B6T0000001664,E1,5,10,2,2,浅位,118500.0,118626.0,118646.0,20.0,126.0,146.0,否
66,B6T0000001664,E1,5,10,2,2,深位,118500.0,118646.0,118666.0,20.0,146.0,166.0,否
41,B6T0000001104,E3,5,9,9,4,浅位,123780.0,126130.0,126188.0,57.99999999999999,2350.0,2408.0,否
47,B6T0000001104,E3,5,9,9,4,深位,123780.0,126188.0,126246.0,57.99999999999999,2408.0,2466.0,否
40,B6T0000001104,E3,5,10,9,4,浅位,123780.0,126246.0,126304.0,57.99999999999999,2466.0,2524.0,否
2333,B6T0000001994,E1,5,9,1,16,浅位,127920.0,127920.0,127992.0,72.0,0.0,72.0,否
2334,B6T0000001994,E1,5,9,1,16,深位,127920.0,127992.0,128064.0,72.0,72.0,144.0,否
2332,B6T0000001994,E1,5,10,1,16,浅位,127920.0,128064.0,128136.0,72.0,144.0,216.0,否
2335,B6T0000001994,E1,5,10,1,16,深位,127920.0,128136.0,128208.0,72.0,216.0,288.0,否
36,B6T0000001104,E3,5,10,9,4,深位,132300.0,132300.0,132358.0,57.99999999999999,0.0,58.0,否
3687,B6T0000001416,E1,5,9,2,5,深位,135480.0,135708.0,135862.0,154.0,228.0,382.0,是
3686,B6T0000001416,E1,5,10,6,1,深位,135480.0,136016.0,136170.0,154.0,536.0,690.0,是
3273,B6T0000001560,E1,5,9,5,2,浅位,137280.0,137280.0,137312.0,32.0,0.0,32.0,否
3272,B6T0000001560,E1,5,9,5,2,深位,137280.0,137312.0,137344.0,32.0,32.0,64.0,否
147,B6T0000000810,E3,5,9,14,2,浅位,172800.0,172800.0,172890.0,89.99999999999999,0.0,90.0,否
148,B6T0000000810,E3,5,9,14,2,深位,172800.0,172938.0,172986.0,47.99999999999999,138.0,186.0,是
149,B6T0000000810,E3,5,10,14,2,浅位,172800.0,173034.0,173082.0,47.99999999999999,234.0,282.0,是
349,B6T0000001370,E1,5,10,3,3,浅位,173100.0,173328.0,173484.0,156.0,228.0,384.0,是
350,B6T0000001370,E1,5,10,3,3,深位,173100.0,173484.0,173512.0,28.0,384.0,412.0,否
1880,B6T0000001166,E3,5,10,14,13,深位,173400.0,173512.0,173646.0,134.0,112.0,246.0,否
1882,B6T0000001166,E3,5,9,13,15,浅位,173400.0,173646.0,173780.0,134.0,246.0,380.0,否
1879,B6T0000001166,E3,5,9,13,15,深位,173400.0,173780.0,173914.0,134.0,380.0,514.0,否
1877,B6T0000001166,E3,5,10,13,15,浅位,173400.0,173914.0,174048.0,134.0,514.0,648.0,否
1878,B6T0000001166,E3,5,10,13,15,深位,173400.0,174048.0,174182.0,134.0,648.0,782.0,否
1883,B6T0000001166,E3,5,10,14,14,深位,173400.0,174199.0,174326.0,127.0,799.0,926.0,是
1884,B6T0000001166,E3,5,9,21,2,深位,173400.0,174343.0,174482.0,139.00000000000003,943.0,1082.0,是
1881,B6T0000001166,E3,5,9,9,33,深位,173400.0,174482.0,174656.0,174.0,1082.0,1256.0,否
3011,B6T0000001789,E1,5,9,2,5,深位,174600.0,174656.0,174688.0,32.0,56.0,88.0,否
3012,B6T0000001789,E1,5,10,6,1,深位,174600.0,174688.0,174720.0,32.0,88.0,120.0,否
3010,B6T0000001789,E1,5,10,1,16,深位,174600.0,174720.0,174792.0,72.0,120.0,192.0,否
2541,B6T0000001206,E3,5,9,38,2,浅位,173700.0,174792.0,175074.0,282.0000000000001,1092.0,1374.0,否
2543,B6T0000001206,E3,5,9,38,2,深位,173700.0,175074.0,175356.0,282.0000000000001,1374.0,1656.0,否
2544,B6T0000001206,E3,5,10,38,2,浅位,173700.0,175356.0,175638.0,282.0000000000001,1656.0,1938.0,否
2620,B6T0000001218,E3,5,9,13,29,浅位,175620.0,175638.0,175828.0,190.0,18.0,208.0,否
2623,B6T0000001218,E3,5,9,13,29,深位,175620.0,175828.0,176018.0,190.0,208.0,398.0,否
2622,B6T0000001218,E3,5,10,13,29,浅位,175620.0,176018.0,176208.0,190.0,398.0,588.0,否
777,B6T0000000843,E3,5,9,15,5,浅位,174120.0,176208.0,176318.0,109.99999999999999,2088.0,2198.0,否
776,B6T0000000843,E3,5,9,15,5,深位,174120.0,176318.0,176428.0,109.99999999999999,2198.0,2308.0,否
775,B6T0000000843,E3,5,10,15,5,浅位,174120.0,176428.0,176538.0,109.99999999999999,2308.0,2418.0,否
2701,B6T0000001568,E1,5,9,2,24,浅位,175920.0,176538.0,176646.0,108.00000000000001,618.0,726.0,否
774,B6T0000000843,E3,5,10,15,5,深位,174120.0,176646.0,176756.0,109.99999999999999,2526.0,2636.0,否
2621,B6T0000001218,E3,5,10,13,29,深位,175620.0,176756.0,176946.0,190.0,1136.0,1326.0,否
3392,B6T0000001976,E1,5,9,8,40,浅位,175560.0,176946.0,177142.0,196.0,1386.0,1582.0,否
3393,B6T0000001976,E1,5,9,8,40,深位,175560.0,177142.0,177338.0,196.0,1582.0,1778.0,否
2937,B6T0000000065,E4,5,10,44,23,浅位,173700.0,177338.0,177755.0,417.00000000000017,3638.0,4055.0,否
2936,B6T0000000065,E4,5,10,44,23,深位,173700.0,177755.0,178172.0,417.00000000000017,4055.0,4472.0,否
1193,B6T0000001103,E3,5,9,21,3,浅位,175020.0,181206.0,181356.0,150.00000000000003,6186.0,6336.0,否
1997,B6T0000001313,E3,5,9,20,13,浅位,185400.0,186898.0,187024.0,126.00000000000001,1498.0,1624.0,是
2001,B6T0000001313,E3,5,9,20,13,深位,185400.0,187094.0,187220.0,126.00000000000001,1694.0,1820.0,是
3688,B6T0000001548,E1,5,9,5,54,浅位,187560.0,187560.0,187800.0,240.0,0.0,240.0,否
3689,B6T0000001548,E1,5,9,5,54,深位,187560.0,187800.0,188040.0,240.0,240.0,480.0,否
192,B6T0000000932,E3,5,9,9,8,浅位,190380.0,191558.0,191632.0,74.0,1178.0,1252.0,否
193,B6T0000000932,E3,5,9,9,8,深位,190380.0,191672.0,191712.0,40.0,1292.0,1332.0,是
194,B6T0000000932,E3,5,10,9,8,浅位,190380.0,191752.0,191792.0,40.0,1372.0,1412.0,是
195,B6T0000000932,E3,5,10,9,8,深位,190380.0,191832.0,191872.0,40.0,1452.0,1492.0,是
189,B6T0000000932,E3,5,10,15,1,浅位,190380.0,192416.0,192494.0,78.00000000000001,2036.0,2114.0,是
190,B6T0000000932,E3,5,10,15,1,深位,190380.0,192544.0,192594.0,49.99999999999999,2164.0,2214.0,是
1872,B6T0000000931,E3,5,10,20,12,浅位,194940.0,194940.0,195118.0,178.00000000000003,0.0,178.0,否
1873,B6T0000000931,E3,5,10,20,12,深位,194940.0,195118.0,195296.0,178.00000000000003,178.0,356.0,否
1351,B6T0000001367,E1,5,10,2,7,浅位,198960.0,198960.0,199000.0,40.0,0.0,40.0,否
1358,B6T0000001367,E1,5,10,2,7,深位,198960.0,199000.0,199040.0,40.0,40.0,80.0,否
1135,B6T0000000395,E3,5,9,16,8,浅位,202560.0,203264.0,203356.0,92.0,704.0,796.0,是
1136,B6T0000000395,E3,5,9,16,8,深位,202560.0,203424.0,203492.0,68.0,864.0,932.0,是
1140,B6T0000000395,E3,5,10,16,8,浅位,202560.0,203492.0,203622.0,130.0,932.0,1062.0,否
1142,B6T0000000395,E3,5,10,16,8,深位,202560.0,203622.0,203752.0,130.0,1062.0,1192.0,否
823,B6T0000001427,E1,5,9,4,4,浅位,203940.0,204084.0,204120.0,36.0,144.0,180.0,否
824,B6T0000001427,E1,5,9,4,4,深位,203940.0,204120.0,204156.0,36.0,180.0,216.0,否
825,B6T0000001427,E1,5,10,4,4,浅位,203940.0,204156.0,204192.0,36.0,216.0,252.0,否
826,B6T0000001427,E1,5,10,4,4,深位,203940.0,204192.0,204228.0,36.0,252.0,288.0,否
3724,B6T0000000936,E3,5,9,21,50,浅位,214020.0,214020.0,214358.0,338.0,0.0,338.0,否
3725,B6T0000000936,E3,5,9,21,50,深位,214020.0,214358.0,214696.0,338.0,338.0,676.0,否
1460,B6T0000000897,E3,5,9,21,6,浅位,220080.0,221998.0,222160.0,162.00000000000003,1918.0,2080.0,否
1459,B6T0000000897,E3,5,9,21,6,深位,220080.0,222160.0,222322.0,162.00000000000003,2080.0,2242.0,否
1458,B6T0000000897,E3,5,10,21,6,浅位,220080.0,222322.0,222484.0,162.00000000000003,2242.0,2404.0,否
1457,B6T0000000897,E3,5,10,21,6,深位,220080.0,222484.0,222646.0,162.00000000000003,2404.0,2566.0,否
2125,B6T0000001478,E1,5,10,2,13,浅位,223500.0,223584.0,223696.0,112.00000000000001,84.0,196.0,是
2126,B6T0000001478,E1,5,10,2,13,深位,223500.0,223780.0,223892.0,112.00000000000001,280.0,392.0,是
691,B6T0000001180,E3,5,10,10,10,浅位,258900.0,259080.0,259236.0,156.0,180.0,336.0,是
689,B6T0000001180,E3,5,10,10,10,深位,258900.0,259284.0,259332.0,48.0,384.0,432.0,是
2253,B6T0000001205,E3,5,9,18,18,浅位,258900.0,259380.0,259524.0,144.0,480.0,624.0,是
160,B6T0000000810,E3,5,10,14,2,深位,259440.0,259620.0,259716.0,96.0,180.0,276.0,是
2252,B6T0000001205,E3,5,9,18,18,深位,258900.0,259764.0,259908.0,144.0,864.0,1008.0,是
2251,B6T0000001205,E3,5,10,18,18,浅位,258900.0,260004.0,260100.0,96.0,1104.0,1200.0,是
2295,B6T0000001477,E1,5,10,2,15,浅位,259920.0,260196.0,260292.0,96.0,276.0,372.0,是
2294,B6T0000001477,E1,5,10,2,15,深位,259920.0,260448.0,260604.0,156.0,528.0,684.0,是
2250,B6T0000001205,E3,5,10,18,18,深位,258900.0,260760.0,260972.0,212.0,1860.0,2072.0,是
262,B6T0000001466,E1,5,9,4,2,浅位,259800.0,261068.0,261164.0,96.0,1268.0,1364.0,是
264,B6T0000001466,E1,5,9,4,2,深位,259800.0,261320.0,261476.0,156.0,1520.0,1676.0,是
265,B6T0000001466,E1,5,10,4,2,浅位,259800.0,261632.0,261788.0,156.0,1832.0,1988.0,是
256,B6T0000001466,E1,5,10,4,2,深位,259800.0,261946.0,262104.0,158.0,2146.0,2304.0,是
3605,B6T0000001598,E1,5,9,2,5,深位,260820.0,262262.0,262420.0,158.0,1442.0,1600.0,是
3604,B6T0000001598,E1,5,10,6,1,深位,260820.0,262437.0,262462.0,25.0,1617.0,1642.0,是
1614,B6T0000001083,E3,5,10,9,4,深位,261660.0,262479.0,262526.0,46.99999999999999,819.0,866.0,是
3092,B6T0000000969,E3,5,10,16,34,浅位,260700.0,262543.0,262766.0,223.0,1843.0,2066.0,是
3091,B6T0000000969,E3,5,10,16,34,深位,260700.0,262783.0,263006.0,223.0,2083.0,2306.0,是
276,B6T0000000305,E4,5,10,43,3,浅位,260820.0,263038.0,263343.0,305.00000000000017,2218.0,2523.0,是
277,B6T0000000305,E4,5,10,43,3,深位,260820.0,263463.0,263800.0,337.00000000000017,2643.0,2980.0,是
1613,B6T0000001083,E3,5,9,9,20,浅位,261660.0,263920.0,264040.0,120.0,2260.0,2380.0,是
1611,B6T0000001083,E3,5,9,9,20,深位,261660.0,264104.0,264168.0,64.0,2444.0,2508.0,是
3418,B6T0000000124,E4,5,10,43,38,浅位,260940.0,264232.0,264641.0,409.00000000000017,3292.0,3701.0,是
3419,B6T0000000124,E4,5,10,43,38,深位,260940.0,264799.0,265222.0,423.0000000000001,3859.0,4282.0,是
3124,B6T0000000831,E3,5,9,14,2,浅位,268800.0,269100.0,269282.0,182.0,300.0,482.0,是
3125,B6T0000000831,E3,5,9,14,2,深位,268800.0,269330.0,269378.0,47.99999999999999,530.0,578.0,是
3126,B6T0000000831,E3,5,10,14,2,浅位,268800.0,269426.0,269474.0,47.99999999999999,626.0,674.0,是
3139,B6T0000000039,E4,5,9,44,27,浅位,270480.0,271592.0,272027.0,435.0000000000001,1112.0,1547.0,是
2566,B6T0000001793,E1,5,9,2,2,浅位,283080.0,283461.0,283623.0,162.0,381.0,543.0,是
2565,B6T0000001793,E1,5,9,2,2,深位,283080.0,283785.0,283947.0,162.0,705.0,867.0,是
2567,B6T0000001793,E1,5,10,2,2,浅位,283080.0,284109.0,284271.0,162.0,1029.0,1191.0,是
2568,B6T0000001793,E1,5,10,2,2,深位,283080.0,284433.0,284595.0,162.0,1353.0,1515.0,是
2569,B6T0000001793,E1,5,9,1,16,浅位,283080.0,284608.0,284677.0,69.0,1528.0,1597.0,是
3375,B6T0000000638,E3,5,9,18,41,浅位,285420.0,285853.0,286055.0,202.0,433.0,635.0,是
3374,B6T0000000638,E3,5,9,18,41,深位,285420.0,286197.0,286339.0,142.0,777.0,919.0,是
577,B6T0000001238,E3,5,9,16,3,浅位,286320.0,287097.0,287275.0,178.0,777.0,955.0,是
2077,B6T0000001546,E1,5,9,4,11,浅位,287100.0,287333.0,287423.0,90.0,233.0,323.0,是
2076,B6T0000001546,E1,5,9,4,11,深位,287100.0,287585.0,287747.0,162.0,485.0,647.0,是
2110,B6T0000000611,E3,5,10,9,4,深位,287640.0,287909.0,288071.0,162.0,269.0,431.0,是
2075,B6T0000001546,E1,5,10,4,11,浅位,287100.0,288103.0,288163.0,60.0,1003.0,1063.0,是
2074,B6T0000001546,E1,5,10,4,11,深位,287100.0,288325.0,288487.0,162.0,1225.0,1387.0,是
571,B6T0000001238,E3,5,9,16,3,深位,286320.0,288651.0,288863.0,212.0,2331.0,2543.0,是
570,B6T0000001238,E3,5,10,16,3,浅位,286320.0,288921.0,288979.0,57.99999999999999,2601.0,2659.0,是
2109,B6T0000000611,E3,5,9,9,20,浅位,287640.0,289037.0,289163.0,126.0,1397.0,1523.0,是
2108,B6T0000000611,E3,5,9,9,20,深位,287640.0,289227.0,289291.0,64.0,1587.0,1651.0,是
1340,B6T0000000043,E4,5,9,45,3,浅位,286740.0,289355.0,289712.0,357.00000000000017,2615.0,2972.0,是
1342,B6T0000000043,E4,5,9,45,3,深位,286740.0,289876.0,290325.0,449.0000000000002,3136.0,3585.0,是
2999,B6T0000000956,E3,5,9,27,21,浅位,289920.0,290489.0,290781.0,292.0,569.0,861.0,是
3000,B6T0000000956,E3,5,9,27,21,深位,289920.0,290919.0,291057.0,138.0,999.0,1137.0,是
2998,B6T0000000956,E3,5,10,27,21,浅位,289920.0,291195.0,291333.0,138.0,1275.0,1413.0,是
1343,B6T0000000043,E4,5,10,45,3,浅位,286740.0,291471.0,291758.0,287.00000000000017,4731.0,5018.0,是
1346,B6T0000000043,E4,5,10,45,3,深位,286740.0,291922.0,292363.0,441.0000000000002,5182.0,5623.0,是
1333,B6T0000000043,E4,5,9,45,6,浅位,286740.0,295747.0,296196.0,449.0000000000002,9007.0,9456.0,是
467,B6T0000001382,E1,5,9,2,4,浅位,295980.0,296360.0,296524.0,164.0,380.0,544.0,是
466,B6T0000001382,E1,5,9,2,4,深位,295980.0,296688.0,296852.0,164.0,708.0,872.0,是
464,B6T0000001382,E1,5,10,2,4,浅位,295980.0,297016.0,297180.0,164.0,1036.0,1200.0,是
463,B6T0000001382,E1,5,10,2,4,深位,295980.0,297344.0,297508.0,164.0,1364.0,1528.0,是
1345,B6T0000000043,E4,5,9,45,6,深位,286740.0,297672.0,298105.0,433.0000000000002,10932.0,11365.0,是
1334,B6T0000000043,E4,5,10,45,6,浅位,286740.0,298269.0,298694.0,425.00000000000017,11529.0,11954.0,是
1339,B6T0000000043,E4,5,10,45,6,深位,286740.0,298858.0,299283.0,425.00000000000017,12118.0,12543.0,是
3517,B6T0000000866,E3,5,10,14,2,深位,300180.0,300413.0,300577.0,164.0,233.0,397.0,是
3516,B6T0000000866,E3,5,9,18,18,深位,300180.0,300625.0,300769.0,144.0,445.0,589.0,是
1521,B6T0000000228,E4,5,9,43,10,浅位,301800.0,302593.0,303008.0,415.0000000000001,793.0,1208.0,是
1519,B6T0000000228,E4,5,9,43,10,深位,301800.0,303174.0,303589.0,415.0000000000001,1374.0,1789.0,是
1522,B6T0000000228,E4,5,10,43,10,浅位,301800.0,303755.0,304162.0,407.00000000000017,1955.0,2362.0,是
1218,B6T0000000577,E3,5,9,9,16,浅位,302040.0,304328.0,304494.0,166.0,2288.0,2454.0,是
1529,B6T0000000228,E4,5,10,43,10,深位,301800.0,304550.0,304879.0,329.00000000000017,2750.0,3079.0,是
3162,B6T0000000924,E3,5,9,17,35,浅位,304500.0,305045.0,305235.0,190.0,545.0,735.0,是
3160,B6T0000000924,E3,5,9,17,35,深位,304500.0,305361.0,305487.0,126.0,861.0,987.0,是
808,B6T0000000540,E3,5,9,18,2,浅位,305460.0,307204.5,307371.0,166.50000000000006,1744.5,1911.0,是
806,B6T0000000540,E3,5,9,18,2,深位,305460.0,307547.5,307724.0,176.50000000000009,2087.5,2264.0,是
803,B6T0000000540,E3,5,10,18,2,浅位,305460.0,307900.5,308077.0,176.50000000000009,2440.5,2617.0,是
809,B6T0000000540,E3,5,10,18,2,深位,305460.0,308253.5,308430.0,176.50000000000009,2793.5,2970.0,是
332,B6T0000000139,E4,5,9,45,1,浅位,302220.0,308606.5,308783.0,176.50000000000009,6386.5,6563.0,是
337,B6T0000000139,E4,5,9,45,1,深位,302220.0,308955.5,309128.0,172.50000000000009,6735.5,6908.0,是
1633,B6T0000001117,E3,5,9,13,16,浅位,308820.0,309300.5,309533.0,232.50000000000009,480.5,713.0,是
1634,B6T0000001117,E3,5,9,13,16,深位,308820.0,309713.5,309918.0,204.50000000000009,893.5,1098.0,是
2983,B6T0000001539,E1,5,9,7,5,浅位,309720.0,310098.5,310279.0,180.50000000000006,378.5,559.0,是
2984,B6T0000001539,E1,5,9,7,5,深位,309720.0,310459.5,310640.0,180.50000000000006,739.5,920.0,是
2985,B6T0000001539,E1,5,10,7,5,浅位,309720.0,310820.5,311001.0,180.50000000000006,1100.5,1281.0,是
305,B6T0000001196,E3,5,9,13,5,浅位,309300.0,311183.5,311366.0,182.50000000000009,1883.5,2066.0,是
304,B6T0000001196,E3,5,9,13,5,深位,309300.0,311548.5,311731.0,182.50000000000009,2248.5,2431.0,是
292,B6T0000001196,E3,5,10,13,5,浅位,309300.0,311913.5,312096.0,182.50000000000009,2613.5,2796.0,是
301,B6T0000001196,E3,5,10,13,5,深位,309300.0,312278.5,312461.0,182.50000000000009,2978.5,3161.0,是
1643,B6T0000001117,E3,5,10,13,16,浅位,308820.0,312680.5,312900.0,219.50000000000006,3860.5,4080.0,是
247,B6T0000000581,E3,5,9,9,9,浅位,311640.0,312900.0,312978.0,78.0,1260.0,1338.0,否
248,B6T0000000581,E3,5,9,9,9,深位,311640.0,312978.0,313056.0,78.0,1338.0,1416.0,否
249,B6T0000000581,E3,5,10,9,9,浅位,311640.0,313056.0,313134.0,78.0,1416.0,1494.0,否
250,B6T0000000581,E3,5,10,9,9,深位,311640.0,313134.0,313212.0,78.0,1494.0,1572.0,否
1642,B6T0000001117,E3,5,10,13,16,深位,308820.0,313212.0,313350.0,138.0,4392.0,4530.0,否
2972,B6T0000000633,E3,5,9,37,10,浅位,308760.0,313350.0,313656.0,306.0000000000001,4590.0,4896.0,否
3350,B6T0000000064,E4,5,10,44,23,浅位,307740.0,313656.0,314073.0,417.00000000000017,5916.0,6333.0,否
1788,B6T0000001685,E1,5,10,5,8,浅位,313920.0,314073.0,314129.0,56.0,153.0,209.0,否
1793,B6T0000001685,E1,5,10,5,8,深位,313920.0,314129.0,314185.0,56.0,209.0,265.0,否
3351,B6T0000000064,E4,5,10,44,23,深位,307740.0,314185.0,314602.0,417.00000000000017,6445.0,6862.0,否
838,B6T0000001220,E3,5,9,9,12,浅位,312960.0,315180.0,315270.0,90.0,2220.0,2310.0,否
839,B6T0000001220,E3,5,9,9,12,深位,312960.0,315270.0,315360.0,90.0,2310.0,2400.0,否
840,B6T0000001220,E3,5,10,9,12,浅位,312960.0,315360.0,315450.0,90.0,2400.0,2490.0,否
841,B6T0000001220,E3,5,10,9,12,深位,312960.0,315450.0,315540.0,90.0,2490.0,2580.0,否
492,B6T0000001101,E3,5,9,12,7,浅位,309960.0,315540.0,315634.0,94.0,5580.0,5674.0,否
494,B6T0000001101,E3,5,9,12,7,深位,309960.0,315634.0,315728.0,94.0,5674.0,5768.0,否
495,B6T0000001101,E3,5,10,12,7,浅位,309960.0,315728.0,315822.0,94.0,5768.0,5862.0,否
496,B6T0000001101,E3,5,10,12,7,深位,309960.0,315822.0,315916.0,94.0,5862.0,5956.0,否
234,B6T0000000581,E3,5,9,10,8,浅位,311640.0,318805.0,318887.0,82.0,7165.0,7247.0,否
229,B6T0000000581,E3,5,9,16,1,浅位,311640.0,319928.0,320030.0,101.99999999999999,8288.0,8390.0,否
242,B6T0000000581,E3,5,9,16,1,深位,311640.0,320030.0,320132.0,101.99999999999999,8390.0,8492.0,否
145,B6T0000000154,E4,5,9,43,3,浅位,345840.0,346152.0,346535.0,383.00000000000017,312.0,695.0,是
3603,B6T0000001116,E3,5,9,9,54,深位,346440.0,346701.0,346867.0,166.0,261.0,427.0,是
2981,B6T0000001316,E3,5,10,9,4,浅位,346740.0,346999.0,347131.0,132.0,259.0,391.0,是
3719,B6T0000000332,E3,5,9,16,8,深位,346800.0,347163.0,347267.0,104.0,363.0,467.0,是
523,B6T0000001197,E3,5,9,14,5,浅位,346680.0,347335.0,347403.0,68.0,655.0,723.0,是
527,B6T0000001197,E3,5,9,14,5,深位,346680.0,347457.0,347511.0,53.99999999999999,777.0,831.0,是
524,B6T0000001197,E3,5,10,14,5,浅位,346680.0,347565.0,347619.0,53.99999999999999,885.0,939.0,是
521,B6T0000001197,E3,5,10,14,5,深位,346680.0,347673.0,347727.0,53.99999999999999,993.0,1047.0,是
3389,B6T0000001543,E1,5,9,5,2,浅位,347640.0,347781.0,347835.0,54.0,141.0,195.0,是
3388,B6T0000001543,E1,5,9,5,2,深位,347640.0,348001.0,348167.0,166.0,361.0,527.0,是
3718,B6T0000000332,E3,5,10,16,8,浅位,346800.0,348333.0,348539.0,206.0,1533.0,1739.0,是
1738,B6T0000001149,E3,5,10,9,4,深位,348480.0,348607.0,348675.0,68.0,127.0,195.0,是
1743,B6T0000001149,E3,5,9,16,3,深位,348480.0,348841.5,349008.0,166.50000000000009,361.5,528.0,是
953,B6T0000000445,E3,5,9,12,10,浅位,348420.0,349219.5,349431.0,211.50000000000009,799.5,1011.0,是
987,B6T0000001844,E1,5,10,8,2,浅位,346200.0,349463.0,349495.0,32.0,3263.0,3295.0,是
986,B6T0000001844,E1,5,10,8,2,深位,346200.0,349551.0,349607.0,56.0,3351.0,3407.0,是
957,B6T0000000445,E3,5,9,12,10,深位,348420.0,349665.0,349751.0,86.0,1245.0,1331.0,是
958,B6T0000000445,E3,5,10,12,10,浅位,348420.0,349807.0,349863.0,56.0,1387.0,1443.0,是
955,B6T0000000445,E3,5,10,12,10,深位,348420.0,349919.0,349975.0,56.0,1499.0,1555.0,是
1742,B6T0000001149,E3,5,10,16,3,浅位,348480.0,350031.0,350119.0,87.99999999999999,1551.0,1639.0,是
1744,B6T0000001149,E3,5,9,9,20,浅位,348480.0,350177.0,350303.0,126.0,1697.0,1823.0,是
1741,B6T0000001149,E3,5,9,9,20,深位,348480.0,350367.0,350431.0,64.0,1887.0,1951.0,是
2982,B6T0000001316,E3,5,9,23,3,浅位,346740.0,350495.0,350671.0,176.00000000000006,3755.0,3931.0,是
2980,B6T0000001316,E3,5,9,23,3,深位,346740.0,350882.5,351094.0,211.50000000000006,4142.5,4354.0,是
3055,B6T0000000985,E3,5,10,18,2,深位,351060.0,351330.5,351567.0,236.50000000000006,270.5,507.0,是
3056,B6T0000000985,E3,5,9,13,16,浅位,351060.0,351803.5,352040.0,236.50000000000006,743.5,980.0,是
3057,B6T0000000985,E3,5,9,13,16,深位,351060.0,352040.0,352178.0,138.0,980.0,1118.0,否
2465,B6T0000001299,E3,5,9,28,11,浅位,346680.0,352178.0,352416.0,238.00000000000003,5498.0,5736.0,否
2466,B6T0000001299,E3,5,9,28,11,深位,346680.0,352416.0,352654.0,238.00000000000003,5736.0,5974.0,否
2468,B6T0000001299,E3,5,10,28,11,浅位,346680.0,352654.0,352892.0,238.00000000000003,5974.0,6212.0,否
2469,B6T0000001299,E3,5,10,28,11,深位,346680.0,352892.0,353130.0,238.00000000000003,6212.0,6450.0,否
3602,B6T0000001116,E3,5,9,30,12,深位,346440.0,353130.0,353388.0,258.00000000000006,6690.0,6948.0,否
2707,B6T0000001643,E1,5,10,15,1,浅位,353220.0,353388.0,353482.0,93.99999999999999,168.0,262.0,否
2706,B6T0000001643,E1,5,10,15,1,深位,353220.0,353482.0,353576.0,93.99999999999999,262.0,356.0,否
2705,B6T0000001643,E1,5,9,2,24,浅位,353220.0,353576.0,353684.0,108.00000000000001,356.0,464.0,否
135,B6T0000000154,E4,5,9,43,3,深位,345840.0,353684.0,354011.0,327.00000000000017,7844.0,8171.0,否
127,B6T0000000154,E4,5,9,44,1,浅位,345840.0,356987.0,357413.0,426.0000000000002,11147.0,11573.0,是
142,B6T0000000154,E4,5,9,44,1,深位,345840.0,357413.0,357742.0,329.00000000000017,11573.0,11902.0,否
137,B6T0000000154,E4,5,10,44,1,浅位,345840.0,357742.0,358071.0,329.00000000000017,11902.0,12231.0,否
126,B6T0000000154,E4,5,10,44,1,深位,345840.0,358071.0,358400.0,329.00000000000017,12231.0,12560.0,否
3252,B6T0000000625,E3,5,10,9,4,浅位,370740.0,370999.0,371057.0,57.99999999999999,259.0,317.0,否
3253,B6T0000000625,E3,5,9,14,5,浅位,370740.0,371057.0,371159.0,101.99999999999999,317.0,419.0,否
107,B6T0000000261,E4,5,9,43,1,浅位,375660.0,375660.0,375979.0,319.00000000000017,0.0,319.0,否
106,B6T0000000261,E4,5,9,43,1,深位,375660.0,375979.0,376298.0,319.00000000000017,319.0,638.0,否
97,B6T0000000261,E4,5,10,43,1,浅位,375660.0,376298.0,376617.0,319.00000000000017,638.0,957.0,否
105,B6T0000000261,E4,5,10,43,1,深位,375660.0,376617.0,376936.0,319.00000000000017,957.0,1276.0,否
919,B6T0000000411,E3,5,10,14,2,深位,378240.0,378459.5,378626.0,166.50000000000009,219.5,386.0,是
914,B6T0000000411,E3,5,9,15,6,浅位,378240.0,380703.0,380877.0,174.0,2463.0,2637.0,是
921,B6T0000000411,E3,5,9,15,6,深位,378240.0,380937.0,380997.0,59.99999999999999,2697.0,2757.0,是
3396,B6T0000000629,E3,5,9,15,5,浅位,382440.0,382926.5,383189.0,262.50000000000006,486.5,749.0,是
3397,B6T0000000629,E3,5,9,15,5,深位,382440.0,383451.5,383714.0,262.5000000000001,1011.5,1274.0,是
2993,B6T0000000548,E3,5,9,15,4,浅位,399600.0,400003.5,400269.0,265.5000000000001,403.5,669.0,是
2992,B6T0000000548,E3,5,9,15,4,深位,399600.0,400534.5,400800.0,265.5000000000001,934.5,1200.0,是
2390,B6T0000001989,E1,5,10,4,11,深位,400560.0,401066.5,401333.0,266.5000000000001,506.5,773.0,是
2392,B6T0000001989,E1,5,9,1,16,浅位,400560.0,401599.5,401866.0,266.5000000000001,1039.5,1306.0,是
2994,B6T0000000548,E3,5,10,15,4,浅位,399600.0,402132.5,402399.0,266.50000000000006,2532.5,2799.0,是
2179,B6T0000000571,E3,5,9,33,2,浅位,400680.0,402665.5,402932.0,266.5000000000001,1985.5,2252.0,是
2182,B6T0000000571,E3,5,9,33,2,深位,400680.0,403198.5,403465.0,266.5000000000001,2518.5,2785.0,是
2178,B6T0000000571,E3,5,10,33,2,浅位,400680.0,403731.5,403998.0,266.5000000000001,3051.5,3318.0,是
2180,B6T0000000571,E3,5,10,33,2,深位,400680.0,404264.5,404531.0,266.5000000000001,3584.5,3851.0,是
3151,B6T0000001396,E1,5,9,4,2,浅位,431700.0,431700.0,431728.0,28.0,0.0,28.0,否
3152,B6T0000001396,E1,5,9,4,2,深位,431700.0,431728.0,431756.0,28.0,28.0,56.0,否
3153,B6T0000001396,E1,5,10,4,2,浅位,431700.0,431756.0,431784.0,28.0,56.0,84.0,否
1958,B6T0000001683,E1,5,10,5,2,浅位,432240.0,432240.0,432272.0,32.0,0.0,32.0,否
1962,B6T0000001683,E1,5,10,5,2,深位,432240.0,432272.0,432304.0,32.0,32.0,64.0,否
1961,B6T0000001683,E1,5,9,8,1,浅位,432240.0,432304.0,432344.0,40.0,64.0,104.0,否
1960,B6T0000001683,E1,5,9,8,1,深位,432240.0,432344.0,432384.0,40.0,104.0,144.0,否
1959,B6T0000001683,E1,5,10,8,1,浅位,432240.0,432384.0,432424.0,40.0,144.0,184.0,否
1963,B6T0000001683,E1,5,10,8,1,深位,432240.0,432424.0,432464.0,40.0,184.0,224.0,否
1964,B6T0000001683,E1,5,9,2,8,浅位,432240.0,432464.0,432508.0,44.0,224.0,268.0,否
1957,B6T0000001683,E1,5,9,2,8,深位,432240.0,432508.0,432552.0,44.0,268.0,312.0,否
3279,B6T0000000826,E3,5,9,14,5,深位,433140.0,433140.0,433242.0,101.99999999999999,0.0,102.0,否
3278,B6T0000000826,E3,5,10,14,5,浅位,433140.0,433242.0,433344.0,101.99999999999999,102.0,204.0,否
2593,B6T0000001442,E1,5,9,1,21,浅位,432600.0,433508.0,433600.0,92.0,908.0,1000.0,否
2594,B6T0000001442,E1,5,9,1,21,深位,432600.0,433600.0,433692.0,92.0,1000.0,1092.0,否
2590,B6T0000001442,E1,5,10,1,21,浅位,432600.0,433692.0,433784.0,92.0,1092.0,1184.0,否
901,B6T0000000411,E3,5,10,15,6,浅位,433860.0,433860.0,433974.0,113.99999999999999,0.0,114.0,否
900,B6T0000000411,E3,5,10,15,6,深位,433860.0,433974.0,434088.0,113.99999999999999,114.0,228.0,否
3562,B6T0000000694,E3,5,9,13,29,浅位,434280.0,434280.0,434470.0,190.0,0.0,190.0,否
3563,B6T0000000694,E3,5,9,13,29,深位,434280.0,434470.0,434660.0,190.0,190.0,380.0,否
3347,B6T0000000696,E3,5,9,28,11,浅位,434700.0,434700.0,434938.0,238.00000000000003,0.0,238.0,否
3346,B6T0000000696,E3,5,9,28,11,深位,434700.0,434938.0,435176.0,238.00000000000003,238.0,476.0,否
723,B6T0000000140,E4,5,9,43,1,浅位,434880.0,435176.0,435495.0,319.00000000000017,296.0,615.0,否
16,B6T0000001209,E3,5,9,10,1,浅位,434280.0,435512.0,435559.0,47.0,1232.0,1279.0,是
28,B6T0000001209,E3,5,9,10,1,深位,434280.0,435576.0,435623.0,47.0,1296.0,1343.0,是
27,B6T0000001209,E3,5,10,10,1,浅位,434280.0,435640.0,435687.0,47.0,1360.0,1407.0,是
20,B6T0000001209,E3,5,10,10,1,深位,434280.0,435706.0,435751.0,45.0,1426.0,1471.0,是
728,B6T0000000140,E4,5,9,43,1,深位,434880.0,435751.0,436070.0,319.00000000000017,871.0,1190.0,否
724,B6T0000000140,E4,5,10,43,1,浅位,434880.0,436070.0,436389.0,319.00000000000017,1190.0,1509.0,否
632,B6T0000000469,E3,5,9,9,11,浅位,433980.0,436389.0,436475.0,86.0,2409.0,2495.0,否
629,B6T0000000469,E3,5,9,9,11,深位,433980.0,436475.0,436561.0,86.0,2495.0,2581.0,否
630,B6T0000000469,E3,5,10,9,11,浅位,433980.0,436561.0,436647.0,86.0,2581.0,2667.0,否
722,B6T0000000140,E4,5,10,43,1,深位,434880.0,436647.0,436966.0,319.00000000000017,1767.0,2086.0,否
1663,B6T0000000614,E3,5,9,23,6,浅位,433020.0,436966.0,437144.0,178.00000000000003,3946.0,4124.0,否
1662,B6T0000000614,E3,5,9,23,6,深位,433020.0,437144.0,437322.0,178.00000000000003,4124.0,4302.0,否
1661,B6T0000000614,E3,5,10,23,6,浅位,433020.0,437322.0,437500.0,178.00000000000003,4302.0,4480.0,否
3717,B6T0000001969,E1,5,10,2,57,浅位,442440.0,442440.0,442680.0,240.0,0.0,240.0,否
3716,B6T0000001969,E1,5,10,2,57,深位,442440.0,442680.0,442920.0,240.0,240.0,480.0,否
866,B6T0000000001,E4,5,9,47,1,浅位,432180.0,444310.0,444669.0,359.00000000000017,12130.0,12489.0,否
867,B6T0000000001,E4,5,9,47,1,深位,432180.0,444669.0,445028.0,359.00000000000017,12489.0,12848.0,否
3520,B6T0000001221,E3,5,10,15,4,深位,444960.0,445028.0,445134.0,105.99999999999999,68.0,174.0,否
3521,B6T0000001221,E3,5,10,25,11,深位,444960.0,445134.0,445348.0,214.0,174.0,388.0,否
868,B6T0000000001,E4,5,10,47,1,浅位,432180.0,445348.0,445707.0,359.00000000000017,13168.0,13527.0,否
3165,B6T0000000511,E3,5,9,27,25,浅位,444660.0,445761.0,445999.0,238.0,1101.0,1339.0,是
870,B6T0000000001,E4,5,10,47,1,深位,432180.0,446053.0,446380.0,327.00000000000017,13873.0,14200.0,是
1123,B6T0000001955,E1,5,9,4,5,浅位,447420.0,447860.0,447900.0,40.0,440.0,480.0,否
1130,B6T0000001955,E1,5,9,4,5,深位,447420.0,447900.0,447940.0,40.0,480.0,520.0,否
1131,B6T0000001955,E1,5,10,4,5,浅位,447420.0,447940.0,447980.0,40.0,520.0,560.0,否
3322,B6T0000001436,E1,5,9,2,6,深位,448200.0,448200.0,448236.0,36.0,0.0,36.0,否
3323,B6T0000001436,E1,5,9,2,7,深位,448200.0,448236.0,448276.0,40.0,36.0,76.0,否
647,B6T0000000469,E3,5,10,9,11,深位,450900.0,450900.0,450986.0,86.0,0.0,86.0,否
3567,B6T0000001252,E3,5,9,9,4,浅位,454920.0,454920.0,454978.0,57.99999999999999,0.0,58.0,否
3566,B6T0000001252,E3,5,9,9,4,深位,454920.0,454978.0,455036.0,57.99999999999999,58.0,116.0,否
3425,B6T0000000468,E3,5,10,9,11,深位,454980.0,455036.0,455122.0,86.0,56.0,142.0,否
3424,B6T0000000468,E3,5,9,23,6,浅位,454980.0,455154.0,455306.0,152.00000000000003,174.0,326.0,是
3119,B6T0000000490,E3,5,10,10,2,深位,462960.0,463404.0,463572.0,168.0,444.0,612.0,是
3118,B6T0000000490,E3,5,9,10,8,深位,462960.0,463604.0,463660.0,56.0,644.0,700.0,是
3120,B6T0000000490,E3,5,9,10,10,深位,462960.0,463704.0,463756.0,52.0,744.0,796.0,是
3143,B6T0000001842,E1,5,9,2,6,深位,464760.0,464760.0,464796.0,36.0,0.0,36.0,否
3142,B6T0000001842,E1,5,9,2,7,深位,464760.0,464796.0,464836.0,40.0,36.0,76.0,否
3144,B6T0000001842,E1,5,9,4,5,浅位,464760.0,464836.0,464876.0,40.0,76.0,116.0,否
1400,B6T0000000367,E3,5,9,24,2,浅位,465120.0,465354.0,465524.0,170.00000000000003,234.0,404.0,否
1198,B6T0000001639,E1,5,9,3,6,浅位,463080.0,465524.0,465564.0,40.0,2444.0,2484.0,否
1396,B6T0000000367,E3,5,9,24,2,深位,465120.0,465564.0,465734.0,170.00000000000003,444.0,614.0,否
1394,B6T0000000367,E3,5,10,24,2,浅位,465120.0,465734.0,465904.0,170.00000000000003,614.0,784.0,否
1393,B6T0000000367,E3,5,10,24,2,深位,465120.0,465904.0,466074.0,170.00000000000003,784.0,954.0,否
3518,B6T0000000875,E3,5,9,13,16,深位,471120.0,471120.0,471258.0,138.0,0.0,138.0,否
3519,B6T0000000875,E3,5,9,23,3,浅位,471120.0,471258.0,471424.0,166.00000000000003,138.0,304.0,否
1821,B6T0000001665,E1,5,9,2,10,浅位,471120.0,471432.0,471484.0,52.0,312.0,364.0,否
1822,B6T0000001665,E1,5,9,2,10,深位,471120.0,471484.0,471536.0,52.0,364.0,416.0,否
1823,B6T0000001665,E1,5,10,2,10,浅位,471120.0,471536.0,471588.0,52.0,416.0,468.0,否
3625,B6T0000001135,E3,5,9,20,13,浅位,473880.0,473880.0,474062.0,182.0,0.0,182.0,否
3624,B6T0000001135,E3,5,9,20,13,深位,473880.0,474062.0,474244.0,182.0,182.0,364.0,否
1236,B6T0000001022,E3,5,9,14,11,浅位,477120.0,478128.0,478254.0,125.99999999999999,1008.0,1134.0,否
1229,B6T0000001022,E3,5,9,14,11,深位,477120.0,478254.0,478380.0,125.99999999999999,1134.0,1260.0,否
1233,B6T0000001022,E3,5,10,14,11,浅位,477120.0,478380.0,478506.0,125.99999999999999,1260.0,1386.0,否
1234,B6T0000001022,E3,5,10,14,11,深位,477120.0,478506.0,478632.0,125.99999999999999,1386.0,1512.0,否
1753,B6T0000000007,E4,5,9,43,3,深位,479820.0,479820.0,480147.0,327.00000000000017,0.0,327.0,否
1749,B6T0000000007,E4,5,9,44,1,浅位,479820.0,480147.0,480476.0,329.00000000000017,327.0,656.0,否
1750,B6T0000000007,E4,5,9,44,1,深位,479820.0,480476.0,480805.0,329.00000000000017,656.0,985.0,否
1748,B6T0000000007,E4,5,10,44,1,浅位,479820.0,480805.0,481134.0,329.00000000000017,985.0,1314.0,否
1747,B6T0000000007,E4,5,10,44,1,深位,479820.0,481134.0,481463.0,329.00000000000017,1314.0,1643.0,否
3230,B6T0000000963,E3,5,10,16,8,浅位,482940.0,482940.0,483070.0,130.0,0.0,130.0,否
3184,B6T0000001919,E1,5,10,5,8,浅位,485460.0,485460.0,485516.0,56.0,0.0,56.0,否
3185,B6T0000001919,E1,5,10,5,8,深位,485460.0,485516.0,485572.0,56.0,56.0,112.0,否
3186,B6T0000001919,E1,5,9,4,11,深位,485460.0,485572.0,485636.0,64.0,112.0,176.0,否
379,B6T0000000471,E3,5,9,17,1,浅位,486000.0,486550.0,486660.0,110.0,550.0,660.0,否
380,B6T0000000471,E3,5,9,17,1,深位,486000.0,486660.0,486770.0,110.0,660.0,770.0,否
386,B6T0000000471,E3,5,10,17,1,浅位,486000.0,486770.0,486880.0,110.0,770.0,880.0,否
387,B6T0000000471,E3,5,10,17,1,深位,486000.0,486880.0,486990.0,110.0,880.0,990.0,否
1852,B6T0000001858,E1,5,10,6,8,浅位,488580.0,488580.0,488640.0,60.0,0.0,60.0,否
1853,B6T0000001858,E1,5,10,6,8,深位,488580.0,488640.0,488700.0,60.0,60.0,120.0,否
2090,B6T0000001407,E1,5,9,6,10,浅位,518100.0,518292.0,518360.0,68.0,192.0,260.0,否
2088,B6T0000001407,E1,5,9,6,10,深位,518100.0,518360.0,518428.0,68.0,260.0,328.0,否
2091,B6T0000001407,E1,5,10,6,10,浅位,518100.0,518428.0,518496.0,68.0,328.0,396.0,否
2085,B6T0000001407,E1,5,10,6,10,深位,518100.0,518496.0,518564.0,68.0,396.0,464.0,否
1863,B6T0000000725,E3,5,9,15,5,浅位,518520.0,518564.0,518674.0,109.99999999999999,44.0,154.0,否
1861,B6T0000000725,E3,5,9,15,5,深位,518520.0,518674.0,518784.0,109.99999999999999,154.0,264.0,否
699,B6T0000001180,E3,5,9,11,9,浅位,518220.0,519190.0,519284.0,94.0,970.0,1064.0,否
696,B6T0000001180,E3,5,9,11,9,深位,518220.0,519284.0,519378.0,94.0,1064.0,1158.0,否
700,B6T0000001180,E3,5,10,11,9,浅位,518220.0,519378.0,519472.0,94.0,1158.0,1252.0,否
692,B6T0000001180,E3,5,10,11,9,深位,518220.0,519472.0,519566.0,94.0,1252.0,1346.0,否
3693,B6T0000001780,E1,5,10,9,10,浅位,519840.0,519840.0,519922.0,82.0,0.0,82.0,否
3692,B6T0000001780,E1,5,10,9,10,深位,519840.0,519922.0,520004.0,82.0,82.0,164.0,否
3408,B6T0000001276,E3,5,9,10,31,浅位,519900.0,520004.0,520178.0,174.0,104.0,278.0,否
3409,B6T0000001276,E3,5,10,29,6,深位,519900.0,520178.0,520404.0,226.00000000000003,278.0,504.0,否
1023,B6T0000001975,E1,5,9,1,6,浅位,520740.0,520915.0,520947.0,32.0,175.0,207.0,否
1024,B6T0000001975,E1,5,9,1,6,深位,520740.0,520947.0,520979.0,32.0,207.0,239.0,否
1025,B6T0000001975,E1,5,10,1,6,浅位,520740.0,520979.0,521011.0,32.0,239.0,271.0,否
1026,B6T0000001975,E1,5,10,1,6,深位,520740.0,521011.0,521043.0,32.0,271.0,303.0,否
411,B6T0000000050,E4,5,9,44,3,浅位,519300.0,522030.0,522367.0,337.00000000000017,2730.0,3067.0,否
412,B6T0000000050,E4,5,9,44,3,深位,519300.0,522367.0,522704.0,337.00000000000017,3067.0,3404.0,否
421,B6T0000000050,E4,5,10,44,3,浅位,519300.0,522704.0,523041.0,337.00000000000017,3404.0,3741.0,否
413,B6T0000000050,E4,5,10,44,3,深位,519300.0,523041.0,523378.0,337.00000000000017,3741.0,4078.0,否
610,B6T0000000247,E4,5,9,45,2,浅位,521520.0,525315.0,525658.0,343.00000000000017,3795.0,4138.0,否
611,B6T0000000247,E4,5,9,45,2,深位,521520.0,525658.0,526001.0,343.00000000000017,4138.0,4481.0,否
608,B6T0000000247,E4,5,10,45,2,浅位,521520.0,526001.0,526344.0,343.00000000000017,4481.0,4824.0,否
607,B6T0000000247,E4,5,10,45,2,深位,521520.0,526344.0,526687.0,343.00000000000017,4824.0,5167.0,否
2184,B6T0000001469,E1,5,9,5,2,浅位,530880.0,530880.0,530912.0,32.0,0.0,32.0,否
2187,B6T0000001469,E1,5,9,5,2,深位,530880.0,530912.0,530944.0,32.0,32.0,64.0,否
2188,B6T0000001469,E1,5,10,8,2,浅位,530880.0,530944.0,530988.0,44.0,64.0,108.0,否
2189,B6T0000001469,E1,5,10,8,2,深位,530880.0,530988.0,531032.0,44.0,108.0,152.0,否
3708,B6T0000001247,E3,5,10,33,2,浅位,533880.0,533880.0,534122.0,242.00000000000006,0.0,242.0,否
3709,B6T0000001247,E3,5,10,33,2,深位,533880.0,534122.0,534364.0,242.00000000000006,242.0,484.0,否
3684,B6T0000001402,E1,5,10,4,4,深位,535680.0,535680.0,535716.0,36.0,0.0,36.0,否
3685,B6T0000001402,E1,5,9,21,6,浅位,535680.0,535716.0,535878.0,162.00000000000003,36.0,198.0,否
2006,B6T0000000680,E3,5,9,10,8,浅位,537060.0,537060.0,537142.0,82.0,0.0,82.0,否
2005,B6T0000000680,E3,5,9,13,5,浅位,537060.0,537142.0,537236.0,94.0,82.0,176.0,否
2007,B6T0000000680,E3,5,9,13,5,深位,537060.0,537236.0,537330.0,94.0,176.0,270.0,否
2008,B6T0000000680,E3,5,10,13,5,浅位,537060.0,537330.0,537424.0,94.0,270.0,364.0,否
2009,B6T0000000680,E3,5,10,13,5,深位,537060.0,537424.0,537518.0,94.0,364.0,458.0,否
2010,B6T0000000680,E3,5,9,12,7,浅位,537060.0,537518.0,537612.0,94.0,458.0,552.0,否
2011,B6T0000000680,E3,5,9,16,1,深位,537060.0,537612.0,537714.0,101.99999999999999,552.0,654.0,否
2012,B6T0000000680,E3,5,9,18,2,浅位,537060.0,537714.0,537836.0,122.0,654.0,776.0,否
2065,B6T0000000389,E3,5,9,17,17,浅位,536220.0,537836.0,538010.0,174.0,1616.0,1790.0,否
3541,B6T0000000539,E3,5,10,13,16,浅位,538320.0,538320.0,538458.0,138.0,0.0,138.0,否
3540,B6T0000000539,E3,5,10,13,16,深位,538320.0,538458.0,538596.0,138.0,138.0,276.0,否
2532,B6T0000000504,E3,5,9,34,6,浅位,538680.0,539796.0,540062.0,266.0000000000001,1116.0,1382.0,否
3003,B6T0000001285,E3,5,10,28,20,浅位,543060.0,543060.0,543334.0,274.0,0.0,274.0,否
3002,B6T0000001285,E3,5,10,28,20,深位,543060.0,543334.0,543608.0,274.0,274.0,548.0,否
2476,B6T0000000337,E3,5,10,10,10,浅位,550920.0,550920.0,551010.0,90.0,0.0,90.0,否
2477,B6T0000000337,E3,5,10,10,10,深位,550920.0,551010.0,551100.0,90.0,90.0,180.0,否
2475,B6T0000000337,E3,5,9,18,18,浅位,550920.0,551100.0,551286.0,186.0,180.0,366.0,否
3178,B6T0000001534,E1,5,9,7,5,浅位,554280.0,554280.0,554332.0,52.0,0.0,52.0,否
3179,B6T0000001534,E1,5,9,7,5,深位,554280.0,554332.0,554384.0,52.0,52.0,104.0,否
3180,B6T0000001534,E1,5,10,7,5,浅位,554280.0,554384.0,554436.0,52.0,104.0,156.0,否
1248,B6T0000000799,E3,5,9,16,9,浅位,555960.0,556652.0,556786.0,134.0,692.0,826.0,否
1260,B6T0000000799,E3,5,9,16,9,深位,555960.0,556786.0,556920.0,134.0,826.0,960.0,否
1256,B6T0000000799,E3,5,10,16,9,浅位,555960.0,556920.0,557054.0,134.0,960.0,1094.0,否
1257,B6T0000000799,E3,5,10,16,9,深位,555960.0,557054.0,557188.0,134.0,1094.0,1228.0,否
2313,B6T0000001748,E1,5,9,6,13,浅位,558300.0,558300.0,558380.0,80.0,0.0,80.0,否
2312,B6T0000001748,E1,5,9,6,13,深位,558300.0,558380.0,558460.0,80.0,80.0,160.0,否
2311,B6T0000001748,E1,5,10,6,13,浅位,558300.0,558460.0,558540.0,80.0,160.0,240.0,否
2309,B6T0000001748,E1,5,10,6,13,深位,558300.0,558540.0,558620.0,80.0,240.0,320.0,否
219,B6T0000000581,E3,5,10,16,1,浅位,558600.0,558620.0,558722.0,101.99999999999999,20.0,122.0,否
218,B6T0000000581,E3,5,10,16,1,深位,558600.0,558722.0,558824.0,101.99999999999999,122.0,224.0,否
2658,B6T0000001298,E3,5,10,30,12,浅位,559800.0,559800.0,560058.0,258.00000000000006,0.0,258.0,否
2657,B6T0000001298,E3,5,10,30,12,深位,559800.0,560058.0,560316.0,258.00000000000006,258.0,516.0,否
2577,B6T0000001934,E1,5,9,6,18,浅位,572820.0,572876.0,572976.0,100.0,56.0,156.0,否
2578,B6T0000001934,E1,5,9,6,18,深位,572820.0,572976.0,573076.0,100.0,156.0,256.0,否
2579,B6T0000001934,E1,5,10,6,18,浅位,572820.0,573076.0,573176.0,100.0,256.0,356.0,否
2695,B6T0000001059,E3,5,9,9,8,浅位,573300.0,573300.0,573374.0,74.0,0.0,74.0,否
2693,B6T0000001059,E3,5,9,9,8,深位,573300.0,573374.0,573448.0,74.0,74.0,148.0,否
2692,B6T0000001059,E3,5,10,9,8,浅位,573300.0,573448.0,573522.0,74.0,148.0,222.0,否
2694,B6T0000001059,E3,5,10,9,8,深位,573300.0,573522.0,573596.0,74.0,222.0,296.0,否
3576,B6T0000000676,E3,6,11,26,40,浅位,3840.0,3840.0,4178.0,338.0,0.0,338.0,否
3577,B6T0000000676,E3,6,11,26,40,深位,3840.0,4178.0,4516.0,338.0,338.0,676.0,否
1490,B6T0000000758,E3,6,11,13,15,浅位,4740.0,5276.0,5410.0,134.0,536.0,670.0,否
1484,B6T0000000758,E3,6,11,13,15,深位,4740.0,5410.0,5544.0,134.0,670.0,804.0,否
1489,B6T0000000758,E3,6,12,13,15,浅位,4740.0,5544.0,5678.0,134.0,804.0,938.0,否
1488,B6T0000000758,E3,6,12,13,15,深位,4740.0,5678.0,5812.0,134.0,938.0,1072.0,否
2603,B6T0000000732,E3,6,11,31,10,浅位,14580.0,14580.0,14838.0,258.00000000000006,0.0,258.0,否
3005,B6T0000001500,E1,6,11,2,30,浅位,14640.0,14908.0,15038.0,130.0,268.0,398.0,是
3004,B6T0000001500,E1,6,11,2,30,深位,14640.0,15108.0,15238.0,130.0,468.0,598.0,是
3006,B6T0000001500,E1,6,12,2,30,浅位,14640.0,15308.0,15438.0,130.0,668.0,798.0,是
2602,B6T0000000732,E3,6,11,31,10,深位,14580.0,15508.0,15722.0,214.00000000000006,928.0,1142.0,是
2601,B6T0000000732,E3,6,12,31,10,浅位,14580.0,15800.0,15986.0,186.00000000000006,1220.0,1406.0,是
2600,B6T0000000732,E3,6,12,31,10,深位,14580.0,16078.0,16250.0,172.00000000000006,1498.0,1670.0,是
3294,B6T0000000702,E3,6,12,29,27,浅位,19740.0,19740.0,20050.0,310.0,0.0,310.0,否
593,B6T0000001238,E3,6,11,15,4,浅位,19080.0,20050.0,20156.0,105.99999999999999,970.0,1076.0,否
589,B6T0000001238,E3,6,11,15,4,深位,19080.0,20156.0,20262.0,105.99999999999999,1076.0,1182.0,否
588,B6T0000001238,E3,6,12,15,4,浅位,19080.0,20262.0,20368.0,105.99999999999999,1182.0,1288.0,否
592,B6T0000001238,E3,6,12,15,4,深位,19080.0,20368.0,20474.0,105.99999999999999,1288.0,1394.0,否
3295,B6T0000000702,E3,6,12,29,27,深位,19740.0,20474.0,20784.0,310.0,734.0,1044.0,否
894,B6T0000000488,E3,6,12,12,9,浅位,25680.0,25680.0,25782.0,102.0,0.0,102.0,否
893,B6T0000000488,E3,6,12,12,9,深位,25680.0,25782.0,25884.0,102.0,102.0,204.0,否
736,B6T0000000140,E4,6,11,45,3,浅位,25680.0,27807.0,28159.0,352.00000000000017,2127.0,2479.0,是
735,B6T0000000140,E4,6,11,45,3,深位,25680.0,28184.0,28524.0,340.00000000000017,2504.0,2844.0,是
743,B6T0000000140,E4,6,12,45,3,浅位,25680.0,28551.0,28905.0,354.00000000000017,2871.0,3225.0,是
744,B6T0000000140,E4,6,12,45,3,深位,25680.0,28932.0,29274.0,342.00000000000017,3252.0,3594.0,是
2556,B6T0000001217,E3,6,11,12,29,浅位,28320.0,29301.0,29462.0,161.0,981.0,1142.0,是
2798,B6T0000001494,E1,6,12,1,26,浅位,36360.0,36360.0,36472.0,112.0,0.0,112.0,否
2797,B6T0000001494,E1,6,12,1,26,深位,36360.0,36472.0,36584.0,112.0,112.0,224.0,否
2766,B6T0000001531,E1,6,11,4,24,浅位,40740.0,40740.0,40856.0,116.00000000000001,0.0,116.0,否
2767,B6T0000001531,E1,6,11,4,24,深位,40740.0,40856.0,40972.0,116.00000000000001,116.0,232.0,否
2765,B6T0000001531,E1,6,12,4,24,浅位,40740.0,40972.0,41088.0,116.00000000000001,232.0,348.0,否
2764,B6T0000001531,E1,6,12,4,24,深位,40740.0,41088.0,41204.0,116.00000000000001,348.0,464.0,否
3722,B6T0000000882,E3,6,12,14,57,浅位,44940.0,44940.0,45250.0,310.0,0.0,310.0,否
3723,B6T0000000882,E3,6,12,14,57,深位,44940.0,45250.0,45560.0,310.0,310.0,620.0,否
2175,B6T0000001942,E1,6,11,5,12,浅位,55560.0,55824.0,55896.0,72.0,264.0,336.0,否
2173,B6T0000001942,E1,6,11,5,12,深位,55560.0,55896.0,55968.0,72.0,336.0,408.0,否
2171,B6T0000001942,E1,6,12,5,12,浅位,55560.0,55968.0,56040.0,72.0,408.0,480.0,否
2170,B6T0000001942,E1,6,12,5,12,深位,55560.0,56040.0,56112.0,72.0,480.0,552.0,否
290,B6T0000001196,E3,6,12,12,6,浅位,55860.0,56112.0,56202.0,90.0,252.0,342.0,否
291,B6T0000001196,E3,6,12,12,6,深位,55860.0,56202.0,56292.0,90.0,342.0,432.0,否
666,B6T0000001698,E1,6,11,8,1,浅位,54180.0,57146.0,57186.0,40.0,2966.0,3006.0,否
660,B6T0000001698,E1,6,11,8,1,深位,54180.0,57186.0,57226.0,40.0,3006.0,3046.0,否
659,B6T0000001698,E1,6,12,8,1,浅位,54180.0,57226.0,57266.0,40.0,3046.0,3086.0,否
377,B6T0000001440,E1,6,11,5,2,浅位,55740.0,58904.0,58936.0,32.0,3164.0,3196.0,否
372,B6T0000001440,E1,6,11,5,2,深位,55740.0,58936.0,58968.0,32.0,3196.0,3228.0,否
454,B6T0000000678,E3,6,11,9,10,浅位,56280.0,60039.0,60121.0,82.0,3759.0,3841.0,否
455,B6T0000000678,E3,6,11,9,10,深位,56280.0,60121.0,60203.0,82.0,3841.0,3923.0,否
444,B6T0000000678,E3,6,12,9,10,浅位,56280.0,60203.0,60285.0,82.0,3923.0,4005.0,否
437,B6T0000000678,E3,6,12,9,10,深位,56280.0,60304.0,60373.0,69.0,4024.0,4093.0,是
3595,B6T0000000164,E4,6,12,43,43,浅位,86220.0,86322.0,86756.0,434.0000000000001,102.0,536.0,是
2020,B6T0000001110,E3,6,11,26,7,浅位,86400.0,86815.0,87044.0,229.00000000000003,415.0,644.0,是
2014,B6T0000001110,E3,6,11,26,7,深位,86400.0,87105.0,87324.0,219.00000000000003,705.0,924.0,是
2018,B6T0000001110,E3,6,12,26,7,浅位,86400.0,87385.0,87604.0,219.00000000000003,985.0,1204.0,是
2017,B6T0000001110,E3,6,12,26,7,深位,86400.0,87665.0,87884.0,219.00000000000003,1265.0,1484.0,是
3376,B6T0000001260,E3,6,11,20,39,浅位,87780.0,87945.0,88176.0,231.0,165.0,396.0,是
3377,B6T0000001260,E3,6,11,20,39,深位,87780.0,88239.0,88468.0,229.0,459.0,688.0,是
3531,B6T0000000832,E3,6,12,36,28,浅位,87240.0,88535.0,88852.0,317.0000000000001,1295.0,1612.0,是
403,B6T0000000471,E3,6,12,16,2,浅位,88740.0,88919.0,89048.0,129.0,179.0,308.0,是
402,B6T0000000471,E3,6,12,16,2,深位,88740.0,89104.0,89160.0,55.99999999999999,364.0,420.0,是
2129,B6T0000000727,E3,6,11,15,4,深位,89040.0,89216.0,89280.0,64.0,176.0,240.0,是
2133,B6T0000000727,E3,6,12,15,4,浅位,89040.0,89336.0,89392.0,55.99999999999999,296.0,352.0,是
2131,B6T0000000727,E3,6,12,15,4,深位,89040.0,89448.0,89504.0,55.99999999999999,408.0,464.0,是
3299,B6T0000001308,E3,6,12,25,31,浅位,89340.0,89560.0,89804.0,244.0,220.0,464.0,是
3298,B6T0000001308,E3,6,12,25,31,深位,89340.0,89910.0,90112.0,202.0,570.0,772.0,是
3555,B6T0000000380,E3,6,11,15,51,浅位,89520.0,90218.0,90500.0,282.0,698.0,980.0,是
3554,B6T0000000380,E3,6,11,15,51,深位,89520.0,90606.0,90888.0,282.0,1086.0,1368.0,是
2314,B6T0000001107,E3,6,11,13,24,浅位,88140.0,90994.0,91168.0,174.0,2854.0,3028.0,是
2319,B6T0000001107,E3,6,11,13,24,深位,88140.0,91256.0,91344.0,88.0,3116.0,3204.0,是
2318,B6T0000001107,E3,6,12,13,24,浅位,88140.0,91432.0,91520.0,88.0,3292.0,3380.0,是
2317,B6T0000001107,E3,6,12,13,24,深位,88140.0,91608.0,91696.0,88.0,3468.0,3556.0,是
1477,B6T0000000631,E3,6,11,24,3,浅位,86520.0,91784.0,91960.0,176.00000000000006,5264.0,5440.0,是
1830,B6T0000001148,E3,6,12,15,4,深位,91860.0,92050.0,92144.0,94.00000000000003,190.0,284.0,是
1824,B6T0000001148,E3,6,11,13,24,浅位,91860.0,92200.0,92336.0,136.0,340.0,476.0,是
1831,B6T0000001148,E3,6,12,15,4,深位,91860.0,92512.5,92693.0,180.50000000000009,652.5,833.0,是
1826,B6T0000001148,E3,6,11,13,24,深位,91860.0,92749.0,92885.0,136.0,889.0,1025.0,是
1827,B6T0000001148,E3,6,12,13,24,浅位,91860.0,92973.0,93061.0,88.0,1113.0,1201.0,是
1828,B6T0000001148,E3,6,12,13,24,深位,91860.0,93237.5,93498.0,260.5000000000001,1377.5,1638.0,是
1829,B6T0000001148,E3,6,11,24,3,浅位,91860.0,93674.5,93851.0,176.50000000000009,1814.5,1991.0,是
1476,B6T0000000631,E3,6,11,24,3,深位,86520.0,94051.5,94252.0,200.50000000000006,7531.5,7732.0,是
1475,B6T0000000631,E3,6,12,24,3,浅位,86520.0,94455.5,94659.0,203.50000000000009,7935.5,8139.0,是
1474,B6T0000000631,E3,6,12,24,3,深位,86520.0,94873.5,95088.0,214.50000000000006,8353.5,8568.0,是
3530,B6T0000000832,E3,6,12,36,28,深位,87240.0,95305.5,95571.0,265.5000000000001,8065.5,8331.0,是
3594,B6T0000000164,E4,6,12,43,43,深位,86220.0,95789.5,96104.0,314.5000000000001,9569.5,9884.0,是
2946,B6T0000000781,E3,6,12,11,3,深位,98340.0,98639.5,98886.0,246.50000000000009,299.5,546.0,是
2945,B6T0000000781,E3,6,11,11,4,深位,98340.0,99132.5,99379.0,246.50000000000009,792.5,1039.0,是
2944,B6T0000000781,E3,6,11,12,9,深位,98340.0,99629.5,99880.0,250.50000000000009,1289.5,1540.0,是
2255,B6T0000001242,E3,6,11,19,17,浅位,111300.0,111680.0,111870.0,190.0,380.0,570.0,否
2256,B6T0000001242,E3,6,11,19,17,深位,111300.0,111870.0,112060.0,190.0,570.0,760.0,否
2257,B6T0000001242,E3,6,12,19,17,浅位,111300.0,112060.0,112250.0,190.0,760.0,950.0,否
2258,B6T0000001242,E3,6,12,19,17,深位,111300.0,112250.0,112440.0,190.0,950.0,1140.0,否
63,B6T0000001664,E1,6,11,2,2,浅位,118500.0,118666.0,118686.0,20.0,166.0,186.0,否
2337,B6T0000001994,E1,6,11,1,16,浅位,127920.0,128208.0,128280.0,72.0,288.0,360.0,否
2336,B6T0000001994,E1,6,11,1,16,深位,127920.0,128280.0,128352.0,72.0,360.0,432.0,否
1048,B6T0000001052,E3,6,11,17,6,浅位,130740.0,130740.0,130870.0,130.0,0.0,130.0,否
1049,B6T0000001052,E3,6,11,17,6,深位,130740.0,130870.0,131000.0,130.0,130.0,260.0,否
1043,B6T0000001052,E3,6,12,17,6,浅位,130740.0,131000.0,131130.0,130.0,260.0,390.0,否
1044,B6T0000001052,E3,6,12,17,6,深位,130740.0,131130.0,131260.0,130.0,390.0,520.0,否
37,B6T0000001104,E3,6,11,9,4,浅位,132300.0,132528.0,132626.0,98.0,228.0,326.0,是
38,B6T0000001104,E3,6,11,9,4,深位,132300.0,132658.0,132690.0,31.999999999999996,358.0,390.0,是
39,B6T0000001104,E3,6,12,9,4,浅位,132300.0,132722.0,132754.0,31.999999999999996,422.0,454.0,是
3107,B6T0000000605,E3,6,11,41,9,浅位,133560.0,133818.0,134096.0,278.0000000000001,258.0,536.0,是
3106,B6T0000000605,E3,6,11,41,9,深位,133560.0,134246.0,134524.0,278.0000000000001,686.0,964.0,是
3108,B6T0000000605,E3,6,12,41,9,浅位,133560.0,134537.0,134864.0,327.0000000000001,977.0,1304.0,是
3468,B6T0000001000,E3,6,11,26,36,浅位,134940.0,135380.0,135618.0,238.00000000000003,440.0,678.0,是
3469,B6T0000001000,E3,6,11,26,36,深位,134940.0,135772.0,136062.0,290.0,832.0,1122.0,是
3099,B6T0000001767,E1,6,12,5,31,浅位,140580.0,140580.0,140728.0,148.0,0.0,148.0,否
3097,B6T0000001767,E1,6,12,5,31,深位,140580.0,140728.0,140876.0,148.0,148.0,296.0,否
2948,B6T0000001040,E3,6,11,30,17,浅位,142020.0,142020.0,142298.0,278.00000000000006,0.0,278.0,否
2947,B6T0000001040,E3,6,11,30,17,深位,142020.0,142298.0,142576.0,278.00000000000006,278.0,556.0,否
2949,B6T0000001040,E3,6,12,30,17,浅位,142020.0,142576.0,142854.0,278.00000000000006,556.0,834.0,否
358,B6T0000001370,E1,6,11,3,3,浅位,173100.0,173833.0,173942.0,109.0,733.0,842.0,是
354,B6T0000001370,E1,6,11,3,3,深位,173100.0,173959.0,173976.0,17.0,859.0,876.0,是
355,B6T0000001370,E1,6,12,3,3,浅位,173100.0,173993.0,174010.0,17.0,893.0,910.0,是
356,B6T0000001370,E1,6,12,3,3,深位,173100.0,174027.0,174044.0,17.0,927.0,944.0,是
993,B6T0000001090,E3,6,12,11,12,浅位,174180.0,174180.0,174286.0,106.0,0.0,106.0,否
994,B6T0000001090,E3,6,12,11,12,深位,174180.0,174286.0,174392.0,106.0,106.0,212.0,否
3437,B6T0000001133,E3,6,11,28,33,浅位,174420.0,174420.0,174746.0,326.0,0.0,326.0,否
3436,B6T0000001133,E3,6,11,28,33,深位,174420.0,174746.0,175072.0,326.0,326.0,652.0,否
2211,B6T0000001272,E3,6,11,9,27,浅位,175380.0,175635.0,175764.0,129.0,255.0,384.0,是
2212,B6T0000001272,E3,6,11,9,27,深位,175380.0,175842.0,175920.0,78.0,462.0,540.0,是
2702,B6T0000001568,E1,6,12,3,3,深位,175920.0,175998.0,176076.0,78.0,78.0,156.0,是
2703,B6T0000001568,E1,6,12,11,12,浅位,175920.0,176218.0,176360.0,142.00000000000003,298.0,440.0,是
2700,B6T0000001568,E1,6,12,11,12,深位,175920.0,176360.0,176466.0,106.0,440.0,546.0,否
2213,B6T0000001272,E3,6,12,9,27,浅位,175380.0,176466.0,176616.0,150.0,1086.0,1236.0,否
2217,B6T0000001272,E3,6,12,9,27,深位,175380.0,176616.0,176766.0,150.0,1236.0,1386.0,否
773,B6T0000000843,E3,6,11,15,5,浅位,174120.0,176766.0,176876.0,109.99999999999999,2646.0,2756.0,否
779,B6T0000000843,E3,6,11,15,5,深位,174120.0,176876.0,176986.0,109.99999999999999,2756.0,2866.0,否
767,B6T0000000843,E3,6,12,15,5,浅位,174120.0,176986.0,177096.0,109.99999999999999,2866.0,2976.0,否
771,B6T0000000843,E3,6,12,15,5,深位,174120.0,177096.0,177206.0,109.99999999999999,2976.0,3086.0,否
2935,B6T0000000065,E4,6,11,44,23,浅位,173700.0,178172.0,178589.0,417.00000000000017,4472.0,4889.0,否
2459,B6T0000001943,E1,6,12,1,19,浅位,181500.0,181500.0,181584.0,84.0,0.0,84.0,否
2458,B6T0000001943,E1,6,12,1,19,深位,181500.0,181584.0,181668.0,84.0,84.0,168.0,否
2904,B6T0000000326,E3,6,12,9,38,浅位,193500.0,193500.0,193694.0,194.0,0.0,194.0,否
34,B6T0000001104,E3,6,12,9,4,深位,193680.0,193694.0,193752.0,57.99999999999999,14.0,72.0,否
35,B6T0000001104,E3,6,12,11,1,浅位,193680.0,193752.0,193814.0,62.0,72.0,134.0,否
2903,B6T0000000326,E3,6,12,9,38,深位,193500.0,193814.0,194008.0,194.0,314.0,508.0,否
1874,B6T0000000931,E3,6,11,20,12,浅位,194940.0,195400.0,195588.0,188.0,460.0,648.0,是
1875,B6T0000000931,E3,6,11,20,12,深位,194940.0,195680.0,195772.0,92.00000000000001,740.0,832.0,是
1494,B6T0000000905,E3,6,11,14,14,浅位,195660.0,195864.0,195964.0,100.00000000000001,204.0,304.0,是
1505,B6T0000000905,E3,6,11,14,14,深位,195660.0,196036.0,196108.0,72.0,376.0,448.0,是
1504,B6T0000000905,E3,6,12,14,14,浅位,195660.0,196180.0,196252.0,72.0,520.0,592.0,是
1503,B6T0000000905,E3,6,12,14,14,深位,195660.0,196252.0,196390.0,138.0,592.0,730.0,否
1876,B6T0000000931,E3,6,12,20,12,浅位,194940.0,196390.0,196568.0,178.00000000000003,1450.0,1628.0,否
1871,B6T0000000931,E3,6,12,20,12,深位,194940.0,196568.0,196746.0,178.00000000000003,1628.0,1806.0,否
3242,B6T0000000000,E4,6,12,48,16,深位,197400.0,197400.0,197829.0,429.00000000000017,0.0,429.0,否
3243,B6T0000000000,E4,6,12,47,19,深位,197400.0,197829.0,198260.0,431.00000000000017,429.0,860.0,否
1357,B6T0000001367,E1,6,11,2,7,浅位,198960.0,199040.0,199080.0,40.0,80.0,120.0,否
1356,B6T0000001367,E1,6,11,2,7,深位,198960.0,199080.0,199120.0,40.0,120.0,160.0,否
1355,B6T0000001367,E1,6,12,2,7,浅位,198960.0,199120.0,199160.0,40.0,160.0,200.0,否
1354,B6T0000001367,E1,6,12,2,7,深位,198960.0,199160.0,199200.0,40.0,200.0,240.0,否
2898,B6T0000000865,E3,6,12,12,9,浅位,201240.0,201330.0,201402.0,72.0,90.0,162.0,是
2897,B6T0000000865,E3,6,12,12,9,深位,201240.0,201456.0,201510.0,54.0,216.0,270.0,是
2896,B6T0000000865,E3,6,11,15,4,浅位,201240.0,201564.0,201642.0,77.99999999999999,324.0,402.0,是
3472,B6T0000001980,E1,6,12,5,46,浅位,201360.0,201698.0,201922.0,224.0,338.0,562.0,是
3473,B6T0000001980,E1,6,12,5,46,深位,201360.0,202014.0,202242.0,228.0,654.0,882.0,是
1143,B6T0000000395,E3,6,11,16,8,浅位,202560.0,203752.0,203882.0,130.0,1192.0,1322.0,否
1144,B6T0000000395,E3,6,11,16,8,深位,202560.0,203882.0,204012.0,130.0,1322.0,1452.0,否
1145,B6T0000000395,E3,6,12,16,8,浅位,202560.0,204012.0,204142.0,130.0,1452.0,1582.0,否
1146,B6T0000000395,E3,6,12,16,8,深位,202560.0,204142.0,204272.0,130.0,1582.0,1712.0,否
828,B6T0000001427,E1,6,11,4,4,浅位,203940.0,204272.0,204308.0,36.0,332.0,368.0,否
829,B6T0000001427,E1,6,11,4,4,深位,203940.0,204308.0,204344.0,36.0,368.0,404.0,否
830,B6T0000001427,E1,6,12,4,4,浅位,203940.0,204344.0,204380.0,36.0,404.0,440.0,否
831,B6T0000001427,E1,6,12,4,4,深位,203940.0,204380.0,204416.0,36.0,440.0,476.0,否
3679,B6T0000000145,E4,6,11,45,3,浅位,211080.0,211080.0,211427.0,347.00000000000017,0.0,347.0,否
3678,B6T0000000145,E4,6,11,45,3,深位,211080.0,211427.0,211774.0,347.00000000000017,347.0,694.0,否
1680,B6T0000001195,E3,6,11,27,2,浅位,213960.0,214092.0,214240.0,148.00000000000003,132.0,280.0,是
1685,B6T0000001195,E3,6,11,27,2,深位,213960.0,214340.0,214584.0,244.0,380.0,624.0,是
1676,B6T0000001195,E3,6,12,27,2,浅位,213960.0,214684.0,214784.0,100.00000000000001,724.0,824.0,是
1677,B6T0000001195,E3,6,12,27,2,深位,213960.0,214884.0,214984.0,100.00000000000001,924.0,1024.0,是
1456,B6T0000000897,E3,6,11,21,6,浅位,220080.0,222646.0,222808.0,162.00000000000003,2566.0,2728.0,否
2123,B6T0000001478,E1,6,11,2,13,浅位,223500.0,223892.0,223956.0,64.0,392.0,456.0,否
2122,B6T0000001478,E1,6,11,2,13,深位,223500.0,223956.0,224020.0,64.0,456.0,520.0,否
2121,B6T0000001478,E1,6,12,2,13,浅位,223500.0,224020.0,224084.0,64.0,520.0,584.0,否
2120,B6T0000001478,E1,6,12,2,13,深位,223500.0,224084.0,224148.0,64.0,584.0,648.0,否
3582,B6T0000000664,E3,6,11,9,10,浅位,225240.0,225560.0,225702.0,142.0,320.0,462.0,是
3583,B6T0000000664,E3,6,11,9,10,深位,225240.0,225746.0,225790.0,44.0,506.0,550.0,是
688,B6T0000001180,E3,6,11,10,10,浅位,258900.0,259636.0,259792.0,156.0,736.0,892.0,是
151,B6T0000000810,E3,6,11,14,2,浅位,259440.0,259840.0,259920.0,79.99999999999999,400.0,480.0,是
173,B6T0000000810,E3,6,11,14,2,深位,259440.0,259968.0,260016.0,47.99999999999999,528.0,576.0,是
159,B6T0000000810,E3,6,12,14,2,浅位,259440.0,260064.0,260112.0,47.99999999999999,624.0,672.0,是
171,B6T0000000810,E3,6,12,14,2,深位,259440.0,260160.0,260208.0,47.99999999999999,720.0,768.0,是
687,B6T0000001180,E3,6,11,10,10,深位,258900.0,260256.0,260336.0,80.0,1356.0,1436.0,是
690,B6T0000001180,E3,6,12,10,10,浅位,258900.0,260384.0,260432.0,48.0,1484.0,1532.0,是
675,B6T0000001180,E3,6,12,10,10,深位,259800.0,260480.0,260528.0,48.0,680.0,728.0,是
2293,B6T0000001477,E1,6,11,2,15,浅位,259920.0,260774.0,260930.0,156.0,854.0,1010.0,是
2292,B6T0000001477,E1,6,11,2,15,深位,259920.0,261086.0,261242.0,156.0,1166.0,1322.0,是
2291,B6T0000001477,E1,6,12,2,15,浅位,259920.0,261398.0,261554.0,156.0,1478.0,1634.0,是
2290,B6T0000001477,E1,6,12,2,15,深位,259920.0,261710.0,261866.0,156.0,1790.0,1946.0,是
2277,B6T0000001817,E1,6,12,1,15,浅位,261660.0,262022.0,262178.0,156.0,362.0,518.0,是
267,B6T0000001466,E1,6,11,4,2,浅位,259800.0,262334.0,262490.0,156.0,2534.0,2690.0,是
266,B6T0000001466,E1,6,11,4,2,深位,259800.0,262646.0,262802.0,156.0,2846.0,3002.0,是
257,B6T0000001466,E1,6,12,4,2,浅位,259800.0,262958.0,263114.0,156.0,3158.0,3314.0,是
651,B6T0000001698,E1,6,12,8,1,深位,261780.0,263270.0,263426.0,156.0,1490.0,1646.0,是
2274,B6T0000001817,E1,6,12,1,15,深位,261660.0,263582.0,263738.0,156.0,1922.0,2078.0,是
3561,B6T0000000644,E3,6,11,9,10,浅位,261060.0,263894.0,264050.0,156.0,2834.0,2990.0,是
2249,B6T0000001205,E3,6,11,18,18,浅位,258900.0,264094.0,264242.0,148.0,5194.0,5342.0,是
2248,B6T0000001205,E3,6,11,18,18,深位,258900.0,264338.0,264434.0,96.0,5438.0,5534.0,是
3093,B6T0000000969,E3,6,11,16,34,浅位,260700.0,264530.0,264690.0,160.0,3830.0,3990.0,是
3560,B6T0000000644,E3,6,11,30,17,深位,261060.0,264810.0,265042.0,232.00000000000006,3750.0,3982.0,是
273,B6T0000000305,E4,6,11,43,3,浅位,260820.0,265184.0,265431.0,247.00000000000014,4364.0,4611.0,是
278,B6T0000000305,E4,6,11,43,3,深位,260820.0,265587.0,265960.0,373.00000000000017,4767.0,5140.0,是
274,B6T0000000305,E4,6,12,43,3,浅位,260820.0,265977.0,266293.0,316.00000000000017,5157.0,5473.0,是
275,B6T0000000305,E4,6,12,43,3,深位,260820.0,266310.0,266626.0,316.00000000000017,5490.0,5806.0,是
3532,B6T0000000919,E3,6,11,24,3,浅位,275040.0,275040.0,275214.0,174.00000000000003,0.0,174.0,否
3533,B6T0000000919,E3,6,11,24,3,深位,275040.0,275304.0,275394.0,90.00000000000001,264.0,354.0,是
3515,B6T0000000775,E3,6,11,9,27,深位,280320.0,280320.0,280470.0,150.0,0.0,150.0,否
3514,B6T0000000775,E3,6,11,30,17,浅位,280320.0,280470.0,280748.0,278.00000000000006,150.0,428.0,否
3194,B6T0000000864,E3,6,12,21,32,浅位,281220.0,281220.0,281486.0,266.0,0.0,266.0,否
3195,B6T0000000864,E3,6,12,21,32,深位,281220.0,281486.0,281752.0,266.0,266.0,532.0,否
3217,B6T0000000566,E3,6,12,12,9,浅位,282900.0,282900.0,283002.0,102.0,0.0,102.0,否
3218,B6T0000000566,E3,6,12,12,9,深位,282900.0,283002.0,283104.0,102.0,102.0,204.0,否
3219,B6T0000000566,E3,6,11,15,4,浅位,282900.0,283104.0,283210.0,105.99999999999999,204.0,310.0,否
2462,B6T0000000438,E3,6,11,30,9,浅位,284400.0,284400.0,284646.0,246.00000000000006,0.0,246.0,否
2460,B6T0000000438,E3,6,11,30,9,深位,284400.0,284646.0,284892.0,246.00000000000006,246.0,492.0,否
2464,B6T0000000438,E3,6,12,30,9,浅位,284400.0,284892.0,285138.0,246.00000000000006,492.0,738.0,否
2463,B6T0000000438,E3,6,12,30,9,深位,284400.0,285138.0,285384.0,246.00000000000006,738.0,984.0,否
2672,B6T0000000584,E3,6,12,33,9,浅位,288000.0,288172.0,288322.0,150.00000000000003,172.0,322.0,是
2673,B6T0000000584,E3,6,12,33,9,深位,288000.0,288448.0,288598.0,150.00000000000003,448.0,598.0,是
2073,B6T0000001546,E1,6,11,4,11,浅位,287100.0,288724.0,288858.0,134.00000000000003,1624.0,1758.0,是
2072,B6T0000001546,E1,6,11,4,11,深位,287100.0,288994.0,289130.0,136.0,1894.0,2030.0,是
2071,B6T0000001546,E1,6,12,4,11,浅位,287100.0,289130.0,289194.0,64.0,2030.0,2094.0,否
3360,B6T0000000601,E3,6,12,20,12,深位,289260.0,289260.0,289438.0,178.00000000000003,0.0,178.0,否
3361,B6T0000000601,E3,6,12,9,38,深位,289260.0,289438.0,289632.0,194.0,178.0,372.0,否
462,B6T0000001382,E1,6,11,2,4,浅位,295980.0,297508.0,297536.0,28.0,1528.0,1556.0,否
461,B6T0000001382,E1,6,11,2,4,深位,295980.0,297536.0,297564.0,28.0,1556.0,1584.0,否
460,B6T0000001382,E1,6,12,2,4,浅位,295980.0,297564.0,297592.0,28.0,1584.0,1612.0,否
468,B6T0000001382,E1,6,12,2,4,深位,295980.0,297592.0,297620.0,28.0,1612.0,1640.0,否
3441,B6T0000001574,E1,6,12,2,46,浅位,303780.0,303780.0,303976.0,196.0,0.0,196.0,否
3440,B6T0000001574,E1,6,12,2,46,深位,303780.0,303976.0,304172.0,196.0,196.0,392.0,否
1528,B6T0000000228,E4,6,11,43,10,浅位,301800.0,304879.0,305234.0,355.00000000000017,3079.0,3434.0,否
1524,B6T0000000228,E4,6,11,43,10,深位,301800.0,305234.0,305589.0,355.00000000000017,3434.0,3789.0,否
1520,B6T0000000228,E4,6,12,43,10,浅位,301800.0,305606.0,305950.0,344.0000000000001,3806.0,4150.0,是
1523,B6T0000000228,E4,6,12,43,10,深位,301800.0,305985.0,306315.0,330.00000000000017,4185.0,4515.0,是
807,B6T0000000540,E3,6,11,18,2,浅位,305460.0,308430.0,308552.0,122.0,2970.0,3092.0,否
1638,B6T0000001117,E3,6,11,9,10,浅位,308820.0,308820.0,308902.0,82.0,0.0,82.0,否
336,B6T0000000139,E4,6,11,43,3,浅位,302220.0,310573.5,310740.0,166.50000000000009,8353.5,8520.0,是
335,B6T0000000139,E4,6,11,43,3,深位,302220.0,310906.5,311073.0,166.50000000000009,8686.5,8853.0,是
341,B6T0000000139,E4,6,11,43,3,浅位,302220.0,311239.5,311406.0,166.50000000000009,9019.5,9186.0,是
331,B6T0000000139,E4,6,11,43,3,深位,302220.0,311450.0,311767.0,317.00000000000017,9230.0,9547.0,是
303,B6T0000001196,E3,6,11,13,5,浅位,309300.0,312905.0,313063.0,158.0,3605.0,3763.0,是
299,B6T0000001196,E3,6,11,13,5,深位,309300.0,313113.0,313163.0,50.0,3813.0,3863.0,是
298,B6T0000001196,E3,6,12,13,5,浅位,309300.0,313329.5,313504.0,174.50000000000006,4029.5,4204.0,是
236,B6T0000000581,E3,6,11,9,9,浅位,311640.0,313670.5,313861.0,190.50000000000009,2030.5,2221.0,是
241,B6T0000000581,E3,6,11,9,9,深位,311640.0,314027.5,314218.0,190.50000000000009,2387.5,2578.0,是
1792,B6T0000001685,E1,6,11,5,8,浅位,313920.0,314384.5,314571.0,186.50000000000006,464.5,651.0,是
1791,B6T0000001685,E1,6,11,5,8,深位,313920.0,314751.5,314932.0,180.50000000000006,831.5,1012.0,是
1790,B6T0000001685,E1,6,12,5,8,浅位,313920.0,315112.5,315293.0,180.50000000000006,1192.5,1373.0,是
1794,B6T0000001685,E1,6,12,5,8,深位,313920.0,315473.5,315654.0,180.50000000000006,1553.5,1734.0,是
240,B6T0000000581,E3,6,12,9,9,浅位,311640.0,315834.5,316015.0,180.50000000000009,4194.5,4375.0,是
239,B6T0000000581,E3,6,12,9,9,深位,311640.0,316274.5,316534.0,259.5000000000001,4634.5,4894.0,是
842,B6T0000001220,E3,6,11,9,12,浅位,312960.0,316793.5,317053.0,259.5000000000001,3833.5,4093.0,是
297,B6T0000001196,E3,6,12,13,5,深位,309300.0,317312.5,317572.0,259.50000000000006,8012.5,8272.0,是
497,B6T0000001101,E3,6,11,12,7,浅位,309960.0,317831.5,318091.0,259.5000000000001,7871.5,8131.0,是
498,B6T0000001101,E3,6,11,12,7,深位,309960.0,318351.5,318612.0,260.50000000000006,8391.5,8652.0,是
499,B6T0000001101,E3,6,12,12,7,浅位,309960.0,318872.5,319133.0,260.50000000000006,8912.5,9173.0,是
500,B6T0000001101,E3,6,12,12,7,深位,309960.0,319175.0,319241.0,66.0,9215.0,9281.0,是
1641,B6T0000001117,E3,6,11,13,16,浅位,308820.0,319283.0,319385.0,102.0,10463.0,10565.0,是
1640,B6T0000001117,E3,6,11,13,16,深位,308820.0,319427.0,319529.0,102.0,10607.0,10709.0,是
1635,B6T0000001117,E3,6,12,13,16,浅位,308820.0,319571.0,319673.0,102.0,10751.0,10853.0,是
1636,B6T0000001117,E3,6,12,13,16,深位,308820.0,319721.0,319817.0,96.0,10901.0,10997.0,是
346,B6T0000000139,E4,6,11,43,3,浅位,302220.0,319867.0,320158.0,291.00000000000017,17647.0,17938.0,是
185,B6T0000000932,E3,6,11,15,1,浅位,345480.0,345761.0,345970.0,209.0,281.0,490.0,是
187,B6T0000000932,E3,6,11,15,1,深位,345480.0,346020.0,346070.0,49.99999999999999,540.0,590.0,是
184,B6T0000000932,E3,6,12,15,1,浅位,345480.0,346120.0,346170.0,49.99999999999999,640.0,690.0,是
183,B6T0000000932,E3,6,12,15,1,深位,345480.0,346220.0,346270.0,49.99999999999999,740.0,790.0,是
3395,B6T0000000141,E4,6,11,48,9,深位,345780.0,346270.0,346671.0,401.00000000000017,490.0,891.0,否
3394,B6T0000000141,E4,6,12,43,27,深位,345780.0,346671.0,347094.0,423.00000000000017,891.0,1314.0,否
3599,B6T0000000283,E4,6,11,45,41,浅位,346440.0,347094.0,347593.0,499.00000000000017,654.0,1153.0,否
1776,B6T0000001573,E1,6,11,3,9,浅位,347160.0,347593.0,347645.0,52.0,433.0,485.0,否
1775,B6T0000001573,E1,6,11,3,9,深位,347160.0,347645.0,347697.0,52.0,485.0,537.0,否
1772,B6T0000001573,E1,6,12,3,9,浅位,347160.0,347697.0,347749.0,52.0,537.0,589.0,否
1773,B6T0000001573,E1,6,12,3,9,深位,347160.0,347749.0,347801.0,52.0,589.0,641.0,否
522,B6T0000001197,E3,6,11,14,5,浅位,346680.0,347801.0,347903.0,101.99999999999999,1121.0,1223.0,否
526,B6T0000001197,E3,6,11,14,5,深位,346680.0,347903.0,348005.0,101.99999999999999,1223.0,1325.0,否
525,B6T0000001197,E3,6,12,14,5,浅位,346680.0,348005.0,348107.0,101.99999999999999,1325.0,1427.0,否
2793,B6T0000001688,E1,6,11,5,2,浅位,348060.0,348107.0,348139.0,32.0,47.0,79.0,否
2795,B6T0000001688,E1,6,11,5,2,深位,348060.0,348139.0,348171.0,32.0,79.0,111.0,否
2792,B6T0000001688,E1,6,11,8,1,浅位,348060.0,348171.0,348211.0,40.0,111.0,151.0,否
2794,B6T0000001688,E1,6,11,8,1,深位,348060.0,348211.0,348251.0,40.0,151.0,191.0,否
3103,B6T0000000740,E3,6,11,12,9,深位,347700.0,348301.0,348383.0,82.0,601.0,683.0,是
3105,B6T0000000740,E3,6,12,24,3,浅位,347700.0,348437.0,348571.0,134.00000000000003,737.0,871.0,是
3104,B6T0000000740,E3,6,12,24,3,深位,347700.0,348625.0,348759.0,134.00000000000003,925.0,1059.0,是
2907,B6T0000001330,E1,6,11,4,27,浅位,348600.0,348759.0,348887.0,128.0,159.0,287.0,否
2906,B6T0000001330,E1,6,11,4,27,深位,348600.0,348887.0,349015.0,128.0,287.0,415.0,否
3598,B6T0000000283,E4,6,11,45,41,深位,346440.0,349015.0,349514.0,499.00000000000017,2575.0,3074.0,否
954,B6T0000000445,E3,6,11,12,10,浅位,348420.0,349975.0,350081.0,106.0,1555.0,1661.0,否
950,B6T0000000445,E3,6,11,12,10,深位,348420.0,350081.0,350187.0,106.0,1661.0,1767.0,否
949,B6T0000000445,E3,6,12,12,10,浅位,348420.0,350187.0,350293.0,106.0,1767.0,1873.0,否
951,B6T0000000445,E3,6,12,12,10,深位,348420.0,350293.0,350399.0,106.0,1873.0,1979.0,否
2467,B6T0000001299,E3,6,11,28,11,浅位,346680.0,353130.0,353368.0,238.00000000000003,6450.0,6688.0,否
2704,B6T0000001643,E1,6,11,5,22,浅位,353220.0,353684.0,353796.0,112.0,464.0,576.0,否
138,B6T0000000154,E4,6,11,44,1,浅位,345840.0,358614.0,359049.0,435.0000000000001,12774.0,13209.0,是
139,B6T0000000154,E4,6,11,44,1,深位,345840.0,359209.0,359636.0,427.0000000000002,13369.0,13796.0,是
140,B6T0000000154,E4,6,12,44,1,浅位,345840.0,359796.0,360223.0,427.0000000000002,13956.0,14383.0,是
143,B6T0000000154,E4,6,12,44,1,深位,345840.0,360383.0,360802.0,419.00000000000017,14543.0,14962.0,是
2410,B6T0000001594,E1,6,12,3,17,浅位,361260.0,361904.0,362064.0,160.0,644.0,804.0,是
1653,B6T0000000735,E3,6,11,15,14,浅位,374040.0,374100.0,374246.0,146.0,60.0,206.0,否
1645,B6T0000000735,E3,6,11,15,14,深位,374040.0,374246.0,374392.0,146.0,206.0,352.0,否
1644,B6T0000000735,E3,6,12,15,14,浅位,374040.0,374392.0,374538.0,146.0,352.0,498.0,否
1652,B6T0000000735,E3,6,12,15,14,深位,374040.0,374538.0,374684.0,146.0,498.0,644.0,否
109,B6T0000000261,E4,6,11,43,1,浅位,375660.0,376936.0,377255.0,319.00000000000017,1276.0,1595.0,否
108,B6T0000000261,E4,6,11,43,1,深位,375660.0,377255.0,377574.0,319.00000000000017,1595.0,1914.0,否
98,B6T0000000261,E4,6,12,43,1,浅位,375660.0,377574.0,377893.0,319.00000000000017,1914.0,2233.0,否
103,B6T0000000261,E4,6,12,43,1,深位,375660.0,377893.0,378212.0,319.00000000000017,2233.0,2552.0,否
3247,B6T0000001491,E1,6,12,5,2,深位,378420.0,378420.0,378452.0,32.0,0.0,32.0,否
3246,B6T0000001491,E1,6,11,6,2,深位,378420.0,378452.0,378488.0,36.0,32.0,68.0,否
1981,B6T0000001870,E1,6,11,3,11,浅位,380640.0,380640.0,380700.0,60.0,0.0,60.0,否
1986,B6T0000001870,E1,6,11,3,11,深位,380640.0,380700.0,380760.0,60.0,60.0,120.0,否
1983,B6T0000001870,E1,6,12,3,11,浅位,380640.0,380922.5,381125.0,202.50000000000009,282.5,485.0,是
1982,B6T0000001870,E1,6,12,3,11,深位,380640.0,381287.5,381490.0,202.50000000000009,647.5,850.0,是
3205,B6T0000000817,E3,6,12,12,61,深位,391320.0,391403.0,391660.0,257.0,83.0,340.0,是
3206,B6T0000000817,E3,6,12,13,59,浅位,391320.0,391736.0,391992.0,256.0,416.0,672.0,是
3207,B6T0000000817,E3,6,12,13,59,深位,391320.0,392068.0,392324.0,256.0,748.0,1004.0,是
3580,B6T0000000433,E3,6,12,11,12,浅位,399840.0,399840.0,399946.0,106.0,0.0,106.0,否
3581,B6T0000000433,E3,6,12,11,12,深位,399840.0,399946.0,400052.0,106.0,106.0,212.0,否
2236,B6T0000001823,E1,6,11,4,4,浅位,400260.0,400260.0,400296.0,36.0,0.0,36.0,否
2237,B6T0000001823,E1,6,11,4,4,深位,400260.0,400296.0,400332.0,36.0,36.0,72.0,否
2239,B6T0000001823,E1,6,12,4,4,浅位,400260.0,400332.0,400368.0,36.0,72.0,108.0,否
2238,B6T0000001823,E1,6,12,4,4,深位,400260.0,400368.0,400404.0,36.0,108.0,144.0,否
2241,B6T0000001823,E1,6,11,2,7,浅位,400260.0,400404.0,400444.0,40.0,144.0,184.0,否
2240,B6T0000001823,E1,6,11,2,7,深位,400260.0,400444.0,400484.0,40.0,184.0,224.0,否
3416,B6T0000001046,E3,6,11,11,50,浅位,400260.0,400535.0,400793.0,258.0,275.0,533.0,否
2919,B6T0000001125,E3,6,11,16,8,浅位,402480.0,403043.5,403296.0,252.5000000000001,563.5,816.0,是
2918,B6T0000001125,E3,6,11,16,8,深位,402480.0,403548.5,403801.0,252.5000000000001,1068.5,1321.0,是
2917,B6T0000001125,E3,6,12,16,8,浅位,402480.0,403822.0,403937.0,114.99999999999999,1342.0,1457.0,是
2176,B6T0000000571,E3,6,11,33,2,浅位,400680.0,404629.0,404874.0,245.00000000000006,3949.0,4194.0,是
2598,B6T0000000683,E3,6,12,9,9,浅位,431640.0,431992.0,432156.0,164.0,352.0,516.0,是
2595,B6T0000000683,E3,6,12,9,9,深位,431640.0,432198.0,432240.0,42.0,558.0,600.0,是
2596,B6T0000000683,E3,6,11,9,12,浅位,431640.0,432282.0,432336.0,54.0,642.0,696.0,是
2597,B6T0000000683,E3,6,11,13,5,深位,431640.0,432384.0,432464.0,80.0,744.0,824.0,是
2599,B6T0000000683,E3,6,12,13,5,浅位,431640.0,432514.0,432564.0,50.0,874.0,924.0,是
33,B6T0000001104,E3,6,12,11,1,深位,432900.0,433144.0,433308.0,164.0,244.0,408.0,是
3713,B6T0000001339,E1,6,11,2,2,浅位,433260.0,433342.0,433380.0,38.0,82.0,120.0,是
1665,B6T0000000614,E3,6,11,9,4,浅位,433020.0,433544.0,433708.0,164.0,524.0,688.0,是
1659,B6T0000000614,E3,6,11,9,4,深位,433020.0,433740.0,433772.0,31.999999999999996,720.0,752.0,是
1664,B6T0000000614,E3,6,12,9,4,浅位,433020.0,433804.0,433836.0,31.999999999999996,784.0,816.0,是
3712,B6T0000001339,E1,6,11,1,16,浅位,433260.0,433868.0,433948.0,80.0,608.0,688.0,是
1658,B6T0000000614,E3,6,12,17,6,深位,433020.0,434112.0,434284.0,172.0,1092.0,1264.0,是
899,B6T0000000411,E3,6,11,15,6,浅位,433860.0,434297.0,434404.0,106.99999999999999,437.0,544.0,是
2875,B6T0000000968,E3,6,12,20,12,深位,434700.0,434884.0,435128.0,244.0,184.0,428.0,是
2874,B6T0000000968,E3,6,12,9,38,深位,434700.0,435220.0,435416.0,196.0,520.0,716.0,是
21,B6T0000001209,E3,6,11,10,1,浅位,434280.0,436096.0,436260.0,164.0,1816.0,1980.0,是
29,B6T0000001209,E3,6,11,10,1,深位,434280.0,436290.0,436320.0,30.0,2010.0,2040.0,是
14,B6T0000001209,E3,6,12,10,1,浅位,434280.0,436350.0,436380.0,30.0,2070.0,2100.0,是
24,B6T0000001209,E3,6,12,10,1,深位,434280.0,436410.0,436440.0,30.0,2130.0,2160.0,是
3291,B6T0000001192,E3,6,12,15,4,深位,438540.0,438912.0,439076.0,164.0,372.0,536.0,是
3290,B6T0000001192,E3,6,11,13,24,浅位,438540.0,439132.0,439268.0,136.0,592.0,728.0,是
871,B6T0000000001,E4,6,11,47,1,浅位,432180.0,446756.0,447211.0,455.0000000000002,14576.0,15031.0,是
872,B6T0000000001,E4,6,11,47,1,深位,432180.0,447377.0,447824.0,447.0000000000002,15197.0,15644.0,是
873,B6T0000000001,E4,6,12,47,1,浅位,432180.0,447990.0,448437.0,447.0000000000002,15810.0,16257.0,是
874,B6T0000000001,E4,6,12,47,1,深位,432180.0,448603.0,449042.0,439.0000000000002,16423.0,16862.0,是
650,B6T0000000469,E3,6,11,9,11,浅位,450900.0,451164.0,451330.0,166.0,264.0,430.0,是
649,B6T0000000469,E3,6,11,9,11,深位,450900.0,451376.0,451422.0,46.0,476.0,522.0,是
2340,B6T0000000388,E3,6,12,9,10,浅位,451380.0,451468.0,451514.0,46.0,88.0,134.0,是
2339,B6T0000000388,E3,6,12,9,10,深位,451380.0,451558.0,451602.0,44.0,178.0,222.0,是
642,B6T0000000469,E3,6,12,9,11,浅位,450900.0,451646.0,451694.0,48.0,746.0,794.0,是
644,B6T0000000469,E3,6,12,9,11,深位,450900.0,451740.0,451786.0,46.0,840.0,886.0,是
2343,B6T0000000388,E3,6,12,12,6,浅位,451380.0,451832.0,451902.0,70.0,452.0,522.0,是
2341,B6T0000000388,E3,6,12,12,6,深位,451380.0,451950.0,451998.0,48.0,570.0,618.0,是
2338,B6T0000000388,E3,6,12,25,12,浅位,451380.0,452046.0,452222.0,176.0,666.0,842.0,是
2342,B6T0000000388,E3,6,12,25,12,深位,451380.0,452334.0,452446.0,112.0,954.0,1066.0,是
2846,B6T0000001506,E1,6,11,4,4,浅位,455280.0,455280.0,455316.0,36.0,0.0,36.0,否
2847,B6T0000001506,E1,6,11,4,4,深位,455280.0,455316.0,455352.0,36.0,36.0,72.0,否
2845,B6T0000001506,E1,6,12,4,4,浅位,455280.0,455352.0,455388.0,36.0,72.0,108.0,否
2844,B6T0000001506,E1,6,12,4,4,深位,455280.0,455388.0,455424.0,36.0,108.0,144.0,否
3492,B6T0000000317,E4,6,12,45,3,深位,457440.0,457440.0,457787.0,347.00000000000017,0.0,347.0,否
3493,B6T0000000317,E4,6,11,43,20,深位,457440.0,457787.0,458182.0,395.00000000000017,347.0,742.0,否
3502,B6T0000000209,E4,6,11,43,1,浅位,458760.0,458760.0,459079.0,319.00000000000017,0.0,319.0,否
3503,B6T0000000209,E4,6,11,43,1,深位,458760.0,459079.0,459398.0,319.00000000000017,319.0,638.0,否
3171,B6T0000001064,E3,6,12,28,24,浅位,462540.0,462540.0,462830.0,290.00000000000006,0.0,290.0,否
3170,B6T0000001064,E3,6,12,28,24,深位,462540.0,462830.0,463120.0,290.00000000000006,290.0,580.0,否
2800,B6T0000001831,E1,6,12,5,2,深位,463740.0,463740.0,463772.0,32.0,0.0,32.0,否
2803,B6T0000001831,E1,6,11,6,2,深位,463740.0,463772.0,463808.0,36.0,32.0,68.0,否
2802,B6T0000001831,E1,6,12,3,9,浅位,463740.0,463808.0,463860.0,52.0,68.0,120.0,否
2801,B6T0000001831,E1,6,12,3,9,深位,463740.0,463860.0,463912.0,52.0,120.0,172.0,否
532,B6T0000001197,E3,6,12,14,5,深位,464160.0,464160.0,464262.0,101.99999999999999,0.0,102.0,否
1392,B6T0000000367,E3,6,11,24,2,浅位,465120.0,466074.0,466244.0,170.00000000000003,954.0,1124.0,否
1391,B6T0000000367,E3,6,11,24,2,深位,465120.0,466244.0,466414.0,170.00000000000003,1124.0,1294.0,否
1390,B6T0000000367,E3,6,12,24,2,浅位,465120.0,466414.0,466584.0,170.00000000000003,1294.0,1464.0,否
1397,B6T0000000367,E3,6,12,24,2,深位,465120.0,466584.0,466754.0,170.00000000000003,1464.0,1634.0,否
3480,B6T0000000867,E3,6,12,11,3,深位,467880.0,467880.0,467950.0,70.0,0.0,70.0,否
3481,B6T0000000867,E3,6,11,11,4,深位,467880.0,467950.0,468024.0,74.0,70.0,144.0,否
1436,B6T0000000745,E3,6,11,14,2,浅位,470700.0,470700.0,470790.0,89.99999999999999,0.0,90.0,否
1435,B6T0000000745,E3,6,11,14,2,深位,470700.0,470790.0,470880.0,89.99999999999999,90.0,180.0,否
1431,B6T0000000745,E3,6,12,14,2,浅位,470700.0,470880.0,470970.0,89.99999999999999,180.0,270.0,否
1430,B6T0000000745,E3,6,12,14,2,深位,470700.0,470970.0,471060.0,89.99999999999999,270.0,360.0,否
1441,B6T0000000745,E3,6,11,10,10,浅位,470700.0,471060.0,471150.0,90.0,360.0,450.0,否
1437,B6T0000000745,E3,6,11,10,10,深位,470700.0,471150.0,471240.0,90.0,450.0,540.0,否
1432,B6T0000000745,E3,6,12,10,10,浅位,470700.0,471240.0,471330.0,90.0,540.0,630.0,否
1439,B6T0000000745,E3,6,12,10,10,深位,470700.0,471330.0,471420.0,90.0,630.0,720.0,否
1440,B6T0000000745,E3,6,11,14,13,浅位,470700.0,471420.0,471554.0,134.0,720.0,854.0,否
1438,B6T0000000745,E3,6,11,14,13,深位,470700.0,471554.0,471688.0,134.0,854.0,988.0,否
1434,B6T0000000745,E3,6,12,14,13,浅位,470700.0,471688.0,471822.0,134.0,988.0,1122.0,否
1442,B6T0000000745,E3,6,12,14,13,深位,470700.0,471822.0,471956.0,134.0,1122.0,1256.0,否
1235,B6T0000001022,E3,6,11,14,11,浅位,477120.0,478632.0,478758.0,125.99999999999999,1512.0,1638.0,否
1241,B6T0000001022,E3,6,11,14,11,深位,477120.0,478758.0,478884.0,125.99999999999999,1638.0,1764.0,否
1242,B6T0000001022,E3,6,12,14,11,浅位,477120.0,478884.0,479010.0,125.99999999999999,1764.0,1890.0,否
1232,B6T0000001022,E3,6,12,14,11,深位,477120.0,479010.0,479136.0,125.99999999999999,1890.0,2016.0,否
3410,B6T0000001561,E1,6,12,2,4,深位,482100.0,482100.0,482128.0,28.0,0.0,28.0,否
3411,B6T0000001561,E1,6,11,4,11,浅位,482100.0,482128.0,482192.0,64.0,28.0,92.0,否
3467,B6T0000000689,E3,6,11,17,6,浅位,482160.0,482192.0,482322.0,130.0,32.0,162.0,否
3466,B6T0000000689,E3,6,11,17,6,深位,482160.0,482322.0,482452.0,130.0,162.0,292.0,否
2667,B6T0000000114,E4,6,11,45,3,浅位,482520.0,482520.0,482867.0,347.00000000000017,0.0,347.0,否
2666,B6T0000000114,E4,6,11,45,3,深位,482520.0,482867.0,483214.0,347.00000000000017,347.0,694.0,否
389,B6T0000000471,E3,6,11,17,1,浅位,486000.0,486990.0,487100.0,110.0,990.0,1100.0,否
390,B6T0000000471,E3,6,11,17,1,深位,486000.0,487100.0,487210.0,110.0,1100.0,1210.0,否
384,B6T0000000471,E3,6,12,17,1,浅位,486000.0,487210.0,487320.0,110.0,1210.0,1320.0,否
3504,B6T0000000505,E3,6,11,11,61,深位,488340.0,488340.0,488642.0,302.0,0.0,302.0,否
3505,B6T0000000505,E3,6,12,9,65,浅位,488340.0,488642.0,488944.0,302.0,302.0,604.0,否
1854,B6T0000001858,E1,6,11,6,8,浅位,488580.0,488944.0,489004.0,60.0,364.0,424.0,否
1855,B6T0000001858,E1,6,11,6,8,深位,488580.0,489004.0,489064.0,60.0,424.0,484.0,否
1856,B6T0000001858,E1,6,12,6,8,浅位,488580.0,489064.0,489124.0,60.0,484.0,544.0,否
1857,B6T0000001858,E1,6,12,6,8,深位,488580.0,489124.0,489184.0,60.0,544.0,604.0,否
1890,B6T0000000716,E3,6,12,22,10,浅位,486360.0,490582.0,490768.0,186.00000000000003,4222.0,4408.0,否
1891,B6T0000000716,E3,6,12,22,10,深位,486360.0,490768.0,490954.0,186.00000000000003,4408.0,4594.0,否
2086,B6T0000001407,E1,6,12,3,3,深位,518100.0,518100.0,518128.0,28.0,0.0,28.0,否
2586,B6T0000000543,E3,6,12,20,21,浅位,518100.0,518128.0,518342.0,214.0,28.0,242.0,否
2978,B6T0000001825,E1,6,11,3,3,浅位,518220.0,518342.0,518370.0,28.0,122.0,150.0,否
2979,B6T0000001825,E1,6,11,3,3,深位,518220.0,518370.0,518398.0,28.0,150.0,178.0,否
2977,B6T0000001825,E1,6,12,3,3,浅位,518220.0,518398.0,518426.0,28.0,178.0,206.0,否
2589,B6T0000000543,E3,6,12,20,21,深位,518100.0,518426.0,518640.0,214.0,326.0,540.0,否
3251,B6T0000000622,E3,6,12,12,9,浅位,519780.0,519780.0,519882.0,102.0,0.0,102.0,否
3250,B6T0000000622,E3,6,12,12,9,深位,519780.0,519882.0,519984.0,102.0,102.0,204.0,否
855,B6T0000001220,E3,6,11,9,12,深位,520980.0,520980.0,521070.0,90.0,0.0,90.0,否
1027,B6T0000001975,E1,6,11,1,6,浅位,520740.0,521070.0,521102.0,32.0,330.0,362.0,否
1028,B6T0000001975,E1,6,11,1,6,深位,520740.0,521102.0,521134.0,32.0,362.0,394.0,否
1029,B6T0000001975,E1,6,12,1,6,浅位,520740.0,521134.0,521166.0,32.0,394.0,426.0,否
1030,B6T0000001975,E1,6,12,1,6,深位,520740.0,521166.0,521198.0,32.0,426.0,458.0,否
854,B6T0000001220,E3,6,12,9,12,浅位,520980.0,521198.0,521288.0,90.0,218.0,308.0,否
853,B6T0000001220,E3,6,12,9,12,深位,520980.0,521288.0,521378.0,90.0,308.0,398.0,否
3109,B6T0000000788,E3,6,11,13,24,深位,521460.0,521460.0,521630.0,170.0,0.0,170.0,否
3110,B6T0000000788,E3,6,12,13,24,浅位,521460.0,521630.0,521800.0,170.0,170.0,340.0,否
3111,B6T0000000788,E3,6,12,13,24,深位,521460.0,521800.0,521970.0,170.0,340.0,510.0,否
414,B6T0000000050,E4,6,11,44,3,浅位,519300.0,523378.0,523715.0,337.00000000000017,4078.0,4415.0,否
425,B6T0000000050,E4,6,11,44,3,深位,519300.0,523715.0,524052.0,337.00000000000017,4415.0,4752.0,否
3574,B6T0000000546,E3,6,12,14,14,浅位,523920.0,524052.0,524190.0,138.0,132.0,270.0,否
3575,B6T0000000546,E3,6,12,14,14,深位,523920.0,524190.0,524328.0,138.0,270.0,408.0,否
424,B6T0000000050,E4,6,12,44,3,浅位,519300.0,524328.0,524665.0,337.00000000000017,5028.0,5365.0,否
415,B6T0000000050,E4,6,12,44,3,深位,519300.0,524665.0,525002.0,337.00000000000017,5365.0,5702.0,否
606,B6T0000000247,E4,6,11,45,2,浅位,521520.0,526687.0,527030.0,343.00000000000017,5167.0,5510.0,否
605,B6T0000000247,E4,6,11,45,2,深位,521520.0,527030.0,527373.0,343.00000000000017,5510.0,5853.0,否
604,B6T0000000247,E4,6,12,45,2,浅位,521520.0,527373.0,527716.0,343.00000000000017,5853.0,6196.0,否
598,B6T0000000247,E4,6,12,45,2,深位,521520.0,527716.0,528059.0,343.00000000000017,6196.0,6539.0,否
3001,B6T0000001285,E3,6,11,28,20,浅位,543060.0,543608.0,543882.0,274.0,548.0,822.0,否
3544,B6T0000001161,E3,6,12,14,5,浅位,549540.0,549540.0,549642.0,101.99999999999999,0.0,102.0,否
3545,B6T0000001161,E3,6,11,12,9,深位,549540.0,549642.0,549744.0,102.0,102.0,204.0,否
3009,B6T0000001605,E1,6,12,8,1,深位,553380.0,553380.0,553420.0,40.0,0.0,40.0,否
3007,B6T0000001605,E1,6,12,1,15,浅位,553380.0,553420.0,553488.0,68.0,40.0,108.0,否
3008,B6T0000001605,E1,6,12,1,15,深位,553380.0,553488.0,553556.0,68.0,108.0,176.0,否
672,B6T0000001180,E3,6,11,11,9,浅位,554280.0,554280.0,554374.0,94.0,0.0,94.0,否
1255,B6T0000000799,E3,6,11,16,9,浅位,555960.0,557188.0,557322.0,134.0,1228.0,1362.0,否
1254,B6T0000000799,E3,6,11,16,9,深位,555960.0,557322.0,557456.0,134.0,1362.0,1496.0,否
1253,B6T0000000799,E3,6,12,16,9,浅位,555960.0,557456.0,557590.0,134.0,1496.0,1630.0,否
1252,B6T0000000799,E3,6,12,16,9,深位,555960.0,557590.0,557724.0,134.0,1630.0,1764.0,否
2308,B6T0000001748,E1,6,11,6,13,浅位,558300.0,558620.0,558700.0,80.0,320.0,400.0,否
2310,B6T0000001748,E1,6,11,6,13,深位,558300.0,558700.0,558780.0,80.0,400.0,480.0,否
1070,B6T0000000178,E4,6,12,43,7,浅位,558720.0,558780.0,559123.0,343.00000000000017,60.0,403.0,否
1071,B6T0000000178,E4,6,12,43,7,深位,558720.0,559123.0,559466.0,343.00000000000017,403.0,746.0,否
3434,B6T0000001010,E3,6,11,17,55,深位,559140.0,559466.0,559792.0,326.0,326.0,652.0,否
3435,B6T0000001010,E3,6,12,11,67,浅位,559140.0,559792.0,560118.0,326.0,652.0,978.0,否
2656,B6T0000001298,E3,6,11,30,12,浅位,559800.0,560316.0,560574.0,258.00000000000006,516.0,774.0,否
2659,B6T0000001298,E3,6,11,30,12,深位,559800.0,560574.0,560832.0,258.00000000000006,774.0,1032.0,否
1485,B6T0000000758,E3,7,13,13,15,浅位,4740.0,5812.0,5946.0,134.0,1072.0,1206.0,否
1486,B6T0000000758,E3,7,13,13,15,深位,4740.0,5946.0,6080.0,134.0,1206.0,1340.0,否
1487,B6T0000000758,E3,7,14,13,15,浅位,4740.0,6080.0,6214.0,134.0,1340.0,1474.0,否
1491,B6T0000000758,E3,7,14,13,15,深位,4740.0,6214.0,6348.0,134.0,1474.0,1608.0,否
2528,B6T0000001776,E1,7,13,5,18,浅位,7500.0,7500.0,7596.0,96.0,0.0,96.0,否
2529,B6T0000001776,E1,7,13,5,18,深位,7500.0,7596.0,7692.0,96.0,96.0,192.0,否
2527,B6T0000001776,E1,7,14,5,18,浅位,7500.0,7692.0,7788.0,96.0,192.0,288.0,否
2526,B6T0000001776,E1,7,14,5,18,深位,7500.0,7788.0,7884.0,96.0,288.0,384.0,否
711,B6T0000000313,E4,7,13,44,4,浅位,19560.0,19790.0,20211.0,421.00000000000017,230.0,651.0,是
705,B6T0000000313,E4,7,13,44,4,深位,19560.0,20365.0,20786.0,421.00000000000017,805.0,1226.0,是
586,B6T0000001238,E3,7,13,15,4,浅位,19080.0,20940.0,21102.0,162.0,1860.0,2022.0,是
585,B6T0000001238,E3,7,13,15,4,深位,19080.0,21158.0,21214.0,55.99999999999999,2078.0,2134.0,是
584,B6T0000001238,E3,7,14,15,4,浅位,19080.0,21270.0,21326.0,55.99999999999999,2190.0,2246.0,是
583,B6T0000001238,E3,7,14,15,4,深位,19080.0,21382.0,21438.0,55.99999999999999,2302.0,2358.0,是
706,B6T0000000313,E4,7,14,44,4,浅位,19560.0,21494.0,21785.0,291.00000000000017,1934.0,2225.0,是
707,B6T0000000313,E4,7,14,44,4,深位,19560.0,21939.0,22376.0,437.0000000000002,2379.0,2816.0,是
892,B6T0000000488,E3,7,13,12,9,浅位,25680.0,26052.0,26216.0,164.0,372.0,536.0,是
891,B6T0000000488,E3,7,13,12,9,深位,25680.0,26270.0,26324.0,54.0,590.0,644.0,是
890,B6T0000000488,E3,7,14,12,9,浅位,25680.0,26378.0,26432.0,54.0,698.0,752.0,是
889,B6T0000000488,E3,7,14,12,9,深位,25680.0,26486.0,26540.0,54.0,806.0,860.0,是
3058,B6T0000001131,E3,7,14,16,33,浅位,26820.0,27104.0,27292.0,188.0,284.0,472.0,是
3060,B6T0000001131,E3,7,14,16,33,深位,26820.0,27410.0,27528.0,118.0,590.0,708.0,是
746,B6T0000000140,E4,7,13,45,3,浅位,25680.0,29444.0,29877.0,433.0000000000002,3764.0,4197.0,是
734,B6T0000000140,E4,7,13,45,3,深位,25680.0,30033.0,30466.0,433.0000000000002,4353.0,4786.0,是
745,B6T0000000140,E4,7,14,45,3,浅位,25680.0,30622.0,31047.0,425.00000000000017,4942.0,5367.0,是
751,B6T0000000140,E4,7,14,45,3,深位,25680.0,31203.0,31628.0,425.00000000000017,5523.0,5948.0,是
3553,B6T0000000333,E3,7,14,12,54,浅位,32580.0,33026.0,33192.0,166.0,446.0,612.0,是
3552,B6T0000000333,E3,7,14,12,54,深位,32580.0,33336.0,33480.0,144.0,756.0,900.0,是
2699,B6T0000001043,E3,7,13,25,18,浅位,35220.0,35578.5,35808.0,229.50000000000006,358.5,588.0,是
2696,B6T0000001043,E3,7,13,25,18,深位,35220.0,35984.5,36221.0,236.50000000000009,764.5,1001.0,是
2697,B6T0000001043,E3,7,14,25,18,浅位,35220.0,36397.5,36634.0,236.50000000000009,1177.5,1414.0,是
2796,B6T0000001494,E1,7,13,1,26,浅位,36360.0,36634.0,36746.0,112.0,274.0,386.0,否
2799,B6T0000001494,E1,7,13,1,26,深位,36360.0,36746.0,36858.0,112.0,386.0,498.0,否
2698,B6T0000001043,E3,7,14,25,18,深位,35220.0,36858.0,37100.0,242.0,1638.0,1880.0,否
2868,B6T0000000221,E4,7,13,44,22,浅位,38940.0,38940.0,39353.0,413.00000000000017,0.0,413.0,否
2870,B6T0000000221,E4,7,13,44,22,深位,38940.0,39353.0,39766.0,413.00000000000017,413.0,826.0,否
2869,B6T0000000221,E4,7,14,44,22,浅位,38940.0,39766.0,40179.0,413.00000000000017,826.0,1239.0,否
2871,B6T0000000221,E4,7,14,44,22,深位,38940.0,40179.0,40592.0,413.00000000000017,1239.0,1652.0,否
3362,B6T0000001358,E1,7,13,5,41,浅位,41400.0,41400.0,41588.0,188.0,0.0,188.0,否
3363,B6T0000001358,E1,7,13,5,41,深位,41400.0,41588.0,41776.0,188.0,188.0,376.0,否
2104,B6T0000001607,E1,7,13,5,11,浅位,43440.0,43440.0,43508.0,68.0,0.0,68.0,否
2103,B6T0000001607,E1,7,13,5,11,深位,43440.0,43508.0,43576.0,68.0,68.0,136.0,否
2105,B6T0000001607,E1,7,14,5,11,浅位,43440.0,43576.0,43644.0,68.0,136.0,204.0,否
2101,B6T0000001607,E1,7,14,5,11,深位,43440.0,43644.0,43712.0,68.0,204.0,272.0,否
3016,B6T0000000570,E3,7,13,31,17,浅位,54300.0,54300.0,54586.0,286.00000000000006,0.0,286.0,否
1936,B6T0000001937,E1,7,14,6,9,浅位,54360.0,54586.0,54650.0,64.0,226.0,290.0,否
1937,B6T0000001937,E1,7,14,6,9,深位,54360.0,54650.0,54714.0,64.0,290.0,354.0,否
3018,B6T0000000570,E3,7,13,31,17,深位,54300.0,54714.0,55000.0,286.00000000000006,414.0,700.0,否
3017,B6T0000000570,E3,7,14,31,17,浅位,54300.0,55000.0,55286.0,286.00000000000006,700.0,986.0,否
1541,B6T0000000088,E4,7,14,44,9,浅位,55680.0,55894.0,56173.0,279.00000000000017,214.0,493.0,是
2169,B6T0000001942,E1,7,13,5,12,浅位,55560.0,56297.0,56421.0,124.0,737.0,861.0,是
289,B6T0000001196,E3,7,13,12,6,浅位,55860.0,56567.0,56713.0,146.00000000000003,707.0,853.0,是
1538,B6T0000000088,E4,7,14,44,9,深位,55680.0,56761.0,57080.0,319.00000000000017,1081.0,1400.0,是
442,B6T0000000678,E3,7,13,9,10,浅位,56280.0,60373.0,60455.0,82.0,4093.0,4175.0,否
435,B6T0000000678,E3,7,13,9,10,深位,56280.0,60455.0,60537.0,82.0,4175.0,4257.0,否
434,B6T0000000678,E3,7,13,17,1,浅位,56280.0,60537.0,60647.0,110.0,4257.0,4367.0,否
433,B6T0000000678,E3,7,13,17,1,深位,56280.0,60647.0,60757.0,110.0,4367.0,4477.0,否
436,B6T0000000678,E3,7,14,17,1,浅位,56280.0,60757.0,60867.0,110.0,4477.0,4587.0,否
2015,B6T0000001110,E3,7,13,26,7,浅位,86400.0,87884.0,88090.0,206.00000000000003,1484.0,1690.0,否
2016,B6T0000001110,E3,7,13,26,7,深位,86400.0,88090.0,88296.0,206.00000000000003,1690.0,1896.0,否
2019,B6T0000001110,E3,7,14,26,7,浅位,86400.0,88296.0,88502.0,206.00000000000003,1896.0,2102.0,否
2013,B6T0000001110,E3,7,14,26,7,深位,86400.0,88502.0,88708.0,206.00000000000003,2102.0,2308.0,否
3696,B6T0000001826,E1,7,14,2,56,浅位,88320.0,88708.0,88944.0,236.0,388.0,624.0,否
3697,B6T0000001826,E1,7,14,2,56,深位,88320.0,88944.0,89180.0,236.0,624.0,860.0,否
407,B6T0000000471,E3,7,13,16,2,浅位,88740.0,89180.0,89286.0,105.99999999999999,440.0,546.0,否
404,B6T0000000471,E3,7,13,16,2,深位,88740.0,89286.0,89392.0,105.99999999999999,546.0,652.0,否
405,B6T0000000471,E3,7,14,16,2,浅位,88740.0,89392.0,89498.0,105.99999999999999,652.0,758.0,否
406,B6T0000000471,E3,7,14,16,2,深位,88740.0,89498.0,89604.0,105.99999999999999,758.0,864.0,否
2950,B6T0000001640,E1,7,14,5,27,浅位,89280.0,89624.0,89756.0,132.0,344.0,476.0,否
1473,B6T0000000631,E3,7,13,24,3,浅位,86520.0,95376.0,95482.0,106.0,8856.0,8962.0,是
1469,B6T0000000631,E3,7,13,24,3,深位,86520.0,95572.0,95662.0,90.00000000000001,9052.0,9142.0,是
1481,B6T0000000631,E3,7,14,24,3,浅位,86520.0,95752.0,95842.0,90.00000000000001,9232.0,9322.0,是
3658,B6T0000001038,E3,7,14,14,55,浅位,99420.0,99606.0,99790.0,184.0,186.0,370.0,是
3659,B6T0000001038,E3,7,14,14,55,深位,99420.0,99944.0,100098.0,154.0,524.0,678.0,是
1057,B6T0000001185,E3,7,13,19,4,浅位,106380.0,106380.0,106518.0,138.0,0.0,138.0,否
1058,B6T0000001185,E3,7,13,19,4,深位,106380.0,106518.0,106656.0,138.0,138.0,276.0,否
1067,B6T0000001185,E3,7,14,19,4,浅位,106380.0,106656.0,106794.0,138.0,276.0,414.0,否
1056,B6T0000001185,E3,7,14,19,4,深位,106380.0,106794.0,106932.0,138.0,414.0,552.0,否
2631,B6T0000000942,E3,7,14,16,26,浅位,108420.0,108452.0,108654.0,202.0,32.0,234.0,否
2628,B6T0000000942,E3,7,14,16,26,深位,108420.0,108654.0,108856.0,202.0,234.0,436.0,否
2572,B6T0000000647,E3,7,13,14,27,浅位,111780.0,111780.0,111970.0,190.0,0.0,190.0,否
2573,B6T0000000647,E3,7,13,14,27,深位,111780.0,111970.0,112160.0,190.0,190.0,380.0,否
2571,B6T0000000647,E3,7,14,14,27,浅位,111780.0,112160.0,112350.0,190.0,380.0,570.0,否
2570,B6T0000000647,E3,7,14,14,27,深位,111780.0,112350.0,112540.0,190.0,570.0,760.0,否
3607,B6T0000001654,E1,7,14,4,52,浅位,124320.0,124320.0,124548.0,228.0,0.0,228.0,否
3606,B6T0000001654,E1,7,14,4,52,深位,124320.0,124548.0,124776.0,228.0,228.0,456.0,否
2806,B6T0000001268,E3,7,13,34,10,浅位,126240.0,126240.0,126522.0,282.0000000000001,0.0,282.0,否
2805,B6T0000001268,E3,7,13,34,10,深位,126240.0,126522.0,126804.0,282.0000000000001,282.0,564.0,否
2804,B6T0000001268,E3,7,14,34,10,浅位,126240.0,126804.0,127086.0,282.0000000000001,564.0,846.0,否
2807,B6T0000001268,E3,7,14,34,10,深位,126240.0,127086.0,127368.0,282.0000000000001,846.0,1128.0,否
1045,B6T0000001052,E3,7,13,17,6,浅位,130740.0,131260.0,131390.0,130.0,520.0,650.0,否
1042,B6T0000001052,E3,7,13,17,6,深位,130740.0,131390.0,131520.0,130.0,650.0,780.0,否
1032,B6T0000001052,E3,7,14,17,6,浅位,130740.0,131520.0,131650.0,130.0,780.0,910.0,否
1031,B6T0000001052,E3,7,14,17,6,深位,130740.0,131650.0,131780.0,130.0,910.0,1040.0,否
3632,B6T0000000436,E3,7,14,29,39,浅位,134700.0,134700.0,135058.0,358.0,0.0,358.0,否
3633,B6T0000000436,E3,7,14,29,39,深位,134700.0,135058.0,135416.0,358.0,358.0,716.0,否
2522,B6T0000001186,E3,7,14,30,10,浅位,136200.0,136200.0,136450.0,250.00000000000006,0.0,250.0,否
2521,B6T0000001186,E3,7,14,30,10,深位,136200.0,136450.0,136700.0,250.00000000000006,250.0,500.0,否
552,B6T0000001827,E1,7,14,2,4,浅位,140580.0,140580.0,140608.0,28.0,0.0,28.0,否
558,B6T0000001827,E1,7,14,2,4,深位,140580.0,140608.0,140636.0,28.0,28.0,56.0,否
3098,B6T0000001767,E1,7,13,5,31,浅位,140580.0,140876.0,141024.0,148.0,296.0,444.0,否
2415,B6T0000001130,E3,7,13,34,4,浅位,172500.0,172500.0,172758.0,258.0000000000001,0.0,258.0,否
2416,B6T0000001130,E3,7,13,34,4,深位,172500.0,172758.0,173016.0,258.0000000000001,258.0,516.0,否
2417,B6T0000001130,E3,7,14,34,4,浅位,172500.0,173016.0,173274.0,258.0000000000001,516.0,774.0,否
2418,B6T0000001130,E3,7,14,34,4,深位,172500.0,173274.0,173532.0,258.0000000000001,774.0,1032.0,否
3208,B6T0000000893,E3,7,13,30,23,浅位,173520.0,173532.0,173834.0,302.00000000000006,12.0,314.0,否
1778,B6T0000001122,E3,7,14,23,7,浅位,173760.0,173834.0,174016.0,182.00000000000003,74.0,256.0,否
1780,B6T0000001122,E3,7,14,23,7,深位,173760.0,174016.0,174198.0,182.00000000000003,256.0,438.0,否
357,B6T0000001370,E1,7,13,3,3,浅位,173100.0,174198.0,174226.0,28.0,1098.0,1126.0,否
351,B6T0000001370,E1,7,13,3,3,深位,173100.0,174226.0,174254.0,28.0,1126.0,1154.0,否
359,B6T0000001370,E1,7,14,3,3,浅位,173100.0,174254.0,174282.0,28.0,1154.0,1182.0,否
353,B6T0000001370,E1,7,14,3,3,深位,173100.0,174282.0,174310.0,28.0,1182.0,1210.0,否
1913,B6T0000000403,E3,7,14,28,4,浅位,174000.0,174310.0,174520.0,210.00000000000003,310.0,520.0,否
995,B6T0000001090,E3,7,13,11,12,浅位,174180.0,174520.0,174626.0,106.0,340.0,446.0,否
996,B6T0000001090,E3,7,13,11,12,深位,174180.0,174626.0,174732.0,106.0,446.0,552.0,否
1000,B6T0000001090,E3,7,14,11,12,浅位,174180.0,174732.0,174838.0,106.0,552.0,658.0,否
997,B6T0000001090,E3,7,14,11,12,深位,174180.0,174838.0,174944.0,106.0,658.0,764.0,否
1914,B6T0000000403,E3,7,14,28,4,深位,174000.0,174944.0,175154.0,210.00000000000003,944.0,1154.0,否
2735,B6T0000000432,E3,7,13,25,18,浅位,173100.0,175154.0,175396.0,242.0,2054.0,2296.0,否
2733,B6T0000000432,E3,7,13,25,18,深位,173100.0,175396.0,175638.0,242.0,2296.0,2538.0,否
3209,B6T0000000893,E3,7,13,30,23,深位,173520.0,175655.0,175946.0,291.00000000000006,2135.0,2426.0,是
3210,B6T0000000893,E3,7,14,30,23,浅位,173520.0,175963.0,176254.0,291.00000000000006,2443.0,2734.0,是
3082,B6T0000001138,E3,7,14,38,11,浅位,173160.0,176271.0,176578.0,307.0000000000001,3111.0,3418.0,是
3083,B6T0000001138,E3,7,14,38,11,深位,173160.0,176595.0,176902.0,307.0000000000001,3435.0,3742.0,是
2214,B6T0000001272,E3,7,13,9,27,浅位,175380.0,176958.0,177074.0,116.0,1578.0,1694.0,是
2215,B6T0000001272,E3,7,13,9,27,深位,175380.0,177130.0,177246.0,116.0,1750.0,1866.0,是
770,B6T0000000843,E3,7,13,15,5,浅位,174120.0,177302.0,177390.0,87.99999999999999,3182.0,3270.0,是
769,B6T0000000843,E3,7,13,15,5,深位,174120.0,177446.0,177534.0,87.99999999999999,3326.0,3414.0,是
768,B6T0000000843,E3,7,14,15,5,浅位,174120.0,177592.0,177650.0,57.99999999999999,3472.0,3530.0,是
765,B6T0000000843,E3,7,14,15,5,深位,174120.0,177708.0,177766.0,57.99999999999999,3588.0,3646.0,是
2216,B6T0000001272,E3,7,14,9,27,浅位,175380.0,177766.0,177916.0,150.0,2386.0,2536.0,否
2457,B6T0000001943,E1,7,13,1,19,浅位,181500.0,181668.0,181752.0,84.0,168.0,252.0,否
2455,B6T0000001943,E1,7,13,1,19,深位,181500.0,181752.0,181836.0,84.0,252.0,336.0,否
2456,B6T0000001943,E1,7,14,1,19,浅位,181500.0,181836.0,181920.0,84.0,336.0,420.0,否
2609,B6T0000000322,E3,7,14,36,5,浅位,185040.0,185040.0,185318.0,278.0000000000001,0.0,278.0,否
2610,B6T0000000322,E3,7,14,36,5,深位,185040.0,185318.0,185596.0,278.0000000000001,278.0,556.0,否
1417,B6T0000000947,E3,7,14,12,15,浅位,188580.0,188580.0,188706.0,126.0,0.0,126.0,否
1428,B6T0000000947,E3,7,14,12,15,深位,188580.0,188706.0,188832.0,126.0,126.0,252.0,否
3025,B6T0000000103,E4,7,13,44,25,浅位,190080.0,190291.0,190677.0,386.00000000000017,211.0,597.0,是
3027,B6T0000000103,E4,7,13,44,25,深位,190080.0,190722.0,191108.0,386.00000000000017,642.0,1028.0,是
3026,B6T0000000103,E4,7,14,44,25,浅位,190080.0,191216.0,191539.0,323.0000000000001,1136.0,1459.0,是
3615,B6T0000000449,E3,7,13,37,30,浅位,192720.0,192720.0,193106.0,386.0000000000001,0.0,386.0,否
3614,B6T0000000449,E3,7,13,37,30,深位,192720.0,193106.0,193492.0,386.0000000000001,386.0,772.0,否
2902,B6T0000000326,E3,7,13,9,38,浅位,193500.0,194008.0,194202.0,194.0,508.0,702.0,否
1707,B6T0000001409,E1,7,14,4,8,浅位,194220.0,194220.0,194272.0,52.0,0.0,52.0,否
1708,B6T0000001409,E1,7,14,4,8,深位,194220.0,194272.0,194324.0,52.0,52.0,104.0,否
905,B6T0000000411,E3,7,14,14,7,浅位,194580.0,194580.0,194690.0,109.99999999999999,0.0,110.0,否
903,B6T0000000411,E3,7,14,14,7,深位,194580.0,194690.0,194800.0,109.99999999999999,110.0,220.0,否
2487,B6T0000000435,E3,7,13,36,3,浅位,194760.0,194800.0,195070.0,270.0000000000001,40.0,310.0,否
2489,B6T0000000435,E3,7,13,36,3,深位,194760.0,195070.0,195340.0,270.0000000000001,310.0,580.0,否
2488,B6T0000000435,E3,7,14,36,3,浅位,194760.0,195340.0,195610.0,270.0000000000001,580.0,850.0,否
2486,B6T0000000435,E3,7,14,36,3,深位,194760.0,195610.0,195880.0,270.0000000000001,850.0,1120.0,否
1502,B6T0000000905,E3,7,13,14,14,浅位,195660.0,196390.0,196528.0,138.0,730.0,868.0,否
1501,B6T0000000905,E3,7,13,14,14,深位,195660.0,196528.0,196666.0,138.0,868.0,1006.0,否
1500,B6T0000000905,E3,7,14,14,14,浅位,195660.0,196666.0,196804.0,138.0,1006.0,1144.0,否
1499,B6T0000000905,E3,7,14,14,14,深位,195660.0,196804.0,196942.0,138.0,1144.0,1282.0,否
1870,B6T0000000931,E3,7,13,20,12,浅位,194940.0,196942.0,197120.0,178.00000000000003,2002.0,2180.0,否
1869,B6T0000000931,E3,7,13,20,12,深位,194940.0,197120.0,197298.0,178.00000000000003,2180.0,2358.0,否
1353,B6T0000001367,E1,7,13,2,7,浅位,198960.0,199330.0,199402.0,72.0,370.0,442.0,是
1352,B6T0000001367,E1,7,13,2,7,深位,198960.0,199474.0,199546.0,72.0,514.0,586.0,是
1360,B6T0000001367,E1,7,14,2,7,浅位,198960.0,199618.0,199690.0,72.0,658.0,730.0,是
1359,B6T0000001367,E1,7,14,2,7,深位,198960.0,199782.0,199874.0,92.0,822.0,914.0,是
3495,B6T0000000600,E3,7,14,29,34,浅位,199860.0,199966.0,200218.0,252.0,106.0,358.0,是
3494,B6T0000000600,E3,7,14,29,34,深位,199860.0,200318.0,200578.0,260.0,458.0,718.0,是
1147,B6T0000000395,E3,7,13,16,8,浅位,202560.0,204272.0,204402.0,130.0,1712.0,1842.0,否
1148,B6T0000000395,E3,7,13,16,8,深位,202560.0,204402.0,204532.0,130.0,1842.0,1972.0,否
819,B6T0000001427,E1,7,13,4,4,浅位,203940.0,204532.0,204568.0,36.0,592.0,628.0,否
818,B6T0000001427,E1,7,13,4,4,深位,203940.0,204568.0,204604.0,36.0,628.0,664.0,否
817,B6T0000001427,E1,7,14,4,4,浅位,203940.0,204604.0,204640.0,36.0,664.0,700.0,否
816,B6T0000001427,E1,7,14,4,4,深位,203940.0,204640.0,204676.0,36.0,700.0,736.0,否
1138,B6T0000000395,E3,7,14,16,8,浅位,202560.0,204676.0,204806.0,130.0,2116.0,2246.0,否
1139,B6T0000000395,E3,7,14,16,8,深位,202560.0,204806.0,204936.0,130.0,2246.0,2376.0,否
1678,B6T0000001195,E3,7,13,27,2,浅位,213960.0,214984.0,215178.0,194.00000000000003,1024.0,1218.0,否
1679,B6T0000001195,E3,7,13,27,2,深位,213960.0,215178.0,215372.0,194.00000000000003,1218.0,1412.0,否
1684,B6T0000001195,E3,7,14,27,2,浅位,213960.0,215372.0,215566.0,194.00000000000003,1412.0,1606.0,否
1683,B6T0000001195,E3,7,14,27,2,深位,213960.0,215566.0,215760.0,194.00000000000003,1606.0,1800.0,否
324,B6T0000001196,E3,7,13,12,6,深位,216480.0,216480.0,216570.0,90.0,0.0,90.0,否
316,B6T0000001196,E3,7,14,12,6,浅位,216480.0,216570.0,216660.0,90.0,90.0,180.0,否
315,B6T0000001196,E3,7,14,12,6,深位,216480.0,216660.0,216750.0,90.0,180.0,270.0,否
3054,B6T0000001938,E1,7,13,4,30,浅位,223920.0,223920.0,224060.0,140.0,0.0,140.0,否
3053,B6T0000001938,E1,7,13,4,30,深位,223920.0,224060.0,224200.0,140.0,140.0,280.0,否
2124,B6T0000001478,E1,7,13,2,13,浅位,223500.0,224200.0,224264.0,64.0,700.0,764.0,否
3052,B6T0000001938,E1,7,14,4,30,浅位,223920.0,224264.0,224404.0,140.0,344.0,484.0,否
2715,B6T0000000081,E4,7,13,44,20,浅位,228060.0,228060.0,228465.0,405.00000000000017,0.0,405.0,否
2713,B6T0000000081,E4,7,13,44,20,深位,228060.0,228465.0,228870.0,405.00000000000017,405.0,810.0,否
2714,B6T0000000081,E4,7,14,44,20,浅位,228060.0,228870.0,229275.0,405.00000000000017,810.0,1215.0,否
2712,B6T0000000081,E4,7,14,44,20,深位,228060.0,229275.0,229680.0,405.00000000000017,1215.0,1620.0,否
3384,B6T0000001340,E1,7,14,5,11,浅位,259140.0,259277.0,259366.0,89.0,137.0,226.0,是
3385,B6T0000001340,E1,7,14,5,11,深位,259140.0,259403.0,259440.0,37.0,263.0,300.0,是
3634,B6T0000000476,E3,7,13,27,2,浅位,259560.0,259753.0,260000.0,247.0,193.0,440.0,是
3635,B6T0000000476,E3,7,13,27,2,深位,259560.0,260089.0,260348.0,259.0,529.0,788.0,是
1605,B6T0000001610,E1,7,14,2,8,浅位,260160.0,260437.0,260526.0,89.0,277.0,366.0,是
1610,B6T0000001610,E1,7,14,2,8,深位,260160.0,260551.0,260576.0,25.0,391.0,416.0,是
172,B6T0000000810,E3,7,13,14,2,浅位,259440.0,260601.0,260696.0,95.0,1161.0,1256.0,是
167,B6T0000000810,E3,7,13,14,2,深位,259440.0,260744.0,260792.0,47.99999999999999,1304.0,1352.0,是
153,B6T0000000810,E3,7,14,14,2,浅位,259440.0,260840.0,260888.0,47.99999999999999,1400.0,1448.0,是
174,B6T0000000810,E3,7,14,14,2,深位,259440.0,260936.0,260984.0,47.99999999999999,1496.0,1544.0,是
673,B6T0000001180,E3,7,13,10,10,浅位,259800.0,261032.0,261112.0,80.0,1232.0,1312.0,是
686,B6T0000001180,E3,7,13,10,10,深位,259800.0,261160.0,261208.0,48.0,1360.0,1408.0,是
679,B6T0000001180,E3,7,14,10,10,浅位,259800.0,261256.0,261304.0,48.0,1456.0,1504.0,是
676,B6T0000001180,E3,7,14,10,10,深位,259800.0,261352.0,261400.0,48.0,1552.0,1600.0,是
3259,B6T0000000138,E4,7,14,45,3,浅位,262740.0,262884.0,263137.0,253.00000000000017,144.0,397.0,是
3258,B6T0000000138,E4,7,14,45,3,深位,262740.0,263240.0,263662.0,422.0000000000001,500.0,922.0,是
2273,B6T0000001817,E1,7,13,1,15,浅位,261660.0,263965.0,264068.0,103.0,2305.0,2408.0,是
2272,B6T0000001817,E1,7,13,1,15,深位,261660.0,264105.0,264142.0,37.0,2445.0,2482.0,是
2276,B6T0000001817,E1,7,14,1,15,浅位,261660.0,264179.0,264216.0,37.0,2519.0,2556.0,是
2275,B6T0000001817,E1,7,14,1,15,深位,261660.0,264253.0,264290.0,37.0,2593.0,2630.0,是
3448,B6T0000000642,E3,7,13,10,67,浅位,266700.0,266939.0,267142.0,203.0,239.0,442.0,是
3449,B6T0000000642,E3,7,13,10,67,深位,266700.0,267318.5,267751.0,432.5000000000001,618.5,1051.0,是
272,B6T0000000305,E4,7,13,43,3,浅位,260820.0,267927.5,268104.0,176.5000000000001,7107.5,7284.0,是
285,B6T0000000305,E4,7,13,43,3,深位,261780.0,268270.5,268437.0,166.50000000000009,6490.5,6657.0,是
282,B6T0000000305,E4,7,14,43,3,浅位,261780.0,268603.5,268770.0,166.50000000000009,6823.5,6990.0,是
283,B6T0000000305,E4,7,14,43,3,深位,261780.0,268936.5,269103.0,166.50000000000009,7156.5,7323.0,是
2772,B6T0000000030,E4,7,13,44,9,深位,280860.0,280860.0,281221.0,361.00000000000017,0.0,361.0,否
2773,B6T0000000030,E4,7,14,44,9,浅位,280860.0,281221.0,281582.0,361.00000000000017,361.0,722.0,否
2774,B6T0000000030,E4,7,14,44,9,深位,280860.0,281582.0,281943.0,361.00000000000017,722.0,1083.0,否
3193,B6T0000000864,E3,7,13,21,32,浅位,281220.0,281943.0,282209.0,266.0,723.0,989.0,否
2775,B6T0000000030,E4,7,14,46,8,深位,280860.0,282209.0,282586.0,377.00000000000017,1349.0,1726.0,否
2461,B6T0000000438,E3,7,13,30,9,浅位,284400.0,285384.0,285630.0,246.00000000000006,984.0,1230.0,否
2674,B6T0000000584,E3,7,13,33,9,浅位,288000.0,288598.0,288868.0,270.00000000000006,598.0,868.0,否
2675,B6T0000000584,E3,7,13,33,9,深位,288000.0,288868.0,289138.0,270.00000000000006,868.0,1138.0,否
465,B6T0000001382,E1,7,13,2,4,浅位,295980.0,297620.0,297648.0,28.0,1640.0,1668.0,否
3161,B6T0000000924,E3,7,13,12,6,浅位,304500.0,304500.0,304590.0,90.0,0.0,90.0,否
1526,B6T0000000228,E4,7,13,43,10,浅位,301800.0,306315.0,306670.0,355.00000000000017,4515.0,4870.0,否
1525,B6T0000000228,E4,7,13,43,10,深位,301800.0,306670.0,307025.0,355.00000000000017,4870.0,5225.0,否
1518,B6T0000000228,E4,7,14,43,10,浅位,301800.0,307025.0,307380.0,355.00000000000017,5225.0,5580.0,否
3414,B6T0000000880,E3,7,13,17,6,浅位,310920.0,311131.0,311250.0,119.0,211.0,330.0,是
3415,B6T0000000880,E3,7,13,17,6,深位,310920.0,311318.0,311386.0,68.0,398.0,466.0,是
2778,B6T0000001508,E1,7,14,6,23,浅位,313560.0,313988.0,314150.0,162.0,428.0,590.0,是
2779,B6T0000001508,E1,7,14,6,23,深位,313560.0,314312.0,314474.0,162.0,752.0,914.0,是
1787,B6T0000001685,E1,7,13,5,8,浅位,313920.0,315908.0,316070.0,162.00000000000006,1988.0,2150.0,是
1789,B6T0000001685,E1,7,13,5,8,深位,313920.0,316234.0,316398.0,164.0,2314.0,2478.0,是
1795,B6T0000001685,E1,7,14,5,8,浅位,313920.0,316562.0,316726.0,164.0,2642.0,2806.0,是
238,B6T0000000581,E3,7,13,9,9,浅位,311640.0,316890.0,317054.0,164.0,5250.0,5414.0,是
237,B6T0000000581,E3,7,13,9,9,深位,311640.0,317096.0,317138.0,42.0,5456.0,5498.0,是
251,B6T0000000581,E3,7,14,9,9,浅位,311640.0,317180.0,317222.0,42.0,5540.0,5582.0,是
235,B6T0000000581,E3,7,14,9,9,深位,311640.0,317264.0,317306.0,42.0,5624.0,5666.0,是
3334,B6T0000001070,E3,7,13,16,2,浅位,315720.0,317348.0,317446.0,98.0,1628.0,1726.0,是
3335,B6T0000001070,E3,7,13,16,2,深位,315720.0,317502.0,317558.0,55.99999999999999,1782.0,1838.0,是
3121,B6T0000001982,E1,7,14,11,12,深位,315540.0,317614.0,317710.0,96.0,2074.0,2170.0,是
296,B6T0000001196,E3,7,13,13,5,浅位,309300.0,317766.0,317838.0,72.0,8466.0,8538.0,是
295,B6T0000001196,E3,7,13,13,5,深位,309300.0,317888.0,317938.0,50.0,8588.0,8638.0,是
294,B6T0000001196,E3,7,14,13,5,浅位,309300.0,317988.0,318038.0,50.0,8688.0,8738.0,是
300,B6T0000001196,E3,7,14,13,5,深位,309300.0,318088.0,318138.0,50.0,8788.0,8838.0,是
3122,B6T0000001982,E1,7,13,15,5,浅位,315540.0,318188.0,318254.0,65.99999999999999,2648.0,2714.0,是
3123,B6T0000001982,E1,7,13,15,5,深位,315540.0,318312.0,318370.0,57.99999999999999,2772.0,2830.0,是
501,B6T0000001101,E3,7,13,12,7,浅位,309960.0,319241.0,319335.0,94.0,9281.0,9375.0,否
502,B6T0000001101,E3,7,13,12,7,深位,309960.0,319335.0,319429.0,94.0,9375.0,9469.0,否
508,B6T0000001101,E3,7,14,12,7,浅位,309960.0,319429.0,319523.0,94.0,9469.0,9563.0,否
512,B6T0000001101,E3,7,14,12,7,深位,309960.0,319523.0,319617.0,94.0,9563.0,9657.0,否
1639,B6T0000001117,E3,7,13,13,16,浅位,308820.0,319817.0,319955.0,138.0,10997.0,11135.0,否
1637,B6T0000001117,E3,7,13,13,16,深位,308820.0,319955.0,320093.0,138.0,11135.0,11273.0,否
2739,B6T0000001280,E3,7,13,17,1,浅位,345720.0,345720.0,345830.0,110.0,0.0,110.0,否
2738,B6T0000001280,E3,7,13,17,1,深位,345720.0,345830.0,345940.0,110.0,110.0,220.0,否
2737,B6T0000001280,E3,7,14,17,1,浅位,345720.0,345940.0,346050.0,110.0,220.0,330.0,否
1989,B6T0000000186,E4,7,14,45,10,浅位,346080.0,346080.0,346455.0,375.00000000000017,0.0,375.0,否
2635,B6T0000001335,E1,7,14,1,7,深位,346440.0,346455.0,346491.0,36.0,15.0,51.0,否
2632,B6T0000001335,E1,7,13,3,10,深位,346440.0,346491.0,346547.0,56.0,51.0,107.0,否
2633,B6T0000001335,E1,7,13,1,12,深位,346440.0,346547.0,346603.0,56.00000000000001,107.0,163.0,否
2634,B6T0000001335,E1,7,13,1,13,深位,346440.0,346603.0,346663.0,60.0,163.0,223.0,否
186,B6T0000000932,E3,7,13,15,1,浅位,345480.0,346663.0,346757.0,93.99999999999999,1183.0,1277.0,否
1990,B6T0000000186,E4,7,14,45,10,深位,346080.0,346757.0,347132.0,375.00000000000017,677.0,1052.0,否
3285,B6T0000001287,E3,7,14,12,7,浅位,347760.0,347760.0,347854.0,94.0,0.0,94.0,否
1771,B6T0000001573,E1,7,13,3,9,浅位,347160.0,347854.0,347906.0,52.0,694.0,746.0,否
1769,B6T0000001573,E1,7,13,3,9,深位,347160.0,347906.0,347958.0,52.0,746.0,798.0,否
1768,B6T0000001573,E1,7,14,3,9,浅位,347160.0,347958.0,348010.0,52.0,798.0,850.0,否
1767,B6T0000001573,E1,7,14,3,9,深位,347160.0,348010.0,348062.0,52.0,850.0,902.0,否
3284,B6T0000001287,E3,7,14,12,7,深位,347760.0,348062.0,348156.0,94.0,302.0,396.0,否
948,B6T0000000445,E3,7,13,12,10,浅位,348420.0,350399.0,350505.0,106.0,1979.0,2085.0,否
144,B6T0000000154,E4,7,13,44,1,浅位,345840.0,360802.0,361131.0,329.00000000000017,14962.0,15291.0,否
141,B6T0000000154,E4,7,13,44,1,深位,345840.0,361131.0,361460.0,329.00000000000017,15291.0,15620.0,否
2414,B6T0000001594,E1,7,13,3,3,浅位,361260.0,361481.0,361510.0,29.0,221.0,250.0,是
2413,B6T0000001594,E1,7,13,3,3,深位,361260.0,361527.0,361544.0,17.0,267.0,284.0,是
2412,B6T0000001594,E1,7,14,3,3,浅位,361260.0,361544.0,361572.0,28.0,284.0,312.0,否
2411,B6T0000001594,E1,7,14,3,3,深位,361260.0,361572.0,361600.0,28.0,312.0,340.0,否
134,B6T0000000154,E4,7,14,44,1,浅位,345840.0,361600.0,361929.0,329.00000000000017,15760.0,16089.0,否
925,B6T0000000508,E3,7,13,9,9,浅位,368880.0,368880.0,368958.0,78.0,0.0,78.0,否
932,B6T0000000508,E3,7,13,9,9,深位,368880.0,368958.0,369036.0,78.0,78.0,156.0,否
929,B6T0000000508,E3,7,14,9,9,浅位,368880.0,369036.0,369114.0,78.0,156.0,234.0,否
928,B6T0000000508,E3,7,14,9,9,深位,368880.0,369114.0,369192.0,78.0,234.0,312.0,否
927,B6T0000000508,E3,7,13,12,6,浅位,368880.0,369192.0,369282.0,90.0,312.0,402.0,否
924,B6T0000000508,E3,7,13,13,5,浅位,368880.0,369812.0,369906.0,94.0,932.0,1026.0,否
923,B6T0000000508,E3,7,13,13,5,深位,368880.0,369906.0,370000.0,94.0,1026.0,1120.0,否
930,B6T0000000508,E3,7,14,13,5,浅位,368880.0,370000.0,370094.0,94.0,1120.0,1214.0,否
931,B6T0000000508,E3,7,14,13,5,深位,368880.0,370094.0,370188.0,94.0,1214.0,1308.0,否
1651,B6T0000000735,E3,7,13,15,14,浅位,374040.0,374684.0,374830.0,146.0,644.0,790.0,否
1650,B6T0000000735,E3,7,13,15,14,深位,374040.0,374830.0,374976.0,146.0,790.0,936.0,否
1646,B6T0000000735,E3,7,14,15,14,浅位,374040.0,374976.0,375122.0,146.0,936.0,1082.0,否
1647,B6T0000000735,E3,7,14,15,14,深位,374040.0,375122.0,375268.0,146.0,1082.0,1228.0,否
3237,B6T0000001819,E1,7,13,2,14,深位,376260.0,376260.0,376328.0,68.0,0.0,68.0,否
3236,B6T0000001819,E1,7,13,6,10,深位,376260.0,376328.0,376396.0,68.0,68.0,136.0,否
102,B6T0000000261,E4,7,13,43,1,浅位,375660.0,378212.0,378531.0,319.00000000000017,2552.0,2871.0,否
101,B6T0000000261,E4,7,13,43,1,深位,375660.0,378531.0,378850.0,319.00000000000017,2871.0,3190.0,否
96,B6T0000000261,E4,7,14,43,1,浅位,375660.0,378850.0,379169.0,319.00000000000017,3190.0,3509.0,否
99,B6T0000000261,E4,7,14,43,1,深位,375660.0,379169.0,379488.0,319.00000000000017,3509.0,3828.0,否
1987,B6T0000001870,E1,7,13,3,11,浅位,380640.0,381490.0,381550.0,60.0,850.0,910.0,否
1985,B6T0000001870,E1,7,13,3,11,深位,380640.0,381550.0,381610.0,60.0,910.0,970.0,否
1984,B6T0000001870,E1,7,14,3,11,浅位,380640.0,381610.0,381670.0,60.0,970.0,1030.0,否
1988,B6T0000001870,E1,7,14,3,11,深位,380640.0,381670.0,381730.0,60.0,1030.0,1090.0,否
2113,B6T0000001146,E3,7,13,19,4,浅位,385740.0,385740.0,385878.0,138.0,0.0,138.0,否
2114,B6T0000001146,E3,7,13,19,4,深位,385740.0,385878.0,386016.0,138.0,138.0,276.0,否
2115,B6T0000001146,E3,7,14,19,4,浅位,385740.0,386016.0,386154.0,138.0,276.0,414.0,否
2116,B6T0000001146,E3,7,14,19,4,深位,385740.0,386154.0,386292.0,138.0,414.0,552.0,否
2968,B6T0000000301,E4,7,14,43,1,浅位,391980.0,391980.0,392299.0,319.00000000000017,0.0,319.0,否
2970,B6T0000000301,E4,7,14,43,1,深位,391980.0,392332.0,392664.0,332.00000000000017,352.0,684.0,是
2969,B6T0000000301,E4,7,13,44,1,浅位,391980.0,392697.0,393039.0,342.00000000000017,717.0,1059.0,是
947,B6T0000000445,E3,7,13,12,10,深位,398640.0,399110.0,399274.0,164.0,470.0,634.0,是
2441,B6T0000001304,E3,7,13,12,6,深位,399000.0,399330.0,399386.0,56.0,330.0,386.0,是
2442,B6T0000001304,E3,7,14,12,6,浅位,399000.0,399434.0,399482.0,48.0,434.0,482.0,是
2440,B6T0000001304,E3,7,14,12,6,深位,399000.0,399530.0,399578.0,48.0,530.0,578.0,是
2443,B6T0000001304,E3,7,13,16,8,浅位,399000.0,399626.0,399714.0,87.99999999999999,626.0,714.0,是
2444,B6T0000001304,E3,7,13,16,8,深位,399000.0,399782.0,399850.0,68.0,782.0,850.0,是
3484,B6T0000001371,E1,7,13,1,19,浅位,401940.0,402234.0,402318.0,84.0,294.0,378.0,否
3485,B6T0000001371,E1,7,13,1,19,深位,401940.0,402318.0,402402.0,84.0,378.0,462.0,否
2150,B6T0000001080,E3,7,13,31,4,浅位,401460.0,402402.0,402636.0,234.00000000000006,942.0,1176.0,否
2148,B6T0000001080,E3,7,13,31,4,深位,401460.0,402636.0,402870.0,234.00000000000006,1176.0,1410.0,否
2152,B6T0000001080,E3,7,14,31,4,浅位,401460.0,402870.0,403104.0,234.00000000000006,1410.0,1644.0,否
964,B6T0000000445,E3,7,14,12,10,浅位,432000.0,432264.0,432428.0,164.0,264.0,428.0,是
963,B6T0000000445,E3,7,14,12,10,深位,432000.0,432484.0,432540.0,56.0,484.0,540.0,是
31,B6T0000001104,E3,7,13,11,1,浅位,432900.0,433308.0,433370.0,62.0,408.0,470.0,否
30,B6T0000001104,E3,7,13,11,1,深位,432900.0,433370.0,433432.0,62.0,470.0,532.0,否
32,B6T0000001104,E3,7,14,11,1,浅位,432900.0,433432.0,433494.0,62.0,532.0,594.0,否
937,B6T0000000508,E3,7,13,16,2,浅位,434460.0,434460.0,434566.0,105.99999999999999,0.0,106.0,否
946,B6T0000000508,E3,7,13,16,2,深位,434460.0,434566.0,434672.0,105.99999999999999,106.0,212.0,否
945,B6T0000000508,E3,7,14,11,12,深位,434460.0,434672.0,434778.0,106.0,212.0,318.0,否
944,B6T0000000508,E3,7,13,15,5,浅位,434460.0,434778.0,434888.0,109.99999999999999,318.0,428.0,否
943,B6T0000000508,E3,7,13,15,5,深位,434460.0,434888.0,434998.0,109.99999999999999,428.0,538.0,否
2287,B6T0000000918,E3,7,13,27,9,浅位,433680.0,434998.0,435220.0,222.00000000000003,1318.0,1540.0,否
2286,B6T0000000918,E3,7,13,27,9,深位,433680.0,435220.0,435442.0,222.00000000000003,1540.0,1762.0,否
15,B6T0000001209,E3,7,13,10,1,浅位,434280.0,436440.0,436494.0,54.0,2160.0,2214.0,否
23,B6T0000001209,E3,7,13,10,1,深位,434280.0,436494.0,436548.0,54.0,2214.0,2268.0,否
22,B6T0000001209,E3,7,14,10,1,浅位,434280.0,436548.0,436602.0,54.0,2268.0,2322.0,否
3571,B6T0000001481,E1,7,13,4,17,深位,438240.0,438240.0,438328.0,88.0,0.0,88.0,否
3570,B6T0000001481,E1,7,13,1,21,深位,438240.0,438328.0,438420.0,92.0,88.0,180.0,否
1451,B6T0000000191,E4,7,14,44,8,浅位,434220.0,444300.0,444725.0,425.00000000000017,10080.0,10505.0,是
1443,B6T0000000191,E4,7,14,44,8,深位,434220.0,444891.0,445316.0,425.00000000000017,10671.0,11096.0,是
861,B6T0000000001,E4,7,13,47,1,浅位,432180.0,449042.0,449401.0,359.00000000000017,16862.0,17221.0,否
869,B6T0000000001,E4,7,13,47,1,深位,432180.0,449401.0,449760.0,359.00000000000017,17221.0,17580.0,否
3471,B6T0000001966,E1,7,13,3,3,深位,449760.0,449760.0,449788.0,28.0,0.0,28.0,否
3470,B6T0000001966,E1,7,14,3,3,浅位,449760.0,449788.0,449816.0,28.0,28.0,56.0,否
857,B6T0000000001,E4,7,14,47,1,浅位,432180.0,449816.0,450175.0,359.00000000000017,17636.0,17995.0,否
643,B6T0000000469,E3,7,13,9,11,浅位,450900.0,451786.0,451872.0,86.0,886.0,972.0,否
645,B6T0000000469,E3,7,13,9,11,深位,450900.0,451872.0,451958.0,86.0,972.0,1058.0,否
646,B6T0000000469,E3,7,14,9,11,浅位,450900.0,451958.0,452044.0,86.0,1058.0,1144.0,否
648,B6T0000000469,E3,7,14,9,11,深位,450900.0,452044.0,452130.0,86.0,1144.0,1230.0,否
1623,B6T0000001671,E1,7,13,4,7,浅位,456420.0,456448.0,456496.0,48.0,28.0,76.0,否
1630,B6T0000001671,E1,7,13,4,7,深位,456420.0,456496.0,456544.0,48.0,76.0,124.0,否
1629,B6T0000001671,E1,7,14,4,7,浅位,456420.0,456544.0,456592.0,48.0,124.0,172.0,否
1628,B6T0000001671,E1,7,14,4,7,深位,456420.0,456592.0,456640.0,48.0,172.0,220.0,否
3169,B6T0000001064,E3,7,13,28,24,浅位,462540.0,463120.0,463410.0,290.00000000000006,580.0,870.0,否
3626,B6T0000001289,E3,7,14,12,15,浅位,464040.0,464040.0,464166.0,126.0,0.0,126.0,否
3627,B6T0000001289,E3,7,14,12,15,深位,464040.0,464166.0,464292.0,126.0,126.0,252.0,否
529,B6T0000001197,E3,7,13,14,5,浅位,464160.0,464292.0,464394.0,101.99999999999999,132.0,234.0,否
536,B6T0000001197,E3,7,13,14,5,深位,464160.0,464394.0,464496.0,101.99999999999999,234.0,336.0,否
535,B6T0000001197,E3,7,14,14,5,浅位,464160.0,464496.0,464598.0,101.99999999999999,336.0,438.0,否
530,B6T0000001197,E3,7,14,14,5,深位,464160.0,464598.0,464700.0,101.99999999999999,438.0,540.0,否
3619,B6T0000000613,E3,7,14,28,4,浅位,466260.0,466260.0,466470.0,210.00000000000003,0.0,210.0,否
3618,B6T0000000613,E3,7,14,28,4,深位,466260.0,466470.0,466680.0,210.00000000000003,210.0,420.0,否
1395,B6T0000000367,E3,7,13,24,2,浅位,465120.0,466754.0,466924.0,170.00000000000003,1634.0,1804.0,否
1389,B6T0000000367,E3,7,13,24,2,深位,465120.0,466924.0,467094.0,170.00000000000003,1804.0,1974.0,否
1401,B6T0000000367,E3,7,14,24,2,浅位,465120.0,467094.0,467264.0,170.00000000000003,1974.0,2144.0,否
1402,B6T0000000367,E3,7,14,24,2,深位,465120.0,467264.0,467434.0,170.00000000000003,2144.0,2314.0,否
3734,B6T0000001426,E1,7,13,5,11,浅位,468300.0,468300.0,468368.0,68.0,0.0,68.0,否
3735,B6T0000001426,E1,7,13,5,11,深位,468300.0,468368.0,468436.0,68.0,68.0,136.0,否
1433,B6T0000000745,E3,7,13,14,13,浅位,470700.0,471956.0,472090.0,134.0,1256.0,1390.0,否
2839,B6T0000000484,E3,7,13,27,18,浅位,471540.0,472781.0,473039.0,258.0,1241.0,1499.0,否
1238,B6T0000001022,E3,7,13,14,11,浅位,477120.0,479136.0,479262.0,125.99999999999999,2016.0,2142.0,否
1765,B6T0000001236,E3,7,13,22,8,浅位,482580.0,485731.0,485909.0,178.00000000000003,3151.0,3329.0,否
1764,B6T0000001236,E3,7,13,22,8,深位,482580.0,485909.0,486087.0,178.00000000000003,3329.0,3507.0,否
1766,B6T0000001236,E3,7,14,22,8,浅位,482580.0,486087.0,486265.0,178.00000000000003,3507.0,3685.0,否
2483,B6T0000000267,E4,7,13,44,1,浅位,486360.0,486360.0,486689.0,329.00000000000017,0.0,329.0,否
2484,B6T0000000267,E4,7,14,44,1,浅位,486360.0,486689.0,487018.0,329.00000000000017,329.0,658.0,否
2481,B6T0000000267,E4,7,13,43,10,浅位,486360.0,487018.0,487373.0,355.00000000000017,658.0,1013.0,否
2480,B6T0000000267,E4,7,13,43,10,深位,486360.0,487373.0,487728.0,355.00000000000017,1013.0,1368.0,否
3664,B6T0000001714,E1,7,14,4,8,浅位,487440.0,487728.0,487780.0,52.0,288.0,340.0,否
3665,B6T0000001714,E1,7,14,4,8,深位,487440.0,487780.0,487832.0,52.0,340.0,392.0,否
2482,B6T0000000267,E4,7,14,43,10,浅位,486360.0,487832.0,488187.0,355.00000000000017,1472.0,1827.0,否
2082,B6T0000001673,E1,7,14,2,8,浅位,487860.0,488187.0,488231.0,44.0,327.0,371.0,否
2078,B6T0000001673,E1,7,14,2,8,深位,487860.0,488231.0,488275.0,44.0,371.0,415.0,否
1858,B6T0000001858,E1,7,13,6,8,浅位,488580.0,489184.0,489244.0,60.0,604.0,664.0,否
1851,B6T0000001858,E1,7,13,6,8,深位,488580.0,489244.0,489304.0,60.0,664.0,724.0,否
1859,B6T0000001858,E1,7,14,6,8,浅位,488580.0,489304.0,489364.0,60.0,724.0,784.0,否
3260,B6T0000000607,E3,7,14,13,5,浅位,517980.0,517980.0,518074.0,94.0,0.0,94.0,否
3261,B6T0000000607,E3,7,14,13,5,深位,517980.0,518074.0,518168.0,94.0,94.0,188.0,否
2585,B6T0000000543,E3,7,13,20,21,浅位,518100.0,518640.0,518854.0,214.0,540.0,754.0,否
2588,B6T0000000543,E3,7,13,20,21,深位,518100.0,518854.0,519068.0,214.0,754.0,968.0,否
2587,B6T0000000543,E3,7,14,20,21,浅位,518100.0,519068.0,519282.0,214.0,968.0,1182.0,否
2626,B6T0000000212,E4,7,13,44,4,浅位,518940.0,519282.0,519623.0,341.00000000000017,342.0,683.0,否
2624,B6T0000000212,E4,7,13,44,4,深位,518940.0,519623.0,519964.0,341.00000000000017,683.0,1024.0,否
2625,B6T0000000212,E4,7,14,44,4,浅位,518940.0,519964.0,520305.0,341.00000000000017,1024.0,1365.0,否
2491,B6T0000000500,E3,7,14,16,2,浅位,520200.0,520305.0,520411.0,105.99999999999999,105.0,211.0,否
2493,B6T0000000500,E3,7,14,16,2,深位,520200.0,520411.0,520517.0,105.99999999999999,211.0,317.0,否
2627,B6T0000000212,E4,7,14,44,4,深位,518940.0,520517.0,520858.0,341.00000000000017,1577.0,1918.0,否
1018,B6T0000001975,E1,7,13,1,6,浅位,520740.0,521198.0,521230.0,32.0,458.0,490.0,否
1017,B6T0000001975,E1,7,13,1,6,深位,520740.0,521230.0,521262.0,32.0,490.0,522.0,否
1015,B6T0000001975,E1,7,14,1,6,浅位,520740.0,521262.0,521294.0,32.0,522.0,554.0,否
1014,B6T0000001975,E1,7,14,1,6,深位,520740.0,521294.0,521326.0,32.0,554.0,586.0,否
852,B6T0000001220,E3,7,13,9,12,浅位,520980.0,521378.0,521468.0,90.0,398.0,488.0,否
851,B6T0000001220,E3,7,13,9,12,深位,520980.0,521468.0,521558.0,90.0,488.0,578.0,否
850,B6T0000001220,E3,7,14,9,12,浅位,520980.0,521558.0,521648.0,90.0,578.0,668.0,否
847,B6T0000001220,E3,7,14,9,12,深位,520980.0,521648.0,521738.0,90.0,668.0,758.0,否
409,B6T0000000050,E4,7,13,44,3,浅位,519300.0,525002.0,525339.0,337.00000000000017,5702.0,6039.0,否
423,B6T0000000050,E4,7,13,44,3,深位,519300.0,525339.0,525676.0,337.00000000000017,6039.0,6376.0,否
420,B6T0000000050,E4,7,14,44,3,浅位,519300.0,525676.0,526013.0,337.00000000000017,6376.0,6713.0,否
416,B6T0000000050,E4,7,14,44,3,深位,519300.0,526013.0,526350.0,337.00000000000017,6713.0,7050.0,否
599,B6T0000000247,E4,7,13,45,2,浅位,521520.0,528059.0,528402.0,343.00000000000017,6539.0,6882.0,否
3439,B6T0000001323,E1,7,13,3,11,浅位,528060.0,528402.0,528462.0,60.0,342.0,402.0,否
3438,B6T0000001323,E1,7,13,3,11,深位,528060.0,528462.0,528522.0,60.0,402.0,462.0,否
603,B6T0000000247,E4,7,13,45,2,深位,521520.0,528522.0,528865.0,343.00000000000017,7002.0,7345.0,否
602,B6T0000000247,E4,7,14,45,2,浅位,521520.0,528865.0,529208.0,343.00000000000017,7345.0,7688.0,否
609,B6T0000000247,E4,7,14,45,2,深位,521520.0,529208.0,529551.0,343.00000000000017,7688.0,8031.0,否
3421,B6T0000000131,E4,7,14,45,10,深位,530400.0,530400.0,530775.0,375.00000000000017,0.0,375.0,否
3420,B6T0000000131,E4,7,14,46,8,深位,530400.0,530775.0,531152.0,377.00000000000017,375.0,752.0,否
2470,B6T0000001437,E1,7,14,6,9,浅位,546660.0,546660.0,546724.0,64.0,0.0,64.0,否
2474,B6T0000001437,E1,7,14,6,9,深位,546660.0,546724.0,546788.0,64.0,64.0,128.0,否
2473,B6T0000001437,E1,7,13,5,12,浅位,546660.0,546788.0,546860.0,72.0,128.0,200.0,否
2472,B6T0000001437,E1,7,13,9,10,浅位,546660.0,546860.0,546942.0,82.0,200.0,282.0,否
2471,B6T0000001437,E1,7,13,9,10,深位,546660.0,546942.0,547024.0,82.0,282.0,364.0,否
3183,B6T0000001557,E1,7,13,2,4,深位,549900.0,549900.0,549928.0,28.0,0.0,28.0,否
3181,B6T0000001557,E1,7,13,4,2,深位,549900.0,549928.0,549956.0,28.0,28.0,56.0,否
3182,B6T0000001557,E1,7,13,4,3,深位,549900.0,549956.0,549988.0,32.0,56.0,88.0,否
2914,B6T0000000552,E3,7,14,14,2,浅位,556200.0,556200.0,556290.0,89.99999999999999,0.0,90.0,否
2916,B6T0000000552,E3,7,14,14,2,深位,556200.0,556290.0,556380.0,89.99999999999999,90.0,180.0,否
2915,B6T0000000552,E3,7,13,10,10,浅位,556200.0,556380.0,556470.0,90.0,180.0,270.0,否
1251,B6T0000000799,E3,7,13,16,9,浅位,555960.0,557724.0,557858.0,134.0,1764.0,1898.0,否
1259,B6T0000000799,E3,7,13,16,9,深位,555960.0,557858.0,557992.0,134.0,1898.0,2032.0,否
1250,B6T0000000799,E3,7,14,16,9,浅位,555960.0,557992.0,558126.0,134.0,2032.0,2166.0,否
1249,B6T0000000799,E3,7,14,16,9,深位,555960.0,558126.0,558260.0,134.0,2166.0,2300.0,否
1076,B6T0000000178,E4,7,13,43,7,浅位,558720.0,559466.0,559809.0,343.00000000000017,746.0,1089.0,否
1072,B6T0000000178,E4,7,13,43,7,深位,558720.0,559809.0,560152.0,343.00000000000017,1089.0,1432.0,否
1088,B6T0000000178,E4,7,14,43,7,浅位,558720.0,560152.0,560495.0,343.00000000000017,1432.0,1775.0,否
1087,B6T0000000178,E4,7,14,43,7,深位,558720.0,560495.0,560838.0,343.00000000000017,1775.0,2118.0,否
3336,B6T0000001974,E1,7,14,3,3,深位,569520.0,569520.0,569548.0,28.0,0.0,28.0,否
3337,B6T0000001974,E1,7,13,3,9,浅位,569520.0,569548.0,569600.0,52.0,28.0,80.0,否
2575,B6T0000001934,E1,7,14,2,4,浅位,572820.0,572820.0,572848.0,28.0,0.0,28.0,否
2576,B6T0000001934,E1,7,14,2,4,深位,572820.0,572848.0,572876.0,28.0,28.0,56.0,否
