堆垛机编号,巷道号,任务类型,订单号,原材料编号,箱子类型,到达时刻(s),开始时刻(s),完成时刻(s),操作时间(s),等待时间(s),流动时间(s),货架号,层(z),列(x),深浅位,是否复合
1,1,outbound,3639,B6T0000001187,E3,240.0,240.0,606.0,366.00000000000006,0.0,366.0,1,31,37,浅位,否
1,1,outbound,3638,B6T0000001187,E3,240.0,606.0,972.0,366.00000000000006,366.0,732.0,1,31,37,深位,否
1,1,outbound,3036,B6T0000001703,E1,3300.0,3300.0,3436.0,136.0,0.0,136.0,1,2,31,浅位,否
1,1,outbound,3035,B6T0000001703,E1,3300.0,3447.0,3578.0,131.0,147.0,278.0,1,2,31,深位,是
1,1,inbound,IN0653,B6T0000001972,E1,3360.0,3436.0,3447.0,11.0,76.0,87.0,2,2,1,深位,是
1,1,outbound,3034,B6T0000001703,E1,3300.0,3593.0,3720.0,127.0,293.0,420.0,2,2,31,浅位,是
1,1,inbound,IN0653,B6T0000001972,E1,3360.0,3578.0,3593.0,15.0,218.0,233.0,2,1,4,深位,是
1,1,inbound,IN0653,B6T0000001972,E1,3360.0,3720.0,3743.0,23.0,360.0,383.0,2,7,2,深位,否
1,1,outbound,2525,B6T0000001776,E1,7500.0,7884.0,7984.0,100.0,384.0,484.0,1,7,17,浅位,否
1,1,outbound,483,B6T0000001101,E3,9300.0,9300.0,9394.0,94.0,0.0,94.0,2,12,7,浅位,否
1,1,outbound,484,B6T0000001101,E3,9300.0,9394.0,9488.0,94.0,94.0,188.0,2,12,7,深位,否
1,1,inbound,IN0192,B6T0000000557,E3,9960.0,9960.0,10004.0,44.0,0.0,44.0,2,11,6,深位,否
1,1,inbound,IN0192,B6T0000000557,E3,9960.0,10042.0,10092.0,50.0,82.0,132.0,2,12,7,浅位,否
1,1,inbound,IN0192,B6T0000000557,E3,9960.0,10136.0,10186.0,50.0,176.0,226.0,2,12,7,深位,否
1,1,inbound,IN0241,B6T0000000704,E3,12000.0,12000.0,12058.0,57.99999999999999,0.0,58.0,2,15,5,深位,否
1,1,inbound,IN0241,B6T0000000704,E3,12000.0,12110.0,12184.0,74.0,110.0,184.0,1,10,23,深位,否
1,1,outbound,2612,B6T0000000877,E3,13860.0,13860.0,14034.0,174.0,0.0,174.0,1,9,33,浅位,否
1,1,outbound,2613,B6T0000000877,E3,13860.0,14034.0,14208.0,174.0,174.0,348.0,1,9,33,深位,否
1,1,outbound,2614,B6T0000000877,E3,13860.0,14208.0,14382.0,174.0,348.0,522.0,2,9,33,浅位,否
1,1,outbound,2615,B6T0000000877,E3,13860.0,14382.0,14556.0,174.0,522.0,696.0,2,9,33,深位,否
1,1,outbound,3220,B6T0000001266,E3,15180.0,15180.0,15402.0,222.0,0.0,222.0,1,9,45,浅位,否
1,1,outbound,3222,B6T0000001266,E3,15180.0,15402.0,15624.0,222.0,222.0,444.0,1,9,45,深位,否
1,1,outbound,3221,B6T0000001266,E3,15180.0,15624.0,15846.0,222.0,444.0,666.0,2,9,45,浅位,否
1,1,inbound,IN0302,B6T0000000907,E3,15960.0,15960.0,16038.0,78.0,0.0,78.0,2,13,19,深位,否
1,1,inbound,IN0302,B6T0000000907,E3,15960.0,16110.0,16190.0,80.0,150.0,230.0,1,13,20,深位,否
1,1,outbound,3390,B6T0000001652,E1,16620.0,16620.0,16804.0,184.0,0.0,184.0,1,1,44,浅位,否
1,1,outbound,3391,B6T0000001652,E1,16620.0,16804.0,16988.0,184.0,184.0,368.0,1,1,44,深位,否
1,1,outbound,1507,B6T0000000118,E4,17760.0,17760.0,18115.0,355.00000000000017,0.0,355.0,1,43,10,浅位,否
1,1,outbound,1506,B6T0000000118,E4,17760.0,18115.0,18470.0,355.00000000000017,355.0,710.0,1,43,10,深位,否
1,1,outbound,1509,B6T0000000118,E4,17760.0,18470.0,18825.0,355.00000000000017,710.0,1065.0,2,43,10,浅位,否
1,1,outbound,1510,B6T0000000118,E4,17760.0,18825.0,19180.0,355.00000000000017,1065.0,1420.0,2,43,10,深位,否
1,1,outbound,587,B6T0000001238,E3,19080.0,21438.0,21548.0,109.99999999999999,2358.0,2468.0,1,16,3,浅位,否
1,1,outbound,708,B6T0000000313,E4,19560.0,22376.0,22723.0,347.00000000000017,2816.0,3163.0,1,45,3,浅位,否
1,1,outbound,709,B6T0000000313,E4,19560.0,22723.0,23070.0,347.00000000000017,3163.0,3510.0,1,45,3,深位,否
1,1,outbound,710,B6T0000000313,E4,19560.0,23070.0,23417.0,347.00000000000017,3510.0,3857.0,2,45,3,浅位,否
1,1,outbound,712,B6T0000000313,E4,19560.0,23417.0,23764.0,347.00000000000017,3857.0,4204.0,2,45,3,深位,否
1,1,outbound,741,B6T0000000140,E4,25680.0,25680.0,26019.0,339.00000000000017,0.0,339.0,1,43,6,浅位,否
1,1,outbound,742,B6T0000000140,E4,25680.0,26019.0,26358.0,339.00000000000017,339.0,678.0,1,43,6,深位,否
1,1,outbound,895,B6T0000000488,E3,25680.0,26540.0,26646.0,106.0,860.0,966.0,1,13,8,浅位,否
1,1,outbound,897,B6T0000000488,E3,25680.0,26646.0,26752.0,106.0,966.0,1072.0,1,13,8,深位,否
1,1,outbound,898,B6T0000000488,E3,25680.0,26752.0,26858.0,106.0,1072.0,1178.0,2,13,8,浅位,否
1,1,outbound,896,B6T0000000488,E3,25680.0,26858.0,26964.0,106.0,1178.0,1284.0,2,13,8,深位,否
1,1,outbound,3059,B6T0000001131,E3,26820.0,27528.0,27762.0,234.0,708.0,942.0,1,17,32,浅位,否
1,1,inbound,IN0166,B6T0000000487,E3,28980.0,28980.0,29036.0,56.0,0.0,56.0,1,13,8,浅位,否
1,1,inbound,IN0575,B6T0000001707,E1,29040.0,29086.0,29111.0,25.0,46.0,71.0,1,7,3,深位,否
1,1,inbound,IN0575,B6T0000001707,E1,29040.0,29130.0,29159.0,29.0,90.0,119.0,1,8,4,深位,否
1,1,inbound,IN0575,B6T0000001707,E1,29040.0,29182.0,29211.0,29.0,142.0,171.0,2,4,8,深位,否
1,1,inbound,IN0166,B6T0000000487,E3,28980.0,29234.0,29290.0,56.0,254.0,310.0,1,13,8,深位,否
1,1,inbound,IN0390,B6T0000001187,E3,29160.0,29340.0,29396.0,56.0,180.0,236.0,2,13,8,浅位,否
1,1,inbound,IN0390,B6T0000001187,E3,29160.0,29446.0,29502.0,56.0,286.0,342.0,2,13,8,深位,否
1,1,inbound,IN0390,B6T0000001187,E3,29160.0,29552.0,29610.0,57.99999999999999,392.0,450.0,1,16,3,浅位,否
1,1,inbound,IN0070,B6T0000000198,E4,29340.0,29662.0,29834.5,172.50000000000009,322.0,494.5,1,43,6,浅位,否
1,1,inbound,IN0070,B6T0000000198,E4,29340.0,30001.0,30173.5,172.50000000000009,661.0,833.5,1,43,6,深位,否
1,1,inbound,IN0070,B6T0000000198,E4,29340.0,30340.0,30514.5,174.50000000000009,1000.0,1174.5,1,43,7,深位,否
1,1,inbound,IN0070,B6T0000000198,E4,29340.0,30683.0,30859.5,176.50000000000009,1343.0,1519.5,1,45,3,浅位,否
1,1,inbound,IN0070,B6T0000000198,E4,29340.0,31030.0,31206.5,176.50000000000009,1690.0,1866.5,1,45,3,深位,否
1,1,inbound,IN0070,B6T0000000198,E4,29340.0,31377.0,31553.5,176.50000000000009,2037.0,2213.5,2,45,3,浅位,否
1,1,outbound,750,B6T0000000140,E4,25680.0,31900.5,32087.0,186.50000000000009,6220.5,6407.0,1,46,2,浅位,是
1,1,inbound,IN0070,B6T0000000198,E4,29340.0,31724.0,31900.5,176.50000000000009,2384.0,2560.5,2,45,3,深位,是
1,1,outbound,749,B6T0000000140,E4,25680.0,32266.5,32446.0,179.50000000000009,6586.5,6766.0,1,46,2,深位,是
1,1,inbound,IN0070,B6T0000000198,E4,29340.0,32087.0,32266.5,179.50000000000009,2747.0,2926.5,1,46,2,浅位,是
1,1,outbound,747,B6T0000000140,E4,25680.0,32625.5,32805.0,179.50000000000009,6945.5,7125.0,2,46,2,浅位,是
1,1,inbound,IN0070,B6T0000000198,E4,29340.0,32446.0,32625.5,179.50000000000009,3106.0,3285.5,1,46,2,深位,是
1,1,outbound,733,B6T0000000140,E4,25680.0,32984.5,33164.0,179.50000000000009,7304.5,7484.0,2,46,2,深位,是
1,1,inbound,IN0070,B6T0000000198,E4,29340.0,32805.0,32984.5,179.50000000000009,3465.0,3644.5,2,46,2,浅位,是
1,1,inbound,IN0260,B6T0000000765,E3,32820.0,33164.0,33252.0,88.00000000000001,344.0,432.0,2,22,6,深位,否
1,1,inbound,IN0260,B6T0000000765,E3,32820.0,33334.0,33424.0,90.0,514.0,604.0,1,9,33,浅位,否
1,1,inbound,IN0260,B6T0000000765,E3,32820.0,33508.0,33598.0,90.0,688.0,778.0,1,9,33,深位,否
1,1,outbound,3269,B6T0000001653,E1,33660.0,33772.0,33890.0,118.0,112.0,230.0,1,1,40,浅位,是
1,1,inbound,IN0260,B6T0000000765,E3,32820.0,33682.0,33772.0,90.0,862.0,952.0,2,9,33,浅位,是
1,1,outbound,3268,B6T0000001653,E1,33660.0,33980.0,34098.0,118.0,320.0,438.0,1,1,40,深位,是
1,1,inbound,IN0260,B6T0000000765,E3,32820.0,33890.0,33980.0,90.0,1070.0,1160.0,2,9,33,深位,是
1,1,inbound,IN0260,B6T0000000765,E3,32820.0,34098.0,34192.0,94.0,1278.0,1372.0,1,15,23,深位,否
1,1,inbound,IN0179,B6T0000000514,E3,33000.0,34280.0,34378.0,98.0,1280.0,1378.0,2,17,21,深位,否
1,1,inbound,IN0179,B6T0000000514,E3,33000.0,34470.0,34580.0,110.0,1470.0,1580.0,1,13,35,深位,否
1,1,inbound,IN0179,B6T0000000514,E3,33000.0,34684.0,34798.0,114.0,1684.0,1798.0,1,9,45,浅位,否
1,1,inbound,IN0353,B6T0000001093,E3,33060.0,34906.0,35020.0,114.0,1846.0,1960.0,1,9,45,深位,否
1,1,inbound,IN0353,B6T0000001093,E3,33060.0,35128.0,35242.0,114.0,2068.0,2182.0,2,9,45,浅位,否
1,1,inbound,IN0353,B6T0000001093,E3,33060.0,35350.0,35464.0,114.00000000000001,2290.0,2404.0,2,22,19,深位,否
1,1,inbound,IN0353,B6T0000001093,E3,33060.0,35572.0,35692.0,120.0,2512.0,2632.0,1,17,32,浅位,否
1,1,inbound,IN0270,B6T0000000816,E3,33480.0,35806.0,35926.0,120.00000000000003,2326.0,2446.0,2,21,24,深位,否
1,1,inbound,IN0270,B6T0000000816,E3,33480.0,36040.0,36162.0,122.0,2560.0,2682.0,1,11,45,深位,否
1,1,inbound,IN0270,B6T0000000816,E3,33480.0,36278.0,36400.0,122.00000000000001,2798.0,2920.0,2,27,13,深位,否
1,1,inbound,IN0270,B6T0000000816,E3,33480.0,36516.0,36640.0,124.00000000000001,3036.0,3160.0,1,23,22,深位,否
1,1,inbound,IN0270,B6T0000000816,E3,33480.0,36758.0,36888.0,130.0,3278.0,3408.0,2,25,21,深位,否
1,1,inbound,IN0070,B6T0000000198,E4,29340.0,37012.0,37191.5,179.50000000000009,7672.0,7851.5,2,46,2,深位,否
1,1,outbound,3478,B6T0000000833,E3,37200.0,37545.5,37894.0,348.5000000000001,345.5,694.0,2,11,52,浅位,是
1,1,inbound,IN0070,B6T0000000198,E4,29340.0,37365.0,37545.5,180.50000000000009,8025.0,8205.5,1,43,10,浅位,是
1,1,outbound,3479,B6T0000000833,E3,37200.0,38074.5,38423.0,348.5000000000001,874.5,1223.0,2,11,52,深位,是
1,1,inbound,IN0070,B6T0000000198,E4,29340.0,37894.0,38074.5,180.50000000000009,8554.0,8734.5,1,43,10,深位,是
1,1,inbound,IN0070,B6T0000000198,E4,29340.0,38423.0,38603.5,180.50000000000009,9083.0,9263.5,2,43,10,浅位,否
1,1,inbound,IN0070,B6T0000000198,E4,29340.0,38778.0,38958.5,180.50000000000009,9438.0,9618.5,2,43,10,深位,否
1,1,inbound,IN0070,B6T0000000198,E4,29340.0,39133.0,39322.5,189.50000000000009,9793.0,9982.5,2,48,2,深位,否
1,1,inbound,IN0070,B6T0000000198,E4,29340.0,39506.0,39699.5,193.50000000000009,10166.0,10359.5,2,44,14,深位,否
1,1,inbound,IN0070,B6T0000000198,E4,29340.0,39887.0,40088.5,201.50000000000009,10547.0,10748.5,1,44,18,深位,否
1,1,inbound,IN0070,B6T0000000198,E4,29340.0,40284.0,40499.5,215.50000000000009,10944.0,11159.5,1,50,10,深位,否
1,1,outbound,1970,B6T0000000437,E3,42600.0,42600.0,42754.0,154.0,0.0,154.0,2,13,20,浅位,否
1,1,outbound,1971,B6T0000000437,E3,42600.0,42754.0,42908.0,154.0,154.0,308.0,2,13,20,深位,否
1,1,outbound,2100,B6T0000001607,E1,43440.0,43712.0,43784.0,72.0,272.0,344.0,1,7,10,浅位,否
1,1,outbound,2099,B6T0000001607,E1,43440.0,43784.0,43856.0,72.0,344.0,416.0,1,7,10,深位,否
1,1,outbound,2102,B6T0000001607,E1,43440.0,43856.0,43928.0,72.0,416.0,488.0,2,7,10,浅位,否
1,1,outbound,2058,B6T0000000120,E4,43980.0,43980.0,44359.0,379.00000000000017,0.0,379.0,1,45,11,浅位,否
1,1,outbound,2063,B6T0000000120,E4,43980.0,44439.0,44780.0,341.00000000000017,459.0,800.0,1,45,11,深位,是
1,1,inbound,IN0357,B6T0000001102,E3,44160.0,44359.0,44439.0,80.0,199.0,279.0,2,13,20,浅位,是
1,1,outbound,2062,B6T0000000120,E4,43980.0,44860.0,45201.0,341.00000000000017,880.0,1221.0,2,45,11,浅位,是
1,1,inbound,IN0357,B6T0000001102,E3,44160.0,44780.0,44860.0,80.0,620.0,700.0,2,13,20,深位,是
1,1,outbound,2061,B6T0000000120,E4,43980.0,45337.0,45750.0,413.00000000000017,1357.0,1770.0,2,45,11,深位,是
1,1,inbound,IN0357,B6T0000001102,E3,44160.0,45201.0,45337.0,136.0,1041.0,1177.0,2,11,52,浅位,是
1,1,inbound,IN0357,B6T0000001102,E3,44160.0,45750.0,45886.0,136.0,1590.0,1726.0,2,11,52,深位,否
1,1,inbound,IN0357,B6T0000001102,E3,44160.0,46016.0,46160.0,144.0,1856.0,2000.0,1,14,50,深位,否
1,1,inbound,IN0357,B6T0000001102,E3,44160.0,46298.0,46450.0,152.0,2138.0,2290.0,1,9,64,浅位,否
1,1,outbound,432,B6T0000000678,E3,46320.0,46748.0,46900.0,152.0,428.0,580.0,1,9,10,浅位,是
1,1,inbound,IN0357,B6T0000001102,E3,44160.0,46596.0,46748.0,152.0,2436.0,2588.0,1,9,64,深位,是
1,1,outbound,431,B6T0000000678,E3,46320.0,46944.0,46988.0,44.0,624.0,668.0,1,9,10,深位,是
1,1,inbound,IN0357,B6T0000001102,E3,44160.0,46900.0,46944.0,44.0,2740.0,2784.0,1,9,10,浅位,是
1,1,inbound,IN0341,B6T0000001046,E3,46980.0,46988.0,47032.0,44.0,8.0,52.0,1,9,10,深位,否
1,1,inbound,IN0341,B6T0000001046,E3,46980.0,47070.0,47222.0,152.0,90.0,242.0,2,9,64,浅位,否
1,1,inbound,IN0357,B6T0000001102,E3,44160.0,47368.0,47520.0,152.0,3208.0,3360.0,2,9,64,深位,否
1,1,inbound,IN0357,B6T0000001102,E3,44160.0,47666.0,47818.0,152.0,3506.0,3658.0,2,12,58,深位,否
1,1,inbound,IN0357,B6T0000001102,E3,44160.0,47964.0,48118.0,154.0,3804.0,3958.0,1,9,65,浅位,否
1,1,inbound,IN0357,B6T0000001102,E3,44160.0,48266.0,48420.0,154.0,4106.0,4260.0,1,9,65,深位,否
1,1,inbound,IN0357,B6T0000001102,E3,44160.0,48568.0,48722.0,154.0,4408.0,4562.0,1,10,63,浅位,否
1,1,inbound,IN0357,B6T0000001102,E3,44160.0,48870.0,49024.0,154.0,4710.0,4864.0,1,10,63,深位,否
1,1,inbound,IN0432,B6T0000001312,E3,44640.0,49172.0,49326.0,154.0,4532.0,4686.0,2,9,65,浅位,否
1,1,inbound,IN0432,B6T0000001312,E3,44640.0,49474.0,49628.0,154.0,4834.0,4988.0,2,9,65,深位,否
1,1,inbound,IN0432,B6T0000001312,E3,44640.0,49776.0,49930.0,154.0,5136.0,5290.0,2,10,63,浅位,否
1,1,inbound,IN0432,B6T0000001312,E3,44640.0,50078.0,50232.0,154.0,5438.0,5592.0,2,10,63,深位,否
1,1,inbound,IN0487,B6T0000001471,E1,50280.0,50380.0,50413.0,33.0,100.0,133.0,2,4,10,深位,否
1,1,inbound,IN0487,B6T0000001471,E1,50280.0,50440.0,50477.0,37.0,160.0,197.0,1,3,13,深位,否
1,1,inbound,IN0487,B6T0000001471,E1,50280.0,50508.0,50545.0,37.0,228.0,265.0,2,6,10,深位,否
1,1,inbound,IN0487,B6T0000001471,E1,50280.0,50576.0,50613.0,37.0,296.0,333.0,1,4,12,深位,否
1,1,inbound,IN0487,B6T0000001471,E1,50280.0,50644.0,50683.0,39.0,364.0,403.0,1,7,10,浅位,否
1,1,inbound,IN0487,B6T0000001471,E1,50280.0,50716.0,50755.0,39.0,436.0,475.0,1,7,10,深位,否
1,1,inbound,IN0487,B6T0000001471,E1,50280.0,50788.0,50827.0,39.0,508.0,547.0,2,7,10,浅位,否
1,1,inbound,IN0487,B6T0000001471,E1,50280.0,50860.0,50903.0,43.0,580.0,623.0,1,4,15,深位,否
1,1,outbound,427,B6T0000000678,E3,51600.0,51600.0,51682.0,82.0,0.0,82.0,2,9,10,浅位,否
1,1,outbound,428,B6T0000000678,E3,51600.0,51682.0,51764.0,82.0,82.0,164.0,2,9,10,深位,否
1,1,outbound,2166,B6T0000001771,E1,52020.0,52064.0,52116.0,52.0,44.0,96.0,1,5,12,浅位,是
1,1,inbound,IN0416,B6T0000001271,E3,52020.0,52020.0,52064.0,44.0,0.0,44.0,2,9,10,浅位,是
1,1,outbound,2167,B6T0000001771,E1,52020.0,52160.0,52212.0,52.0,140.0,192.0,1,5,12,深位,是
1,1,inbound,IN0416,B6T0000001271,E3,52020.0,52116.0,52160.0,44.0,96.0,140.0,2,9,10,深位,是
1,1,outbound,2168,B6T0000001771,E1,52020.0,52366.0,52520.0,154.0,346.0,500.0,2,5,12,浅位,是
1,1,inbound,IN0416,B6T0000001271,E3,52020.0,52212.0,52366.0,154.0,192.0,346.0,2,11,61,深位,是
1,1,outbound,2165,B6T0000001771,E1,52020.0,52676.0,52832.0,156.0,656.0,812.0,2,5,12,深位,是
1,1,inbound,IN0416,B6T0000001271,E3,52020.0,52520.0,52676.0,156.0,500.0,656.0,1,9,66,浅位,是
1,1,inbound,IN0416,B6T0000001271,E3,52020.0,52832.0,52988.0,156.0,812.0,968.0,1,9,66,深位,否
1,1,inbound,IN0416,B6T0000001271,E3,52020.0,53138.0,53294.0,156.0,1118.0,1274.0,1,10,64,浅位,否
1,1,inbound,IN0489,B6T0000001474,E1,53160.0,53444.0,53483.0,39.0,284.0,323.0,1,5,12,浅位,否
1,1,inbound,IN0489,B6T0000001474,E1,53160.0,53516.0,53555.0,39.0,356.0,395.0,1,5,12,深位,否
1,1,inbound,IN0489,B6T0000001474,E1,53160.0,53588.0,53627.0,39.0,428.0,467.0,2,5,12,浅位,否
1,1,inbound,IN0416,B6T0000001271,E3,52020.0,53660.0,53816.0,156.0,1640.0,1796.0,1,10,64,深位,否
1,1,outbound,3301,B6T0000000085,E4,53880.0,54005.0,54427.0,422.00000000000017,125.0,547.0,1,45,30,浅位,是
1,1,inbound,IN0552,B6T0000001648,E1,53760.0,53966.0,54005.0,39.0,206.0,245.0,2,5,12,深位,是
1,1,outbound,3300,B6T0000000085,E4,53880.0,54474.0,54888.0,414.00000000000017,594.0,1008.0,1,45,30,深位,是
1,1,inbound,IN0552,B6T0000001648,E1,53760.0,54427.0,54474.0,47.0,667.0,714.0,1,4,17,深位,是
1,1,outbound,1938,B6T0000001937,E1,54360.0,54937.0,54986.0,49.0,577.0,626.0,1,8,8,浅位,是
1,1,inbound,IN0552,B6T0000001648,E1,53760.0,54888.0,54937.0,49.0,1128.0,1177.0,1,8,14,深位,是
1,1,outbound,1939,B6T0000001937,E1,54360.0,55023.0,55060.0,37.0,663.0,700.0,1,8,8,深位,是
1,1,inbound,IN0552,B6T0000001648,E1,53760.0,54986.0,55023.0,37.0,1226.0,1263.0,1,8,8,浅位,是
1,1,outbound,1940,B6T0000001937,E1,54360.0,55097.0,55134.0,37.0,737.0,774.0,2,8,8,浅位,是
1,1,inbound,IN0552,B6T0000001648,E1,53760.0,55060.0,55097.0,37.0,1300.0,1337.0,1,8,8,深位,是
1,1,outbound,1934,B6T0000001937,E1,54360.0,55171.0,55208.0,37.0,811.0,848.0,2,8,8,深位,是
1,1,inbound,IN0552,B6T0000001648,E1,53760.0,55134.0,55171.0,37.0,1374.0,1411.0,2,8,8,浅位,是
1,1,outbound,3596,B6T0000000222,E4,55200.0,55245.0,55707.0,462.00000000000017,45.0,507.0,1,44,42,浅位,是
1,1,inbound,IN0552,B6T0000001648,E1,53760.0,55208.0,55245.0,37.0,1448.0,1485.0,2,8,8,深位,是
1,1,outbound,3597,B6T0000000222,E4,55200.0,55758.0,56206.0,448.0000000000001,558.0,1006.0,1,44,42,深位,是
1,1,inbound,IN0552,B6T0000001648,E1,53760.0,55707.0,55758.0,51.0,1947.0,1998.0,1,5,18,深位,是
1,1,inbound,IN0552,B6T0000001648,E1,53760.0,56206.0,56257.0,51.0,2446.0,2497.0,2,6,17,深位,否
1,1,inbound,IN0552,B6T0000001648,E1,53760.0,56302.0,56355.0,53.0,2542.0,2595.0,1,1,23,深位,否
1,1,inbound,IN0552,B6T0000001648,E1,53760.0,56402.0,56455.0,53.0,2642.0,2695.0,1,7,17,浅位,否
1,1,inbound,IN0416,B6T0000001271,E3,52020.0,56502.0,56658.0,156.0,4482.0,4638.0,1,11,62,浅位,否
1,1,inbound,IN0416,B6T0000001271,E3,52020.0,56808.0,56964.0,156.0,4788.0,4944.0,1,11,62,深位,否
1,1,outbound,1537,B6T0000000088,E4,55680.0,57270.0,57725.0,455.0000000000002,1590.0,2045.0,1,48,4,浅位,是
1,1,inbound,IN0416,B6T0000001271,E3,52020.0,57114.0,57270.0,156.0,5094.0,5250.0,1,12,60,浅位,是
1,1,outbound,1536,B6T0000000088,E4,55680.0,57881.0,58336.0,455.0000000000002,2201.0,2656.0,1,48,4,深位,是
1,1,inbound,IN0416,B6T0000001271,E3,52020.0,57725.0,57881.0,156.0,5705.0,5861.0,1,12,60,深位,是
1,1,outbound,1535,B6T0000000088,E4,55680.0,58492.0,58971.0,479.0000000000002,2812.0,3291.0,2,48,4,浅位,是
1,1,inbound,IN0416,B6T0000001271,E3,52020.0,58336.0,58492.0,156.0,6316.0,6472.0,2,9,66,浅位,是
1,1,outbound,1534,B6T0000000088,E4,55680.0,59127.0,59606.0,479.0000000000002,3447.0,3926.0,2,48,4,深位,是
1,1,inbound,IN0416,B6T0000001271,E3,52020.0,58971.0,59127.0,156.0,6951.0,7107.0,2,9,66,深位,是
1,1,inbound,IN0416,B6T0000001271,E3,52020.0,59606.0,59762.0,156.0,7586.0,7742.0,2,10,64,浅位,否
1,1,inbound,IN0416,B6T0000001271,E3,52020.0,59912.0,60068.0,156.0,7892.0,8048.0,2,10,64,深位,否
1,1,outbound,3304,B6T0000000643,E3,86340.0,86340.0,86694.0,354.0000000000001,0.0,354.0,2,40,16,浅位,否
1,1,outbound,3305,B6T0000000643,E3,86340.0,86694.0,87048.0,354.0000000000001,354.0,708.0,2,40,16,深位,否
1,1,outbound,1381,B6T0000000104,E4,86820.0,87048.0,87399.0,351.00000000000017,228.0,579.0,1,43,9,浅位,否
1,1,outbound,635,B6T0000000469,E3,87120.0,87399.0,87485.0,86.0,279.0,365.0,1,9,11,浅位,否
1,1,outbound,634,B6T0000000469,E3,87120.0,87485.0,87571.0,86.0,365.0,451.0,1,9,11,深位,否
1,1,outbound,633,B6T0000000469,E3,87120.0,87571.0,87657.0,86.0,451.0,537.0,2,9,11,浅位,否
1,1,outbound,638,B6T0000000469,E3,87120.0,87657.0,87743.0,86.0,537.0,623.0,2,9,11,深位,否
1,1,outbound,2436,B6T0000001589,E1,87720.0,87743.0,87827.0,84.0,23.0,107.0,2,2,18,浅位,否
1,1,outbound,2439,B6T0000001589,E1,87720.0,87827.0,87911.0,84.0,107.0,191.0,2,2,18,深位,否
1,1,outbound,2161,B6T0000001774,E1,87840.0,87911.0,87979.0,68.0,71.0,139.0,2,3,13,浅位,否
1,1,outbound,2160,B6T0000001774,E1,87840.0,87979.0,88047.0,68.0,139.0,207.0,2,3,13,深位,否
1,1,outbound,3048,B6T0000000848,E3,87060.0,88047.0,88249.0,202.0,987.0,1189.0,1,9,40,浅位,否
1,1,outbound,188,B6T0000000932,E3,88140.0,88249.0,88323.0,74.0,109.0,183.0,1,9,8,浅位,否
1,1,outbound,1687,B6T0000001375,E1,88320.0,88323.0,88371.0,48.0,3.0,51.0,1,2,9,浅位,否
1,1,outbound,1696,B6T0000001375,E1,88320.0,88371.0,88419.0,48.0,51.0,99.0,1,2,9,深位,否
1,1,outbound,1688,B6T0000001375,E1,88320.0,88419.0,88467.0,48.0,99.0,147.0,2,2,9,浅位,否
1,1,outbound,1695,B6T0000001375,E1,88320.0,88467.0,88515.0,48.0,147.0,195.0,2,2,9,深位,否
1,1,outbound,3046,B6T0000000848,E3,87060.0,88515.0,88717.0,202.0,1455.0,1657.0,1,9,40,深位,否
1,1,outbound,469,B6T0000001382,E1,88620.0,88717.0,88745.0,28.0,97.0,125.0,1,2,4,浅位,否
1,1,outbound,800,B6T0000000540,E3,88620.0,88785.0,88841.0,56.0,165.0,221.0,1,9,12,浅位,是
1,1,inbound,IN0399,B6T0000001209,E3,88740.0,88745.0,88785.0,40.0,5.0,45.0,1,9,8,浅位,是
1,1,outbound,801,B6T0000000540,E3,88620.0,88887.0,88937.0,50.0,267.0,317.0,1,9,12,深位,是
1,1,inbound,IN0399,B6T0000001209,E3,88740.0,88841.0,88887.0,46.0,101.0,147.0,1,9,11,浅位,是
1,1,outbound,802,B6T0000000540,E3,88620.0,88983.0,89033.0,50.0,363.0,413.0,2,9,12,浅位,是
1,1,inbound,IN0399,B6T0000001209,E3,88740.0,88937.0,88983.0,46.0,197.0,243.0,1,9,11,深位,是
1,1,outbound,799,B6T0000000540,E3,88620.0,89079.0,89129.0,50.0,459.0,509.0,2,9,12,深位,是
1,1,inbound,IN0399,B6T0000001209,E3,88740.0,89033.0,89079.0,46.0,293.0,339.0,2,9,11,浅位,是
1,1,outbound,181,B6T0000000932,E3,89040.0,89175.0,89221.0,46.0,135.0,181.0,1,9,8,深位,是
1,1,inbound,IN0399,B6T0000001209,E3,88740.0,89129.0,89175.0,46.0,389.0,435.0,2,9,11,深位,是
1,1,outbound,180,B6T0000000932,E3,89040.0,89261.0,89301.0,40.0,221.0,261.0,2,9,8,浅位,是
1,1,inbound,IN0399,B6T0000001209,E3,88740.0,89221.0,89261.0,40.0,481.0,521.0,1,9,8,深位,是
1,1,outbound,179,B6T0000000932,E3,89040.0,89341.0,89381.0,40.0,301.0,341.0,2,9,8,深位,是
1,1,inbound,IN0399,B6T0000001209,E3,88740.0,89301.0,89341.0,40.0,561.0,601.0,2,9,8,浅位,是
1,1,outbound,3047,B6T0000000848,E3,87060.0,89421.0,89589.0,168.0,2361.0,2529.0,2,9,40,浅位,是
1,1,inbound,IN0399,B6T0000001209,E3,88740.0,89381.0,89421.0,40.0,641.0,681.0,2,9,8,深位,是
1,1,outbound,2986,B6T0000001732,E1,89520.0,89637.0,89749.0,112.0,117.0,229.0,2,5,28,浅位,是
1,1,inbound,IN0399,B6T0000001209,E3,88740.0,89589.0,89637.0,48.0,849.0,897.0,1,9,12,浅位,是
1,1,outbound,399,B6T0000000471,E3,88740.0,89797.0,89909.0,112.0,1057.0,1169.0,1,17,1,浅位,是
1,1,inbound,IN0399,B6T0000001209,E3,88740.0,89749.0,89797.0,48.0,1009.0,1057.0,1,9,12,深位,是
1,1,outbound,395,B6T0000000471,E3,88740.0,89957.0,90069.0,112.0,1217.0,1329.0,1,17,1,深位,是
1,1,inbound,IN0399,B6T0000001209,E3,88740.0,89909.0,89957.0,48.0,1169.0,1217.0,2,9,12,浅位,是
1,1,outbound,396,B6T0000000471,E3,88740.0,90117.0,90229.0,112.0,1377.0,1489.0,2,17,1,浅位,是
1,1,inbound,IN0399,B6T0000001209,E3,88740.0,90069.0,90117.0,48.0,1329.0,1377.0,2,9,12,深位,是
1,1,outbound,397,B6T0000000471,E3,88740.0,90287.0,90345.0,58.0,1547.0,1605.0,2,17,1,深位,是
1,1,inbound,IN0399,B6T0000001209,E3,88740.0,90229.0,90287.0,58.0,1489.0,1547.0,1,17,1,浅位,是
1,1,outbound,2988,B6T0000001732,E1,89520.0,90403.0,90569.0,166.0,883.0,1049.0,2,5,28,深位,是
1,1,inbound,IN0399,B6T0000001209,E3,88740.0,90345.0,90403.0,58.0,1605.0,1663.0,1,17,1,深位,是
1,1,outbound,2130,B6T0000000727,E3,89040.0,90627.0,90753.0,126.0,1587.0,1713.0,1,17,18,浅位,是
1,1,inbound,IN0399,B6T0000001209,E3,88740.0,90569.0,90627.0,58.0,1829.0,1887.0,2,17,1,浅位,是
1,1,outbound,2132,B6T0000000727,E3,89040.0,90811.0,90937.0,126.0,1771.0,1897.0,1,17,18,深位,是
1,1,inbound,IN0399,B6T0000001209,E3,88740.0,90753.0,90811.0,58.0,2013.0,2071.0,2,17,1,深位,是
1,1,outbound,2127,B6T0000000727,E3,89040.0,90954.0,91121.0,167.0,1914.0,2081.0,2,17,18,浅位,是
1,1,inbound,IN0488,B6T0000001473,E1,90840.0,90937.0,90954.0,17.0,97.0,114.0,1,2,4,浅位,是
1,1,outbound,2128,B6T0000000727,E3,89040.0,91148.0,91305.0,157.0,2108.0,2265.0,2,17,18,深位,是
1,1,inbound,IN0488,B6T0000001473,E1,90840.0,91121.0,91148.0,27.0,281.0,308.0,1,2,9,浅位,是
1,1,outbound,117,B6T0000000154,E4,87960.0,91332.0,91662.0,330.0000000000001,3372.0,3702.0,1,43,3,浅位,是
1,1,inbound,IN0488,B6T0000001473,E1,90840.0,91305.0,91332.0,27.0,465.0,492.0,1,2,9,深位,是
1,1,outbound,110,B6T0000000154,E4,87960.0,91689.0,92019.0,330.0000000000001,3729.0,4059.0,1,43,3,深位,是
1,1,inbound,IN0488,B6T0000001473,E1,90840.0,91662.0,91689.0,27.0,822.0,849.0,2,2,9,浅位,是
1,1,outbound,113,B6T0000000154,E4,87960.0,92111.0,92412.0,301.0000000000001,4151.0,4452.0,2,43,3,浅位,是
1,1,inbound,IN0399,B6T0000001209,E3,88740.0,92019.0,92111.0,92.0,3279.0,3371.0,1,17,18,浅位,是
1,1,outbound,111,B6T0000000154,E4,87960.0,92504.0,92805.0,301.0000000000001,4544.0,4845.0,2,43,3,深位,是
1,1,inbound,IN0399,B6T0000001209,E3,88740.0,92412.0,92504.0,92.0,3672.0,3764.0,1,17,18,深位,是
1,1,outbound,3406,B6T0000000663,E3,92580.0,92897.0,93145.0,248.00000000000006,317.0,565.0,1,31,29,浅位,是
1,1,inbound,IN0399,B6T0000001209,E3,88740.0,92805.0,92897.0,92.0,4065.0,4157.0,2,17,18,浅位,是
1,1,outbound,3407,B6T0000000663,E3,92580.0,93237.0,93485.0,248.00000000000006,657.0,905.0,1,31,29,深位,是
1,1,inbound,IN0399,B6T0000001209,E3,88740.0,93145.0,93237.0,92.0,4405.0,4497.0,2,17,18,深位,是
1,1,outbound,1382,B6T0000000104,E4,86820.0,93589.0,93966.0,377.00000000000017,6769.0,7146.0,1,43,9,深位,是
1,1,inbound,IN0399,B6T0000001209,E3,88740.0,93485.0,93589.0,104.0,4745.0,4849.0,1,9,40,浅位,是
1,1,outbound,3086,B6T0000001251,E3,93900.0,94070.0,94178.0,108.0,170.0,278.0,1,9,41,浅位,是
1,1,inbound,IN0399,B6T0000001209,E3,88740.0,93966.0,94070.0,104.0,5226.0,5330.0,1,9,40,深位,是
1,1,outbound,3085,B6T0000001251,E3,93900.0,94205.0,94390.0,185.0,305.0,490.0,1,9,41,深位,是
1,1,inbound,IN0634,B6T0000001900,E1,94080.0,94178.0,94205.0,27.0,98.0,125.0,2,2,9,深位,是
1,1,outbound,3087,B6T0000001251,E3,93900.0,94427.0,94602.0,175.0,527.0,702.0,2,9,41,浅位,是
1,1,inbound,IN0634,B6T0000001900,E1,94080.0,94390.0,94427.0,37.0,310.0,347.0,2,3,13,浅位,是
1,1,outbound,1383,B6T0000000104,E4,86820.0,94639.0,94975.0,336.00000000000017,7819.0,8155.0,2,43,9,浅位,是
1,1,inbound,IN0634,B6T0000001900,E1,94080.0,94602.0,94639.0,37.0,522.0,559.0,2,3,13,深位,是
1,1,outbound,1388,B6T0000000104,E4,86820.0,95020.0,95368.0,348.0000000000001,8200.0,8548.0,2,43,9,深位,是
1,1,inbound,IN0634,B6T0000001900,E1,94080.0,94975.0,95020.0,45.0,895.0,940.0,2,2,18,浅位,是
1,1,outbound,2022,B6T0000000073,E4,92040.0,95472.0,95849.0,377.00000000000017,3432.0,3809.0,1,43,13,浅位,是
1,1,inbound,IN0399,B6T0000001209,E3,88740.0,95368.0,95472.0,104.0,6628.0,6732.0,2,9,40,浅位,是
1,1,outbound,2023,B6T0000000073,E4,92040.0,95955.0,96334.0,379.00000000000017,3915.0,4294.0,1,43,13,深位,是
1,1,inbound,IN0399,B6T0000001209,E3,88740.0,95849.0,95955.0,106.0,7109.0,7215.0,1,9,41,浅位,是
1,1,outbound,2024,B6T0000000073,E4,92040.0,96440.0,96819.0,379.00000000000017,4400.0,4779.0,2,43,13,浅位,是
1,1,inbound,IN0399,B6T0000001209,E3,88740.0,96334.0,96440.0,106.0,7594.0,7700.0,1,9,41,深位,是
1,1,outbound,2026,B6T0000000073,E4,92040.0,96925.0,97304.0,379.00000000000017,4885.0,5264.0,2,43,13,深位,是
1,1,inbound,IN0399,B6T0000001209,E3,88740.0,96819.0,96925.0,106.0,8079.0,8185.0,2,9,41,浅位,是
1,1,outbound,3528,B6T0000000262,E4,86880.0,97460.0,97893.0,433.00000000000017,10580.0,11013.0,1,45,39,浅位,是
1,1,inbound,IN0399,B6T0000001209,E3,88740.0,97304.0,97460.0,156.0,8564.0,8720.0,2,11,62,浅位,是
1,1,outbound,1316,B6T0000000836,E3,97740.0,98049.0,98213.0,164.0,309.0,473.0,1,12,14,浅位,是
1,1,inbound,IN0399,B6T0000001209,E3,88740.0,97893.0,98049.0,156.0,9153.0,9309.0,2,11,62,深位,是
1,1,outbound,1315,B6T0000000836,E3,97740.0,98277.0,98341.0,64.0,537.0,601.0,1,12,14,深位,是
1,1,inbound,IN0399,B6T0000001209,E3,88740.0,98213.0,98277.0,64.0,9473.0,9537.0,1,12,14,浅位,是
1,1,outbound,1314,B6T0000000836,E3,97740.0,98405.0,98469.0,64.0,665.0,729.0,2,12,14,浅位,是
1,1,inbound,IN0399,B6T0000001209,E3,88740.0,98341.0,98405.0,64.0,9601.0,9665.0,1,12,14,深位,是
1,1,outbound,1308,B6T0000000836,E3,97740.0,98533.0,98597.0,64.0,793.0,857.0,2,12,14,深位,是
1,1,inbound,IN0399,B6T0000001209,E3,88740.0,98469.0,98533.0,64.0,9729.0,9793.0,2,12,14,浅位,是
1,1,outbound,3529,B6T0000000262,E4,86880.0,98661.0,99094.0,433.00000000000017,11781.0,12214.0,1,45,39,深位,是
1,1,inbound,IN0399,B6T0000001209,E3,88740.0,98597.0,98661.0,64.0,9857.0,9921.0,2,12,14,深位,是
1,1,inbound,IN0399,B6T0000001209,E3,88740.0,99094.0,99250.0,156.0,10354.0,10510.0,2,12,60,浅位,否
1,1,inbound,IN0399,B6T0000001209,E3,88740.0,99400.0,99556.0,156.0,10660.0,10816.0,2,12,60,深位,否
1,1,inbound,IN0399,B6T0000001209,E3,88740.0,99706.0,99864.0,158.0,10966.0,11124.0,1,9,67,浅位,否
1,1,inbound,IN0399,B6T0000001209,E3,88740.0,100016.0,100174.0,158.0,11276.0,11434.0,1,9,67,深位,否
1,1,inbound,IN0399,B6T0000001209,E3,88740.0,100326.0,100484.0,158.0,11586.0,11744.0,1,10,65,浅位,否
1,1,outbound,2928,B6T0000000048,E4,100620.0,100794.0,101257.0,463.00000000000017,174.0,637.0,1,47,19,浅位,是
1,1,inbound,IN0399,B6T0000001209,E3,88740.0,100636.0,100794.0,158.0,11896.0,12054.0,1,10,65,深位,是
1,1,outbound,2927,B6T0000000048,E4,100620.0,101415.0,101870.0,455.00000000000017,795.0,1250.0,1,47,19,深位,是
1,1,inbound,IN0399,B6T0000001209,E3,88740.0,101257.0,101415.0,158.0,12517.0,12675.0,1,11,63,浅位,是
1,1,outbound,2926,B6T0000000048,E4,100620.0,102028.0,102483.0,455.00000000000017,1408.0,1863.0,2,47,19,浅位,是
1,1,inbound,IN0399,B6T0000001209,E3,88740.0,101870.0,102028.0,158.0,13130.0,13288.0,1,11,63,深位,是
1,1,inbound,IN0399,B6T0000001209,E3,88740.0,102483.0,102641.0,158.0,13743.0,13901.0,1,12,61,浅位,否
1,1,inbound,IN0399,B6T0000001209,E3,88740.0,102793.0,102951.0,158.0,14053.0,14211.0,1,12,61,深位,否
1,1,inbound,IN0399,B6T0000001209,E3,88740.0,103103.0,103261.0,158.0,14363.0,14521.0,1,13,59,浅位,否
1,1,inbound,IN0399,B6T0000001209,E3,88740.0,103413.0,103571.0,158.0,14673.0,14831.0,1,13,59,深位,否
1,1,inbound,IN0399,B6T0000001209,E3,88740.0,103723.0,103881.0,158.0,14983.0,15141.0,2,9,67,浅位,否
1,1,inbound,IN0399,B6T0000001209,E3,88740.0,104033.0,104191.0,158.0,15293.0,15451.0,2,9,67,深位,否
1,1,inbound,IN0399,B6T0000001209,E3,88740.0,104343.0,104501.0,158.0,15603.0,15761.0,2,10,65,浅位,否
1,1,inbound,IN0182,B6T0000000536,E3,89160.0,104653.0,104811.0,158.0,15493.0,15651.0,2,10,65,深位,否
1,1,inbound,IN0182,B6T0000000536,E3,89160.0,104963.0,105121.0,158.0,15803.0,15961.0,2,11,63,浅位,否
1,1,inbound,IN0182,B6T0000000536,E3,89160.0,105273.0,105431.0,158.0,16113.0,16271.0,2,11,63,深位,否
1,1,inbound,IN0182,B6T0000000536,E3,89160.0,105583.0,105741.0,158.0,16423.0,16581.0,2,12,61,浅位,否
1,1,outbound,3573,B6T0000001960,E1,105720.0,106051.0,106209.0,158.0,331.0,489.0,1,1,52,浅位,是
1,1,inbound,IN0182,B6T0000000536,E3,89160.0,105893.0,106051.0,158.0,16733.0,16891.0,2,12,61,深位,是
1,1,outbound,933,B6T0000000508,E3,106200.0,106367.0,106525.0,158.0,167.0,325.0,1,9,13,浅位,是
1,1,inbound,IN0182,B6T0000000536,E3,89160.0,106209.0,106367.0,158.0,17049.0,17207.0,2,13,59,浅位,是
1,1,outbound,934,B6T0000000508,E3,106200.0,106575.0,106625.0,50.0,375.0,425.0,1,9,13,深位,是
1,1,inbound,IN0182,B6T0000000536,E3,89160.0,106525.0,106575.0,50.0,17365.0,17415.0,1,9,13,浅位,是
1,1,outbound,935,B6T0000000508,E3,106200.0,106675.0,106725.0,50.0,475.0,525.0,2,9,13,浅位,是
1,1,inbound,IN0182,B6T0000000536,E3,89160.0,106625.0,106675.0,50.0,17465.0,17515.0,1,9,13,深位,是
1,1,outbound,3572,B6T0000001960,E1,105720.0,106775.0,106981.0,206.0,1055.0,1261.0,1,1,52,深位,是
1,1,inbound,IN0182,B6T0000000536,E3,89160.0,106725.0,106775.0,50.0,17565.0,17615.0,2,9,13,浅位,是
1,1,outbound,1060,B6T0000001185,E3,106380.0,107139.0,107353.0,214.0,759.0,973.0,1,20,3,浅位,是
1,1,inbound,IN0182,B6T0000000536,E3,89160.0,106981.0,107139.0,158.0,17821.0,17979.0,2,13,59,深位,是
1,1,outbound,1061,B6T0000001185,E3,106380.0,107427.0,107501.0,74.00000000000001,1047.0,1121.0,1,20,3,深位,是
1,1,inbound,IN0182,B6T0000000536,E3,89160.0,107353.0,107427.0,74.00000000000001,18193.0,18267.0,1,20,3,浅位,是
1,1,outbound,1062,B6T0000001185,E3,106380.0,107575.0,107649.0,74.00000000000001,1195.0,1269.0,2,20,3,浅位,是
1,1,inbound,IN0182,B6T0000000536,E3,89160.0,107501.0,107575.0,74.00000000000001,18341.0,18415.0,1,20,3,深位,是
1,1,outbound,1063,B6T0000001185,E3,106380.0,107723.0,107797.0,74.00000000000001,1343.0,1417.0,2,20,3,深位,是
1,1,inbound,IN0182,B6T0000000536,E3,89160.0,107649.0,107723.0,74.00000000000001,18489.0,18563.0,2,20,3,浅位,是
1,1,outbound,3715,B6T0000001576,E1,107220.0,107842.0,108047.0,205.0,622.0,827.0,1,4,56,浅位,是
1,1,inbound,IN0547,B6T0000001639,E1,104460.0,107797.0,107842.0,45.0,3337.0,3382.0,2,2,18,深位,是
1,1,outbound,3714,B6T0000001576,E1,107220.0,108106.0,108297.0,191.0,886.0,1077.0,1,4,56,深位,是
1,1,inbound,IN0547,B6T0000001639,E1,104460.0,108047.0,108106.0,59.0,3587.0,3646.0,1,4,23,深位,是
1,1,inbound,IN0547,B6T0000001639,E1,104460.0,108297.0,108356.0,59.0,3837.0,3896.0,1,6,21,深位,否
1,1,inbound,IN0547,B6T0000001639,E1,104460.0,108409.0,108468.0,59.0,3949.0,4008.0,2,7,20,深位,否
1,1,inbound,IN0547,B6T0000001639,E1,104460.0,108521.0,108584.0,63.0,4061.0,4124.0,2,6,23,深位,否
1,1,inbound,IN0547,B6T0000001639,E1,104460.0,108641.0,108710.0,69.0,4181.0,4250.0,2,5,27,深位,否
1,1,inbound,IN0547,B6T0000001639,E1,104460.0,108773.0,108842.0,69.0,4313.0,4382.0,2,8,24,深位,否
1,1,outbound,2629,B6T0000000942,E3,108420.0,108976.0,109129.0,153.0,556.0,709.0,1,17,25,浅位,是
1,1,inbound,IN0547,B6T0000001639,E1,104460.0,108905.0,108976.0,71.0,4445.0,4516.0,1,5,28,深位,是
1,1,outbound,2630,B6T0000000942,E3,108420.0,109200.0,109365.0,165.0,780.0,945.0,1,17,25,深位,是
1,1,inbound,IN0547,B6T0000001639,E1,104460.0,109129.0,109200.0,71.0,4669.0,4740.0,1,2,31,浅位,是
1,1,inbound,IN0547,B6T0000001639,E1,104460.0,109365.0,109436.0,71.0,4905.0,4976.0,1,2,31,深位,否
1,1,inbound,IN0547,B6T0000001639,E1,104460.0,109501.0,109572.0,71.0,5041.0,5112.0,2,2,31,浅位,否
1,1,inbound,IN0547,B6T0000001639,E1,104460.0,109637.0,109708.0,71.0,5177.0,5248.0,2,5,28,浅位,否
1,1,inbound,IN0547,B6T0000001639,E1,104460.0,109773.0,109844.0,71.0,5313.0,5384.0,2,5,28,深位,否
1,1,inbound,IN0547,B6T0000001639,E1,104460.0,109909.0,109982.0,73.0,5449.0,5522.0,2,5,29,深位,否
1,1,inbound,IN0547,B6T0000001639,E1,104460.0,110049.0,110123.0,74.00000000000001,5589.0,5663.0,2,20,3,深位,否
1,1,inbound,IN0547,B6T0000001639,E1,104460.0,110191.0,110266.0,75.0,5731.0,5806.0,1,4,31,深位,否
1,1,inbound,IN0547,B6T0000001639,E1,104460.0,110335.0,110412.0,77.0,5875.0,5952.0,1,2,34,深位,否
1,1,inbound,IN0547,B6T0000001639,E1,104460.0,110483.0,110560.0,77.0,6023.0,6100.0,2,1,35,深位,否
1,1,inbound,IN0547,B6T0000001639,E1,104460.0,110631.0,110710.0,79.0,6171.0,6250.0,2,6,31,深位,否
1,1,outbound,2961,B6T0000001529,E1,110700.0,110870.0,110957.0,87.0,170.0,257.0,2,4,28,浅位,是
1,1,inbound,IN0547,B6T0000001639,E1,104460.0,110783.0,110870.0,87.0,6323.0,6410.0,2,5,36,深位,是
1,1,outbound,2959,B6T0000001529,E1,110700.0,111026.0,111095.0,69.0,326.0,395.0,2,4,28,深位,是
1,1,inbound,IN0547,B6T0000001639,E1,104460.0,110957.0,111026.0,69.0,6497.0,6566.0,2,4,28,浅位,是
1,1,inbound,IN0547,B6T0000001639,E1,104460.0,111095.0,111164.0,69.0,6635.0,6704.0,2,4,28,深位,否
1,1,inbound,IN0547,B6T0000001639,E1,104460.0,111227.0,111314.0,87.0,6767.0,6854.0,2,8,33,深位,否
1,1,inbound,IN0547,B6T0000001639,E1,104460.0,111395.0,111482.0,87.0,6935.0,7022.0,1,1,40,浅位,否
1,1,inbound,IN0547,B6T0000001639,E1,104460.0,111563.0,111650.0,87.0,7103.0,7190.0,1,1,40,深位,否
1,1,inbound,IN0547,B6T0000001639,E1,104460.0,111731.0,111820.0,89.0,7271.0,7360.0,1,3,39,深位,否
1,1,inbound,IN0547,B6T0000001639,E1,104460.0,111903.0,111992.0,89.0,7443.0,7532.0,2,7,35,深位,否
1,1,inbound,IN0547,B6T0000001639,E1,104460.0,112075.0,112164.0,89.0,7615.0,7704.0,2,8,34,深位,否
1,1,inbound,IN0483,B6T0000001463,E1,106920.0,112247.0,112342.0,95.0,5327.0,5422.0,1,6,39,深位,否
1,1,inbound,IN0483,B6T0000001463,E1,106920.0,112431.0,112526.0,95.0,5511.0,5606.0,1,8,37,深位,否
1,1,outbound,2574,B6T0000000647,E3,111780.0,112710.0,112887.0,177.0,930.0,1107.0,1,15,26,浅位,是
1,1,inbound,IN0483,B6T0000001463,E1,106920.0,112615.0,112710.0,95.0,5695.0,5790.0,1,1,44,浅位,是
1,1,inbound,IN0483,B6T0000001463,E1,106920.0,112887.0,112982.0,95.0,5967.0,6062.0,1,1,44,深位,否
1,1,inbound,IN0483,B6T0000001463,E1,106920.0,113071.0,113170.0,99.0,6151.0,6250.0,1,6,41,深位,否
1,1,inbound,IN0628,B6T0000001870,E1,107640.0,113263.0,113362.0,99.0,5623.0,5722.0,2,1,46,深位,否
1,1,inbound,IN0628,B6T0000001870,E1,107640.0,113455.0,113554.0,99.0,5815.0,5914.0,2,3,44,深位,否
1,1,outbound,563,B6T0000001238,E3,113640.0,113747.0,113855.0,108.0,107.0,215.0,1,16,3,深位,是
1,1,inbound,IN0628,B6T0000001870,E1,107640.0,113647.0,113747.0,100.0,6007.0,6107.0,1,15,26,浅位,是
1,1,outbound,562,B6T0000001238,E3,113640.0,113913.0,113971.0,57.99999999999999,273.0,331.0,2,16,3,浅位,是
1,1,inbound,IN0628,B6T0000001870,E1,107640.0,113855.0,113913.0,57.99999999999999,6215.0,6273.0,1,16,3,深位,是
1,1,outbound,560,B6T0000001238,E3,113640.0,114029.0,114087.0,57.99999999999999,389.0,447.0,2,16,3,深位,是
1,1,inbound,IN0628,B6T0000001870,E1,107640.0,113971.0,114029.0,57.99999999999999,6331.0,6389.0,2,16,3,浅位,是
1,1,inbound,IN0628,B6T0000001870,E1,107640.0,114087.0,114145.0,57.99999999999999,6447.0,6505.0,2,16,3,深位,否
1,1,inbound,IN0628,B6T0000001870,E1,107640.0,114197.0,114298.0,101.0,6557.0,6658.0,1,6,42,深位,否
1,1,inbound,IN0628,B6T0000001870,E1,107640.0,114393.0,114496.0,103.0,6753.0,6856.0,1,8,41,深位,否
1,1,inbound,IN0628,B6T0000001870,E1,107640.0,114593.0,114696.0,103.0,6953.0,7056.0,2,2,47,深位,否
1,1,inbound,IN0068,B6T0000000191,E4,104820.0,114793.0,114959.5,166.50000000000009,9973.0,10139.5,1,43,3,浅位,否
1,1,inbound,IN0068,B6T0000000191,E4,104820.0,115120.0,115286.5,166.50000000000009,10300.0,10466.5,1,43,3,深位,否
1,1,inbound,IN0068,B6T0000000191,E4,104820.0,115447.0,115613.5,166.50000000000009,10627.0,10793.5,2,43,3,浅位,否
1,1,inbound,IN0068,B6T0000000191,E4,104820.0,115774.0,115940.5,166.50000000000009,10954.0,11120.5,2,43,3,深位,否
1,1,inbound,IN0068,B6T0000000191,E4,104820.0,116101.0,116279.5,178.50000000000009,11281.0,11459.5,1,43,9,浅位,否
1,1,inbound,IN0068,B6T0000000191,E4,104820.0,116452.0,116630.5,178.50000000000009,11632.0,11810.5,1,43,9,深位,否
1,1,inbound,IN0068,B6T0000000191,E4,104820.0,116803.0,116981.5,178.50000000000009,11983.0,12161.5,2,43,9,浅位,否
1,1,inbound,IN0068,B6T0000000191,E4,104820.0,117154.0,117332.5,178.50000000000009,12334.0,12512.5,2,43,9,深位,否
1,1,outbound,3309,B6T0000001474,E1,117360.0,117691.5,117878.0,186.50000000000006,331.5,518.0,1,5,12,浅位,是
1,1,inbound,IN0068,B6T0000000191,E4,104820.0,117505.0,117691.5,186.50000000000009,12685.0,12871.5,1,43,13,浅位,是
1,1,outbound,3308,B6T0000001474,E1,117360.0,118064.5,118251.0,186.50000000000006,704.5,891.0,1,5,12,深位,是
1,1,inbound,IN0068,B6T0000000191,E4,104820.0,117878.0,118064.5,186.50000000000009,13058.0,13244.5,1,43,13,深位,是
1,1,inbound,IN0068,B6T0000000191,E4,104820.0,118251.0,118437.5,186.50000000000009,13431.0,13617.5,2,43,13,浅位,否
1,1,inbound,IN0068,B6T0000000191,E4,104820.0,118618.0,118804.5,186.50000000000009,13798.0,13984.5,2,43,13,深位,否
1,1,inbound,IN0068,B6T0000000191,E4,104820.0,118985.0,119177.5,192.50000000000009,14165.0,14357.5,1,45,11,浅位,否
1,1,inbound,IN0068,B6T0000000191,E4,104820.0,119364.0,119556.5,192.50000000000009,14544.0,14736.5,1,45,11,深位,否
1,1,inbound,IN0068,B6T0000000191,E4,104820.0,119743.0,119935.5,192.50000000000009,14923.0,15115.5,2,45,11,浅位,否
1,1,inbound,IN0068,B6T0000000191,E4,104820.0,120122.0,120314.5,192.50000000000009,15302.0,15494.5,2,45,11,深位,否
1,1,inbound,IN0068,B6T0000000191,E4,104820.0,120501.0,120694.5,193.50000000000009,15681.0,15874.5,1,48,4,浅位,否
1,1,inbound,IN0068,B6T0000000191,E4,104820.0,120882.0,121075.5,193.50000000000009,16062.0,16255.5,1,48,4,深位,否
1,1,inbound,IN0068,B6T0000000191,E4,104820.0,121263.0,121456.5,193.50000000000009,16443.0,16636.5,2,48,4,浅位,否
1,1,inbound,IN0068,B6T0000000191,E4,104820.0,121644.0,121837.5,193.50000000000009,16824.0,17017.5,2,48,4,深位,否
1,1,inbound,IN0062,B6T0000000167,E4,105960.0,122025.0,122243.5,218.50000000000009,16065.0,16283.5,1,47,19,浅位,否
1,1,outbound,3358,B6T0000000487,E3,122220.0,122674.5,122893.0,218.50000000000009,454.5,673.0,1,13,8,浅位,是
1,1,inbound,IN0062,B6T0000000167,E4,105960.0,122456.0,122674.5,218.50000000000009,16496.0,16714.5,1,47,19,深位,是
1,1,outbound,3359,B6T0000000487,E3,122220.0,123111.5,123330.0,218.50000000000009,891.5,1110.0,1,13,8,深位,是
1,1,inbound,IN0062,B6T0000000167,E4,105960.0,122893.0,123111.5,218.50000000000009,16933.0,17151.5,2,47,19,浅位,是
1,1,inbound,IN0041,B6T0000000119,E4,108420.0,123330.0,123550.5,220.50000000000009,14910.0,15130.5,1,45,25,深位,否
1,1,inbound,IN0123,B6T0000000350,E3,123360.0,123765.0,123821.0,56.0,405.0,461.0,1,13,8,浅位,否
1,1,outbound,45,B6T0000001104,E3,123780.0,123927.0,123983.0,56.0,147.0,203.0,1,9,4,浅位,是
1,1,inbound,IN0123,B6T0000000350,E3,123360.0,123871.0,123927.0,56.0,511.0,567.0,1,13,8,深位,是
1,1,outbound,44,B6T0000001104,E3,123780.0,124015.0,124047.0,31.999999999999996,235.0,267.0,1,9,4,深位,是
1,1,inbound,IN0123,B6T0000000350,E3,123360.0,123983.0,124015.0,31.999999999999996,623.0,655.0,1,9,4,浅位,是
1,1,outbound,43,B6T0000001104,E3,123780.0,124079.0,124111.0,31.999999999999996,299.0,331.0,2,9,4,浅位,是
1,1,inbound,IN0123,B6T0000000350,E3,123360.0,124047.0,124079.0,31.999999999999996,687.0,719.0,1,9,4,深位,是
1,1,outbound,46,B6T0000001104,E3,123780.0,124143.0,124175.0,31.999999999999996,363.0,395.0,2,9,4,深位,是
1,1,inbound,IN0348,B6T0000001080,E3,124080.0,124111.0,124143.0,31.999999999999996,31.0,63.0,2,9,4,浅位,是
1,1,inbound,IN0348,B6T0000001080,E3,124080.0,124175.0,124207.0,31.999999999999996,95.0,127.0,2,9,4,深位,否
1,1,inbound,IN0348,B6T0000001080,E3,124080.0,124233.0,124339.0,106.0,153.0,259.0,1,17,25,浅位,否
1,1,inbound,IN0348,B6T0000001080,E3,124080.0,124439.0,124545.0,106.0,359.0,465.0,1,17,25,深位,否
1,1,inbound,IN0348,B6T0000001080,E3,124080.0,124645.0,124805.0,160.0,565.0,725.0,1,9,68,浅位,否
1,1,inbound,IN0348,B6T0000001080,E3,124080.0,124959.0,125119.0,160.0,879.0,1039.0,1,9,68,深位,否
1,1,inbound,IN0348,B6T0000001080,E3,124080.0,125273.0,125433.0,160.0,1193.0,1353.0,1,10,66,浅位,否
1,1,inbound,IN0348,B6T0000001080,E3,124080.0,125587.0,125747.0,160.0,1507.0,1667.0,1,10,66,深位,否
1,1,inbound,IN0348,B6T0000001080,E3,124080.0,125901.0,126061.0,160.0,1821.0,1981.0,1,11,64,浅位,否
1,1,inbound,IN0348,B6T0000001080,E3,124080.0,126215.0,126375.0,160.0,2135.0,2295.0,1,11,64,深位,否
1,1,inbound,IN0348,B6T0000001080,E3,124080.0,126529.0,126689.0,160.0,2449.0,2609.0,1,12,62,浅位,否
1,1,inbound,IN0430,B6T0000001308,E3,124080.0,126843.0,127003.0,160.0,2763.0,2923.0,1,12,62,深位,否
1,1,inbound,IN0430,B6T0000001308,E3,124080.0,127157.0,127317.0,160.0,3077.0,3237.0,1,13,60,浅位,否
1,1,inbound,IN0430,B6T0000001308,E3,124080.0,127471.0,127631.0,160.0,3391.0,3551.0,1,13,60,深位,否
1,1,inbound,IN0041,B6T0000000119,E4,108420.0,127785.0,128007.5,222.50000000000009,19365.0,19587.5,1,49,16,深位,否
1,1,outbound,1582,B6T0000001102,E3,127860.0,128454.5,128685.0,230.50000000000009,594.5,825.0,1,9,10,浅位,是
1,1,inbound,IN0041,B6T0000000119,E4,108420.0,128224.0,128454.5,230.50000000000009,19804.0,20034.5,1,45,30,浅位,是
1,1,outbound,1580,B6T0000001102,E3,127860.0,128915.5,129146.0,230.50000000000009,1055.5,1286.0,2,13,20,浅位,是
1,1,inbound,IN0059,B6T0000000161,E4,108840.0,128685.0,128915.5,230.50000000000009,19845.0,20075.5,1,45,30,深位,是
1,1,outbound,1583,B6T0000001102,E3,127860.0,129382.5,129619.0,236.50000000000009,1522.5,1759.0,2,13,20,深位,是
1,1,inbound,IN0059,B6T0000000161,E4,108840.0,129146.0,129382.5,236.50000000000009,20306.0,20542.5,1,47,28,深位,是
1,1,outbound,1584,B6T0000001102,E3,127860.0,129860.5,130102.0,241.50000000000009,2000.5,2242.0,2,25,3,浅位,是
1,1,inbound,IN0059,B6T0000000161,E4,108840.0,129619.0,129860.5,241.50000000000009,20779.0,21020.5,1,50,23,深位,是
1,1,outbound,1579,B6T0000001102,E3,127860.0,130350.5,130599.0,248.50000000000009,2490.5,2739.0,2,25,3,深位,是
1,1,inbound,IN0059,B6T0000000161,E4,108840.0,130102.0,130350.5,248.50000000000009,21262.0,21510.5,1,45,39,浅位,是
1,1,outbound,3522,B6T0000001764,E1,128640.0,130847.5,131124.0,276.5000000000001,2207.5,2484.0,1,8,46,浅位,是
1,1,inbound,IN0059,B6T0000000161,E4,108840.0,130599.0,130847.5,248.50000000000009,21759.0,22007.5,1,45,39,深位,是
1,1,outbound,3523,B6T0000001764,E1,128640.0,131168.0,131356.0,188.0,2528.0,2716.0,1,8,46,深位,是
1,1,inbound,IN0307,B6T0000000929,E3,130740.0,131124.0,131168.0,44.0,384.0,428.0,1,9,10,浅位,是
1,1,outbound,3579,B6T0000000206,E4,127980.0,131436.0,131863.0,427.00000000000017,3456.0,3883.0,1,46,39,浅位,是
1,1,inbound,IN0307,B6T0000000929,E3,130740.0,131356.0,131436.0,80.0,616.0,696.0,2,13,20,浅位,是
1,1,outbound,1046,B6T0000001052,E3,130740.0,132112.5,132362.0,249.50000000000006,1372.5,1622.0,1,18,5,浅位,是
1,1,inbound,IN0103,B6T0000000292,E4,110760.0,131863.0,132112.5,249.50000000000009,21103.0,21352.5,1,44,42,浅位,是
1,1,outbound,3656,B6T0000000704,E3,131880.0,132611.5,132861.0,249.50000000000009,731.5,981.0,2,15,5,深位,是
1,1,inbound,IN0103,B6T0000000292,E4,110760.0,132362.0,132611.5,249.50000000000009,21602.0,21851.5,1,44,42,深位,是
1,1,outbound,1033,B6T0000001052,E3,130740.0,133114.5,133368.0,253.50000000000009,2374.5,2628.0,1,18,5,深位,是
1,1,inbound,IN0103,B6T0000000292,E4,110760.0,132861.0,133114.5,253.50000000000009,22101.0,22354.5,1,46,39,浅位,是
1,1,outbound,1034,B6T0000001052,E3,130740.0,133625.5,133883.0,257.5000000000001,2885.5,3143.0,2,18,5,浅位,是
1,1,inbound,IN0103,B6T0000000292,E4,110760.0,133368.0,133625.5,257.5000000000001,22608.0,22865.5,1,48,36,深位,是
1,1,outbound,1035,B6T0000001052,E3,130740.0,134141.5,134400.0,258.50000000000006,3401.5,3660.0,2,18,5,深位,是
1,1,inbound,IN0103,B6T0000000292,E4,110760.0,133883.0,134141.5,258.5000000000001,23123.0,23381.5,1,43,49,浅位,是
1,1,outbound,3657,B6T0000000704,E3,131880.0,134658.5,134917.0,258.50000000000006,2778.5,3037.0,1,10,23,深位,是
1,1,inbound,IN0103,B6T0000000292,E4,110760.0,134400.0,134658.5,258.5000000000001,23640.0,23898.5,1,43,49,深位,是
1,1,outbound,3333,B6T0000000143,E4,131700.0,134975.0,135374.0,399.00000000000017,3275.0,3674.0,1,43,34,浅位,是
1,1,inbound,IN0314,B6T0000000942,E3,134460.0,134917.0,134975.0,57.99999999999999,457.0,515.0,2,15,5,深位,是
1,1,outbound,3332,B6T0000000143,E4,131700.0,135444.0,135831.0,387.00000000000017,3744.0,4131.0,1,43,34,深位,是
1,1,inbound,IN0314,B6T0000000942,E3,134460.0,135374.0,135444.0,70.0,914.0,984.0,1,18,5,浅位,是
1,1,outbound,3578,B6T0000000206,E4,127980.0,135901.0,136338.0,437.00000000000017,7921.0,8358.0,1,46,39,深位,是
1,1,inbound,IN0314,B6T0000000942,E3,134460.0,135831.0,135901.0,70.0,1371.0,1441.0,1,18,5,深位,是
1,1,inbound,IN0314,B6T0000000942,E3,134460.0,136338.0,136408.0,70.0,1878.0,1948.0,2,18,5,浅位,否
1,1,inbound,IN0314,B6T0000000942,E3,134460.0,136472.0,136542.0,70.0,2012.0,2082.0,2,18,5,深位,否
1,1,outbound,2751,B6T0000001729,E1,136560.0,136680.0,136762.0,82.0,120.0,202.0,1,2,25,浅位,是
1,1,inbound,IN0314,B6T0000000942,E3,134460.0,136606.0,136680.0,74.0,2146.0,2220.0,1,10,23,深位,是
1,1,outbound,2750,B6T0000001729,E1,136560.0,136990.5,137219.0,228.50000000000006,430.5,659.0,1,2,25,深位,是
1,1,inbound,IN0103,B6T0000000292,E4,110760.0,136762.0,136990.5,228.50000000000009,26002.0,26230.5,1,43,34,浅位,是
1,1,outbound,2749,B6T0000001729,E1,136560.0,137447.5,137676.0,228.50000000000006,887.5,1116.0,2,2,25,浅位,是
1,1,inbound,IN0103,B6T0000000292,E4,110760.0,137219.0,137447.5,228.50000000000009,26459.0,26687.5,1,43,34,深位,是
1,1,outbound,2748,B6T0000001729,E1,136560.0,137929.5,138183.0,253.50000000000009,1369.5,1623.0,2,2,25,深位,是
1,1,inbound,IN0103,B6T0000000292,E4,110760.0,137676.0,137929.5,253.50000000000009,26916.0,27169.5,1,46,39,深位,是
1,1,outbound,2523,B6T0000001186,E3,136200.0,138441.5,138700.0,258.5000000000001,2241.5,2500.0,1,31,9,浅位,是
1,1,inbound,IN0103,B6T0000000292,E4,110760.0,138183.0,138441.5,258.5000000000001,27423.0,27681.5,2,43,49,浅位,是
1,1,outbound,2882,B6T0000001470,E1,138360.0,138958.5,139217.0,258.5000000000001,598.5,857.0,1,1,28,浅位,是
1,1,inbound,IN0103,B6T0000000292,E4,110760.0,138700.0,138958.5,258.5000000000001,27940.0,28198.5,2,43,49,深位,是
1,1,outbound,2883,B6T0000001470,E1,138360.0,139476.5,139736.0,259.5000000000001,1116.5,1376.0,1,1,28,深位,是
1,1,inbound,IN0103,B6T0000000292,E4,110760.0,139217.0,139476.5,259.5000000000001,28457.0,28716.5,1,44,47,浅位,是
1,1,outbound,2880,B6T0000001470,E1,138360.0,139995.5,140255.0,259.5000000000001,1635.5,1895.0,2,1,28,浅位,是
1,1,inbound,IN0066,B6T0000000186,E4,113340.0,139736.0,139995.5,259.5000000000001,26396.0,26655.5,1,44,47,深位,是
1,1,outbound,2638,B6T0000001516,E1,140160.0,140514.5,140774.0,259.5000000000001,354.5,614.0,1,1,23,浅位,是
1,1,inbound,IN0066,B6T0000000186,E4,113340.0,140255.0,140514.5,259.5000000000001,26915.0,27174.5,2,44,47,浅位,是
1,1,outbound,557,B6T0000001827,E1,140580.0,140813.0,140852.0,39.0,233.0,272.0,1,4,3,浅位,是
1,1,inbound,IN0445,B6T0000001349,E1,140580.0,140774.0,140813.0,39.0,194.0,233.0,1,5,12,浅位,是
1,1,outbound,556,B6T0000001827,E1,140580.0,140871.0,140890.0,19.0,291.0,310.0,1,4,3,深位,是
1,1,inbound,IN0445,B6T0000001349,E1,140580.0,140852.0,140871.0,19.0,272.0,291.0,1,4,3,浅位,是
1,1,outbound,555,B6T0000001827,E1,140580.0,141149.5,141409.0,259.5000000000001,569.5,829.0,2,4,3,浅位,是
1,1,inbound,IN0066,B6T0000000186,E4,113340.0,140890.0,141149.5,259.5000000000001,27550.0,27809.5,2,44,47,深位,是
1,1,outbound,551,B6T0000001827,E1,140580.0,141669.5,141930.0,260.5000000000001,1089.5,1350.0,2,4,3,深位,是
1,1,inbound,IN0066,B6T0000000186,E4,113340.0,141409.0,141669.5,260.5000000000001,28069.0,28329.5,1,43,50,浅位,是
1,1,outbound,2881,B6T0000001470,E1,138360.0,141949.0,142068.0,119.0,3589.0,3708.0,2,1,28,深位,是
1,1,inbound,IN0649,B6T0000001960,E1,141480.0,141930.0,141949.0,19.0,450.0,469.0,1,4,3,深位,是
1,1,outbound,2840,B6T0000001351,E1,139980.0,142087.0,142202.0,115.0,2107.0,2222.0,1,6,25,浅位,是
1,1,inbound,IN0649,B6T0000001960,E1,141480.0,142068.0,142087.0,19.0,588.0,607.0,2,4,3,浅位,是
1,1,outbound,2841,B6T0000001351,E1,139980.0,142221.0,142336.0,115.0,2241.0,2356.0,1,6,25,深位,是
1,1,inbound,IN0649,B6T0000001960,E1,141480.0,142202.0,142221.0,19.0,722.0,741.0,2,4,3,深位,是
1,1,outbound,2842,B6T0000001351,E1,139980.0,142596.5,142857.0,260.5000000000001,2616.5,2877.0,2,6,25,浅位,是
1,1,inbound,IN0066,B6T0000000186,E4,113340.0,142336.0,142596.5,260.5000000000001,28996.0,29256.5,1,43,50,深位,是
1,1,outbound,2843,B6T0000001351,E1,139980.0,143117.5,143378.0,260.5000000000001,3137.5,3398.0,2,6,25,深位,是
1,1,inbound,IN0066,B6T0000000186,E4,113340.0,142857.0,143117.5,260.5000000000001,29517.0,29777.5,2,43,50,浅位,是
1,1,outbound,2401,B6T0000001888,E1,142980.0,143638.5,143899.0,260.5000000000001,658.5,919.0,1,1,18,浅位,是
1,1,inbound,IN0066,B6T0000000186,E4,113340.0,143378.0,143638.5,260.5000000000001,30038.0,30298.5,2,43,50,深位,是
1,1,outbound,2402,B6T0000001888,E1,142980.0,144160.5,144422.0,261.5000000000001,1180.5,1442.0,1,1,18,深位,是
1,1,inbound,IN0066,B6T0000000186,E4,113340.0,143899.0,144160.5,261.5000000000001,30559.0,30820.5,1,44,48,浅位,是
1,1,outbound,2403,B6T0000001888,E1,142980.0,144683.5,144945.0,261.5000000000001,1703.5,1965.0,2,1,18,浅位,是
1,1,inbound,IN0066,B6T0000000186,E4,113340.0,144422.0,144683.5,261.5000000000001,31082.0,31343.5,1,44,48,深位,是
1,1,outbound,2400,B6T0000001888,E1,142980.0,145206.5,145468.0,261.5000000000001,2226.5,2488.0,2,1,18,深位,是
1,1,inbound,IN0066,B6T0000000186,E4,113340.0,144945.0,145206.5,261.5000000000001,31605.0,31866.5,2,44,48,浅位,是
1,1,outbound,3019,B6T0000001093,E3,142620.0,145729.5,145991.0,261.5000000000001,3109.5,3371.0,1,9,45,深位,是
1,1,inbound,IN0066,B6T0000000186,E4,113340.0,145468.0,145729.5,261.5000000000001,32128.0,32389.5,2,44,48,深位,是
1,1,outbound,3021,B6T0000001093,E3,142620.0,146253.5,146516.0,262.5000000000001,3633.5,3896.0,2,9,45,浅位,是
1,1,inbound,IN0066,B6T0000000186,E4,113340.0,145991.0,146253.5,262.5000000000001,32651.0,32913.5,1,43,51,浅位,是
1,1,outbound,3020,B6T0000001093,E3,142620.0,146778.5,147041.0,262.50000000000006,4158.5,4421.0,2,22,19,深位,是
1,1,inbound,IN0099,B6T0000000275,E4,115020.0,146516.0,146778.5,262.5000000000001,31496.0,31758.5,1,43,51,深位,是
1,1,outbound,2859,B6T0000000686,E3,140640.0,147303.5,147566.0,262.5000000000001,6663.5,6926.0,2,18,28,浅位,是
1,1,inbound,IN0099,B6T0000000275,E4,115020.0,147041.0,147303.5,262.5000000000001,32021.0,32283.5,1,45,46,浅位,是
1,1,outbound,2858,B6T0000000686,E3,140640.0,147828.5,148091.0,262.5000000000001,7188.5,7451.0,2,18,28,深位,是
1,1,inbound,IN0099,B6T0000000275,E4,115020.0,147566.0,147828.5,262.5000000000001,32546.0,32808.5,1,45,46,深位,是
1,1,outbound,2524,B6T0000001186,E3,136200.0,148353.5,148616.0,262.5000000000001,12153.5,12416.0,1,31,9,深位,是
1,1,inbound,IN0099,B6T0000000275,E4,115020.0,148091.0,148353.5,262.5000000000001,33071.0,33333.5,2,43,51,浅位,是
1,1,outbound,2520,B6T0000001186,E3,136200.0,148616.0,148870.0,254.00000000000006,12416.0,12670.0,2,31,9,浅位,否
1,1,outbound,74,B6T0000000261,E4,143520.0,148870.0,149189.0,319.00000000000017,5350.0,5669.0,1,43,1,浅位,否
1,1,outbound,81,B6T0000000261,E4,143520.0,149189.0,149508.0,319.00000000000017,5669.0,5988.0,1,43,1,深位,否
1,1,outbound,72,B6T0000000261,E4,143520.0,149508.0,149827.0,319.00000000000017,5988.0,6307.0,2,43,1,浅位,否
1,1,outbound,73,B6T0000000261,E4,143520.0,149827.0,150146.0,319.00000000000017,6307.0,6626.0,2,43,1,深位,否
1,1,outbound,3601,B6T0000000995,E3,141480.0,150146.0,150500.0,354.0,8666.0,9020.0,1,29,38,浅位,否
1,1,outbound,3600,B6T0000000995,E3,141480.0,150500.0,150854.0,354.0,9020.0,9374.0,1,29,38,深位,否
1,1,outbound,3653,B6T0000000006,E4,142560.0,150854.0,151349.0,495.00000000000017,8294.0,8789.0,1,43,45,浅位,否
1,1,outbound,3652,B6T0000000006,E4,142560.0,151349.0,151844.0,495.00000000000017,8789.0,9284.0,1,43,45,深位,否
1,1,inbound,IN0633,B6T0000001895,E1,168780.0,168780.0,168819.0,39.0,0.0,39.0,1,5,12,深位,否
1,1,inbound,IN0633,B6T0000001895,E1,168780.0,168852.0,168895.0,43.0,72.0,115.0,1,1,18,浅位,否
1,1,inbound,IN0633,B6T0000001895,E1,168780.0,168932.0,168975.0,43.0,152.0,195.0,1,1,18,深位,否
1,1,inbound,IN0633,B6T0000001895,E1,168780.0,169012.0,169055.0,43.0,232.0,275.0,2,1,18,浅位,否
1,1,inbound,IN0633,B6T0000001895,E1,168780.0,169092.0,169135.0,43.0,312.0,355.0,2,1,18,深位,否
1,1,inbound,IN0633,B6T0000001895,E1,168780.0,169172.0,169225.0,53.0,392.0,445.0,1,1,23,浅位,否
1,1,inbound,IN0152,B6T0000000447,E3,168840.0,169272.0,169352.0,80.0,432.0,512.0,2,13,20,深位,否
1,1,inbound,IN0152,B6T0000000447,E3,168840.0,169426.0,169520.0,94.0,586.0,680.0,2,25,3,浅位,否
1,1,inbound,IN0152,B6T0000000447,E3,168840.0,169608.0,169702.0,94.0,768.0,862.0,2,25,3,深位,否
1,1,inbound,IN0152,B6T0000000447,E3,168840.0,169790.0,169904.0,114.0,950.0,1064.0,1,9,45,深位,否
1,1,inbound,IN0152,B6T0000000447,E3,168840.0,170012.0,170126.0,114.0,1172.0,1286.0,2,9,45,浅位,否
1,1,inbound,IN0152,B6T0000000447,E3,168840.0,170234.0,170348.0,114.00000000000001,1394.0,1508.0,2,22,19,深位,否
1,1,inbound,IN0152,B6T0000000447,E3,168840.0,170456.0,170572.0,116.0,1616.0,1732.0,2,18,28,浅位,否
1,1,inbound,IN0662,B6T0000001988,E1,170640.0,170682.0,170741.0,59.0,42.0,101.0,1,2,25,浅位,否
1,1,inbound,IN0662,B6T0000001988,E1,170640.0,170794.0,170853.0,59.0,154.0,213.0,1,2,25,深位,否
1,1,inbound,IN0662,B6T0000001988,E1,170640.0,170906.0,170965.0,59.0,266.0,325.0,2,2,25,浅位,否
1,1,inbound,IN0662,B6T0000001988,E1,170640.0,171018.0,171077.0,59.0,378.0,437.0,2,2,25,深位,否
1,1,inbound,IN0490,B6T0000001476,E1,170700.0,171130.0,171193.0,63.0,430.0,493.0,1,1,28,浅位,否
1,1,inbound,IN0490,B6T0000001476,E1,170700.0,171250.0,171313.0,63.0,550.0,613.0,1,1,28,深位,否
1,1,inbound,IN0490,B6T0000001476,E1,170700.0,171370.0,171433.0,63.0,670.0,733.0,2,1,28,浅位,否
1,1,inbound,IN0490,B6T0000001476,E1,170700.0,171490.0,171553.0,63.0,790.0,853.0,2,1,28,深位,否
1,1,inbound,IN0490,B6T0000001476,E1,170700.0,171610.0,171677.0,67.0,910.0,977.0,1,6,25,浅位,否
1,1,inbound,IN0490,B6T0000001476,E1,170700.0,171738.0,171805.0,67.0,1038.0,1105.0,1,6,25,深位,否
1,1,inbound,IN0490,B6T0000001476,E1,170700.0,171866.0,171933.0,67.0,1166.0,1233.0,2,6,25,浅位,否
1,1,inbound,IN0490,B6T0000001476,E1,170700.0,171994.0,172061.0,67.0,1294.0,1361.0,2,6,25,深位,否
1,1,inbound,IN0490,B6T0000001476,E1,170700.0,172122.0,172227.0,105.0,1422.0,1527.0,1,1,49,深位,否
1,1,inbound,IN0574,B6T0000001703,E1,171420.0,172326.0,172433.0,107.0,906.0,1013.0,1,4,47,深位,否
1,1,inbound,IN0574,B6T0000001703,E1,171420.0,172534.0,172641.0,107.0,1114.0,1221.0,1,7,44,深位,否
1,1,inbound,IN0574,B6T0000001703,E1,171420.0,172742.0,172853.0,111.0,1322.0,1433.0,2,2,51,深位,否
1,1,inbound,IN0574,B6T0000001703,E1,171420.0,172958.0,173069.0,111.0,1538.0,1649.0,1,1,52,浅位,否
1,1,outbound,2732,B6T0000000432,E3,173100.0,173285.0,173430.0,145.0,185.0,330.0,1,9,35,浅位,是
1,1,inbound,IN0588,B6T0000001748,E1,171720.0,173174.0,173285.0,111.0,1454.0,1565.0,1,1,52,深位,是
1,1,outbound,3154,B6T0000001701,E1,173400.0,173524.0,173622.0,98.0,124.0,222.0,1,1,36,浅位,是
1,1,inbound,IN0588,B6T0000001748,E1,171720.0,173430.0,173524.0,94.0,1710.0,1804.0,1,9,35,浅位,是
1,1,outbound,3155,B6T0000001701,E1,173400.0,173701.0,173780.0,79.0,301.0,380.0,1,1,36,深位,是
1,1,inbound,IN0588,B6T0000001748,E1,171720.0,173622.0,173701.0,79.0,1902.0,1981.0,1,1,36,浅位,是
1,1,outbound,3156,B6T0000001701,E1,173400.0,173859.0,173938.0,79.0,459.0,538.0,2,1,36,浅位,是
1,1,inbound,IN0588,B6T0000001748,E1,171720.0,173780.0,173859.0,79.0,2060.0,2139.0,1,1,36,深位,是
1,1,outbound,2734,B6T0000000432,E3,173100.0,174017.0,174130.0,113.0,917.0,1030.0,1,9,35,深位,是
1,1,inbound,IN0588,B6T0000001748,E1,171720.0,173938.0,174017.0,79.0,2218.0,2297.0,2,1,36,浅位,是
1,1,outbound,3675,B6T0000000514,E3,173580.0,174224.0,174382.0,158.0,644.0,802.0,2,17,21,深位,是
1,1,inbound,IN0588,B6T0000001748,E1,171720.0,174130.0,174224.0,94.0,2410.0,2504.0,1,9,35,深位,是
1,1,outbound,360,B6T0000001370,E1,173100.0,174480.0,174578.0,98.0,1380.0,1478.0,1,5,2,浅位,是
1,1,inbound,IN0588,B6T0000001748,E1,171720.0,174382.0,174480.0,98.0,2662.0,2760.0,2,17,21,深位,是
1,1,outbound,362,B6T0000001370,E1,173100.0,174597.0,174616.0,19.0,1497.0,1516.0,1,5,2,深位,是
1,1,inbound,IN0624,B6T0000001854,E1,171840.0,174578.0,174597.0,19.0,2738.0,2757.0,1,5,2,浅位,是
1,1,outbound,361,B6T0000001370,E1,173100.0,174635.0,174654.0,19.0,1535.0,1554.0,2,5,2,浅位,是
1,1,inbound,IN0624,B6T0000001854,E1,171840.0,174616.0,174635.0,19.0,2776.0,2795.0,1,5,2,深位,是
1,1,outbound,352,B6T0000001370,E1,173100.0,174673.0,174692.0,19.0,1573.0,1592.0,2,5,2,深位,是
1,1,inbound,IN0624,B6T0000001854,E1,171840.0,174654.0,174673.0,19.0,2814.0,2833.0,2,5,2,浅位,是
1,1,outbound,1293,B6T0000000996,E3,174420.0,174711.0,174808.0,97.0,291.0,388.0,1,9,17,浅位,是
1,1,inbound,IN0624,B6T0000001854,E1,171840.0,174692.0,174711.0,19.0,2852.0,2871.0,2,5,2,深位,是
1,1,outbound,1294,B6T0000000996,E3,174420.0,174866.0,174924.0,58.0,446.0,504.0,1,9,17,深位,是
1,1,inbound,IN0624,B6T0000001854,E1,171840.0,174808.0,174866.0,58.0,2968.0,3026.0,1,9,17,浅位,是
1,1,outbound,1295,B6T0000000996,E3,174420.0,174982.0,175040.0,58.0,562.0,620.0,2,9,17,浅位,是
1,1,inbound,IN0624,B6T0000001854,E1,171840.0,174924.0,174982.0,58.0,3084.0,3142.0,1,9,17,深位,是
1,1,outbound,2518,B6T0000001724,E1,174960.0,175098.0,175168.0,70.0,138.0,208.0,1,1,20,浅位,是
1,1,inbound,IN0624,B6T0000001854,E1,171840.0,175040.0,175098.0,58.0,3200.0,3258.0,2,9,17,浅位,是
1,1,outbound,2517,B6T0000001724,E1,174960.0,175215.0,175262.0,47.0,255.0,302.0,1,1,20,深位,是
1,1,inbound,IN0624,B6T0000001854,E1,171840.0,175168.0,175215.0,47.0,3328.0,3375.0,1,1,20,浅位,是
1,1,outbound,2516,B6T0000001724,E1,174960.0,175309.0,175356.0,47.0,349.0,396.0,2,1,20,浅位,是
1,1,inbound,IN0624,B6T0000001854,E1,171840.0,175262.0,175309.0,47.0,3422.0,3469.0,1,1,20,深位,是
1,1,outbound,2515,B6T0000001724,E1,174960.0,175403.0,175450.0,47.0,443.0,490.0,2,1,20,深位,是
1,1,inbound,IN0624,B6T0000001854,E1,171840.0,175356.0,175403.0,47.0,3516.0,3563.0,2,1,20,浅位,是
1,1,outbound,1304,B6T0000000996,E3,174420.0,175497.0,175578.0,81.0,1077.0,1158.0,2,9,17,深位,是
1,1,inbound,IN0624,B6T0000001854,E1,171840.0,175450.0,175497.0,47.0,3610.0,3657.0,2,1,20,深位,是
1,1,outbound,1728,B6T0000001429,E1,175560.0,175636.0,175694.0,58.0,76.0,134.0,1,1,10,浅位,是
1,1,inbound,IN0624,B6T0000001854,E1,171840.0,175578.0,175636.0,58.0,3738.0,3796.0,2,9,17,深位,是
1,1,outbound,472,B6T0000001382,E1,175680.0,175721.0,175752.0,31.0,41.0,72.0,1,2,4,深位,是
1,1,inbound,IN0624,B6T0000001854,E1,171840.0,175694.0,175721.0,27.0,3854.0,3881.0,1,1,10,浅位,是
1,1,outbound,471,B6T0000001382,E1,175680.0,175769.0,175786.0,17.0,89.0,106.0,2,2,4,浅位,是
1,1,inbound,IN0624,B6T0000001854,E1,171840.0,175752.0,175769.0,17.0,3912.0,3929.0,1,2,4,深位,是
1,1,outbound,481,B6T0000001382,E1,175680.0,175803.0,175820.0,17.0,123.0,140.0,2,2,4,深位,是
1,1,inbound,IN0624,B6T0000001854,E1,171840.0,175786.0,175803.0,17.0,3946.0,3963.0,2,2,4,浅位,是
1,1,outbound,1727,B6T0000001429,E1,175560.0,175837.0,175878.0,41.0,277.0,318.0,1,1,10,深位,是
1,1,inbound,IN0624,B6T0000001854,E1,171840.0,175820.0,175837.0,17.0,3980.0,3997.0,2,2,4,深位,是
1,1,outbound,1732,B6T0000001429,E1,175560.0,175905.0,175932.0,27.0,345.0,372.0,2,1,10,浅位,是
1,1,inbound,IN0624,B6T0000001854,E1,171840.0,175878.0,175905.0,27.0,4038.0,4065.0,1,1,10,深位,是
1,1,outbound,1735,B6T0000001429,E1,175560.0,175959.0,175986.0,27.0,399.0,426.0,2,1,10,深位,是
1,1,inbound,IN0624,B6T0000001854,E1,171840.0,175932.0,175959.0,27.0,4092.0,4119.0,2,1,10,浅位,是
1,1,outbound,1001,B6T0000001090,E3,174180.0,176013.0,176102.0,89.0,1833.0,1922.0,1,12,11,浅位,是
1,1,inbound,IN0624,B6T0000001854,E1,171840.0,175986.0,176013.0,27.0,4146.0,4173.0,2,1,10,深位,是
1,1,outbound,998,B6T0000001090,E3,174180.0,176160.0,176218.0,58.0,1980.0,2038.0,1,12,11,深位,是
1,1,inbound,IN0624,B6T0000001854,E1,171840.0,176102.0,176160.0,58.0,4262.0,4320.0,1,12,11,浅位,是
1,1,outbound,999,B6T0000001090,E3,174180.0,176276.0,176334.0,58.0,2096.0,2154.0,2,12,11,浅位,是
1,1,inbound,IN0624,B6T0000001854,E1,171840.0,176218.0,176276.0,58.0,4378.0,4436.0,1,12,11,深位,是
1,1,outbound,1178,B6T0000001103,E3,175020.0,176392.0,176522.0,130.00000000000003,1372.0,1502.0,1,21,3,浅位,是
1,1,inbound,IN0624,B6T0000001854,E1,171840.0,176334.0,176392.0,58.0,4494.0,4552.0,2,12,11,浅位,是
1,1,outbound,1188,B6T0000001103,E3,175020.0,176600.0,176678.0,78.00000000000001,1580.0,1658.0,1,21,3,深位,是
1,1,inbound,IN0624,B6T0000001854,E1,171840.0,176522.0,176600.0,78.00000000000001,4682.0,4760.0,1,21,3,浅位,是
1,1,outbound,1187,B6T0000001103,E3,175020.0,176756.0,176834.0,78.00000000000001,1736.0,1814.0,2,21,3,浅位,是
1,1,inbound,IN0624,B6T0000001854,E1,171840.0,176678.0,176756.0,78.00000000000001,4838.0,4916.0,1,21,3,深位,是
1,1,outbound,1186,B6T0000001103,E3,175020.0,176912.0,176990.0,78.00000000000001,1892.0,1970.0,2,21,3,深位,是
1,1,inbound,IN0624,B6T0000001854,E1,171840.0,176834.0,176912.0,78.00000000000001,4994.0,5072.0,2,21,3,浅位,是
1,1,outbound,1782,B6T0000001122,E3,173760.0,177068.0,177182.0,114.00000000000003,3308.0,3422.0,1,24,6,浅位,是
1,1,inbound,IN0624,B6T0000001854,E1,171840.0,176990.0,177068.0,78.00000000000001,5150.0,5228.0,2,21,3,深位,是
1,1,outbound,1786,B6T0000001122,E3,173760.0,177278.0,177374.0,96.00000000000001,3518.0,3614.0,1,24,6,深位,是
1,1,inbound,IN0152,B6T0000000447,E3,168840.0,177182.0,177278.0,96.00000000000001,8342.0,8438.0,1,24,6,浅位,是
1,1,outbound,1785,B6T0000001122,E3,173760.0,177470.0,177566.0,96.00000000000001,3710.0,3806.0,2,24,6,浅位,是
1,1,inbound,IN0391,B6T0000001189,E3,168960.0,177374.0,177470.0,96.00000000000001,8414.0,8510.0,1,24,6,深位,是
1,1,outbound,1784,B6T0000001122,E3,173760.0,177662.0,177758.0,96.00000000000001,3902.0,3998.0,2,24,6,深位,是
1,1,inbound,IN0391,B6T0000001189,E3,168960.0,177566.0,177662.0,96.00000000000001,8606.0,8702.0,2,24,6,浅位,是
1,1,outbound,3674,B6T0000000514,E3,173580.0,177854.0,178066.0,212.00000000000003,4274.0,4486.0,1,13,35,深位,是
1,1,inbound,IN0391,B6T0000001189,E3,168960.0,177758.0,177854.0,96.00000000000001,8798.0,8894.0,2,24,6,深位,是
1,1,outbound,766,B6T0000000843,E3,174120.0,178176.0,178310.0,134.0,4056.0,4190.0,1,16,4,浅位,是
1,1,inbound,IN0391,B6T0000001189,E3,168960.0,178066.0,178176.0,110.0,9106.0,9216.0,1,13,35,深位,是
1,1,outbound,1909,B6T0000000403,E3,174000.0,178370.0,178534.0,164.00000000000006,4370.0,4534.0,1,29,3,浅位,是
1,1,inbound,IN0391,B6T0000001189,E3,168960.0,178310.0,178370.0,59.99999999999999,9350.0,9410.0,1,16,4,浅位,是
1,1,outbound,1910,B6T0000000403,E3,174000.0,178644.0,178754.0,110.00000000000001,4644.0,4754.0,1,29,3,深位,是
1,1,inbound,IN0391,B6T0000001189,E3,168960.0,178534.0,178644.0,110.00000000000001,9574.0,9684.0,1,29,3,浅位,是
1,1,outbound,1911,B6T0000000403,E3,174000.0,178864.0,178974.0,110.00000000000001,4864.0,4974.0,2,29,3,浅位,是
1,1,inbound,IN0154,B6T0000000451,E3,169200.0,178754.0,178864.0,110.00000000000001,9554.0,9664.0,1,29,3,深位,是
1,1,outbound,1912,B6T0000000403,E3,174000.0,179084.0,179194.0,110.00000000000001,5084.0,5194.0,2,29,3,深位,是
1,1,inbound,IN0154,B6T0000000451,E3,169200.0,178974.0,179084.0,110.00000000000001,9774.0,9884.0,2,29,3,浅位,是
1,1,outbound,2419,B6T0000001130,E3,172500.0,179304.0,179462.0,158.00000000000009,6804.0,6962.0,1,35,3,浅位,是
1,1,inbound,IN0154,B6T0000000451,E3,169200.0,179194.0,179304.0,110.00000000000001,9994.0,10104.0,2,29,3,深位,是
1,1,outbound,3733,B6T0000000821,E3,174660.0,179578.0,179834.0,256.0,4918.0,5174.0,1,9,63,浅位,是
1,1,inbound,IN0154,B6T0000000451,E3,169200.0,179462.0,179578.0,116.0,10262.0,10378.0,2,18,28,深位,是
1,1,outbound,3732,B6T0000000821,E3,174660.0,179964.0,180310.0,346.00000000000006,5304.0,5650.0,1,9,63,深位,是
1,1,inbound,IN0154,B6T0000000451,E3,169200.0,179834.0,179964.0,130.00000000000003,10634.0,10764.0,1,31,9,浅位,是
1,1,outbound,3084,B6T0000001138,E3,173160.0,180440.0,180638.0,198.00000000000009,7280.0,7478.0,1,39,10,浅位,是
1,1,inbound,IN0297,B6T0000000890,E3,169500.0,180310.0,180440.0,130.00000000000003,10810.0,10940.0,1,31,9,深位,是
1,1,outbound,2887,B6T0000000093,E4,175740.0,180768.0,181063.0,295.00000000000017,5028.0,5323.0,1,45,21,浅位,是
1,1,inbound,IN0297,B6T0000000890,E3,169500.0,180638.0,180768.0,130.00000000000003,11138.0,11268.0,2,31,9,浅位,是
1,1,outbound,2888,B6T0000000093,E4,175740.0,181197.0,181488.0,291.0000000000001,5457.0,5748.0,1,45,21,深位,是
1,1,inbound,IN0297,B6T0000000890,E3,169500.0,181063.0,181197.0,134.00000000000006,11563.0,11697.0,1,35,3,浅位,是
1,1,outbound,2889,B6T0000000093,E4,175740.0,181638.0,182081.0,443.00000000000017,5898.0,6341.0,2,45,21,浅位,是
1,1,inbound,IN0297,B6T0000000890,E3,169500.0,181488.0,181638.0,150.0,11988.0,12138.0,1,9,63,浅位,是
1,1,outbound,3188,B6T0000000316,E4,175500.0,182231.0,182674.0,443.00000000000017,6731.0,7174.0,1,45,27,浅位,是
1,1,inbound,IN0297,B6T0000000890,E3,169500.0,182081.0,182231.0,150.0,12581.0,12731.0,1,9,63,深位,是
1,1,outbound,3187,B6T0000000316,E4,175500.0,182834.0,183247.0,413.00000000000017,7334.0,7747.0,1,45,27,深位,是
1,1,inbound,IN0297,B6T0000000890,E3,169500.0,182674.0,182834.0,160.0,13174.0,13334.0,1,14,58,浅位,是
1,1,outbound,3189,B6T0000000316,E4,175500.0,183407.0,183820.0,413.00000000000017,7907.0,8320.0,2,45,27,浅位,是
1,1,inbound,IN0297,B6T0000000890,E3,169500.0,183247.0,183407.0,160.0,13747.0,13907.0,1,14,58,深位,是
1,1,inbound,IN0354,B6T0000001098,E3,173220.0,183820.0,183980.0,160.0,10600.0,10760.0,2,9,68,浅位,否
1,1,inbound,IN0354,B6T0000001098,E3,173220.0,184134.0,184294.0,160.0,10914.0,11074.0,2,9,68,深位,否
1,1,inbound,IN0354,B6T0000001098,E3,173220.0,184448.0,184608.0,160.0,11228.0,11388.0,2,10,66,浅位,否
1,1,inbound,IN0354,B6T0000001098,E3,173220.0,184762.0,184922.0,160.0,11542.0,11702.0,2,10,66,深位,否
1,1,inbound,IN0354,B6T0000001098,E3,173220.0,185076.0,185236.0,160.0,11856.0,12016.0,2,11,64,浅位,否
1,1,inbound,IN0354,B6T0000001098,E3,173220.0,185390.0,185550.0,160.0,12170.0,12330.0,2,11,64,深位,否
1,1,outbound,2608,B6T0000000322,E3,185040.0,185864.0,186224.0,360.0000000000001,824.0,1184.0,1,37,4,浅位,是
1,1,inbound,IN0354,B6T0000001098,E3,173220.0,185704.0,185864.0,160.0,12484.0,12644.0,2,12,62,浅位,是
1,1,outbound,2611,B6T0000000322,E3,185040.0,186368.0,186512.0,144.00000000000006,1328.0,1472.0,1,37,4,深位,是
1,1,inbound,IN0354,B6T0000001098,E3,173220.0,186224.0,186368.0,144.00000000000006,13004.0,13148.0,1,37,4,浅位,是
1,1,inbound,IN0340,B6T0000001043,E3,170700.0,186512.0,186656.0,144.00000000000006,15812.0,15956.0,1,37,4,深位,否
1,1,inbound,IN0340,B6T0000001043,E3,170700.0,186794.0,186954.0,160.0,16094.0,16254.0,2,12,62,深位,否
1,1,inbound,IN0340,B6T0000001043,E3,170700.0,187108.0,187268.0,160.0,16408.0,16568.0,2,13,60,浅位,否
1,1,inbound,IN0340,B6T0000001043,E3,170700.0,187422.0,187582.0,160.0,16722.0,16882.0,2,13,60,深位,否
1,1,inbound,IN0340,B6T0000001043,E3,170700.0,187736.0,187896.0,160.0,17036.0,17196.0,2,14,58,浅位,否
1,1,inbound,IN0340,B6T0000001043,E3,170700.0,188050.0,188210.0,160.0,17350.0,17510.0,2,14,58,深位,否
1,1,inbound,IN0165,B6T0000000484,E3,170760.0,188364.0,188526.0,162.0,17604.0,17766.0,1,10,67,浅位,否
1,1,inbound,IN0165,B6T0000000484,E3,170760.0,188682.0,188844.0,162.0,17922.0,18084.0,1,10,67,深位,否
1,1,outbound,1425,B6T0000000947,E3,188580.0,189162.0,189340.0,178.0,582.0,760.0,1,13,14,浅位,是
1,1,inbound,IN0165,B6T0000000484,E3,170760.0,189000.0,189162.0,162.0,18240.0,18402.0,1,11,65,浅位,是
1,1,outbound,1427,B6T0000000947,E3,188580.0,189408.0,189476.0,68.0,828.0,896.0,1,13,14,深位,是
1,1,inbound,IN0165,B6T0000000484,E3,170760.0,189340.0,189408.0,68.0,18580.0,18648.0,1,13,14,浅位,是
1,1,outbound,1424,B6T0000000947,E3,188580.0,189544.0,189612.0,68.0,964.0,1032.0,2,13,14,浅位,是
1,1,inbound,IN0165,B6T0000000484,E3,170760.0,189476.0,189544.0,68.0,18716.0,18784.0,1,13,14,深位,是
1,1,outbound,1423,B6T0000000947,E3,188580.0,189680.0,189748.0,68.0,1100.0,1168.0,2,13,14,深位,是
1,1,inbound,IN0165,B6T0000000484,E3,170760.0,189612.0,189680.0,68.0,18852.0,18920.0,2,13,14,浅位,是
1,1,inbound,IN0200,B6T0000000583,E3,170820.0,189748.0,189816.0,68.0,18928.0,18996.0,2,13,14,深位,否
1,1,inbound,IN0200,B6T0000000583,E3,170820.0,189878.0,190040.0,162.0,19058.0,19220.0,1,11,65,深位,否
1,1,inbound,IN0200,B6T0000000583,E3,170820.0,190196.0,190358.0,162.0,19376.0,19538.0,1,12,63,浅位,否
1,1,inbound,IN0220,B6T0000000638,E3,170880.0,190514.0,190676.0,162.0,19634.0,19796.0,1,12,63,深位,否
1,1,inbound,IN0220,B6T0000000638,E3,170880.0,190832.0,190994.0,162.0,19952.0,20114.0,1,13,61,浅位,否
1,1,inbound,IN0142,B6T0000000430,E3,171000.0,191150.0,191312.0,162.0,20150.0,20312.0,1,13,61,深位,否
1,1,inbound,IN0142,B6T0000000430,E3,171000.0,191468.0,191630.0,162.0,20468.0,20630.0,1,14,59,浅位,否
1,1,inbound,IN0147,B6T0000000436,E3,171060.0,191786.0,191948.0,162.0,20726.0,20888.0,1,14,59,深位,否
1,1,inbound,IN0147,B6T0000000436,E3,171060.0,192104.0,192266.0,162.0,21044.0,21206.0,1,15,57,浅位,否
1,1,inbound,IN0300,B6T0000000904,E3,171660.0,192422.0,192584.0,162.0,20762.0,20924.0,1,15,57,深位,否
1,1,outbound,2815,B6T0000000054,E4,192600.0,192902.0,193389.0,487.0000000000002,302.0,789.0,1,49,15,浅位,是
1,1,inbound,IN0300,B6T0000000904,E3,171660.0,192740.0,192902.0,162.0,21080.0,21242.0,2,10,67,浅位,是
1,1,outbound,2813,B6T0000000054,E4,192600.0,193551.0,194038.0,487.0000000000002,951.0,1438.0,1,49,15,深位,是
1,1,inbound,IN0300,B6T0000000904,E3,171660.0,193389.0,193551.0,162.0,21729.0,21891.0,2,10,67,深位,是
1,1,outbound,2829,B6T0000000816,E3,193920.0,194200.0,194418.0,218.0,280.0,498.0,2,18,27,浅位,是
1,1,inbound,IN0300,B6T0000000904,E3,171660.0,194038.0,194200.0,162.0,22378.0,22540.0,2,11,65,浅位,是
1,1,outbound,1709,B6T0000001409,E1,194220.0,194532.0,194646.0,114.0,312.0,426.0,1,6,7,浅位,是
1,1,inbound,IN0329,B6T0000001000,E3,172500.0,194418.0,194532.0,114.0,21918.0,22032.0,2,18,27,浅位,是
1,1,outbound,1711,B6T0000001409,E1,194220.0,194808.0,194970.0,162.0,588.0,750.0,1,6,7,深位,是
1,1,inbound,IN0329,B6T0000001000,E3,172500.0,194646.0,194808.0,162.0,22146.0,22308.0,2,11,65,深位,是
1,1,outbound,1716,B6T0000001409,E1,194220.0,195132.5,195319.0,186.50000000000009,912.5,1099.0,2,6,7,浅位,是
1,1,inbound,IN0029,B6T0000000090,E4,169860.0,194970.0,195132.5,162.50000000000009,25110.0,25272.5,1,43,1,浅位,是
1,1,outbound,1713,B6T0000001409,E1,194220.0,195481.5,195668.0,186.50000000000009,1261.5,1448.0,2,6,7,深位,是
1,1,inbound,IN0029,B6T0000000090,E4,169860.0,195319.0,195481.5,162.50000000000009,25459.0,25621.5,1,43,1,深位,是
1,1,outbound,902,B6T0000000411,E3,194580.0,195830.5,196013.0,182.50000000000009,1250.5,1433.0,1,15,6,浅位,是
1,1,inbound,IN0055,B6T0000000148,E4,171300.0,195668.0,195830.5,162.50000000000009,24368.0,24530.5,2,43,1,浅位,是
1,1,outbound,904,B6T0000000411,E3,194580.0,196175.5,196358.0,182.50000000000009,1595.5,1778.0,1,15,6,深位,是
1,1,inbound,IN0055,B6T0000000148,E4,171300.0,196013.0,196175.5,162.50000000000009,24713.0,24875.5,2,43,1,深位,是
1,1,outbound,906,B6T0000000411,E3,194580.0,196570.5,196783.0,212.5000000000001,1990.5,2203.0,2,15,6,浅位,是
1,1,inbound,IN0017,B6T0000000051,E4,171900.0,196358.0,196570.5,212.50000000000009,24458.0,24670.5,1,45,21,浅位,是
1,1,outbound,908,B6T0000000411,E3,194580.0,196995.5,197208.0,212.5000000000001,2415.5,2628.0,2,15,6,深位,是
1,1,inbound,IN0017,B6T0000000051,E4,171900.0,196783.0,196995.5,212.50000000000009,24883.0,25095.5,1,45,21,深位,是
1,1,outbound,1498,B6T0000000905,E3,195660.0,197420.5,197633.0,212.5000000000001,1760.5,1973.0,1,15,13,浅位,是
1,1,inbound,IN0017,B6T0000000051,E4,171900.0,197208.0,197420.5,212.50000000000009,25308.0,25520.5,2,45,21,浅位,是
1,1,outbound,1495,B6T0000000905,E3,195660.0,197664.0,197781.0,117.0,2004.0,2121.0,1,15,13,深位,是
1,1,inbound,IN0500,B6T0000001500,E1,197400.0,197633.0,197664.0,31.0,233.0,264.0,1,6,7,浅位,是
1,1,outbound,1497,B6T0000000905,E3,195660.0,197812.0,197929.0,117.0,2152.0,2269.0,2,15,13,浅位,是
1,1,inbound,IN0500,B6T0000001500,E1,197400.0,197781.0,197812.0,31.0,381.0,412.0,1,6,7,深位,是
1,1,outbound,1496,B6T0000000905,E3,195660.0,197960.0,198077.0,117.0,2300.0,2417.0,2,15,13,深位,是
1,1,inbound,IN0500,B6T0000001500,E1,197400.0,197929.0,197960.0,31.0,529.0,560.0,2,6,7,浅位,是
1,1,outbound,2828,B6T0000000816,E3,193920.0,198297.5,198566.0,268.5000000000001,4377.5,4646.0,2,18,27,深位,是
1,1,inbound,IN0017,B6T0000000051,E4,171900.0,198077.0,198297.5,220.50000000000009,26177.0,26397.5,1,49,15,浅位,是
1,1,outbound,2485,B6T0000000435,E3,194760.0,198786.5,199007.0,220.5000000000001,4026.5,4247.0,1,37,2,浅位,是
1,1,inbound,IN0017,B6T0000000051,E4,171900.0,198566.0,198786.5,220.50000000000009,26666.0,26886.5,1,49,15,深位,是
1,1,outbound,2814,B6T0000000054,E4,192600.0,199231.5,199496.0,264.5000000000001,6631.5,6896.0,2,49,15,浅位,是
1,1,inbound,IN0017,B6T0000000051,E4,171900.0,199007.0,199231.5,224.50000000000009,27107.0,27331.5,1,45,27,浅位,是
1,1,outbound,2812,B6T0000000054,E4,192600.0,199556.0,199937.0,381.00000000000017,6956.0,7337.0,2,49,15,深位,是
1,1,inbound,IN0213,B6T0000000619,E3,199200.0,199496.0,199556.0,59.99999999999999,296.0,356.0,1,15,6,浅位,是
1,1,outbound,1348,B6T0000001367,E1,198960.0,199997.0,200057.0,59.999999999999986,1037.0,1097.0,1,4,6,浅位,是
1,1,inbound,IN0213,B6T0000000619,E3,199200.0,199937.0,199997.0,59.99999999999999,737.0,797.0,1,15,6,深位,是
1,1,outbound,1349,B6T0000001367,E1,198960.0,200117.0,200177.0,59.999999999999986,1157.0,1217.0,1,4,6,深位,是
1,1,inbound,IN0213,B6T0000000619,E3,199200.0,200057.0,200117.0,59.99999999999999,857.0,917.0,2,15,6,浅位,是
1,1,outbound,1350,B6T0000001367,E1,198960.0,200237.0,200297.0,59.999999999999986,1277.0,1337.0,2,4,6,浅位,是
1,1,inbound,IN0213,B6T0000000619,E3,199200.0,200177.0,200237.0,59.99999999999999,977.0,1037.0,2,15,6,深位,是
1,1,outbound,1347,B6T0000001367,E1,198960.0,200371.0,200445.0,73.99999999999999,1411.0,1485.0,2,4,6,深位,是
1,1,inbound,IN0213,B6T0000000619,E3,199200.0,200297.0,200371.0,74.0,1097.0,1171.0,1,15,13,浅位,是
1,1,inbound,IN0213,B6T0000000619,E3,199200.0,200445.0,200519.0,74.0,1245.0,1319.0,1,15,13,深位,否
1,1,inbound,IN0213,B6T0000000619,E3,199200.0,200587.0,200661.0,74.0,1387.0,1461.0,2,15,13,浅位,否
1,1,inbound,IN0017,B6T0000000051,E4,171900.0,200729.0,200949.5,220.50000000000009,28829.0,29049.5,2,49,15,浅位,否
1,1,inbound,IN0017,B6T0000000051,E4,171900.0,201164.0,201384.5,220.50000000000009,29264.0,29484.5,2,49,15,深位,否
1,1,inbound,IN0017,B6T0000000051,E4,171900.0,201599.0,201823.5,224.50000000000009,29699.0,29923.5,1,45,27,深位,否
1,1,inbound,IN0076,B6T0000000210,E4,172020.0,202042.0,202266.5,224.50000000000009,30022.0,30246.5,2,45,27,浅位,否
1,1,inbound,IN0076,B6T0000000210,E4,172020.0,202485.0,202735.5,250.50000000000009,30465.0,30715.5,1,43,45,浅位,否
1,1,inbound,IN0076,B6T0000000210,E4,172020.0,202980.0,203230.5,250.50000000000009,30960.0,31210.5,1,43,45,深位,否
1,1,inbound,IN0098,B6T0000000271,E4,181740.0,203475.0,203737.5,262.5000000000001,21735.0,21997.5,2,43,51,深位,否
1,1,outbound,206,B6T0000000581,E3,203640.0,204256.5,204519.0,262.5000000000001,616.5,879.0,1,9,9,浅位,是
1,1,inbound,IN0098,B6T0000000271,E4,181740.0,203994.0,204256.5,262.5000000000001,22254.0,22516.5,2,45,46,浅位,是
1,1,outbound,207,B6T0000000581,E3,203640.0,204781.5,205044.0,262.5000000000001,1141.5,1404.0,1,9,9,深位,是
1,1,inbound,IN0098,B6T0000000271,E4,181740.0,204519.0,204781.5,262.5000000000001,22779.0,23041.5,2,45,46,深位,是
1,1,outbound,815,B6T0000001427,E1,203940.0,205086.0,205128.0,42.0,1146.0,1188.0,1,6,3,浅位,是
1,1,inbound,IN0203,B6T0000000592,E3,204540.0,205044.0,205086.0,42.0,504.0,546.0,1,9,9,浅位,是
1,1,outbound,208,B6T0000000581,E3,203640.0,205170.0,205212.0,42.0,1530.0,1572.0,2,9,9,浅位,是
1,1,inbound,IN0203,B6T0000000592,E3,204540.0,205128.0,205170.0,42.0,588.0,630.0,1,9,9,深位,是
1,1,outbound,209,B6T0000000581,E3,203640.0,205254.0,205296.0,42.0,1614.0,1656.0,2,9,9,深位,是
1,1,inbound,IN0180,B6T0000000521,E3,204780.0,205212.0,205254.0,42.0,432.0,474.0,2,9,9,浅位,是
1,1,outbound,1149,B6T0000000395,E3,202560.0,205338.0,205444.0,106.0,2778.0,2884.0,1,17,7,浅位,是
1,1,inbound,IN0180,B6T0000000521,E3,204780.0,205296.0,205338.0,42.0,516.0,558.0,2,9,9,深位,是
1,1,outbound,1150,B6T0000000395,E3,202560.0,205514.0,205584.0,70.0,2954.0,3024.0,1,17,7,深位,是
1,1,inbound,IN0180,B6T0000000521,E3,204780.0,205444.0,205514.0,70.0,664.0,734.0,1,17,7,浅位,是
1,1,inbound,IN0226,B6T0000000659,E3,204900.0,205584.0,205654.0,70.0,684.0,754.0,1,17,7,深位,否
1,1,inbound,IN0226,B6T0000000659,E3,204900.0,205718.0,205792.0,74.0,818.0,892.0,2,15,13,深位,否
1,1,inbound,IN0226,B6T0000000659,E3,204900.0,205860.0,205974.0,114.0,960.0,1074.0,2,18,27,深位,否
1,1,inbound,IN0226,B6T0000000659,E3,204900.0,206082.0,206222.0,140.00000000000006,1182.0,1322.0,1,37,2,浅位,否
1,1,inbound,IN0226,B6T0000000659,E3,204900.0,206356.0,206518.0,162.0,1456.0,1618.0,2,12,63,浅位,否
1,1,inbound,IN0098,B6T0000000271,E4,181740.0,206674.0,206937.5,263.5000000000001,24934.0,25197.5,1,44,49,浅位,否
1,1,inbound,IN0098,B6T0000000271,E4,181740.0,207195.0,207458.5,263.5000000000001,25455.0,25718.5,1,44,49,深位,否
1,1,inbound,IN0098,B6T0000000271,E4,181740.0,207716.0,207979.5,263.5000000000001,25976.0,26239.5,2,44,49,浅位,否
1,1,inbound,IN0098,B6T0000000271,E4,181740.0,208237.0,208500.5,263.5000000000001,26497.0,26760.5,2,44,49,深位,否
1,1,inbound,IN0098,B6T0000000271,E4,181740.0,208758.0,209022.5,264.5000000000001,27018.0,27282.5,1,43,52,浅位,否
1,1,outbound,3370,B6T0000001972,E1,208920.0,209545.5,209810.0,264.50000000000006,625.5,890.0,2,2,1,深位,是
1,1,inbound,IN0102,B6T0000000287,E4,182460.0,209281.0,209545.5,264.5000000000001,26821.0,27085.5,1,43,52,深位,是
1,1,outbound,3371,B6T0000001972,E1,208920.0,209821.0,209844.0,23.0,901.0,924.0,2,1,4,深位,是
1,1,inbound,IN0524,B6T0000001562,E1,209520.0,209810.0,209821.0,11.0,290.0,301.0,2,2,1,深位,是
1,1,inbound,IN0524,B6T0000001562,E1,209520.0,209844.0,209859.0,15.0,324.0,339.0,2,1,4,深位,否
1,1,inbound,IN0524,B6T0000001562,E1,209520.0,209868.0,209891.0,23.0,348.0,371.0,1,6,3,浅位,否
1,1,inbound,IN0524,B6T0000001562,E1,209520.0,209908.0,209933.0,25.0,388.0,413.0,1,4,6,浅位,否
1,1,inbound,IN0524,B6T0000001562,E1,209520.0,209952.0,209977.0,25.0,432.0,457.0,1,4,6,深位,否
1,1,inbound,IN0524,B6T0000001562,E1,209520.0,209996.0,210021.0,25.0,476.0,501.0,2,4,6,浅位,否
1,1,inbound,IN0524,B6T0000001562,E1,209520.0,210040.0,210065.0,25.0,520.0,545.0,2,4,6,深位,否
1,1,inbound,IN0524,B6T0000001562,E1,209520.0,210084.0,210115.0,31.0,564.0,595.0,2,6,7,深位,否
1,1,inbound,IN0524,B6T0000001562,E1,209520.0,210140.0,210253.0,113.0,620.0,733.0,1,4,50,深位,否
1,1,inbound,IN0524,B6T0000001562,E1,209520.0,210360.0,210473.0,113.0,840.0,953.0,1,8,46,浅位,否
1,1,inbound,IN0524,B6T0000001562,E1,209520.0,210580.0,210693.0,113.0,1060.0,1173.0,1,8,46,深位,否
1,1,inbound,IN0102,B6T0000000287,E4,182460.0,210800.0,211064.5,264.5000000000001,28340.0,28604.5,1,45,47,浅位,否
1,1,inbound,IN0102,B6T0000000287,E4,182460.0,211323.0,211587.5,264.5000000000001,28863.0,29127.5,1,45,47,深位,否
1,1,outbound,1682,B6T0000001195,E3,213960.0,215760.0,215958.0,198.00000000000003,1800.0,1998.0,1,28,1,浅位,否
1,1,outbound,1681,B6T0000001195,E3,213960.0,215958.0,216156.0,198.00000000000003,1998.0,2196.0,1,28,1,深位,否
1,1,outbound,1686,B6T0000001195,E3,213960.0,216156.0,216354.0,198.00000000000003,2196.0,2394.0,2,28,1,浅位,否
1,1,outbound,992,B6T0000001090,E3,216180.0,216354.0,216464.0,110.0,174.0,284.0,2,12,11,深位,否
1,1,outbound,326,B6T0000001196,E3,216480.0,216750.0,216844.0,94.0,270.0,364.0,1,13,5,浅位,否
1,1,outbound,325,B6T0000001196,E3,216480.0,216844.0,216938.0,94.0,364.0,458.0,1,13,5,深位,否
1,1,outbound,317,B6T0000001196,E3,216480.0,216938.0,217032.0,94.0,458.0,552.0,2,13,5,浅位,否
1,1,outbound,320,B6T0000001196,E3,216480.0,217032.0,217126.0,94.0,552.0,646.0,2,13,5,深位,否
1,1,outbound,3513,B6T0000000318,E4,216900.0,217126.0,217619.0,493.00000000000017,226.0,719.0,1,46,37,浅位,否
1,1,outbound,3512,B6T0000000318,E4,216900.0,217619.0,218112.0,493.00000000000017,719.0,1212.0,1,46,37,深位,否
1,1,outbound,3197,B6T0000001473,E1,218340.0,218340.0,218368.0,28.0,0.0,28.0,1,2,4,浅位,否
1,1,outbound,3196,B6T0000001473,E1,218340.0,218368.0,218416.0,48.0,28.0,76.0,1,2,9,浅位,否
1,1,outbound,3198,B6T0000001473,E1,218340.0,218416.0,218464.0,48.0,76.0,124.0,1,2,9,深位,否
1,1,inbound,IN0303,B6T0000000918,E3,218640.0,218640.0,218690.0,50.0,0.0,50.0,1,13,5,浅位,否
1,1,inbound,IN0303,B6T0000000918,E3,218640.0,218734.0,218784.0,50.0,94.0,144.0,1,13,5,深位,否
1,1,inbound,IN0303,B6T0000000918,E3,218640.0,218828.0,218878.0,50.0,188.0,238.0,2,13,5,浅位,否
1,1,inbound,IN0303,B6T0000000918,E3,218640.0,218922.0,218972.0,50.0,282.0,332.0,2,13,5,深位,否
1,1,inbound,IN0626,B6T0000001859,E1,219000.0,219016.0,219033.0,17.0,16.0,33.0,1,2,4,浅位,否
1,1,inbound,IN0626,B6T0000001859,E1,219000.0,219044.0,219071.0,27.0,44.0,71.0,1,2,9,浅位,否
1,1,inbound,IN0626,B6T0000001859,E1,219000.0,219092.0,219119.0,27.0,92.0,119.0,1,2,9,深位,否
1,1,inbound,IN0626,B6T0000001859,E1,219000.0,219140.0,219198.0,58.0,140.0,198.0,2,12,11,深位,否
1,1,inbound,IN0626,B6T0000001859,E1,219000.0,219250.0,219352.0,102.00000000000001,250.0,352.0,1,28,1,浅位,否
1,1,inbound,IN0626,B6T0000001859,E1,219000.0,219448.0,219550.0,102.00000000000001,448.0,550.0,1,28,1,深位,否
1,1,inbound,IN0626,B6T0000001859,E1,219000.0,219646.0,219748.0,102.00000000000001,646.0,748.0,2,28,1,浅位,否
1,1,inbound,IN0626,B6T0000001859,E1,219000.0,219844.0,219959.0,115.0,844.0,959.0,2,5,50,深位,否
1,1,inbound,IN0303,B6T0000000918,E3,218640.0,220068.0,220230.0,162.0,1428.0,1590.0,2,12,63,深位,否
1,1,inbound,IN0303,B6T0000000918,E3,218640.0,220386.0,220548.0,162.0,1746.0,1908.0,2,13,61,浅位,否
1,1,inbound,IN0303,B6T0000000918,E3,218640.0,220704.0,220866.0,162.0,2064.0,2226.0,2,13,61,深位,否
1,1,inbound,IN0303,B6T0000000918,E3,218640.0,221022.0,221184.0,162.0,2382.0,2544.0,2,14,59,浅位,否
1,1,inbound,IN0303,B6T0000000918,E3,218640.0,221340.0,221502.0,162.0,2700.0,2862.0,2,14,59,深位,否
1,1,outbound,3711,B6T0000001300,E3,223500.0,223500.0,223850.0,350.0,0.0,350.0,1,25,45,浅位,否
1,1,outbound,3710,B6T0000001300,E3,223500.0,223850.0,224200.0,350.0,350.0,700.0,1,25,45,深位,否
1,1,outbound,3510,B6T0000000004,E4,258960.0,258960.0,259439.0,479.00000000000017,0.0,479.0,1,43,41,浅位,否
1,1,outbound,2708,B6T0000001818,E1,259380.0,259439.0,259547.0,108.00000000000001,59.0,167.0,1,2,24,浅位,否
1,1,outbound,2709,B6T0000001818,E1,259380.0,259547.0,259655.0,108.00000000000001,167.0,275.0,1,2,24,深位,否
1,1,outbound,2710,B6T0000001818,E1,259380.0,259655.0,259763.0,108.00000000000001,275.0,383.0,2,2,24,浅位,否
1,1,outbound,2711,B6T0000001818,E1,259380.0,259763.0,259871.0,108.00000000000001,383.0,491.0,2,2,24,深位,否
1,1,outbound,3081,B6T0000001354,E1,259200.0,259871.0,260015.0,144.0,671.0,815.0,2,4,31,浅位,否
1,1,outbound,3080,B6T0000001354,E1,259200.0,260015.0,260159.0,144.0,815.0,959.0,2,4,31,深位,否
1,1,outbound,2231,B6T0000000051,E4,259740.0,260159.0,260548.0,389.00000000000017,419.0,808.0,2,46,11,浅位,否
1,1,outbound,2230,B6T0000000051,E4,259740.0,260745.5,260943.0,197.50000000000009,1005.5,1203.0,2,46,11,深位,是
1,1,inbound,IN0106,B6T0000000305,E4,260220.0,260548.0,260745.5,197.50000000000009,328.0,525.5,2,46,11,浅位,是
1,1,outbound,1600,B6T0000001610,E1,260160.0,261140.5,261338.0,197.50000000000009,980.5,1178.0,1,4,7,浅位,是
1,1,inbound,IN0106,B6T0000000305,E4,260220.0,260943.0,261140.5,197.50000000000009,723.0,920.5,2,46,11,深位,是
1,1,outbound,1601,B6T0000001610,E1,260160.0,261580.5,261823.0,242.50000000000009,1420.5,1663.0,1,4,7,深位,是
1,1,inbound,IN0106,B6T0000000305,E4,260220.0,261338.0,261580.5,242.50000000000009,1118.0,1360.5,1,43,41,浅位,是
1,1,outbound,1602,B6T0000001610,E1,260160.0,262072.5,262322.0,249.50000000000009,1912.5,2162.0,2,4,7,浅位,是
1,1,inbound,IN0106,B6T0000000305,E4,260220.0,261823.0,262072.5,249.50000000000009,1603.0,1852.5,1,46,37,浅位,是
1,1,outbound,1603,B6T0000001610,E1,260160.0,262571.5,262821.0,249.50000000000009,2411.5,2661.0,2,4,7,深位,是
1,1,inbound,IN0106,B6T0000000305,E4,260220.0,262322.0,262571.5,249.50000000000009,2102.0,2351.5,1,46,37,深位,是
1,1,outbound,3476,B6T0000000592,E3,260940.0,263085.5,263350.0,264.50000000000006,2145.5,2410.0,1,9,9,浅位,是
1,1,inbound,IN0106,B6T0000000305,E4,260220.0,262821.0,263085.5,264.5000000000001,2601.0,2865.5,2,43,52,浅位,是
1,1,outbound,3477,B6T0000000592,E3,260940.0,263392.0,263434.0,42.0,2452.0,2494.0,1,9,9,深位,是
1,1,inbound,IN0400,B6T0000001217,E3,263280.0,263350.0,263392.0,42.0,70.0,112.0,1,9,9,浅位,是
1,1,outbound,155,B6T0000000810,E3,259440.0,263476.0,263566.0,89.99999999999999,4036.0,4126.0,1,15,1,浅位,是
1,1,inbound,IN0400,B6T0000001217,E3,263280.0,263434.0,263476.0,42.0,154.0,196.0,1,9,9,深位,是
1,1,outbound,170,B6T0000000810,E3,259440.0,263616.0,263666.0,49.99999999999999,4176.0,4226.0,1,15,1,深位,是
1,1,inbound,IN0400,B6T0000001217,E3,263280.0,263566.0,263616.0,49.99999999999999,286.0,336.0,1,15,1,浅位,是
1,1,outbound,164,B6T0000000810,E3,259440.0,263716.0,263766.0,49.99999999999999,4276.0,4326.0,2,15,1,浅位,是
1,1,inbound,IN0400,B6T0000001217,E3,263280.0,263666.0,263716.0,49.99999999999999,386.0,436.0,1,15,1,深位,是
1,1,outbound,163,B6T0000000810,E3,259440.0,263816.0,263866.0,49.99999999999999,4376.0,4426.0,2,15,1,深位,是
1,1,inbound,IN0400,B6T0000001217,E3,263280.0,263766.0,263816.0,49.99999999999999,486.0,536.0,2,15,1,浅位,是
1,1,outbound,685,B6T0000001180,E3,259800.0,263916.0,263998.0,82.0,4116.0,4198.0,1,11,9,浅位,是
1,1,inbound,IN0400,B6T0000001217,E3,263280.0,263866.0,263916.0,49.99999999999999,586.0,636.0,2,15,1,深位,是
1,1,outbound,684,B6T0000001180,E3,259800.0,264048.0,264098.0,50.0,4248.0,4298.0,1,11,9,深位,是
1,1,inbound,IN0400,B6T0000001217,E3,263280.0,263998.0,264048.0,50.0,718.0,768.0,1,11,9,浅位,是
1,1,outbound,683,B6T0000001180,E3,259800.0,264362.5,264627.0,264.50000000000006,4562.5,4827.0,2,11,9,浅位,是
1,1,inbound,IN0106,B6T0000000305,E4,260220.0,264098.0,264362.5,264.5000000000001,3878.0,4142.5,2,43,52,深位,是
1,1,outbound,682,B6T0000001180,E3,259800.0,264891.5,265156.0,264.5000000000001,5091.5,5356.0,2,11,9,深位,是
1,1,inbound,IN0106,B6T0000000305,E4,260220.0,264627.0,264891.5,264.5000000000001,4407.0,4671.5,2,45,47,浅位,是
1,1,outbound,2661,B6T0000001882,E1,262200.0,265420.5,265685.0,264.5000000000001,3220.5,3485.0,1,1,24,浅位,是
1,1,inbound,IN0106,B6T0000000305,E4,260220.0,265156.0,265420.5,264.5000000000001,4936.0,5200.5,2,45,47,深位,是
1,1,outbound,2662,B6T0000001882,E1,262200.0,265950.5,266216.0,265.5000000000001,3750.5,4016.0,1,1,24,深位,是
1,1,inbound,IN0106,B6T0000000305,E4,260220.0,265685.0,265950.5,265.5000000000001,5465.0,5730.5,1,44,50,浅位,是
1,1,outbound,2663,B6T0000001882,E1,262200.0,266481.5,266747.0,265.5000000000001,4281.5,4547.0,2,1,24,浅位,是
1,1,inbound,IN0106,B6T0000000305,E4,260220.0,266216.0,266481.5,265.5000000000001,5996.0,6261.5,1,44,50,深位,是
1,1,outbound,2660,B6T0000001882,E1,262200.0,267012.5,267278.0,265.5000000000001,4812.5,5078.0,2,1,24,深位,是
1,1,inbound,IN0106,B6T0000000305,E4,260220.0,266747.0,267012.5,265.5000000000001,6527.0,6792.5,1,46,45,浅位,是
1,1,outbound,2327,B6T0000000447,E3,260700.0,267543.5,267809.0,265.5000000000001,6843.5,7109.0,2,13,20,深位,是
1,1,inbound,IN0106,B6T0000000305,E4,260220.0,267278.0,267543.5,265.5000000000001,7058.0,7323.5,1,46,45,深位,是
1,1,outbound,3331,B6T0000001657,E1,266760.0,268074.5,268340.0,265.50000000000006,1314.5,1580.0,1,2,42,浅位,是
1,1,inbound,IN0106,B6T0000000305,E4,260220.0,267809.0,268074.5,265.5000000000001,7589.0,7854.5,2,44,50,浅位,是
1,1,outbound,3330,B6T0000001657,E1,266760.0,268605.5,268871.0,265.50000000000006,1845.5,2111.0,1,2,42,深位,是
1,1,inbound,IN0106,B6T0000000305,E4,260220.0,268340.0,268605.5,265.5000000000001,8120.0,8385.5,2,44,50,深位,是
1,1,outbound,2330,B6T0000000447,E3,260700.0,269136.5,269402.0,265.5000000000001,8436.5,8702.0,2,25,3,浅位,是
1,1,inbound,IN0106,B6T0000000305,E4,260220.0,268871.0,269136.5,265.5000000000001,8651.0,8916.5,2,46,45,浅位,是
1,1,outbound,2328,B6T0000000447,E3,260700.0,269667.5,269933.0,265.5000000000001,8967.5,9233.0,2,25,3,深位,是
1,1,inbound,IN0106,B6T0000000305,E4,260220.0,269402.0,269667.5,265.5000000000001,9182.0,9447.5,2,46,45,深位,是
1,1,outbound,2331,B6T0000000447,E3,260700.0,269983.0,270137.0,154.00000000000006,9283.0,9437.0,1,24,6,浅位,是
1,1,inbound,IN0133,B6T0000000393,E3,269520.0,269933.0,269983.0,50.0,413.0,463.0,1,11,9,深位,是
1,1,outbound,2326,B6T0000000447,E3,260700.0,270187.0,270341.0,154.0,9487.0,9641.0,1,20,17,浅位,是
1,1,inbound,IN0133,B6T0000000393,E3,269520.0,270137.0,270187.0,50.0,617.0,667.0,2,11,9,浅位,是
1,1,outbound,2329,B6T0000000447,E3,260700.0,270391.0,270545.0,154.0,9691.0,9845.0,1,20,17,深位,是
1,1,inbound,IN0133,B6T0000000393,E3,269520.0,270341.0,270391.0,50.0,821.0,871.0,2,11,9,深位,是
1,1,outbound,3557,B6T0000000429,E3,261840.0,270625.0,270853.0,228.0,8785.0,9013.0,1,9,57,浅位,是
1,1,inbound,IN0133,B6T0000000393,E3,269520.0,270545.0,270625.0,80.0,1025.0,1105.0,2,13,20,深位,是
1,1,outbound,3556,B6T0000000429,E3,261840.0,270947.0,271257.0,310.0,9107.0,9417.0,1,9,57,深位,是
1,1,inbound,IN0133,B6T0000000393,E3,269520.0,270853.0,270947.0,94.0,1333.0,1427.0,2,25,3,浅位,是
1,1,outbound,3551,B6T0000000090,E4,268080.0,271351.0,271590.0,239.00000000000017,3271.0,3510.0,1,43,1,浅位,是
1,1,inbound,IN0133,B6T0000000393,E3,269520.0,271257.0,271351.0,94.0,1737.0,1831.0,2,25,3,深位,是
1,1,outbound,3550,B6T0000000090,E4,268080.0,271686.0,271935.0,249.00000000000014,3606.0,3855.0,1,43,1,深位,是
1,1,inbound,IN0133,B6T0000000393,E3,269520.0,271590.0,271686.0,96.00000000000001,2070.0,2166.0,1,24,6,浅位,是
1,1,outbound,3096,B6T0000001025,E3,271920.0,272037.0,272191.0,154.0,117.0,271.0,2,20,30,浅位,是
1,1,inbound,IN0133,B6T0000000393,E3,269520.0,271935.0,272037.0,102.0,2415.0,2517.0,1,20,17,浅位,是
1,1,outbound,3095,B6T0000001025,E3,271920.0,272293.0,272447.0,154.0,373.0,527.0,2,20,30,深位,是
1,1,inbound,IN0133,B6T0000000393,E3,269520.0,272191.0,272293.0,102.0,2671.0,2773.0,1,20,17,深位,是
1,1,outbound,3166,B6T0000000904,E3,271740.0,272609.5,272888.0,278.50000000000006,869.5,1148.0,1,22,30,浅位,是
1,1,inbound,IN0092,B6T0000000260,E4,272160.0,272447.0,272609.5,162.50000000000009,287.0,449.5,1,43,1,浅位,是
1,1,outbound,3167,B6T0000000904,E3,271740.0,273050.5,273329.0,278.50000000000006,1310.5,1589.0,1,22,30,深位,是
1,1,inbound,IN0092,B6T0000000260,E4,272160.0,272888.0,273050.5,162.50000000000009,728.0,890.5,1,43,1,深位,是
1,1,outbound,3168,B6T0000000904,E3,271740.0,273595.5,273862.0,266.50000000000006,1855.5,2122.0,2,22,30,浅位,是
1,1,inbound,IN0092,B6T0000000260,E4,272160.0,273329.0,273595.5,266.50000000000006,1169.0,1435.5,1,47,43,浅位,是
1,1,outbound,284,B6T0000000305,E4,261780.0,274128.5,274395.0,266.5000000000001,12348.5,12615.0,1,44,2,浅位,是
1,1,inbound,IN0092,B6T0000000260,E4,272160.0,273862.0,274128.5,266.50000000000006,1702.0,1968.5,1,47,43,深位,是
1,1,outbound,286,B6T0000000305,E4,261780.0,274564.5,274734.0,169.50000000000009,12784.5,12954.0,1,44,2,深位,是
1,1,inbound,IN0092,B6T0000000260,E4,272160.0,274395.0,274564.5,169.50000000000009,2235.0,2404.5,1,44,2,浅位,是
1,1,outbound,287,B6T0000000305,E4,261780.0,274903.5,275073.0,169.50000000000009,13123.5,13293.0,2,44,2,浅位,是
1,1,inbound,IN0092,B6T0000000260,E4,272160.0,274734.0,274903.5,169.50000000000009,2574.0,2743.5,1,44,2,深位,是
1,1,outbound,288,B6T0000000305,E4,261780.0,275242.5,275412.0,169.50000000000009,13462.5,13632.0,2,44,2,深位,是
1,1,inbound,IN0106,B6T0000000305,E4,260220.0,275073.0,275242.5,169.50000000000009,14853.0,15022.5,2,44,2,浅位,是
1,1,outbound,2811,B6T0000000003,E4,270360.0,275581.5,275833.0,251.5000000000001,5221.5,5473.0,1,45,20,浅位,是
1,1,inbound,IN0106,B6T0000000305,E4,260220.0,275412.0,275581.5,169.50000000000009,15192.0,15361.5,2,44,2,深位,是
1,1,outbound,2810,B6T0000000003,E4,270360.0,276043.5,276254.0,210.50000000000009,5683.5,5894.0,1,45,20,深位,是
1,1,inbound,IN0106,B6T0000000305,E4,260220.0,275833.0,276043.5,210.50000000000009,15613.0,15823.5,1,45,20,浅位,是
1,1,outbound,2809,B6T0000000003,E4,270360.0,276464.5,276675.0,210.50000000000009,6104.5,6315.0,2,45,20,浅位,是
1,1,inbound,IN0106,B6T0000000305,E4,260220.0,276254.0,276464.5,210.50000000000009,16034.0,16244.5,1,45,20,深位,是
1,1,outbound,2808,B6T0000000003,E4,270360.0,276885.5,277096.0,210.50000000000009,6525.5,6736.0,2,45,20,深位,是
1,1,inbound,IN0106,B6T0000000305,E4,260220.0,276675.0,276885.5,210.50000000000009,16455.0,16665.5,2,45,20,浅位,是
1,1,outbound,3404,B6T0000000189,E4,276180.0,277306.5,277585.0,278.5000000000001,1126.5,1405.0,1,43,37,浅位,是
1,1,inbound,IN0106,B6T0000000305,E4,260220.0,277096.0,277306.5,210.50000000000009,16876.0,17086.5,2,45,20,深位,是
1,1,outbound,3405,B6T0000000189,E4,276180.0,277819.5,278054.0,234.50000000000009,1639.5,1874.0,1,43,37,深位,是
1,1,inbound,IN0106,B6T0000000305,E4,260220.0,277585.0,277819.5,234.50000000000009,17365.0,17599.5,1,43,37,浅位,是
1,1,outbound,2669,B6T0000000193,E4,276720.0,278288.5,278523.0,234.50000000000009,1568.5,1803.0,1,43,21,浅位,是
1,1,inbound,IN0106,B6T0000000305,E4,260220.0,278054.0,278288.5,234.50000000000009,17834.0,18068.5,1,43,37,深位,是
1,1,outbound,2671,B6T0000000193,E4,276720.0,278725.5,278928.0,202.50000000000009,2005.5,2208.0,1,43,21,深位,是
1,1,inbound,IN0106,B6T0000000305,E4,260220.0,278523.0,278725.5,202.50000000000009,18303.0,18505.5,1,43,21,浅位,是
1,1,outbound,1896,B6T0000001029,E3,278220.0,279130.5,279333.0,202.50000000000006,910.5,1113.0,2,27,5,浅位,是
1,1,inbound,IN0106,B6T0000000305,E4,260220.0,278928.0,279130.5,202.50000000000009,18708.0,18910.5,1,43,21,深位,是
1,1,outbound,1895,B6T0000001029,E3,278220.0,279599.5,279866.0,266.50000000000006,1379.5,1646.0,2,27,5,深位,是
1,1,inbound,IN0106,B6T0000000305,E4,260220.0,279333.0,279599.5,266.50000000000006,19113.0,19379.5,2,47,43,浅位,是
1,1,outbound,3037,B6T0000000275,E4,278340.0,280132.5,280399.0,266.5000000000001,1792.5,2059.0,1,45,24,浅位,是
1,1,inbound,IN0106,B6T0000000305,E4,260220.0,279866.0,280132.5,266.50000000000006,19646.0,19912.5,2,47,43,深位,是
1,1,outbound,3038,B6T0000000275,E4,278340.0,280617.5,280836.0,218.50000000000009,2277.5,2496.0,1,45,24,深位,是
1,1,inbound,IN0106,B6T0000000305,E4,260220.0,280399.0,280617.5,218.50000000000009,20179.0,20397.5,1,45,24,浅位,是
1,1,outbound,3039,B6T0000000275,E4,278340.0,281054.5,281273.0,218.50000000000009,2714.5,2933.0,2,45,24,浅位,是
1,1,inbound,IN0106,B6T0000000305,E4,260220.0,280836.0,281054.5,218.50000000000009,20616.0,20834.5,1,45,24,深位,是
1,1,outbound,3511,B6T0000000004,E4,258960.0,281273.0,281752.0,479.00000000000017,22313.0,22792.0,1,43,41,深位,否
1,1,outbound,3262,B6T0000000078,E4,281280.0,281752.0,282191.0,439.00000000000017,472.0,911.0,1,43,31,浅位,否
1,1,outbound,3263,B6T0000000078,E4,281280.0,282218.0,282636.0,418.00000000000017,938.0,1356.0,1,43,31,深位,是
1,1,inbound,IN0497,B6T0000001494,E1,281940.0,282191.0,282218.0,27.0,251.0,278.0,1,4,7,浅位,是
1,1,inbound,IN0497,B6T0000001494,E1,281940.0,282636.0,282663.0,27.0,696.0,723.0,1,4,7,深位,否
1,1,inbound,IN0497,B6T0000001494,E1,281940.0,282684.0,282711.0,27.0,744.0,771.0,2,4,7,浅位,否
1,1,inbound,IN0497,B6T0000001494,E1,281940.0,282732.0,282759.0,27.0,792.0,819.0,2,4,7,深位,否
1,1,inbound,IN0497,B6T0000001494,E1,281940.0,282780.0,282835.0,55.00000000000001,840.0,895.0,1,1,24,浅位,否
1,1,outbound,3442,B6T0000001707,E1,283740.0,283740.0,283784.0,44.0,0.0,44.0,1,7,3,深位,否
1,1,outbound,3443,B6T0000001707,E1,283740.0,283784.0,283836.0,52.0,44.0,96.0,1,8,4,深位,否
1,1,outbound,1093,B6T0000001415,E1,287880.0,287880.0,287924.0,44.0,0.0,44.0,2,7,3,浅位,否
1,1,outbound,1095,B6T0000001415,E1,287880.0,287924.0,287968.0,44.0,44.0,88.0,2,7,3,深位,否
1,1,outbound,2112,B6T0000000611,E3,287640.0,289291.0,289437.0,146.0,1651.0,1797.0,1,9,26,浅位,否
1,1,outbound,2106,B6T0000000611,E3,287640.0,289462.0,289589.0,127.0,1822.0,1949.0,1,9,26,深位,是
1,1,inbound,IN0648,B6T0000001957,E1,289320.0,289437.0,289462.0,25.0,117.0,142.0,1,7,3,深位,是
1,1,outbound,2111,B6T0000000611,E3,287640.0,289614.0,289741.0,127.0,1974.0,2101.0,2,9,26,浅位,是
1,1,inbound,IN0648,B6T0000001957,E1,289320.0,289589.0,289614.0,25.0,269.0,294.0,2,7,3,浅位,是
1,1,outbound,2107,B6T0000000611,E3,287640.0,289766.0,289893.0,127.0,2126.0,2253.0,2,9,26,深位,是
1,1,inbound,IN0648,B6T0000001957,E1,289320.0,289741.0,289766.0,25.0,421.0,446.0,2,7,3,深位,是
1,1,inbound,IN0648,B6T0000001957,E1,289320.0,289893.0,289922.0,29.0,573.0,602.0,1,8,4,深位,否
1,1,outbound,3051,B6T0000000142,E4,290040.0,290040.0,290463.0,423.00000000000017,0.0,423.0,1,43,27,浅位,否
1,1,outbound,3049,B6T0000000142,E4,290040.0,290463.0,290886.0,423.00000000000017,423.0,846.0,1,43,27,深位,否
1,1,outbound,3050,B6T0000000142,E4,290040.0,290886.0,291309.0,423.00000000000017,846.0,1269.0,2,43,27,浅位,否
1,1,outbound,1361,B6T0000000150,E4,295320.0,295320.0,295685.0,365.00000000000017,0.0,365.0,1,46,5,浅位,否
1,1,outbound,1362,B6T0000000150,E4,295320.0,295761.0,296140.0,379.00000000000017,441.0,820.0,1,46,5,深位,是
1,1,inbound,IN0384,B6T0000001169,E3,295680.0,295685.0,295761.0,76.0,5.0,81.0,1,9,26,浅位,是
1,1,outbound,1363,B6T0000000150,E4,295320.0,296216.0,296595.0,379.00000000000017,896.0,1275.0,2,46,5,浅位,是
1,1,inbound,IN0384,B6T0000001169,E3,295680.0,296140.0,296216.0,76.0,460.0,536.0,1,9,26,深位,是
1,1,outbound,1364,B6T0000000150,E4,295320.0,296595.0,296960.0,365.00000000000017,1275.0,1640.0,2,46,5,深位,否
1,1,inbound,IN0379,B6T0000001153,E3,296940.0,296960.0,297036.0,76.0,20.0,96.0,2,9,26,浅位,否
1,1,outbound,1806,B6T0000001372,E1,297060.0,297182.0,297258.0,76.0,122.0,198.0,1,2,10,浅位,是
1,1,inbound,IN0379,B6T0000001153,E3,296940.0,297106.0,297182.0,76.0,166.0,242.0,2,9,26,深位,是
1,1,outbound,1807,B6T0000001372,E1,297060.0,297364.0,297490.0,126.0,304.0,430.0,1,2,10,深位,是
1,1,inbound,IN0379,B6T0000001153,E3,296940.0,297258.0,297364.0,106.00000000000001,318.0,424.0,2,27,5,浅位,是
1,1,outbound,1808,B6T0000001372,E1,297060.0,297596.0,297722.0,126.0,536.0,662.0,2,2,10,浅位,是
1,1,inbound,IN0379,B6T0000001153,E3,296940.0,297490.0,297596.0,106.00000000000001,550.0,656.0,2,27,5,深位,是
1,1,outbound,1809,B6T0000001372,E1,297060.0,297850.0,297978.0,128.0,790.0,918.0,2,2,10,深位,是
1,1,inbound,IN0379,B6T0000001153,E3,296940.0,297722.0,297850.0,128.0,782.0,910.0,2,20,30,浅位,是
1,1,outbound,2356,B6T0000001471,E1,297000.0,298106.0,298234.0,128.0,1106.0,1234.0,2,4,10,深位,是
1,1,inbound,IN0379,B6T0000001153,E3,296940.0,297978.0,298106.0,128.0,1038.0,1166.0,2,20,30,深位,是
1,1,outbound,2358,B6T0000001471,E1,297000.0,298234.0,298302.0,68.0,1234.0,1302.0,1,3,13,深位,否
1,1,outbound,2357,B6T0000001471,E1,297000.0,298302.0,298370.0,68.0,1302.0,1370.0,2,6,10,深位,否
1,1,outbound,2361,B6T0000001471,E1,297000.0,298370.0,298438.0,68.0,1370.0,1438.0,1,4,12,深位,否
1,1,outbound,2360,B6T0000001471,E1,297000.0,298438.0,298510.0,72.0,1438.0,1510.0,1,7,10,浅位,否
1,1,outbound,2359,B6T0000001471,E1,297000.0,298510.0,298582.0,72.0,1510.0,1582.0,1,7,10,深位,否
1,1,outbound,3622,B6T0000001034,E3,297240.0,298582.0,298900.0,318.0,1342.0,1660.0,1,19,49,浅位,否
1,1,outbound,3623,B6T0000001034,E3,297240.0,298900.0,299218.0,318.0,1660.0,1978.0,1,19,49,深位,否
1,1,outbound,2920,B6T0000000210,E4,297660.0,299218.0,299629.0,411.00000000000017,1558.0,1969.0,2,43,24,浅位,否
1,1,outbound,2921,B6T0000000210,E4,297660.0,299629.0,300040.0,411.00000000000017,1969.0,2380.0,2,43,24,深位,否
1,1,outbound,1373,B6T0000000150,E4,295320.0,300040.0,300419.0,379.00000000000017,4720.0,5099.0,2,49,1,浅位,否
1,1,outbound,1371,B6T0000000150,E4,295320.0,300419.0,300798.0,379.00000000000017,5099.0,5478.0,2,49,1,深位,否
1,1,outbound,1214,B6T0000000577,E3,302040.0,302040.0,302146.0,106.0,0.0,106.0,1,9,16,浅位,否
1,1,outbound,1219,B6T0000000577,E3,302040.0,302146.0,302252.0,106.0,106.0,212.0,1,9,16,深位,否
1,1,outbound,1220,B6T0000000577,E3,302040.0,302252.0,302358.0,106.0,212.0,318.0,2,9,16,浅位,否
1,1,outbound,1224,B6T0000000577,E3,302040.0,302358.0,302464.0,106.0,318.0,424.0,2,9,16,深位,否
1,1,outbound,2953,B6T0000000119,E4,303660.0,303660.0,304095.0,435.00000000000017,0.0,435.0,1,45,25,深位,否
1,1,outbound,3345,B6T0000000466,E3,304020.0,304095.0,304357.0,261.99999999999994,75.0,337.0,1,15,43,浅位,否
1,1,outbound,3344,B6T0000000466,E3,304020.0,304357.0,304619.0,261.99999999999994,337.0,599.0,1,15,43,深位,否
1,1,outbound,2954,B6T0000000119,E4,303660.0,304619.0,305058.0,439.00000000000017,959.0,1398.0,1,49,16,深位,否
1,1,outbound,2955,B6T0000000119,E4,303660.0,305058.0,305501.0,443.00000000000017,1398.0,1841.0,1,49,17,浅位,否
1,1,outbound,1163,B6T0000000245,E4,308040.0,309801.0,310156.0,355.00000000000017,1761.0,2116.0,2,45,5,浅位,否
1,1,outbound,1154,B6T0000000245,E4,308040.0,310156.0,310511.0,355.00000000000017,2116.0,2471.0,2,45,5,深位,否
1,1,outbound,2777,B6T0000001508,E1,313560.0,314474.0,314598.0,124.0,914.0,1038.0,1,8,22,浅位,否
1,1,outbound,2134,B6T0000001633,E1,313560.0,314988.0,315056.0,68.0,1428.0,1496.0,2,4,12,浅位,否
1,1,outbound,2138,B6T0000001633,E1,313560.0,315056.0,315124.0,68.0,1496.0,1564.0,2,4,12,深位,否
1,1,outbound,3630,B6T0000001985,E1,315480.0,315480.0,315712.0,232.00000000000003,0.0,232.0,1,4,53,浅位,否
1,1,outbound,3631,B6T0000001985,E1,315480.0,315712.0,315944.0,232.00000000000003,232.0,464.0,1,4,53,深位,否
1,1,outbound,252,B6T0000000581,E3,311640.0,317306.0,317388.0,82.0,5666.0,5748.0,1,10,8,浅位,否
1,1,outbound,222,B6T0000000581,E3,311640.0,317388.0,317470.0,82.0,5748.0,5830.0,1,10,8,深位,否
1,1,outbound,254,B6T0000000581,E3,311640.0,317470.0,317552.0,82.0,5830.0,5912.0,2,10,8,浅位,否
1,1,outbound,223,B6T0000000581,E3,311640.0,317552.0,317634.0,82.0,5912.0,5994.0,2,10,8,深位,否
1,1,outbound,307,B6T0000001196,E3,309300.0,318138.0,318236.0,97.99999999999999,8838.0,8936.0,1,14,4,浅位,否
1,1,inbound,IN0638,B6T0000001937,E1,318360.0,318360.0,318389.0,29.0,0.0,29.0,1,2,10,浅位,否
1,1,inbound,IN0638,B6T0000001937,E1,318360.0,318412.0,318441.0,29.0,52.0,81.0,1,2,10,深位,否
1,1,inbound,IN0638,B6T0000001937,E1,318360.0,318464.0,318493.0,29.0,104.0,133.0,2,2,10,浅位,否
1,1,inbound,IN0638,B6T0000001937,E1,318360.0,318516.0,318545.0,29.0,156.0,185.0,2,2,10,深位,否
1,1,inbound,IN0638,B6T0000001937,E1,318360.0,318568.0,318601.0,33.0,208.0,241.0,2,4,10,深位,否
1,1,inbound,IN0638,B6T0000001937,E1,318360.0,318628.0,318665.0,37.0,268.0,305.0,1,3,13,深位,否
1,1,inbound,IN0638,B6T0000001937,E1,318360.0,318696.0,318733.0,37.0,336.0,373.0,2,6,10,深位,否
1,1,inbound,IN0638,B6T0000001937,E1,318360.0,318764.0,318801.0,37.0,404.0,441.0,1,4,12,深位,否
1,1,inbound,IN0638,B6T0000001937,E1,318360.0,318832.0,318869.0,37.0,472.0,509.0,2,4,12,浅位,否
1,1,outbound,514,B6T0000001101,E3,309960.0,319617.0,319715.0,98.0,9657.0,9755.0,1,13,6,浅位,否
1,1,outbound,513,B6T0000001101,E3,309960.0,319715.0,319813.0,98.0,9755.0,9853.0,1,13,6,深位,否
1,1,outbound,516,B6T0000001101,E3,309960.0,319813.0,319911.0,98.0,9853.0,9951.0,2,13,6,浅位,否
1,1,outbound,517,B6T0000001101,E3,309960.0,319911.0,320009.0,98.0,9951.0,10049.0,2,13,6,深位,否
1,1,inbound,IN0175,B6T0000000507,E3,341640.0,341640.0,341684.0,44.0,0.0,44.0,1,10,8,浅位,否
1,1,inbound,IN0175,B6T0000000507,E3,341640.0,341722.0,341766.0,44.0,82.0,126.0,1,10,8,深位,否
1,1,inbound,IN0175,B6T0000000507,E3,341640.0,341804.0,341848.0,44.0,164.0,208.0,2,10,8,浅位,否
1,1,inbound,IN0175,B6T0000000507,E3,341640.0,341886.0,341930.0,44.0,246.0,290.0,2,10,8,深位,否
1,1,inbound,IN0175,B6T0000000507,E3,341640.0,341968.0,342020.0,51.99999999999999,328.0,380.0,1,14,4,浅位,否
1,1,inbound,IN0175,B6T0000000507,E3,341640.0,342066.0,342118.0,52.0,426.0,478.0,1,13,6,浅位,否
1,1,inbound,IN0175,B6T0000000507,E3,341640.0,342164.0,342216.0,52.0,524.0,576.0,1,13,6,深位,否
1,1,inbound,IN0175,B6T0000000507,E3,341640.0,342262.0,342314.0,52.0,622.0,674.0,2,13,6,浅位,否
1,1,inbound,IN0175,B6T0000000507,E3,341640.0,342360.0,342412.0,52.0,720.0,772.0,2,13,6,深位,否
1,1,inbound,IN0175,B6T0000000507,E3,341640.0,342458.0,342514.0,56.0,818.0,874.0,1,9,16,浅位,否
1,1,inbound,IN0175,B6T0000000507,E3,341640.0,342564.0,342620.0,56.0,924.0,980.0,1,9,16,深位,否
1,1,inbound,IN0175,B6T0000000507,E3,341640.0,342670.0,342726.0,56.0,1030.0,1086.0,2,9,16,浅位,否
1,1,inbound,IN0408,B6T0000001241,E3,341820.0,342776.0,342832.0,56.0,956.0,1012.0,2,9,16,深位,否
1,1,inbound,IN0408,B6T0000001241,E3,341820.0,342882.0,343016.0,133.99999999999997,1062.0,1196.0,1,15,43,浅位,否
1,1,inbound,IN0408,B6T0000001241,E3,341820.0,343144.0,343278.0,133.99999999999997,1324.0,1458.0,1,15,43,深位,否
1,1,inbound,IN0408,B6T0000001241,E3,341820.0,343406.0,343542.0,136.0,1586.0,1722.0,1,22,30,浅位,否
1,1,inbound,IN0408,B6T0000001241,E3,341820.0,343672.0,343808.0,136.0,1852.0,1988.0,1,22,30,深位,否
1,1,inbound,IN0559,B6T0000001659,E1,343800.0,343938.0,343975.0,37.0,138.0,175.0,2,4,12,深位,否
1,1,inbound,IN0559,B6T0000001659,E1,343800.0,344006.0,344045.0,39.0,206.0,245.0,1,7,10,浅位,否
1,1,inbound,IN0559,B6T0000001659,E1,343800.0,344078.0,344117.0,39.0,278.0,317.0,1,7,10,深位,否
1,1,inbound,IN0559,B6T0000001659,E1,343800.0,344150.0,344205.0,55.00000000000001,350.0,405.0,1,1,24,深位,否
1,1,inbound,IN0532,B6T0000001579,E1,343860.0,344254.0,344309.0,55.00000000000001,394.0,449.0,2,1,24,浅位,否
1,1,inbound,IN0532,B6T0000001579,E1,343860.0,344358.0,344413.0,55.00000000000001,498.0,553.0,2,1,24,深位,否
1,1,inbound,IN0532,B6T0000001579,E1,343860.0,344462.0,344519.0,57.00000000000001,602.0,659.0,1,2,24,浅位,否
1,1,inbound,IN0532,B6T0000001579,E1,343860.0,344570.0,344627.0,57.00000000000001,710.0,767.0,1,2,24,深位,否
1,1,inbound,IN0408,B6T0000001241,E3,341820.0,344678.0,344814.0,136.0,2858.0,2994.0,2,22,30,浅位,否
1,1,inbound,IN0408,B6T0000001241,E3,341820.0,344944.0,345082.0,138.0,3124.0,3262.0,1,9,57,浅位,否
1,1,outbound,3507,B6T0000000958,E3,345180.0,345352.0,345514.0,162.0,172.0,334.0,2,12,52,浅位,是
1,1,inbound,IN0408,B6T0000001241,E3,341820.0,345214.0,345352.0,138.0,3394.0,3532.0,1,9,57,深位,是
1,1,outbound,3682,B6T0000001349,E1,345240.0,345654.0,345794.0,140.0,414.0,554.0,1,4,3,浅位,是
1,1,inbound,IN0296,B6T0000000889,E3,341880.0,345514.0,345654.0,140.0,3634.0,3774.0,2,12,52,浅位,是
1,1,outbound,3683,B6T0000001349,E1,345240.0,345956.0,346118.0,162.0,716.0,878.0,1,5,12,浅位,是
1,1,inbound,IN0296,B6T0000000889,E3,341880.0,345794.0,345956.0,162.0,3914.0,4076.0,2,15,57,浅位,是
1,1,outbound,2381,B6T0000001895,E1,345960.0,346280.0,346442.0,162.0,320.0,482.0,1,5,12,深位,是
1,1,inbound,IN0296,B6T0000000889,E3,341880.0,346118.0,346280.0,162.0,4238.0,4400.0,2,15,57,深位,是
1,1,outbound,976,B6T0000001844,E1,346200.0,346461.0,346492.0,31.000000000000004,261.0,292.0,1,1,6,浅位,是
1,1,inbound,IN0612,B6T0000001817,E1,346380.0,346442.0,346461.0,19.0,62.0,81.0,1,4,3,浅位,是
1,1,outbound,971,B6T0000001844,E1,346200.0,346511.0,346530.0,19.0,311.0,330.0,1,1,6,深位,是
1,1,inbound,IN0612,B6T0000001817,E1,346380.0,346492.0,346511.0,19.0,112.0,131.0,1,1,6,浅位,是
1,1,outbound,988,B6T0000001844,E1,346200.0,346549.0,346568.0,19.0,349.0,368.0,2,1,6,浅位,是
1,1,inbound,IN0612,B6T0000001817,E1,346380.0,346530.0,346549.0,19.0,150.0,169.0,1,1,6,深位,是
1,1,outbound,989,B6T0000001844,E1,346200.0,346587.0,346606.0,19.0,387.0,406.0,2,1,6,深位,是
1,1,inbound,IN0612,B6T0000001817,E1,346380.0,346568.0,346587.0,19.0,188.0,207.0,2,1,6,浅位,是
1,1,outbound,2380,B6T0000001895,E1,345960.0,346625.0,346692.0,67.0,665.0,732.0,1,1,18,浅位,是
1,1,inbound,IN0612,B6T0000001817,E1,346380.0,346606.0,346625.0,19.0,226.0,245.0,2,1,6,深位,是
1,1,outbound,2383,B6T0000001895,E1,345960.0,346731.0,346794.0,63.0,771.0,834.0,1,1,18,深位,是
1,1,inbound,IN0612,B6T0000001817,E1,346380.0,346692.0,346731.0,39.0,312.0,351.0,1,5,12,浅位,是
1,1,outbound,2384,B6T0000001895,E1,345960.0,346833.0,346896.0,63.0,873.0,936.0,2,1,18,浅位,是
1,1,inbound,IN0612,B6T0000001817,E1,346380.0,346794.0,346833.0,39.0,414.0,453.0,1,5,12,深位,是
1,1,outbound,2382,B6T0000001895,E1,345960.0,346939.0,346982.0,43.0,979.0,1022.0,2,1,18,深位,是
1,1,inbound,IN0612,B6T0000001817,E1,346380.0,346896.0,346939.0,43.0,516.0,559.0,1,1,18,浅位,是
1,1,outbound,2454,B6T0000001399,E1,346860.0,346982.0,347066.0,84.0,122.0,206.0,1,1,19,浅位,否
1,1,outbound,2451,B6T0000001399,E1,346860.0,347066.0,347150.0,84.0,206.0,290.0,1,1,19,深位,否
1,1,outbound,2452,B6T0000001399,E1,346860.0,347150.0,347234.0,84.0,290.0,374.0,2,1,19,浅位,否
1,1,outbound,2450,B6T0000001399,E1,346860.0,347234.0,347318.0,84.0,374.0,458.0,2,1,19,深位,否
1,1,outbound,755,B6T0000000843,E3,346140.0,347318.0,347432.0,113.99999999999999,1178.0,1292.0,1,16,4,深位,否
1,1,outbound,754,B6T0000000843,E3,346140.0,347432.0,347546.0,113.99999999999999,1292.0,1406.0,2,16,4,浅位,否
1,1,outbound,753,B6T0000000843,E3,346140.0,347546.0,347660.0,113.99999999999999,1406.0,1520.0,2,16,4,深位,否
1,1,outbound,2204,B6T0000001098,E3,346200.0,347660.0,347810.0,150.0,1460.0,1610.0,1,9,27,浅位,否
1,1,outbound,2205,B6T0000001098,E3,346200.0,347810.0,347960.0,150.0,1610.0,1760.0,1,9,27,深位,否
1,1,outbound,2206,B6T0000001098,E3,346200.0,347960.0,348110.0,150.0,1760.0,1910.0,2,9,27,浅位,否
1,1,outbound,1774,B6T0000001573,E1,347160.0,348110.0,348166.0,56.0,950.0,1006.0,1,5,8,浅位,否
1,1,outbound,1770,B6T0000001573,E1,347160.0,348166.0,348222.0,56.0,1006.0,1062.0,1,5,8,深位,否
1,1,outbound,3014,B6T0000001973,E1,347820.0,348222.0,348354.0,132.0,402.0,534.0,1,2,30,浅位,否
1,1,outbound,3015,B6T0000001973,E1,347820.0,348354.0,348486.0,132.0,534.0,666.0,1,2,30,深位,否
1,1,outbound,2207,B6T0000001098,E3,346200.0,348486.0,348636.0,150.0,2286.0,2436.0,2,9,27,深位,否
1,1,outbound,3506,B6T0000000958,E3,345180.0,348636.0,348910.0,274.0,3456.0,3730.0,2,12,52,深位,否
1,1,outbound,2742,B6T0000000260,E4,347220.0,348910.0,349229.0,319.00000000000017,1690.0,2009.0,1,43,1,浅位,否
1,1,outbound,2743,B6T0000000260,E4,347220.0,349229.0,349548.0,319.00000000000017,2009.0,2328.0,1,43,1,深位,否
1,1,outbound,2741,B6T0000000260,E4,347220.0,349548.0,349881.0,333.00000000000017,2328.0,2661.0,1,44,2,浅位,否
1,1,outbound,2740,B6T0000000260,E4,347220.0,349881.0,350214.0,333.00000000000017,2661.0,2994.0,1,44,2,深位,否
1,1,outbound,1991,B6T0000000186,E4,346080.0,350214.0,350595.0,381.00000000000017,4134.0,4515.0,1,46,9,浅位,否
1,1,outbound,1992,B6T0000000186,E4,346080.0,350757.5,350982.0,224.5000000000001,4677.5,4902.0,1,46,9,深位,是
1,1,inbound,IN0025,B6T0000000079,E4,350520.0,350595.0,350757.5,162.50000000000009,75.0,237.5,1,43,1,浅位,是
1,1,outbound,3548,B6T0000000079,E4,350940.0,351144.5,351307.0,162.50000000000009,204.5,367.0,1,43,1,浅位,是
1,1,inbound,IN0025,B6T0000000079,E4,350520.0,350982.0,351144.5,162.50000000000009,462.0,624.5,1,43,1,深位,是
1,1,outbound,3549,B6T0000000079,E4,350940.0,351469.5,351632.0,162.50000000000009,529.5,692.0,1,43,1,深位,是
1,1,inbound,IN0025,B6T0000000079,E4,350520.0,351307.0,351469.5,162.50000000000009,787.0,949.5,1,43,1,浅位,是
1,1,outbound,1993,B6T0000000186,E4,346080.0,351632.0,352013.0,381.00000000000017,5552.0,5933.0,2,46,9,浅位,否
1,1,outbound,1994,B6T0000000186,E4,346080.0,352013.0,352394.0,381.00000000000017,5933.0,6314.0,2,46,9,深位,否
1,1,outbound,2932,B6T0000001579,E1,352080.0,352394.0,352498.0,104.00000000000001,314.0,418.0,2,1,24,浅位,否
1,1,outbound,2933,B6T0000001579,E1,352080.0,352498.0,352602.0,104.00000000000001,418.0,522.0,2,1,24,深位,否
1,1,outbound,2934,B6T0000001579,E1,352080.0,352602.0,352710.0,108.00000000000001,522.0,630.0,1,2,24,浅位,否
1,1,outbound,2990,B6T0000000096,E4,345240.0,352710.0,353131.0,421.00000000000017,7470.0,7891.0,1,44,24,浅位,否
1,1,outbound,2989,B6T0000000096,E4,345240.0,353131.0,353552.0,421.00000000000017,7891.0,8312.0,1,44,24,深位,否
1,1,outbound,2991,B6T0000000096,E4,345240.0,353552.0,353973.0,421.00000000000017,8312.0,8733.0,2,44,24,浅位,否
1,1,outbound,3353,B6T0000000149,E4,348060.0,353973.0,354428.0,455.00000000000017,5913.0,6368.0,1,43,35,浅位,否
1,1,outbound,3352,B6T0000000149,E4,348060.0,354428.0,354883.0,455.00000000000017,6368.0,6823.0,1,43,35,深位,否
1,1,inbound,IN0039,B6T0000000117,E4,355440.0,355440.0,355602.5,162.50000000000009,0.0,162.5,1,43,1,深位,否
1,1,inbound,IN0039,B6T0000000117,E4,355440.0,355759.0,355928.5,169.50000000000009,319.0,488.5,1,44,2,浅位,否
1,1,inbound,IN0039,B6T0000000117,E4,355440.0,356092.0,356261.5,169.50000000000009,652.0,821.5,1,44,2,深位,否
1,1,inbound,IN0406,B6T0000001236,E3,358620.0,358620.0,358680.0,59.99999999999999,0.0,60.0,1,16,4,深位,否
1,1,inbound,IN0406,B6T0000001236,E3,358620.0,358734.0,358794.0,59.99999999999999,114.0,174.0,2,16,4,浅位,否
1,1,inbound,IN0406,B6T0000001236,E3,358620.0,358848.0,358908.0,59.99999999999999,228.0,288.0,2,16,4,深位,否
1,1,inbound,IN0406,B6T0000001236,E3,358620.0,358962.0,359040.0,78.0,342.0,420.0,1,9,27,浅位,否
1,1,inbound,IN0406,B6T0000001236,E3,358620.0,359112.0,359190.0,78.0,492.0,570.0,1,9,27,深位,否
1,1,inbound,IN0406,B6T0000001236,E3,358620.0,359262.0,359340.0,78.0,642.0,720.0,2,9,27,浅位,否
1,1,inbound,IN0406,B6T0000001236,E3,358620.0,359412.0,359490.0,78.0,792.0,870.0,2,9,27,深位,否
1,1,inbound,IN0406,B6T0000001236,E3,358620.0,359562.0,359702.0,140.0,942.0,1082.0,2,12,52,深位,否
1,1,inbound,IN0406,B6T0000001236,E3,358620.0,359836.0,359998.0,162.0,1216.0,1378.0,2,21,45,深位,否
1,1,inbound,IN0406,B6T0000001236,E3,358620.0,360154.0,360316.0,162.0,1534.0,1696.0,1,19,49,浅位,否
1,1,inbound,IN0406,B6T0000001236,E3,358620.0,360472.0,360634.0,162.0,1852.0,2014.0,1,19,49,深位,否
1,1,inbound,IN0406,B6T0000001236,E3,358620.0,360790.0,360954.0,164.0,2170.0,2334.0,1,10,68,浅位,否
1,1,inbound,IN0406,B6T0000001236,E3,358620.0,361112.0,361276.0,164.0,2492.0,2656.0,1,10,68,深位,否
1,1,inbound,IN0425,B6T0000001298,E3,358740.0,361434.0,361598.0,164.0,2694.0,2858.0,1,11,66,浅位,否
1,1,inbound,IN0425,B6T0000001298,E3,358740.0,361756.0,361920.0,164.0,3016.0,3180.0,1,11,66,深位,否
1,1,inbound,IN0425,B6T0000001298,E3,358740.0,362078.0,362242.0,164.0,3338.0,3502.0,1,12,64,浅位,否
1,1,inbound,IN0425,B6T0000001298,E3,358740.0,362400.0,362564.0,164.0,3660.0,3824.0,1,12,64,深位,否
1,1,inbound,IN0425,B6T0000001298,E3,358740.0,362722.0,362886.0,164.0,3982.0,4146.0,1,13,62,浅位,否
1,1,inbound,IN0425,B6T0000001298,E3,358740.0,363044.0,363208.0,164.0,4304.0,4468.0,1,13,62,深位,否
1,1,inbound,IN0258,B6T0000000758,E3,359040.0,363366.0,363530.0,164.0,4326.0,4490.0,1,14,60,浅位,否
1,1,inbound,IN0258,B6T0000000758,E3,359040.0,363688.0,363852.0,164.0,4648.0,4812.0,1,14,60,深位,否
1,1,inbound,IN0258,B6T0000000758,E3,359040.0,364010.0,364174.0,164.0,4970.0,5134.0,1,15,58,浅位,否
1,1,inbound,IN0258,B6T0000000758,E3,359040.0,364332.0,364496.0,164.0,5292.0,5456.0,1,15,58,深位,否
1,1,inbound,IN0258,B6T0000000758,E3,359040.0,364654.0,364818.0,164.0,5614.0,5778.0,1,16,56,浅位,否
1,1,inbound,IN0258,B6T0000000758,E3,359040.0,364976.0,365140.0,164.0,5936.0,6100.0,1,16,56,深位,否
1,1,inbound,IN0258,B6T0000000758,E3,359040.0,365298.0,365462.0,164.0,6258.0,6422.0,2,10,68,浅位,否
1,1,inbound,IN0258,B6T0000000758,E3,359040.0,365620.0,365784.0,164.0,6580.0,6744.0,2,10,68,深位,否
1,1,inbound,IN0258,B6T0000000758,E3,359040.0,365942.0,366106.0,164.0,6902.0,7066.0,2,11,66,浅位,否
1,1,inbound,IN0258,B6T0000000758,E3,359040.0,366264.0,366428.0,164.0,7224.0,7388.0,2,11,66,深位,否
1,1,inbound,IN0258,B6T0000000758,E3,359040.0,366586.0,366750.0,164.0,7546.0,7710.0,2,12,64,浅位,否
1,1,inbound,IN0258,B6T0000000758,E3,359040.0,366908.0,367072.0,164.0,7868.0,8032.0,2,12,64,深位,否
1,1,inbound,IN0258,B6T0000000758,E3,359040.0,367230.0,367394.0,164.0,8190.0,8354.0,2,13,62,浅位,否
1,1,inbound,IN0258,B6T0000000758,E3,359040.0,367552.0,367716.0,164.0,8512.0,8676.0,2,13,62,深位,否
1,1,inbound,IN0258,B6T0000000758,E3,359040.0,367874.0,368038.0,164.0,8834.0,8998.0,2,14,60,浅位,否
1,1,inbound,IN0258,B6T0000000758,E3,359040.0,368196.0,368360.0,164.0,9156.0,9320.0,2,14,60,深位,否
1,1,inbound,IN0258,B6T0000000758,E3,359040.0,368518.0,368682.0,164.0,9478.0,9642.0,2,15,58,浅位,否
1,1,inbound,IN0258,B6T0000000758,E3,359040.0,368840.0,369004.0,164.0,9800.0,9964.0,2,15,58,深位,否
1,1,inbound,IN0362,B6T0000001112,E3,359040.0,369162.0,369326.0,164.0,10122.0,10286.0,2,16,56,浅位,否
1,1,outbound,926,B6T0000000508,E3,368880.0,369648.0,369812.0,164.0,768.0,932.0,2,9,13,深位,是
1,1,inbound,IN0362,B6T0000001112,E3,359040.0,369484.0,369648.0,164.0,10444.0,10608.0,2,16,56,深位,是
1,1,inbound,IN0362,B6T0000001112,E3,359040.0,369812.0,369862.0,50.0,10772.0,10822.0,2,9,13,深位,否
1,1,outbound,3234,B6T0000000746,E3,371040.0,371040.0,371306.0,266.0,0.0,266.0,1,20,34,浅位,否
1,1,outbound,3235,B6T0000000746,E3,371040.0,371306.0,371572.0,266.0,266.0,532.0,1,20,34,深位,否
1,1,outbound,2962,B6T0000000163,E4,374340.0,374340.0,374769.0,429.00000000000017,0.0,429.0,1,46,21,浅位,否
1,1,outbound,2964,B6T0000000163,E4,374340.0,374769.0,375198.0,429.00000000000017,429.0,858.0,1,46,21,深位,否
1,1,outbound,2963,B6T0000000163,E4,374340.0,375198.0,375627.0,429.00000000000017,858.0,1287.0,2,46,21,浅位,否
1,1,outbound,1648,B6T0000000735,E3,374040.0,375627.0,375777.0,150.0,1587.0,1737.0,1,16,13,浅位,否
1,1,outbound,1649,B6T0000000735,E3,374040.0,375777.0,375927.0,150.0,1737.0,1887.0,1,16,13,深位,否
1,1,outbound,1654,B6T0000000735,E3,374040.0,375927.0,376077.0,150.0,1887.0,2037.0,2,16,13,浅位,否
1,1,outbound,309,B6T0000001196,E3,376560.0,376560.0,376658.0,97.99999999999999,0.0,98.0,1,14,4,深位,否
1,1,outbound,310,B6T0000001196,E3,376560.0,376658.0,376756.0,97.99999999999999,98.0,196.0,2,14,4,浅位,否
1,1,outbound,314,B6T0000001196,E3,376560.0,376756.0,376854.0,97.99999999999999,196.0,294.0,2,14,4,深位,否
1,1,inbound,IN0244,B6T0000000716,E3,377400.0,377400.0,377452.0,51.99999999999999,0.0,52.0,1,14,4,深位,否
1,1,inbound,IN0244,B6T0000000716,E3,377400.0,377498.0,377550.0,51.99999999999999,98.0,150.0,2,14,4,浅位,否
1,1,inbound,IN0244,B6T0000000716,E3,377400.0,377596.0,377648.0,51.99999999999999,196.0,248.0,2,14,4,深位,否
1,1,inbound,IN0244,B6T0000000716,E3,377400.0,377694.0,377772.0,78.0,294.0,372.0,1,16,13,浅位,否
1,1,inbound,IN0244,B6T0000000716,E3,377400.0,377844.0,377922.0,78.0,444.0,522.0,1,16,13,深位,否
1,1,inbound,IN0244,B6T0000000716,E3,377400.0,377994.0,378072.0,78.0,594.0,672.0,2,16,13,浅位,否
1,1,inbound,IN0244,B6T0000000716,E3,377400.0,378144.0,378280.0,136.0,744.0,880.0,1,20,34,浅位,否
1,1,inbound,IN0244,B6T0000000716,E3,377400.0,378410.0,378546.0,136.0,1010.0,1146.0,1,20,34,深位,否
1,1,inbound,IN0244,B6T0000000716,E3,377400.0,378676.0,378840.0,164.00000000000006,1276.0,1440.0,1,39,10,浅位,否
1,1,inbound,IN0244,B6T0000000716,E3,377400.0,378998.0,379164.0,166.0,1598.0,1764.0,1,11,67,浅位,否
1,1,inbound,IN0244,B6T0000000716,E3,377400.0,379324.0,379490.0,166.0,1924.0,2090.0,1,11,67,深位,否
1,1,outbound,104,B6T0000000261,E4,375660.0,379650.0,379973.0,323.00000000000017,3990.0,4313.0,1,43,2,浅位,否
1,1,outbound,100,B6T0000000261,E4,375660.0,379973.0,380296.0,323.00000000000017,4313.0,4636.0,1,43,2,深位,否
1,1,inbound,IN0657,B6T0000001976,E1,385320.0,385320.0,385351.0,31.0,0.0,31.0,1,5,8,浅位,否
1,1,inbound,IN0657,B6T0000001976,E1,385320.0,385376.0,385407.0,31.0,56.0,87.0,1,5,8,深位,否
1,1,outbound,2117,B6T0000001146,E3,385740.0,386292.0,386450.0,158.0,552.0,710.0,1,12,23,浅位,否
1,1,outbound,2118,B6T0000001146,E3,385740.0,386450.0,386608.0,158.0,710.0,868.0,1,12,23,深位,否
1,1,outbound,2119,B6T0000001146,E3,385740.0,386608.0,386766.0,158.0,868.0,1026.0,2,12,23,浅位,否
1,1,outbound,2899,B6T0000000255,E4,391920.0,391920.0,392345.0,425.00000000000017,0.0,425.0,1,46,20,浅位,否
1,1,outbound,2901,B6T0000000255,E4,391920.0,392345.0,392770.0,425.00000000000017,425.0,850.0,1,46,20,深位,否
1,1,outbound,2900,B6T0000000255,E4,391920.0,392770.0,393195.0,425.00000000000017,850.0,1275.0,2,46,20,浅位,否
1,1,outbound,3460,B6T0000000167,E4,395520.0,395520.0,395951.0,431.00000000000017,0.0,431.0,1,47,19,浅位,否
1,1,outbound,3461,B6T0000000167,E4,395520.0,395951.0,396382.0,431.00000000000017,431.0,862.0,1,47,19,深位,否
1,1,inbound,IN0115,B6T0000000330,E3,396660.0,396660.0,396742.0,82.0,0.0,82.0,1,12,23,浅位,否
1,1,inbound,IN0115,B6T0000000330,E3,396660.0,396818.0,396900.0,82.0,158.0,240.0,1,12,23,深位,否
1,1,inbound,IN0115,B6T0000000330,E3,396660.0,396976.0,397058.0,82.0,316.0,398.0,2,12,23,浅位,否
1,1,inbound,IN0625,B6T0000001858,E1,398220.0,398220.0,398263.0,43.0,0.0,43.0,1,1,18,深位,否
1,1,inbound,IN0625,B6T0000001858,E1,398220.0,398300.0,398343.0,43.0,80.0,123.0,2,1,18,浅位,否
1,1,inbound,IN0625,B6T0000001858,E1,398220.0,398380.0,398423.0,43.0,160.0,203.0,2,1,18,深位,否
1,1,inbound,IN0625,B6T0000001858,E1,398220.0,398460.0,398505.0,45.0,240.0,285.0,1,1,19,浅位,否
1,1,inbound,IN0625,B6T0000001858,E1,398220.0,398544.0,398589.0,45.0,324.0,369.0,1,1,19,深位,否
1,1,inbound,IN0625,B6T0000001858,E1,398220.0,398628.0,398673.0,45.0,408.0,453.0,2,1,19,浅位,否
1,1,inbound,IN0625,B6T0000001858,E1,398220.0,398712.0,398757.0,45.0,492.0,537.0,2,1,19,深位,否
1,1,inbound,IN0625,B6T0000001858,E1,398220.0,398796.0,398851.0,55.00000000000001,576.0,631.0,2,1,24,浅位,否
1,1,inbound,IN0625,B6T0000001858,E1,398220.0,398900.0,398955.0,55.00000000000001,680.0,735.0,2,1,24,深位,否
1,1,inbound,IN0625,B6T0000001858,E1,398220.0,399004.0,399061.0,57.00000000000001,784.0,841.0,1,2,24,浅位,否
1,1,inbound,IN0625,B6T0000001858,E1,398220.0,399112.0,399169.0,57.00000000000001,892.0,949.0,2,2,24,浅位,否
1,1,inbound,IN0625,B6T0000001858,E1,398220.0,399220.0,399277.0,57.00000000000001,1000.0,1057.0,2,2,24,深位,否
1,1,inbound,IN0625,B6T0000001858,E1,398220.0,399328.0,399393.0,65.0,1108.0,1173.0,1,8,22,浅位,否
1,1,inbound,IN0094,B6T0000000262,E4,398580.0,399452.0,399616.5,164.50000000000009,872.0,1036.5,1,43,2,浅位,否
1,1,inbound,IN0094,B6T0000000262,E4,398580.0,399775.0,399939.5,164.50000000000009,1195.0,1359.5,1,43,2,深位,否
1,1,inbound,IN0094,B6T0000000262,E4,398580.0,400098.0,400278.5,180.50000000000009,1518.0,1698.5,2,45,5,浅位,否
1,1,outbound,3417,B6T0000001046,E3,400260.0,400453.0,400535.0,82.0,193.0,275.0,1,9,10,深位,否
1,1,outbound,2154,B6T0000001080,E3,401460.0,401460.0,401518.0,57.99999999999999,0.0,58.0,2,9,4,浅位,否
1,1,outbound,2153,B6T0000001080,E3,401460.0,401518.0,401576.0,57.99999999999999,58.0,116.0,2,9,4,深位,否
1,1,outbound,2149,B6T0000001080,E3,401460.0,401576.0,401782.0,206.0,116.0,322.0,1,17,25,浅位,否
1,1,outbound,2151,B6T0000001080,E3,401460.0,401782.0,401988.0,206.0,322.0,528.0,1,17,25,深位,否
1,1,outbound,1,B6T0000001209,E3,402180.0,402180.0,402234.0,53.99999999999999,0.0,54.0,1,9,3,浅位,否
1,1,outbound,3,B6T0000001209,E3,402180.0,402234.0,402288.0,53.99999999999999,54.0,108.0,1,9,3,深位,否
1,1,outbound,8,B6T0000001209,E3,402180.0,402288.0,402342.0,53.99999999999999,108.0,162.0,2,9,3,浅位,否
1,1,outbound,7,B6T0000001209,E3,402180.0,402342.0,402396.0,53.99999999999999,162.0,216.0,2,9,3,深位,否
1,1,inbound,IN0370,B6T0000001131,E3,404040.0,404040.0,404070.0,29.999999999999996,0.0,30.0,1,9,3,浅位,否
1,1,inbound,IN0370,B6T0000001131,E3,404040.0,404094.0,404124.0,29.999999999999996,54.0,84.0,1,9,3,深位,否
1,1,inbound,IN0370,B6T0000001131,E3,404040.0,404148.0,404178.0,29.999999999999996,108.0,138.0,2,9,3,浅位,否
1,1,inbound,IN0156,B6T0000000456,E3,404220.0,404220.0,404250.0,29.999999999999996,0.0,30.0,2,9,3,深位,否
1,1,inbound,IN0156,B6T0000000456,E3,404220.0,404274.0,404306.0,31.999999999999996,54.0,86.0,2,9,4,浅位,否
1,1,inbound,IN0156,B6T0000000456,E3,404220.0,404332.0,404364.0,31.999999999999996,112.0,144.0,2,9,4,深位,否
1,1,inbound,IN0393,B6T0000001195,E3,405240.0,405240.0,405284.0,44.0,0.0,44.0,1,9,10,深位,否
1,1,inbound,IN0393,B6T0000001195,E3,405240.0,405322.0,405428.0,106.0,82.0,188.0,1,17,25,浅位,否
1,1,inbound,IN0393,B6T0000001195,E3,405240.0,405528.0,405634.0,106.0,288.0,394.0,1,17,25,深位,否
1,1,inbound,IN0393,B6T0000001195,E3,405240.0,405734.0,405900.0,166.0,494.0,660.0,1,12,65,浅位,否
1,1,inbound,IN0393,B6T0000001195,E3,405240.0,406060.0,406226.0,166.0,820.0,986.0,1,12,65,深位,否
1,1,inbound,IN0393,B6T0000001195,E3,405240.0,406386.0,406552.0,166.0,1146.0,1312.0,1,13,63,浅位,否
1,1,inbound,IN0393,B6T0000001195,E3,405240.0,406712.0,406878.0,166.0,1472.0,1638.0,1,13,63,深位,否
1,1,inbound,IN0393,B6T0000001195,E3,405240.0,407038.0,407204.0,166.0,1798.0,1964.0,1,14,61,浅位,否
1,1,inbound,IN0393,B6T0000001195,E3,405240.0,407364.0,407530.0,166.0,2124.0,2290.0,1,14,61,深位,否
1,1,inbound,IN0393,B6T0000001195,E3,405240.0,407690.0,407856.0,166.0,2450.0,2616.0,1,15,59,浅位,否
1,1,inbound,IN0393,B6T0000001195,E3,405240.0,408016.0,408182.0,166.0,2776.0,2942.0,1,15,59,深位,否
1,1,inbound,IN0393,B6T0000001195,E3,405240.0,408342.0,408508.0,166.0,3102.0,3268.0,1,16,57,浅位,否
1,1,inbound,IN0393,B6T0000001195,E3,405240.0,408668.0,408834.0,166.0,3428.0,3594.0,1,16,57,深位,否
1,1,inbound,IN0661,B6T0000001985,E1,430140.0,430140.0,430209.0,69.0,0.0,69.0,1,2,30,浅位,否
1,1,inbound,IN0661,B6T0000001985,E1,430140.0,430272.0,430341.0,69.0,132.0,201.0,1,2,30,深位,否
1,1,inbound,IN0447,B6T0000001354,E1,430440.0,430440.0,430515.0,75.0,0.0,75.0,2,4,31,浅位,否
1,1,inbound,IN0447,B6T0000001354,E1,430440.0,430584.0,430659.0,75.0,144.0,219.0,2,4,31,深位,否
1,1,inbound,IN0447,B6T0000001354,E1,430440.0,430728.0,430821.0,93.0,288.0,381.0,1,2,42,浅位,否
1,1,inbound,IN0447,B6T0000001354,E1,430440.0,430908.0,431001.0,93.0,468.0,561.0,1,2,42,深位,否
1,1,inbound,IN0566,B6T0000001682,E1,430560.0,431088.0,431205.0,117.0,528.0,645.0,2,4,52,深位,否
1,1,inbound,IN0566,B6T0000001682,E1,430560.0,431316.0,431433.0,117.0,756.0,873.0,2,6,50,深位,否
1,1,inbound,IN0566,B6T0000001682,E1,430560.0,431544.0,431663.0,119.00000000000001,984.0,1103.0,1,4,53,浅位,否
1,1,inbound,IN0566,B6T0000001682,E1,430560.0,431776.0,431895.0,119.00000000000001,1216.0,1335.0,1,4,53,深位,否
1,1,outbound,1796,B6T0000001271,E3,431820.0,432129.0,432268.0,139.0,309.0,448.0,2,9,10,浅位,是
1,1,inbound,IN0566,B6T0000001682,E1,430560.0,432008.0,432129.0,121.00000000000001,1448.0,1569.0,2,5,53,深位,是
1,1,outbound,1802,B6T0000001271,E3,431820.0,432312.0,432356.0,44.0,492.0,536.0,2,9,10,深位,是
1,1,inbound,IN0543,B6T0000001610,E1,430560.0,432268.0,432312.0,44.0,1708.0,1752.0,2,9,10,浅位,是
1,1,outbound,3702,B6T0000000557,E3,431940.0,432400.0,432460.0,60.0,460.0,520.0,2,11,6,深位,是
1,1,inbound,IN0543,B6T0000001610,E1,430560.0,432356.0,432400.0,44.0,1796.0,1840.0,2,9,10,深位,是
1,1,outbound,3703,B6T0000000557,E3,431940.0,432504.0,432560.0,56.0,564.0,620.0,2,12,7,浅位,是
1,1,inbound,IN0543,B6T0000001610,E1,430560.0,432460.0,432504.0,44.0,1900.0,1944.0,2,11,6,深位,是
1,1,outbound,962,B6T0000000445,E3,432000.0,432610.0,432676.0,66.0,610.0,676.0,1,13,9,浅位,是
1,1,inbound,IN0543,B6T0000001610,E1,430560.0,432560.0,432610.0,50.0,2000.0,2050.0,2,12,7,浅位,是
1,1,outbound,969,B6T0000000445,E3,432000.0,432734.0,432792.0,58.0,734.0,792.0,1,13,9,深位,是
1,1,inbound,IN0543,B6T0000001610,E1,430560.0,432676.0,432734.0,58.0,2116.0,2174.0,1,13,9,浅位,是
1,1,outbound,968,B6T0000000445,E3,432000.0,432850.0,432908.0,58.0,850.0,908.0,2,13,9,浅位,是
1,1,inbound,IN0543,B6T0000001610,E1,430560.0,432792.0,432850.0,58.0,2232.0,2290.0,1,13,9,深位,是
1,1,outbound,967,B6T0000000445,E3,432000.0,432966.0,433024.0,58.0,966.0,1024.0,2,13,9,深位,是
1,1,inbound,IN0543,B6T0000001610,E1,430560.0,432908.0,432966.0,58.0,2348.0,2406.0,2,13,9,浅位,是
1,1,outbound,1805,B6T0000001271,E3,431820.0,433082.0,433192.0,110.0,1262.0,1372.0,1,9,22,浅位,是
1,1,inbound,IN0543,B6T0000001610,E1,430560.0,433024.0,433082.0,58.0,2464.0,2522.0,2,13,9,深位,是
1,1,outbound,1801,B6T0000001271,E3,431820.0,433260.0,433328.0,68.0,1440.0,1508.0,1,9,22,深位,是
1,1,inbound,IN0543,B6T0000001610,E1,430560.0,433192.0,433260.0,68.0,2632.0,2700.0,1,9,22,浅位,是
1,1,outbound,1800,B6T0000001271,E3,431820.0,433396.0,433464.0,68.0,1576.0,1644.0,2,9,22,浅位,是
1,1,inbound,IN0543,B6T0000001610,E1,430560.0,433328.0,433396.0,68.0,2768.0,2836.0,1,9,22,深位,是
1,1,outbound,1799,B6T0000001271,E3,431820.0,433532.0,433600.0,68.0,1712.0,1780.0,2,9,22,深位,是
1,1,inbound,IN0543,B6T0000001610,E1,430560.0,433464.0,433532.0,68.0,2904.0,2972.0,2,9,22,浅位,是
1,1,outbound,860,B6T0000000001,E4,432180.0,433668.0,434019.0,351.00000000000017,1488.0,1839.0,1,44,5,浅位,是
1,1,inbound,IN0543,B6T0000001610,E1,430560.0,433600.0,433668.0,68.0,3040.0,3108.0,2,9,22,深位,是
1,1,outbound,2289,B6T0000000918,E3,433680.0,434142.0,434315.0,173.0,462.0,635.0,1,13,5,浅位,是
1,1,inbound,IN0543,B6T0000001610,E1,430560.0,434019.0,434142.0,123.0,3459.0,3582.0,1,5,54,深位,是
1,1,outbound,2284,B6T0000000918,E3,433680.0,434365.0,434415.0,50.0,685.0,735.0,1,13,5,深位,是
1,1,inbound,IN0543,B6T0000001610,E1,430560.0,434315.0,434365.0,50.0,3755.0,3805.0,1,13,5,浅位,是
1,1,outbound,2288,B6T0000000918,E3,433680.0,434465.0,434515.0,50.0,785.0,835.0,2,13,5,浅位,是
1,1,inbound,IN0568,B6T0000001685,E1,430620.0,434415.0,434465.0,50.0,3795.0,3845.0,1,13,5,深位,是
1,1,outbound,2285,B6T0000000918,E3,433680.0,434565.0,434615.0,50.0,885.0,935.0,2,13,5,深位,是
1,1,inbound,IN0568,B6T0000001685,E1,430620.0,434515.0,434565.0,50.0,3895.0,3945.0,2,13,5,浅位,是
1,1,outbound,1449,B6T0000000191,E4,434220.0,434665.0,434956.0,291.00000000000017,445.0,736.0,1,43,3,浅位,是
1,1,inbound,IN0568,B6T0000001685,E1,430620.0,434615.0,434665.0,50.0,3995.0,4045.0,2,13,5,深位,是
1,1,outbound,2201,B6T0000001562,E1,434700.0,435081.0,435210.0,129.0,381.0,510.0,2,2,1,深位,是
1,1,inbound,IN0568,B6T0000001685,E1,430620.0,434956.0,435081.0,125.0,4336.0,4461.0,1,1,59,浅位,是
1,1,outbound,2198,B6T0000001562,E1,434700.0,435221.0,435244.0,23.0,521.0,544.0,2,1,4,深位,是
1,1,inbound,IN0666,B6T0000001996,E1,435120.0,435210.0,435221.0,11.0,90.0,101.0,2,2,1,深位,是
1,1,outbound,2197,B6T0000001562,E1,434700.0,435259.0,435294.0,35.0,559.0,594.0,1,6,3,浅位,是
1,1,inbound,IN0666,B6T0000001996,E1,435120.0,435244.0,435259.0,15.0,124.0,139.0,2,1,4,深位,是
1,1,outbound,2199,B6T0000001562,E1,434700.0,435317.0,435352.0,35.0,617.0,652.0,1,4,6,浅位,是
1,1,inbound,IN0666,B6T0000001996,E1,435120.0,435294.0,435317.0,23.0,174.0,197.0,1,6,3,浅位,是
1,1,outbound,2200,B6T0000001562,E1,434700.0,435377.0,435402.0,25.0,677.0,702.0,1,4,6,深位,是
1,1,inbound,IN0666,B6T0000001996,E1,435120.0,435352.0,435377.0,25.0,232.0,257.0,1,4,6,浅位,是
1,1,outbound,2202,B6T0000001562,E1,434700.0,435427.0,435452.0,25.0,727.0,752.0,2,4,6,浅位,是
1,1,inbound,IN0666,B6T0000001996,E1,435120.0,435402.0,435427.0,25.0,282.0,307.0,1,4,6,深位,是
1,1,outbound,2203,B6T0000001562,E1,434700.0,435477.0,435502.0,25.0,777.0,802.0,2,4,6,深位,是
1,1,inbound,IN0666,B6T0000001996,E1,435120.0,435452.0,435477.0,25.0,332.0,357.0,2,4,6,浅位,是
1,1,outbound,3239,B6T0000000521,E3,434760.0,435527.0,435586.0,59.0,767.0,826.0,2,9,9,浅位,是
1,1,inbound,IN0666,B6T0000001996,E1,435120.0,435502.0,435527.0,25.0,382.0,407.0,2,4,6,深位,是
1,1,outbound,3238,B6T0000000521,E3,434760.0,435628.0,435670.0,42.0,868.0,910.0,2,9,9,深位,是
1,1,inbound,IN0666,B6T0000001996,E1,435120.0,435586.0,435628.0,42.0,466.0,508.0,2,9,9,浅位,是
1,1,outbound,942,B6T0000000508,E3,434460.0,435712.0,435834.0,122.00000000000001,1252.0,1374.0,1,19,2,浅位,是
1,1,inbound,IN0666,B6T0000001996,E1,435120.0,435670.0,435712.0,42.0,550.0,592.0,2,9,9,深位,是
1,1,outbound,941,B6T0000000508,E3,434460.0,435902.0,435970.0,68.0,1442.0,1510.0,1,19,2,深位,是
1,1,inbound,IN0666,B6T0000001996,E1,435120.0,435834.0,435902.0,68.0,714.0,782.0,1,19,2,浅位,是
1,1,outbound,939,B6T0000000508,E3,434460.0,436038.0,436106.0,68.0,1578.0,1646.0,2,19,2,浅位,是
1,1,inbound,IN0666,B6T0000001996,E1,435120.0,435970.0,436038.0,68.0,850.0,918.0,1,19,2,深位,是
1,1,outbound,938,B6T0000000508,E3,434460.0,436174.0,436242.0,68.0,1714.0,1782.0,2,19,2,深位,是
1,1,inbound,IN0666,B6T0000001996,E1,435120.0,436106.0,436174.0,68.0,986.0,1054.0,2,19,2,浅位,是
1,1,outbound,89,B6T0000000261,E4,435240.0,436310.0,436571.0,261.00000000000017,1070.0,1331.0,2,43,2,浅位,是
1,1,inbound,IN0584,B6T0000001735,E1,435180.0,436242.0,436310.0,68.0,1062.0,1130.0,2,19,2,深位,是
1,1,outbound,90,B6T0000000261,E4,435240.0,436696.0,437128.0,432.0000000000002,1456.0,1888.0,2,43,2,深位,是
1,1,inbound,IN0584,B6T0000001735,E1,435180.0,436571.0,436696.0,125.0,1391.0,1516.0,1,1,59,深位,是
1,1,outbound,1448,B6T0000000191,E4,434220.0,437253.0,437685.0,432.0000000000002,3033.0,3465.0,1,43,3,深位,是
1,1,inbound,IN0584,B6T0000001735,E1,435180.0,437128.0,437253.0,125.0,1948.0,2073.0,2,1,59,浅位,是
1,1,outbound,1168,B6T0000001838,E1,437520.0,437810.0,437963.0,153.0,290.0,443.0,2,8,3,浅位,是
1,1,inbound,IN0584,B6T0000001735,E1,435180.0,437685.0,437810.0,125.0,2505.0,2630.0,2,1,59,深位,是
1,1,outbound,1176,B6T0000001838,E1,437520.0,437990.0,438017.0,27.0,470.0,497.0,2,8,3,深位,是
1,1,inbound,IN0584,B6T0000001735,E1,435180.0,437963.0,437990.0,27.0,2783.0,2810.0,2,8,3,浅位,是
1,1,outbound,3668,B6T0000000148,E4,437940.0,438044.0,438350.0,306.00000000000017,104.0,410.0,2,43,1,浅位,是
1,1,inbound,IN0584,B6T0000001735,E1,435180.0,438017.0,438044.0,27.0,2837.0,2864.0,2,8,3,深位,是
1,1,outbound,3669,B6T0000000148,E4,437940.0,438475.0,438887.0,412.0000000000002,535.0,947.0,2,43,1,深位,是
1,1,inbound,IN0584,B6T0000001735,E1,435180.0,438350.0,438475.0,125.0,3170.0,3295.0,2,6,54,深位,是
1,1,outbound,1447,B6T0000000191,E4,434220.0,439012.0,439432.0,420.0000000000002,4792.0,5212.0,2,43,3,浅位,是
1,1,inbound,IN0584,B6T0000001735,E1,435180.0,438887.0,439012.0,125.0,3707.0,3832.0,1,4,56,浅位,是
1,1,outbound,1452,B6T0000000191,E4,434220.0,439557.0,439977.0,420.0000000000002,5337.0,5757.0,2,43,3,深位,是
1,1,inbound,IN0584,B6T0000001735,E1,435180.0,439432.0,439557.0,125.0,4252.0,4377.0,1,4,56,深位,是
1,1,outbound,859,B6T0000000001,E4,432180.0,440104.0,440548.0,444.0000000000002,7924.0,8368.0,1,44,5,深位,是
1,1,inbound,IN0584,B6T0000001735,E1,435180.0,439977.0,440104.0,127.0,4797.0,4924.0,1,1,60,浅位,是
1,1,outbound,858,B6T0000000001,E4,432180.0,440675.0,441119.0,444.0000000000002,8495.0,8939.0,2,44,5,浅位,是
1,1,inbound,IN0584,B6T0000001735,E1,435180.0,440548.0,440675.0,127.0,5368.0,5495.0,1,1,60,深位,是
1,1,outbound,856,B6T0000000001,E4,432180.0,441246.0,441686.0,440.0000000000001,9066.0,9506.0,2,44,5,深位,是
1,1,inbound,IN0584,B6T0000001735,E1,435180.0,441119.0,441246.0,127.0,5939.0,6066.0,1,2,59,浅位,是
1,1,outbound,1450,B6T0000000191,E4,434220.0,441813.0,442243.0,430.0000000000001,7593.0,8023.0,1,43,9,浅位,是
1,1,inbound,IN0584,B6T0000001735,E1,435180.0,441686.0,441813.0,127.0,6506.0,6633.0,1,2,59,深位,是
1,1,outbound,1453,B6T0000000191,E4,434220.0,442370.0,442804.0,434.00000000000017,8150.0,8584.0,1,43,9,深位,是
1,1,inbound,IN0584,B6T0000001735,E1,435180.0,442243.0,442370.0,127.0,7063.0,7190.0,2,1,60,浅位,是
1,1,outbound,1454,B6T0000000191,E4,434220.0,442931.0,443365.0,434.00000000000017,8711.0,9145.0,2,43,9,浅位,是
1,1,inbound,IN0584,B6T0000001735,E1,435180.0,442804.0,442931.0,127.0,7624.0,7751.0,2,1,60,深位,是
1,1,outbound,1455,B6T0000000191,E4,434220.0,443492.0,443922.0,430.0000000000001,9272.0,9702.0,2,43,9,深位,是
1,1,inbound,IN0584,B6T0000001735,E1,435180.0,443365.0,443492.0,127.0,8185.0,8312.0,2,2,59,浅位,是
1,1,outbound,2653,B6T0000000303,E4,433200.0,444049.0,444499.0,450.00000000000017,10849.0,11299.0,1,45,18,浅位,是
1,1,inbound,IN0584,B6T0000001735,E1,435180.0,443922.0,444049.0,127.0,8742.0,8869.0,2,2,59,深位,是
1,1,outbound,2655,B6T0000000303,E4,433200.0,444626.0,445072.0,446.00000000000017,11426.0,11872.0,1,45,18,深位,是
1,1,inbound,IN0568,B6T0000001685,E1,430620.0,444499.0,444626.0,127.00000000000001,13879.0,14006.0,1,3,58,浅位,是
1,1,outbound,1107,B6T0000001301,E3,443880.0,445199.0,445352.0,153.0,1319.0,1472.0,1,9,15,浅位,是
1,1,inbound,IN0568,B6T0000001685,E1,430620.0,445072.0,445199.0,127.00000000000001,14452.0,14579.0,1,3,58,深位,是
1,1,outbound,1104,B6T0000001301,E3,443880.0,445406.0,445460.0,54.0,1526.0,1580.0,1,9,15,深位,是
1,1,inbound,IN0568,B6T0000001685,E1,430620.0,445352.0,445406.0,54.0,14732.0,14786.0,1,9,15,浅位,是
1,1,outbound,1109,B6T0000001301,E3,443880.0,445514.0,445568.0,54.0,1634.0,1688.0,2,9,15,浅位,是
1,1,inbound,IN0568,B6T0000001685,E1,430620.0,445460.0,445514.0,54.0,14840.0,14894.0,1,9,15,深位,是
1,1,outbound,1102,B6T0000001301,E3,443880.0,445622.0,445676.0,54.0,1742.0,1796.0,2,9,15,深位,是
1,1,inbound,IN0568,B6T0000001685,E1,430620.0,445568.0,445622.0,54.0,14948.0,15002.0,2,9,15,浅位,是
1,1,outbound,1549,B6T0000000198,E4,445020.0,445730.0,446057.0,327.00000000000017,710.0,1037.0,1,43,6,浅位,是
1,1,inbound,IN0568,B6T0000001685,E1,430620.0,445676.0,445730.0,54.0,15056.0,15110.0,2,9,15,深位,是
1,1,outbound,1543,B6T0000000198,E4,445020.0,446184.0,446610.0,426.00000000000017,1164.0,1590.0,1,43,6,深位,是
1,1,inbound,IN0568,B6T0000001685,E1,430620.0,446057.0,446184.0,127.00000000000001,15437.0,15564.0,2,3,58,浅位,是
1,1,outbound,1552,B6T0000000198,E4,445020.0,446737.0,447163.0,426.00000000000017,1717.0,2143.0,1,43,7,深位,是
1,1,inbound,IN0568,B6T0000001685,E1,430620.0,446610.0,446737.0,127.00000000000001,15990.0,16117.0,2,3,58,深位,是
1,1,outbound,1548,B6T0000000198,E4,445020.0,447292.0,447748.0,456.0000000000002,2272.0,2728.0,1,45,3,浅位,是
1,1,inbound,IN0458,B6T0000001375,E1,430860.0,447163.0,447292.0,129.0,16303.0,16432.0,1,1,61,浅位,是
1,1,outbound,1542,B6T0000000198,E4,445020.0,447877.0,448333.0,456.0000000000002,2857.0,3313.0,1,45,3,深位,是
1,1,inbound,IN0458,B6T0000001375,E1,430860.0,447748.0,447877.0,129.0,16888.0,17017.0,1,1,61,深位,是
1,1,outbound,1589,B6T0000001157,E3,447840.0,448462.0,448621.0,159.0,622.0,781.0,1,9,20,浅位,是
1,1,inbound,IN0458,B6T0000001375,E1,430860.0,448333.0,448462.0,129.0,17473.0,17602.0,1,2,60,浅位,是
1,1,outbound,1596,B6T0000001157,E3,447840.0,448685.0,448749.0,64.0,845.0,909.0,1,9,20,深位,是
1,1,inbound,IN0458,B6T0000001375,E1,430860.0,448621.0,448685.0,64.0,17761.0,17825.0,1,9,20,浅位,是
1,1,outbound,1595,B6T0000001157,E3,447840.0,448813.0,448877.0,64.0,973.0,1037.0,2,9,20,浅位,是
1,1,inbound,IN0458,B6T0000001375,E1,430860.0,448749.0,448813.0,64.0,17889.0,17953.0,1,9,20,深位,是
1,1,outbound,1594,B6T0000001157,E3,447840.0,448941.0,449005.0,64.0,1101.0,1165.0,2,9,20,深位,是
1,1,inbound,IN0458,B6T0000001375,E1,430860.0,448877.0,448941.0,64.0,18017.0,18081.0,2,9,20,浅位,是
1,1,outbound,1553,B6T0000000198,E4,445020.0,449069.0,449426.0,357.00000000000017,4049.0,4406.0,2,45,3,浅位,是
1,1,inbound,IN0458,B6T0000001375,E1,430860.0,449005.0,449069.0,64.0,18145.0,18209.0,2,9,20,深位,是
1,1,outbound,1550,B6T0000000198,E4,445020.0,449555.0,450007.0,452.0000000000002,4535.0,4987.0,2,45,3,深位,是
1,1,inbound,IN0458,B6T0000001375,E1,430860.0,449426.0,449555.0,129.0,18566.0,18695.0,1,2,60,深位,是
1,1,outbound,1551,B6T0000000198,E4,445020.0,450136.0,450594.0,458.0000000000002,5116.0,5574.0,1,46,2,浅位,是
1,1,inbound,IN0458,B6T0000001375,E1,430860.0,450007.0,450136.0,129.0,19147.0,19276.0,1,3,59,浅位,是
1,1,outbound,1546,B6T0000000198,E4,445020.0,450723.0,451181.0,458.0000000000002,5703.0,6161.0,1,46,2,深位,是
1,1,inbound,IN0458,B6T0000001375,E1,430860.0,450594.0,450723.0,129.0,19734.0,19863.0,1,3,59,深位,是
1,1,outbound,1545,B6T0000000198,E4,445020.0,451310.0,451760.0,450.0000000000002,6290.0,6740.0,2,46,2,浅位,是
1,1,inbound,IN0458,B6T0000001375,E1,430860.0,451181.0,451310.0,129.0,20321.0,20450.0,1,5,57,浅位,是
1,1,outbound,1544,B6T0000000198,E4,445020.0,451889.0,452339.0,450.0000000000002,6869.0,7319.0,2,46,2,深位,是
1,1,inbound,IN0458,B6T0000001375,E1,430860.0,451760.0,451889.0,129.0,20900.0,21029.0,1,5,57,深位,是
1,1,outbound,1547,B6T0000000198,E4,445020.0,452468.0,452884.0,416.00000000000017,7448.0,7864.0,1,43,10,浅位,是
1,1,inbound,IN0458,B6T0000001375,E1,430860.0,452339.0,452468.0,129.0,21479.0,21608.0,1,6,56,浅位,是
1,1,outbound,1445,B6T0000000191,E4,434220.0,453013.0,453449.0,436.00000000000017,18793.0,19229.0,1,45,7,浅位,是
1,1,inbound,IN0640,B6T0000001940,E1,431040.0,452884.0,453013.0,129.0,21844.0,21973.0,1,6,56,深位,是
1,1,outbound,1446,B6T0000000191,E4,434220.0,453578.0,454034.0,456.0000000000002,19358.0,19814.0,1,45,7,深位,是
1,1,inbound,IN0640,B6T0000001940,E1,431040.0,453449.0,453578.0,129.0,22409.0,22538.0,2,1,61,浅位,是
1,1,outbound,1444,B6T0000000191,E4,434220.0,454163.0,454619.0,456.0000000000002,19943.0,20399.0,2,45,7,浅位,是
1,1,inbound,IN0640,B6T0000001940,E1,431040.0,454034.0,454163.0,129.0,22994.0,23123.0,2,1,61,深位,是
1,1,outbound,2654,B6T0000000303,E4,433200.0,454748.0,455200.0,452.00000000000017,21548.0,22000.0,2,45,18,浅位,是
1,1,inbound,IN0652,B6T0000001969,E1,431160.0,454619.0,454748.0,129.0,23459.0,23588.0,2,2,60,浅位,是
1,1,outbound,2652,B6T0000000303,E4,433200.0,455329.0,455781.0,452.00000000000017,22129.0,22581.0,2,45,18,深位,是
1,1,inbound,IN0652,B6T0000001969,E1,431160.0,455200.0,455329.0,129.0,24040.0,24169.0,2,2,60,深位,是
1,1,outbound,2938,B6T0000000287,E4,442560.0,455910.0,456348.0,438.00000000000017,13350.0,13788.0,1,44,23,浅位,是
1,1,inbound,IN0528,B6T0000001573,E1,431160.0,455781.0,455910.0,129.0,24621.0,24750.0,2,3,59,浅位,是
1,1,outbound,2940,B6T0000000287,E4,442560.0,456477.0,456915.0,438.00000000000017,13917.0,14355.0,1,44,23,深位,是
1,1,inbound,IN0528,B6T0000001573,E1,431160.0,456348.0,456477.0,129.0,25188.0,25317.0,2,3,59,深位,是
1,1,outbound,1627,B6T0000001671,E1,456420.0,457044.0,457177.0,133.0,624.0,757.0,1,6,6,浅位,是
1,1,inbound,IN0528,B6T0000001573,E1,431160.0,456915.0,457044.0,129.0,25755.0,25884.0,2,5,57,浅位,是
1,1,outbound,1626,B6T0000001671,E1,456420.0,457206.0,457235.0,29.0,786.0,815.0,1,6,6,深位,是
1,1,inbound,IN0528,B6T0000001573,E1,431160.0,457177.0,457206.0,29.0,26017.0,26046.0,1,6,6,浅位,是
1,1,outbound,1632,B6T0000001671,E1,456420.0,457264.0,457293.0,29.0,844.0,873.0,2,6,6,浅位,是
1,1,inbound,IN0528,B6T0000001573,E1,431160.0,457235.0,457264.0,29.0,26075.0,26104.0,1,6,6,深位,是
1,1,outbound,1622,B6T0000001671,E1,456420.0,457322.0,457351.0,29.0,902.0,931.0,2,6,6,深位,是
1,1,inbound,IN0528,B6T0000001573,E1,431160.0,457293.0,457322.0,29.0,26133.0,26162.0,2,6,6,浅位,是
1,1,outbound,2939,B6T0000000287,E4,442560.0,457380.0,457774.0,394.00000000000017,14820.0,15214.0,2,44,23,浅位,是
1,1,inbound,IN0528,B6T0000001573,E1,431160.0,457351.0,457380.0,29.0,26191.0,26220.0,2,6,6,深位,是
1,1,outbound,3319,B6T0000000102,E4,445080.0,457903.0,458343.0,440.00000000000017,12823.0,13263.0,1,45,31,浅位,是
1,1,inbound,IN0528,B6T0000001573,E1,431160.0,457774.0,457903.0,129.0,26614.0,26743.0,2,5,57,深位,是
1,1,outbound,3318,B6T0000000102,E4,445080.0,458472.0,458908.0,436.00000000000017,13392.0,13828.0,1,45,31,深位,是
1,1,inbound,IN0528,B6T0000001573,E1,431160.0,458343.0,458472.0,129.0,27183.0,27312.0,2,6,56,浅位,是
1,1,inbound,IN0528,B6T0000001573,E1,431160.0,458908.0,459037.0,129.0,27748.0,27877.0,2,6,56,深位,否
1,1,inbound,IN0528,B6T0000001573,E1,431160.0,459160.0,459289.0,129.0,28000.0,28129.0,1,4,58,浅位,否
1,1,inbound,IN0528,B6T0000001573,E1,431160.0,459412.0,459541.0,129.0,28252.0,28381.0,1,4,58,深位,否
1,1,inbound,IN0528,B6T0000001573,E1,431160.0,459664.0,459793.0,129.0,28504.0,28633.0,2,4,58,浅位,否
1,1,inbound,IN0528,B6T0000001573,E1,431160.0,459916.0,460045.0,129.0,28756.0,28885.0,2,4,58,深位,否
1,1,inbound,IN0528,B6T0000001573,E1,431160.0,460168.0,460299.0,131.0,29008.0,29139.0,1,1,62,浅位,否
1,1,inbound,IN0007,B6T0000000013,E4,438780.0,460424.0,460586.5,162.50000000000009,21644.0,21806.5,2,43,1,浅位,否
1,1,outbound,1849,B6T0000000219,E4,460560.0,460905.5,461120.0,214.5000000000001,345.5,560.0,1,45,9,浅位,是
1,1,inbound,IN0007,B6T0000000013,E4,438780.0,460743.0,460905.5,162.50000000000009,21963.0,22125.5,2,43,1,深位,是
1,1,outbound,1848,B6T0000000219,E4,460560.0,461284.5,461497.0,212.5000000000001,724.5,937.0,1,45,9,深位,是
1,1,inbound,IN0002,B6T0000000001,E4,439740.0,461120.0,461284.5,164.50000000000009,21380.0,21544.5,2,43,2,浅位,是
1,1,outbound,1847,B6T0000000219,E4,460560.0,461661.5,461874.0,212.5000000000001,1101.5,1314.0,2,45,9,浅位,是
1,1,inbound,IN0002,B6T0000000001,E4,439740.0,461497.0,461661.5,164.50000000000009,21757.0,21921.5,2,43,2,深位,是
1,1,outbound,1846,B6T0000000219,E4,460560.0,462040.5,462251.0,210.5000000000001,1480.5,1691.0,2,45,9,深位,是
1,1,inbound,IN0002,B6T0000000001,E4,439740.0,461874.0,462040.5,166.50000000000009,22134.0,22300.5,1,43,3,浅位,是
1,1,outbound,2683,B6T0000000161,E4,461520.0,462417.5,462662.0,244.50000000000009,897.5,1142.0,1,44,20,浅位,是
1,1,inbound,IN0002,B6T0000000001,E4,439740.0,462251.0,462417.5,166.50000000000009,22511.0,22677.5,1,43,3,深位,是
1,1,outbound,2680,B6T0000000161,E4,461520.0,462828.5,463073.0,244.50000000000009,1308.5,1553.0,1,44,20,深位,是
1,1,inbound,IN0002,B6T0000000001,E4,439740.0,462662.0,462828.5,166.50000000000009,22922.0,23088.5,2,43,3,浅位,是
1,1,outbound,2682,B6T0000000161,E4,461520.0,463239.5,463484.0,244.50000000000009,1719.5,1964.0,2,44,20,浅位,是
1,1,inbound,IN0002,B6T0000000001,E4,439740.0,463073.0,463239.5,166.50000000000009,23333.0,23499.5,2,43,3,深位,是
1,1,outbound,1195,B6T0000001639,E1,463080.0,463656.5,463829.0,172.50000000000009,576.5,749.0,1,3,6,浅位,是
1,1,inbound,IN0002,B6T0000000001,E4,439740.0,463484.0,463656.5,172.50000000000009,23744.0,23916.5,1,43,6,浅位,是
1,1,outbound,1210,B6T0000001639,E1,463080.0,464001.5,464174.0,172.50000000000009,921.5,1094.0,1,3,6,深位,是
1,1,inbound,IN0002,B6T0000000001,E4,439740.0,463829.0,464001.5,172.50000000000009,24089.0,24261.5,1,43,6,深位,是
1,1,outbound,1209,B6T0000001639,E1,463080.0,464348.5,464523.0,174.50000000000009,1268.5,1443.0,2,3,6,浅位,是
1,1,inbound,IN0002,B6T0000000001,E4,439740.0,464174.0,464348.5,174.50000000000009,24434.0,24608.5,1,43,7,深位,是
1,1,outbound,1208,B6T0000001639,E1,463080.0,464698.5,464878.0,179.50000000000009,1618.5,1798.0,2,3,6,深位,是
1,1,inbound,IN0002,B6T0000000001,E4,439740.0,464523.0,464698.5,175.50000000000009,24783.0,24958.5,1,44,5,浅位,是
1,1,outbound,3174,B6T0000001957,E1,463320.0,465053.5,465229.0,175.50000000000006,1733.5,1909.0,1,7,3,深位,是
1,1,inbound,IN0002,B6T0000000001,E4,439740.0,464878.0,465053.5,175.50000000000009,25138.0,25313.5,1,44,5,深位,是
1,1,outbound,3173,B6T0000001957,E1,463320.0,465404.5,465580.0,175.50000000000006,2084.5,2260.0,2,7,3,浅位,是
1,1,inbound,IN0002,B6T0000000001,E4,439740.0,465229.0,465404.5,175.50000000000009,25489.0,25664.5,2,44,5,浅位,是
1,1,outbound,3172,B6T0000001957,E1,463320.0,465755.5,465931.0,175.50000000000006,2435.5,2611.0,2,7,3,深位,是
1,1,inbound,IN0002,B6T0000000001,E4,439740.0,465580.0,465755.5,175.50000000000009,25840.0,26015.5,2,44,5,深位,是
1,1,outbound,531,B6T0000001197,E3,464160.0,466107.5,466288.0,180.50000000000009,1947.5,2128.0,1,15,4,浅位,是
1,1,inbound,IN0002,B6T0000000001,E4,439740.0,465931.0,466107.5,176.50000000000009,26191.0,26367.5,1,45,3,浅位,是
1,1,outbound,528,B6T0000001197,E3,464160.0,466464.5,466645.0,180.50000000000009,2304.5,2485.0,1,15,4,深位,是
1,1,inbound,IN0002,B6T0000000001,E4,439740.0,466288.0,466464.5,176.50000000000009,26548.0,26724.5,1,45,3,深位,是
1,1,outbound,533,B6T0000001197,E3,464160.0,466821.5,467002.0,180.50000000000009,2661.5,2842.0,2,15,4,浅位,是
1,1,inbound,IN0002,B6T0000000001,E4,439740.0,466645.0,466821.5,176.50000000000009,26905.0,27081.5,2,45,3,浅位,是
1,1,outbound,534,B6T0000001197,E3,464160.0,467178.5,467359.0,180.50000000000009,3018.5,3199.0,2,15,4,深位,是
1,1,inbound,IN0002,B6T0000000001,E4,439740.0,467002.0,467178.5,176.50000000000009,27262.0,27438.5,2,45,3,深位,是
1,1,outbound,2681,B6T0000000161,E4,461520.0,467537.5,467770.0,232.50000000000009,6017.5,6250.0,2,44,20,深位,是
1,1,inbound,IN0002,B6T0000000001,E4,439740.0,467359.0,467537.5,178.50000000000009,27619.0,27797.5,1,43,9,浅位,是
1,1,inbound,IN0002,B6T0000000001,E4,439740.0,467770.0,467948.5,178.50000000000009,28030.0,28208.5,1,43,9,深位,否
1,1,inbound,IN0002,B6T0000000001,E4,439740.0,468121.0,468299.5,178.50000000000009,28381.0,28559.5,2,43,9,浅位,否
1,1,inbound,IN0002,B6T0000000001,E4,439740.0,468472.0,468650.5,178.50000000000009,28732.0,28910.5,2,43,9,深位,否
1,1,inbound,IN0002,B6T0000000001,E4,439740.0,468823.0,469002.5,179.50000000000009,29083.0,29262.5,1,46,2,浅位,否
1,1,inbound,IN0002,B6T0000000001,E4,439740.0,469176.0,469355.5,179.50000000000009,29436.0,29615.5,1,46,2,深位,否
1,1,inbound,IN0002,B6T0000000001,E4,439740.0,469529.0,469708.5,179.50000000000009,29789.0,29968.5,2,46,2,浅位,否
1,1,outbound,3380,B6T0000000929,E3,469740.0,470061.5,470273.0,211.50000000000009,321.5,533.0,1,9,10,浅位,是
1,1,inbound,IN0002,B6T0000000001,E4,439740.0,469882.0,470061.5,179.50000000000009,30142.0,30321.5,2,46,2,深位,是
1,1,outbound,3381,B6T0000000929,E3,469740.0,470453.5,470674.0,220.50000000000006,713.5,934.0,2,13,20,浅位,是
1,1,inbound,IN0002,B6T0000000001,E4,439740.0,470273.0,470453.5,180.50000000000009,30533.0,30713.5,1,43,10,浅位,是
1,1,outbound,3175,B6T0000000130,E4,470040.0,470854.5,471127.0,272.5000000000001,814.5,1087.0,1,44,28,浅位,是
1,1,inbound,IN0002,B6T0000000001,E4,439740.0,470674.0,470854.5,180.50000000000009,30934.0,31114.5,2,45,5,深位,是
1,1,outbound,2307,B6T0000001178,E3,470880.0,471311.5,471580.0,268.5000000000001,431.5,700.0,1,9,28,浅位,是
1,1,inbound,IN0002,B6T0000000001,E4,439740.0,471127.0,471311.5,184.50000000000009,31387.0,31571.5,1,45,7,浅位,是
1,1,outbound,2836,B6T0000000484,E3,471540.0,471764.5,471977.0,212.50000000000009,224.5,437.0,1,13,14,浅位,是
1,1,inbound,IN0002,B6T0000000001,E4,439740.0,471580.0,471764.5,184.50000000000009,31840.0,32024.5,1,45,7,深位,是
1,1,outbound,2837,B6T0000000484,E3,471540.0,472161.5,472374.0,212.50000000000009,621.5,834.0,1,13,14,深位,是
1,1,inbound,IN0002,B6T0000000001,E4,439740.0,471977.0,472161.5,184.50000000000009,32237.0,32421.5,2,45,7,浅位,是
1,1,outbound,2838,B6T0000000484,E3,471540.0,472559.5,472781.0,221.50000000000009,1019.5,1241.0,2,13,14,浅位,是
1,1,inbound,IN0002,B6T0000000001,E4,439740.0,472374.0,472559.5,185.50000000000009,32634.0,32819.5,1,46,5,浅位,是
1,1,outbound,2306,B6T0000001178,E3,470880.0,472966.5,473244.0,277.5000000000001,2086.5,2364.0,1,9,28,深位,是
1,1,inbound,IN0097,B6T0000000270,E4,443520.0,472781.0,472966.5,185.50000000000009,29261.0,29446.5,1,46,5,深位,是
1,1,outbound,2305,B6T0000001178,E3,470880.0,473429.5,473707.0,277.5000000000001,2549.5,2827.0,2,9,28,浅位,是
1,1,inbound,IN0097,B6T0000000270,E4,443520.0,473244.0,473429.5,185.50000000000009,29724.0,29909.5,2,46,5,浅位,是
1,1,outbound,2304,B6T0000001178,E3,470880.0,473892.5,474170.0,277.5000000000001,3012.5,3290.0,2,9,28,深位,是
1,1,inbound,IN0097,B6T0000000270,E4,443520.0,473707.0,473892.5,185.50000000000009,30187.0,30372.5,2,46,5,深位,是
1,1,outbound,3446,B6T0000000013,E4,471000.0,474358.5,474547.0,188.5000000000001,3358.5,3547.0,2,43,1,浅位,是
1,1,inbound,IN0097,B6T0000000270,E4,443520.0,474170.0,474358.5,188.50000000000009,30650.0,30838.5,1,45,9,浅位,是
1,1,outbound,3447,B6T0000000013,E4,471000.0,474709.5,474872.0,162.50000000000009,3709.5,3872.0,2,43,1,深位,是
1,1,inbound,IN0097,B6T0000000270,E4,443520.0,474547.0,474709.5,162.50000000000009,31027.0,31189.5,2,43,1,浅位,是
1,1,outbound,3176,B6T0000000130,E4,470040.0,475034.5,475315.0,280.5000000000001,4994.5,5275.0,1,44,28,深位,是
1,1,inbound,IN0097,B6T0000000270,E4,443520.0,474872.0,475034.5,162.50000000000009,31352.0,31514.5,2,43,1,深位,是
1,1,outbound,3177,B6T0000000130,E4,470040.0,475503.5,475768.0,264.5000000000001,5463.5,5728.0,2,44,28,浅位,是
1,1,inbound,IN0097,B6T0000000270,E4,443520.0,475315.0,475503.5,188.50000000000009,31795.0,31983.5,1,45,9,深位,是
1,1,inbound,IN0097,B6T0000000270,E4,443520.0,475768.0,475956.5,188.50000000000009,32248.0,32436.5,2,45,9,浅位,否
1,1,inbound,IN0097,B6T0000000270,E4,443520.0,476139.0,476327.5,188.50000000000009,32619.0,32807.5,2,45,9,深位,否
1,1,inbound,IN0097,B6T0000000270,E4,443520.0,476510.0,476702.5,192.50000000000009,32990.0,33182.5,2,49,1,浅位,否
1,1,inbound,IN0097,B6T0000000270,E4,443520.0,476889.0,477081.5,192.50000000000009,33369.0,33561.5,2,49,1,深位,否
1,1,inbound,IN0667,B6T0000000137,E4,446280.0,477268.0,477461.5,193.50000000000009,30988.0,31181.5,1,46,9,浅位,否
1,1,inbound,IN0667,B6T0000000137,E4,446280.0,477649.0,477842.5,193.50000000000009,31369.0,31562.5,1,46,9,深位,否
1,1,inbound,IN0667,B6T0000000137,E4,446280.0,478030.0,478223.5,193.50000000000009,31750.0,31943.5,2,46,9,浅位,否
1,1,inbound,IN0093,B6T0000000261,E4,446820.0,478411.0,478604.5,193.50000000000009,31591.0,31784.5,2,46,9,深位,否
1,1,inbound,IN0093,B6T0000000261,E4,446820.0,478792.0,478997.5,205.50000000000009,31972.0,32177.5,1,44,20,浅位,否
1,1,inbound,IN0093,B6T0000000261,E4,446820.0,479197.0,479402.5,205.50000000000009,32377.0,32582.5,1,44,20,深位,否
1,1,inbound,IN0093,B6T0000000261,E4,446820.0,479602.0,479807.5,205.50000000000009,32782.0,32987.5,2,44,20,浅位,否
1,1,inbound,IN0093,B6T0000000261,E4,446820.0,480007.0,480212.5,205.50000000000009,33187.0,33392.5,2,44,20,深位,否
1,1,inbound,IN0093,B6T0000000261,E4,446820.0,480412.0,480618.5,206.50000000000009,33592.0,33798.5,1,45,18,浅位,否
1,1,inbound,IN0093,B6T0000000261,E4,446820.0,480819.0,481025.5,206.50000000000009,33999.0,34205.5,1,45,18,深位,否
1,1,inbound,IN0093,B6T0000000261,E4,446820.0,481226.0,481432.5,206.50000000000009,34406.0,34612.5,2,45,18,浅位,否
1,1,outbound,1751,B6T0000000007,E4,479820.0,481839.5,482046.0,206.5000000000001,2019.5,2226.0,1,43,11,浅位,是
1,1,inbound,IN0093,B6T0000000261,E4,446820.0,481633.0,481839.5,206.50000000000009,34813.0,35019.5,2,45,18,深位,是
1,1,outbound,1754,B6T0000000007,E4,479820.0,482228.5,482411.0,182.50000000000009,2408.5,2591.0,1,43,11,深位,是
1,1,inbound,IN0093,B6T0000000261,E4,446820.0,482046.0,482228.5,182.50000000000009,35226.0,35408.5,1,43,11,浅位,是
1,1,outbound,1752,B6T0000000007,E4,479820.0,482593.5,482776.0,182.50000000000009,2773.5,2956.0,2,43,11,浅位,是
1,1,inbound,IN0093,B6T0000000261,E4,446820.0,482411.0,482593.5,182.50000000000009,35591.0,35773.5,1,43,11,深位,是
1,1,outbound,1763,B6T0000001236,E3,482580.0,482958.5,483141.0,182.50000000000009,378.5,561.0,1,16,4,深位,是
1,1,inbound,IN0093,B6T0000000261,E4,446820.0,482776.0,482958.5,182.50000000000009,35956.0,36138.5,2,43,11,浅位,是
1,1,outbound,1762,B6T0000001236,E3,482580.0,483349.5,483558.0,208.50000000000009,769.5,978.0,2,16,4,浅位,是
1,1,inbound,IN0093,B6T0000000261,E4,446820.0,483141.0,483349.5,208.50000000000009,36321.0,36529.5,2,43,24,浅位,是
1,1,outbound,1757,B6T0000001236,E3,482580.0,483766.5,483975.0,208.50000000000009,1186.5,1395.0,2,16,4,深位,是
1,1,inbound,IN0093,B6T0000000261,E4,446820.0,483558.0,483766.5,208.50000000000009,36738.0,36946.5,2,43,24,深位,是
1,1,outbound,1758,B6T0000001236,E3,482580.0,484186.5,484414.0,227.50000000000009,1606.5,1834.0,1,9,27,浅位,是
1,1,inbound,IN0093,B6T0000000261,E4,446820.0,483975.0,484186.5,211.50000000000009,37155.0,37366.5,1,44,23,浅位,是
1,1,outbound,1759,B6T0000001236,E3,482580.0,484625.5,484853.0,227.50000000000009,2045.5,2273.0,1,9,27,深位,是
1,1,inbound,IN0093,B6T0000000261,E4,446820.0,484414.0,484625.5,211.50000000000009,37594.0,37805.5,1,44,23,深位,是
1,1,outbound,1760,B6T0000001236,E3,482580.0,485064.5,485292.0,227.50000000000009,2484.5,2712.0,2,9,27,浅位,是
1,1,inbound,IN0093,B6T0000000261,E4,446820.0,484853.0,485064.5,211.50000000000009,38033.0,38244.5,2,44,23,浅位,是
1,1,outbound,1761,B6T0000001236,E3,482580.0,485505.5,485731.0,225.50000000000009,2925.5,3151.0,2,9,27,深位,是
1,1,inbound,IN0093,B6T0000000261,E4,446820.0,485292.0,485505.5,213.50000000000009,38472.0,38685.5,1,44,24,浅位,是
1,1,outbound,3229,B6T0000000963,E3,482940.0,485944.5,486214.0,269.5000000000001,3004.5,3274.0,2,16,38,浅位,是
1,1,inbound,IN0093,B6T0000000261,E4,446820.0,485731.0,485944.5,213.50000000000009,38911.0,39124.5,1,44,24,深位,是
1,1,outbound,3231,B6T0000000963,E3,482940.0,486427.5,486697.0,269.5000000000001,3487.5,3757.0,2,16,38,深位,是
1,1,inbound,IN0093,B6T0000000261,E4,446820.0,486214.0,486427.5,213.50000000000009,39394.0,39607.5,2,44,24,浅位,是
1,1,outbound,1887,B6T0000000716,E3,486360.0,486911.5,487126.0,214.50000000000009,551.5,766.0,1,14,4,深位,是
1,1,inbound,IN0093,B6T0000000261,E4,446820.0,486697.0,486911.5,214.50000000000009,39877.0,40091.5,1,43,27,浅位,是
1,1,outbound,1892,B6T0000000716,E3,486360.0,487340.5,487555.0,214.50000000000009,980.5,1195.0,2,14,4,浅位,是
1,1,inbound,IN0093,B6T0000000261,E4,446820.0,487126.0,487340.5,214.50000000000009,40306.0,40520.5,1,43,27,深位,是
1,1,outbound,1886,B6T0000000716,E3,486360.0,487769.5,487984.0,214.50000000000009,1409.5,1624.0,2,14,4,深位,是
1,1,inbound,IN0093,B6T0000000261,E4,446820.0,487555.0,487769.5,214.50000000000009,40735.0,40949.5,2,43,27,浅位,是
1,1,outbound,1889,B6T0000000716,E3,486360.0,488199.5,488415.0,215.5000000000001,1839.5,2055.0,1,16,13,浅位,是
1,1,inbound,IN0093,B6T0000000261,E4,446820.0,487984.0,488199.5,215.50000000000009,41164.0,41379.5,1,46,20,浅位,是
1,1,outbound,1885,B6T0000000716,E3,486360.0,488630.5,488846.0,215.5000000000001,2270.5,2486.0,1,16,13,深位,是
1,1,inbound,IN0093,B6T0000000261,E4,446820.0,488415.0,488630.5,215.50000000000009,41595.0,41810.5,1,46,20,深位,是
1,1,outbound,2219,B6T0000000393,E3,488580.0,489061.5,489277.0,215.50000000000009,481.5,697.0,1,11,9,深位,是
1,1,inbound,IN0093,B6T0000000261,E4,446820.0,488846.0,489061.5,215.50000000000009,42026.0,42241.5,2,46,20,浅位,是
1,1,outbound,2223,B6T0000000393,E3,488580.0,489494.5,489712.0,217.50000000000009,914.5,1132.0,2,11,9,浅位,是
1,1,inbound,IN0093,B6T0000000261,E4,446820.0,489277.0,489494.5,217.50000000000009,42457.0,42674.5,1,46,21,浅位,是
1,1,outbound,2220,B6T0000000393,E3,488580.0,489929.5,490147.0,217.50000000000009,1349.5,1567.0,2,11,9,深位,是
1,1,inbound,IN0093,B6T0000000261,E4,446820.0,489712.0,489929.5,217.50000000000009,42892.0,43109.5,1,46,21,深位,是
1,1,outbound,1888,B6T0000000716,E3,486360.0,490364.5,490582.0,217.5000000000001,4004.5,4222.0,2,16,13,浅位,是
1,1,inbound,IN0093,B6T0000000261,E4,446820.0,490147.0,490364.5,217.50000000000009,43327.0,43544.5,2,46,21,浅位,是
1,1,outbound,2221,B6T0000000393,E3,488580.0,490800.5,491023.0,222.50000000000009,2220.5,2443.0,2,13,20,深位,是
1,1,inbound,IN0093,B6T0000000261,E4,446820.0,490582.0,490800.5,218.50000000000009,43762.0,43980.5,1,47,19,浅位,是
1,1,outbound,1756,B6T0000000007,E4,479820.0,491241.5,491460.0,218.5000000000001,11421.5,11640.0,2,43,11,深位,是
1,1,inbound,IN0093,B6T0000000261,E4,446820.0,491023.0,491241.5,218.50000000000009,44203.0,44421.5,1,47,19,深位,是
1,1,outbound,2665,B6T0000000114,E4,482520.0,491642.5,491879.0,236.5000000000001,9122.5,9359.0,1,46,17,浅位,是
1,1,inbound,IN0093,B6T0000000261,E4,446820.0,491460.0,491642.5,182.50000000000009,44640.0,44822.5,2,43,11,深位,是
1,1,outbound,2664,B6T0000000114,E4,482520.0,492088.5,492298.0,209.50000000000009,9568.5,9778.0,1,46,17,深位,是
1,1,inbound,IN0093,B6T0000000261,E4,446820.0,491879.0,492088.5,209.50000000000009,45059.0,45268.5,1,46,17,浅位,是
1,1,outbound,3611,B6T0000000201,E4,488760.0,492507.5,492809.0,301.5000000000001,3747.5,4049.0,1,46,40,浅位,是
1,1,inbound,IN0093,B6T0000000261,E4,446820.0,492298.0,492507.5,209.50000000000009,45478.0,45687.5,1,46,17,深位,是
1,1,inbound,IN0093,B6T0000000261,E4,446820.0,492809.0,493027.5,218.50000000000009,45989.0,46207.5,2,45,24,浅位,否
1,1,inbound,IN0093,B6T0000000261,E4,446820.0,493240.0,493460.5,220.50000000000009,46420.0,46640.5,1,45,25,深位,否
1,1,inbound,IN0093,B6T0000000261,E4,446820.0,493675.0,493896.5,221.50000000000009,46855.0,47076.5,1,44,28,浅位,否
1,1,inbound,IN0093,B6T0000000261,E4,446820.0,494112.0,494333.5,221.50000000000009,47292.0,47513.5,1,44,28,深位,否
1,1,inbound,IN0093,B6T0000000261,E4,446820.0,494549.0,494770.5,221.50000000000009,47729.0,47950.5,2,44,28,浅位,否
1,1,inbound,IN0093,B6T0000000261,E4,446820.0,494986.0,495208.5,222.50000000000009,48166.0,48388.5,1,49,16,深位,否
1,1,inbound,IN0093,B6T0000000261,E4,446820.0,495425.0,495647.5,222.50000000000009,48605.0,48827.5,1,43,31,浅位,否
1,1,inbound,IN0093,B6T0000000261,E4,446820.0,495864.0,496086.5,222.50000000000009,49044.0,49266.5,1,43,31,深位,否
1,1,inbound,IN0093,B6T0000000261,E4,446820.0,496303.0,496527.5,224.50000000000009,49483.0,49707.5,1,49,17,浅位,否
1,1,inbound,IN0093,B6T0000000261,E4,446820.0,496746.0,496976.5,230.50000000000009,49926.0,50156.5,1,43,35,浅位,否
1,1,inbound,IN0093,B6T0000000261,E4,446820.0,497201.0,497431.5,230.50000000000009,50381.0,50611.5,1,43,35,深位,否
1,1,inbound,IN0093,B6T0000000261,E4,446820.0,497656.0,497888.5,232.50000000000009,50836.0,51068.5,1,45,31,浅位,否
1,1,inbound,IN0093,B6T0000000261,E4,446820.0,498115.0,498347.5,232.50000000000009,51295.0,51527.5,1,45,31,深位,否
1,1,inbound,IN0093,B6T0000000261,E4,446820.0,498574.0,498816.5,242.50000000000009,51754.0,51996.5,1,43,41,深位,否
1,1,inbound,IN0093,B6T0000000261,E4,446820.0,499053.0,499308.5,255.50000000000009,52233.0,52488.5,1,46,40,浅位,否
1,1,inbound,IN0093,B6T0000000261,E4,446820.0,499558.0,499824.5,266.5000000000001,52738.0,53004.5,1,43,53,浅位,否
1,1,inbound,IN0093,B6T0000000261,E4,446820.0,500085.0,500351.5,266.5000000000001,53265.0,53531.5,1,43,53,深位,否
1,1,inbound,IN0028,B6T0000000088,E4,447240.0,500612.0,500878.5,266.5000000000001,53372.0,53638.5,1,45,48,浅位,否
1,1,inbound,IN0028,B6T0000000088,E4,447240.0,501139.0,501405.5,266.5000000000001,53899.0,54165.5,1,45,48,深位,否
1,1,inbound,IN0028,B6T0000000088,E4,447240.0,501666.0,501932.5,266.5000000000001,54426.0,54692.5,2,43,53,浅位,否
1,1,inbound,IN0028,B6T0000000088,E4,447240.0,502193.0,502459.5,266.5000000000001,54953.0,55219.5,2,43,53,深位,否
1,1,inbound,IN0028,B6T0000000088,E4,447240.0,502720.0,502986.5,266.5000000000001,55480.0,55746.5,2,45,48,浅位,否
1,1,inbound,IN0028,B6T0000000088,E4,447240.0,503247.0,503513.5,266.5000000000001,56007.0,56273.5,2,45,48,深位,否
1,1,inbound,IN0028,B6T0000000088,E4,447240.0,503774.0,504041.5,267.5000000000001,56534.0,56801.5,1,44,51,浅位,否
1,1,inbound,IN0028,B6T0000000088,E4,447240.0,504303.0,504570.5,267.5000000000001,57063.0,57330.5,1,44,51,深位,否
1,1,inbound,IN0028,B6T0000000088,E4,447240.0,504832.0,505099.5,267.5000000000001,57592.0,57859.5,1,46,46,浅位,否
1,1,inbound,IN0028,B6T0000000088,E4,447240.0,505361.0,505628.5,267.5000000000001,58121.0,58388.5,1,46,46,深位,否
1,1,inbound,IN0028,B6T0000000088,E4,447240.0,505890.0,506157.5,267.5000000000001,58650.0,58917.5,2,44,51,浅位,否
1,1,inbound,IN0028,B6T0000000088,E4,447240.0,506419.0,506686.5,267.5000000000001,59179.0,59446.5,2,44,51,深位,否
1,1,inbound,IN0028,B6T0000000088,E4,447240.0,506948.0,507215.5,267.5000000000001,59708.0,59975.5,2,46,46,浅位,否
1,1,inbound,IN0028,B6T0000000088,E4,447240.0,507477.0,507744.5,267.5000000000001,60237.0,60504.5,2,46,46,深位,否
1,1,inbound,IN0028,B6T0000000088,E4,447240.0,508006.0,508274.5,268.5000000000001,60766.0,61034.5,1,43,54,浅位,否
1,1,inbound,IN0028,B6T0000000088,E4,447240.0,508537.0,508805.5,268.5000000000001,61297.0,61565.5,1,43,54,深位,否
1,1,inbound,IN0028,B6T0000000088,E4,447240.0,509068.0,509336.5,268.5000000000001,61828.0,62096.5,1,45,49,浅位,否
1,1,inbound,IN0105,B6T0000000303,E4,451500.0,509599.0,509867.5,268.5000000000001,58099.0,58367.5,1,45,49,深位,否
1,1,inbound,IN0105,B6T0000000303,E4,451500.0,510130.0,510398.5,268.5000000000001,58630.0,58898.5,1,47,44,浅位,否
1,1,inbound,IN0105,B6T0000000303,E4,451500.0,510661.0,510929.5,268.5000000000001,59161.0,59429.5,1,47,44,深位,否
1,1,inbound,IN0105,B6T0000000303,E4,451500.0,511192.0,511460.5,268.5000000000001,59692.0,59960.5,2,43,54,浅位,否
1,1,inbound,IN0105,B6T0000000303,E4,451500.0,511723.0,511991.5,268.5000000000001,60223.0,60491.5,2,43,54,深位,否
1,1,inbound,IN0100,B6T0000000283,E4,433740.0,512254.0,512522.5,268.5000000000001,78514.0,78782.5,2,45,49,浅位,否
1,1,inbound,IN0100,B6T0000000283,E4,433740.0,512785.0,513053.5,268.5000000000001,79045.0,79313.5,2,45,49,深位,否
1,1,inbound,IN0020,B6T0000000061,E4,434100.0,513316.0,513584.5,268.5000000000001,79216.0,79484.5,2,47,44,浅位,否
1,1,inbound,IN0020,B6T0000000061,E4,434100.0,513847.0,514115.5,268.5000000000001,79747.0,80015.5,2,47,44,深位,否
1,1,outbound,1283,B6T0000001854,E1,519120.0,519120.0,519148.0,28.0,0.0,28.0,1,2,4,深位,否
1,1,outbound,1277,B6T0000001854,E1,519120.0,519148.0,519176.0,28.0,28.0,56.0,2,2,4,浅位,否
1,1,outbound,1278,B6T0000001854,E1,519120.0,519176.0,519204.0,28.0,56.0,84.0,2,2,4,深位,否
1,1,outbound,1279,B6T0000001854,E1,519120.0,519204.0,519236.0,32.0,84.0,116.0,1,5,2,浅位,否
1,1,outbound,1280,B6T0000001854,E1,519120.0,519236.0,519268.0,32.0,116.0,148.0,1,5,2,深位,否
1,1,outbound,1281,B6T0000001854,E1,519120.0,519268.0,519300.0,32.0,148.0,180.0,2,5,2,浅位,否
1,1,outbound,1282,B6T0000001854,E1,519120.0,519300.0,519332.0,32.0,180.0,212.0,2,5,2,深位,否
1,1,outbound,1292,B6T0000001854,E1,519120.0,519332.0,519372.0,40.0,212.0,252.0,1,2,7,浅位,否
1,1,outbound,1290,B6T0000001854,E1,519120.0,519372.0,519412.0,40.0,252.0,292.0,1,2,7,深位,否
1,1,outbound,1289,B6T0000001854,E1,519120.0,519412.0,519452.0,40.0,292.0,332.0,2,2,7,浅位,否
1,1,outbound,1288,B6T0000001854,E1,519120.0,519452.0,519492.0,40.0,332.0,372.0,2,2,7,深位,否
1,1,outbound,2494,B6T0000000500,E3,520200.0,520517.0,520683.0,166.0,317.0,483.0,1,9,31,浅位,否
1,1,outbound,781,B6T0000001996,E1,520620.0,520683.0,520699.0,16.0,63.0,79.0,2,2,1,深位,否
1,1,outbound,782,B6T0000001996,E1,520620.0,520699.0,520723.0,24.0,79.0,103.0,2,1,4,深位,否
1,1,outbound,3040,B6T0000000350,E3,520560.0,520723.0,520781.0,57.99999999999999,163.0,221.0,1,9,4,浅位,否
1,1,outbound,3041,B6T0000000350,E3,520560.0,520781.0,520839.0,57.99999999999999,221.0,279.0,1,9,4,深位,否
1,1,outbound,3042,B6T0000000350,E3,520560.0,520839.0,520945.0,106.0,279.0,385.0,1,13,8,浅位,否
1,1,outbound,2492,B6T0000000500,E3,520200.0,520945.0,521111.0,166.0,745.0,911.0,1,9,31,深位,否
1,1,outbound,2490,B6T0000000500,E3,520200.0,521111.0,521277.0,166.0,911.0,1077.0,2,9,31,浅位,否
1,1,outbound,3459,B6T0000000117,E4,520980.0,521277.0,521596.0,319.00000000000017,297.0,616.0,1,43,1,深位,否
1,1,outbound,1013,B6T0000001975,E1,520740.0,521596.0,521632.0,36.0,856.0,892.0,1,3,5,浅位,否
1,1,outbound,1012,B6T0000001975,E1,520740.0,521632.0,521668.0,36.0,892.0,928.0,1,3,5,深位,否
1,1,outbound,1011,B6T0000001975,E1,520740.0,521668.0,521704.0,36.0,928.0,964.0,2,3,5,浅位,否
1,1,outbound,1016,B6T0000001975,E1,520740.0,521704.0,521740.0,36.0,964.0,1000.0,2,3,5,深位,否
1,1,outbound,848,B6T0000001220,E3,520980.0,521740.0,521834.0,94.0,760.0,854.0,1,10,11,浅位,否
1,1,outbound,846,B6T0000001220,E3,520980.0,521834.0,521928.0,94.0,854.0,948.0,1,10,11,深位,否
1,1,outbound,845,B6T0000001220,E3,520980.0,521928.0,522022.0,94.0,948.0,1042.0,2,10,11,浅位,否
1,1,outbound,849,B6T0000001220,E3,520980.0,522022.0,522116.0,94.0,1042.0,1136.0,2,10,11,深位,否
1,1,outbound,3458,B6T0000000117,E4,520980.0,522116.0,522449.0,333.00000000000017,1136.0,1469.0,1,44,2,浅位,否
1,1,outbound,3149,B6T0000001988,E1,524340.0,524340.0,524452.0,112.0,0.0,112.0,1,2,25,浅位,否
1,1,outbound,3150,B6T0000001988,E1,524340.0,524452.0,524564.0,112.0,112.0,224.0,1,2,25,深位,否
1,1,outbound,3148,B6T0000001988,E1,524340.0,524564.0,524676.0,112.0,224.0,336.0,2,2,25,浅位,否
1,1,outbound,2345,B6T0000000619,E3,524880.0,524880.0,524994.0,113.99999999999999,0.0,114.0,1,15,6,浅位,否
1,1,outbound,2347,B6T0000000619,E3,524880.0,524994.0,525108.0,113.99999999999999,114.0,228.0,1,15,6,深位,否
1,1,outbound,2346,B6T0000000619,E3,524880.0,525108.0,525222.0,113.99999999999999,228.0,342.0,2,15,6,浅位,否
1,1,outbound,2348,B6T0000000619,E3,524880.0,525222.0,525336.0,113.99999999999999,342.0,456.0,2,15,6,深位,否
1,1,outbound,2349,B6T0000000619,E3,524880.0,525336.0,525478.0,142.0,456.0,598.0,1,15,13,浅位,否
1,1,outbound,2344,B6T0000000619,E3,524880.0,525478.0,525620.0,142.0,598.0,740.0,1,15,13,深位,否
1,1,outbound,417,B6T0000000050,E4,519300.0,526350.0,526693.0,343.00000000000017,7050.0,7393.0,1,45,2,浅位,否
1,1,outbound,418,B6T0000000050,E4,519300.0,526693.0,527036.0,343.00000000000017,7393.0,7736.0,1,45,2,深位,否
1,1,outbound,419,B6T0000000050,E4,519300.0,527036.0,527379.0,343.00000000000017,7736.0,8079.0,2,45,2,浅位,否
1,1,outbound,2864,B6T0000000765,E3,528480.0,528480.0,528650.0,170.00000000000003,0.0,170.0,2,22,6,深位,否
1,1,outbound,2866,B6T0000000765,E3,528480.0,528650.0,528824.0,174.0,170.0,344.0,1,9,33,浅位,否
1,1,outbound,2865,B6T0000000765,E3,528480.0,528824.0,528998.0,174.0,344.0,518.0,1,9,33,深位,否
1,1,outbound,2867,B6T0000000765,E3,528480.0,528998.0,529172.0,174.0,518.0,692.0,2,9,33,浅位,否
1,1,outbound,2186,B6T0000001469,E1,530880.0,531032.0,531100.0,68.0,152.0,220.0,1,2,14,浅位,否
1,1,outbound,2185,B6T0000001469,E1,530880.0,531100.0,531168.0,68.0,220.0,288.0,1,2,14,深位,否
1,1,outbound,2183,B6T0000001469,E1,530880.0,531168.0,531236.0,68.0,288.0,356.0,2,2,14,浅位,否
1,1,outbound,1929,B6T0000001140,E3,532200.0,532640.0,532782.0,142.0,440.0,582.0,2,10,23,浅位,否
1,1,outbound,1931,B6T0000001140,E3,532200.0,532782.0,532924.0,142.0,582.0,724.0,2,10,23,深位,否
1,1,outbound,2395,B6T0000001859,E1,538440.0,538440.0,538468.0,28.0,0.0,28.0,1,2,4,浅位,否
1,1,outbound,2396,B6T0000001859,E1,538440.0,538468.0,538516.0,48.0,28.0,76.0,1,2,9,浅位,否
1,1,outbound,2397,B6T0000001859,E1,538440.0,538516.0,538564.0,48.0,76.0,124.0,1,2,9,深位,否
1,1,outbound,2499,B6T0000000257,E4,543720.0,543720.0,544119.0,399.00000000000017,0.0,399.0,1,45,16,浅位,否
1,1,outbound,2498,B6T0000000257,E4,543720.0,544119.0,544518.0,399.00000000000017,399.0,798.0,1,45,16,深位,否
1,1,outbound,2497,B6T0000000257,E4,543720.0,544518.0,544917.0,399.00000000000017,798.0,1197.0,2,45,16,浅位,否
1,1,outbound,2496,B6T0000000257,E4,543720.0,544917.0,545316.0,399.00000000000017,1197.0,1596.0,2,45,16,深位,否
1,1,outbound,3271,B6T0000000330,E3,547500.0,547500.0,547658.0,158.0,0.0,158.0,1,12,23,浅位,否
1,1,outbound,3270,B6T0000000330,E3,547500.0,547658.0,547816.0,158.0,158.0,316.0,1,12,23,深位,否
1,1,outbound,3382,B6T0000001129,E3,556260.0,556260.0,556586.0,326.00000000000006,0.0,326.0,2,30,29,浅位,否
1,1,outbound,3383,B6T0000001129,E3,556260.0,556586.0,556912.0,326.00000000000006,326.0,652.0,2,30,29,深位,否
1,1,outbound,639,B6T0000000469,E3,559260.0,559260.0,559350.0,90.0,0.0,90.0,1,10,10,浅位,否
1,1,outbound,640,B6T0000000469,E3,559260.0,559350.0,559440.0,90.0,90.0,180.0,1,10,10,深位,否
1,1,outbound,641,B6T0000000469,E3,559260.0,559440.0,559530.0,90.0,180.0,270.0,2,10,10,浅位,否
1,1,outbound,1949,B6T0000000507,E3,559800.0,559800.0,559882.0,82.0,0.0,82.0,1,10,8,浅位,否
1,1,outbound,1951,B6T0000000507,E3,559800.0,559882.0,559964.0,82.0,82.0,164.0,1,10,8,深位,否
1,1,outbound,1952,B6T0000000507,E3,559800.0,559964.0,560046.0,82.0,164.0,246.0,2,10,8,浅位,否
1,1,outbound,1953,B6T0000000507,E3,559800.0,560046.0,560128.0,82.0,246.0,328.0,2,10,8,深位,否
1,1,outbound,1954,B6T0000000507,E3,559800.0,560128.0,560226.0,97.99999999999999,328.0,426.0,1,14,4,浅位,否
1,1,outbound,1950,B6T0000000507,E3,559800.0,560226.0,560324.0,98.0,426.0,524.0,1,13,6,浅位,否
1,1,outbound,1955,B6T0000000507,E3,559800.0,560324.0,560422.0,98.0,524.0,622.0,1,13,6,深位,否
1,1,outbound,1956,B6T0000000507,E3,559800.0,560422.0,560520.0,98.0,622.0,720.0,2,13,6,浅位,否
1,1,outbound,2245,B6T0000000094,E4,560100.0,560832.0,561213.0,381.00000000000017,732.0,1113.0,1,44,14,浅位,否
1,1,outbound,1073,B6T0000000178,E4,558720.0,561213.0,561576.0,363.00000000000017,2493.0,2856.0,1,47,2,浅位,否
1,1,outbound,1085,B6T0000000178,E4,558720.0,561576.0,561939.0,363.00000000000017,2856.0,3219.0,1,47,2,深位,否
1,1,outbound,2043,B6T0000000270,E4,561900.0,561939.0,562258.0,319.00000000000017,39.0,358.0,2,43,1,浅位,否
1,1,outbound,2049,B6T0000000270,E4,561900.0,562258.0,562577.0,319.00000000000017,358.0,677.0,2,43,1,深位,否
1,1,outbound,1084,B6T0000000178,E4,558720.0,562577.0,562940.0,363.00000000000017,3857.0,4220.0,2,47,2,浅位,否
1,1,outbound,2299,B6T0000000431,E3,562500.0,562940.0,563178.0,238.00000000000006,440.0,678.0,2,31,5,浅位,否
1,1,outbound,2298,B6T0000000431,E3,562500.0,563178.0,563416.0,238.00000000000006,678.0,916.0,2,31,5,深位,否
1,1,outbound,1083,B6T0000000178,E4,558720.0,563416.0,563779.0,363.00000000000017,4696.0,5059.0,2,47,2,深位,否
1,1,outbound,2045,B6T0000000270,E4,561900.0,563779.0,564144.0,365.00000000000017,1879.0,2244.0,1,46,5,深位,否
1,1,outbound,2047,B6T0000000270,E4,561900.0,564144.0,564509.0,365.00000000000017,2244.0,2609.0,2,46,5,浅位,否
1,1,outbound,2044,B6T0000000270,E4,561900.0,564509.0,564874.0,365.00000000000017,2609.0,2974.0,2,46,5,深位,否
1,1,outbound,2048,B6T0000000270,E4,561900.0,564874.0,565245.0,371.00000000000017,2974.0,3345.0,1,45,9,浅位,否
1,1,outbound,2046,B6T0000000270,E4,561900.0,565245.0,565616.0,371.00000000000017,3345.0,3716.0,1,45,9,深位,否
1,1,outbound,2242,B6T0000000094,E4,560100.0,565616.0,565997.0,381.00000000000017,5516.0,5897.0,1,44,14,深位,否
1,1,outbound,2243,B6T0000000094,E4,560100.0,565997.0,566378.0,381.00000000000017,5897.0,6278.0,2,44,14,浅位,否
1,1,outbound,2421,B6T0000000777,E3,570600.0,571024.0,571186.0,162.0,424.0,586.0,1,9,30,浅位,否
2,2,inbound,IN0644,B6T0000001949,E1,7080.0,7080.0,7095.0,15.0,0.0,15.0,3,4,1,深位,否
2,2,inbound,IN0644,B6T0000001949,E1,7080.0,7104.0,7123.0,19.0,24.0,43.0,3,5,2,深位,否
2,2,inbound,IN0644,B6T0000001949,E1,7080.0,7136.0,7159.0,23.0,56.0,79.0,3,2,7,深位,否
2,2,inbound,IN0644,B6T0000001949,E1,7080.0,7176.0,7199.0,23.0,96.0,119.0,3,8,1,深位,否
2,2,outbound,3232,B6T0000000365,E3,7320.0,7320.0,7598.0,278.0,0.0,278.0,4,23,31,浅位,否
2,2,outbound,3233,B6T0000000365,E3,7320.0,7598.0,7876.0,278.0,278.0,556.0,4,23,31,深位,否
2,2,outbound,2229,B6T0000001241,E3,9240.0,9240.0,9406.0,166.0,0.0,166.0,4,13,23,浅位,否
2,2,outbound,2228,B6T0000001241,E3,9240.0,9406.0,9572.0,166.0,166.0,332.0,4,13,23,深位,否
2,2,inbound,IN0355,B6T0000001099,E3,12300.0,12300.0,12362.0,62.0,0.0,62.0,3,13,11,深位,否
2,2,inbound,IN0355,B6T0000001099,E3,12300.0,12418.0,12504.0,86.0,118.0,204.0,4,13,23,浅位,否
2,2,outbound,3245,B6T0000000392,E3,13620.0,13620.0,13934.0,314.00000000000006,0.0,314.0,3,32,22,浅位,否
2,2,outbound,3244,B6T0000000392,E3,13620.0,13934.0,14248.0,314.00000000000006,314.0,628.0,3,32,22,深位,否
2,2,outbound,3637,B6T0000000859,E3,13980.0,14248.0,14622.0,374.00000000000006,268.0,642.0,3,33,35,浅位,否
2,2,outbound,3636,B6T0000000859,E3,13980.0,14622.0,14996.0,374.00000000000006,642.0,1016.0,3,33,35,深位,否
2,2,outbound,2851,B6T0000000939,E3,17580.0,17580.0,17778.0,198.0,0.0,198.0,4,11,35,浅位,否
2,2,outbound,2850,B6T0000000939,E3,17580.0,17778.0,17976.0,198.0,198.0,396.0,4,11,35,深位,否
2,2,outbound,2378,B6T0000001791,E1,18480.0,18566.0,18652.0,86.0,86.0,172.0,3,6,14,浅位,是
2,2,inbound,IN0181,B6T0000000534,E3,18480.0,18480.0,18566.0,86.0,0.0,86.0,4,13,23,深位,是
2,2,outbound,2379,B6T0000001791,E1,18480.0,18738.0,18868.0,130.00000000000003,258.0,388.0,3,6,14,深位,是
2,2,inbound,IN0181,B6T0000000534,E3,18480.0,18652.0,18738.0,86.00000000000001,172.0,258.0,3,23,3,深位,是
2,2,outbound,2377,B6T0000001791,E1,18480.0,18956.0,19044.0,88.0,476.0,564.0,4,6,14,浅位,是
2,2,inbound,IN0181,B6T0000000534,E3,18480.0,18868.0,18956.0,88.0,388.0,476.0,4,16,18,深位,是
2,2,outbound,2376,B6T0000001791,E1,18480.0,19140.0,19260.0,120.00000000000003,660.0,780.0,4,6,14,深位,是
2,2,inbound,IN0181,B6T0000000534,E3,18480.0,19044.0,19140.0,96.00000000000001,564.0,660.0,4,23,8,深位,是
2,2,outbound,1511,B6T0000000118,E4,17760.0,19362.0,19721.0,359.00000000000017,1602.0,1961.0,3,43,10,浅位,是
2,2,inbound,IN0181,B6T0000000534,E3,18480.0,19260.0,19362.0,102.0,780.0,882.0,4,11,35,浅位,是
2,2,outbound,1512,B6T0000000118,E4,17760.0,19823.0,20182.0,359.00000000000017,2063.0,2422.0,3,43,10,深位,是
2,2,inbound,IN0181,B6T0000000534,E3,18480.0,19721.0,19823.0,102.0,1241.0,1343.0,4,11,35,深位,是
2,2,outbound,1513,B6T0000000118,E4,17760.0,20288.0,20587.0,299.00000000000017,2528.0,2827.0,4,43,10,浅位,是
2,2,inbound,IN0181,B6T0000000534,E3,18480.0,20182.0,20288.0,106.0,1702.0,1808.0,3,19,21,深位,是
2,2,outbound,1977,B6T0000001165,E3,20280.0,20699.0,20835.0,136.0,419.0,555.0,4,18,15,浅位,是
2,2,inbound,IN0181,B6T0000000534,E3,18480.0,20587.0,20699.0,112.0,2107.0,2219.0,3,15,32,深位,是
2,2,outbound,1974,B6T0000001165,E3,20280.0,20925.0,21015.0,90.0,645.0,735.0,4,18,15,深位,是
2,2,inbound,IN0181,B6T0000000534,E3,18480.0,20835.0,20925.0,90.0,2355.0,2445.0,4,18,15,浅位,是
2,2,outbound,1514,B6T0000000118,E4,17760.0,21015.0,21370.0,355.00000000000017,3255.0,3610.0,4,43,10,深位,否
2,2,outbound,703,B6T0000000313,E4,19560.0,23764.0,24111.0,347.00000000000017,4204.0,4551.0,3,45,3,浅位,否
2,2,outbound,714,B6T0000000313,E4,19560.0,24111.0,24458.0,347.00000000000017,4551.0,4898.0,3,45,3,深位,否
2,2,outbound,715,B6T0000000313,E4,19560.0,24458.0,24805.0,347.00000000000017,4898.0,5245.0,4,45,3,浅位,否
2,2,outbound,716,B6T0000000313,E4,19560.0,24805.0,25152.0,347.00000000000017,5245.0,5592.0,4,45,3,深位,否
2,2,outbound,3114,B6T0000001782,E1,25920.0,25920.0,26072.0,152.0,0.0,152.0,3,6,31,浅位,否
2,2,outbound,3113,B6T0000001782,E1,25920.0,26072.0,26224.0,152.0,152.0,304.0,3,6,31,深位,否
2,2,outbound,2791,B6T0000001578,E1,26100.0,26224.0,26336.0,112.0,124.0,236.0,4,1,26,浅位,否
2,2,outbound,2052,B6T0000001476,E1,26280.0,26336.0,26400.0,64.0,56.0,120.0,3,4,11,浅位,否
2,2,outbound,2055,B6T0000001476,E1,26280.0,26400.0,26464.0,64.0,120.0,184.0,3,4,11,深位,否
2,2,outbound,2053,B6T0000001476,E1,26280.0,26464.0,26528.0,64.0,184.0,248.0,4,4,11,浅位,否
2,2,outbound,2054,B6T0000001476,E1,26280.0,26528.0,26592.0,64.0,248.0,312.0,4,4,11,深位,否
2,2,outbound,2788,B6T0000001578,E1,26100.0,26592.0,26704.0,112.0,492.0,604.0,4,1,26,深位,否
2,2,outbound,3112,B6T0000001782,E1,25920.0,26704.0,26856.0,152.0,784.0,936.0,4,6,31,浅位,否
2,2,inbound,IN0512,B6T0000001536,E1,29760.0,29760.0,29785.0,25.0,0.0,25.0,3,6,4,深位,否
2,2,inbound,IN0512,B6T0000001536,E1,29760.0,29804.0,29829.0,25.0,44.0,69.0,3,8,2,深位,否
2,2,outbound,748,B6T0000000140,E4,25680.0,33164.0,33517.0,353.00000000000017,7484.0,7837.0,3,46,2,浅位,否
2,2,outbound,731,B6T0000000140,E4,25680.0,33517.0,33870.0,353.00000000000017,7837.0,8190.0,3,46,2,深位,否
2,2,outbound,730,B6T0000000140,E4,25680.0,33897.0,34257.0,360.00000000000017,8217.0,8577.0,4,46,2,浅位,是
2,2,inbound,IN0664,B6T0000001992,E1,33600.0,33870.0,33897.0,27.0,270.0,297.0,4,2,9,深位,是
2,2,outbound,732,B6T0000000140,E4,25680.0,34286.0,34628.0,342.00000000000017,8606.0,8948.0,4,46,2,深位,是
2,2,inbound,IN0664,B6T0000001992,E1,33600.0,34257.0,34286.0,29.0,657.0,686.0,4,7,5,深位,是
2,2,inbound,IN0664,B6T0000001992,E1,33600.0,34628.0,34663.0,35.0,1028.0,1063.0,3,4,11,浅位,否
2,2,inbound,IN0664,B6T0000001992,E1,33600.0,34692.0,34727.0,35.0,1092.0,1127.0,3,4,11,深位,否
2,2,inbound,IN0664,B6T0000001992,E1,33600.0,34756.0,34791.0,35.0,1156.0,1191.0,4,4,11,浅位,否
2,2,inbound,IN0664,B6T0000001992,E1,33600.0,34820.0,34855.0,35.0,1220.0,1255.0,4,4,11,深位,否
2,2,inbound,IN0019,B6T0000000056,E4,35880.0,35880.0,36056.5,176.50000000000009,0.0,176.5,4,43,8,深位,否
2,2,inbound,IN0019,B6T0000000056,E4,35880.0,36227.0,36403.5,176.50000000000009,347.0,523.5,3,45,3,浅位,否
2,2,inbound,IN0326,B6T0000000994,E3,38220.0,38220.0,38310.0,90.0,0.0,90.0,4,18,15,深位,否
2,2,inbound,IN0326,B6T0000000994,E3,38220.0,38394.0,38506.0,112.0,174.0,286.0,3,18,26,深位,否
2,2,inbound,IN0008,B6T0000000014,E4,39360.0,39360.0,39536.5,176.50000000000009,0.0,176.5,3,45,3,深位,否
2,2,inbound,IN0008,B6T0000000014,E4,39360.0,39707.0,39883.5,176.50000000000009,347.0,523.5,4,45,3,浅位,否
2,2,outbound,2500,B6T0000000481,E3,41940.0,41940.0,42138.0,198.0,0.0,198.0,4,17,23,浅位,否
2,2,outbound,2501,B6T0000000481,E3,41940.0,42138.0,42336.0,198.0,198.0,396.0,4,17,23,深位,否
2,2,outbound,3628,B6T0000001310,E3,42480.0,42480.0,42778.0,298.0,0.0,298.0,3,14,54,浅位,否
2,2,outbound,3629,B6T0000001310,E3,42480.0,42778.0,43076.0,298.0,298.0,596.0,3,14,54,深位,否
2,2,outbound,1972,B6T0000000437,E3,42600.0,43252.5,43497.0,244.50000000000009,652.5,897.0,3,13,20,浅位,是
2,2,inbound,IN0016,B6T0000000050,E4,42840.0,43076.0,43252.5,176.50000000000009,236.0,412.5,4,45,3,深位,是
2,2,outbound,1966,B6T0000000437,E3,42600.0,43676.5,43928.0,251.50000000000009,1076.5,1328.0,3,13,20,深位,是
2,2,inbound,IN0016,B6T0000000050,E4,42840.0,43497.0,43676.5,179.50000000000009,657.0,836.5,3,46,2,浅位,是
2,2,outbound,1965,B6T0000000437,E3,42600.0,44107.5,44359.0,251.50000000000009,1507.5,1759.0,4,13,20,浅位,是
2,2,inbound,IN0016,B6T0000000050,E4,42840.0,43928.0,44107.5,179.50000000000009,1088.0,1267.5,3,46,2,深位,是
2,2,outbound,1968,B6T0000000437,E3,42600.0,44538.5,44790.0,251.50000000000009,1938.5,2190.0,4,13,20,深位,是
2,2,inbound,IN0016,B6T0000000050,E4,42840.0,44359.0,44538.5,179.50000000000009,1519.0,1698.5,4,46,2,浅位,是
2,2,outbound,2910,B6T0000001656,E1,44400.0,44969.5,45253.0,283.5000000000001,569.5,853.0,4,2,28,浅位,是
2,2,inbound,IN0016,B6T0000000050,E4,42840.0,44790.0,44969.5,179.50000000000009,1950.0,2129.5,4,46,2,深位,是
2,2,outbound,2909,B6T0000001656,E1,44400.0,45333.0,45445.0,112.0,933.0,1045.0,4,2,28,深位,是
2,2,inbound,IN0309,B6T0000000932,E3,45120.0,45253.0,45333.0,80.0,133.0,213.0,3,13,20,浅位,是
2,2,inbound,IN0309,B6T0000000932,E3,45120.0,45445.0,45525.0,80.0,325.0,405.0,3,13,20,深位,否
2,2,inbound,IN0309,B6T0000000932,E3,45120.0,45599.0,45679.0,80.0,479.0,559.0,4,13,20,浅位,否
2,2,inbound,IN0309,B6T0000000932,E3,45120.0,45753.0,45833.0,80.0,633.0,713.0,4,13,20,深位,否
2,2,inbound,IN0309,B6T0000000932,E3,45120.0,45907.0,46009.0,102.0,787.0,889.0,4,17,23,浅位,否
2,2,inbound,IN0309,B6T0000000932,E3,45120.0,46105.0,46207.0,102.0,985.0,1087.0,4,17,23,深位,否
2,2,inbound,IN0309,B6T0000000932,E3,45120.0,46303.0,46421.0,118.00000000000001,1183.0,1301.0,4,24,17,深位,否
2,2,inbound,IN0309,B6T0000000932,E3,45120.0,46533.0,46651.0,118.00000000000003,1413.0,1531.0,4,31,3,深位,否
2,2,outbound,3348,B6T0000001169,E3,46740.0,46885.0,47071.0,186.0,145.0,331.0,3,17,41,浅位,是
2,2,inbound,IN0309,B6T0000000932,E3,45120.0,46763.0,46885.0,122.00000000000001,1643.0,1765.0,4,21,25,深位,是
2,2,outbound,3349,B6T0000001169,E3,46740.0,47193.0,47395.0,202.00000000000003,453.0,655.0,3,17,41,深位,是
2,2,inbound,IN0309,B6T0000000932,E3,45120.0,47071.0,47193.0,122.00000000000001,1951.0,2073.0,4,23,21,深位,是
2,2,inbound,IN0309,B6T0000000932,E3,45120.0,47395.0,47533.0,138.0,2275.0,2413.0,3,17,41,浅位,否
2,2,inbound,IN0309,B6T0000000932,E3,45120.0,47665.0,47803.0,138.0,2545.0,2683.0,3,17,41,深位,否
2,2,inbound,IN0309,B6T0000000932,E3,45120.0,47935.0,48073.0,138.00000000000003,2815.0,2953.0,3,32,11,深位,否
2,2,inbound,IN0309,B6T0000000932,E3,45120.0,48205.0,48347.0,142.0,3085.0,3227.0,4,23,31,浅位,否
2,2,outbound,3283,B6T0000001099,E3,48480.0,48625.0,48767.0,142.0,145.0,287.0,3,13,11,深位,是
2,2,inbound,IN0309,B6T0000000932,E3,45120.0,48483.0,48625.0,142.0,3363.0,3505.0,4,23,31,深位,是
2,2,outbound,3282,B6T0000001099,E3,48480.0,48829.0,48939.0,110.0,349.0,459.0,4,13,23,浅位,是
2,2,inbound,IN0309,B6T0000000932,E3,45120.0,48767.0,48829.0,62.0,3647.0,3709.0,3,13,11,深位,是
2,2,inbound,IN0309,B6T0000000932,E3,45120.0,48939.0,49025.0,86.0,3819.0,3905.0,4,13,23,浅位,否
2,2,inbound,IN0309,B6T0000000932,E3,45120.0,49105.0,49247.0,142.00000000000006,3985.0,4127.0,4,34,9,深位,否
2,2,inbound,IN0309,B6T0000000932,E3,45120.0,49383.0,49527.0,144.00000000000003,4263.0,4407.0,3,27,24,深位,否
2,2,inbound,IN0309,B6T0000000932,E3,45120.0,49665.0,49811.0,146.0,4545.0,4691.0,3,18,43,深位,否
2,2,inbound,IN0309,B6T0000000932,E3,45120.0,49951.0,50101.0,150.00000000000006,4831.0,4981.0,4,38,5,深位,否
2,2,inbound,IN0309,B6T0000000932,E3,45120.0,50245.0,50397.0,152.0,5125.0,5277.0,3,9,64,浅位,否
2,2,inbound,IN0309,B6T0000000932,E3,45120.0,50543.0,50695.0,152.0,5423.0,5575.0,3,9,64,深位,否
2,2,inbound,IN0604,B6T0000001791,E1,50760.0,50841.0,50878.0,37.0,81.0,118.0,4,2,14,深位,否
2,2,inbound,IN0604,B6T0000001791,E1,50760.0,50909.0,50948.0,39.0,149.0,188.0,3,6,11,深位,否
2,2,inbound,IN0604,B6T0000001791,E1,50760.0,50981.0,51022.0,41.0,221.0,262.0,4,4,14,深位,否
2,2,inbound,IN0604,B6T0000001791,E1,50760.0,51057.0,51100.0,43.0,297.0,340.0,4,1,18,深位,否
2,2,inbound,IN0604,B6T0000001791,E1,50760.0,51137.0,51182.0,45.0,377.0,422.0,4,8,12,深位,否
2,2,inbound,IN0604,B6T0000001791,E1,50760.0,51221.0,51266.0,45.0,461.0,506.0,3,6,14,浅位,否
2,2,inbound,IN0604,B6T0000001791,E1,50760.0,51305.0,51350.0,45.0,545.0,590.0,3,6,14,深位,否
2,2,inbound,IN0604,B6T0000001791,E1,50760.0,51389.0,51434.0,45.0,629.0,674.0,4,6,14,浅位,否
2,2,inbound,IN0309,B6T0000000932,E3,45120.0,51473.0,51625.0,152.0,6353.0,6505.0,4,9,64,浅位,否
2,2,outbound,429,B6T0000000678,E3,51600.0,51923.0,52075.0,152.0,323.0,475.0,3,9,10,浅位,是
2,2,inbound,IN0309,B6T0000000932,E3,45120.0,51771.0,51923.0,152.0,6651.0,6803.0,4,9,64,深位,是
2,2,outbound,430,B6T0000000678,E3,51600.0,52119.0,52163.0,44.0,519.0,563.0,3,9,10,深位,是
2,2,inbound,IN0309,B6T0000000932,E3,45120.0,52075.0,52119.0,44.0,6955.0,6999.0,3,9,10,浅位,是
2,2,inbound,IN0309,B6T0000000932,E3,45120.0,52163.0,52207.0,44.0,7043.0,7087.0,3,9,10,深位,否
2,2,inbound,IN0309,B6T0000000932,E3,45120.0,52245.0,52397.0,152.0,7125.0,7277.0,3,14,54,浅位,否
2,2,inbound,IN0309,B6T0000000932,E3,45120.0,52543.0,52695.0,152.0,7423.0,7575.0,3,14,54,深位,否
2,2,outbound,2163,B6T0000001771,E1,52020.0,52995.0,53149.0,154.0,975.0,1129.0,3,5,12,浅位,是
2,2,inbound,IN0309,B6T0000000932,E3,45120.0,52841.0,52995.0,154.0,7721.0,7875.0,3,9,65,浅位,是
2,2,outbound,2164,B6T0000001771,E1,52020.0,53303.0,53457.0,154.0,1283.0,1437.0,3,5,12,深位,是
2,2,inbound,IN0309,B6T0000000932,E3,45120.0,53149.0,53303.0,154.0,8029.0,8183.0,3,9,65,深位,是
2,2,outbound,2162,B6T0000001771,E1,52020.0,53611.0,53765.0,154.0,1591.0,1745.0,4,5,12,浅位,是
2,2,inbound,IN0309,B6T0000000932,E3,45120.0,53457.0,53611.0,154.0,8337.0,8491.0,3,10,63,浅位,是
2,2,inbound,IN0309,B6T0000000932,E3,45120.0,53765.0,53919.0,154.0,8645.0,8799.0,3,10,63,深位,否
2,2,inbound,IN0309,B6T0000000932,E3,45120.0,54067.0,54221.0,154.0,8947.0,9101.0,3,11,61,浅位,否
2,2,outbound,655,B6T0000001698,E1,54180.0,54408.0,54459.0,51.0,228.0,279.0,4,8,1,浅位,是
2,2,inbound,IN0449,B6T0000001358,E1,54180.0,54369.0,54408.0,39.0,189.0,228.0,3,5,12,浅位,是
2,2,outbound,671,B6T0000001698,E1,54180.0,54482.0,54505.0,23.0,302.0,325.0,4,8,1,深位,是
2,2,inbound,IN0449,B6T0000001358,E1,54180.0,54459.0,54482.0,23.0,279.0,302.0,4,8,1,浅位,是
2,2,inbound,IN0449,B6T0000001358,E1,54180.0,54505.0,54528.0,23.0,325.0,348.0,4,8,1,深位,否
2,2,inbound,IN0309,B6T0000000932,E3,45120.0,54545.0,54699.0,154.0,9425.0,9579.0,3,11,61,深位,否
2,2,outbound,1567,B6T0000001553,E1,54600.0,55001.0,55155.0,154.0,401.0,555.0,4,2,8,浅位,是
2,2,inbound,IN0309,B6T0000000932,E3,45120.0,54847.0,55001.0,154.0,9727.0,9881.0,4,9,65,浅位,是
2,2,outbound,1568,B6T0000001553,E1,54600.0,55309.0,55463.0,154.0,709.0,863.0,4,2,8,深位,是
2,2,inbound,IN0126,B6T0000000365,E3,45600.0,55155.0,55309.0,154.0,9555.0,9709.0,4,9,65,深位,是
2,2,outbound,1935,B6T0000001937,E1,54360.0,55617.0,55771.0,154.0,1257.0,1411.0,3,8,8,浅位,是
2,2,inbound,IN0126,B6T0000000365,E3,45600.0,55463.0,55617.0,154.0,9863.0,10017.0,4,10,63,浅位,是
2,2,outbound,370,B6T0000001440,E1,55740.0,55951.5,56132.0,180.50000000000006,211.5,392.0,4,5,2,浅位,是
2,2,inbound,IN0016,B6T0000000050,E4,42840.0,55771.0,55951.5,180.50000000000009,12931.0,13111.5,3,43,10,浅位,是
2,2,outbound,367,B6T0000001440,E1,55740.0,56151.0,56170.0,19.0,411.0,430.0,4,5,2,深位,是
2,2,inbound,IN0622,B6T0000001843,E1,55980.0,56132.0,56151.0,19.0,152.0,171.0,4,5,2,浅位,是
2,2,outbound,1933,B6T0000001937,E1,54360.0,56189.0,56244.0,55.0,1829.0,1884.0,3,8,8,深位,是
2,2,inbound,IN0622,B6T0000001843,E1,55980.0,56170.0,56189.0,19.0,190.0,209.0,4,5,2,深位,是
2,2,inbound,IN0622,B6T0000001843,E1,55980.0,56244.0,56269.0,25.0,264.0,289.0,4,2,8,浅位,否
2,2,outbound,441,B6T0000000678,E3,56280.0,56313.0,56376.0,63.0,33.0,96.0,4,9,10,浅位,是
2,2,inbound,IN0622,B6T0000001843,E1,55980.0,56288.0,56313.0,25.0,308.0,333.0,4,2,8,深位,是
2,2,outbound,451,B6T0000000678,E3,56280.0,56413.0,56464.0,51.0,133.0,184.0,4,9,10,深位,是
2,2,inbound,IN0622,B6T0000001843,E1,55980.0,56376.0,56413.0,37.0,396.0,433.0,3,8,8,浅位,是
2,2,inbound,IN0016,B6T0000000050,E4,42840.0,56464.0,56644.5,180.50000000000009,13624.0,13804.5,3,43,10,深位,否
2,2,inbound,IN0016,B6T0000000050,E4,42840.0,56819.0,56999.5,180.50000000000009,13979.0,14159.5,4,43,10,浅位,否
2,2,inbound,IN0155,B6T0000000455,E3,56880.0,57174.0,57218.0,44.0,294.0,338.0,4,9,10,浅位,否
2,2,inbound,IN0155,B6T0000000455,E3,56880.0,57256.0,57300.0,44.0,376.0,420.0,4,9,10,深位,否
2,2,inbound,IN0155,B6T0000000455,E3,56880.0,57338.0,57492.0,154.0,458.0,612.0,4,10,63,深位,否
2,2,inbound,IN0155,B6T0000000455,E3,56880.0,57640.0,57794.0,154.0,760.0,914.0,4,11,61,浅位,否
2,2,inbound,IN0016,B6T0000000050,E4,42840.0,57942.0,58122.5,180.50000000000009,15102.0,15282.5,4,43,10,深位,否
2,2,inbound,IN0016,B6T0000000050,E4,42840.0,58297.0,58484.5,187.50000000000009,15457.0,15644.5,4,44,11,深位,否
2,2,inbound,IN0016,B6T0000000050,E4,42840.0,58666.0,58857.5,191.50000000000009,15826.0,16017.5,3,44,13,深位,否
2,2,inbound,IN0016,B6T0000000050,E4,42840.0,59043.0,59235.5,192.50000000000009,16203.0,16395.5,4,43,16,深位,否
2,2,inbound,IN0016,B6T0000000050,E4,42840.0,59422.0,59623.5,201.50000000000009,16582.0,16783.5,3,46,13,深位,否
2,2,outbound,1533,B6T0000000088,E4,55680.0,60027.5,60246.0,218.50000000000009,4347.5,4566.0,3,48,4,浅位,是
2,2,inbound,IN0016,B6T0000000050,E4,42840.0,59819.0,60027.5,208.50000000000009,16979.0,17187.5,3,47,14,深位,是
2,2,outbound,1530,B6T0000000088,E4,55680.0,60439.5,60633.0,193.50000000000009,4759.5,4953.0,3,48,4,深位,是
2,2,inbound,IN0016,B6T0000000050,E4,42840.0,60246.0,60439.5,193.50000000000009,17406.0,17599.5,3,48,4,浅位,是
2,2,outbound,1531,B6T0000000088,E4,55680.0,60826.5,61020.0,193.50000000000009,5146.5,5340.0,4,48,4,浅位,是
2,2,inbound,IN0016,B6T0000000050,E4,42840.0,60633.0,60826.5,193.50000000000009,17793.0,17986.5,3,48,4,深位,是
2,2,outbound,1539,B6T0000000088,E4,55680.0,61213.5,61407.0,193.50000000000009,5533.5,5727.0,4,48,4,深位,是
2,2,inbound,IN0016,B6T0000000050,E4,42840.0,61020.0,61213.5,193.50000000000009,18180.0,18373.5,4,48,4,浅位,是
2,2,inbound,IN0016,B6T0000000050,E4,42840.0,61407.0,61600.5,193.50000000000009,18567.0,18760.5,4,48,4,深位,否
2,2,inbound,IN0016,B6T0000000050,E4,42840.0,61788.0,62000.5,212.50000000000009,18948.0,19160.5,3,49,11,深位,否
2,2,inbound,IN0016,B6T0000000050,E4,42840.0,62207.0,62423.5,216.50000000000009,19367.0,19583.5,4,43,28,深位,否
2,2,inbound,IN0016,B6T0000000050,E4,42840.0,62634.0,62854.5,220.50000000000009,19794.0,20014.5,3,43,30,深位,否
2,2,inbound,IN0016,B6T0000000050,E4,42840.0,63069.0,63316.5,247.50000000000009,20229.0,20476.5,4,48,31,深位,否
2,2,inbound,IN0016,B6T0000000050,E4,42840.0,63558.0,63806.5,248.50000000000009,20718.0,20966.5,4,45,39,深位,否
2,2,inbound,IN0016,B6T0000000050,E4,42840.0,64049.0,64298.5,249.50000000000009,21209.0,21458.5,4,50,27,深位,否
2,2,inbound,IN0016,B6T0000000050,E4,42840.0,64542.0,64794.5,252.50000000000009,21702.0,21954.5,3,43,46,深位,否
2,2,inbound,IN0016,B6T0000000050,E4,42840.0,65041.0,65299.5,258.5000000000001,22201.0,22459.5,3,43,49,浅位,否
2,2,inbound,IN0016,B6T0000000050,E4,42840.0,65552.0,65810.5,258.5000000000001,22712.0,22970.5,3,43,49,深位,否
2,2,inbound,IN0016,B6T0000000050,E4,42840.0,66063.0,66321.5,258.5000000000001,23223.0,23481.5,4,43,49,浅位,否
2,2,inbound,IN0533,B6T0000001583,E1,84060.0,84060.0,84097.0,37.0,0.0,37.0,3,8,8,深位,否
2,2,inbound,IN0533,B6T0000001583,E1,84060.0,84128.0,84167.0,39.0,68.0,107.0,3,5,12,深位,否
2,2,inbound,IN0533,B6T0000001583,E1,84060.0,84200.0,84239.0,39.0,140.0,179.0,4,5,12,浅位,否
2,2,inbound,IN0561,B6T0000001665,E1,86940.0,86940.0,86985.0,45.0,0.0,45.0,4,6,14,深位,否
2,2,inbound,IN0561,B6T0000001665,E1,86940.0,87024.0,87071.0,47.0,84.0,131.0,3,5,16,深位,否
2,2,inbound,IN0561,B6T0000001665,E1,86940.0,87112.0,87165.0,53.0,172.0,225.0,4,3,21,深位,否
2,2,outbound,544,B6T0000001197,E3,87180.0,87267.0,87384.0,117.0,87.0,204.0,4,14,5,浅位,是
2,2,inbound,IN0561,B6T0000001665,E1,86940.0,87212.0,87267.0,55.0,272.0,327.0,3,4,21,深位,是
2,2,outbound,545,B6T0000001197,E3,87180.0,87438.0,87492.0,53.99999999999999,258.0,312.0,4,14,5,深位,是
2,2,inbound,IN0561,B6T0000001665,E1,86940.0,87384.0,87438.0,53.99999999999999,444.0,498.0,4,14,5,浅位,是
2,2,outbound,881,B6T0000000488,E3,87420.0,87546.0,87612.0,66.0,126.0,192.0,3,13,8,浅位,是
2,2,inbound,IN0561,B6T0000001665,E1,86940.0,87492.0,87546.0,53.99999999999999,552.0,606.0,4,14,5,深位,是
2,2,outbound,879,B6T0000000488,E3,87420.0,87668.0,87724.0,56.0,248.0,304.0,3,13,8,深位,是
2,2,inbound,IN0561,B6T0000001665,E1,86940.0,87612.0,87668.0,56.0,672.0,728.0,3,13,8,浅位,是
2,2,outbound,880,B6T0000000488,E3,87420.0,87780.0,87836.0,56.0,360.0,416.0,4,13,8,浅位,是
2,2,inbound,IN0561,B6T0000001665,E1,86940.0,87724.0,87780.0,56.0,784.0,840.0,3,13,8,深位,是
2,2,outbound,636,B6T0000000469,E3,87120.0,87892.0,87960.0,68.0,772.0,840.0,3,9,11,浅位,是
2,2,inbound,IN0561,B6T0000001665,E1,86940.0,87836.0,87892.0,56.0,896.0,952.0,4,13,8,浅位,是
2,2,outbound,2435,B6T0000001589,E1,87720.0,88006.0,88080.0,74.0,286.0,360.0,3,2,18,浅位,是
2,2,inbound,IN0561,B6T0000001665,E1,86940.0,87960.0,88006.0,46.0,1020.0,1066.0,3,9,11,浅位,是
2,2,outbound,2156,B6T0000001774,E1,87840.0,88125.0,88174.0,49.0,285.0,334.0,3,3,13,浅位,是
2,2,inbound,IN0561,B6T0000001665,E1,86940.0,88080.0,88125.0,45.0,1140.0,1185.0,3,2,18,浅位,是
2,2,outbound,2155,B6T0000001774,E1,87840.0,88211.0,88248.0,37.0,371.0,408.0,3,3,13,深位,是
2,2,inbound,IN0561,B6T0000001665,E1,86940.0,88174.0,88211.0,37.0,1234.0,1271.0,3,3,13,浅位,是
2,2,outbound,2159,B6T0000001774,E1,87840.0,88248.0,88316.0,68.0,408.0,476.0,4,3,13,浅位,否
2,2,outbound,2158,B6T0000001774,E1,87840.0,88316.0,88384.0,68.0,476.0,544.0,4,3,13,深位,否
2,2,outbound,2438,B6T0000001589,E1,87720.0,88384.0,88468.0,84.0,664.0,748.0,3,2,18,深位,否
2,2,outbound,2437,B6T0000001589,E1,87720.0,88468.0,88552.0,84.0,748.0,832.0,4,2,18,浅位,否
2,2,outbound,1689,B6T0000001375,E1,88320.0,88552.0,88600.0,48.0,232.0,280.0,3,2,9,浅位,否
2,2,outbound,1690,B6T0000001375,E1,88320.0,88600.0,88648.0,48.0,280.0,328.0,3,2,9,深位,否
2,2,outbound,1691,B6T0000001375,E1,88320.0,88648.0,88696.0,48.0,328.0,376.0,4,2,9,浅位,否
2,2,outbound,637,B6T0000000469,E3,87120.0,88696.0,88782.0,86.0,1576.0,1662.0,3,9,11,深位,否
2,2,outbound,882,B6T0000000488,E3,87420.0,88782.0,88888.0,106.0,1362.0,1468.0,4,13,8,深位,否
2,2,outbound,2911,B6T0000001900,E1,87300.0,88888.0,89016.0,128.0,1588.0,1716.0,4,4,27,浅位,否
2,2,outbound,2913,B6T0000001900,E1,87300.0,89016.0,89144.0,128.0,1716.0,1844.0,4,4,27,深位,否
2,2,outbound,178,B6T0000000932,E3,89040.0,89381.0,89455.0,74.0,341.0,415.0,3,9,8,浅位,否
2,2,outbound,177,B6T0000000932,E3,89040.0,89455.0,89529.0,74.0,415.0,489.0,3,9,8,深位,否
2,2,outbound,176,B6T0000000932,E3,89040.0,89529.0,89603.0,74.0,489.0,563.0,4,9,8,浅位,否
2,2,outbound,182,B6T0000000932,E3,89040.0,89603.0,89677.0,74.0,563.0,637.0,4,9,8,深位,否
2,2,inbound,IN0414,B6T0000001266,E3,90000.0,90000.0,90040.0,40.0,0.0,40.0,3,9,8,浅位,否
2,2,inbound,IN0414,B6T0000001266,E3,90000.0,90074.0,90114.0,40.0,74.0,114.0,3,9,8,深位,否
2,2,inbound,IN0414,B6T0000001266,E3,90000.0,90148.0,90188.0,40.0,148.0,188.0,4,9,8,浅位,否
2,2,outbound,398,B6T0000000471,E3,88740.0,90345.0,90455.0,110.0,1605.0,1715.0,3,17,1,浅位,否
2,2,outbound,401,B6T0000000471,E3,88740.0,90495.0,90599.0,104.0,1755.0,1859.0,3,17,1,深位,是
2,2,inbound,IN0335,B6T0000001035,E3,90360.0,90455.0,90495.0,40.0,95.0,135.0,4,9,8,深位,是
2,2,outbound,400,B6T0000000471,E3,88740.0,90645.0,90755.0,110.0,1905.0,2015.0,4,17,1,浅位,是
2,2,inbound,IN0335,B6T0000001035,E3,90360.0,90599.0,90645.0,46.0,239.0,285.0,3,9,11,深位,是
2,2,outbound,2987,B6T0000001732,E1,89520.0,90811.0,90947.0,136.0,1291.0,1427.0,3,5,28,浅位,是
2,2,inbound,IN0335,B6T0000001035,E3,90360.0,90755.0,90811.0,56.0,395.0,451.0,4,13,8,深位,是
2,2,inbound,IN0335,B6T0000001035,E3,90360.0,90947.0,91005.0,58.0,587.0,645.0,3,17,1,浅位,否
2,2,inbound,IN0335,B6T0000001035,E3,90360.0,91057.0,91115.0,58.0,697.0,755.0,3,17,1,深位,否
2,2,inbound,IN0335,B6T0000001035,E3,90360.0,91167.0,91225.0,58.0,807.0,865.0,4,17,1,浅位,否
2,2,inbound,IN0335,B6T0000001035,E3,90360.0,91277.0,91431.0,154.0,917.0,1071.0,4,11,61,深位,否
2,2,inbound,IN0335,B6T0000001035,E3,90360.0,91579.0,91733.0,154.0,1219.0,1373.0,4,24,35,深位,否
2,2,outbound,125,B6T0000000154,E4,87960.0,92805.0,93132.0,327.00000000000017,4845.0,5172.0,3,43,3,浅位,否
2,2,outbound,121,B6T0000000154,E4,87960.0,93132.0,93459.0,327.00000000000017,5172.0,5499.0,3,43,3,深位,否
2,2,outbound,114,B6T0000000154,E4,87960.0,93459.0,93786.0,327.00000000000017,5499.0,5826.0,4,43,3,浅位,否
2,2,outbound,115,B6T0000000154,E4,87960.0,93786.0,94113.0,327.00000000000017,5826.0,6153.0,4,43,3,深位,否
2,2,inbound,IN0599,B6T0000001777,E1,95100.0,95100.0,95127.0,27.0,0.0,27.0,3,2,9,浅位,否
2,2,inbound,IN0599,B6T0000001777,E1,95100.0,95148.0,95175.0,27.0,48.0,75.0,3,2,9,深位,否
2,2,inbound,IN0599,B6T0000001777,E1,95100.0,95196.0,95223.0,27.0,96.0,123.0,4,2,9,浅位,否
2,2,inbound,IN0599,B6T0000001777,E1,95100.0,95244.0,95281.0,37.0,144.0,181.0,3,3,13,深位,否
2,2,outbound,1380,B6T0000000104,E4,86820.0,95368.0,95719.0,351.00000000000017,8548.0,8899.0,3,43,9,浅位,否
2,2,outbound,1379,B6T0000000104,E4,86820.0,95719.0,96070.0,351.00000000000017,8899.0,9250.0,3,43,9,深位,否
2,2,outbound,1387,B6T0000000104,E4,86820.0,96070.0,96421.0,351.00000000000017,9250.0,9601.0,4,43,9,浅位,否
2,2,outbound,1378,B6T0000000104,E4,86820.0,96458.0,96794.0,336.00000000000017,9638.0,9974.0,4,43,9,深位,是
2,2,inbound,IN0592,B6T0000001763,E1,96180.0,96421.0,96458.0,37.0,241.0,278.0,4,3,13,浅位,是
2,2,inbound,IN0592,B6T0000001763,E1,96180.0,96794.0,96831.0,37.0,614.0,651.0,4,3,13,深位,否
2,2,inbound,IN0592,B6T0000001763,E1,96180.0,96862.0,96907.0,45.0,682.0,727.0,3,2,18,深位,否
2,2,inbound,IN0592,B6T0000001763,E1,96180.0,96946.0,96991.0,45.0,766.0,811.0,4,2,18,浅位,否
2,2,inbound,IN0642,B6T0000001943,E1,96480.0,97030.0,97087.0,57.0,550.0,607.0,4,4,22,深位,否
2,2,inbound,IN0642,B6T0000001943,E1,96480.0,97138.0,97197.0,59.0,658.0,717.0,4,1,26,浅位,否
2,2,inbound,IN0642,B6T0000001943,E1,96480.0,97250.0,97309.0,59.0,770.0,829.0,4,1,26,深位,否
2,2,outbound,2021,B6T0000000073,E4,92040.0,97423.0,97775.0,352.0000000000001,5383.0,5735.0,3,43,13,浅位,是
2,2,inbound,IN0642,B6T0000001943,E1,96480.0,97362.0,97423.0,61.0,882.0,943.0,4,5,23,深位,是
2,2,outbound,1412,B6T0000000408,E3,97380.0,97838.0,98019.0,181.00000000000006,458.0,639.0,4,23,3,浅位,是
2,2,inbound,IN0642,B6T0000001943,E1,96480.0,97775.0,97838.0,63.0,1295.0,1358.0,3,8,21,深位,是
2,2,outbound,1403,B6T0000000408,E3,97380.0,98084.0,98291.0,207.00000000000003,704.0,911.0,4,23,3,深位,是
2,2,inbound,IN0642,B6T0000001943,E1,96480.0,98019.0,98084.0,65.0,1539.0,1604.0,4,2,28,浅位,是
2,2,outbound,2025,B6T0000000073,E4,92040.0,98356.0,98724.0,368.0000000000001,6316.0,6684.0,3,43,13,深位,是
2,2,inbound,IN0642,B6T0000001943,E1,96480.0,98291.0,98356.0,65.0,1811.0,1876.0,4,2,28,深位,是
2,2,outbound,1313,B6T0000000836,E3,97740.0,98791.0,98904.0,113.0,1051.0,1164.0,3,12,14,浅位,是
2,2,inbound,IN0642,B6T0000001943,E1,96480.0,98724.0,98791.0,67.0,2244.0,2311.0,3,4,27,深位,是
2,2,outbound,1311,B6T0000000836,E3,97740.0,98904.0,99026.0,122.0,1164.0,1286.0,3,12,14,深位,否
2,2,outbound,1319,B6T0000000836,E3,97740.0,99026.0,99148.0,122.0,1286.0,1408.0,4,12,14,浅位,否
2,2,outbound,1309,B6T0000000836,E3,97740.0,99148.0,99270.0,122.0,1408.0,1530.0,4,12,14,深位,否
2,2,outbound,2028,B6T0000000073,E4,92040.0,99270.0,99637.0,367.00000000000017,7230.0,7597.0,4,43,13,浅位,否
2,2,outbound,2027,B6T0000000073,E4,92040.0,99637.0,100004.0,367.00000000000017,7597.0,7964.0,4,43,13,深位,否
2,2,inbound,IN0306,B6T0000000928,E3,104280.0,104280.0,104344.0,64.0,0.0,64.0,3,12,14,浅位,否
2,2,inbound,IN0306,B6T0000000928,E3,104280.0,104402.0,104466.0,64.0,122.0,186.0,3,12,14,深位,否
2,2,inbound,IN0306,B6T0000000928,E3,104280.0,104524.0,104588.0,64.0,244.0,308.0,4,12,14,浅位,否
2,2,inbound,IN0306,B6T0000000928,E3,104280.0,104646.0,104710.0,64.0,366.0,430.0,4,12,14,深位,否
2,2,inbound,IN0306,B6T0000000928,E3,104280.0,104768.0,104854.0,86.00000000000001,488.0,574.0,4,23,3,浅位,否
2,2,outbound,3117,B6T0000000362,E3,106020.0,106020.0,106250.0,230.0,0.0,230.0,4,14,37,浅位,否
2,2,outbound,3116,B6T0000000362,E3,106020.0,106250.0,106480.0,230.0,230.0,460.0,4,14,37,深位,否
2,2,outbound,1064,B6T0000001185,E3,106380.0,107797.0,107939.0,142.00000000000003,1417.0,1559.0,3,20,3,浅位,否
2,2,outbound,1065,B6T0000001185,E3,106380.0,107939.0,108081.0,142.00000000000003,1559.0,1701.0,3,20,3,深位,否
2,2,outbound,1066,B6T0000001185,E3,106380.0,108081.0,108223.0,142.00000000000003,1701.0,1843.0,4,20,3,浅位,否
2,2,outbound,1059,B6T0000001185,E3,106380.0,108223.0,108365.0,142.00000000000003,1843.0,1985.0,4,20,3,深位,否
2,2,outbound,2960,B6T0000001529,E1,110700.0,111095.0,111227.0,132.0,395.0,527.0,3,4,28,浅位,否
2,2,outbound,3138,B6T0000001659,E1,111660.0,111660.0,111808.0,148.0,0.0,148.0,3,1,35,浅位,否
2,2,outbound,3136,B6T0000001659,E1,111660.0,111808.0,111956.0,148.0,148.0,296.0,3,1,35,深位,否
2,2,outbound,3137,B6T0000001659,E1,111660.0,111956.0,112104.0,148.0,296.0,444.0,4,1,35,浅位,否
2,2,outbound,569,B6T0000001238,E3,113640.0,114087.0,114197.0,109.99999999999999,447.0,557.0,3,16,3,浅位,否
2,2,outbound,565,B6T0000001238,E3,113640.0,114197.0,114307.0,109.99999999999999,557.0,667.0,3,16,3,深位,否
2,2,outbound,568,B6T0000001238,E3,113640.0,114365.0,114423.0,57.99999999999999,725.0,783.0,4,16,3,浅位,是
2,2,inbound,IN0211,B6T0000000615,E3,114300.0,114307.0,114365.0,57.99999999999999,7.0,65.0,3,16,3,浅位,是
2,2,outbound,3078,B6T0000001763,E1,114420.0,114481.0,114579.0,98.0,61.0,159.0,4,3,13,浅位,是
2,2,inbound,IN0211,B6T0000000615,E3,114300.0,114423.0,114481.0,57.99999999999999,123.0,181.0,3,16,3,深位,是
2,2,outbound,3076,B6T0000001763,E1,114420.0,114637.0,114735.0,98.0,217.0,315.0,4,3,13,深位,是
2,2,inbound,IN0211,B6T0000000615,E3,114300.0,114579.0,114637.0,57.99999999999999,279.0,337.0,4,16,3,浅位,是
2,2,outbound,3077,B6T0000001763,E1,114420.0,114809.0,114943.0,134.0,389.0,523.0,3,2,18,深位,是
2,2,inbound,IN0211,B6T0000000615,E3,114300.0,114735.0,114809.0,74.00000000000001,435.0,509.0,3,20,3,浅位,是
2,2,outbound,567,B6T0000001238,E3,113640.0,115017.0,115091.0,74.0,1377.0,1451.0,4,16,3,深位,是
2,2,inbound,IN0211,B6T0000000615,E3,114300.0,114943.0,115017.0,74.00000000000001,643.0,717.0,3,20,3,深位,是
2,2,inbound,IN0211,B6T0000000615,E3,114300.0,115091.0,115149.0,57.99999999999999,791.0,849.0,4,16,3,深位,否
2,2,inbound,IN0211,B6T0000000615,E3,114300.0,115201.0,115275.0,74.00000000000001,901.0,975.0,4,20,3,浅位,否
2,2,inbound,IN0211,B6T0000000615,E3,114300.0,115343.0,115417.0,74.00000000000001,1043.0,1117.0,4,20,3,深位,否
2,2,inbound,IN0211,B6T0000000615,E3,114300.0,115485.0,115571.0,86.00000000000001,1185.0,1271.0,4,23,3,深位,否
2,2,inbound,IN0211,B6T0000000615,E3,114300.0,115651.0,115769.0,118.0,1351.0,1469.0,4,14,37,浅位,否
2,2,inbound,IN0211,B6T0000000615,E3,114300.0,115881.0,115999.0,118.0,1581.0,1699.0,4,14,37,深位,否
2,2,inbound,IN0211,B6T0000000615,E3,114300.0,116111.0,116265.0,154.00000000000006,1811.0,1965.0,3,34,15,深位,否
2,2,outbound,3373,B6T0000000224,E4,116400.0,116567.0,116906.0,339.0000000000001,167.0,506.0,4,49,28,浅位,是
2,2,inbound,IN0211,B6T0000000615,E3,114300.0,116413.0,116567.0,154.00000000000006,2113.0,2267.0,4,37,9,深位,是
2,2,outbound,3372,B6T0000000224,E4,116400.0,117062.0,117551.0,489.00000000000017,662.0,1151.0,4,49,28,深位,是
2,2,inbound,IN0211,B6T0000000615,E3,114300.0,116906.0,117062.0,156.0,2606.0,2762.0,3,9,66,浅位,是
2,2,inbound,IN0211,B6T0000000615,E3,114300.0,117551.0,117707.0,156.0,3251.0,3407.0,3,9,66,深位,否
2,2,inbound,IN0211,B6T0000000615,E3,114300.0,117857.0,118013.0,156.0,3557.0,3713.0,3,10,64,浅位,否
2,2,inbound,IN0211,B6T0000000615,E3,114300.0,118163.0,118319.0,156.0,3863.0,4019.0,3,10,64,深位,否
2,2,inbound,IN0211,B6T0000000615,E3,114300.0,118469.0,118625.0,156.0,4169.0,4325.0,3,11,62,浅位,否
2,2,outbound,3586,B6T0000001723,E1,118680.0,118931.0,119087.0,156.0,251.0,407.0,4,3,52,浅位,是
2,2,inbound,IN0211,B6T0000000615,E3,114300.0,118775.0,118931.0,156.0,4475.0,4631.0,3,11,62,深位,是
2,2,outbound,3587,B6T0000001723,E1,118680.0,119243.0,119399.0,156.0,563.0,719.0,4,3,52,深位,是
2,2,inbound,IN0211,B6T0000000615,E3,114300.0,119087.0,119243.0,156.0,4787.0,4943.0,3,12,60,浅位,是
2,2,inbound,IN0211,B6T0000000615,E3,114300.0,119399.0,119555.0,156.0,5099.0,5255.0,3,12,60,深位,否
2,2,inbound,IN0211,B6T0000000615,E3,114300.0,119705.0,119861.0,156.0,5405.0,5561.0,4,9,66,浅位,否
2,2,inbound,IN0211,B6T0000000615,E3,114300.0,120011.0,120167.0,156.0,5711.0,5867.0,4,9,66,深位,否
2,2,inbound,IN0211,B6T0000000615,E3,114300.0,120317.0,120473.0,156.0,6017.0,6173.0,4,10,64,浅位,否
2,2,inbound,IN0211,B6T0000000615,E3,114300.0,120623.0,120779.0,156.0,6323.0,6479.0,4,10,64,深位,否
2,2,inbound,IN0211,B6T0000000615,E3,114300.0,120929.0,121085.0,156.0,6629.0,6785.0,4,11,62,浅位,否
2,2,outbound,3730,B6T0000000456,E3,121140.0,121235.0,121637.0,402.0000000000001,95.0,497.0,4,37,34,浅位,否
2,2,outbound,3731,B6T0000000456,E3,121140.0,121637.0,122039.0,402.0000000000001,497.0,899.0,4,37,34,深位,否
2,2,inbound,IN0064,B6T0000000175,E4,122460.0,122460.0,122626.5,166.50000000000009,0.0,166.5,3,43,3,浅位,否
2,2,inbound,IN0064,B6T0000000175,E4,122460.0,122787.0,122953.5,166.50000000000009,327.0,493.5,3,43,3,深位,否
2,2,inbound,IN0064,B6T0000000175,E4,122460.0,123114.0,123280.5,166.50000000000009,654.0,820.5,4,43,3,浅位,否
2,2,inbound,IN0073,B6T0000000204,E4,122640.0,123441.0,123607.5,166.50000000000009,801.0,967.5,4,43,3,深位,否
2,2,inbound,IN0073,B6T0000000204,E4,122640.0,123768.0,123946.5,178.50000000000009,1128.0,1306.5,3,43,9,浅位,否
2,2,inbound,IN0073,B6T0000000204,E4,122640.0,124119.0,124297.5,178.50000000000009,1479.0,1657.5,3,43,9,深位,否
2,2,outbound,48,B6T0000001104,E3,123780.0,124648.5,124827.0,178.50000000000009,868.5,1047.0,3,9,4,浅位,是
2,2,inbound,IN0073,B6T0000000204,E4,122640.0,124470.0,124648.5,178.50000000000009,1830.0,2008.5,4,43,9,浅位,是
2,2,outbound,49,B6T0000001104,E3,123780.0,125005.5,125184.0,178.50000000000009,1225.5,1404.0,3,9,4,深位,是
2,2,inbound,IN0073,B6T0000000204,E4,122640.0,124827.0,125005.5,178.50000000000009,2187.0,2365.5,4,43,9,深位,是
2,2,outbound,50,B6T0000001104,E3,123780.0,125216.0,125248.0,31.999999999999996,1436.0,1468.0,4,9,4,浅位,是
2,2,inbound,IN0279,B6T0000000836,E3,124860.0,125184.0,125216.0,31.999999999999996,324.0,356.0,3,9,4,浅位,是
2,2,outbound,42,B6T0000001104,E3,123780.0,125280.0,125312.0,31.999999999999996,1500.0,1532.0,4,9,4,深位,是
2,2,inbound,IN0279,B6T0000000836,E3,124860.0,125248.0,125280.0,31.999999999999996,388.0,420.0,3,9,4,深位,是
2,2,inbound,IN0279,B6T0000000836,E3,124860.0,125312.0,125344.0,31.999999999999996,452.0,484.0,4,9,4,浅位,否
2,2,inbound,IN0279,B6T0000000836,E3,124860.0,125370.0,125402.0,31.999999999999996,510.0,542.0,4,9,4,深位,否
2,2,inbound,IN0279,B6T0000000836,E3,124860.0,125428.0,125584.0,156.0,568.0,724.0,4,11,62,深位,否
2,2,inbound,IN0279,B6T0000000836,E3,124860.0,125734.0,125890.0,156.0,874.0,1030.0,4,12,60,浅位,否
2,2,inbound,IN0279,B6T0000000836,E3,124860.0,126040.0,126196.0,156.0,1180.0,1336.0,4,12,60,深位,否
2,2,inbound,IN0279,B6T0000000836,E3,124860.0,126346.0,126502.0,156.00000000000003,1486.0,1642.0,3,30,24,深位,否
2,2,inbound,IN0279,B6T0000000836,E3,124860.0,126652.0,126810.0,158.0,1792.0,1950.0,3,9,67,浅位,否
2,2,inbound,IN0279,B6T0000000836,E3,124860.0,126962.0,127120.0,158.0,2102.0,2260.0,3,9,67,深位,否
2,2,inbound,IN0279,B6T0000000836,E3,124860.0,127272.0,127430.0,158.0,2412.0,2570.0,3,10,65,浅位,否
2,2,inbound,IN0279,B6T0000000836,E3,124860.0,127582.0,127740.0,158.0,2722.0,2880.0,3,10,65,深位,否
2,2,inbound,IN0279,B6T0000000836,E3,124860.0,127892.0,128050.0,158.0,3032.0,3190.0,3,11,63,浅位,否
2,2,inbound,IN0279,B6T0000000836,E3,124860.0,128202.0,128360.0,158.0,3342.0,3500.0,3,11,63,深位,否
2,2,inbound,IN0279,B6T0000000836,E3,124860.0,128512.0,128670.0,158.0,3652.0,3810.0,3,12,61,浅位,否
2,2,inbound,IN0279,B6T0000000836,E3,124860.0,128822.0,128980.0,158.0,3962.0,4120.0,3,12,61,深位,否
2,2,inbound,IN0279,B6T0000000836,E3,124860.0,129132.0,129290.0,158.0,4272.0,4430.0,3,13,59,浅位,否
2,2,inbound,IN0279,B6T0000000836,E3,124860.0,129442.0,129600.0,158.0,4582.0,4740.0,3,13,59,深位,否
2,2,outbound,1585,B6T0000001102,E3,127860.0,130599.0,130781.0,182.0,2739.0,2921.0,3,25,3,浅位,否
2,2,outbound,1586,B6T0000001102,E3,127860.0,130781.0,130963.0,182.0,2921.0,3103.0,3,25,3,深位,否
2,2,outbound,1587,B6T0000001102,E3,127860.0,130963.0,131145.0,182.0,3103.0,3285.0,4,25,3,浅位,否
2,2,outbound,1588,B6T0000001102,E3,127860.0,131145.0,131327.0,182.0,3285.0,3467.0,4,25,3,深位,否
2,2,outbound,1036,B6T0000001052,E3,130740.0,134400.0,134534.0,134.0,3660.0,3794.0,3,18,5,浅位,否
2,2,outbound,1037,B6T0000001052,E3,130740.0,134534.0,134668.0,134.0,3794.0,3928.0,3,18,5,深位,否
2,2,outbound,1038,B6T0000001052,E3,130740.0,134668.0,134802.0,134.0,3928.0,4062.0,4,18,5,浅位,否
2,2,outbound,1041,B6T0000001052,E3,130740.0,134802.0,134936.0,134.0,4062.0,4196.0,4,18,5,深位,否
2,2,inbound,IN0572,B6T0000001698,E1,139920.0,139920.0,139957.0,37.0,0.0,37.0,4,3,13,浅位,否
2,2,inbound,IN0572,B6T0000001698,E1,139920.0,139988.0,140025.0,37.0,68.0,105.0,4,3,13,深位,否
2,2,inbound,IN0572,B6T0000001698,E1,139920.0,140056.0,140101.0,45.0,136.0,181.0,3,2,18,深位,否
2,2,inbound,IN0572,B6T0000001698,E1,139920.0,140140.0,140207.0,67.0,220.0,287.0,4,1,30,深位,否
2,2,inbound,IN0572,B6T0000001698,E1,139920.0,140268.0,140335.0,67.0,348.0,415.0,4,4,27,浅位,否
2,2,inbound,IN0572,B6T0000001698,E1,139920.0,140396.0,140463.0,67.0,476.0,543.0,4,4,27,深位,否
2,2,inbound,IN0572,B6T0000001698,E1,139920.0,140524.0,140591.0,67.0,604.0,671.0,4,7,24,深位,否
2,2,outbound,1918,B6T0000001647,E1,140580.0,140721.0,140798.0,77.0,141.0,218.0,4,6,9,浅位,是
2,2,inbound,IN0572,B6T0000001698,E1,139920.0,140652.0,140721.0,69.0,732.0,801.0,3,4,28,浅位,是
2,2,outbound,1919,B6T0000001647,E1,140580.0,140833.0,140868.0,35.0,253.0,288.0,4,6,9,深位,是
2,2,inbound,IN0572,B6T0000001698,E1,139920.0,140798.0,140833.0,35.0,878.0,913.0,4,6,9,浅位,是
2,2,inbound,IN0572,B6T0000001698,E1,139920.0,140868.0,140903.0,35.0,948.0,983.0,4,6,9,深位,否
2,2,inbound,IN0572,B6T0000001698,E1,139920.0,140932.0,141002.0,70.0,1012.0,1082.0,3,18,5,浅位,否
2,2,inbound,IN0572,B6T0000001698,E1,139920.0,141066.0,141136.0,70.0,1146.0,1216.0,3,18,5,深位,否
2,2,inbound,IN0572,B6T0000001698,E1,139920.0,141200.0,141270.0,70.0,1280.0,1350.0,4,18,5,浅位,否
2,2,inbound,IN0572,B6T0000001698,E1,139920.0,141334.0,141404.0,70.0,1414.0,1484.0,4,18,5,深位,否
2,2,inbound,IN0572,B6T0000001698,E1,139920.0,141468.0,141539.0,71.0,1548.0,1619.0,3,5,28,浅位,否
2,2,inbound,IN0572,B6T0000001698,E1,139920.0,141604.0,141681.0,77.0,1684.0,1761.0,4,5,31,深位,否
2,2,inbound,IN0572,B6T0000001698,E1,139920.0,141752.0,141829.0,77.0,1832.0,1909.0,4,8,28,深位,否
2,2,inbound,IN0572,B6T0000001698,E1,139920.0,141900.0,141977.0,77.0,1980.0,2057.0,3,1,35,浅位,否
2,2,outbound,559,B6T0000001827,E1,140580.0,142125.0,142214.0,89.0,1545.0,1634.0,3,4,3,浅位,是
2,2,inbound,IN0572,B6T0000001698,E1,139920.0,142048.0,142125.0,77.0,2128.0,2205.0,3,1,35,深位,是
2,2,outbound,554,B6T0000001827,E1,140580.0,142233.0,142252.0,19.0,1653.0,1672.0,3,4,3,深位,是
2,2,inbound,IN0572,B6T0000001698,E1,139920.0,142214.0,142233.0,19.0,2294.0,2313.0,3,4,3,浅位,是
2,2,outbound,553,B6T0000001827,E1,140580.0,142271.0,142290.0,19.0,1691.0,1710.0,4,4,3,浅位,是
2,2,inbound,IN0572,B6T0000001698,E1,139920.0,142252.0,142271.0,19.0,2332.0,2351.0,3,4,3,深位,是
2,2,inbound,IN0572,B6T0000001698,E1,139920.0,142290.0,142309.0,19.0,2370.0,2389.0,4,4,3,浅位,否
2,2,inbound,IN0572,B6T0000001698,E1,139920.0,142322.0,142399.0,77.0,2402.0,2479.0,4,1,35,浅位,否
2,2,inbound,IN0572,B6T0000001698,E1,139920.0,142470.0,142549.0,79.0,2550.0,2629.0,3,6,31,浅位,否
2,2,inbound,IN0572,B6T0000001698,E1,139920.0,142622.0,142701.0,79.0,2702.0,2781.0,3,6,31,深位,否
2,2,outbound,3464,B6T0000000668,E3,142680.0,142853.0,143078.0,225.0,173.0,398.0,4,20,42,浅位,是
2,2,inbound,IN0572,B6T0000001698,E1,139920.0,142774.0,142853.0,79.0,2854.0,2933.0,4,6,31,浅位,是
2,2,outbound,3465,B6T0000000668,E3,142680.0,143159.0,143382.0,223.0,479.0,702.0,4,20,42,深位,是
2,2,inbound,IN0572,B6T0000001698,E1,139920.0,143078.0,143159.0,81.0,3158.0,3239.0,4,5,33,深位,是
2,2,outbound,3413,B6T0000000776,E3,142860.0,143465.0,143802.0,337.0000000000001,605.0,942.0,3,37,23,浅位,是
2,2,inbound,IN0572,B6T0000001698,E1,139920.0,143382.0,143465.0,83.0,3462.0,3545.0,4,2,37,深位,是
2,2,outbound,3412,B6T0000000776,E3,142860.0,143891.0,144238.0,347.0000000000001,1031.0,1378.0,3,37,23,深位,是
2,2,inbound,IN0572,B6T0000001698,E1,139920.0,143802.0,143891.0,89.0,3882.0,3971.0,3,1,41,深位,是
2,2,inbound,IN0572,B6T0000001698,E1,139920.0,144238.0,144327.0,89.0,4318.0,4407.0,3,5,37,深位,否
2,2,outbound,2404,B6T0000001888,E1,142980.0,145468.0,145548.0,80.0,2488.0,2568.0,3,1,18,浅位,否
2,2,outbound,2856,B6T0000000686,E3,140640.0,148091.0,148317.0,226.0,7451.0,7677.0,3,18,28,浅位,否
2,2,outbound,2857,B6T0000000686,E3,140640.0,148317.0,148543.0,226.0,7677.0,7903.0,3,18,28,深位,否
2,2,outbound,75,B6T0000000261,E4,143520.0,150146.0,150465.0,319.00000000000017,6626.0,6945.0,3,43,1,浅位,否
2,2,outbound,69,B6T0000000261,E4,143520.0,150465.0,150784.0,319.00000000000017,6945.0,7264.0,3,43,1,深位,否
2,2,outbound,76,B6T0000000261,E4,143520.0,150784.0,151103.0,319.00000000000017,7264.0,7583.0,4,43,1,浅位,否
2,2,outbound,77,B6T0000000261,E4,143520.0,151103.0,151422.0,319.00000000000017,7583.0,7902.0,4,43,1,深位,否
2,2,inbound,IN0232,B6T0000000678,E3,169680.0,169680.0,169774.0,94.0,0.0,94.0,3,25,3,浅位,否
2,2,inbound,IN0232,B6T0000000678,E3,169680.0,169862.0,169956.0,94.0,182.0,276.0,3,25,3,深位,否
2,2,inbound,IN0232,B6T0000000678,E3,169680.0,170044.0,170138.0,94.0,364.0,458.0,4,25,3,浅位,否
2,2,inbound,IN0232,B6T0000000678,E3,169680.0,170226.0,170320.0,94.0,546.0,640.0,4,25,3,深位,否
2,2,inbound,IN0232,B6T0000000678,E3,169680.0,170408.0,170524.0,116.0,728.0,844.0,3,18,28,浅位,否
2,2,inbound,IN0654,B6T0000001973,E1,170460.0,170634.0,170677.0,43.0,174.0,217.0,3,1,18,浅位,否
2,2,inbound,IN0654,B6T0000001973,E1,170460.0,170714.0,170805.0,91.0,254.0,345.0,4,8,35,深位,否
2,2,inbound,IN0654,B6T0000001973,E1,170460.0,170890.0,170993.0,103.0,430.0,533.0,3,4,45,深位,否
2,2,inbound,IN0654,B6T0000001973,E1,170460.0,171090.0,171195.0,105.00000000000001,630.0,735.0,3,2,48,深位,否
2,2,inbound,IN0232,B6T0000000678,E3,169680.0,171294.0,171410.0,116.0,1614.0,1730.0,3,18,28,深位,否
2,2,inbound,IN0232,B6T0000000678,E3,169680.0,171520.0,171672.0,152.0,1840.0,1992.0,4,20,42,浅位,否
2,2,inbound,IN0232,B6T0000000678,E3,169680.0,171818.0,171970.0,152.0,2138.0,2290.0,4,20,42,深位,否
2,2,inbound,IN0232,B6T0000000678,E3,169680.0,172116.0,172274.0,158.0,2436.0,2594.0,4,9,67,浅位,否
2,2,inbound,IN0232,B6T0000000678,E3,169680.0,172426.0,172584.0,158.0,2746.0,2904.0,4,9,67,深位,否
2,2,inbound,IN0232,B6T0000000678,E3,169680.0,172736.0,172894.0,158.0,3056.0,3214.0,4,10,65,浅位,否
2,2,inbound,IN0232,B6T0000000678,E3,169680.0,173046.0,173204.0,158.0,3366.0,3524.0,4,10,65,深位,否
2,2,inbound,IN0232,B6T0000000678,E3,169680.0,173356.0,173514.0,158.0,3676.0,3834.0,4,11,63,浅位,否
2,2,inbound,IN0232,B6T0000000678,E3,169680.0,173666.0,173824.0,158.0,3986.0,4144.0,4,11,63,深位,否
2,2,inbound,IN0232,B6T0000000678,E3,169680.0,173976.0,174134.0,158.0,4296.0,4454.0,4,12,61,浅位,否
2,2,outbound,756,B6T0000000843,E3,174120.0,174444.0,174626.0,182.0,324.0,506.0,3,15,5,浅位,是
2,2,inbound,IN0232,B6T0000000678,E3,169680.0,174286.0,174444.0,158.0,4606.0,4764.0,4,12,61,深位,是
2,2,outbound,757,B6T0000000843,E3,174120.0,174684.0,174742.0,57.99999999999999,564.0,622.0,3,15,5,深位,是
2,2,inbound,IN0232,B6T0000000678,E3,169680.0,174626.0,174684.0,57.99999999999999,4946.0,5004.0,3,15,5,浅位,是
2,2,outbound,758,B6T0000000843,E3,174120.0,174800.0,174858.0,57.99999999999999,680.0,738.0,4,15,5,浅位,是
2,2,inbound,IN0232,B6T0000000678,E3,169680.0,174742.0,174800.0,57.99999999999999,5062.0,5120.0,3,15,5,深位,是
2,2,outbound,759,B6T0000000843,E3,174120.0,174916.0,174974.0,57.99999999999999,796.0,854.0,4,15,5,深位,是
2,2,inbound,IN0232,B6T0000000678,E3,169680.0,174858.0,174916.0,57.99999999999999,5178.0,5236.0,4,15,5,浅位,是
2,2,inbound,IN0232,B6T0000000678,E3,169680.0,174974.0,175032.0,57.99999999999999,5294.0,5352.0,4,15,5,深位,否
2,2,inbound,IN0232,B6T0000000678,E3,169680.0,175084.0,175242.0,158.0,5404.0,5562.0,4,13,59,浅位,否
2,2,inbound,IN0232,B6T0000000678,E3,169680.0,175394.0,175552.0,158.0,5714.0,5872.0,4,13,59,深位,否
2,2,outbound,2519,B6T0000001724,E1,174960.0,175864.0,176024.0,160.0,904.0,1064.0,3,1,20,浅位,是
2,2,inbound,IN0232,B6T0000000678,E3,169680.0,175704.0,175864.0,160.0,6024.0,6184.0,3,9,68,浅位,是
2,2,outbound,477,B6T0000001382,E1,175680.0,176184.0,176344.0,160.0,504.0,664.0,3,2,4,浅位,是
2,2,inbound,IN0232,B6T0000000678,E3,169680.0,176024.0,176184.0,160.0,6344.0,6504.0,3,9,68,深位,是
2,2,outbound,473,B6T0000001382,E1,175680.0,176504.0,176664.0,160.0,824.0,984.0,3,2,4,深位,是
2,2,inbound,IN0232,B6T0000000678,E3,169680.0,176344.0,176504.0,160.0,6664.0,6824.0,3,10,66,浅位,是
2,2,outbound,476,B6T0000001382,E1,175680.0,176824.0,176984.0,160.0,1144.0,1304.0,4,2,4,浅位,是
2,2,inbound,IN0232,B6T0000000678,E3,169680.0,176664.0,176824.0,160.0,6984.0,7144.0,3,10,66,深位,是
2,2,outbound,475,B6T0000001382,E1,175680.0,177144.0,177304.0,160.0,1464.0,1624.0,4,2,4,深位,是
2,2,inbound,IN0232,B6T0000000678,E3,169680.0,176984.0,177144.0,160.0,7304.0,7464.0,3,11,64,浅位,是
2,2,outbound,1734,B6T0000001429,E1,175560.0,177464.0,177624.0,160.0,1904.0,2064.0,3,1,10,浅位,是
2,2,inbound,IN0232,B6T0000000678,E3,169680.0,177304.0,177464.0,160.0,7624.0,7784.0,3,11,64,深位,是
2,2,outbound,1733,B6T0000001429,E1,175560.0,177784.0,177944.0,160.0,2224.0,2384.0,3,1,10,深位,是
2,2,inbound,IN0232,B6T0000000678,E3,169680.0,177624.0,177784.0,160.0,7944.0,8104.0,3,12,62,浅位,是
2,2,outbound,1731,B6T0000001429,E1,175560.0,178104.0,178264.0,160.0,2544.0,2704.0,4,1,10,浅位,是
2,2,inbound,IN0232,B6T0000000678,E3,169680.0,177944.0,178104.0,160.0,8264.0,8424.0,3,12,62,深位,是
2,2,outbound,1730,B6T0000001429,E1,175560.0,178424.0,178584.0,160.0,2864.0,3024.0,4,1,10,深位,是
2,2,inbound,IN0232,B6T0000000678,E3,169680.0,178264.0,178424.0,160.0,8584.0,8744.0,3,13,60,浅位,是
2,2,outbound,1297,B6T0000000996,E3,174420.0,178744.0,178904.0,160.0,4324.0,4484.0,3,9,17,浅位,是
2,2,inbound,IN0232,B6T0000000678,E3,169680.0,178584.0,178744.0,160.0,8904.0,9064.0,3,13,60,深位,是
2,2,outbound,1298,B6T0000000996,E3,174420.0,178921.0,179020.0,99.0,4501.0,4600.0,3,9,17,深位,是
2,2,inbound,IN0580,B6T0000001724,E1,178740.0,178904.0,178921.0,17.0,164.0,181.0,3,2,4,浅位,是
2,2,outbound,1303,B6T0000000996,E3,174420.0,179037.0,179136.0,99.0,4617.0,4716.0,4,9,17,浅位,是
2,2,inbound,IN0580,B6T0000001724,E1,178740.0,179020.0,179037.0,17.0,280.0,297.0,3,2,4,深位,是
2,2,outbound,1300,B6T0000000996,E3,174420.0,179153.0,179252.0,99.0,4733.0,4832.0,4,9,17,深位,是
2,2,inbound,IN0580,B6T0000001724,E1,178740.0,179136.0,179153.0,17.0,396.0,413.0,4,2,4,浅位,是
2,2,outbound,1183,B6T0000001103,E3,175020.0,179269.0,179412.0,143.00000000000003,4249.0,4392.0,3,21,3,浅位,是
2,2,inbound,IN0580,B6T0000001724,E1,178740.0,179252.0,179269.0,17.0,512.0,529.0,4,2,4,深位,是
2,2,outbound,1184,B6T0000001103,E3,175020.0,179439.0,179596.0,157.00000000000003,4419.0,4576.0,3,21,3,深位,是
2,2,inbound,IN0580,B6T0000001724,E1,178740.0,179412.0,179439.0,27.0,672.0,699.0,3,1,10,浅位,是
2,2,outbound,1182,B6T0000001103,E3,175020.0,179623.0,179780.0,157.00000000000003,4603.0,4760.0,4,21,3,浅位,是
2,2,inbound,IN0580,B6T0000001724,E1,178740.0,179596.0,179623.0,27.0,856.0,883.0,3,1,10,深位,是
2,2,outbound,1189,B6T0000001103,E3,175020.0,179807.0,179964.0,157.00000000000003,4787.0,4944.0,4,21,3,深位,是
2,2,inbound,IN0580,B6T0000001724,E1,178740.0,179780.0,179807.0,27.0,1040.0,1067.0,4,1,10,浅位,是
2,2,outbound,1783,B6T0000001122,E3,173760.0,179991.0,180172.0,181.00000000000006,6231.0,6412.0,3,24,6,浅位,是
2,2,inbound,IN0589,B6T0000001749,E1,178860.0,179964.0,179991.0,27.0,1104.0,1131.0,4,1,10,深位,是
2,2,outbound,1781,B6T0000001122,E3,173760.0,180219.0,180420.0,201.00000000000006,6459.0,6660.0,3,24,6,深位,是
2,2,inbound,IN0589,B6T0000001749,E1,178860.0,180172.0,180219.0,47.0,1312.0,1359.0,3,1,20,浅位,是
2,2,outbound,1777,B6T0000001122,E3,173760.0,180478.0,180656.0,178.00000000000006,6718.0,6896.0,4,24,6,浅位,是
2,2,inbound,IN0589,B6T0000001749,E1,178860.0,180420.0,180478.0,58.0,1560.0,1618.0,3,9,17,浅位,是
2,2,outbound,3241,B6T0000001498,E1,180540.0,180714.0,180856.0,142.0,174.0,316.0,3,3,38,浅位,是
2,2,inbound,IN0232,B6T0000000678,E3,169680.0,180656.0,180714.0,58.0,10976.0,11034.0,3,9,17,深位,是
2,2,outbound,3240,B6T0000001498,E1,180540.0,180914.0,181056.0,142.0,374.0,516.0,3,3,38,深位,是
2,2,inbound,IN0232,B6T0000000678,E3,169680.0,180856.0,180914.0,58.0,11176.0,11234.0,4,9,17,浅位,是
2,2,outbound,1779,B6T0000001122,E3,173760.0,181114.0,181292.0,178.00000000000006,7354.0,7532.0,4,24,6,深位,是
2,2,inbound,IN0232,B6T0000000678,E3,169680.0,181056.0,181114.0,58.0,11376.0,11434.0,4,9,17,深位,是
2,2,outbound,1915,B6T0000000403,E3,174000.0,181370.0,181512.0,142.00000000000003,7370.0,7512.0,3,29,3,浅位,是
2,2,inbound,IN0232,B6T0000000678,E3,169680.0,181292.0,181370.0,78.00000000000001,11612.0,11690.0,3,21,3,浅位,是
2,2,outbound,795,B6T0000000540,E3,181380.0,181590.0,181704.0,114.00000000000001,210.0,324.0,3,9,12,浅位,是
2,2,inbound,IN0232,B6T0000000678,E3,169680.0,181512.0,181590.0,78.00000000000001,11832.0,11910.0,3,21,3,深位,是
2,2,outbound,791,B6T0000000540,E3,181380.0,181752.0,181800.0,48.0,372.0,420.0,3,9,12,深位,是
2,2,inbound,IN0232,B6T0000000678,E3,169680.0,181704.0,181752.0,48.0,12024.0,12072.0,3,9,12,浅位,是
2,2,outbound,792,B6T0000000540,E3,181380.0,181848.0,181896.0,48.0,468.0,516.0,4,9,12,浅位,是
2,2,inbound,IN0232,B6T0000000678,E3,169680.0,181800.0,181848.0,48.0,12120.0,12168.0,3,9,12,深位,是
2,2,outbound,793,B6T0000000540,E3,181380.0,181944.0,181992.0,48.0,564.0,612.0,4,9,12,深位,是
2,2,inbound,IN0232,B6T0000000678,E3,169680.0,181896.0,181944.0,48.0,12216.0,12264.0,4,9,12,浅位,是
2,2,outbound,1916,B6T0000000403,E3,174000.0,182040.0,182248.0,208.00000000000006,8040.0,8248.0,3,29,3,深位,是
2,2,inbound,IN0232,B6T0000000678,E3,169680.0,181992.0,182040.0,48.0,12312.0,12360.0,4,9,12,深位,是
2,2,outbound,3568,B6T0000001417,E1,175560.0,182326.0,182588.0,262.0,6766.0,7028.0,3,6,49,浅位,是
2,2,inbound,IN0232,B6T0000000678,E3,169680.0,182248.0,182326.0,78.00000000000001,12568.0,12646.0,4,21,3,浅位,是
2,2,outbound,3569,B6T0000001417,E1,175560.0,182666.0,182928.0,262.0,7106.0,7368.0,3,6,49,深位,是
2,2,inbound,IN0232,B6T0000000678,E3,169680.0,182588.0,182666.0,78.00000000000001,12908.0,12986.0,4,21,3,深位,是
2,2,inbound,IN0232,B6T0000000678,E3,169680.0,182928.0,183024.0,96.00000000000001,13248.0,13344.0,3,24,6,浅位,否
2,2,inbound,IN0232,B6T0000000678,E3,169680.0,183114.0,183210.0,96.00000000000001,13434.0,13530.0,3,24,6,深位,否
2,2,inbound,IN0232,B6T0000000678,E3,169680.0,183300.0,183396.0,96.00000000000001,13620.0,13716.0,4,24,6,浅位,否
2,2,inbound,IN0232,B6T0000000678,E3,169680.0,183486.0,183582.0,96.00000000000001,13806.0,13902.0,4,24,6,深位,否
2,2,inbound,IN0359,B6T0000001104,E3,169680.0,183672.0,183782.0,110.00000000000001,13992.0,14102.0,3,29,3,浅位,否
2,2,inbound,IN0359,B6T0000001104,E3,169680.0,183886.0,183996.0,110.00000000000001,14206.0,14316.0,3,29,3,深位,否
2,2,inbound,IN0359,B6T0000001104,E3,169680.0,184100.0,184260.0,160.0,14420.0,14580.0,3,14,58,浅位,否
2,2,inbound,IN0359,B6T0000001104,E3,169680.0,184414.0,184574.0,160.0,14734.0,14894.0,3,14,58,深位,否
2,2,inbound,IN0359,B6T0000001104,E3,169680.0,184728.0,184888.0,160.0,15048.0,15208.0,4,9,68,浅位,否
2,2,inbound,IN0359,B6T0000001104,E3,169680.0,185042.0,185202.0,160.0,15362.0,15522.0,4,9,68,深位,否
2,2,inbound,IN0359,B6T0000001104,E3,169680.0,185356.0,185516.0,160.0,15676.0,15836.0,4,10,66,浅位,否
2,2,inbound,IN0359,B6T0000001104,E3,169680.0,185670.0,185830.0,160.0,15990.0,16150.0,4,10,66,深位,否
2,2,inbound,IN0359,B6T0000001104,E3,169680.0,185984.0,186144.0,160.0,16304.0,16464.0,4,11,64,浅位,否
2,2,inbound,IN0359,B6T0000001104,E3,169680.0,186298.0,186458.0,160.0,16618.0,16778.0,4,11,64,深位,否
2,2,inbound,IN0359,B6T0000001104,E3,169680.0,186612.0,186772.0,160.0,16932.0,17092.0,4,12,62,浅位,否
2,2,inbound,IN0359,B6T0000001104,E3,169680.0,186926.0,187086.0,160.0,17246.0,17406.0,4,12,62,深位,否
2,2,inbound,IN0359,B6T0000001104,E3,169680.0,187240.0,187400.0,160.0,17560.0,17720.0,4,13,60,浅位,否
2,2,inbound,IN0359,B6T0000001104,E3,169680.0,187554.0,187714.0,160.0,17874.0,18034.0,4,13,60,深位,否
2,2,inbound,IN0359,B6T0000001104,E3,169680.0,187868.0,188028.0,160.0,18188.0,18348.0,4,14,58,浅位,否
2,2,inbound,IN0359,B6T0000001104,E3,169680.0,188182.0,188342.0,160.0,18502.0,18662.0,4,14,58,深位,否
2,2,inbound,IN0359,B6T0000001104,E3,169680.0,188496.0,188656.0,160.00000000000003,18816.0,18976.0,3,32,22,浅位,否
2,2,inbound,IN0359,B6T0000001104,E3,169680.0,188810.0,188970.0,160.00000000000003,19130.0,19290.0,3,32,22,深位,否
2,2,inbound,IN0359,B6T0000001104,E3,169680.0,189124.0,189286.0,162.0,19444.0,19606.0,3,10,67,浅位,否
2,2,inbound,IN0359,B6T0000001104,E3,169680.0,189442.0,189604.0,162.0,19762.0,19924.0,3,10,67,深位,否
2,2,outbound,1426,B6T0000000947,E3,188580.0,189922.0,190100.0,178.0,1342.0,1520.0,3,13,14,浅位,是
2,2,inbound,IN0359,B6T0000001104,E3,169680.0,189760.0,189922.0,162.0,20080.0,20242.0,3,11,65,浅位,是
2,2,outbound,1422,B6T0000000947,E3,188580.0,190168.0,190236.0,68.0,1588.0,1656.0,3,13,14,深位,是
2,2,inbound,IN0359,B6T0000001104,E3,169680.0,190100.0,190168.0,68.0,20420.0,20488.0,3,13,14,浅位,是
2,2,outbound,1420,B6T0000000947,E3,188580.0,190304.0,190372.0,68.0,1724.0,1792.0,4,13,14,浅位,是
2,2,inbound,IN0359,B6T0000001104,E3,169680.0,190236.0,190304.0,68.0,20556.0,20624.0,3,13,14,深位,是
2,2,outbound,1419,B6T0000000947,E3,188580.0,190440.0,190508.0,68.0,1860.0,1928.0,4,13,14,深位,是
2,2,inbound,IN0359,B6T0000001104,E3,169680.0,190372.0,190440.0,68.0,20692.0,20760.0,4,13,14,浅位,是
2,2,inbound,IN0359,B6T0000001104,E3,169680.0,190508.0,190576.0,68.0,20828.0,20896.0,4,13,14,深位,否
2,2,inbound,IN0359,B6T0000001104,E3,169680.0,190638.0,190800.0,162.0,20958.0,21120.0,3,11,65,深位,否
2,2,inbound,IN0359,B6T0000001104,E3,169680.0,190956.0,191118.0,162.0,21276.0,21438.0,3,12,63,浅位,否
2,2,inbound,IN0359,B6T0000001104,E3,169680.0,191274.0,191436.0,162.0,21594.0,21756.0,3,12,63,深位,否
2,2,inbound,IN0359,B6T0000001104,E3,169680.0,191592.0,191754.0,162.0,21912.0,22074.0,3,13,61,浅位,否
2,2,outbound,196,B6T0000000932,E3,190380.0,192072.0,192234.0,162.0,1692.0,1854.0,3,9,10,浅位,是
2,2,inbound,IN0359,B6T0000001104,E3,169680.0,191910.0,192072.0,162.0,22230.0,22392.0,3,13,61,深位,是
2,2,outbound,197,B6T0000000932,E3,190380.0,192278.0,192322.0,44.0,1898.0,1942.0,3,9,10,深位,是
2,2,inbound,IN0359,B6T0000001104,E3,169680.0,192234.0,192278.0,44.0,22554.0,22598.0,3,9,10,浅位,是
2,2,inbound,IN0359,B6T0000001104,E3,169680.0,192322.0,192366.0,44.0,22642.0,22686.0,3,9,10,深位,否
2,2,inbound,IN0359,B6T0000001104,E3,169680.0,192404.0,192566.0,162.0,22724.0,22886.0,3,14,59,浅位,否
2,2,inbound,IN0359,B6T0000001104,E3,169680.0,192722.0,192884.0,162.0,23042.0,23204.0,3,14,59,深位,否
2,2,inbound,IN0359,B6T0000001104,E3,169680.0,193040.0,193202.0,162.0,23360.0,23522.0,3,15,57,浅位,否
2,2,inbound,IN0359,B6T0000001104,E3,169680.0,193358.0,193520.0,162.0,23678.0,23840.0,3,15,57,深位,否
2,2,inbound,IN0359,B6T0000001104,E3,169680.0,193676.0,193838.0,162.0,23996.0,24158.0,3,23,41,深位,否
2,2,inbound,IN0256,B6T0000000747,E3,169800.0,193994.0,194156.0,162.0,24194.0,24356.0,4,10,67,浅位,否
2,2,inbound,IN0256,B6T0000000747,E3,169800.0,194312.0,194474.0,162.0,24512.0,24674.0,4,10,67,深位,否
2,2,inbound,IN0256,B6T0000000747,E3,169800.0,194630.0,194792.0,162.0,24830.0,24992.0,4,11,65,浅位,否
2,2,outbound,2731,B6T0000001922,E1,194640.0,195110.0,195272.0,162.0,470.0,632.0,4,8,21,浅位,是
2,2,inbound,IN0256,B6T0000000747,E3,169800.0,194948.0,195110.0,162.0,25148.0,25310.0,4,11,65,深位,是
2,2,outbound,2730,B6T0000001922,E1,194640.0,195434.0,195596.0,162.0,794.0,956.0,4,8,21,深位,是
2,2,inbound,IN0256,B6T0000000747,E3,169800.0,195272.0,195434.0,162.0,25472.0,25634.0,4,12,63,浅位,是
2,2,inbound,IN0137,B6T0000000408,E3,169860.0,195596.0,195758.0,162.0,25736.0,25898.0,4,12,63,深位,否
2,2,outbound,1714,B6T0000001409,E1,194220.0,196076.0,196238.0,162.0,1856.0,2018.0,3,6,7,浅位,是
2,2,inbound,IN0137,B6T0000000408,E3,169860.0,195914.0,196076.0,162.0,26054.0,26216.0,4,13,61,浅位,是
2,2,outbound,1715,B6T0000001409,E1,194220.0,196400.0,196562.0,162.0,2180.0,2342.0,3,6,7,深位,是
2,2,inbound,IN0137,B6T0000000408,E3,169860.0,196238.0,196400.0,162.0,26378.0,26540.0,4,13,61,深位,是
2,2,outbound,1712,B6T0000001409,E1,194220.0,196724.0,196886.0,162.0,2504.0,2666.0,4,6,7,浅位,是
2,2,inbound,IN0137,B6T0000000408,E3,169860.0,196562.0,196724.0,162.0,26702.0,26864.0,4,14,59,浅位,是
2,2,outbound,1710,B6T0000001409,E1,194220.0,197048.0,197210.0,162.0,2828.0,2990.0,4,6,7,深位,是
2,2,inbound,IN0137,B6T0000000408,E3,169860.0,196886.0,197048.0,162.0,27026.0,27188.0,4,14,59,深位,是
2,2,outbound,907,B6T0000000411,E3,194580.0,197372.0,197534.0,162.0,2792.0,2954.0,3,15,6,浅位,是
2,2,inbound,IN0137,B6T0000000408,E3,169860.0,197210.0,197372.0,162.0,27350.0,27512.0,4,15,57,浅位,是
2,2,inbound,IN0137,B6T0000000408,E3,169860.0,197534.0,197594.0,59.99999999999999,27674.0,27734.0,3,15,6,浅位,否
2,2,inbound,IN0137,B6T0000000408,E3,169860.0,197648.0,197810.0,162.0,27788.0,27950.0,4,15,57,深位,否
2,2,outbound,2863,B6T0000000659,E3,197880.0,198128.5,198395.0,266.50000000000006,248.5,515.0,3,19,27,浅位,是
2,2,inbound,IN0137,B6T0000000408,E3,169860.0,197966.0,198128.5,162.50000000000009,28106.0,28268.5,3,43,1,浅位,是
2,2,outbound,2862,B6T0000000659,E3,197880.0,198513.0,198631.0,118.0,633.0,751.0,3,19,27,深位,是
2,2,inbound,IN0137,B6T0000000408,E3,169860.0,198395.0,198513.0,118.0,28535.0,28653.0,3,19,27,浅位,是
2,2,outbound,2830,B6T0000000816,E3,193920.0,198749.0,198867.0,118.0,4829.0,4947.0,3,18,27,浅位,是
2,2,inbound,IN0137,B6T0000000408,E3,169860.0,198631.0,198749.0,118.0,28771.0,28889.0,3,19,27,深位,是
2,2,outbound,2831,B6T0000000816,E3,193920.0,198981.0,199095.0,114.0,5061.0,5175.0,3,18,27,深位,是
2,2,inbound,IN0137,B6T0000000408,E3,169860.0,198867.0,198981.0,114.0,29007.0,29121.0,3,18,27,浅位,是
2,2,outbound,2861,B6T0000000659,E3,197880.0,199209.0,199331.0,122.0,1329.0,1451.0,4,19,27,浅位,是
2,2,inbound,IN0137,B6T0000000408,E3,169860.0,199095.0,199209.0,114.0,29235.0,29349.0,3,18,27,深位,是
2,2,outbound,2325,B6T0000001645,E1,199200.0,199449.0,199567.0,118.0,249.0,367.0,4,1,16,浅位,是
2,2,inbound,IN0137,B6T0000000408,E3,169860.0,199331.0,199449.0,118.0,29471.0,29589.0,4,19,27,浅位,是
2,2,outbound,2320,B6T0000001645,E1,199200.0,199729.5,199952.0,222.50000000000009,529.5,752.0,4,1,16,深位,是
2,2,inbound,IN0137,B6T0000000408,E3,169860.0,199567.0,199729.5,162.50000000000009,29707.0,29869.5,3,43,1,深位,是
2,2,outbound,2860,B6T0000000659,E3,197880.0,200114.5,200381.0,266.50000000000006,2234.5,2501.0,4,19,27,深位,是
2,2,inbound,IN0137,B6T0000000408,E3,169860.0,199952.0,200114.5,162.50000000000009,30092.0,30254.5,4,43,1,浅位,是
2,2,inbound,IN0137,B6T0000000408,E3,169860.0,200381.0,200499.0,118.0,30521.0,30639.0,4,19,27,深位,否
2,2,inbound,IN0137,B6T0000000408,E3,169860.0,200611.0,200773.5,162.50000000000009,30751.0,30913.5,4,43,1,深位,否
2,2,inbound,IN0137,B6T0000000408,E3,169860.0,200930.0,201094.0,164.0,31070.0,31234.0,3,10,68,浅位,否
2,2,inbound,IN0137,B6T0000000408,E3,169860.0,201252.0,201416.0,164.0,31392.0,31556.0,3,10,68,深位,否
2,2,inbound,IN0137,B6T0000000408,E3,169860.0,201574.0,201738.0,164.0,31714.0,31878.0,3,11,66,浅位,否
2,2,inbound,IN0137,B6T0000000408,E3,169860.0,201896.0,202060.0,164.0,32036.0,32200.0,3,11,66,深位,否
2,2,inbound,IN0137,B6T0000000408,E3,169860.0,202218.0,202382.0,164.0,32358.0,32522.0,3,12,64,浅位,否
2,2,inbound,IN0328,B6T0000000996,E3,170040.0,202540.0,202704.0,164.0,32500.0,32664.0,3,12,64,深位,否
2,2,inbound,IN0328,B6T0000000996,E3,170040.0,202862.0,203026.0,164.0,32822.0,32986.0,3,13,62,浅位,否
2,2,inbound,IN0328,B6T0000000996,E3,170040.0,203184.0,203348.0,164.0,33144.0,33308.0,3,13,62,深位,否
2,2,inbound,IN0328,B6T0000000996,E3,170040.0,203506.0,203670.0,164.0,33466.0,33630.0,3,14,60,浅位,否
2,2,inbound,IN0328,B6T0000000996,E3,170040.0,203828.0,203992.0,164.0,33788.0,33952.0,3,14,60,深位,否
2,2,inbound,IN0328,B6T0000000996,E3,170040.0,204150.0,204314.0,164.0,34110.0,34274.0,3,15,58,浅位,否
2,2,inbound,IN0328,B6T0000000996,E3,170040.0,204472.0,204636.0,164.0,34432.0,34596.0,3,15,58,深位,否
2,2,inbound,IN0328,B6T0000000996,E3,170040.0,204794.0,204958.0,164.0,34754.0,34918.0,3,16,56,浅位,否
2,2,inbound,IN0328,B6T0000000996,E3,170040.0,205116.0,205280.0,164.0,35076.0,35240.0,3,16,56,深位,否
2,2,outbound,210,B6T0000000581,E3,203640.0,205602.0,205766.0,164.0,1962.0,2126.0,3,9,9,浅位,是
2,2,inbound,IN0328,B6T0000000996,E3,170040.0,205438.0,205602.0,164.0,35398.0,35562.0,4,10,68,浅位,是
2,2,outbound,2506,B6T0000001035,E3,205440.0,205808.0,205850.0,42.0,368.0,410.0,4,9,8,深位,是
2,2,inbound,IN0328,B6T0000000996,E3,170040.0,205766.0,205808.0,42.0,35726.0,35768.0,3,9,9,浅位,是
2,2,outbound,212,B6T0000000581,E3,203640.0,205890.0,205934.0,44.0,2250.0,2294.0,3,9,9,深位,是
2,2,inbound,IN0328,B6T0000000996,E3,170040.0,205850.0,205890.0,40.0,35810.0,35850.0,4,9,8,深位,是
2,2,outbound,213,B6T0000000581,E3,203640.0,205976.0,206018.0,42.0,2336.0,2378.0,4,9,9,浅位,是
2,2,inbound,IN0328,B6T0000000996,E3,170040.0,205934.0,205976.0,42.0,35894.0,35936.0,3,9,9,深位,是
2,2,outbound,214,B6T0000000581,E3,203640.0,206060.0,206102.0,42.0,2420.0,2462.0,4,9,9,深位,是
2,2,inbound,IN0328,B6T0000000996,E3,170040.0,206018.0,206060.0,42.0,35978.0,36020.0,4,9,9,浅位,是
2,2,outbound,2505,B6T0000001035,E3,205440.0,206144.0,206194.0,50.0,704.0,754.0,3,9,11,深位,是
2,2,inbound,IN0328,B6T0000000996,E3,170040.0,206102.0,206144.0,42.0,36062.0,36104.0,4,9,9,深位,是
2,2,outbound,2507,B6T0000001035,E3,205440.0,206240.0,206318.0,78.0,800.0,878.0,4,13,8,深位,是
2,2,inbound,IN0328,B6T0000000996,E3,170040.0,206194.0,206240.0,46.0,36154.0,36200.0,3,9,11,深位,是
2,2,outbound,2508,B6T0000001035,E3,205440.0,206374.0,206462.0,88.0,934.0,1022.0,3,17,1,浅位,是
2,2,inbound,IN0328,B6T0000000996,E3,170040.0,206318.0,206374.0,56.0,36278.0,36334.0,4,13,8,深位,是
2,2,outbound,2509,B6T0000001035,E3,205440.0,206520.0,206578.0,58.0,1080.0,1138.0,3,17,1,深位,是
2,2,inbound,IN0328,B6T0000000996,E3,170040.0,206462.0,206520.0,58.0,36422.0,36480.0,3,17,1,浅位,是
2,2,inbound,IN0328,B6T0000000996,E3,170040.0,206578.0,206636.0,58.0,36538.0,36596.0,3,17,1,深位,否
2,2,inbound,IN0328,B6T0000000996,E3,170040.0,206688.0,206852.0,164.0,36648.0,36812.0,4,10,68,深位,否
2,2,inbound,IN0328,B6T0000000996,E3,170040.0,207010.0,207174.0,164.0,36970.0,37134.0,4,11,66,浅位,否
2,2,inbound,IN0328,B6T0000000996,E3,170040.0,207332.0,207496.0,164.0,37292.0,37456.0,4,11,66,深位,否
2,2,inbound,IN0328,B6T0000000996,E3,170040.0,207654.0,207818.0,164.0,37614.0,37778.0,4,12,64,浅位,否
2,2,outbound,485,B6T0000001101,E3,207840.0,208140.0,208304.0,164.0,300.0,464.0,3,12,7,浅位,是
2,2,inbound,IN0328,B6T0000000996,E3,170040.0,207976.0,208140.0,164.0,37936.0,38100.0,4,12,64,深位,是
2,2,outbound,486,B6T0000001101,E3,207840.0,208354.0,208404.0,50.0,514.0,564.0,3,12,7,深位,是
2,2,inbound,IN0328,B6T0000000996,E3,170040.0,208304.0,208354.0,50.0,38264.0,38314.0,3,12,7,浅位,是
2,2,outbound,487,B6T0000001101,E3,207840.0,208454.0,208504.0,50.0,614.0,664.0,4,12,7,浅位,是
2,2,inbound,IN0292,B6T0000000877,E3,170040.0,208404.0,208454.0,50.0,38364.0,38414.0,3,12,7,深位,是
2,2,outbound,488,B6T0000001101,E3,207840.0,208554.0,208604.0,50.0,714.0,764.0,4,12,7,深位,是
2,2,inbound,IN0292,B6T0000000877,E3,170040.0,208504.0,208554.0,50.0,38464.0,38514.0,4,12,7,浅位,是
2,2,inbound,IN0292,B6T0000000877,E3,170040.0,208604.0,208654.0,50.0,38564.0,38614.0,4,12,7,深位,否
2,2,inbound,IN0292,B6T0000000877,E3,170040.0,208698.0,208862.0,164.0,38658.0,38822.0,4,13,62,浅位,否
2,2,inbound,IN0292,B6T0000000877,E3,170040.0,209020.0,209184.0,164.0,38980.0,39144.0,4,13,62,深位,否
2,2,inbound,IN0299,B6T0000000897,E3,170100.0,209342.0,209506.0,164.0,39242.0,39406.0,4,14,60,浅位,否
2,2,inbound,IN0299,B6T0000000897,E3,170100.0,209664.0,209828.0,164.0,39564.0,39728.0,4,14,60,深位,否
2,2,inbound,IN0299,B6T0000000897,E3,170100.0,209986.0,210150.0,164.0,39886.0,40050.0,4,15,58,浅位,否
2,2,inbound,IN0299,B6T0000000897,E3,170100.0,210308.0,210472.0,164.0,40208.0,40372.0,4,15,58,深位,否
2,2,inbound,IN0299,B6T0000000897,E3,170100.0,210630.0,210794.0,164.0,40530.0,40694.0,4,16,56,浅位,否
2,2,inbound,IN0299,B6T0000000897,E3,170100.0,210952.0,211116.0,164.0,40852.0,41016.0,4,16,56,深位,否
2,2,inbound,IN0299,B6T0000000897,E3,170100.0,211274.0,211438.0,164.0,41174.0,41338.0,4,27,34,深位,否
2,2,inbound,IN0299,B6T0000000897,E3,170100.0,211596.0,211760.0,164.00000000000003,41496.0,41660.0,3,31,26,深位,否
2,2,inbound,IN0299,B6T0000000897,E3,170100.0,211918.0,212084.0,166.0,41818.0,41984.0,3,11,67,浅位,否
2,2,inbound,IN0299,B6T0000000897,E3,170100.0,212244.0,212410.0,166.0,42144.0,42310.0,3,11,67,深位,否
2,2,inbound,IN0299,B6T0000000897,E3,170100.0,212570.0,212736.0,166.0,42470.0,42636.0,3,12,65,浅位,否
2,2,inbound,IN0299,B6T0000000897,E3,170100.0,212896.0,213062.0,166.0,42796.0,42962.0,3,12,65,深位,否
2,2,inbound,IN0299,B6T0000000897,E3,170100.0,213222.0,213388.0,166.0,43122.0,43288.0,3,13,63,浅位,否
2,2,inbound,IN0299,B6T0000000897,E3,170100.0,213548.0,213714.0,166.0,43448.0,43614.0,3,13,63,深位,否
2,2,inbound,IN0299,B6T0000000897,E3,170100.0,213874.0,214040.0,166.0,43774.0,43940.0,3,14,61,浅位,否
2,2,outbound,2584,B6T0000000418,E3,214080.0,214366.0,214596.0,230.00000000000003,286.0,516.0,3,22,19,浅位,是
2,2,inbound,IN0299,B6T0000000897,E3,170100.0,214200.0,214366.0,166.0,44100.0,44266.0,3,14,61,深位,是
2,2,outbound,2583,B6T0000000418,E3,214080.0,214710.0,214824.0,114.00000000000001,630.0,744.0,3,22,19,深位,是
2,2,inbound,IN0299,B6T0000000897,E3,170100.0,214596.0,214710.0,114.00000000000001,44496.0,44610.0,3,22,19,浅位,是
2,2,outbound,2582,B6T0000000418,E3,214080.0,214938.0,215052.0,114.00000000000001,858.0,972.0,4,22,19,浅位,是
2,2,inbound,IN0299,B6T0000000897,E3,170100.0,214824.0,214938.0,114.00000000000001,44724.0,44838.0,3,22,19,深位,是
2,2,outbound,2581,B6T0000000418,E3,214080.0,215166.0,215280.0,114.00000000000001,1086.0,1200.0,4,22,19,深位,是
2,2,inbound,IN0299,B6T0000000897,E3,170100.0,215052.0,215166.0,114.00000000000001,44952.0,45066.0,4,22,19,浅位,是
2,2,inbound,IN0299,B6T0000000897,E3,170100.0,215280.0,215394.0,114.00000000000001,45180.0,45294.0,4,22,19,深位,否
2,2,inbound,IN0299,B6T0000000897,E3,170100.0,215502.0,215668.0,166.0,45402.0,45568.0,3,15,59,浅位,否
2,2,inbound,IN0023,B6T0000000073,E4,209940.0,215828.0,216014.5,186.50000000000009,5888.0,6074.5,3,43,13,浅位,否
2,2,inbound,IN0023,B6T0000000073,E4,209940.0,216195.0,216381.5,186.50000000000009,6255.0,6441.5,3,43,13,深位,否
2,2,inbound,IN0023,B6T0000000073,E4,209940.0,216562.0,216748.5,186.50000000000009,6622.0,6808.5,4,43,13,浅位,否
2,2,inbound,IN0023,B6T0000000073,E4,209940.0,216929.0,217115.5,186.50000000000009,6989.0,7175.5,4,43,13,深位,否
2,2,outbound,319,B6T0000001196,E3,216480.0,217542.5,217789.0,246.50000000000009,1062.5,1309.0,3,13,5,浅位,是
2,2,inbound,IN0023,B6T0000000073,E4,209940.0,217296.0,217542.5,246.50000000000009,7356.0,7602.5,4,49,28,浅位,是
2,2,outbound,318,B6T0000001196,E3,216480.0,218035.5,218282.0,246.50000000000009,1555.5,1802.0,3,13,5,深位,是
2,2,inbound,IN0023,B6T0000000073,E4,209940.0,217789.0,218035.5,246.50000000000009,7849.0,8095.5,4,49,28,深位,是
2,2,outbound,323,B6T0000001196,E3,216480.0,218540.5,218799.0,258.50000000000006,2060.5,2319.0,4,13,5,浅位,是
2,2,inbound,IN0023,B6T0000000073,E4,209940.0,218282.0,218540.5,258.5000000000001,8342.0,8600.5,4,43,49,深位,是
2,2,outbound,322,B6T0000001196,E3,216480.0,219058.5,219318.0,259.50000000000006,2578.5,2838.0,4,13,5,深位,是
2,2,inbound,IN0023,B6T0000000073,E4,209940.0,218799.0,219058.5,259.5000000000001,8859.0,9118.5,3,44,47,浅位,是
2,2,outbound,3033,B6T0000001726,E1,218220.0,219368.0,219510.0,142.0,1148.0,1290.0,4,7,28,浅位,是
2,2,inbound,IN0333,B6T0000001029,E3,219120.0,219318.0,219368.0,50.0,198.0,248.0,3,13,5,浅位,是
2,2,outbound,3031,B6T0000001726,E1,218220.0,219560.0,219702.0,142.0,1340.0,1482.0,4,7,28,深位,是
2,2,inbound,IN0333,B6T0000001029,E3,219120.0,219510.0,219560.0,50.0,390.0,440.0,3,13,5,深位,是
2,2,inbound,IN0333,B6T0000001029,E3,219120.0,219702.0,219752.0,50.0,582.0,632.0,4,13,5,浅位,否
2,2,inbound,IN0333,B6T0000001029,E3,219120.0,219796.0,219846.0,50.0,676.0,726.0,4,13,5,深位,否
2,2,outbound,2642,B6T0000000200,E4,219840.0,220056.0,220497.0,441.00000000000017,216.0,657.0,3,48,14,浅位,是
2,2,inbound,IN0333,B6T0000001029,E3,219120.0,219890.0,220056.0,166.0,770.0,936.0,3,15,59,深位,是
2,2,outbound,2641,B6T0000000200,E4,219840.0,220663.0,221096.0,433.0000000000001,823.0,1256.0,3,48,14,深位,是
2,2,inbound,IN0333,B6T0000001029,E3,219120.0,220497.0,220663.0,166.0,1377.0,1543.0,3,16,57,浅位,是
2,2,outbound,2640,B6T0000000200,E4,219840.0,221262.0,221695.0,433.0000000000001,1422.0,1855.0,4,48,14,浅位,是
2,2,inbound,IN0333,B6T0000001029,E3,219120.0,221096.0,221262.0,166.0,1976.0,2142.0,3,16,57,深位,是
2,2,outbound,2643,B6T0000000200,E4,219840.0,221861.0,222286.0,425.00000000000017,2021.0,2446.0,4,48,14,深位,是
2,2,inbound,IN0333,B6T0000001029,E3,219120.0,221695.0,221861.0,166.0,2575.0,2741.0,3,17,55,浅位,是
2,2,inbound,IN0333,B6T0000001029,E3,219120.0,222286.0,222452.0,166.0,3166.0,3332.0,3,17,55,深位,否
2,2,inbound,IN0333,B6T0000001029,E3,219120.0,222612.0,222778.0,166.0,3492.0,3658.0,4,11,67,浅位,否
2,2,inbound,IN0333,B6T0000001029,E3,219120.0,222938.0,223104.0,166.0,3818.0,3984.0,4,11,67,深位,否
2,2,inbound,IN0333,B6T0000001029,E3,219120.0,223264.0,223430.0,166.0,4144.0,4310.0,4,12,65,浅位,否
2,2,inbound,IN0023,B6T0000000073,E4,209940.0,223590.0,223803.5,213.50000000000009,13650.0,13863.5,3,48,14,浅位,否
2,2,inbound,IN0065,B6T0000000178,E4,220200.0,224011.0,224224.5,213.50000000000009,3811.0,4024.5,3,48,14,深位,否
2,2,inbound,IN0065,B6T0000000178,E4,220200.0,224432.0,224645.5,213.50000000000009,4232.0,4445.5,4,48,14,浅位,否
2,2,inbound,IN0065,B6T0000000178,E4,220200.0,224853.0,225066.5,213.50000000000009,4653.0,4866.5,4,48,14,深位,否
2,2,inbound,IN0065,B6T0000000178,E4,220200.0,225274.0,225533.5,259.5000000000001,5074.0,5333.5,3,44,47,深位,否
2,2,inbound,IN0065,B6T0000000178,E4,220200.0,225787.0,226046.5,259.5000000000001,5587.0,5846.5,4,44,47,浅位,否
2,2,inbound,IN0065,B6T0000000178,E4,220200.0,226300.0,226559.5,259.5000000000001,6100.0,6359.5,4,44,47,深位,否
2,2,inbound,IN0065,B6T0000000178,E4,220200.0,226813.0,227073.5,260.5000000000001,6613.0,6873.5,3,43,50,浅位,否
2,2,inbound,IN0065,B6T0000000178,E4,220200.0,227328.0,227588.5,260.5000000000001,7128.0,7388.5,3,43,50,深位,否
2,2,inbound,IN0065,B6T0000000178,E4,220200.0,227843.0,228103.5,260.5000000000001,7643.0,7903.5,4,43,50,浅位,否
2,2,outbound,2761,B6T0000000146,E4,228000.0,228618.5,228879.0,260.5000000000001,618.5,879.0,3,43,22,浅位,是
2,2,inbound,IN0065,B6T0000000178,E4,220200.0,228358.0,228618.5,260.5000000000001,8158.0,8418.5,4,43,50,深位,是
2,2,outbound,2369,B6T0000001572,E1,228780.0,229083.5,229288.0,204.50000000000009,303.5,508.0,4,8,13,浅位,是
2,2,inbound,IN0065,B6T0000000178,E4,220200.0,228879.0,229083.5,204.50000000000009,8679.0,8883.5,3,43,22,浅位,是
2,2,outbound,2368,B6T0000001572,E1,228780.0,229549.5,229811.0,261.5000000000001,769.5,1031.0,4,8,13,深位,是
2,2,inbound,IN0065,B6T0000000178,E4,220200.0,229288.0,229549.5,261.5000000000001,9088.0,9349.5,3,44,48,浅位,是
2,2,outbound,2763,B6T0000000146,E4,228000.0,230072.5,230334.0,261.5000000000001,2072.5,2334.0,3,43,22,深位,是
2,2,inbound,IN0065,B6T0000000178,E4,220200.0,229811.0,230072.5,261.5000000000001,9611.0,9872.5,3,44,48,深位,是
2,2,outbound,2760,B6T0000000146,E4,228000.0,230538.5,230743.0,204.50000000000009,2538.5,2743.0,4,43,22,浅位,是
2,2,inbound,IN0065,B6T0000000178,E4,220200.0,230334.0,230538.5,204.50000000000009,10134.0,10338.5,3,43,22,深位,是
2,2,outbound,2762,B6T0000000146,E4,228000.0,230947.5,231152.0,204.50000000000009,2947.5,3152.0,4,43,22,深位,是
2,2,inbound,IN0065,B6T0000000178,E4,220200.0,230743.0,230947.5,204.50000000000009,10543.0,10747.5,4,43,22,浅位,是
2,2,inbound,IN0065,B6T0000000178,E4,220200.0,231152.0,231356.5,204.50000000000009,10952.0,11156.5,4,43,22,深位,否
2,2,inbound,IN0065,B6T0000000178,E4,220200.0,231555.0,231816.5,261.5000000000001,11355.0,11616.5,4,44,48,浅位,否
2,2,inbound,IN0065,B6T0000000178,E4,220200.0,232072.0,232333.5,261.5000000000001,11872.0,12133.5,4,44,48,深位,否
2,2,inbound,IN0065,B6T0000000178,E4,220200.0,232589.0,232851.5,262.5000000000001,12389.0,12651.5,3,43,51,浅位,否
2,2,inbound,IN0065,B6T0000000178,E4,220200.0,233108.0,233370.5,262.5000000000001,12908.0,13170.5,3,43,51,深位,否
2,2,inbound,IN0065,B6T0000000178,E4,220200.0,233627.0,233889.5,262.5000000000001,13427.0,13689.5,3,45,46,浅位,否
2,2,inbound,IN0065,B6T0000000178,E4,220200.0,234146.0,234408.5,262.5000000000001,13946.0,14208.5,3,45,46,深位,否
2,2,inbound,IN0065,B6T0000000178,E4,220200.0,234665.0,234927.5,262.5000000000001,14465.0,14727.5,3,47,41,深位,否
2,2,inbound,IN0065,B6T0000000178,E4,220200.0,235184.0,235446.5,262.5000000000001,14984.0,15246.5,4,43,51,浅位,否
2,2,inbound,IN0065,B6T0000000178,E4,220200.0,235703.0,235965.5,262.5000000000001,15503.0,15765.5,4,43,51,深位,否
2,2,inbound,IN0013,B6T0000000039,E4,220440.0,236222.0,236484.5,262.5000000000001,15782.0,16044.5,4,45,46,浅位,否
2,2,inbound,IN0013,B6T0000000039,E4,220440.0,236741.0,237003.5,262.5000000000001,16301.0,16563.5,4,45,46,深位,否
2,2,inbound,IN0013,B6T0000000039,E4,220440.0,237260.0,237523.5,263.5000000000001,16820.0,17083.5,3,44,49,浅位,否
2,2,inbound,IN0013,B6T0000000039,E4,220440.0,237781.0,238044.5,263.5000000000001,17341.0,17604.5,3,44,49,深位,否
2,2,inbound,IN0044,B6T0000000130,E4,221460.0,238302.0,238565.5,263.5000000000001,16842.0,17105.5,4,44,49,浅位,否
2,2,inbound,IN0044,B6T0000000130,E4,221460.0,238823.0,239086.5,263.5000000000001,17363.0,17626.5,4,44,49,深位,否
2,2,inbound,IN0044,B6T0000000130,E4,221460.0,239344.0,239608.5,264.5000000000001,17884.0,18148.5,3,43,52,浅位,否
2,2,inbound,IN0044,B6T0000000130,E4,221460.0,239867.0,240131.5,264.5000000000001,18407.0,18671.5,3,43,52,深位,否
2,2,inbound,IN0450,B6T0000001360,E1,255180.0,255180.0,255211.0,31.0,0.0,31.0,3,6,7,浅位,否
2,2,inbound,IN0450,B6T0000001360,E1,255180.0,255236.0,255267.0,31.0,56.0,87.0,3,6,7,深位,否
2,2,inbound,IN0450,B6T0000001360,E1,255180.0,255292.0,255323.0,31.0,112.0,143.0,4,6,7,浅位,否
2,2,inbound,IN0450,B6T0000001360,E1,255180.0,255348.0,255379.0,31.0,168.0,199.0,4,6,7,深位,否
2,2,inbound,IN0450,B6T0000001360,E1,255180.0,255404.0,255443.0,39.0,224.0,263.0,4,1,16,浅位,否
2,2,inbound,IN0450,B6T0000001360,E1,255180.0,255476.0,255515.0,39.0,296.0,335.0,4,1,16,深位,否
2,2,inbound,IN0450,B6T0000001360,E1,255180.0,255548.0,255595.0,47.0,368.0,415.0,4,8,13,浅位,否
2,2,inbound,IN0450,B6T0000001360,E1,255180.0,255636.0,255683.0,47.0,456.0,503.0,4,8,13,深位,否
2,2,inbound,IN0450,B6T0000001360,E1,255180.0,255724.0,255787.0,63.0,544.0,607.0,4,8,21,浅位,否
2,2,inbound,IN0450,B6T0000001360,E1,255180.0,255844.0,255907.0,63.0,664.0,727.0,4,8,21,深位,否
2,2,inbound,IN0450,B6T0000001360,E1,255180.0,255964.0,256039.0,75.0,784.0,859.0,4,7,28,浅位,否
2,2,inbound,IN0450,B6T0000001360,E1,255180.0,256108.0,256183.0,75.0,928.0,1003.0,4,7,28,深位,否
2,2,inbound,IN0665,B6T0000001994,E1,255300.0,256252.0,256339.0,87.0,952.0,1039.0,3,3,38,浅位,否
2,2,inbound,IN0665,B6T0000001994,E1,255300.0,256420.0,256507.0,87.0,1120.0,1207.0,3,3,38,深位,否
2,2,inbound,IN0665,B6T0000001994,E1,255300.0,256588.0,256695.0,107.00000000000001,1288.0,1395.0,3,3,48,深位,否
2,2,inbound,IN0665,B6T0000001994,E1,255300.0,256796.0,256911.0,115.0,1496.0,1611.0,4,3,52,浅位,否
2,2,inbound,IN0665,B6T0000001994,E1,255300.0,257020.0,257135.0,115.0,1720.0,1835.0,4,3,52,深位,否
2,2,inbound,IN0665,B6T0000001994,E1,255300.0,257244.0,257359.0,115.0,1944.0,2059.0,3,6,49,浅位,否
2,2,inbound,IN0665,B6T0000001994,E1,255300.0,257468.0,257583.0,115.0,2168.0,2283.0,3,6,49,深位,否
2,2,inbound,IN0665,B6T0000001994,E1,255300.0,257692.0,257809.0,117.0,2392.0,2509.0,4,1,55,深位,否
2,2,inbound,IN0665,B6T0000001994,E1,255300.0,257920.0,258041.0,121.0,2620.0,2741.0,4,8,50,深位,否
2,2,outbound,3501,B6T0000001808,E1,258960.0,258960.0,259176.0,216.0,0.0,216.0,4,8,45,浅位,否
2,2,outbound,3500,B6T0000001808,E1,258960.0,259176.0,259392.0,216.0,216.0,432.0,4,8,45,深位,否
2,2,outbound,3536,B6T0000001749,E1,259680.0,259680.0,259728.0,48.0,0.0,48.0,4,1,10,深位,否
2,2,outbound,3537,B6T0000001749,E1,259680.0,259728.0,259816.0,88.0,48.0,136.0,3,1,20,浅位,否
2,2,outbound,3079,B6T0000001354,E1,259200.0,260159.0,260303.0,144.0,959.0,1103.0,3,4,31,浅位,否
2,2,outbound,2235,B6T0000000051,E4,259740.0,260943.0,261332.0,389.00000000000017,1203.0,1592.0,3,46,11,浅位,否
2,2,outbound,2234,B6T0000000051,E4,259740.0,261332.0,261721.0,389.00000000000017,1592.0,1981.0,3,46,11,深位,否
2,2,outbound,2232,B6T0000000051,E4,259740.0,261721.0,262110.0,389.00000000000017,1981.0,2370.0,4,46,11,浅位,否
2,2,outbound,654,B6T0000001698,E1,261780.0,262110.0,262142.0,32.0,330.0,362.0,3,4,3,浅位,否
2,2,outbound,653,B6T0000001698,E1,261780.0,262142.0,262174.0,32.0,362.0,394.0,3,4,3,深位,否
2,2,outbound,652,B6T0000001698,E1,261780.0,262174.0,262206.0,32.0,394.0,426.0,4,4,3,浅位,否
2,2,outbound,2233,B6T0000000051,E4,259740.0,262206.0,262595.0,389.00000000000017,2466.0,2855.0,4,46,11,深位,否
2,2,outbound,2433,B6T0000000778,E3,262500.0,262595.0,262761.0,166.0,95.0,261.0,4,10,29,浅位,否
2,2,outbound,2431,B6T0000000778,E3,262500.0,262761.0,262927.0,166.0,261.0,427.0,4,10,29,深位,否
2,2,outbound,1604,B6T0000001610,E1,260160.0,262927.0,262975.0,48.0,2767.0,2815.0,3,4,7,浅位,否
2,2,outbound,1606,B6T0000001610,E1,260160.0,262975.0,263023.0,48.0,2815.0,2863.0,3,4,7,深位,否
2,2,outbound,1607,B6T0000001610,E1,260160.0,263023.0,263071.0,48.0,2863.0,2911.0,4,4,7,浅位,否
2,2,outbound,1608,B6T0000001610,E1,260160.0,263071.0,263119.0,48.0,2911.0,2959.0,4,4,7,深位,否
2,2,outbound,162,B6T0000000810,E3,259440.0,263866.0,263960.0,93.99999999999999,4426.0,4520.0,3,15,1,浅位,否
2,2,outbound,156,B6T0000000810,E3,259440.0,263960.0,264054.0,93.99999999999999,4520.0,4614.0,3,15,1,深位,否
2,2,outbound,166,B6T0000000810,E3,259440.0,264054.0,264148.0,93.99999999999999,4614.0,4708.0,4,15,1,浅位,否
2,2,outbound,158,B6T0000000810,E3,259440.0,264148.0,264242.0,93.99999999999999,4708.0,4802.0,4,15,1,深位,否
2,2,outbound,681,B6T0000001180,E3,259800.0,265156.0,265250.0,94.0,5356.0,5450.0,3,11,9,浅位,否
2,2,outbound,680,B6T0000001180,E3,259800.0,265300.0,265382.0,82.0,5500.0,5582.0,3,11,9,深位,是
2,2,inbound,IN0219,B6T0000000635,E3,265200.0,265250.0,265300.0,49.99999999999999,50.0,100.0,3,15,1,浅位,是
2,2,outbound,678,B6T0000001180,E3,259800.0,265432.0,265514.0,82.0,5632.0,5714.0,4,11,9,浅位,是
2,2,inbound,IN0219,B6T0000000635,E3,265200.0,265382.0,265432.0,49.99999999999999,182.0,232.0,3,15,1,深位,是
2,2,outbound,677,B6T0000001180,E3,259800.0,265564.0,265646.0,82.0,5764.0,5846.0,4,11,9,深位,是
2,2,inbound,IN0219,B6T0000000635,E3,265200.0,265514.0,265564.0,49.99999999999999,314.0,364.0,4,15,1,浅位,是
2,2,inbound,IN0219,B6T0000000635,E3,265200.0,265646.0,265696.0,49.99999999999999,446.0,496.0,4,15,1,深位,否
2,2,outbound,3063,B6T0000001583,E1,265740.0,265740.0,265808.0,68.0,0.0,68.0,3,8,8,深位,否
2,2,outbound,3062,B6T0000001583,E1,265740.0,265808.0,265880.0,72.0,68.0,140.0,3,5,12,深位,否
2,2,outbound,3061,B6T0000001583,E1,265740.0,265880.0,265952.0,72.0,140.0,212.0,4,5,12,浅位,否
2,2,inbound,IN0227,B6T0000000663,E3,270900.0,270900.0,270950.0,50.0,0.0,50.0,3,11,9,浅位,否
2,2,inbound,IN0227,B6T0000000663,E3,270900.0,270994.0,271044.0,50.0,94.0,144.0,3,11,9,深位,否
2,2,inbound,IN0227,B6T0000000663,E3,270900.0,271088.0,271138.0,50.0,188.0,238.0,4,11,9,浅位,否
2,2,outbound,3094,B6T0000001025,E3,271920.0,272447.0,272697.0,250.0,527.0,777.0,3,20,30,浅位,否
2,2,inbound,IN0427,B6T0000001300,E3,273720.0,273720.0,273770.0,50.0,0.0,50.0,4,11,9,深位,否
2,2,inbound,IN0427,B6T0000001300,E3,273720.0,273814.0,273900.0,86.0,94.0,180.0,4,10,29,浅位,否
2,2,inbound,IN0427,B6T0000001300,E3,273720.0,273980.0,274066.0,86.0,260.0,346.0,4,10,29,深位,否
2,2,inbound,IN0527,B6T0000001572,E1,275220.0,275220.0,275239.0,19.0,0.0,19.0,3,4,3,浅位,否
2,2,inbound,IN0527,B6T0000001572,E1,275220.0,275252.0,275271.0,19.0,32.0,51.0,3,4,3,深位,否
2,2,inbound,IN0527,B6T0000001572,E1,275220.0,275284.0,275303.0,19.0,64.0,83.0,4,4,3,浅位,否
2,2,inbound,IN0527,B6T0000001572,E1,275220.0,275316.0,275343.0,27.0,96.0,123.0,4,1,10,深位,否
2,2,inbound,IN0527,B6T0000001572,E1,275220.0,275364.0,275391.0,27.0,144.0,171.0,3,4,7,浅位,否
2,2,outbound,281,B6T0000000305,E4,261780.0,275439.0,275771.0,332.00000000000017,13659.0,13991.0,3,44,2,浅位,是
2,2,inbound,IN0527,B6T0000001572,E1,275220.0,275412.0,275439.0,27.0,192.0,219.0,3,4,7,深位,是
2,2,inbound,IN0527,B6T0000001572,E1,275220.0,275771.0,275798.0,27.0,551.0,578.0,4,4,7,浅位,否
2,2,inbound,IN0527,B6T0000001572,E1,275220.0,275819.0,275846.0,27.0,599.0,626.0,4,4,7,深位,否
2,2,inbound,IN0527,B6T0000001572,E1,275220.0,275867.0,275904.0,37.0,647.0,684.0,3,8,8,深位,否
2,2,outbound,1010,B6T0000001090,E3,276120.0,276120.0,276230.0,110.0,0.0,110.0,3,12,11,浅位,否
2,2,outbound,1008,B6T0000001090,E3,276120.0,276230.0,276340.0,110.0,110.0,220.0,3,12,11,深位,否
2,2,outbound,1007,B6T0000001090,E3,276120.0,276340.0,276450.0,110.0,220.0,330.0,4,12,11,浅位,否
2,2,outbound,1006,B6T0000001090,E3,276120.0,276450.0,276560.0,110.0,330.0,440.0,4,12,11,深位,否
2,2,outbound,2780,B6T0000000204,E4,277200.0,277200.0,277527.0,327.00000000000017,0.0,327.0,4,43,3,深位,否
2,2,outbound,2782,B6T0000000204,E4,277200.0,277527.0,277878.0,351.00000000000017,327.0,678.0,3,43,9,浅位,否
2,2,outbound,2783,B6T0000000204,E4,277200.0,277936.0,278243.0,307.0000000000001,736.0,1043.0,3,43,9,深位,是
2,2,inbound,IN0339,B6T0000001040,E3,277740.0,277878.0,277936.0,58.0,138.0,196.0,3,12,11,浅位,是
2,2,outbound,1899,B6T0000001029,E3,278220.0,278301.0,278367.0,66.0,81.0,147.0,3,13,5,浅位,是
2,2,inbound,IN0339,B6T0000001040,E3,277740.0,278243.0,278301.0,58.0,503.0,561.0,3,12,11,深位,是
2,2,outbound,1898,B6T0000001029,E3,278220.0,278417.0,278467.0,50.0,197.0,247.0,3,13,5,深位,是
2,2,inbound,IN0339,B6T0000001040,E3,277740.0,278367.0,278417.0,50.0,627.0,677.0,3,13,5,浅位,是
2,2,outbound,1897,B6T0000001029,E3,278220.0,278517.0,278567.0,50.0,297.0,347.0,4,13,5,浅位,是
2,2,inbound,IN0339,B6T0000001040,E3,277740.0,278467.0,278517.0,50.0,727.0,777.0,3,13,5,深位,是
2,2,outbound,1900,B6T0000001029,E3,278220.0,278617.0,278667.0,50.0,397.0,447.0,4,13,5,深位,是
2,2,inbound,IN0338,B6T0000001039,E3,277980.0,278567.0,278617.0,50.0,587.0,637.0,4,13,5,浅位,是
2,2,outbound,2781,B6T0000000204,E4,277200.0,278717.0,279024.0,307.0000000000001,1517.0,1824.0,4,43,9,浅位,是
2,2,inbound,IN0338,B6T0000001039,E3,277980.0,278667.0,278717.0,50.0,687.0,737.0,4,13,5,深位,是
2,2,inbound,IN0338,B6T0000001039,E3,277980.0,279024.0,279082.0,58.0,1044.0,1102.0,4,12,11,浅位,否
2,2,inbound,IN0088,B6T0000000245,E4,279420.0,279420.0,279586.5,166.50000000000009,0.0,166.5,4,43,3,深位,否
2,2,inbound,IN0088,B6T0000000245,E4,279420.0,279747.0,279916.5,169.50000000000009,327.0,496.5,3,44,2,浅位,否
2,2,outbound,1893,B6T0000001029,E3,278220.0,280258.5,280437.0,178.50000000000006,2038.5,2217.0,3,27,5,浅位,是
2,2,inbound,IN0088,B6T0000000245,E4,279420.0,280080.0,280258.5,178.50000000000009,660.0,838.5,3,43,9,浅位,是
2,2,outbound,1894,B6T0000001029,E3,278220.0,280495.0,280673.0,178.00000000000003,2275.0,2453.0,3,27,5,深位,是
2,2,inbound,IN0240,B6T0000000702,E3,280320.0,280437.0,280495.0,58.0,117.0,175.0,4,12,11,深位,是
2,2,inbound,IN0240,B6T0000000702,E3,280320.0,280673.0,280779.0,106.00000000000001,353.0,459.0,3,27,5,浅位,否
2,2,inbound,IN0088,B6T0000000245,E4,279420.0,280879.0,281057.5,178.50000000000009,1459.0,1637.5,3,43,9,深位,否
2,2,inbound,IN0088,B6T0000000245,E4,279420.0,281230.0,281408.5,178.50000000000009,1810.0,1988.5,4,43,9,浅位,否
2,2,inbound,IN0088,B6T0000000245,E4,279420.0,281581.0,281778.5,197.50000000000009,2161.0,2358.5,3,46,11,浅位,否
2,2,inbound,IN0088,B6T0000000245,E4,279420.0,281970.0,282167.5,197.50000000000009,2550.0,2747.5,3,46,11,深位,否
2,2,outbound,2549,B6T0000001449,E1,282180.0,282556.5,282778.0,221.50000000000009,376.5,598.0,4,7,17,浅位,是
2,2,inbound,IN0088,B6T0000000245,E4,279420.0,282359.0,282556.5,197.50000000000009,2939.0,3136.5,4,46,11,浅位,是
2,2,outbound,2548,B6T0000001449,E1,282180.0,282975.5,283197.0,221.50000000000009,795.5,1017.0,4,7,17,深位,是
2,2,inbound,IN0088,B6T0000000245,E4,279420.0,282778.0,282975.5,197.50000000000009,3358.0,3555.5,4,46,11,深位,是
2,2,inbound,IN0088,B6T0000000245,E4,279420.0,283197.0,283461.5,264.5000000000001,3777.0,4041.5,3,45,47,浅位,否
2,2,inbound,IN0088,B6T0000000245,E4,279420.0,283720.0,283984.5,264.5000000000001,4300.0,4564.5,3,45,47,深位,否
2,2,inbound,IN0088,B6T0000000245,E4,279420.0,284243.0,284507.5,264.5000000000001,4823.0,5087.5,4,43,52,浅位,否
2,2,inbound,IN0088,B6T0000000245,E4,279420.0,284766.0,285030.5,264.5000000000001,5346.0,5610.5,4,43,52,深位,否
2,2,inbound,IN0088,B6T0000000245,E4,279420.0,285289.0,285553.5,264.5000000000001,5869.0,6133.5,4,45,47,浅位,否
2,2,inbound,IN0088,B6T0000000245,E4,279420.0,285812.0,286076.5,264.5000000000001,6392.0,6656.5,4,45,47,深位,否
2,2,inbound,IN0088,B6T0000000245,E4,279420.0,286335.0,286599.5,264.5000000000001,6915.0,7179.5,4,47,42,深位,否
2,2,inbound,IN0088,B6T0000000245,E4,279420.0,286858.0,287123.5,265.5000000000001,7438.0,7703.5,3,44,50,浅位,否
2,2,inbound,IN0088,B6T0000000245,E4,279420.0,287383.0,287648.5,265.5000000000001,7963.0,8228.5,3,44,50,深位,否
2,2,inbound,IN0088,B6T0000000245,E4,279420.0,287908.0,288173.5,265.5000000000001,8488.0,8753.5,3,46,45,浅位,否
2,2,outbound,1089,B6T0000001415,E1,287880.0,288698.5,288964.0,265.5000000000001,818.5,1084.0,3,7,3,浅位,是
2,2,inbound,IN0088,B6T0000000245,E4,279420.0,288433.0,288698.5,265.5000000000001,9013.0,9278.5,3,46,45,深位,是
2,2,outbound,1090,B6T0000001415,E1,287880.0,289229.5,289495.0,265.50000000000006,1349.5,1615.0,3,7,3,深位,是
2,2,inbound,IN0088,B6T0000000245,E4,279420.0,288964.0,289229.5,265.5000000000001,9544.0,9809.5,4,44,50,浅位,是
2,2,outbound,1099,B6T0000001415,E1,287880.0,289760.5,290026.0,265.50000000000006,1880.5,2146.0,4,7,3,浅位,是
2,2,inbound,IN0088,B6T0000000245,E4,279420.0,289495.0,289760.5,265.5000000000001,10075.0,10340.5,4,44,50,深位,是
2,2,outbound,1098,B6T0000001415,E1,287880.0,290291.5,290557.0,265.5000000000001,2411.5,2677.0,4,7,3,深位,是
2,2,inbound,IN0088,B6T0000000245,E4,279420.0,290026.0,290291.5,265.5000000000001,10606.0,10871.5,4,46,45,浅位,是
2,2,outbound,1365,B6T0000000150,E4,295320.0,296960.0,297325.0,365.00000000000017,1640.0,2005.0,3,46,5,浅位,否
2,2,outbound,1366,B6T0000000150,E4,295320.0,297325.0,297690.0,365.00000000000017,2005.0,2370.0,3,46,5,深位,否
2,2,outbound,1372,B6T0000000150,E4,295320.0,297690.0,298055.0,365.00000000000017,2370.0,2735.0,4,46,5,浅位,否
2,2,outbound,1810,B6T0000001372,E1,297060.0,298055.0,298107.0,52.0,995.0,1047.0,3,2,10,浅位,否
2,2,outbound,1811,B6T0000001372,E1,297060.0,298107.0,298159.0,52.0,1047.0,1099.0,3,2,10,深位,否
2,2,outbound,1812,B6T0000001372,E1,297060.0,298159.0,298211.0,52.0,1099.0,1151.0,4,2,10,浅位,否
2,2,outbound,1813,B6T0000001372,E1,297060.0,298211.0,298263.0,52.0,1151.0,1203.0,4,2,10,深位,否
2,2,outbound,1368,B6T0000000150,E4,295320.0,298263.0,298628.0,365.00000000000017,2943.0,3308.0,4,46,5,深位,否
2,2,inbound,IN0158,B6T0000000460,E3,299280.0,299280.0,299386.0,106.00000000000001,0.0,106.0,3,27,5,深位,否
2,2,inbound,IN0158,B6T0000000460,E3,299280.0,299486.0,299614.0,128.0,206.0,334.0,3,20,30,浅位,否
2,2,outbound,2922,B6T0000000210,E4,297660.0,300040.0,300451.0,411.00000000000017,2380.0,2791.0,3,43,24,浅位,否
2,2,outbound,1367,B6T0000000150,E4,295320.0,300798.0,301177.0,379.00000000000017,5478.0,5857.0,3,49,1,浅位,否
2,2,outbound,333,B6T0000000139,E4,302220.0,302220.0,302559.0,339.00000000000017,0.0,339.0,3,45,1,浅位,否
2,2,outbound,1215,B6T0000000577,E3,302040.0,302559.0,302665.0,106.0,519.0,625.0,3,9,16,浅位,否
2,2,outbound,1221,B6T0000000577,E3,302040.0,302665.0,302771.0,106.0,625.0,731.0,3,9,16,深位,否
2,2,outbound,1222,B6T0000000577,E3,302040.0,302771.0,302877.0,106.0,731.0,837.0,4,9,16,浅位,否
2,2,outbound,1217,B6T0000000577,E3,302040.0,302877.0,302983.0,106.0,837.0,943.0,4,9,16,深位,否
2,2,outbound,348,B6T0000000139,E4,302220.0,302983.0,303322.0,339.00000000000017,763.0,1102.0,3,45,1,深位,否
2,2,outbound,347,B6T0000000139,E4,302220.0,303322.0,303661.0,339.00000000000017,1102.0,1441.0,4,45,1,浅位,否
2,2,outbound,330,B6T0000000139,E4,302220.0,303661.0,304000.0,339.00000000000017,1441.0,1780.0,4,45,1,深位,否
2,2,outbound,3157,B6T0000001949,E1,306600.0,306600.0,306624.0,24.0,0.0,24.0,3,4,1,深位,否
2,2,outbound,3158,B6T0000001949,E1,306600.0,306624.0,306656.0,32.0,24.0,56.0,3,5,2,深位,否
2,2,outbound,3159,B6T0000001949,E1,306600.0,306656.0,306696.0,40.0,56.0,96.0,3,2,7,深位,否
2,2,inbound,IN0583,B6T0000001732,E1,306780.0,306780.0,306795.0,15.0,0.0,15.0,3,4,1,深位,否
2,2,inbound,IN0583,B6T0000001732,E1,306780.0,306804.0,306823.0,19.0,24.0,43.0,3,5,2,深位,否
2,2,inbound,IN0583,B6T0000001732,E1,306780.0,306836.0,306859.0,23.0,56.0,79.0,3,2,7,深位,否
2,2,inbound,IN0583,B6T0000001732,E1,306780.0,306876.0,306901.0,25.0,96.0,121.0,3,7,3,浅位,否
2,2,outbound,1157,B6T0000000245,E4,308040.0,308040.0,308367.0,327.00000000000017,0.0,327.0,4,43,3,深位,否
2,2,outbound,1156,B6T0000000245,E4,308040.0,308367.0,308700.0,333.00000000000017,327.0,660.0,3,44,2,浅位,否
2,2,outbound,1164,B6T0000000245,E4,308040.0,308866.5,309057.0,190.50000000000009,826.5,1017.0,3,43,9,浅位,是
2,2,inbound,IN0071,B6T0000000200,E4,308520.0,308700.0,308866.5,166.50000000000009,180.0,346.5,4,43,3,深位,是
2,2,outbound,1155,B6T0000000245,E4,308040.0,309226.5,309424.0,197.50000000000009,1186.5,1384.0,3,43,9,深位,是
2,2,inbound,IN0071,B6T0000000200,E4,308520.0,309057.0,309226.5,169.50000000000009,537.0,706.5,3,44,2,浅位,是
2,2,outbound,1167,B6T0000000245,E4,308040.0,309596.5,309801.0,204.5000000000001,1556.5,1761.0,4,43,9,浅位,是
2,2,inbound,IN0071,B6T0000000200,E4,308520.0,309424.0,309596.5,172.50000000000009,904.0,1076.5,3,45,1,浅位,是
2,2,inbound,IN0071,B6T0000000200,E4,308520.0,309801.0,309973.5,172.50000000000009,1281.0,1453.5,3,45,1,深位,否
2,2,inbound,IN0071,B6T0000000200,E4,308520.0,310140.0,310312.5,172.50000000000009,1620.0,1792.5,4,45,1,浅位,否
2,2,inbound,IN0071,B6T0000000200,E4,308520.0,310479.0,310651.5,172.50000000000009,1959.0,2131.5,4,45,1,深位,否
2,2,outbound,1158,B6T0000000245,E4,308040.0,310818.0,311173.0,355.00000000000017,2778.0,3133.0,3,45,5,浅位,否
2,2,outbound,1160,B6T0000000245,E4,308040.0,311173.0,311528.0,355.00000000000017,3133.0,3488.0,3,45,5,深位,否
2,2,outbound,1161,B6T0000000245,E4,308040.0,311528.0,311883.0,355.00000000000017,3488.0,3843.0,4,45,5,浅位,否
2,2,outbound,1153,B6T0000000245,E4,308040.0,311883.0,312238.0,355.00000000000017,3843.0,4198.0,4,45,5,深位,否
2,2,outbound,3642,B6T0000001391,E1,312900.0,312900.0,313132.0,232.0,0.0,232.0,3,3,54,浅位,否
2,2,outbound,3643,B6T0000001391,E1,312900.0,313157.0,313386.0,229.0,257.0,486.0,3,3,54,深位,是
2,2,inbound,IN0611,B6T0000001813,E1,312960.0,313132.0,313157.0,25.0,172.0,197.0,3,7,3,深位,是
2,2,inbound,IN0611,B6T0000001813,E1,312960.0,313386.0,313411.0,25.0,426.0,451.0,4,7,3,浅位,否
2,2,inbound,IN0611,B6T0000001813,E1,312960.0,313430.0,313455.0,25.0,470.0,495.0,4,7,3,深位,否
2,2,inbound,IN0513,B6T0000001537,E1,313260.0,313474.0,313503.0,29.0,214.0,243.0,3,2,10,浅位,否
2,2,inbound,IN0513,B6T0000001537,E1,313260.0,313526.0,313555.0,29.0,266.0,295.0,3,2,10,深位,否
2,2,inbound,IN0513,B6T0000001537,E1,313260.0,313578.0,313607.0,29.0,318.0,347.0,4,2,10,浅位,否
2,2,inbound,IN0513,B6T0000001537,E1,313260.0,313630.0,313659.0,29.0,370.0,399.0,4,2,10,深位,否
2,2,inbound,IN0513,B6T0000001537,E1,313260.0,313682.0,313721.0,39.0,422.0,461.0,3,5,12,深位,否
2,2,inbound,IN0513,B6T0000001537,E1,313260.0,313754.0,313793.0,39.0,494.0,533.0,4,5,12,浅位,否
2,2,outbound,2135,B6T0000001633,E1,313560.0,315124.0,315192.0,68.0,1564.0,1632.0,3,4,12,浅位,否
2,2,outbound,2136,B6T0000001633,E1,313560.0,315192.0,315260.0,68.0,1632.0,1700.0,3,4,12,深位,否
2,2,outbound,224,B6T0000000581,E3,311640.0,317634.0,317716.0,82.0,5994.0,6076.0,3,10,8,浅位,否
2,2,outbound,225,B6T0000000581,E3,311640.0,317716.0,317798.0,82.0,6076.0,6158.0,3,10,8,深位,否
2,2,outbound,220,B6T0000000581,E3,311640.0,317798.0,317880.0,82.0,6158.0,6240.0,4,10,8,浅位,否
2,2,outbound,226,B6T0000000581,E3,311640.0,317880.0,317962.0,82.0,6240.0,6322.0,4,10,8,深位,否
2,2,outbound,503,B6T0000001101,E3,309960.0,320009.0,320107.0,98.0,10049.0,10147.0,3,13,6,浅位,否
2,2,outbound,507,B6T0000001101,E3,309960.0,320107.0,320205.0,98.0,10147.0,10245.0,3,13,6,深位,否
2,2,outbound,505,B6T0000001101,E3,309960.0,320205.0,320303.0,98.0,10245.0,10343.0,4,13,6,浅位,否
2,2,outbound,515,B6T0000001101,E3,309960.0,320303.0,320401.0,98.0,10343.0,10441.0,4,13,6,深位,否
2,2,inbound,IN0365,B6T0000001122,E3,341940.0,341940.0,341984.0,44.0,0.0,44.0,3,10,8,浅位,否
2,2,inbound,IN0365,B6T0000001122,E3,341940.0,342022.0,342066.0,44.0,82.0,126.0,3,10,8,深位,否
2,2,inbound,IN0365,B6T0000001122,E3,341940.0,342104.0,342148.0,44.0,164.0,208.0,4,10,8,浅位,否
2,2,inbound,IN0365,B6T0000001122,E3,341940.0,342186.0,342230.0,44.0,246.0,290.0,4,10,8,深位,否
2,2,inbound,IN0365,B6T0000001122,E3,341940.0,342268.0,342320.0,52.0,328.0,380.0,3,13,6,浅位,否
2,2,inbound,IN0365,B6T0000001122,E3,341940.0,342366.0,342418.0,52.0,426.0,478.0,3,13,6,深位,否
2,2,inbound,IN0365,B6T0000001122,E3,341940.0,342464.0,342516.0,52.0,524.0,576.0,4,13,6,浅位,否
2,2,inbound,IN0365,B6T0000001122,E3,341940.0,342562.0,342614.0,52.0,622.0,674.0,4,13,6,深位,否
2,2,inbound,IN0365,B6T0000001122,E3,341940.0,342660.0,342716.0,56.0,720.0,776.0,3,9,16,浅位,否
2,2,inbound,IN0365,B6T0000001122,E3,341940.0,342766.0,342822.0,56.0,826.0,882.0,3,9,16,深位,否
2,2,inbound,IN0365,B6T0000001122,E3,341940.0,342872.0,342928.0,56.0,932.0,988.0,4,9,16,浅位,否
2,2,inbound,IN0365,B6T0000001122,E3,341940.0,342978.0,343034.0,56.0,1038.0,1094.0,4,9,16,深位,否
2,2,inbound,IN0342,B6T0000001047,E3,342120.0,343084.0,343250.0,166.0,964.0,1130.0,4,12,65,深位,否
2,2,inbound,IN0342,B6T0000001047,E3,342120.0,343410.0,343576.0,166.0,1290.0,1456.0,4,13,63,浅位,否
2,2,inbound,IN0342,B6T0000001047,E3,342120.0,343736.0,343902.0,166.0,1616.0,1782.0,4,13,63,深位,否
2,2,inbound,IN0085,B6T0000000229,E4,343260.0,344062.0,344240.5,178.50000000000009,802.0,980.5,3,43,9,浅位,否
2,2,inbound,IN0658,B6T0000001980,E1,344220.0,344413.0,344450.0,37.0,193.0,230.0,3,4,12,浅位,否
2,2,inbound,IN0658,B6T0000001980,E1,344220.0,344481.0,344518.0,37.0,261.0,298.0,3,4,12,深位,否
2,2,inbound,IN0623,B6T0000001844,E1,344520.0,344549.0,344596.0,47.0,29.0,76.0,3,1,20,浅位,否
2,2,inbound,IN0623,B6T0000001844,E1,344520.0,344637.0,344690.0,53.0,117.0,170.0,4,7,17,浅位,否
2,2,inbound,IN0623,B6T0000001844,E1,344520.0,344737.0,344790.0,53.0,217.0,270.0,4,7,17,深位,否
2,2,inbound,IN0623,B6T0000001844,E1,344520.0,344837.0,344912.0,75.0,317.0,392.0,3,4,31,浅位,否
2,2,inbound,IN0623,B6T0000001844,E1,344520.0,344981.0,345092.0,111.0,461.0,572.0,4,8,45,浅位,否
2,2,inbound,IN0623,B6T0000001844,E1,344520.0,345197.0,345308.0,111.0,677.0,788.0,4,8,45,深位,否
2,2,inbound,IN0623,B6T0000001844,E1,344520.0,345413.0,345532.0,119.0,893.0,1012.0,3,3,54,浅位,否
2,2,inbound,IN0623,B6T0000001844,E1,344520.0,345645.0,345764.0,119.0,1125.0,1244.0,3,3,54,深位,否
2,2,outbound,3726,B6T0000001813,E1,345840.0,346000.0,346123.0,123.0,160.0,283.0,3,7,3,深位,是
2,2,inbound,IN0623,B6T0000001844,E1,344520.0,345877.0,346000.0,123.0,1357.0,1480.0,4,7,52,深位,是
2,2,outbound,3727,B6T0000001813,E1,345840.0,346148.0,346173.0,25.0,308.0,333.0,4,7,3,浅位,是
2,2,inbound,IN0623,B6T0000001844,E1,344520.0,346123.0,346148.0,25.0,1603.0,1628.0,3,7,3,深位,是
2,2,outbound,2651,B6T0000001682,E1,345720.0,346198.0,346291.0,93.0,478.0,571.0,3,7,20,浅位,是
2,2,inbound,IN0623,B6T0000001844,E1,344520.0,346173.0,346198.0,25.0,1653.0,1678.0,4,7,3,浅位,是
2,2,outbound,2650,B6T0000001682,E1,345720.0,346350.0,346409.0,59.0,630.0,689.0,3,7,20,深位,是
2,2,inbound,IN0623,B6T0000001844,E1,344520.0,346291.0,346350.0,59.0,1771.0,1830.0,3,7,20,浅位,是
2,2,outbound,2649,B6T0000001682,E1,345720.0,346468.0,346527.0,59.0,748.0,807.0,4,7,20,浅位,是
2,2,inbound,IN0623,B6T0000001844,E1,344520.0,346409.0,346468.0,59.0,1889.0,1948.0,3,7,20,深位,是
2,2,outbound,2648,B6T0000001682,E1,345720.0,346586.0,346645.0,59.0,866.0,925.0,4,7,20,深位,是
2,2,inbound,IN0623,B6T0000001844,E1,344520.0,346527.0,346586.0,59.0,2007.0,2066.0,4,7,20,浅位,是
2,2,outbound,974,B6T0000001844,E1,346200.0,346704.0,346763.0,59.0,504.0,563.0,3,1,6,浅位,是
2,2,inbound,IN0623,B6T0000001844,E1,344520.0,346645.0,346704.0,59.0,2125.0,2184.0,4,7,20,深位,是
2,2,outbound,973,B6T0000001844,E1,346200.0,346782.0,346801.0,19.0,582.0,601.0,3,1,6,深位,是
2,2,inbound,IN0623,B6T0000001844,E1,344520.0,346763.0,346782.0,19.0,2243.0,2262.0,3,1,6,浅位,是
2,2,outbound,972,B6T0000001844,E1,346200.0,346820.0,346839.0,19.0,620.0,639.0,4,1,6,浅位,是
2,2,inbound,IN0623,B6T0000001844,E1,344520.0,346801.0,346820.0,19.0,2281.0,2300.0,3,1,6,深位,是
2,2,outbound,977,B6T0000001844,E1,346200.0,346858.0,346877.0,19.0,658.0,677.0,4,1,6,深位,是
2,2,inbound,IN0623,B6T0000001844,E1,344520.0,346839.0,346858.0,19.0,2319.0,2338.0,4,1,6,浅位,是
2,2,outbound,2736,B6T0000001280,E3,345720.0,346896.0,347073.0,177.0,1176.0,1353.0,4,11,33,浅位,是
2,2,inbound,IN0623,B6T0000001844,E1,344520.0,346877.0,346896.0,19.0,2357.0,2376.0,4,1,6,深位,是
2,2,inbound,IN0623,B6T0000001844,E1,344520.0,347073.0,347171.0,98.0,2553.0,2651.0,4,11,33,浅位,否
2,2,inbound,IN0623,B6T0000001844,E1,344520.0,347263.0,347388.0,125.0,2743.0,2868.0,3,1,59,浅位,否
2,2,outbound,2453,B6T0000001399,E1,346860.0,347632.0,347757.0,125.0,772.0,897.0,3,1,19,浅位,是
2,2,inbound,IN0623,B6T0000001844,E1,344520.0,347507.0,347632.0,125.0,2987.0,3112.0,3,1,59,深位,是
2,2,outbound,752,B6T0000000843,E3,346140.0,347802.0,347937.0,135.0,1662.0,1797.0,3,16,4,浅位,是
2,2,inbound,IN0623,B6T0000001844,E1,344520.0,347757.0,347802.0,45.0,3237.0,3282.0,3,1,19,浅位,是
2,2,outbound,3013,B6T0000001973,E1,347820.0,347997.0,348113.0,116.0,177.0,293.0,3,1,18,浅位,是
2,2,inbound,IN0623,B6T0000001844,E1,344520.0,347937.0,347997.0,59.99999999999999,3417.0,3477.0,3,16,4,浅位,是
2,2,outbound,983,B6T0000001844,E1,346200.0,348156.0,348199.0,43.00000000000001,1956.0,1999.0,3,1,6,浅位,是
2,2,inbound,IN0623,B6T0000001844,E1,344520.0,348113.0,348156.0,43.0,3593.0,3636.0,3,1,18,浅位,是
2,2,outbound,975,B6T0000001844,E1,346200.0,348218.0,348237.0,19.0,2018.0,2037.0,3,1,6,深位,是
2,2,inbound,IN0623,B6T0000001844,E1,344520.0,348199.0,348218.0,19.0,3679.0,3698.0,3,1,6,浅位,是
2,2,outbound,982,B6T0000001844,E1,346200.0,348256.0,348275.0,19.0,2056.0,2075.0,4,1,6,浅位,是
2,2,inbound,IN0623,B6T0000001844,E1,344520.0,348237.0,348256.0,19.0,3717.0,3736.0,3,1,6,深位,是
2,2,outbound,981,B6T0000001844,E1,346200.0,348294.0,348313.0,19.0,2094.0,2113.0,4,1,6,深位,是
2,2,inbound,IN0623,B6T0000001844,E1,344520.0,348275.0,348294.0,19.0,3755.0,3774.0,4,1,6,浅位,是
2,2,outbound,980,B6T0000001844,E1,346200.0,348491.5,348670.0,178.50000000000009,2291.5,2470.0,3,1,6,浅位,是
2,2,inbound,IN0085,B6T0000000229,E4,343260.0,348313.0,348491.5,178.50000000000009,5053.0,5231.5,3,43,9,深位,是
2,2,outbound,979,B6T0000001844,E1,346200.0,348848.5,349027.0,178.50000000000009,2648.5,2827.0,3,1,6,深位,是
2,2,inbound,IN0085,B6T0000000229,E4,343260.0,348670.0,348848.5,178.50000000000009,5410.0,5588.5,4,43,9,浅位,是
2,2,outbound,978,B6T0000001844,E1,346200.0,349207.5,349392.0,184.50000000000009,3007.5,3192.0,4,1,6,浅位,是
2,2,inbound,IN0085,B6T0000000229,E4,343260.0,349027.0,349207.5,180.50000000000009,5767.0,5947.5,3,45,5,浅位,是
2,2,outbound,2208,B6T0000001098,E3,346200.0,349572.5,349841.0,268.5000000000001,3372.5,3641.0,3,9,27,浅位,是
2,2,inbound,IN0085,B6T0000000229,E4,343260.0,349392.0,349572.5,180.50000000000009,6132.0,6312.5,3,45,5,深位,是
2,2,outbound,2209,B6T0000001098,E3,346200.0,350021.5,350290.0,268.5000000000001,3821.5,4090.0,3,9,27,深位,是
2,2,inbound,IN0085,B6T0000000229,E4,343260.0,349841.0,350021.5,180.50000000000009,6581.0,6761.5,4,45,5,浅位,是
2,2,outbound,2210,B6T0000001098,E3,346200.0,350470.5,350739.0,268.5000000000001,4270.5,4539.0,4,9,27,浅位,是
2,2,inbound,IN0082,B6T0000000223,E4,344160.0,350290.0,350470.5,180.50000000000009,6130.0,6310.5,4,45,5,深位,是
2,2,outbound,3226,B6T0000001769,E1,348300.0,350924.5,351230.0,305.5000000000001,2624.5,2930.0,3,7,35,浅位,是
2,2,inbound,IN0082,B6T0000000223,E4,344160.0,350739.0,350924.5,185.50000000000009,6579.0,6764.5,3,46,5,浅位,是
2,2,outbound,3228,B6T0000001769,E1,348300.0,351415.5,351721.0,305.5000000000001,3115.5,3421.0,3,7,35,深位,是
2,2,inbound,IN0082,B6T0000000223,E4,344160.0,351230.0,351415.5,185.50000000000009,7070.0,7255.5,3,46,5,深位,是
2,2,outbound,3227,B6T0000001769,E1,348300.0,351906.5,352212.0,305.5000000000001,3606.5,3912.0,4,7,35,浅位,是
2,2,inbound,IN0063,B6T0000000173,E4,344220.0,351721.0,351906.5,185.50000000000009,7501.0,7686.5,4,46,5,浅位,是
2,2,outbound,2817,B6T0000000976,E3,348120.0,352397.5,352583.0,185.50000000000009,4277.5,4463.0,4,39,5,浅位,是
2,2,inbound,IN0063,B6T0000000173,E4,344220.0,352212.0,352397.5,185.50000000000009,7992.0,8177.5,4,46,5,深位,是
2,2,outbound,2819,B6T0000000976,E3,348120.0,352775.5,352984.0,208.50000000000009,4655.5,4864.0,4,39,5,深位,是
2,2,inbound,IN0063,B6T0000000173,E4,344220.0,352583.0,352775.5,192.50000000000009,8363.0,8555.5,3,49,1,浅位,是
2,2,outbound,271,B6T0000000305,E4,347580.0,352984.0,353317.0,333.00000000000017,5404.0,5737.0,3,44,2,深位,否
2,2,outbound,270,B6T0000000305,E4,347580.0,353317.0,353650.0,333.00000000000017,5737.0,6070.0,4,44,2,浅位,否
2,2,outbound,269,B6T0000000305,E4,347580.0,353650.0,353983.0,333.00000000000017,6070.0,6403.0,4,44,2,深位,否
2,2,outbound,3592,B6T0000000056,E4,347820.0,353983.0,354330.0,347.00000000000017,6163.0,6510.0,4,43,8,深位,否
2,2,outbound,3593,B6T0000000056,E4,347820.0,354330.0,354677.0,347.00000000000017,6510.0,6857.0,3,45,3,浅位,否
2,2,outbound,3422,B6T0000000173,E4,345960.0,354677.0,355042.0,365.00000000000017,8717.0,9082.0,4,46,5,浅位,否
2,2,outbound,3266,B6T0000000994,E3,354900.0,355042.0,355216.0,174.0,142.0,316.0,4,18,15,深位,否
2,2,outbound,3267,B6T0000000994,E3,354900.0,355216.0,355434.0,218.0,316.0,534.0,3,18,26,深位,否
2,2,outbound,3423,B6T0000000173,E4,345960.0,355434.0,355799.0,365.00000000000017,9474.0,9839.0,4,46,5,深位,否
2,2,outbound,1995,B6T0000000186,E4,346080.0,355799.0,356180.0,381.00000000000017,9719.0,10100.0,3,46,9,浅位,否
2,2,outbound,1996,B6T0000000186,E4,346080.0,356180.0,356561.0,381.00000000000017,10100.0,10481.0,3,46,9,深位,否
2,2,outbound,3738,B6T0000000137,E4,347880.0,356561.0,356962.0,401.00000000000017,8681.0,9082.0,3,46,14,浅位,否
2,2,inbound,IN0462,B6T0000001391,E1,358320.0,358320.0,358339.0,19.0,0.0,19.0,3,1,6,浅位,否
2,2,inbound,IN0462,B6T0000001391,E1,358320.0,358352.0,358371.0,19.0,32.0,51.0,3,1,6,深位,否
2,2,inbound,IN0463,B6T0000001393,E1,360300.0,360300.0,360319.0,19.0,0.0,19.0,4,1,6,浅位,否
2,2,inbound,IN0463,B6T0000001393,E1,360300.0,360332.0,360351.0,19.0,32.0,51.0,4,1,6,深位,否
2,2,inbound,IN0463,B6T0000001393,E1,360300.0,360364.0,360442.0,78.0,64.0,142.0,3,9,27,浅位,否
2,2,inbound,IN0463,B6T0000001393,E1,360300.0,360514.0,360592.0,78.0,214.0,292.0,3,9,27,深位,否
2,2,inbound,IN0301,B6T0000000905,E3,360600.0,360664.0,360742.0,78.0,64.0,142.0,4,9,27,浅位,否
2,2,inbound,IN0301,B6T0000000905,E3,360600.0,360814.0,360904.0,90.0,214.0,304.0,4,18,15,深位,否
2,2,inbound,IN0301,B6T0000000905,E3,360600.0,360988.0,361100.0,112.0,388.0,500.0,3,18,26,深位,否
2,2,inbound,IN0301,B6T0000000905,E3,360600.0,361206.0,361360.0,154.00000000000006,606.0,760.0,4,39,5,浅位,否
2,2,inbound,IN0301,B6T0000000905,E3,360600.0,361508.0,361662.0,154.00000000000006,908.0,1062.0,4,39,5,深位,否
2,2,inbound,IN0301,B6T0000000905,E3,360600.0,361810.0,361976.0,166.0,1210.0,1376.0,4,14,61,浅位,否
2,2,inbound,IN0301,B6T0000000905,E3,360600.0,362136.0,362302.0,166.0,1536.0,1702.0,4,14,61,深位,否
2,2,inbound,IN0301,B6T0000000905,E3,360600.0,362462.0,362628.0,166.0,1862.0,2028.0,4,15,59,浅位,否
2,2,inbound,IN0301,B6T0000000905,E3,360600.0,362788.0,362954.0,166.0,2188.0,2354.0,4,15,59,深位,否
2,2,inbound,IN0301,B6T0000000905,E3,360600.0,363114.0,363280.0,166.0,2514.0,2680.0,4,16,57,浅位,否
2,2,inbound,IN0301,B6T0000000905,E3,360600.0,363440.0,363606.0,166.0,2840.0,3006.0,4,16,57,深位,否
2,2,inbound,IN0301,B6T0000000905,E3,360600.0,363766.0,363932.0,166.0,3166.0,3332.0,4,17,55,浅位,否
2,2,inbound,IN0301,B6T0000000905,E3,360600.0,364092.0,364258.0,166.0,3492.0,3658.0,4,17,55,深位,否
2,2,inbound,IN0301,B6T0000000905,E3,360600.0,364418.0,364584.0,166.0,3818.0,3984.0,4,22,45,深位,否
2,2,inbound,IN0301,B6T0000000905,E3,360600.0,364744.0,364912.0,168.0,4144.0,4312.0,3,11,68,浅位,否
2,2,inbound,IN0301,B6T0000000905,E3,360600.0,365074.0,365242.0,168.0,4474.0,4642.0,3,11,68,深位,否
2,2,inbound,IN0301,B6T0000000905,E3,360600.0,365404.0,365572.0,168.0,4804.0,4972.0,3,12,66,浅位,否
2,2,inbound,IN0301,B6T0000000905,E3,360600.0,365734.0,365902.0,168.0,5134.0,5302.0,3,12,66,深位,否
2,2,outbound,3667,B6T0000001940,E1,369420.0,369420.0,369664.0,244.0,0.0,244.0,3,8,52,浅位,否
2,2,outbound,3666,B6T0000001940,E1,369420.0,369664.0,369908.0,244.0,244.0,488.0,3,8,52,深位,否
2,2,outbound,311,B6T0000001196,E3,376560.0,376854.0,376952.0,97.99999999999999,294.0,392.0,3,14,4,浅位,否
2,2,outbound,313,B6T0000001196,E3,376560.0,376952.0,377050.0,97.99999999999999,392.0,490.0,3,14,4,深位,否
2,2,outbound,312,B6T0000001196,E3,376560.0,377050.0,377148.0,97.99999999999999,490.0,588.0,4,14,4,浅位,否
2,2,outbound,918,B6T0000000411,E3,378240.0,378626.0,378740.0,113.99999999999999,386.0,500.0,3,15,6,深位,否
2,2,outbound,913,B6T0000000411,E3,378240.0,378740.0,378854.0,113.99999999999999,500.0,614.0,4,15,6,浅位,否
2,2,outbound,922,B6T0000000411,E3,378240.0,378854.0,378968.0,113.99999999999999,614.0,728.0,4,15,6,深位,否
2,2,inbound,IN0212,B6T0000000616,E3,379440.0,379440.0,379492.0,51.99999999999999,0.0,52.0,3,14,4,浅位,否
2,2,inbound,IN0212,B6T0000000616,E3,379440.0,379538.0,379590.0,51.99999999999999,98.0,150.0,3,14,4,深位,否
2,2,outbound,3720,B6T0000000563,E3,382020.0,382020.0,382378.0,358.0,0.0,358.0,4,26,45,浅位,否
2,2,outbound,3721,B6T0000000563,E3,382020.0,382378.0,382736.0,358.0,358.0,716.0,4,26,45,深位,否
2,2,inbound,IN0375,B6T0000001140,E3,382860.0,382860.0,382912.0,51.99999999999999,0.0,52.0,4,14,4,浅位,否
2,2,outbound,2768,B6T0000001992,E1,382920.0,383018.0,383090.0,72.0,98.0,170.0,4,2,9,深位,是
2,2,inbound,IN0375,B6T0000001140,E3,382860.0,382958.0,383018.0,59.99999999999999,98.0,158.0,3,15,6,深位,是
2,2,outbound,2769,B6T0000001992,E1,382920.0,383150.0,383210.0,59.99999999999999,230.0,290.0,4,7,5,深位,是
2,2,inbound,IN0375,B6T0000001140,E3,382860.0,383090.0,383150.0,59.99999999999999,230.0,290.0,4,15,6,浅位,是
2,2,outbound,2770,B6T0000001992,E1,382920.0,383270.0,383350.0,79.99999999999999,350.0,430.0,3,4,11,浅位,是
2,2,inbound,IN0375,B6T0000001140,E3,382860.0,383210.0,383270.0,59.99999999999999,350.0,410.0,4,15,6,深位,是
2,2,outbound,2771,B6T0000001992,E1,382920.0,383518.0,383686.0,168.0,598.0,766.0,3,4,11,深位,是
2,2,inbound,IN0375,B6T0000001140,E3,382860.0,383350.0,383518.0,168.0,490.0,658.0,3,13,64,浅位,是
2,2,inbound,IN0586,B6T0000001742,E1,383580.0,383686.0,383713.0,27.0,106.0,133.0,4,2,9,深位,否
2,2,inbound,IN0586,B6T0000001742,E1,383580.0,383734.0,383763.0,29.0,154.0,183.0,4,7,5,深位,否
2,2,inbound,IN0586,B6T0000001742,E1,383580.0,383786.0,383821.0,35.0,206.0,241.0,3,4,11,浅位,否
2,2,inbound,IN0586,B6T0000001742,E1,383580.0,383850.0,383885.0,35.0,270.0,305.0,3,4,11,深位,否
2,2,inbound,IN0586,B6T0000001742,E1,383580.0,383914.0,384003.0,89.0,334.0,423.0,3,7,35,浅位,否
2,2,inbound,IN0586,B6T0000001742,E1,383580.0,384086.0,384175.0,89.0,506.0,595.0,3,7,35,深位,否
2,2,inbound,IN0586,B6T0000001742,E1,383580.0,384258.0,384347.0,89.0,678.0,767.0,4,7,35,浅位,否
2,2,inbound,IN0586,B6T0000001742,E1,383580.0,384430.0,384555.0,125.0,850.0,975.0,4,1,59,浅位,否
2,2,inbound,IN0375,B6T0000001140,E3,382860.0,384674.0,384842.0,168.0,1814.0,1982.0,3,13,64,深位,否
2,2,inbound,IN0375,B6T0000001140,E3,382860.0,385004.0,385172.0,168.0,2144.0,2312.0,3,14,62,浅位,否
2,2,inbound,IN0375,B6T0000001140,E3,382860.0,385334.0,385502.0,168.0,2474.0,2642.0,3,14,62,深位,否
2,2,inbound,IN0375,B6T0000001140,E3,382860.0,385664.0,385832.0,168.0,2804.0,2972.0,3,15,60,浅位,否
2,2,inbound,IN0375,B6T0000001140,E3,382860.0,385994.0,386162.0,168.0,3134.0,3302.0,3,15,60,深位,否
2,2,outbound,2758,B6T0000001843,E1,386040.0,386492.0,386660.0,168.0,452.0,620.0,4,5,2,浅位,是
2,2,inbound,IN0375,B6T0000001140,E3,382860.0,386324.0,386492.0,168.0,3464.0,3632.0,3,16,58,浅位,是
2,2,outbound,2756,B6T0000001843,E1,386040.0,386828.0,386996.0,168.0,788.0,956.0,4,5,2,深位,是
2,2,inbound,IN0375,B6T0000001140,E3,382860.0,386660.0,386828.0,168.0,3800.0,3968.0,3,16,58,深位,是
2,2,outbound,2757,B6T0000001843,E1,386040.0,386996.0,387040.0,44.0,956.0,1000.0,4,2,8,浅位,否
2,2,outbound,2759,B6T0000001843,E1,386040.0,387059.0,387102.0,43.0,1019.0,1062.0,4,2,8,深位,是
2,2,inbound,IN0594,B6T0000001767,E1,387000.0,387040.0,387059.0,19.0,40.0,59.0,4,5,2,浅位,是
2,2,inbound,IN0594,B6T0000001767,E1,387000.0,387102.0,387121.0,19.0,102.0,121.0,4,5,2,深位,否
2,2,inbound,IN0594,B6T0000001767,E1,387000.0,387134.0,387159.0,25.0,134.0,159.0,4,2,8,浅位,否
2,2,inbound,IN0516,B6T0000001546,E1,388980.0,388980.0,389005.0,25.0,0.0,25.0,4,2,8,深位,否
2,2,inbound,IN0516,B6T0000001546,E1,388980.0,389024.0,389149.0,125.0,44.0,169.0,4,1,59,深位,否
2,2,inbound,IN0516,B6T0000001546,E1,388980.0,389268.0,389393.0,125.0,288.0,413.0,3,8,52,浅位,否
2,2,inbound,IN0516,B6T0000001546,E1,388980.0,389512.0,389637.0,125.0,532.0,657.0,3,8,52,深位,否
2,2,inbound,IN0516,B6T0000001546,E1,388980.0,389756.0,389883.0,127.0,776.0,903.0,3,1,60,浅位,否
2,2,inbound,IN0516,B6T0000001546,E1,388980.0,390004.0,390131.0,127.0,1024.0,1151.0,3,1,60,深位,否
2,2,inbound,IN0516,B6T0000001546,E1,388980.0,390252.0,390379.0,127.0,1272.0,1399.0,3,2,59,浅位,否
2,2,inbound,IN0516,B6T0000001546,E1,388980.0,390500.0,390627.0,127.0,1520.0,1647.0,3,2,59,深位,否
2,2,outbound,596,B6T0000000247,E4,400380.0,400717.0,401060.0,343.00000000000017,337.0,680.0,3,45,2,浅位,否
2,2,outbound,595,B6T0000000247,E4,400380.0,401060.0,401403.0,343.00000000000017,680.0,1023.0,3,45,2,深位,否
2,2,outbound,6,B6T0000001209,E3,402180.0,402396.0,402450.0,53.99999999999999,216.0,270.0,3,9,3,浅位,否
2,2,outbound,3145,B6T0000001777,E1,402420.0,402450.0,402498.0,48.0,30.0,78.0,3,2,9,浅位,否
2,2,outbound,3146,B6T0000001777,E1,402420.0,402498.0,402546.0,48.0,78.0,126.0,3,2,9,深位,否
2,2,outbound,3147,B6T0000001777,E1,402420.0,402546.0,402594.0,48.0,126.0,174.0,4,2,9,浅位,否
2,2,outbound,5,B6T0000001209,E3,402180.0,402594.0,402648.0,53.99999999999999,414.0,468.0,3,9,3,深位,否
2,2,outbound,4,B6T0000001209,E3,402180.0,402648.0,402702.0,54.0,468.0,522.0,3,10,1,浅位,否
2,2,outbound,2,B6T0000001209,E3,402180.0,402702.0,402756.0,54.0,522.0,576.0,3,10,1,深位,否
2,2,outbound,11,B6T0000001209,E3,402180.0,402756.0,402810.0,54.0,576.0,630.0,4,10,1,浅位,否
2,2,outbound,9,B6T0000001209,E3,402180.0,402810.0,402864.0,54.0,630.0,684.0,4,10,1,深位,否
2,2,inbound,IN0382,B6T0000001165,E3,404580.0,404580.0,404610.0,29.999999999999996,0.0,30.0,3,9,3,浅位,否
2,2,inbound,IN0382,B6T0000001165,E3,404580.0,404634.0,404664.0,29.999999999999996,54.0,84.0,3,9,3,深位,否
2,2,inbound,IN0382,B6T0000001165,E3,404580.0,404688.0,404718.0,30.0,108.0,138.0,3,10,1,浅位,否
2,2,inbound,IN0382,B6T0000001165,E3,404580.0,404742.0,404772.0,30.0,162.0,192.0,3,10,1,深位,否
2,2,inbound,IN0382,B6T0000001165,E3,404580.0,404796.0,404826.0,30.0,216.0,246.0,4,10,1,浅位,否
2,2,inbound,IN0382,B6T0000001165,E3,404580.0,404850.0,404880.0,30.0,270.0,300.0,4,10,1,深位,否
2,2,inbound,IN0382,B6T0000001165,E3,404580.0,404904.0,405072.0,168.0,324.0,492.0,3,17,56,浅位,否
2,2,inbound,IN0382,B6T0000001165,E3,404580.0,405234.0,405402.0,168.0,654.0,822.0,3,17,56,深位,否
2,2,inbound,IN0509,B6T0000001530,E1,405480.0,405564.0,405591.0,27.0,84.0,111.0,3,2,9,浅位,否
2,2,inbound,IN0509,B6T0000001530,E1,405480.0,405612.0,405639.0,27.0,132.0,159.0,3,2,9,深位,否
2,2,inbound,IN0509,B6T0000001530,E1,405480.0,405660.0,405687.0,27.0,180.0,207.0,4,2,9,浅位,否
2,2,inbound,IN0382,B6T0000001165,E3,404580.0,405708.0,405876.0,168.0,1128.0,1296.0,3,18,54,浅位,否
2,2,inbound,IN0382,B6T0000001165,E3,404580.0,406038.0,406206.0,168.0,1458.0,1626.0,3,18,54,深位,否
2,2,inbound,IN0382,B6T0000001165,E3,404580.0,406368.0,406536.0,168.0,1788.0,1956.0,4,11,68,浅位,否
2,2,inbound,IN0043,B6T0000000124,E4,428040.0,428040.0,428209.5,169.50000000000009,0.0,169.5,3,44,2,深位,否
2,2,inbound,IN0043,B6T0000000124,E4,428040.0,428373.0,428542.5,169.50000000000009,333.0,502.5,4,44,2,浅位,否
2,2,inbound,IN0043,B6T0000000124,E4,428040.0,428706.0,428875.5,169.50000000000009,666.0,835.5,4,44,2,深位,否
2,2,inbound,IN0056,B6T0000000149,E4,428040.0,429039.0,429213.5,174.50000000000009,999.0,1173.5,3,45,2,浅位,否
2,2,inbound,IN0056,B6T0000000149,E4,428040.0,429382.0,429556.5,174.50000000000009,1342.0,1516.5,3,45,2,深位,否
2,2,inbound,IN0056,B6T0000000149,E4,428040.0,429725.0,429901.5,176.50000000000009,1685.0,1861.5,4,43,8,深位,否
2,2,inbound,IN0051,B6T0000000142,E4,428100.0,430072.0,430248.5,176.50000000000009,1972.0,2148.5,3,45,3,浅位,否
2,2,inbound,IN0051,B6T0000000142,E4,428100.0,430419.0,430604.5,185.50000000000009,2319.0,2504.5,4,46,5,浅位,否
2,2,inbound,IN0051,B6T0000000142,E4,428100.0,430784.0,430969.5,185.50000000000009,2684.0,2869.5,4,46,5,深位,否
2,2,inbound,IN0090,B6T0000000255,E4,428280.0,431149.0,431342.5,193.50000000000009,2869.0,3062.5,3,46,9,浅位,否
2,2,inbound,IN0090,B6T0000000255,E4,428280.0,431530.0,431723.5,193.50000000000009,3250.0,3443.5,3,46,9,深位,否
2,2,outbound,2686,B6T0000000229,E4,431700.0,432114.5,432318.0,203.5000000000001,414.5,618.0,3,43,9,浅位,是
2,2,inbound,IN0090,B6T0000000255,E4,428280.0,431911.0,432114.5,203.50000000000009,3631.0,3834.5,3,46,14,浅位,是
2,2,outbound,2687,B6T0000000229,E4,431700.0,432496.5,432675.0,178.50000000000009,796.5,975.0,3,43,9,深位,是
2,2,inbound,IN0090,B6T0000000255,E4,428280.0,432318.0,432496.5,178.50000000000009,4038.0,4216.5,3,43,9,浅位,是
2,2,outbound,2684,B6T0000000229,E4,431700.0,432853.5,433032.0,178.50000000000009,1153.5,1332.0,4,43,9,浅位,是
2,2,inbound,IN0040,B6T0000000118,E4,428520.0,432675.0,432853.5,178.50000000000009,4155.0,4333.5,3,43,9,深位,是
2,2,outbound,392,B6T0000000471,E3,433020.0,433210.5,433389.0,178.50000000000006,190.5,369.0,4,17,1,深位,是
2,2,inbound,IN0040,B6T0000000118,E4,428520.0,433032.0,433210.5,178.50000000000009,4512.0,4690.5,4,43,9,浅位,是
2,2,outbound,966,B6T0000000445,E3,432000.0,433597.5,433806.0,208.50000000000006,1597.5,1806.0,3,13,9,浅位,是
2,2,inbound,IN0040,B6T0000000118,E4,428520.0,433389.0,433597.5,208.50000000000009,4869.0,5077.5,3,43,24,浅位,是
2,2,outbound,3654,B6T0000000616,E3,433800.0,434071.5,434337.0,265.50000000000006,271.5,537.0,3,14,4,浅位,是
2,2,inbound,IN0040,B6T0000000118,E4,428520.0,433806.0,434071.5,265.5000000000001,5286.0,5551.5,4,46,45,深位,是
2,2,outbound,627,B6T0000000469,E3,433980.0,434603.5,434870.0,266.5000000000001,623.5,890.0,4,9,11,浅位,是
2,2,inbound,IN0040,B6T0000000118,E4,428520.0,434337.0,434603.5,266.50000000000006,5817.0,6083.5,3,47,43,浅位,是
2,2,outbound,628,B6T0000000469,E3,433980.0,435136.5,435403.0,266.5000000000001,1156.5,1423.0,4,9,11,深位,是
2,2,inbound,IN0040,B6T0000000118,E4,428520.0,434870.0,435136.5,266.50000000000006,6350.0,6616.5,3,47,43,深位,是
2,2,outbound,3655,B6T0000000616,E3,433800.0,435669.5,435936.0,266.50000000000006,1869.5,2136.0,3,14,4,深位,是
2,2,inbound,IN0040,B6T0000000118,E4,428520.0,435403.0,435669.5,266.50000000000006,6883.0,7149.5,4,47,43,浅位,是
2,2,outbound,965,B6T0000000445,E3,432000.0,436202.5,436469.0,266.5000000000001,4202.5,4469.0,3,13,9,深位,是
2,2,inbound,IN0040,B6T0000000118,E4,428520.0,435936.0,436202.5,266.50000000000006,7416.0,7682.5,4,47,43,深位,是
2,2,outbound,1798,B6T0000001271,E3,431820.0,436735.5,437002.0,266.5000000000001,4915.5,5182.0,3,9,22,浅位,是
2,2,inbound,IN0040,B6T0000000118,E4,428520.0,436469.0,436735.5,266.5000000000001,7949.0,8215.5,3,43,53,浅位,是
2,2,outbound,1797,B6T0000001271,E3,431820.0,437268.5,437535.0,266.5000000000001,5448.5,5715.0,3,9,22,深位,是
2,2,inbound,IN0040,B6T0000000118,E4,428520.0,437002.0,437268.5,266.5000000000001,8482.0,8748.5,3,43,53,深位,是
2,2,outbound,1803,B6T0000001271,E3,431820.0,437801.5,438068.0,266.5000000000001,5981.5,6248.0,4,9,22,浅位,是
2,2,inbound,IN0040,B6T0000000118,E4,428520.0,437535.0,437801.5,266.5000000000001,9015.0,9281.5,3,45,48,浅位,是
2,2,outbound,1175,B6T0000001838,E1,437520.0,438334.5,438601.0,266.5000000000001,814.5,1081.0,3,8,3,浅位,是
2,2,inbound,IN0040,B6T0000000118,E4,428520.0,438068.0,438334.5,266.5000000000001,9548.0,9814.5,3,45,48,深位,是
2,2,outbound,1169,B6T0000001838,E1,437520.0,438867.5,439134.0,266.5000000000001,1347.5,1614.0,3,8,3,深位,是
2,2,inbound,IN0040,B6T0000000118,E4,428520.0,438601.0,438867.5,266.5000000000001,10081.0,10347.5,4,43,53,浅位,是
2,2,outbound,1173,B6T0000001838,E1,437520.0,439400.5,439667.0,266.5000000000001,1880.5,2147.0,4,8,3,浅位,是
2,2,inbound,IN0040,B6T0000000118,E4,428520.0,439134.0,439400.5,266.5000000000001,10614.0,10880.5,4,43,53,深位,是
2,2,outbound,1172,B6T0000001838,E1,437520.0,439933.5,440200.0,266.5000000000001,2413.5,2680.0,4,8,3,深位,是
2,2,inbound,IN0040,B6T0000000118,E4,428520.0,439667.0,439933.5,266.5000000000001,11147.0,11413.5,4,45,48,浅位,是
2,2,outbound,1804,B6T0000001271,E3,431820.0,440227.0,440336.0,109.0,8407.0,8516.0,4,9,22,深位,是
2,2,inbound,IN0639,B6T0000001938,E1,439680.0,440200.0,440227.0,27.0,520.0,547.0,3,8,3,浅位,是
2,2,outbound,936,B6T0000000508,E3,434460.0,440363.0,440476.0,113.00000000000001,5903.0,6016.0,3,19,2,浅位,是
2,2,inbound,IN0639,B6T0000001938,E1,439680.0,440336.0,440363.0,27.0,656.0,683.0,3,8,3,深位,是
2,2,outbound,940,B6T0000000508,E3,434460.0,440503.0,440616.0,113.00000000000001,6043.0,6156.0,3,19,2,深位,是
2,2,inbound,IN0639,B6T0000001938,E1,439680.0,440476.0,440503.0,27.0,796.0,823.0,4,8,3,浅位,是
2,2,outbound,2425,B6T0000000890,E3,434940.0,440643.0,440784.0,141.0,5703.0,5844.0,3,9,30,浅位,是
2,2,inbound,IN0639,B6T0000001938,E1,439680.0,440616.0,440643.0,27.0,936.0,963.0,4,8,3,深位,是
2,2,outbound,2426,B6T0000000890,E3,434940.0,441050.5,441317.0,266.5000000000001,6110.5,6377.0,3,9,30,深位,是
2,2,inbound,IN0040,B6T0000000118,E4,428520.0,440784.0,441050.5,266.5000000000001,12264.0,12530.5,4,45,48,深位,是
2,2,outbound,2428,B6T0000000890,E3,434940.0,441584.5,441852.0,267.5000000000001,6644.5,6912.0,4,9,30,浅位,是
2,2,inbound,IN0040,B6T0000000118,E4,428520.0,441317.0,441584.5,267.5000000000001,12797.0,13064.5,3,44,51,浅位,是
2,2,outbound,2429,B6T0000000890,E3,434940.0,442119.5,442387.0,267.5000000000001,7179.5,7447.0,4,9,30,深位,是
2,2,inbound,IN0040,B6T0000000118,E4,428520.0,441852.0,442119.5,267.5000000000001,13332.0,13599.5,3,44,51,深位,是
2,2,outbound,92,B6T0000000261,E4,435240.0,442433.0,442752.0,319.00000000000017,7193.0,7512.0,3,43,2,浅位,是
2,2,inbound,IN0324,B6T0000000976,E3,442080.0,442387.0,442433.0,46.0,307.0,353.0,4,9,11,浅位,是
2,2,outbound,84,B6T0000000261,E4,435240.0,442798.0,443117.0,319.00000000000017,7558.0,7877.0,3,43,2,深位,是
2,2,inbound,IN0324,B6T0000000976,E3,442080.0,442752.0,442798.0,46.0,672.0,718.0,4,9,11,深位,是
2,2,outbound,93,B6T0000000261,E4,435240.0,443169.0,443454.0,285.00000000000017,7929.0,8214.0,4,43,2,浅位,是
2,2,inbound,IN0324,B6T0000000976,E3,442080.0,443117.0,443169.0,51.99999999999999,1037.0,1089.0,3,14,4,浅位,是
2,2,outbound,85,B6T0000000261,E4,435240.0,443506.0,443791.0,285.00000000000017,8266.0,8551.0,4,43,2,深位,是
2,2,inbound,IN0324,B6T0000000976,E3,442080.0,443454.0,443506.0,51.99999999999999,1374.0,1426.0,3,14,4,深位,是
2,2,outbound,2685,B6T0000000229,E4,431700.0,443849.0,444152.0,303.00000000000017,12149.0,12452.0,3,45,5,浅位,是
2,2,inbound,IN0255,B6T0000000746,E3,442320.0,443791.0,443849.0,58.0,1471.0,1529.0,4,17,1,深位,是
2,2,outbound,1261,B6T0000000615,E3,443820.0,444210.0,444292.0,82.0,390.0,472.0,3,16,3,浅位,是
2,2,inbound,IN0255,B6T0000000746,E3,442320.0,444152.0,444210.0,58.0,1832.0,1890.0,3,13,9,浅位,是
2,2,outbound,1262,B6T0000000615,E3,443820.0,444350.0,444408.0,57.99999999999999,530.0,588.0,3,16,3,深位,是
2,2,inbound,IN0255,B6T0000000746,E3,442320.0,444292.0,444350.0,57.99999999999999,1972.0,2030.0,3,16,3,浅位,是
2,2,outbound,1263,B6T0000000615,E3,443820.0,444572.5,444741.0,168.50000000000009,752.5,921.0,4,16,3,浅位,是
2,2,inbound,IN0040,B6T0000000118,E4,428520.0,444408.0,444572.5,164.50000000000009,15888.0,16052.5,3,43,2,浅位,是
2,2,outbound,1264,B6T0000000615,E3,443820.0,444741.0,444851.0,109.99999999999999,921.0,1031.0,4,16,3,深位,否
2,2,outbound,1265,B6T0000000615,E3,443820.0,444851.0,444993.0,142.00000000000003,1031.0,1173.0,3,20,3,浅位,否
2,2,outbound,1269,B6T0000000615,E3,443820.0,444993.0,445135.0,142.00000000000003,1173.0,1315.0,3,20,3,深位,否
2,2,outbound,1276,B6T0000000615,E3,443820.0,445135.0,445277.0,142.00000000000003,1315.0,1457.0,4,20,3,浅位,否
2,2,outbound,1274,B6T0000000615,E3,443820.0,445277.0,445419.0,142.00000000000003,1457.0,1599.0,4,20,3,深位,否
2,2,outbound,1266,B6T0000000615,E3,443820.0,445419.0,445569.0,150.0,1599.0,1749.0,3,20,5,浅位,否
2,2,outbound,1267,B6T0000000615,E3,443820.0,445569.0,445719.0,150.0,1749.0,1899.0,3,20,5,深位,否
2,2,outbound,1117,B6T0000001301,E3,443880.0,445719.0,445821.0,102.0,1839.0,1941.0,3,9,15,浅位,否
2,2,outbound,1116,B6T0000001301,E3,443880.0,445821.0,445923.0,102.0,1941.0,2043.0,3,9,15,深位,否
2,2,outbound,1108,B6T0000001301,E3,443880.0,445923.0,446025.0,102.0,2043.0,2145.0,4,9,15,浅位,否
2,2,outbound,1114,B6T0000001301,E3,443880.0,446025.0,446127.0,102.0,2145.0,2247.0,4,9,15,深位,否
2,2,outbound,1273,B6T0000000615,E3,443820.0,446127.0,446277.0,150.0,2307.0,2457.0,4,20,5,浅位,否
2,2,outbound,1272,B6T0000000615,E3,443820.0,446277.0,446427.0,150.0,2457.0,2607.0,4,20,5,深位,否
2,2,outbound,1125,B6T0000001955,E1,447420.0,447452.0,447492.0,40.0,32.0,72.0,4,4,5,浅位,否
2,2,outbound,1132,B6T0000001955,E1,447420.0,447492.0,447532.0,40.0,72.0,112.0,4,4,5,深位,否
2,2,inbound,IN0224,B6T0000000646,E3,447660.0,447660.0,447714.0,54.0,0.0,54.0,3,9,15,浅位,否
2,2,inbound,IN0224,B6T0000000646,E3,447660.0,447762.0,447816.0,54.0,102.0,156.0,3,9,15,深位,否
2,2,inbound,IN0224,B6T0000000646,E3,447660.0,447864.0,447918.0,54.0,204.0,258.0,4,9,15,浅位,否
2,2,inbound,IN0224,B6T0000000646,E3,447660.0,447966.0,448020.0,54.0,306.0,360.0,4,9,15,深位,否
2,2,inbound,IN0224,B6T0000000646,E3,447660.0,448068.0,448126.0,57.99999999999999,408.0,466.0,3,16,3,深位,否
2,2,inbound,IN0224,B6T0000000646,E3,447660.0,448178.0,448236.0,57.99999999999999,518.0,576.0,4,16,3,浅位,否
2,2,outbound,1593,B6T0000001157,E3,447840.0,449005.0,449127.0,122.0,1165.0,1287.0,3,9,20,浅位,否
2,2,outbound,1592,B6T0000001157,E3,447840.0,449127.0,449249.0,122.0,1287.0,1409.0,3,9,20,深位,否
2,2,outbound,1591,B6T0000001157,E3,447840.0,449249.0,449371.0,122.0,1409.0,1531.0,4,9,20,浅位,否
2,2,outbound,1590,B6T0000001157,E3,447840.0,449371.0,449493.0,122.0,1531.0,1653.0,4,9,20,深位,否
2,2,outbound,1597,B6T0000001157,E3,447840.0,449493.0,449679.0,186.00000000000003,1653.0,1839.0,3,26,2,浅位,否
2,2,outbound,1598,B6T0000001157,E3,447840.0,449679.0,449865.0,186.00000000000003,1839.0,2025.0,3,26,2,深位,否
2,2,outbound,1599,B6T0000001157,E3,447840.0,449865.0,450051.0,186.00000000000003,2025.0,2211.0,4,26,2,浅位,否
2,2,inbound,IN0551,B6T0000001647,E1,453960.0,453960.0,453983.0,23.0,0.0,23.0,4,4,5,浅位,否
2,2,inbound,IN0551,B6T0000001647,E1,453960.0,454000.0,454023.0,23.0,40.0,63.0,4,4,5,深位,否
2,2,inbound,IN0551,B6T0000001647,E1,453960.0,454040.0,454098.0,57.99999999999999,80.0,138.0,4,16,3,深位,否
2,2,inbound,IN0551,B6T0000001647,E1,453960.0,454150.0,454208.0,58.0,190.0,248.0,3,13,9,深位,否
2,2,inbound,IN0551,B6T0000001647,E1,453960.0,454260.0,454324.0,64.0,300.0,364.0,3,9,20,浅位,否
2,2,inbound,IN0551,B6T0000001647,E1,453960.0,454382.0,454446.0,64.0,422.0,486.0,3,9,20,深位,否
2,2,inbound,IN0551,B6T0000001647,E1,453960.0,454504.0,454568.0,64.0,544.0,608.0,4,9,20,浅位,否
2,2,outbound,1323,B6T0000001360,E1,454620.0,454690.0,454754.0,64.0,70.0,134.0,4,2,7,浅位,是
2,2,inbound,IN0551,B6T0000001647,E1,453960.0,454626.0,454690.0,64.0,666.0,730.0,4,9,20,深位,是
2,2,outbound,1324,B6T0000001360,E1,454620.0,454777.0,454800.0,23.0,157.0,180.0,4,2,7,深位,是
2,2,inbound,IN0551,B6T0000001647,E1,453960.0,454754.0,454777.0,23.0,794.0,817.0,4,2,7,浅位,是
2,2,inbound,IN0551,B6T0000001647,E1,453960.0,454800.0,454823.0,23.0,840.0,863.0,4,2,7,深位,否
2,2,outbound,1631,B6T0000001671,E1,456420.0,457351.0,457403.0,52.0,931.0,983.0,3,6,6,浅位,否
2,2,outbound,1624,B6T0000001671,E1,456420.0,457403.0,457455.0,52.0,983.0,1035.0,3,6,6,深位,否
2,2,outbound,1845,B6T0000000219,E4,460560.0,462251.0,462622.0,371.00000000000017,1691.0,2062.0,3,45,9,浅位,否
2,2,outbound,1844,B6T0000000219,E4,460560.0,462622.0,462993.0,371.00000000000017,2062.0,2433.0,3,45,9,深位,否
2,2,outbound,1850,B6T0000000219,E4,460560.0,462993.0,463364.0,371.00000000000017,2433.0,2804.0,4,45,9,浅位,否
2,2,outbound,1842,B6T0000000219,E4,460560.0,463364.0,463735.0,371.00000000000017,2804.0,3175.0,4,45,9,深位,否
2,2,outbound,1207,B6T0000001639,E1,463080.0,464878.0,464918.0,40.0,1798.0,1838.0,3,3,6,浅位,否
2,2,outbound,1206,B6T0000001639,E1,463080.0,464918.0,464958.0,40.0,1838.0,1878.0,3,3,6,深位,否
2,2,outbound,1194,B6T0000001639,E1,463080.0,464958.0,464998.0,40.0,1878.0,1918.0,4,3,6,浅位,否
2,2,outbound,1196,B6T0000001639,E1,463080.0,464998.0,465038.0,40.0,1918.0,1958.0,4,3,6,深位,否
2,2,outbound,540,B6T0000001197,E3,466860.0,467359.0,467465.0,105.99999999999999,499.0,605.0,3,15,4,浅位,否
2,2,outbound,541,B6T0000001197,E3,466860.0,467465.0,467571.0,105.99999999999999,605.0,711.0,3,15,4,深位,否
2,2,outbound,542,B6T0000001197,E3,466860.0,467571.0,467677.0,105.99999999999999,711.0,817.0,4,15,4,浅位,否
2,2,outbound,539,B6T0000001197,E3,466860.0,467677.0,467783.0,105.99999999999999,817.0,923.0,4,15,4,深位,否
2,2,outbound,3585,B6T0000000883,E3,472980.0,472980.0,473254.0,274.0,0.0,274.0,3,9,58,浅位,否
2,2,outbound,3584,B6T0000000883,E3,472980.0,473254.0,473528.0,274.0,274.0,548.0,3,9,58,深位,否
2,2,outbound,2303,B6T0000001178,E3,470880.0,474170.0,474324.0,154.0,3290.0,3444.0,3,9,28,浅位,否
2,2,outbound,2302,B6T0000001178,E3,470880.0,474324.0,474478.0,154.0,3444.0,3598.0,3,9,28,深位,否
2,2,outbound,1902,B6T0000001740,E1,480000.0,480000.0,480060.0,60.0,0.0,60.0,3,4,10,浅位,否
2,2,outbound,1901,B6T0000001740,E1,480000.0,480060.0,480120.0,60.0,60.0,120.0,3,4,10,深位,否
2,2,outbound,1903,B6T0000001740,E1,480000.0,480120.0,480180.0,60.0,120.0,180.0,4,4,10,浅位,否
2,2,outbound,1907,B6T0000001740,E1,480000.0,480180.0,480240.0,60.0,180.0,240.0,4,4,10,深位,否
2,2,outbound,961,B6T0000000445,E3,485940.0,485940.0,486050.0,110.0,0.0,110.0,4,13,9,浅位,否
2,2,outbound,1699,B6T0000001342,E1,486000.0,486050.0,486102.0,52.0,50.0,102.0,3,4,8,浅位,否
2,2,outbound,1700,B6T0000001342,E1,486000.0,486102.0,486154.0,52.0,102.0,154.0,3,4,8,深位,否
2,2,outbound,1702,B6T0000001342,E1,486000.0,486154.0,486206.0,52.0,154.0,206.0,4,4,8,浅位,否
2,2,outbound,1703,B6T0000001342,E1,486000.0,486206.0,486258.0,52.0,206.0,258.0,4,4,8,深位,否
2,2,outbound,959,B6T0000000445,E3,485940.0,486258.0,486368.0,110.0,318.0,428.0,4,13,9,深位,否
2,2,outbound,3475,B6T0000000014,E4,487440.0,487440.0,487787.0,347.00000000000017,0.0,347.0,3,45,3,深位,否
2,2,outbound,3474,B6T0000000014,E4,487440.0,487787.0,488134.0,347.00000000000017,347.0,694.0,4,45,3,浅位,否
2,2,outbound,2081,B6T0000001673,E1,487860.0,488275.0,488343.0,68.0,415.0,483.0,3,6,10,浅位,否
2,2,outbound,2083,B6T0000001673,E1,487860.0,488343.0,488411.0,68.0,483.0,551.0,3,6,10,深位,否
2,2,outbound,2084,B6T0000001673,E1,487860.0,488411.0,488479.0,68.0,551.0,619.0,4,6,10,浅位,否
2,2,outbound,2079,B6T0000001673,E1,487860.0,488479.0,488547.0,68.0,619.0,687.0,4,6,10,深位,否
2,2,outbound,1755,B6T0000000007,E4,479820.0,491460.0,491819.0,359.00000000000017,11640.0,11999.0,3,43,11,浅位,否
2,2,outbound,3069,B6T0000000455,E3,518640.0,518640.0,518722.0,82.0,0.0,82.0,4,9,10,浅位,否
2,2,outbound,3068,B6T0000000455,E3,518640.0,518722.0,518804.0,82.0,82.0,164.0,4,9,10,深位,否
2,2,outbound,1860,B6T0000000725,E3,518520.0,518804.0,518954.0,150.0,284.0,434.0,3,13,19,浅位,否
2,2,outbound,1865,B6T0000000725,E3,518520.0,518954.0,519104.0,150.0,434.0,584.0,3,13,19,深位,否
2,2,outbound,1867,B6T0000000725,E3,518520.0,519104.0,519254.0,150.0,584.0,734.0,4,13,19,浅位,否
2,2,outbound,1868,B6T0000000725,E3,518520.0,519254.0,519404.0,150.0,734.0,884.0,4,13,19,深位,否
2,2,outbound,1287,B6T0000001854,E1,519120.0,519492.0,519532.0,40.0,372.0,412.0,3,2,7,浅位,否
2,2,outbound,783,B6T0000001996,E1,520620.0,520723.0,520763.0,40.0,103.0,143.0,3,7,2,浅位,否
2,2,outbound,785,B6T0000001996,E1,520620.0,520763.0,520803.0,40.0,143.0,183.0,3,7,2,深位,否
2,2,outbound,786,B6T0000001996,E1,520620.0,520803.0,520843.0,40.0,183.0,223.0,4,7,2,浅位,否
2,2,outbound,787,B6T0000001996,E1,520620.0,520843.0,520883.0,40.0,223.0,263.0,4,7,2,深位,否
2,2,outbound,601,B6T0000000247,E4,521520.0,521520.0,521863.0,343.00000000000017,0.0,343.0,4,45,2,浅位,否
2,2,outbound,619,B6T0000000247,E4,521520.0,521863.0,522206.0,343.00000000000017,343.0,686.0,4,45,2,深位,否
2,2,outbound,3134,B6T0000000635,E3,529320.0,529320.0,529414.0,93.99999999999999,0.0,94.0,3,15,1,浅位,否
2,2,outbound,3135,B6T0000000635,E3,529320.0,529414.0,529508.0,93.99999999999999,94.0,188.0,3,15,1,深位,否
2,2,outbound,3133,B6T0000000635,E3,529320.0,529508.0,529602.0,93.99999999999999,188.0,282.0,4,15,1,浅位,否
2,2,outbound,1928,B6T0000001140,E3,532200.0,532200.0,532298.0,97.99999999999999,0.0,98.0,4,14,4,浅位,否
2,2,outbound,1927,B6T0000001140,E3,532200.0,532298.0,532412.0,113.99999999999999,98.0,212.0,3,15,6,深位,否
2,2,outbound,1926,B6T0000001140,E3,532200.0,532412.0,532526.0,113.99999999999999,212.0,326.0,4,15,6,浅位,否
2,2,outbound,1925,B6T0000001140,E3,532200.0,532526.0,532640.0,113.99999999999999,326.0,440.0,4,15,6,深位,否
2,2,outbound,1930,B6T0000001140,E3,532200.0,532924.0,533066.0,142.0,724.0,866.0,3,10,23,浅位,否
2,2,outbound,1932,B6T0000001140,E3,532200.0,533066.0,533208.0,142.0,866.0,1008.0,3,10,23,深位,否
2,2,outbound,2267,B6T0000001742,E1,534000.0,534000.0,534048.0,48.0,0.0,48.0,4,2,9,深位,否
2,2,outbound,2271,B6T0000001742,E1,534000.0,534048.0,534100.0,52.0,48.0,100.0,4,7,5,深位,否
2,2,outbound,2270,B6T0000001742,E1,534000.0,534100.0,534164.0,64.0,100.0,164.0,3,4,11,浅位,否
2,2,outbound,2266,B6T0000001742,E1,534000.0,534164.0,534228.0,64.0,164.0,228.0,3,4,11,深位,否
2,2,outbound,3320,B6T0000001039,E3,534360.0,534360.0,534454.0,94.0,0.0,94.0,4,13,5,浅位,否
2,2,outbound,3321,B6T0000001039,E3,534360.0,534454.0,534548.0,94.0,94.0,188.0,4,13,5,深位,否
2,2,outbound,2495,B6T0000000257,E4,543720.0,545316.0,545715.0,399.00000000000017,1596.0,1995.0,3,45,16,浅位,否
2,2,outbound,2409,B6T0000000509,E3,549000.0,549385.0,549635.0,250.00000000000006,385.0,635.0,4,32,6,浅位,否
2,2,outbound,2297,B6T0000000431,E3,562500.0,563416.0,563654.0,238.00000000000006,916.0,1154.0,3,31,5,浅位,否
2,2,outbound,2296,B6T0000000431,E3,562500.0,563654.0,563892.0,238.00000000000006,1154.0,1392.0,3,31,5,深位,否
2,2,outbound,1082,B6T0000000178,E4,558720.0,563892.0,564255.0,363.00000000000017,5172.0,5535.0,3,47,2,浅位,否
2,2,outbound,1081,B6T0000000178,E4,558720.0,564255.0,564618.0,363.00000000000017,5535.0,5898.0,3,47,2,深位,否
2,2,outbound,3249,B6T0000000223,E4,564480.0,564618.0,564973.0,355.00000000000017,138.0,493.0,4,45,5,深位,否
2,2,outbound,1074,B6T0000000178,E4,558720.0,564973.0,565336.0,363.00000000000017,6253.0,6616.0,4,47,2,浅位,否
2,2,outbound,1079,B6T0000000178,E4,558720.0,565336.0,565699.0,363.00000000000017,6616.0,6979.0,4,47,2,深位,否
2,2,outbound,3248,B6T0000000223,E4,564480.0,565699.0,566064.0,365.00000000000017,1219.0,1584.0,3,46,5,浅位,否
2,2,outbound,3489,B6T0000001536,E1,565800.0,566064.0,566108.0,44.0,264.0,308.0,3,6,4,深位,否
2,2,outbound,3488,B6T0000001536,E1,565800.0,566108.0,566152.0,44.0,308.0,352.0,3,8,2,深位,否
2,2,outbound,2677,B6T0000000928,E3,568140.0,568140.0,568262.0,122.0,0.0,122.0,3,12,14,浅位,否
2,2,outbound,2678,B6T0000000928,E3,568140.0,568262.0,568384.0,122.0,122.0,244.0,3,12,14,深位,否
2,2,outbound,2679,B6T0000000928,E3,568140.0,568384.0,568506.0,122.0,244.0,366.0,4,12,14,浅位,否
2,2,outbound,2676,B6T0000000928,E3,568140.0,568506.0,568628.0,122.0,366.0,488.0,4,12,14,深位,否
2,2,outbound,2265,B6T0000000534,E3,575160.0,575160.0,575326.0,166.0,0.0,166.0,4,13,23,深位,否
2,2,outbound,2264,B6T0000000534,E3,575160.0,575326.0,575492.0,166.00000000000003,166.0,332.0,3,23,3,深位,否
2,2,outbound,2263,B6T0000000534,E3,575160.0,575492.0,575662.0,170.0,332.0,502.0,4,16,18,深位,否
2,2,outbound,2262,B6T0000000534,E3,575160.0,575662.0,575836.0,174.0,502.0,676.0,4,18,15,浅位,否
2,2,outbound,2261,B6T0000000534,E3,575160.0,575836.0,576022.0,186.00000000000003,676.0,862.0,4,23,8,深位,否
2,2,outbound,2260,B6T0000000534,E3,575160.0,576022.0,576220.0,198.0,862.0,1060.0,4,11,35,浅位,否
3,3,inbound,IN0484,B6T0000001466,E1,0.0,0.0,9.0,9.0,0.0,9.0,6,1,1,深位,否
3,3,inbound,IN0484,B6T0000001466,E1,0.0,12.0,29.0,17.0,12.0,29.0,5,5,1,深位,否
3,3,inbound,IN0484,B6T0000001466,E1,0.0,40.0,59.0,19.0,40.0,59.0,6,1,6,深位,否
3,3,inbound,IN0484,B6T0000001466,E1,0.0,72.0,93.0,21.0,72.0,93.0,6,4,4,深位,否
3,3,inbound,IN0484,B6T0000001466,E1,0.0,108.0,133.0,25.0,108.0,133.0,5,1,9,深位,否
3,3,inbound,IN0484,B6T0000001466,E1,0.0,152.0,177.0,25.0,152.0,177.0,6,3,7,深位,否
3,3,inbound,IN0484,B6T0000001466,E1,0.0,196.0,223.0,27.0,196.0,223.0,6,4,7,深位,否
3,3,inbound,IN0484,B6T0000001466,E1,0.0,244.0,273.0,29.0,244.0,273.0,5,2,10,深位,否
3,3,inbound,IN0484,B6T0000001466,E1,0.0,296.0,329.0,33.0,296.0,329.0,5,5,9,深位,否
3,3,inbound,IN0484,B6T0000001466,E1,0.0,356.0,391.0,35.0,356.0,391.0,6,8,7,深位,否
3,3,inbound,IN0484,B6T0000001466,E1,0.0,420.0,459.0,39.0,420.0,459.0,6,3,14,深位,否
3,3,outbound,3706,B6T0000001047,E3,480.0,533.0,912.0000000000001,379.0000000000001,53.0,432.0000000000001,5,41,29,浅位,是
3,3,inbound,IN0484,B6T0000001466,E1,0.0,492.0,533.0,41.0,492.0,533.0,6,3,15,深位,是
3,3,outbound,3707,B6T0000001047,E3,480.0,953.0000000000001,1332.0000000000002,379.0000000000001,473.0000000000001,852.0000000000002,5,41,29,深位,是
3,3,inbound,IN0484,B6T0000001466,E1,0.0,912.0000000000001,953.0000000000001,41.0,912.0000000000001,953.0000000000001,6,7,11,深位,是
3,3,inbound,IN0484,B6T0000001466,E1,0.0,1332.0000000000002,1375.0000000000002,43.0,1332.0000000000002,1375.0000000000002,6,2,17,深位,否
3,3,inbound,IN0484,B6T0000001466,E1,0.0,1412.0000000000002,1457.0000000000002,45.0,1412.0000000000002,1457.0000000000002,5,7,13,深位,否
3,3,inbound,IN0484,B6T0000001466,E1,0.0,1496.0000000000002,1547.0000000000002,51.0,1496.0000000000002,1547.0000000000002,5,2,21,深位,否
3,3,inbound,IN0484,B6T0000001466,E1,0.0,1592.0000000000002,1647.0000000000002,55.0,1592.0000000000002,1647.0000000000002,5,3,22,深位,否
3,3,inbound,IN0484,B6T0000001466,E1,0.0,1696.0000000000002,1752.0000000000002,56.0,1696.0000000000002,1752.0000000000002,6,10,14,深位,否
3,3,outbound,2227,B6T0000001241,E3,9240.0,9572.0,9738.0,166.0,332.0,498.0,5,13,23,浅位,否
3,3,outbound,2226,B6T0000001241,E3,9240.0,9738.0,9904.0,166.0,498.0,664.0,5,13,23,深位,否
3,3,outbound,2225,B6T0000001241,E3,9240.0,9904.0,10070.0,166.0,664.0,830.0,6,13,23,浅位,否
3,3,outbound,2224,B6T0000001241,E3,9240.0,10070.0,10236.0,166.0,830.0,996.0,6,13,23,深位,否
3,3,inbound,IN0089,B6T0000000247,E4,12540.0,12540.0,12711.5,171.50000000000009,0.0,171.5,6,44,3,深位,否
3,3,inbound,IN0089,B6T0000000247,E4,12540.0,12877.0,13059.5,182.50000000000009,337.0,519.5,5,45,6,深位,否
3,3,inbound,IN0089,B6T0000000247,E4,12540.0,13236.0,13421.5,185.50000000000009,696.0,881.5,6,46,5,深位,否
3,3,inbound,IN0089,B6T0000000247,E4,12540.0,13601.0,13795.5,194.50000000000009,1061.0,1255.5,6,47,7,深位,否
3,3,inbound,IN0089,B6T0000000247,E4,12540.0,13984.0,14180.5,196.50000000000009,1444.0,1640.5,5,43,18,深位,否
3,3,inbound,IN0089,B6T0000000247,E4,12540.0,14371.0,14569.5,198.50000000000009,1831.0,2029.5,5,47,9,深位,否
3,3,inbound,IN0089,B6T0000000247,E4,12540.0,14762.0,14961.5,199.50000000000009,2222.0,2421.5,6,48,7,深位,否
3,3,inbound,IN0089,B6T0000000247,E4,12540.0,15155.0,15377.5,222.50000000000009,2615.0,2837.5,6,47,21,深位,否
3,3,inbound,IN0089,B6T0000000247,E4,12540.0,15594.0,15829.5,235.50000000000009,3054.0,3289.5,6,44,35,深位,否
3,3,inbound,IN0089,B6T0000000247,E4,12540.0,16059.0,16295.5,236.50000000000009,3519.0,3755.5,5,45,33,深位,否
3,3,inbound,IN0089,B6T0000000247,E4,12540.0,16526.0,16764.5,238.50000000000009,3986.0,4224.5,6,49,24,深位,否
3,3,inbound,IN0089,B6T0000000247,E4,12540.0,16997.0,17239.5,242.50000000000009,4457.0,4699.5,6,45,36,深位,否
3,3,inbound,IN0396,B6T0000001204,E3,17460.0,17476.0,17558.0,82.0,16.0,98.0,5,19,9,深位,否
3,3,inbound,IN0396,B6T0000001204,E3,17460.0,17634.0,17720.0,86.0,174.0,260.0,5,13,23,浅位,否
3,3,inbound,IN0396,B6T0000001204,E3,17460.0,17800.0,17886.0,86.0,340.0,426.0,5,13,23,深位,否
3,3,inbound,IN0396,B6T0000001204,E3,17460.0,17966.0,18052.0,86.0,506.0,592.0,6,13,23,浅位,否
3,3,outbound,2849,B6T0000000939,E3,17580.0,18379.5,18627.0,247.50000000000009,799.5,1047.0,5,11,35,浅位,是
3,3,inbound,IN0089,B6T0000000247,E4,12540.0,18132.0,18379.5,247.50000000000009,5592.0,5839.5,5,46,36,深位,是
3,3,outbound,2848,B6T0000000939,E3,17580.0,18882.5,19158.0,275.5000000000001,1302.5,1578.0,5,11,35,深位,是
3,3,inbound,IN0089,B6T0000000247,E4,12540.0,18627.0,18882.5,255.50000000000009,6087.0,6342.5,6,50,30,深位,是
3,3,inbound,IN0089,B6T0000000247,E4,12540.0,19158.0,19416.5,258.5000000000001,6618.0,6876.5,5,43,49,浅位,否
3,3,outbound,2375,B6T0000001791,E1,18480.0,19927.5,20186.0,258.5000000000001,1447.5,1706.0,5,6,14,浅位,是
3,3,inbound,IN0089,B6T0000000247,E4,12540.0,19669.0,19927.5,258.5000000000001,7129.0,7387.5,5,43,49,深位,是
3,3,outbound,2374,B6T0000001791,E1,18480.0,20444.5,20703.0,258.5000000000001,1964.5,2223.0,5,6,14,深位,是
3,3,inbound,IN0089,B6T0000000247,E4,12540.0,20186.0,20444.5,258.5000000000001,7646.0,7904.5,6,43,49,浅位,是
3,3,inbound,IN0089,B6T0000000247,E4,12540.0,20703.0,20961.5,258.5000000000001,8163.0,8421.5,6,43,49,深位,否
3,3,outbound,1973,B6T0000001165,E3,20280.0,21473.5,21733.0,259.50000000000006,1193.5,1453.0,5,18,15,浅位,是
3,3,inbound,IN0089,B6T0000000247,E4,12540.0,21214.0,21473.5,259.5000000000001,8674.0,8933.5,5,44,47,浅位,是
3,3,outbound,1979,B6T0000001165,E3,20280.0,21992.5,22252.0,259.50000000000006,1712.5,1972.0,5,18,15,深位,是
3,3,inbound,IN0089,B6T0000000247,E4,12540.0,21733.0,21992.5,259.5000000000001,9193.0,9452.5,5,44,47,深位,是
3,3,outbound,1980,B6T0000001165,E3,20280.0,22511.5,22771.0,259.50000000000006,2231.5,2491.0,6,18,15,浅位,是
3,3,inbound,IN0089,B6T0000000247,E4,12540.0,22252.0,22511.5,259.5000000000001,9712.0,9971.5,6,44,47,浅位,是
3,3,outbound,1978,B6T0000001165,E3,20280.0,23030.5,23290.0,259.50000000000006,2750.5,3010.0,6,18,15,深位,是
3,3,inbound,IN0089,B6T0000000247,E4,12540.0,22771.0,23030.5,259.5000000000001,10231.0,10490.5,6,44,47,深位,是
3,3,outbound,1515,B6T0000000118,E4,17760.0,23550.5,23811.0,260.5000000000001,5790.5,6051.0,5,43,10,浅位,是
3,3,inbound,IN0089,B6T0000000247,E4,12540.0,23290.0,23550.5,260.5000000000001,10750.0,11010.5,5,43,50,浅位,是
3,3,outbound,1516,B6T0000000118,E4,17760.0,23991.5,24172.0,180.50000000000009,6231.5,6412.0,5,43,10,深位,是
3,3,inbound,IN0089,B6T0000000247,E4,12540.0,23811.0,23991.5,180.50000000000009,11271.0,11451.5,5,43,10,浅位,是
3,3,outbound,1517,B6T0000000118,E4,17760.0,24352.5,24533.0,180.50000000000009,6592.5,6773.0,6,43,10,浅位,是
3,3,inbound,IN0089,B6T0000000247,E4,12540.0,24172.0,24352.5,180.50000000000009,11632.0,11812.5,5,43,10,深位,是
3,3,outbound,1508,B6T0000000118,E4,17760.0,24713.5,24894.0,180.50000000000009,6953.5,7134.0,6,43,10,深位,是
3,3,inbound,IN0089,B6T0000000247,E4,12540.0,24533.0,24713.5,180.50000000000009,11993.0,12173.5,6,43,10,浅位,是
3,3,inbound,IN0089,B6T0000000247,E4,12540.0,24894.0,25074.5,180.50000000000009,12354.0,12534.5,6,43,10,深位,否
3,3,outbound,718,B6T0000000313,E4,19560.0,25509.5,25790.0,280.5000000000001,5949.5,6230.0,5,45,3,浅位,是
3,3,inbound,IN0089,B6T0000000247,E4,12540.0,25249.0,25509.5,260.5000000000001,12709.0,12969.5,5,43,50,深位,是
3,3,outbound,719,B6T0000000313,E4,19560.0,25966.5,26143.0,176.50000000000009,6406.5,6583.0,5,45,3,深位,是
3,3,inbound,IN0089,B6T0000000247,E4,12540.0,25790.0,25966.5,176.50000000000009,13250.0,13426.5,5,45,3,浅位,是
3,3,outbound,720,B6T0000000313,E4,19560.0,26319.5,26496.0,176.50000000000009,6759.5,6936.0,6,45,3,浅位,是
3,3,inbound,IN0089,B6T0000000247,E4,12540.0,26143.0,26319.5,176.50000000000009,13603.0,13779.5,5,45,3,深位,是
3,3,outbound,721,B6T0000000313,E4,19560.0,26672.5,26849.0,176.50000000000009,7112.5,7289.0,6,45,3,深位,是
3,3,inbound,IN0089,B6T0000000247,E4,12540.0,26496.0,26672.5,176.50000000000009,13956.0,14132.5,6,45,3,浅位,是
3,3,outbound,2056,B6T0000001476,E1,26280.0,27025.5,27234.0,208.50000000000009,745.5,954.0,5,4,11,浅位,是
3,3,inbound,IN0089,B6T0000000247,E4,12540.0,26849.0,27025.5,176.50000000000009,14309.0,14485.5,6,45,3,深位,是
3,3,outbound,2051,B6T0000001476,E1,26280.0,27494.5,27755.0,260.5000000000001,1214.5,1475.0,5,4,11,深位,是
3,3,inbound,IN0089,B6T0000000247,E4,12540.0,27234.0,27494.5,260.5000000000001,14694.0,14954.5,6,43,50,浅位,是
3,3,outbound,2050,B6T0000001476,E1,26280.0,28015.5,28276.0,260.5000000000001,1735.5,1996.0,6,4,11,浅位,是
3,3,inbound,IN0089,B6T0000000247,E4,12540.0,27755.0,28015.5,260.5000000000001,15215.0,15475.5,6,43,50,深位,是
3,3,outbound,2789,B6T0000001578,E1,26100.0,28537.5,28799.0,261.5000000000001,2437.5,2699.0,5,1,26,浅位,是
3,3,inbound,IN0089,B6T0000000247,E4,12540.0,28276.0,28537.5,261.5000000000001,15736.0,15997.5,5,44,48,浅位,是
3,3,outbound,2790,B6T0000001578,E1,26100.0,29060.5,29322.0,261.5000000000001,2960.5,3222.0,5,1,26,深位,是
3,3,inbound,IN0089,B6T0000000247,E4,12540.0,28799.0,29060.5,261.5000000000001,16259.0,16520.5,5,44,48,深位,是
3,3,inbound,IN0089,B6T0000000247,E4,12540.0,29322.0,29583.5,261.5000000000001,16782.0,17043.5,6,44,48,浅位,否
3,3,inbound,IN0089,B6T0000000247,E4,12540.0,29839.0,30100.5,261.5000000000001,17299.0,17560.5,6,44,48,深位,否
3,3,inbound,IN0089,B6T0000000247,E4,12540.0,30356.0,30618.5,262.5000000000001,17816.0,18078.5,5,43,51,浅位,否
3,3,outbound,1561,B6T0000001735,E1,30420.0,30961.0,31047.0,86.0,541.0,627.0,5,7,5,浅位,是
3,3,inbound,IN0243,B6T0000000714,E3,30780.0,30875.0,30961.0,86.0,95.0,181.0,6,13,23,深位,是
3,3,outbound,1559,B6T0000001735,E1,30420.0,31137.0,31227.0,90.0,717.0,807.0,5,7,5,深位,是
3,3,inbound,IN0243,B6T0000000714,E3,30780.0,31047.0,31137.0,90.0,267.0,357.0,5,18,15,浅位,是
3,3,outbound,1558,B6T0000001735,E1,30420.0,31489.5,31752.0,262.50000000000006,1069.5,1332.0,6,7,5,浅位,是
3,3,inbound,IN0089,B6T0000000247,E4,12540.0,31227.0,31489.5,262.5000000000001,18687.0,18949.5,5,43,51,深位,是
3,3,outbound,1557,B6T0000001735,E1,30420.0,32014.5,32277.0,262.5000000000001,1594.5,1857.0,6,7,5,深位,是
3,3,inbound,IN0089,B6T0000000247,E4,12540.0,31752.0,32014.5,262.5000000000001,19212.0,19474.5,5,45,46,浅位,是
3,3,outbound,729,B6T0000000140,E4,25680.0,34628.0,34981.0,353.00000000000017,8948.0,9301.0,5,46,2,浅位,否
3,3,outbound,1726,B6T0000001672,E1,35040.0,35040.0,35096.0,56.0,0.0,56.0,6,6,7,浅位,否
3,3,outbound,1725,B6T0000001672,E1,35040.0,35096.0,35152.0,56.0,56.0,112.0,6,6,7,深位,否
3,3,inbound,IN0480,B6T0000001445,E1,35640.0,35640.0,35669.0,29.0,0.0,29.0,5,7,5,浅位,否
3,3,inbound,IN0480,B6T0000001445,E1,35640.0,35692.0,35721.0,29.0,52.0,81.0,5,7,5,深位,否
3,3,outbound,2965,B6T0000000501,E3,36180.0,36180.0,36482.0,302.0000000000001,0.0,302.0,6,36,11,浅位,否
3,3,outbound,2967,B6T0000000501,E3,36180.0,36482.0,36784.0,302.0000000000001,302.0,604.0,6,36,11,深位,否
3,3,outbound,2366,B6T0000001801,E1,37800.0,37800.0,37884.0,84.0,0.0,84.0,6,7,13,浅位,否
3,3,outbound,2362,B6T0000001801,E1,37800.0,37884.0,37968.0,84.0,84.0,168.0,6,7,13,深位,否
3,3,outbound,3491,B6T0000000175,E4,37980.0,37980.0,38455.0,475.00000000000017,0.0,475.0,6,43,40,浅位,否
3,3,outbound,3490,B6T0000000175,E4,37980.0,38455.0,38930.0,475.00000000000017,475.0,950.0,6,43,40,深位,否
3,3,inbound,IN0564,B6T0000001672,E1,39840.0,39840.0,39869.0,29.0,0.0,29.0,6,7,5,浅位,否
3,3,inbound,IN0564,B6T0000001672,E1,39840.0,39892.0,39921.0,29.0,52.0,81.0,6,7,5,深位,否
3,3,inbound,IN0564,B6T0000001672,E1,39840.0,39944.0,39975.0,31.0,104.0,135.0,6,6,7,浅位,否
3,3,inbound,IN0564,B6T0000001672,E1,39840.0,40000.0,40031.0,31.0,160.0,191.0,6,6,7,深位,否
3,3,inbound,IN0564,B6T0000001672,E1,39840.0,40056.0,40091.0,35.0,216.0,251.0,5,4,11,浅位,否
3,3,inbound,IN0564,B6T0000001672,E1,39840.0,40120.0,40155.0,35.0,280.0,315.0,5,4,11,深位,否
3,3,inbound,IN0564,B6T0000001672,E1,39840.0,40184.0,40219.0,35.0,344.0,379.0,6,4,11,浅位,否
3,3,inbound,IN0564,B6T0000001672,E1,39840.0,40248.0,40293.0,45.0,408.0,453.0,5,6,14,浅位,否
3,3,inbound,IN0564,B6T0000001672,E1,39840.0,40332.0,40377.0,45.0,492.0,537.0,5,6,14,深位,否
3,3,inbound,IN0564,B6T0000001672,E1,39840.0,40416.0,40461.0,45.0,576.0,621.0,6,7,13,浅位,否
3,3,inbound,IN0564,B6T0000001672,E1,39840.0,40500.0,40545.0,45.0,660.0,705.0,6,7,13,深位,否
3,3,inbound,IN0564,B6T0000001672,E1,39840.0,40584.0,40641.0,57.0,744.0,801.0,5,8,18,深位,否
3,3,inbound,IN0570,B6T0000001694,E1,39840.0,40692.0,40751.0,59.0,852.0,911.0,5,8,19,深位,否
3,3,inbound,IN0570,B6T0000001694,E1,39840.0,40804.0,40863.0,59.0,964.0,1023.0,5,1,26,浅位,否
3,3,inbound,IN0570,B6T0000001694,E1,39840.0,40916.0,40975.0,59.0,1076.0,1135.0,5,1,26,深位,否
3,3,outbound,2502,B6T0000000481,E3,41940.0,42336.0,42534.0,198.0,396.0,594.0,5,17,23,浅位,否
3,3,outbound,2503,B6T0000000481,E3,41940.0,42534.0,42732.0,198.0,594.0,792.0,5,17,23,深位,否
3,3,outbound,2504,B6T0000000481,E3,41940.0,42732.0,42930.0,198.0,792.0,990.0,6,17,23,浅位,否
3,3,outbound,3368,B6T0000001563,E1,44160.0,44160.0,44348.0,188.0,0.0,188.0,6,4,42,浅位,否
3,3,outbound,3369,B6T0000001563,E1,44160.0,44348.0,44536.0,188.0,188.0,376.0,6,4,42,深位,否
3,3,outbound,1969,B6T0000000437,E3,42600.0,44790.0,44944.0,154.0,2190.0,2344.0,5,13,20,浅位,否
3,3,outbound,1967,B6T0000000437,E3,42600.0,44944.0,45098.0,154.0,2344.0,2498.0,5,13,20,深位,否
3,3,outbound,2908,B6T0000001656,E1,44400.0,45445.0,45569.0,124.0,1045.0,1169.0,5,2,28,浅位,否
3,3,inbound,IN0162,B6T0000000471,E3,48240.0,48240.0,48320.0,80.0,0.0,80.0,5,13,20,浅位,否
3,3,inbound,IN0162,B6T0000000471,E3,48240.0,48394.0,48474.0,80.0,154.0,234.0,5,13,20,深位,否
3,3,inbound,IN0162,B6T0000000471,E3,48240.0,48548.0,48638.0,90.0,308.0,398.0,5,18,15,深位,否
3,3,inbound,IN0162,B6T0000000471,E3,48240.0,48722.0,48812.0,90.0,482.0,572.0,6,18,15,浅位,否
3,3,inbound,IN0162,B6T0000000471,E3,48240.0,48896.0,48986.0,90.0,656.0,746.0,6,18,15,深位,否
3,3,inbound,IN0162,B6T0000000471,E3,48240.0,49070.0,49172.0,102.0,830.0,932.0,5,11,35,浅位,否
3,3,inbound,IN0162,B6T0000000471,E3,48240.0,49268.0,49370.0,102.0,1028.0,1130.0,5,11,35,深位,否
3,3,inbound,IN0162,B6T0000000471,E3,48240.0,49466.0,49568.0,102.0,1226.0,1328.0,5,17,23,浅位,否
3,3,inbound,IN0162,B6T0000000471,E3,48240.0,49664.0,49766.0,102.0,1424.0,1526.0,5,17,23,深位,否
3,3,inbound,IN0162,B6T0000000471,E3,48240.0,49862.0,49964.0,102.0,1622.0,1724.0,6,17,23,浅位,否
3,3,inbound,IN0162,B6T0000000471,E3,48240.0,50060.0,50164.0,104.0,1820.0,1924.0,5,13,32,深位,否
3,3,inbound,IN0162,B6T0000000471,E3,48240.0,50262.0,50384.0,122.0,2022.0,2144.0,5,25,17,深位,否
3,3,inbound,IN0162,B6T0000000471,E3,48240.0,50500.0,50636.0,136.00000000000003,2260.0,2396.0,5,30,14,深位,否
3,3,inbound,IN0162,B6T0000000471,E3,48240.0,50766.0,50902.0,136.00000000000006,2526.0,2662.0,6,34,6,深位,否
3,3,inbound,IN0162,B6T0000000471,E3,48240.0,51032.0,51170.0,138.0,2792.0,2930.0,6,19,37,深位,否
3,3,inbound,IN0162,B6T0000000471,E3,48240.0,51302.0,51442.0,140.0,3062.0,3202.0,6,25,26,深位,否
3,3,inbound,IN0162,B6T0000000471,E3,48240.0,51576.0,51718.0,142.0,3336.0,3478.0,5,25,27,深位,否
3,3,inbound,IN0162,B6T0000000471,E3,48240.0,51854.0,51998.0,144.0,3614.0,3758.0,5,23,32,深位,否
3,3,inbound,IN0162,B6T0000000471,E3,48240.0,52136.0,52280.0,144.0,3896.0,4040.0,5,29,20,深位,否
3,3,inbound,IN0162,B6T0000000471,E3,48240.0,52418.0,52570.0,152.0,4178.0,4330.0,5,9,64,浅位,否
3,3,inbound,IN0162,B6T0000000471,E3,48240.0,52716.0,52868.0,152.0,4476.0,4628.0,5,9,64,深位,否
3,3,inbound,IN0162,B6T0000000471,E3,48240.0,53014.0,53166.0,152.0,4774.0,4926.0,6,9,64,浅位,否
3,3,inbound,IN0162,B6T0000000471,E3,48240.0,53312.0,53464.0,152.0,5072.0,5224.0,6,9,64,深位,否
3,3,inbound,IN0162,B6T0000000471,E3,48240.0,53610.0,53764.0,154.0,5370.0,5524.0,5,9,65,浅位,否
3,3,inbound,IN0162,B6T0000000471,E3,48240.0,53912.0,54066.0,154.0,5672.0,5826.0,5,9,65,深位,否
3,3,outbound,3317,B6T0000000375,E3,54000.0,54368.0,54554.0,185.99999999999997,368.0,554.0,5,14,43,浅位,是
3,3,inbound,IN0162,B6T0000000471,E3,48240.0,54214.0,54368.0,154.0,5974.0,6128.0,5,10,63,浅位,是
3,3,outbound,670,B6T0000001698,E1,54180.0,54684.0,54814.0,130.0,504.0,634.0,5,8,1,浅位,是
3,3,inbound,IN0162,B6T0000000471,E3,48240.0,54554.0,54684.0,129.99999999999997,6314.0,6444.0,5,14,43,浅位,是
3,3,outbound,669,B6T0000001698,E1,54180.0,54968.0,55122.0,154.0,788.0,942.0,5,8,1,深位,是
3,3,inbound,IN0162,B6T0000000471,E3,48240.0,54814.0,54968.0,154.0,6574.0,6728.0,5,10,63,深位,是
3,3,outbound,668,B6T0000001698,E1,54180.0,55276.0,55430.0,154.0,1096.0,1250.0,6,8,1,浅位,是
3,3,inbound,IN0162,B6T0000000471,E3,48240.0,55122.0,55276.0,154.0,6882.0,7036.0,5,11,61,浅位,是
3,3,outbound,667,B6T0000001698,E1,54180.0,55453.0,55476.0,23.0,1273.0,1296.0,6,8,1,深位,是
3,3,inbound,IN0598,B6T0000001776,E1,55260.0,55430.0,55453.0,23.0,170.0,193.0,5,8,1,浅位,是
3,3,outbound,1569,B6T0000001553,E1,54600.0,55499.0,55550.0,51.0,899.0,950.0,5,2,8,浅位,是
3,3,inbound,IN0598,B6T0000001776,E1,55260.0,55476.0,55499.0,23.0,216.0,239.0,5,8,1,深位,是
3,3,outbound,1570,B6T0000001553,E1,54600.0,55573.0,55624.0,51.0,973.0,1024.0,5,2,8,深位,是
3,3,inbound,IN0598,B6T0000001776,E1,55260.0,55550.0,55573.0,23.0,290.0,313.0,6,8,1,浅位,是
3,3,outbound,1571,B6T0000001553,E1,54600.0,55647.0,55698.0,51.0,1047.0,1098.0,6,2,8,浅位,是
3,3,inbound,IN0598,B6T0000001776,E1,55260.0,55624.0,55647.0,23.0,364.0,387.0,6,8,1,深位,是
3,3,outbound,1572,B6T0000001553,E1,54600.0,55723.0,55748.0,25.0,1123.0,1148.0,6,2,8,深位,是
3,3,inbound,IN0598,B6T0000001776,E1,55260.0,55698.0,55723.0,25.0,438.0,463.0,5,2,8,浅位,是
3,3,outbound,2283,B6T0000001811,E1,54840.0,55773.0,55826.0,53.0,933.0,986.0,5,2,15,浅位,是
3,3,inbound,IN0598,B6T0000001776,E1,55260.0,55748.0,55773.0,25.0,488.0,513.0,5,2,8,深位,是
3,3,outbound,2278,B6T0000001811,E1,54840.0,55851.0,55904.0,53.0,1011.0,1064.0,5,2,15,深位,是
3,3,inbound,IN0598,B6T0000001776,E1,55260.0,55826.0,55851.0,25.0,566.0,591.0,6,2,8,浅位,是
3,3,outbound,2280,B6T0000001811,E1,54840.0,55929.0,55982.0,53.0,1089.0,1142.0,6,2,15,浅位,是
3,3,inbound,IN0598,B6T0000001776,E1,55260.0,55904.0,55929.0,25.0,644.0,669.0,6,2,8,深位,是
3,3,outbound,2281,B6T0000001811,E1,54840.0,56136.0,56290.0,154.0,1296.0,1450.0,6,2,15,深位,是
3,3,inbound,IN0162,B6T0000000471,E3,48240.0,55982.0,56136.0,154.0,7742.0,7896.0,5,11,61,深位,是
3,3,outbound,368,B6T0000001440,E1,55740.0,56444.0,56598.0,154.0,704.0,858.0,5,5,2,浅位,是
3,3,inbound,IN0162,B6T0000000471,E3,48240.0,56290.0,56444.0,154.0,8050.0,8204.0,6,9,65,浅位,是
3,3,outbound,364,B6T0000001440,E1,55740.0,56752.0,56906.0,154.0,1012.0,1166.0,5,5,2,深位,是
3,3,inbound,IN0162,B6T0000000471,E3,48240.0,56598.0,56752.0,154.0,8358.0,8512.0,6,9,65,深位,是
3,3,outbound,363,B6T0000001440,E1,55740.0,57060.0,57214.0,154.0,1320.0,1474.0,6,5,2,浅位,是
3,3,inbound,IN0162,B6T0000000471,E3,48240.0,56906.0,57060.0,154.0,8666.0,8820.0,6,10,63,浅位,是
3,3,outbound,369,B6T0000001440,E1,55740.0,57368.0,57522.0,154.0,1628.0,1782.0,6,5,2,深位,是
3,3,inbound,IN0162,B6T0000000471,E3,48240.0,57214.0,57368.0,154.0,8974.0,9128.0,6,10,63,深位,是
3,3,outbound,439,B6T0000000678,E3,56280.0,57541.0,57610.0,69.0,1261.0,1330.0,5,9,10,浅位,是
3,3,inbound,IN0535,B6T0000001587,E1,57420.0,57522.0,57541.0,19.0,102.0,121.0,5,5,2,浅位,是
3,3,outbound,440,B6T0000000678,E3,56280.0,57629.0,57698.0,69.0,1349.0,1418.0,5,9,10,深位,是
3,3,inbound,IN0535,B6T0000001587,E1,57420.0,57610.0,57629.0,19.0,190.0,209.0,5,5,2,深位,是
3,3,outbound,443,B6T0000000678,E3,56280.0,57717.0,57786.0,69.0,1437.0,1506.0,6,9,10,浅位,是
3,3,inbound,IN0535,B6T0000001587,E1,57420.0,57698.0,57717.0,19.0,278.0,297.0,6,5,2,浅位,是
3,3,outbound,450,B6T0000000678,E3,56280.0,57805.0,57874.0,69.0,1525.0,1594.0,6,9,10,深位,是
3,3,inbound,IN0535,B6T0000001587,E1,57420.0,57786.0,57805.0,19.0,366.0,385.0,6,5,2,深位,是
3,3,outbound,3316,B6T0000000375,E3,54000.0,57918.0,58134.0,215.99999999999997,3918.0,4134.0,5,14,43,深位,是
3,3,inbound,IN0177,B6T0000000509,E3,57540.0,57874.0,57918.0,44.0,334.0,378.0,5,9,10,浅位,是
3,3,inbound,IN0177,B6T0000000509,E3,57540.0,58134.0,58178.0,44.0,594.0,638.0,5,9,10,深位,否
3,3,inbound,IN0177,B6T0000000509,E3,57540.0,58216.0,58260.0,44.0,676.0,720.0,6,9,10,浅位,否
3,3,inbound,IN0177,B6T0000000509,E3,57540.0,58298.0,58342.0,44.0,758.0,802.0,6,9,10,深位,否
3,3,inbound,IN0177,B6T0000000509,E3,57540.0,58380.0,58510.0,129.99999999999997,840.0,970.0,5,14,43,深位,否
3,3,inbound,IN0177,B6T0000000509,E3,57540.0,58634.0,58788.0,154.0,1094.0,1248.0,6,11,61,浅位,否
3,3,inbound,IN0162,B6T0000000471,E3,48240.0,58936.0,59090.0,154.0,10696.0,10850.0,6,11,61,深位,否
3,3,inbound,IN0162,B6T0000000471,E3,48240.0,59238.0,59392.0,154.00000000000006,10998.0,11152.0,6,36,11,浅位,否
3,3,inbound,IN0162,B6T0000000471,E3,48240.0,59540.0,59694.0,154.00000000000006,11300.0,11454.0,6,36,11,深位,否
3,3,inbound,IN0162,B6T0000000471,E3,48240.0,59842.0,59998.0,156.0,11602.0,11758.0,5,9,66,浅位,否
3,3,inbound,IN0162,B6T0000000471,E3,48240.0,60148.0,60304.0,156.0,11908.0,12064.0,5,9,66,深位,否
3,3,outbound,1532,B6T0000000088,E4,55680.0,61407.0,61788.0,381.00000000000017,5727.0,6108.0,5,48,4,浅位,否
3,3,outbound,1540,B6T0000000088,E4,55680.0,61788.0,62169.0,381.00000000000017,6108.0,6489.0,5,48,4,深位,否
3,3,inbound,IN0519,B6T0000001553,E1,84300.0,84300.0,84339.0,39.0,0.0,39.0,5,2,15,浅位,否
3,3,inbound,IN0519,B6T0000001553,E1,84300.0,84372.0,84411.0,39.0,72.0,111.0,5,2,15,深位,否
3,3,inbound,IN0519,B6T0000001553,E1,84300.0,84444.0,84483.0,39.0,144.0,183.0,6,2,15,浅位,否
3,3,inbound,IN0519,B6T0000001553,E1,84300.0,84516.0,84555.0,39.0,216.0,255.0,6,2,15,深位,否
3,3,inbound,IN0519,B6T0000001553,E1,84300.0,84588.0,84649.0,61.0,288.0,349.0,6,6,22,深位,否
3,3,inbound,IN0519,B6T0000001553,E1,84300.0,84704.0,84767.0,63.0,404.0,467.0,6,1,28,深位,否
3,3,inbound,IN0519,B6T0000001553,E1,84300.0,84824.0,84887.0,63.00000000000001,524.0,587.0,5,5,24,深位,否
3,3,inbound,IN0519,B6T0000001553,E1,84300.0,84944.0,85009.0,65.0,644.0,709.0,5,2,28,浅位,否
3,3,inbound,IN0519,B6T0000001553,E1,84300.0,85068.0,85133.0,65.0,768.0,833.0,6,1,29,深位,否
3,3,inbound,IN0519,B6T0000001553,E1,84300.0,85192.0,85263.0,71.0,892.0,963.0,6,2,31,深位,否
3,3,inbound,IN0519,B6T0000001553,E1,84300.0,85328.0,85403.0,75.0,1028.0,1103.0,5,5,30,深位,否
3,3,inbound,IN0519,B6T0000001553,E1,84300.0,85472.0,85547.0,75.0,1172.0,1247.0,5,6,29,深位,否
3,3,inbound,IN0519,B6T0000001553,E1,84300.0,85616.0,85693.0,77.0,1316.0,1393.0,5,7,29,深位,否
3,3,inbound,IN0519,B6T0000001553,E1,84300.0,85764.0,85843.0,79.0,1464.0,1543.0,5,8,29,深位,否
3,3,inbound,IN0519,B6T0000001553,E1,84300.0,85916.0,85995.0,79.0,1616.0,1695.0,6,1,36,深位,否
3,3,inbound,IN0519,B6T0000001553,E1,84300.0,86068.0,86149.0,81.0,1768.0,1849.0,6,3,35,深位,否
3,3,outbound,1948,B6T0000000292,E4,86220.0,86307.0,86699.0,392.00000000000017,87.0,479.0,5,44,11,浅位,是
3,3,inbound,IN0519,B6T0000001553,E1,84300.0,86224.0,86307.0,83.0,1924.0,2007.0,6,3,36,深位,是
3,3,outbound,1943,B6T0000000292,E4,86220.0,86699.0,87068.0,369.00000000000017,479.0,848.0,5,44,11,深位,否
3,3,outbound,1835,B6T0000000536,E3,87000.0,87068.0,87254.0,186.00000000000003,68.0,254.0,5,23,8,浅位,否
3,3,outbound,1669,B6T0000001355,E1,87240.0,87254.0,87298.0,44.0,14.0,58.0,6,1,9,浅位,否
3,3,outbound,1667,B6T0000001355,E1,87240.0,87298.0,87342.0,44.0,58.0,102.0,6,1,9,深位,否
3,3,outbound,1838,B6T0000000536,E3,87000.0,87342.0,87528.0,186.00000000000003,342.0,528.0,5,23,8,深位,否
3,3,outbound,546,B6T0000001197,E3,87180.0,87528.0,87630.0,101.99999999999999,348.0,450.0,5,14,5,浅位,否
3,3,outbound,547,B6T0000001197,E3,87180.0,87630.0,87732.0,101.99999999999999,450.0,552.0,5,14,5,深位,否
3,3,outbound,548,B6T0000001197,E3,87180.0,87757.0,87856.0,98.99999999999999,577.0,676.0,6,14,5,浅位,是
3,3,inbound,IN0647,B6T0000001956,E1,87720.0,87732.0,87757.0,25.0,12.0,37.0,6,1,9,浅位,是
3,3,outbound,549,B6T0000001197,E3,87180.0,87881.0,87980.0,98.99999999999999,701.0,800.0,6,14,5,深位,是
3,3,inbound,IN0647,B6T0000001956,E1,87720.0,87856.0,87881.0,25.0,136.0,161.0,6,1,9,深位,是
3,3,outbound,1841,B6T0000000536,E3,87000.0,88034.0,88172.0,138.00000000000003,1034.0,1172.0,6,23,8,浅位,是
3,3,inbound,IN0647,B6T0000001956,E1,87720.0,87980.0,88034.0,53.99999999999999,260.0,314.0,5,14,5,浅位,是
3,3,outbound,1834,B6T0000000536,E3,87000.0,88226.0,88364.0,138.00000000000003,1226.0,1364.0,6,23,8,深位,是
3,3,inbound,IN0647,B6T0000001956,E1,87720.0,88172.0,88226.0,53.99999999999999,452.0,506.0,5,14,5,深位,是
3,3,outbound,2744,B6T0000001086,E3,86820.0,88418.0,88596.0,178.00000000000003,1598.0,1776.0,6,20,24,浅位,是
3,3,inbound,IN0647,B6T0000001956,E1,87720.0,88364.0,88418.0,53.99999999999999,644.0,698.0,6,14,5,浅位,是
3,3,outbound,2157,B6T0000001774,E1,87840.0,88650.0,88736.0,86.0,810.0,896.0,5,3,13,浅位,是
3,3,inbound,IN0548,B6T0000001640,E1,87720.0,88596.0,88650.0,53.99999999999999,876.0,930.0,6,14,5,深位,是
3,3,outbound,2747,B6T0000001086,E3,86820.0,88773.0,88968.0,195.0,1953.0,2148.0,6,20,24,深位,是
3,3,inbound,IN0548,B6T0000001640,E1,87720.0,88736.0,88773.0,37.0,1016.0,1053.0,5,3,13,浅位,是
3,3,outbound,3102,B6T0000000457,E3,87360.0,89053.0,89352.0,299.00000000000006,1693.0,1992.0,6,32,18,浅位,是
3,3,inbound,IN0548,B6T0000001640,E1,87720.0,88968.0,89053.0,85.0,1248.0,1333.0,5,2,38,深位,是
3,3,outbound,2952,B6T0000001640,E1,89280.0,89437.0,89522.0,85.0,157.0,242.0,5,3,13,浅位,是
3,3,inbound,IN0548,B6T0000001640,E1,87720.0,89352.0,89437.0,85.0,1632.0,1717.0,5,4,36,深位,是
3,3,outbound,2951,B6T0000001640,E1,89280.0,89522.0,89624.0,101.99999999999999,242.0,344.0,6,14,5,深位,否
3,3,outbound,2912,B6T0000001900,E1,87300.0,89624.0,89752.0,128.0,2324.0,2452.0,5,4,27,浅位,否
3,3,outbound,3100,B6T0000000457,E3,87360.0,89752.0,90050.0,298.00000000000006,2392.0,2690.0,6,32,18,深位,否
3,3,outbound,3213,B6T0000001226,E3,88080.0,90050.0,90384.0,334.0000000000001,1970.0,2304.0,5,38,15,浅位,否
3,3,outbound,3212,B6T0000001226,E3,88080.0,90384.0,90718.0,334.0000000000001,2304.0,2638.0,5,38,15,深位,否
3,3,outbound,3211,B6T0000001226,E3,88080.0,90772.0,91058.0,286.0000000000001,2692.0,2978.0,6,38,15,浅位,是
3,3,inbound,IN0423,B6T0000001292,E3,90660.0,90718.0,90772.0,53.99999999999999,58.0,112.0,6,14,5,深位,是
3,3,outbound,1944,B6T0000000292,E4,86220.0,91154.0,91433.0,279.0000000000001,4934.0,5213.0,6,44,11,浅位,是
3,3,inbound,IN0423,B6T0000001292,E3,90660.0,91058.0,91154.0,96.00000000000001,398.0,494.0,5,23,8,浅位,是
3,3,outbound,1941,B6T0000000292,E4,86220.0,91529.0,91808.0,279.0000000000001,5309.0,5588.0,6,44,11,深位,是
3,3,inbound,IN0423,B6T0000001292,E3,90660.0,91433.0,91529.0,96.00000000000001,773.0,869.0,5,23,8,深位,是
3,3,inbound,IN0423,B6T0000001292,E3,90660.0,91808.0,91904.0,96.00000000000001,1148.0,1244.0,6,23,8,浅位,否
3,3,inbound,IN0423,B6T0000001292,E3,90660.0,91994.0,92090.0,96.00000000000001,1334.0,1430.0,6,23,8,深位,否
3,3,inbound,IN0423,B6T0000001292,E3,90660.0,92180.0,92296.0,116.00000000000001,1520.0,1636.0,6,20,24,浅位,否
3,3,inbound,IN0315,B6T0000000946,E3,90660.0,92406.0,92522.0,116.00000000000001,1746.0,1862.0,6,20,24,深位,否
3,3,inbound,IN0315,B6T0000000946,E3,90660.0,92632.0,92784.0,152.00000000000003,1972.0,2124.0,6,32,18,浅位,否
3,3,inbound,IN0315,B6T0000000946,E3,90660.0,92930.0,93082.0,152.00000000000003,2270.0,2422.0,6,32,18,深位,否
3,3,outbound,120,B6T0000000154,E4,87960.0,94113.0,94440.0,327.00000000000017,6153.0,6480.0,5,43,3,浅位,否
3,3,outbound,119,B6T0000000154,E4,87960.0,94440.0,94767.0,327.00000000000017,6480.0,6807.0,5,43,3,深位,否
3,3,outbound,118,B6T0000000154,E4,87960.0,94767.0,95094.0,327.00000000000017,6807.0,7134.0,6,43,3,浅位,否
3,3,outbound,123,B6T0000000154,E4,87960.0,95094.0,95421.0,327.00000000000017,7134.0,7461.0,6,43,3,深位,否
3,3,outbound,1384,B6T0000000104,E4,86820.0,96794.0,97145.0,351.00000000000017,9974.0,10325.0,5,43,9,浅位,否
3,3,outbound,1385,B6T0000000104,E4,86820.0,97182.0,97518.0,336.00000000000017,10362.0,10698.0,5,43,9,深位,是
3,3,inbound,IN0459,B6T0000001379,E1,97080.0,97145.0,97182.0,37.0,65.0,102.0,5,3,13,浅位,是
3,3,outbound,1377,B6T0000000104,E4,86820.0,97585.0,97947.0,362.00000000000017,10765.0,11127.0,6,43,9,浅位,是
3,3,inbound,IN0459,B6T0000001379,E1,97080.0,97518.0,97585.0,67.0,438.0,505.0,5,4,27,浅位,是
3,3,outbound,1386,B6T0000000104,E4,86820.0,98032.0,98400.0,368.0000000000001,11212.0,11580.0,6,43,9,深位,是
3,3,inbound,IN0459,B6T0000001379,E1,97080.0,97947.0,98032.0,85.0,867.0,952.0,5,7,33,深位,是
3,3,outbound,1404,B6T0000000408,E3,97380.0,98485.0,98688.0,203.00000000000006,1105.0,1308.0,5,23,3,浅位,是
3,3,inbound,IN0459,B6T0000001379,E1,97080.0,98400.0,98485.0,85.0,1320.0,1405.0,5,8,32,深位,是
3,3,outbound,1405,B6T0000000408,E3,97380.0,98774.0,98860.0,86.00000000000001,1394.0,1480.0,5,23,3,深位,是
3,3,inbound,IN0459,B6T0000001379,E1,97080.0,98688.0,98774.0,86.00000000000001,1608.0,1694.0,5,23,3,浅位,是
3,3,outbound,1406,B6T0000000408,E3,97380.0,98860.0,99026.0,166.00000000000003,1480.0,1646.0,6,23,3,浅位,否
3,3,outbound,1413,B6T0000000408,E3,97380.0,99026.0,99192.0,166.00000000000003,1646.0,1812.0,6,23,3,深位,否
3,3,outbound,1310,B6T0000000836,E3,97740.0,99270.0,99392.0,122.0,1530.0,1652.0,5,12,14,浅位,否
3,3,outbound,1320,B6T0000000836,E3,97740.0,99392.0,99514.0,122.0,1652.0,1774.0,5,12,14,深位,否
3,3,outbound,1322,B6T0000000836,E3,97740.0,99514.0,99636.0,122.0,1774.0,1896.0,6,12,14,浅位,否
3,3,outbound,1312,B6T0000000836,E3,97740.0,99636.0,99758.0,122.0,1896.0,2018.0,6,12,14,深位,否
3,3,outbound,3115,B6T0000000362,E3,106020.0,106480.0,106710.0,230.0,460.0,690.0,5,14,37,浅位,否
3,3,outbound,2449,B6T0000001189,E3,107640.0,107640.0,107850.0,210.00000000000003,0.0,210.0,5,21,18,浅位,否
3,3,outbound,2448,B6T0000001189,E3,107640.0,107850.0,108060.0,210.00000000000003,210.0,420.0,5,21,18,深位,否
3,3,outbound,2447,B6T0000001189,E3,107640.0,108060.0,108270.0,210.00000000000003,420.0,630.0,6,21,18,浅位,否
3,3,outbound,2446,B6T0000001189,E3,107640.0,108270.0,108480.0,210.00000000000003,630.0,840.0,6,21,18,深位,否
3,3,outbound,1055,B6T0000001185,E3,106380.0,108480.0,108622.0,142.00000000000003,2100.0,2242.0,5,20,3,浅位,否
3,3,outbound,1069,B6T0000001185,E3,106380.0,108622.0,108764.0,142.00000000000003,2242.0,2384.0,5,20,3,深位,否
3,3,outbound,1053,B6T0000001185,E3,106380.0,108764.0,108906.0,142.00000000000003,2384.0,2526.0,6,20,3,浅位,否
3,3,outbound,1068,B6T0000001185,E3,106380.0,108906.0,109048.0,142.00000000000003,2526.0,2668.0,6,20,3,深位,否
3,3,inbound,IN0336,B6T0000001036,E3,112440.0,112440.0,112504.0,64.0,0.0,64.0,5,12,14,浅位,否
3,3,inbound,IN0336,B6T0000001036,E3,112440.0,112562.0,112626.0,64.0,122.0,186.0,5,12,14,深位,否
3,3,inbound,IN0336,B6T0000001036,E3,112440.0,112684.0,112748.0,64.0,244.0,308.0,6,12,14,浅位,否
3,3,outbound,2894,B6T0000000451,E3,114240.0,114240.0,114542.0,302.0000000000001,0.0,302.0,5,37,9,浅位,否
3,3,outbound,2893,B6T0000000451,E3,114240.0,114542.0,114844.0,302.0000000000001,302.0,604.0,5,37,9,深位,否
3,3,outbound,2895,B6T0000000451,E3,114240.0,114844.0,115146.0,302.0000000000001,604.0,906.0,6,37,9,浅位,否
3,3,outbound,566,B6T0000001238,E3,113640.0,115146.0,115256.0,109.99999999999999,1506.0,1616.0,5,16,3,浅位,否
3,3,outbound,561,B6T0000001238,E3,113640.0,115256.0,115366.0,109.99999999999999,1616.0,1726.0,5,16,3,深位,否
3,3,outbound,564,B6T0000001238,E3,113640.0,115366.0,115476.0,109.99999999999999,1726.0,1836.0,6,16,3,浅位,否
3,3,inbound,IN0274,B6T0000000824,E3,116880.0,116880.0,116938.0,57.99999999999999,0.0,58.0,5,16,3,浅位,否
3,3,inbound,IN0274,B6T0000000824,E3,116880.0,116990.0,117048.0,57.99999999999999,110.0,168.0,5,16,3,深位,否
3,3,inbound,IN0274,B6T0000000824,E3,116880.0,117100.0,117158.0,57.99999999999999,220.0,278.0,6,16,3,浅位,否
3,3,inbound,IN0253,B6T0000000743,E3,118680.0,118680.0,118744.0,64.0,0.0,64.0,6,12,14,深位,否
3,3,inbound,IN0253,B6T0000000743,E3,118680.0,118802.0,118876.0,74.00000000000001,122.0,196.0,5,20,3,浅位,否
3,3,inbound,IN0253,B6T0000000743,E3,118680.0,118944.0,119018.0,74.00000000000001,264.0,338.0,5,20,3,深位,否
3,3,inbound,IN0253,B6T0000000743,E3,118680.0,119086.0,119160.0,74.00000000000001,406.0,480.0,6,20,3,浅位,否
3,3,inbound,IN0112,B6T0000000323,E3,121620.0,121620.0,121694.0,74.00000000000001,0.0,74.0,6,20,3,深位,否
3,3,inbound,IN0112,B6T0000000323,E3,121620.0,121762.0,121848.0,86.00000000000001,142.0,228.0,5,23,3,深位,否
3,3,outbound,52,B6T0000001104,E3,123780.0,125312.0,125370.0,57.99999999999999,1532.0,1590.0,5,9,4,浅位,否
3,3,outbound,53,B6T0000001104,E3,123780.0,125370.0,125428.0,57.99999999999999,1590.0,1648.0,5,9,4,深位,否
3,3,outbound,54,B6T0000001104,E3,123780.0,125428.0,125486.0,57.99999999999999,1648.0,1706.0,6,9,4,浅位,否
3,3,outbound,55,B6T0000001104,E3,123780.0,125486.0,125544.0,57.99999999999999,1706.0,1764.0,6,9,4,深位,否
3,3,inbound,IN0323,B6T0000000973,E3,125640.0,125640.0,125672.0,31.999999999999996,0.0,32.0,5,9,4,浅位,否
3,3,inbound,IN0323,B6T0000000973,E3,125640.0,125698.0,125730.0,31.999999999999996,58.0,90.0,5,9,4,深位,否
3,3,inbound,IN0323,B6T0000000973,E3,125640.0,125756.0,125788.0,31.999999999999996,116.0,148.0,6,9,4,浅位,否
3,3,inbound,IN0344,B6T0000001055,E3,126600.0,126600.0,126632.0,31.999999999999996,0.0,32.0,6,9,4,深位,否
3,3,inbound,IN0344,B6T0000001055,E3,126600.0,126658.0,126744.0,86.00000000000001,58.0,144.0,6,23,3,浅位,否
3,3,inbound,IN0344,B6T0000001055,E3,126600.0,126824.0,126910.0,86.00000000000001,224.0,310.0,6,23,3,深位,否
3,3,inbound,IN0009,B6T0000000016,E4,127440.0,127440.0,127606.5,166.50000000000009,0.0,166.5,5,43,3,浅位,否
3,3,inbound,IN0009,B6T0000000016,E4,127440.0,127767.0,127933.5,166.50000000000009,327.0,493.5,5,43,3,深位,否
3,3,inbound,IN0009,B6T0000000016,E4,127440.0,128094.0,128260.5,166.50000000000009,654.0,820.5,6,43,3,浅位,否
3,3,outbound,1581,B6T0000001102,E3,127860.0,131327.0,131509.0,182.0,3467.0,3649.0,5,25,3,浅位,否
3,3,outbound,1578,B6T0000001102,E3,127860.0,131509.0,131691.0,182.0,3649.0,3831.0,5,25,3,深位,否
3,3,inbound,IN0035,B6T0000000104,E4,131760.0,131760.0,131926.5,166.50000000000009,0.0,166.5,6,43,3,深位,否
3,3,inbound,IN0035,B6T0000000104,E4,131760.0,132087.0,132265.5,178.50000000000009,327.0,505.5,5,43,9,浅位,否
3,3,inbound,IN0035,B6T0000000104,E4,131760.0,132438.0,132616.5,178.50000000000009,678.0,856.5,5,43,9,深位,否
3,3,inbound,IN0035,B6T0000000104,E4,131760.0,132789.0,132967.5,178.50000000000009,1029.0,1207.5,6,43,9,浅位,否
3,3,inbound,IN0035,B6T0000000104,E4,131760.0,133140.0,133318.5,178.50000000000009,1380.0,1558.5,6,43,9,深位,否
3,3,inbound,IN0035,B6T0000000104,E4,131760.0,133491.0,133670.5,179.50000000000009,1731.0,1910.5,5,46,2,浅位,否
3,3,inbound,IN0035,B6T0000000104,E4,131760.0,133844.0,134031.5,187.50000000000009,2084.0,2271.5,5,44,11,浅位,否
3,3,inbound,IN0035,B6T0000000104,E4,131760.0,134213.0,134400.5,187.50000000000009,2453.0,2640.5,5,44,11,深位,否
3,3,inbound,IN0035,B6T0000000104,E4,131760.0,134582.0,134769.5,187.50000000000009,2822.0,3009.5,6,44,11,浅位,否
3,3,outbound,1040,B6T0000001052,E3,130740.0,135138.5,135326.0,187.50000000000006,4398.5,4586.0,5,18,5,浅位,是
3,3,inbound,IN0035,B6T0000000104,E4,131760.0,134951.0,135138.5,187.50000000000009,3191.0,3378.5,6,44,11,深位,是
3,3,outbound,1039,B6T0000001052,E3,130740.0,135519.5,135717.0,197.50000000000009,4779.5,4977.0,5,18,5,深位,是
3,3,inbound,IN0035,B6T0000000104,E4,131760.0,135326.0,135519.5,193.50000000000009,3566.0,3759.5,5,48,4,浅位,是
3,3,outbound,1050,B6T0000001052,E3,130740.0,135910.5,136108.0,197.50000000000009,5170.5,5368.0,6,18,5,浅位,是
3,3,inbound,IN0035,B6T0000000104,E4,131760.0,135717.0,135910.5,193.50000000000009,3957.0,4150.5,5,48,4,深位,是
3,3,outbound,1047,B6T0000001052,E3,130740.0,136348.5,136589.0,240.50000000000006,5608.5,5849.0,6,18,5,深位,是
3,3,inbound,IN0035,B6T0000000104,E4,131760.0,136108.0,136348.5,240.50000000000009,4348.0,4588.5,6,43,40,浅位,是
3,3,inbound,IN0035,B6T0000000104,E4,131760.0,136589.0,136829.5,240.50000000000009,4829.0,5069.5,6,43,40,深位,否
3,3,inbound,IN0035,B6T0000000104,E4,131760.0,137064.0,137326.5,262.5000000000001,5304.0,5566.5,5,45,46,深位,否
3,3,inbound,IN0035,B6T0000000104,E4,131760.0,137583.0,137845.5,262.5000000000001,5823.0,6085.5,6,43,51,浅位,否
3,3,inbound,IN0035,B6T0000000104,E4,131760.0,138102.0,138364.5,262.5000000000001,6342.0,6604.5,6,43,51,深位,否
3,3,outbound,2639,B6T0000001516,E1,140160.0,140774.0,140886.0,112.0,614.0,726.0,6,8,19,浅位,否
3,3,outbound,1917,B6T0000001647,E1,140580.0,140886.0,140950.0,64.0,306.0,370.0,5,6,9,浅位,否
3,3,outbound,1920,B6T0000001647,E1,140580.0,140950.0,141014.0,64.0,370.0,434.0,5,6,9,深位,否
3,3,outbound,1921,B6T0000001647,E1,140580.0,141014.0,141078.0,64.0,434.0,498.0,6,6,9,浅位,否
3,3,outbound,1922,B6T0000001647,E1,140580.0,141078.0,141142.0,64.0,498.0,562.0,6,6,9,深位,否
3,3,outbound,2636,B6T0000001516,E1,140160.0,141142.0,141254.0,112.0,982.0,1094.0,6,8,19,深位,否
3,3,inbound,IN0660,B6T0000001984,E1,143160.0,143160.0,143195.0,35.0,0.0,35.0,5,6,9,浅位,否
3,3,inbound,IN0660,B6T0000001984,E1,143160.0,143224.0,143259.0,35.0,64.0,99.0,5,6,9,深位,否
3,3,inbound,IN0502,B6T0000001507,E1,145440.0,145440.0,145475.0,35.0,0.0,35.0,6,6,9,浅位,否
3,3,inbound,IN0502,B6T0000001507,E1,145440.0,145504.0,145539.0,35.0,64.0,99.0,6,6,9,深位,否
3,3,inbound,IN0502,B6T0000001507,E1,145440.0,145568.0,145627.0,59.0,128.0,187.0,6,8,19,浅位,否
3,3,inbound,IN0249,B6T0000000732,E3,146520.0,146520.0,146590.0,70.0,0.0,70.0,5,18,5,浅位,否
3,3,inbound,IN0249,B6T0000000732,E3,146520.0,146654.0,146724.0,70.0,134.0,204.0,5,18,5,深位,否
3,3,inbound,IN0249,B6T0000000732,E3,146520.0,146788.0,146858.0,70.0,268.0,338.0,6,18,5,浅位,否
3,3,inbound,IN0249,B6T0000000732,E3,146520.0,146922.0,146992.0,70.0,402.0,472.0,6,18,5,深位,否
3,3,inbound,IN0249,B6T0000000732,E3,146520.0,147056.0,147150.0,94.0,536.0,630.0,5,25,3,浅位,否
3,3,inbound,IN0417,B6T0000001272,E3,146760.0,147238.0,147332.0,94.0,478.0,572.0,5,25,3,深位,否
3,3,inbound,IN0417,B6T0000001272,E3,146760.0,147420.0,147528.0,108.00000000000001,660.0,768.0,5,21,18,浅位,否
3,3,inbound,IN0417,B6T0000001272,E3,146760.0,147630.0,147738.0,108.00000000000001,870.0,978.0,5,21,18,深位,否
3,3,inbound,IN0417,B6T0000001272,E3,146760.0,147840.0,147948.0,108.00000000000001,1080.0,1188.0,6,21,18,浅位,否
3,3,inbound,IN0417,B6T0000001272,E3,146760.0,148050.0,148158.0,108.00000000000001,1290.0,1398.0,6,21,18,深位,否
3,3,inbound,IN0417,B6T0000001272,E3,146760.0,148260.0,148378.0,118.0,1500.0,1618.0,5,14,37,浅位,否
3,3,inbound,IN0417,B6T0000001272,E3,146760.0,148490.0,148644.0,154.00000000000006,1730.0,1884.0,5,37,9,浅位,否
3,3,inbound,IN0417,B6T0000001272,E3,146760.0,148792.0,148946.0,154.00000000000006,2032.0,2186.0,5,37,9,深位,否
3,3,inbound,IN0417,B6T0000001272,E3,146760.0,149094.0,149248.0,154.00000000000006,2334.0,2488.0,6,37,9,浅位,否
3,3,outbound,78,B6T0000000261,E4,143520.0,151422.0,151741.0,319.00000000000017,7902.0,8221.0,5,43,1,浅位,否
3,3,outbound,79,B6T0000000261,E4,143520.0,151741.0,152060.0,319.00000000000017,8221.0,8540.0,5,43,1,深位,否
3,3,outbound,80,B6T0000000261,E4,143520.0,152060.0,152379.0,319.00000000000017,8540.0,8859.0,6,43,1,浅位,否
3,3,outbound,71,B6T0000000261,E4,143520.0,152379.0,152698.0,319.00000000000017,8859.0,9178.0,6,43,1,深位,否
3,3,inbound,IN0553,B6T0000001650,E1,171060.0,171060.0,171119.0,59.0,0.0,59.0,6,8,19,深位,否
3,3,inbound,IN0553,B6T0000001650,E1,171060.0,171172.0,171263.0,91.0,112.0,203.0,5,5,38,深位,否
3,3,outbound,3650,B6T0000001695,E1,172560.0,172560.0,172796.0,236.0,0.0,236.0,6,6,52,浅位,否
3,3,outbound,3651,B6T0000001695,E1,172560.0,172796.0,173032.0,236.0,236.0,472.0,6,6,52,深位,否
3,3,outbound,2035,B6T0000000271,E4,172740.0,173032.0,173399.0,367.00000000000017,292.0,659.0,5,43,13,浅位,否
3,3,outbound,2034,B6T0000000271,E4,172740.0,173399.0,173766.0,367.00000000000017,659.0,1026.0,5,43,13,深位,否
3,3,outbound,2032,B6T0000000271,E4,172740.0,173766.0,174133.0,367.00000000000017,1026.0,1393.0,6,43,13,浅位,否
3,3,outbound,2031,B6T0000000271,E4,172740.0,174133.0,174500.0,367.00000000000017,1393.0,1760.0,6,43,13,深位,否
3,3,outbound,760,B6T0000000843,E3,174120.0,174974.0,175084.0,109.99999999999999,854.0,964.0,5,15,5,浅位,否
3,3,outbound,761,B6T0000000843,E3,174120.0,175084.0,175194.0,109.99999999999999,964.0,1074.0,5,15,5,深位,否
3,3,outbound,762,B6T0000000843,E3,174120.0,175194.0,175304.0,109.99999999999999,1074.0,1184.0,6,15,5,浅位,否
3,3,outbound,772,B6T0000000843,E3,174120.0,175304.0,175414.0,109.99999999999999,1184.0,1294.0,6,15,5,深位,否
3,3,outbound,3365,B6T0000000061,E4,175440.0,175440.0,175907.0,467.00000000000017,0.0,467.0,6,45,33,浅位,否
3,3,outbound,3364,B6T0000000061,E4,175440.0,175907.0,176374.0,467.00000000000017,467.0,934.0,6,45,33,深位,否
3,3,outbound,2618,B6T0000001463,E1,176580.0,176580.0,176680.0,100.0,0.0,100.0,5,3,21,浅位,否
3,3,outbound,2619,B6T0000001463,E1,176580.0,176680.0,176780.0,100.0,100.0,200.0,5,3,21,深位,否
3,3,outbound,2617,B6T0000001463,E1,176580.0,176780.0,176880.0,100.0,200.0,300.0,6,3,21,浅位,否
3,3,outbound,2616,B6T0000001463,E1,176580.0,176880.0,176980.0,100.0,300.0,400.0,6,3,21,深位,否
3,3,outbound,478,B6T0000001382,E1,175680.0,177304.0,177332.0,28.0,1624.0,1652.0,5,2,4,浅位,否
3,3,outbound,479,B6T0000001382,E1,175680.0,177332.0,177360.0,28.0,1652.0,1680.0,5,2,4,深位,否
3,3,outbound,474,B6T0000001382,E1,175680.0,177360.0,177388.0,28.0,1680.0,1708.0,6,2,4,浅位,否
3,3,outbound,480,B6T0000001382,E1,175680.0,177388.0,177416.0,28.0,1708.0,1736.0,6,2,4,深位,否
3,3,outbound,1729,B6T0000001429,E1,175560.0,178584.0,178632.0,48.0,3024.0,3072.0,5,1,10,浅位,否
3,3,outbound,1736,B6T0000001429,E1,175560.0,178632.0,178680.0,48.0,3072.0,3120.0,5,1,10,深位,否
3,3,outbound,1301,B6T0000000996,E3,174420.0,179252.0,179362.0,110.0,4832.0,4942.0,5,9,17,浅位,否
3,3,outbound,1302,B6T0000000996,E3,174420.0,179362.0,179472.0,110.0,4942.0,5052.0,5,9,17,深位,否
3,3,outbound,1307,B6T0000000996,E3,174420.0,179472.0,179582.0,110.0,5052.0,5162.0,6,9,17,浅位,否
3,3,outbound,1306,B6T0000000996,E3,174420.0,179640.0,179746.0,106.0,5220.0,5326.0,6,9,17,深位,是
3,3,inbound,IN0269,B6T0000000810,E3,179580.0,179582.0,179640.0,57.99999999999999,2.0,60.0,5,15,5,浅位,是
3,3,inbound,IN0269,B6T0000000810,E3,179580.0,179746.0,179804.0,57.99999999999999,166.0,224.0,5,15,5,深位,否
3,3,inbound,IN0269,B6T0000000810,E3,179580.0,179856.0,179914.0,57.99999999999999,276.0,334.0,6,15,5,浅位,否
3,3,outbound,1180,B6T0000001103,E3,175020.0,179983.0,180126.0,143.00000000000003,4963.0,5106.0,5,21,3,浅位,是
3,3,inbound,IN0457,B6T0000001373,E1,179940.0,179966.0,179983.0,17.0,26.0,43.0,5,2,4,浅位,是
3,3,outbound,1179,B6T0000001103,E3,175020.0,180143.0,180286.0,143.00000000000003,5123.0,5266.0,5,21,3,深位,是
3,3,inbound,IN0457,B6T0000001373,E1,179940.0,180126.0,180143.0,17.0,186.0,203.0,5,2,4,深位,是
3,3,outbound,1185,B6T0000001103,E3,175020.0,180303.0,180446.0,143.00000000000003,5283.0,5426.0,6,21,3,浅位,是
3,3,inbound,IN0457,B6T0000001373,E1,179940.0,180286.0,180303.0,17.0,346.0,363.0,6,2,4,浅位,是
3,3,outbound,1181,B6T0000001103,E3,175020.0,180463.0,180606.0,143.00000000000003,5443.0,5586.0,6,21,3,深位,是
3,3,inbound,IN0457,B6T0000001373,E1,179940.0,180446.0,180463.0,17.0,506.0,523.0,6,2,4,深位,是
3,3,inbound,IN0269,B6T0000000810,E3,179580.0,180606.0,180664.0,57.99999999999999,1026.0,1084.0,6,15,5,深位,否
3,3,inbound,IN0269,B6T0000000810,E3,179580.0,180716.0,180774.0,58.0,1136.0,1194.0,5,9,17,浅位,否
3,3,inbound,IN0269,B6T0000000810,E3,179580.0,180826.0,180884.0,58.0,1246.0,1304.0,5,9,17,深位,否
3,3,inbound,IN0269,B6T0000000810,E3,179580.0,180936.0,180994.0,58.0,1356.0,1414.0,6,9,17,浅位,否
3,3,inbound,IN0269,B6T0000000810,E3,179580.0,181046.0,181104.0,58.0,1466.0,1524.0,6,9,17,深位,否
3,3,inbound,IN0269,B6T0000000810,E3,179580.0,181156.0,181234.0,78.00000000000001,1576.0,1654.0,5,21,3,浅位,否
3,3,inbound,IN0269,B6T0000000810,E3,179580.0,181306.0,181384.0,78.00000000000001,1726.0,1804.0,5,21,3,深位,否
3,3,outbound,2855,B6T0000000724,E3,181320.0,181534.0,181736.0,202.0,214.0,416.0,5,12,34,浅位,是
3,3,inbound,IN0269,B6T0000000810,E3,179580.0,181456.0,181534.0,78.00000000000001,1876.0,1954.0,6,21,3,浅位,是
3,3,outbound,2853,B6T0000000724,E3,181320.0,181814.0,182016.0,202.0,494.0,696.0,5,12,34,深位,是
3,3,inbound,IN0269,B6T0000000810,E3,179580.0,181736.0,181814.0,78.00000000000001,2156.0,2234.0,6,21,3,深位,是
3,3,outbound,794,B6T0000000540,E3,181380.0,182120.0,182224.0,104.0,740.0,844.0,5,9,12,浅位,是
3,3,inbound,IN0269,B6T0000000810,E3,179580.0,182016.0,182120.0,104.0,2436.0,2540.0,5,12,34,浅位,是
3,3,outbound,796,B6T0000000540,E3,181380.0,182272.0,182320.0,48.0,892.0,940.0,5,9,12,深位,是
3,3,inbound,IN0269,B6T0000000810,E3,179580.0,182224.0,182272.0,48.0,2644.0,2692.0,5,9,12,浅位,是
3,3,outbound,797,B6T0000000540,E3,181380.0,182368.0,182416.0,48.0,988.0,1036.0,6,9,12,浅位,是
3,3,inbound,IN0269,B6T0000000810,E3,179580.0,182320.0,182368.0,48.0,2740.0,2788.0,5,9,12,深位,是
3,3,outbound,790,B6T0000000540,E3,181380.0,182464.0,182512.0,48.0,1084.0,1132.0,6,9,12,深位,是
3,3,inbound,IN0269,B6T0000000810,E3,179580.0,182416.0,182464.0,48.0,2836.0,2884.0,6,9,12,浅位,是
3,3,outbound,2852,B6T0000000724,E3,181320.0,182560.0,182720.0,160.0,1240.0,1400.0,6,12,34,浅位,是
3,3,inbound,IN0269,B6T0000000810,E3,179580.0,182512.0,182560.0,48.0,2932.0,2980.0,6,9,12,深位,是
3,3,outbound,2854,B6T0000000724,E3,181320.0,182824.0,182928.0,104.0,1504.0,1608.0,6,12,34,深位,是
3,3,inbound,IN0269,B6T0000000810,E3,179580.0,182720.0,182824.0,104.0,3140.0,3244.0,5,12,34,深位,是
3,3,outbound,2821,B6T0000000646,E3,182280.0,183032.0,183144.0,112.0,752.0,864.0,6,13,32,浅位,是
3,3,inbound,IN0269,B6T0000000810,E3,179580.0,182928.0,183032.0,104.0,3348.0,3452.0,6,12,34,浅位,是
3,3,outbound,2820,B6T0000000646,E3,182280.0,183248.0,183360.0,112.0,968.0,1080.0,6,13,32,深位,是
3,3,inbound,IN0269,B6T0000000810,E3,179580.0,183144.0,183248.0,104.0,3564.0,3668.0,6,12,34,深位,是
3,3,inbound,IN0269,B6T0000000810,E3,179580.0,183360.0,183464.0,104.0,3780.0,3884.0,6,13,32,浅位,否
3,3,inbound,IN0269,B6T0000000810,E3,179580.0,183562.0,183666.0,104.0,3982.0,4086.0,6,13,32,深位,否
3,3,inbound,IN0269,B6T0000000810,E3,179580.0,183764.0,183920.0,156.0,4184.0,4340.0,5,10,64,浅位,否
3,3,inbound,IN0269,B6T0000000810,E3,179580.0,184070.0,184226.0,156.0,4490.0,4646.0,5,10,64,深位,否
3,3,inbound,IN0269,B6T0000000810,E3,179580.0,184376.0,184532.0,156.0,4796.0,4952.0,5,11,62,浅位,否
3,3,inbound,IN0269,B6T0000000810,E3,179580.0,184682.0,184838.0,156.0,5102.0,5258.0,5,11,62,深位,否
3,3,inbound,IN0269,B6T0000000810,E3,179580.0,184988.0,185144.0,156.0,5408.0,5564.0,5,12,60,浅位,否
3,3,inbound,IN0269,B6T0000000810,E3,179580.0,185294.0,185450.0,156.0,5714.0,5870.0,5,12,60,深位,否
3,3,outbound,1998,B6T0000001313,E3,185400.0,185756.0,185912.0,156.0,356.0,512.0,6,20,13,浅位,是
3,3,inbound,IN0269,B6T0000000810,E3,179580.0,185600.0,185756.0,156.0,6020.0,6176.0,5,21,42,深位,是
3,3,outbound,1999,B6T0000001313,E3,185400.0,186006.0,186100.0,94.0,606.0,700.0,6,20,13,深位,是
3,3,inbound,IN0269,B6T0000000810,E3,179580.0,185912.0,186006.0,94.0,6332.0,6426.0,6,20,13,浅位,是
3,3,inbound,IN0269,B6T0000000810,E3,179580.0,186100.0,186194.0,94.0,6520.0,6614.0,6,20,13,深位,否
3,3,inbound,IN0269,B6T0000000810,E3,179580.0,186282.0,186438.0,156.0,6702.0,6858.0,5,24,36,深位,否
3,3,inbound,IN0269,B6T0000000810,E3,179580.0,186588.0,186744.0,156.0,7008.0,7164.0,6,9,66,浅位,否
3,3,inbound,IN0577,B6T0000001711,E1,186840.0,186894.0,186921.0,27.0,54.0,81.0,5,1,10,浅位,否
3,3,inbound,IN0577,B6T0000001711,E1,186840.0,186942.0,186969.0,27.0,102.0,129.0,5,1,10,深位,否
3,3,inbound,IN0269,B6T0000000810,E3,179580.0,186990.0,187146.0,156.0,7410.0,7566.0,6,9,66,深位,否
3,3,inbound,IN0269,B6T0000000810,E3,179580.0,187296.0,187452.0,156.0,7716.0,7872.0,6,10,64,浅位,否
3,3,outbound,2957,B6T0000000824,E3,187380.0,187758.0,187962.0,204.0,378.0,582.0,5,16,3,浅位,是
3,3,inbound,IN0269,B6T0000000810,E3,179580.0,187602.0,187758.0,156.0,8022.0,8178.0,6,10,64,深位,是
3,3,outbound,2956,B6T0000000824,E3,187380.0,188020.0,188078.0,57.99999999999999,640.0,698.0,5,16,3,深位,是
3,3,inbound,IN0269,B6T0000000810,E3,179580.0,187962.0,188020.0,57.99999999999999,8382.0,8440.0,5,16,3,浅位,是
3,3,outbound,2958,B6T0000000824,E3,187380.0,188136.0,188194.0,57.99999999999999,756.0,814.0,6,16,3,浅位,是
3,3,inbound,IN0269,B6T0000000810,E3,179580.0,188078.0,188136.0,57.99999999999999,8498.0,8556.0,5,16,3,深位,是
3,3,inbound,IN0269,B6T0000000810,E3,179580.0,188194.0,188252.0,57.99999999999999,8614.0,8672.0,6,16,3,浅位,否
3,3,inbound,IN0266,B6T0000000783,E3,179640.0,188304.0,188460.0,156.0,8664.0,8820.0,6,11,62,浅位,否
3,3,inbound,IN0266,B6T0000000783,E3,179640.0,188610.0,188766.0,156.0,8970.0,9126.0,6,11,62,深位,否
3,3,inbound,IN0287,B6T0000000864,E3,179880.0,188916.0,189072.0,156.0,9036.0,9192.0,6,12,60,浅位,否
3,3,inbound,IN0287,B6T0000000864,E3,179880.0,189222.0,189378.0,156.0,9342.0,9498.0,6,12,60,深位,否
3,3,inbound,IN0287,B6T0000000864,E3,179880.0,189528.0,189684.0,156.00000000000006,9648.0,9804.0,6,38,8,深位,否
3,3,inbound,IN0287,B6T0000000864,E3,179880.0,189834.0,189992.0,158.0,9954.0,10112.0,5,9,67,浅位,否
3,3,inbound,IN0257,B6T0000000756,E3,180600.0,190144.0,190302.0,158.0,9544.0,9702.0,5,9,67,深位,否
3,3,outbound,202,B6T0000000932,E3,190380.0,190612.0,190770.0,158.0,232.0,390.0,5,9,8,浅位,是
3,3,inbound,IN0257,B6T0000000756,E3,180600.0,190454.0,190612.0,158.0,9854.0,10012.0,5,10,65,浅位,是
3,3,outbound,201,B6T0000000932,E3,190380.0,190810.0,190850.0,40.0,430.0,470.0,5,9,8,深位,是
3,3,inbound,IN0257,B6T0000000756,E3,180600.0,190770.0,190810.0,40.0,10170.0,10210.0,5,9,8,浅位,是
3,3,outbound,200,B6T0000000932,E3,190380.0,190890.0,190930.0,40.0,510.0,550.0,6,9,8,浅位,是
3,3,inbound,IN0257,B6T0000000756,E3,180600.0,190850.0,190890.0,40.0,10250.0,10290.0,5,9,8,深位,是
3,3,outbound,199,B6T0000000932,E3,190380.0,190970.0,191010.0,40.0,590.0,630.0,6,9,8,深位,是
3,3,inbound,IN0257,B6T0000000756,E3,180600.0,190930.0,190970.0,40.0,10330.0,10370.0,6,9,8,浅位,是
3,3,outbound,1418,B6T0000000947,E3,188580.0,191050.0,191146.0,96.0,2470.0,2566.0,5,13,14,浅位,是
3,3,inbound,IN0257,B6T0000000756,E3,180600.0,191010.0,191050.0,40.0,10410.0,10450.0,6,9,8,深位,是
3,3,outbound,1421,B6T0000000947,E3,188580.0,191146.0,191276.0,130.0,2566.0,2696.0,5,13,14,深位,否
3,3,outbound,1429,B6T0000000947,E3,188580.0,191276.0,191406.0,130.0,2696.0,2826.0,6,13,14,浅位,否
3,3,inbound,IN0343,B6T0000001052,E3,193140.0,193140.0,193208.0,68.0,0.0,68.0,5,13,14,浅位,否
3,3,inbound,IN0343,B6T0000001052,E3,193140.0,193270.0,193338.0,68.0,130.0,198.0,5,13,14,深位,否
3,3,inbound,IN0343,B6T0000001052,E3,193140.0,193400.0,193468.0,68.0,260.0,328.0,6,13,14,浅位,否
3,3,inbound,IN0343,B6T0000001052,E3,193140.0,193530.0,193688.0,158.0,390.0,548.0,5,10,65,深位,否
3,3,inbound,IN0343,B6T0000001052,E3,193140.0,193840.0,193998.0,158.0,700.0,858.0,5,11,63,浅位,否
3,3,inbound,IN0343,B6T0000001052,E3,193140.0,194150.0,194308.0,158.0,1010.0,1168.0,5,11,63,深位,否
3,3,inbound,IN0343,B6T0000001052,E3,193140.0,194460.0,194618.0,158.0,1320.0,1478.0,5,12,61,浅位,否
3,3,inbound,IN0343,B6T0000001052,E3,193140.0,194770.0,194928.0,158.0,1630.0,1788.0,5,12,61,深位,否
3,3,inbound,IN0343,B6T0000001052,E3,193140.0,195080.0,195238.0,158.0,1940.0,2098.0,5,13,59,浅位,否
3,3,inbound,IN0343,B6T0000001052,E3,193140.0,195390.0,195548.0,158.0,2250.0,2408.0,5,13,59,深位,否
3,3,outbound,2729,B6T0000001922,E1,194640.0,195858.0,196016.0,158.0,1218.0,1376.0,5,8,21,浅位,是
3,3,inbound,IN0343,B6T0000001052,E3,193140.0,195700.0,195858.0,158.0,2560.0,2718.0,6,9,67,浅位,是
3,3,outbound,2728,B6T0000001922,E1,194640.0,196174.0,196332.0,158.0,1534.0,1692.0,5,8,21,深位,是
3,3,inbound,IN0343,B6T0000001052,E3,193140.0,196016.0,196174.0,158.0,2876.0,3034.0,6,9,67,深位,是
3,3,inbound,IN0343,B6T0000001052,E3,193140.0,196332.0,196490.0,158.0,3192.0,3350.0,6,10,65,浅位,否
3,3,inbound,IN0343,B6T0000001052,E3,193140.0,196642.0,196800.0,158.0,3502.0,3660.0,6,10,65,深位,否
3,3,inbound,IN0343,B6T0000001052,E3,193140.0,196952.0,197110.0,158.0,3812.0,3970.0,6,11,63,浅位,否
3,3,inbound,IN0343,B6T0000001052,E3,193140.0,197262.0,197420.0,158.0,4122.0,4280.0,6,11,63,深位,否
3,3,inbound,IN0343,B6T0000001052,E3,193140.0,197572.0,197730.0,158.0,4432.0,4590.0,6,12,61,浅位,否
3,3,inbound,IN0343,B6T0000001052,E3,193140.0,197882.0,198040.0,158.0,4742.0,4900.0,6,12,61,深位,否
3,3,inbound,IN0343,B6T0000001052,E3,193140.0,198192.0,198350.0,158.0,5052.0,5210.0,6,13,59,浅位,否
3,3,inbound,IN0343,B6T0000001052,E3,193140.0,198502.0,198660.0,158.0,5362.0,5520.0,6,13,59,深位,否
3,3,inbound,IN0343,B6T0000001052,E3,193140.0,198812.0,198970.0,158.00000000000006,5672.0,5830.0,5,34,17,深位,否
3,3,inbound,IN0343,B6T0000001052,E3,193140.0,199122.0,199282.0,160.0,5982.0,6142.0,5,9,68,浅位,否
3,3,inbound,IN0343,B6T0000001052,E3,193140.0,199436.0,199596.0,160.0,6296.0,6456.0,5,9,68,深位,否
3,3,inbound,IN0343,B6T0000001052,E3,193140.0,199750.0,199910.0,160.0,6610.0,6770.0,5,10,66,浅位,否
3,3,outbound,2321,B6T0000001645,E1,199200.0,200064.0,200136.0,72.0,864.0,936.0,5,1,16,浅位,否
3,3,outbound,2322,B6T0000001645,E1,199200.0,200136.0,200208.0,72.0,936.0,1008.0,5,1,16,深位,否
3,3,outbound,2323,B6T0000001645,E1,199200.0,200208.0,200280.0,72.0,1008.0,1080.0,6,1,16,浅位,否
3,3,outbound,2324,B6T0000001645,E1,199200.0,200280.0,200352.0,72.0,1080.0,1152.0,6,1,16,深位,否
3,3,inbound,IN0038,B6T0000000116,E4,202620.0,202620.0,202782.5,162.50000000000009,0.0,162.5,5,43,1,浅位,否
3,3,inbound,IN0038,B6T0000000116,E4,202620.0,202939.0,203101.5,162.50000000000009,319.0,481.5,5,43,1,深位,否
3,3,inbound,IN0038,B6T0000000116,E4,202620.0,203258.0,203420.5,162.50000000000009,638.0,800.5,6,43,1,浅位,否
3,3,inbound,IN0038,B6T0000000116,E4,202620.0,203577.0,203739.5,162.50000000000009,957.0,1119.5,6,43,1,深位,否
3,3,inbound,IN0038,B6T0000000116,E4,202620.0,203896.0,204082.5,186.50000000000009,1276.0,1462.5,5,43,13,浅位,否
3,3,inbound,IN0038,B6T0000000116,E4,202620.0,204263.0,204449.5,186.50000000000009,1643.0,1829.5,5,43,13,深位,否
3,3,inbound,IN0038,B6T0000000116,E4,202620.0,204630.0,204816.5,186.50000000000009,2010.0,2196.5,6,43,13,浅位,否
3,3,inbound,IN0038,B6T0000000116,E4,202620.0,204997.0,205183.5,186.50000000000009,2377.0,2563.5,6,43,13,深位,否
3,3,inbound,IN0038,B6T0000000116,E4,202620.0,205364.0,205600.5,236.50000000000009,2744.0,2980.5,6,45,33,浅位,否
3,3,inbound,IN0038,B6T0000000116,E4,202620.0,205831.0,206067.5,236.50000000000009,3211.0,3447.5,6,45,33,深位,否
3,3,outbound,215,B6T0000000581,E3,203640.0,206560.5,206823.0,262.5000000000001,2920.5,3183.0,5,9,9,浅位,是
3,3,inbound,IN0038,B6T0000000116,E4,202620.0,206298.0,206560.5,262.5000000000001,3678.0,3940.5,6,45,46,浅位,是
3,3,outbound,216,B6T0000000581,E3,203640.0,206865.0,206907.0,42.0,3225.0,3267.0,5,9,9,深位,是
3,3,inbound,IN0136,B6T0000000407,E3,206760.0,206823.0,206865.0,42.0,63.0,105.0,5,9,9,浅位,是
3,3,outbound,217,B6T0000000581,E3,203640.0,206949.0,206991.0,42.0,3309.0,3351.0,6,9,9,浅位,是
3,3,inbound,IN0136,B6T0000000407,E3,206760.0,206907.0,206949.0,42.0,147.0,189.0,5,9,9,深位,是
3,3,outbound,205,B6T0000000581,E3,203640.0,206991.0,207069.0,78.0,3351.0,3429.0,6,9,9,深位,否
3,3,outbound,3254,B6T0000001694,E1,207420.0,207462.0,207544.0,82.0,42.0,124.0,5,8,19,深位,是
3,3,inbound,IN0127,B6T0000000367,E3,207420.0,207420.0,207462.0,42.0,0.0,42.0,6,9,9,浅位,是
3,3,outbound,3255,B6T0000001694,E1,207420.0,207586.0,207696.0,110.0,166.0,276.0,5,1,26,浅位,是
3,3,inbound,IN0127,B6T0000000367,E3,207420.0,207544.0,207586.0,42.0,124.0,166.0,6,9,9,深位,是
3,3,inbound,IN0127,B6T0000000367,E3,207420.0,207696.0,207856.0,160.0,276.0,436.0,5,10,66,深位,否
3,3,inbound,IN0127,B6T0000000367,E3,207420.0,208010.0,208170.0,160.0,590.0,750.0,5,11,64,浅位,否
3,3,inbound,IN0127,B6T0000000367,E3,207420.0,208324.0,208484.0,160.0,904.0,1064.0,5,11,64,深位,否
3,3,inbound,IN0127,B6T0000000367,E3,207420.0,208638.0,208798.0,160.0,1218.0,1378.0,5,12,62,浅位,否
3,3,inbound,IN0127,B6T0000000367,E3,207420.0,208952.0,209112.0,160.0,1532.0,1692.0,5,12,62,深位,否
3,3,inbound,IN0127,B6T0000000367,E3,207420.0,209266.0,209426.0,160.0,1846.0,2006.0,5,13,60,浅位,否
3,3,inbound,IN0127,B6T0000000367,E3,207420.0,209580.0,209740.0,160.0,2160.0,2320.0,5,13,60,深位,否
3,3,inbound,IN0127,B6T0000000367,E3,207420.0,209894.0,210054.0,160.0,2474.0,2634.0,5,14,58,浅位,否
3,3,inbound,IN0127,B6T0000000367,E3,207420.0,210208.0,210368.0,160.0,2788.0,2948.0,5,14,58,深位,否
3,3,inbound,IN0127,B6T0000000367,E3,207420.0,210522.0,210682.0,160.0,3102.0,3262.0,5,25,36,深位,否
3,3,inbound,IN0127,B6T0000000367,E3,207420.0,210836.0,210996.0,160.0,3416.0,3576.0,6,9,68,浅位,否
3,3,inbound,IN0127,B6T0000000367,E3,207420.0,211150.0,211310.0,160.0,3730.0,3890.0,6,9,68,深位,否
3,3,inbound,IN0127,B6T0000000367,E3,207420.0,211464.0,211624.0,160.0,4044.0,4204.0,6,10,66,浅位,否
3,3,inbound,IN0127,B6T0000000367,E3,207420.0,211778.0,211938.0,160.0,4358.0,4518.0,6,10,66,深位,否
3,3,inbound,IN0127,B6T0000000367,E3,207420.0,212092.0,212252.0,160.0,4672.0,4832.0,6,11,64,浅位,否
3,3,inbound,IN0127,B6T0000000367,E3,207420.0,212406.0,212566.0,160.0,4986.0,5146.0,6,11,64,深位,否
3,3,inbound,IN0127,B6T0000000367,E3,207420.0,212720.0,212880.0,160.0,5300.0,5460.0,6,12,62,浅位,否
3,3,inbound,IN0127,B6T0000000367,E3,207420.0,213034.0,213194.0,160.0,5614.0,5774.0,6,12,62,深位,否
3,3,inbound,IN0127,B6T0000000367,E3,207420.0,213348.0,213508.0,160.0,5928.0,6088.0,6,13,60,浅位,否
3,3,inbound,IN0161,B6T0000000469,E3,207420.0,213662.0,213822.0,160.0,6242.0,6402.0,6,13,60,深位,否
3,3,inbound,IN0161,B6T0000000469,E3,207420.0,213976.0,214136.0,160.0,6556.0,6716.0,6,14,58,浅位,否
3,3,inbound,IN0161,B6T0000000469,E3,207420.0,214290.0,214450.0,160.0,6870.0,7030.0,6,14,58,深位,否
3,3,inbound,IN0161,B6T0000000469,E3,207420.0,214604.0,214766.0,162.0,7184.0,7346.0,5,10,67,浅位,否
3,3,inbound,IN0161,B6T0000000469,E3,207420.0,214922.0,215084.0,162.0,7502.0,7664.0,5,10,67,深位,否
3,3,inbound,IN0161,B6T0000000469,E3,207420.0,215240.0,215402.0,162.0,7820.0,7982.0,5,11,65,浅位,否
3,3,outbound,2580,B6T0000000418,E3,214080.0,215720.0,215970.0,250.00000000000006,1640.0,1890.0,5,22,19,浅位,是
3,3,inbound,IN0161,B6T0000000469,E3,207420.0,215558.0,215720.0,162.0,8138.0,8300.0,5,11,65,深位,是
3,3,inbound,IN0161,B6T0000000469,E3,207420.0,215970.0,216084.0,114.00000000000001,8550.0,8664.0,5,22,19,浅位,否
3,3,inbound,IN0161,B6T0000000469,E3,207420.0,216192.0,216354.0,162.0,8772.0,8934.0,5,12,63,浅位,否
3,3,inbound,IN0161,B6T0000000469,E3,207420.0,216510.0,216672.0,162.0,9090.0,9252.0,5,12,63,深位,否
3,3,inbound,IN0161,B6T0000000469,E3,207420.0,216828.0,216990.0,162.0,9408.0,9570.0,5,13,61,浅位,否
3,3,inbound,IN0161,B6T0000000469,E3,207420.0,217146.0,217308.0,162.0,9726.0,9888.0,5,13,61,深位,否
3,3,inbound,IN0161,B6T0000000469,E3,207420.0,217464.0,217626.0,162.0,10044.0,10206.0,5,14,59,浅位,否
3,3,inbound,IN0161,B6T0000000469,E3,207420.0,217782.0,217944.0,162.0,10362.0,10524.0,5,14,59,深位,否
3,3,outbound,3535,B6T0000000946,E3,217980.0,218262.0,218464.0,202.00000000000003,282.0,484.0,6,20,24,深位,是
3,3,inbound,IN0161,B6T0000000469,E3,207420.0,218100.0,218262.0,162.0,10680.0,10842.0,5,15,57,浅位,是
3,3,outbound,3534,B6T0000000946,E3,217980.0,218580.0,218792.0,212.00000000000006,600.0,812.0,6,32,18,浅位,是
3,3,inbound,IN0161,B6T0000000469,E3,207420.0,218464.0,218580.0,116.00000000000001,11044.0,11160.0,6,20,24,深位,是
3,3,inbound,IN0161,B6T0000000469,E3,207420.0,218792.0,218944.0,152.00000000000003,11372.0,11524.0,6,32,18,浅位,否
3,3,inbound,IN0161,B6T0000000469,E3,207420.0,219090.0,219252.0,162.0,11670.0,11832.0,5,15,57,深位,否
3,3,outbound,321,B6T0000001196,E3,216480.0,219570.0,219756.0,186.0,3090.0,3276.0,5,13,5,浅位,是
3,3,inbound,IN0161,B6T0000000469,E3,207420.0,219408.0,219570.0,162.0,11988.0,12150.0,6,10,67,浅位,是
3,3,outbound,327,B6T0000001196,E3,216480.0,219806.0,219856.0,50.0,3326.0,3376.0,5,13,5,深位,是
3,3,inbound,IN0161,B6T0000000469,E3,207420.0,219756.0,219806.0,50.0,12336.0,12386.0,5,13,5,浅位,是
3,3,outbound,328,B6T0000001196,E3,216480.0,219906.0,219956.0,50.0,3426.0,3476.0,6,13,5,浅位,是
3,3,inbound,IN0161,B6T0000000469,E3,207420.0,219856.0,219906.0,50.0,12436.0,12486.0,5,13,5,深位,是
3,3,outbound,329,B6T0000001196,E3,216480.0,220006.0,220056.0,50.0,3526.0,3576.0,6,13,5,深位,是
3,3,inbound,IN0161,B6T0000000469,E3,207420.0,219956.0,220006.0,50.0,12536.0,12586.0,6,13,5,浅位,是
3,3,outbound,3032,B6T0000001726,E1,218220.0,220106.0,220248.0,142.0,1886.0,2028.0,5,7,28,浅位,是
3,3,inbound,IN0161,B6T0000000469,E3,207420.0,220056.0,220106.0,50.0,12636.0,12686.0,6,13,5,深位,是
3,3,outbound,1468,B6T0000000897,E3,220080.0,220410.0,220660.0,250.0,330.0,580.0,5,21,6,浅位,是
3,3,inbound,IN0161,B6T0000000469,E3,207420.0,220248.0,220410.0,162.0,12828.0,12990.0,6,10,67,深位,是
3,3,outbound,2877,B6T0000001292,E3,220380.0,220744.0,220828.0,84.0,364.0,448.0,6,14,5,深位,是
3,3,inbound,IN0161,B6T0000000469,E3,207420.0,220660.0,220744.0,84.00000000000001,13240.0,13324.0,5,21,6,浅位,是
3,3,outbound,1467,B6T0000000897,E3,220080.0,220882.0,220996.0,114.00000000000003,802.0,916.0,5,21,6,深位,是
3,3,inbound,IN0161,B6T0000000469,E3,207420.0,220828.0,220882.0,53.99999999999999,13408.0,13462.0,6,14,5,深位,是
3,3,outbound,1466,B6T0000000897,E3,220080.0,221080.0,221164.0,84.00000000000001,1000.0,1084.0,6,21,6,浅位,是
3,3,inbound,IN0161,B6T0000000469,E3,207420.0,220996.0,221080.0,84.00000000000001,13576.0,13660.0,5,21,6,深位,是
3,3,outbound,1465,B6T0000000897,E3,220080.0,221248.0,221332.0,84.00000000000001,1168.0,1252.0,6,21,6,深位,是
3,3,inbound,IN0161,B6T0000000469,E3,207420.0,221164.0,221248.0,84.00000000000001,13744.0,13828.0,6,21,6,浅位,是
3,3,outbound,2878,B6T0000001292,E3,220380.0,221416.0,221524.0,108.00000000000003,1036.0,1144.0,5,23,8,浅位,是
3,3,inbound,IN0161,B6T0000000469,E3,207420.0,221332.0,221416.0,84.00000000000001,13912.0,13996.0,6,21,6,深位,是
3,3,outbound,2876,B6T0000001292,E3,220380.0,221620.0,221716.0,96.00000000000001,1240.0,1336.0,5,23,8,深位,是
3,3,inbound,IN0161,B6T0000000469,E3,207420.0,221524.0,221620.0,96.00000000000001,14104.0,14200.0,5,23,8,浅位,是
3,3,outbound,2879,B6T0000001292,E3,220380.0,221812.0,221908.0,96.00000000000001,1432.0,1528.0,6,23,8,浅位,是
3,3,inbound,IN0161,B6T0000000469,E3,207420.0,221716.0,221812.0,96.00000000000001,14296.0,14392.0,5,23,8,深位,是
3,3,inbound,IN0161,B6T0000000469,E3,207420.0,221908.0,222004.0,96.00000000000001,14488.0,14584.0,6,23,8,浅位,否
3,3,inbound,IN0161,B6T0000000469,E3,207420.0,222094.0,222256.0,162.0,14674.0,14836.0,6,11,65,浅位,否
3,3,inbound,IN0161,B6T0000000469,E3,207420.0,222412.0,222574.0,162.0,14992.0,15154.0,6,11,65,深位,否
3,3,inbound,IN0161,B6T0000000469,E3,207420.0,222730.0,222892.0,162.0,15310.0,15472.0,6,12,63,浅位,否
3,3,inbound,IN0161,B6T0000000469,E3,207420.0,223048.0,223210.0,162.0,15628.0,15790.0,6,12,63,深位,否
3,3,inbound,IN0161,B6T0000000469,E3,207420.0,223366.0,223528.0,162.0,15946.0,16108.0,6,13,61,浅位,否
3,3,inbound,IN0161,B6T0000000469,E3,207420.0,223684.0,223846.0,162.0,16264.0,16426.0,6,13,61,深位,否
3,3,inbound,IN0161,B6T0000000469,E3,207420.0,224002.0,224164.0,162.0,16582.0,16744.0,6,14,59,浅位,否
3,3,inbound,IN0161,B6T0000000469,E3,207420.0,224320.0,224482.0,162.0,16900.0,17062.0,6,14,59,深位,否
3,3,inbound,IN0161,B6T0000000469,E3,207420.0,224638.0,224800.0,162.0,17218.0,17380.0,6,15,57,浅位,否
3,3,inbound,IN0161,B6T0000000469,E3,207420.0,224956.0,225118.0,162.0,17536.0,17698.0,6,15,57,深位,否
3,3,outbound,3328,B6T0000000741,E3,225360.0,225360.0,225686.0,326.00000000000006,0.0,326.0,5,32,25,浅位,否
3,3,outbound,3329,B6T0000000741,E3,225360.0,225686.0,226012.0,326.00000000000006,326.0,652.0,5,32,25,深位,否
3,3,outbound,3203,B6T0000001891,E1,228960.0,228960.0,229124.0,164.0,0.0,164.0,6,4,36,浅位,否
3,3,outbound,3204,B6T0000001891,E1,228960.0,229124.0,229288.0,164.0,164.0,328.0,6,4,36,深位,否
3,3,outbound,2370,B6T0000001572,E1,228780.0,229811.0,229899.0,88.0,1031.0,1119.0,5,8,13,浅位,否
3,3,outbound,2373,B6T0000001572,E1,228780.0,229899.0,229987.0,88.0,1119.0,1207.0,5,8,13,深位,否
3,3,outbound,2372,B6T0000001572,E1,228780.0,229987.0,230075.0,88.0,1207.0,1295.0,6,8,13,浅位,否
3,3,outbound,2371,B6T0000001572,E1,228780.0,230075.0,230163.0,88.0,1295.0,1383.0,6,8,13,深位,否
3,3,inbound,IN0456,B6T0000001372,E1,255720.0,255720.0,255759.0,39.0,0.0,39.0,5,1,16,浅位,否
3,3,inbound,IN0456,B6T0000001372,E1,255720.0,255792.0,255831.0,39.0,72.0,111.0,5,1,16,深位,否
3,3,inbound,IN0456,B6T0000001372,E1,255720.0,255864.0,255903.0,39.0,144.0,183.0,6,1,16,浅位,否
3,3,inbound,IN0456,B6T0000001372,E1,255720.0,255936.0,255975.0,39.0,216.0,255.0,6,1,16,深位,否
3,3,inbound,IN0456,B6T0000001372,E1,255720.0,256008.0,256055.0,47.0,288.0,335.0,5,8,13,浅位,否
3,3,inbound,IN0456,B6T0000001372,E1,255720.0,256096.0,256143.0,47.0,376.0,423.0,5,8,13,深位,否
3,3,inbound,IN0456,B6T0000001372,E1,255720.0,256184.0,256231.0,47.0,464.0,511.0,6,8,13,浅位,否
3,3,inbound,IN0456,B6T0000001372,E1,255720.0,256272.0,256319.0,47.0,552.0,599.0,6,8,13,深位,否
3,3,inbound,IN0456,B6T0000001372,E1,255720.0,256360.0,256413.0,53.0,640.0,693.0,5,3,21,浅位,否
3,3,inbound,IN0456,B6T0000001372,E1,255720.0,256460.0,256513.0,53.0,740.0,793.0,5,3,21,深位,否
3,3,inbound,IN0456,B6T0000001372,E1,255720.0,256560.0,256613.0,53.0,840.0,893.0,6,3,21,浅位,否
3,3,inbound,IN0456,B6T0000001372,E1,255720.0,256660.0,256713.0,53.0,940.0,993.0,6,3,21,深位,否
3,3,inbound,IN0632,B6T0000001891,E1,257700.0,257700.0,257759.0,59.0,0.0,59.0,5,8,19,深位,否
3,3,inbound,IN0632,B6T0000001891,E1,257700.0,257812.0,257871.0,59.0,112.0,171.0,5,1,26,浅位,否
3,3,inbound,IN0632,B6T0000001891,E1,257700.0,257924.0,257987.0,63.0,224.0,287.0,5,8,21,浅位,否
3,3,inbound,IN0542,B6T0000001607,E1,257760.0,258044.0,258107.0,63.0,284.0,347.0,5,8,21,深位,否
3,3,inbound,IN0542,B6T0000001607,E1,257760.0,258164.0,258239.0,75.0,404.0,479.0,5,7,28,浅位,否
3,3,inbound,IN0542,B6T0000001607,E1,257760.0,258308.0,258393.0,85.0,548.0,633.0,6,4,36,浅位,否
3,3,inbound,IN0542,B6T0000001607,E1,257760.0,258472.0,258557.0,85.0,712.0,797.0,6,4,36,深位,否
3,3,inbound,IN0542,B6T0000001607,E1,257760.0,258636.0,258727.0,91.0,876.0,967.0,6,3,40,深位,否
3,3,inbound,IN0542,B6T0000001607,E1,257760.0,258812.0,258905.0,93.0,1052.0,1145.0,6,6,38,深位,否
3,3,inbound,IN0542,B6T0000001607,E1,257760.0,258992.0,259089.0,96.99999999999999,1232.0,1329.0,6,3,43,深位,否
3,3,inbound,IN0542,B6T0000001607,E1,257760.0,259180.0,259277.0,97.0,1420.0,1517.0,5,8,38,深位,否
3,3,inbound,IN0542,B6T0000001607,E1,257760.0,259368.0,259465.0,97.0,1608.0,1705.0,6,4,42,浅位,否
3,3,inbound,IN0503,B6T0000001508,E1,257760.0,259556.0,259653.0,97.0,1796.0,1893.0,6,4,42,深位,否
3,3,inbound,IN0503,B6T0000001508,E1,257760.0,259744.0,259843.0,98.99999999999999,1984.0,2083.0,6,4,43,深位,否
3,3,outbound,263,B6T0000001466,E1,259800.0,260037.0,260138.0,101.0,237.0,338.0,6,1,1,深位,是
3,3,inbound,IN0503,B6T0000001508,E1,257760.0,259936.0,260037.0,101.0,2176.0,2277.0,6,3,45,深位,是
3,3,inbound,IN0503,B6T0000001508,E1,257760.0,260138.0,260147.0,9.0,2378.0,2387.0,6,1,1,深位,否
3,3,inbound,IN0503,B6T0000001508,E1,257760.0,260150.0,260253.0,102.99999999999999,2390.0,2493.0,5,6,43,深位,否
3,3,inbound,IN0631,B6T0000001890,E1,257820.0,260350.0,260453.0,103.0,2530.0,2633.0,6,3,46,深位,否
3,3,inbound,IN0631,B6T0000001890,E1,257820.0,260550.0,260659.0,109.0,2730.0,2839.0,5,2,50,深位,否
3,3,inbound,IN0475,B6T0000001429,E1,258000.0,260762.0,260871.0,109.0,2762.0,2871.0,5,7,45,深位,否
3,3,inbound,IN0475,B6T0000001429,E1,258000.0,260974.0,261083.0,109.0,2974.0,3083.0,6,5,47,深位,否
3,3,outbound,175,B6T0000000810,E3,259440.0,261301.0,261450.0,149.0,1861.0,2010.0,5,9,12,浅位,是
3,3,inbound,IN0475,B6T0000001429,E1,258000.0,261186.0,261301.0,115.0,3186.0,3301.0,6,1,54,深位,是
3,3,outbound,154,B6T0000000810,E3,259440.0,261498.0,261546.0,48.0,2058.0,2106.0,5,9,12,深位,是
3,3,inbound,IN0475,B6T0000001429,E1,258000.0,261450.0,261498.0,48.0,3450.0,3498.0,5,9,12,浅位,是
3,3,outbound,165,B6T0000000810,E3,259440.0,261594.0,261642.0,48.0,2154.0,2202.0,6,9,12,浅位,是
3,3,inbound,IN0475,B6T0000001429,E1,258000.0,261546.0,261594.0,48.0,3546.0,3594.0,5,9,12,深位,是
3,3,outbound,152,B6T0000000810,E3,259440.0,261690.0,261738.0,48.0,2250.0,2298.0,6,9,12,深位,是
3,3,inbound,IN0475,B6T0000001429,E1,258000.0,261642.0,261690.0,48.0,3642.0,3690.0,6,9,12,浅位,是
3,3,outbound,3192,B6T0000001127,E3,261540.0,261786.0,261978.0,192.0,246.0,438.0,5,13,40,浅位,是
3,3,inbound,IN0475,B6T0000001429,E1,258000.0,261738.0,261786.0,48.0,3738.0,3786.0,6,9,12,深位,是
3,3,outbound,3191,B6T0000001127,E3,261540.0,262095.0,262254.0,159.0,555.0,714.0,5,13,40,深位,是
3,3,inbound,IN0475,B6T0000001429,E1,258000.0,261978.0,262095.0,117.0,3978.0,4095.0,6,7,49,深位,是
3,3,outbound,3190,B6T0000001127,E3,261540.0,262373.0,262534.0,161.0,833.0,994.0,6,13,40,浅位,是
3,3,inbound,IN0475,B6T0000001429,E1,258000.0,262254.0,262373.0,119.0,4254.0,4373.0,5,7,50,深位,是
3,3,outbound,1615,B6T0000001083,E3,261660.0,262654.0,262774.0,120.0,994.0,1114.0,5,9,20,浅位,是
3,3,inbound,IN0475,B6T0000001429,E1,258000.0,262534.0,262654.0,120.0,4534.0,4654.0,5,13,40,浅位,是
3,3,outbound,1619,B6T0000001083,E3,261660.0,262838.0,262902.0,64.0,1178.0,1242.0,5,9,20,深位,是
3,3,inbound,IN0475,B6T0000001429,E1,258000.0,262774.0,262838.0,64.0,4774.0,4838.0,5,9,20,浅位,是
3,3,outbound,1618,B6T0000001083,E3,261660.0,262966.0,263030.0,64.0,1306.0,1370.0,6,9,20,浅位,是
3,3,inbound,IN0475,B6T0000001429,E1,258000.0,262902.0,262966.0,64.0,4902.0,4966.0,5,9,20,深位,是
3,3,outbound,1612,B6T0000001083,E3,261660.0,263094.0,263158.0,64.0,1434.0,1498.0,6,9,20,深位,是
3,3,inbound,IN0475,B6T0000001429,E1,258000.0,263030.0,263094.0,64.0,5030.0,5094.0,6,9,20,浅位,是
3,3,outbound,1609,B6T0000001610,E1,260160.0,263222.0,263286.0,64.0,3062.0,3126.0,5,4,7,浅位,是
3,3,inbound,IN0475,B6T0000001429,E1,258000.0,263158.0,263222.0,64.0,5158.0,5222.0,6,9,20,深位,是
3,3,outbound,2432,B6T0000000778,E3,262500.0,263313.0,263458.0,145.0,813.0,958.0,5,10,29,浅位,是
3,3,inbound,IN0475,B6T0000001429,E1,258000.0,263286.0,263313.0,27.0,5286.0,5313.0,5,4,7,浅位,是
3,3,outbound,2434,B6T0000000778,E3,262500.0,263544.0,263630.0,86.0,1044.0,1130.0,5,10,29,深位,是
3,3,inbound,IN0475,B6T0000001429,E1,258000.0,263458.0,263544.0,86.0,5458.0,5544.0,5,10,29,浅位,是
3,3,outbound,2430,B6T0000000778,E3,262500.0,263630.0,263796.0,166.0,1130.0,1296.0,6,10,29,浅位,否
3,3,outbound,157,B6T0000000810,E3,259440.0,264242.0,264336.0,93.99999999999999,4802.0,4896.0,5,15,1,浅位,否
3,3,outbound,161,B6T0000000810,E3,259440.0,264336.0,264430.0,93.99999999999999,4896.0,4990.0,5,15,1,深位,否
3,3,outbound,168,B6T0000000810,E3,259440.0,264430.0,264524.0,93.99999999999999,4990.0,5084.0,6,15,1,浅位,否
3,3,outbound,150,B6T0000000810,E3,259440.0,264524.0,264618.0,93.99999999999999,5084.0,5178.0,6,15,1,深位,否
3,3,outbound,3608,B6T0000001950,E1,265140.0,265140.0,265376.0,236.0,0.0,236.0,5,8,50,浅位,否
3,3,outbound,3609,B6T0000001950,E1,265140.0,265376.0,265612.0,236.0,236.0,472.0,5,8,50,深位,否
3,3,outbound,674,B6T0000001180,E3,259800.0,265646.0,265740.0,94.0,5846.0,5940.0,5,11,9,浅位,否
3,3,inbound,IN0231,B6T0000000676,E3,265860.0,265860.0,265910.0,49.99999999999999,0.0,50.0,5,15,1,浅位,否
3,3,inbound,IN0231,B6T0000000676,E3,265860.0,265954.0,266004.0,49.99999999999999,94.0,144.0,5,15,1,深位,否
3,3,inbound,IN0372,B6T0000001134,E3,266520.0,266520.0,266570.0,49.99999999999999,0.0,50.0,6,15,1,浅位,否
3,3,inbound,IN0372,B6T0000001134,E3,266520.0,266614.0,266664.0,49.99999999999999,94.0,144.0,6,15,1,深位,否
3,3,inbound,IN0372,B6T0000001134,E3,266520.0,266708.0,266758.0,50.0,188.0,238.0,5,11,9,浅位,否
3,3,inbound,IN0372,B6T0000001134,E3,266520.0,266802.0,266888.0,86.0,282.0,368.0,5,10,29,深位,否
3,3,inbound,IN0372,B6T0000001134,E3,266520.0,266968.0,267054.0,86.0,448.0,534.0,6,10,29,浅位,否
3,3,inbound,IN0372,B6T0000001134,E3,266520.0,267134.0,267254.0,120.0,614.0,734.0,5,13,40,深位,否
3,3,outbound,3074,B6T0000001204,E3,267240.0,267488.0,267656.0,168.0,248.0,416.0,5,19,9,深位,是
3,3,inbound,IN0372,B6T0000001134,E3,266520.0,267368.0,267488.0,120.0,848.0,968.0,6,13,40,浅位,是
3,3,outbound,3073,B6T0000001204,E3,267240.0,267738.0,267876.0,138.0,498.0,636.0,5,13,23,浅位,是
3,3,inbound,IN0372,B6T0000001134,E3,266520.0,267656.0,267738.0,82.0,1136.0,1218.0,5,19,9,深位,是
3,3,outbound,3075,B6T0000001204,E3,267240.0,267876.0,268042.0,166.0,636.0,802.0,5,13,23,深位,否
3,3,outbound,2564,B6T0000001537,E1,272220.0,272220.0,272312.0,92.0,0.0,92.0,6,2,20,浅位,否
3,3,outbound,2561,B6T0000001537,E1,272220.0,272312.0,272404.0,92.0,92.0,184.0,6,2,20,深位,否
3,3,inbound,IN0230,B6T0000000672,E3,274560.0,274560.0,274646.0,86.0,0.0,86.0,5,13,23,浅位,否
3,3,inbound,IN0230,B6T0000000672,E3,274560.0,274726.0,274812.0,86.0,166.0,252.0,5,13,23,深位,否
3,3,outbound,1009,B6T0000001090,E3,276120.0,276560.0,276670.0,110.0,440.0,550.0,5,12,11,浅位,否
3,3,outbound,1002,B6T0000001090,E3,276120.0,276670.0,276780.0,110.0,550.0,660.0,5,12,11,深位,否
3,3,outbound,1005,B6T0000001090,E3,276120.0,276780.0,276890.0,110.0,660.0,770.0,6,12,11,浅位,否
3,3,outbound,1003,B6T0000001090,E3,276120.0,276890.0,277000.0,110.0,770.0,880.0,6,12,11,深位,否
3,3,outbound,2547,B6T0000001449,E1,282180.0,283197.0,283297.0,100.0,1017.0,1117.0,5,7,17,浅位,否
3,3,outbound,2545,B6T0000001449,E1,282180.0,283297.0,283397.0,100.0,1117.0,1217.0,5,7,17,深位,否
3,3,outbound,2546,B6T0000001449,E1,282180.0,283397.0,283497.0,100.0,1217.0,1317.0,6,7,17,浅位,否
3,3,outbound,575,B6T0000001238,E3,286320.0,286320.0,286430.0,109.99999999999999,0.0,110.0,6,16,3,深位,否
3,3,inbound,IN0284,B6T0000000858,E3,288600.0,288600.0,288658.0,57.99999999999999,0.0,58.0,6,16,3,深位,否
3,3,inbound,IN0284,B6T0000000858,E3,288600.0,288710.0,288768.0,58.0,110.0,168.0,5,12,11,浅位,否
3,3,inbound,IN0284,B6T0000000858,E3,288600.0,288820.0,288878.0,58.0,220.0,278.0,5,12,11,深位,否
3,3,outbound,1097,B6T0000001415,E1,287880.0,290557.0,290601.0,44.0,2677.0,2721.0,5,7,3,浅位,否
3,3,outbound,1091,B6T0000001415,E1,287880.0,290601.0,290645.0,44.0,2721.0,2765.0,5,7,3,深位,否
3,3,outbound,1092,B6T0000001415,E1,287880.0,290645.0,290689.0,44.0,2765.0,2809.0,6,7,3,浅位,否
3,3,outbound,1094,B6T0000001415,E1,287880.0,290689.0,290733.0,44.0,2809.0,2853.0,6,7,3,深位,否
3,3,inbound,IN0150,B6T0000000440,E3,291600.0,291600.0,291658.0,58.0,0.0,58.0,6,12,11,浅位,否
3,3,inbound,IN0150,B6T0000000440,E3,291600.0,291710.0,291768.0,58.0,110.0,168.0,6,12,11,深位,否
3,3,inbound,IN0150,B6T0000000440,E3,291600.0,291820.0,291984.0,164.0,220.0,384.0,5,10,68,浅位,否
3,3,outbound,1341,B6T0000000043,E4,286740.0,292363.0,292722.0,359.00000000000017,5623.0,5982.0,6,45,6,浅位,否
3,3,outbound,1344,B6T0000000043,E4,286740.0,292722.0,293081.0,359.00000000000017,5982.0,6341.0,6,45,6,深位,否
3,3,outbound,1814,B6T0000001372,E1,297060.0,298263.0,298315.0,52.0,1203.0,1255.0,5,2,10,浅位,否
3,3,outbound,1369,B6T0000000150,E4,295320.0,298628.0,298993.0,365.00000000000017,3308.0,3673.0,5,46,5,浅位,否
3,3,outbound,1370,B6T0000000150,E4,295320.0,298993.0,299358.0,365.00000000000017,3673.0,4038.0,5,46,5,深位,否
3,3,outbound,1374,B6T0000000150,E4,295320.0,299358.0,299723.0,365.00000000000017,4038.0,4403.0,6,46,5,浅位,否
3,3,outbound,2974,B6T0000001507,E1,300960.0,300960.0,301024.0,64.0,0.0,64.0,6,6,9,浅位,否
3,3,outbound,2976,B6T0000001507,E1,300960.0,301024.0,301088.0,64.0,64.0,128.0,6,6,9,深位,否
3,3,outbound,2975,B6T0000001507,E1,300960.0,301088.0,301200.0,112.0,128.0,240.0,6,8,19,浅位,否
3,3,outbound,2535,B6T0000001134,E3,301260.0,301260.0,301354.0,93.99999999999999,0.0,94.0,6,15,1,浅位,否
3,3,outbound,2536,B6T0000001134,E3,301260.0,301354.0,301448.0,93.99999999999999,94.0,188.0,6,15,1,深位,否
3,3,outbound,2537,B6T0000001134,E3,301260.0,301448.0,301542.0,94.0,188.0,282.0,5,11,9,浅位,否
3,3,outbound,2538,B6T0000001134,E3,301260.0,301542.0,301700.0,158.0,282.0,440.0,5,19,9,深位,否
3,3,outbound,2539,B6T0000001134,E3,301260.0,301750.0,301912.0,162.0,490.0,652.0,5,10,29,深位,是
3,3,inbound,IN0280,B6T0000000841,E3,301620.0,301700.0,301750.0,49.99999999999999,80.0,130.0,6,15,1,浅位,是
3,3,inbound,IN0280,B6T0000000841,E3,301620.0,301912.0,301962.0,49.99999999999999,292.0,342.0,6,15,1,深位,否
3,3,inbound,IN0280,B6T0000000841,E3,301620.0,302006.0,302056.0,50.0,386.0,436.0,5,11,9,浅位,否
3,3,inbound,IN0280,B6T0000000841,E3,301620.0,302100.0,302182.0,82.0,480.0,562.0,5,19,9,深位,否
3,3,inbound,IN0280,B6T0000000841,E3,301620.0,302258.0,302344.0,86.0,638.0,724.0,5,10,29,深位,否
3,3,inbound,IN0280,B6T0000000841,E3,301620.0,302424.0,302588.0,164.0,804.0,968.0,5,10,68,深位,否
3,3,outbound,1227,B6T0000000577,E3,302040.0,302983.0,303089.0,106.0,943.0,1049.0,5,9,16,浅位,否
3,3,outbound,1226,B6T0000000577,E3,302040.0,303089.0,303195.0,106.0,1049.0,1155.0,5,9,16,深位,否
3,3,outbound,1211,B6T0000000577,E3,302040.0,303195.0,303301.0,106.0,1155.0,1261.0,6,9,16,浅位,否
3,3,outbound,1225,B6T0000000577,E3,302040.0,303301.0,303407.0,106.0,1261.0,1367.0,6,9,16,深位,否
3,3,outbound,345,B6T0000000139,E4,302220.0,304000.0,304339.0,339.00000000000017,1780.0,2119.0,5,45,1,浅位,否
3,3,outbound,344,B6T0000000139,E4,302220.0,304339.0,304678.0,339.00000000000017,2119.0,2458.0,5,45,1,深位,否
3,3,outbound,343,B6T0000000139,E4,302220.0,304678.0,305017.0,339.00000000000017,2458.0,2797.0,6,45,1,浅位,否
3,3,outbound,342,B6T0000000139,E4,302220.0,305017.0,305356.0,339.00000000000017,2797.0,3136.0,6,45,1,深位,否
3,3,outbound,814,B6T0000000540,E3,305460.0,305785.0,305907.0,122.0,325.0,447.0,6,18,2,浅位,否
3,3,outbound,813,B6T0000000540,E3,305460.0,305907.0,306029.0,122.0,447.0,569.0,6,18,2,深位,否
3,3,outbound,3617,B6T0000000497,E3,307920.0,307920.0,308198.0,278.0,0.0,278.0,6,9,59,浅位,否
3,3,outbound,3616,B6T0000000497,E3,307920.0,308198.0,308476.0,278.0,278.0,556.0,6,9,59,深位,否
3,3,outbound,506,B6T0000001101,E3,309960.0,309960.0,310054.0,94.0,0.0,94.0,5,12,7,浅位,否
3,3,outbound,493,B6T0000001101,E3,309960.0,310054.0,310148.0,94.0,94.0,188.0,5,12,7,深位,否
3,3,outbound,511,B6T0000001101,E3,309960.0,310148.0,310242.0,94.0,188.0,282.0,6,12,7,浅位,否
3,3,outbound,510,B6T0000001101,E3,309960.0,310242.0,310336.0,94.0,282.0,376.0,6,12,7,深位,否
3,3,outbound,1162,B6T0000000245,E4,308040.0,312238.0,312593.0,355.00000000000017,4198.0,4553.0,5,45,5,浅位,否
3,3,outbound,1152,B6T0000000245,E4,308040.0,312593.0,312948.0,355.00000000000017,4553.0,4908.0,5,45,5,深位,否
3,3,outbound,1159,B6T0000000245,E4,308040.0,312948.0,313303.0,355.00000000000017,4908.0,5263.0,6,45,5,浅位,否
3,3,outbound,1151,B6T0000000245,E4,308040.0,313303.0,313658.0,355.00000000000017,5263.0,5618.0,6,45,5,深位,否
3,3,outbound,2776,B6T0000001508,E1,313560.0,313658.0,313670.0,12.0,98.0,110.0,6,1,1,深位,否
3,3,inbound,IN0435,B6T0000001321,E1,314220.0,314220.0,314229.0,9.0,0.0,9.0,6,1,1,深位,否
3,3,inbound,IN0435,B6T0000001321,E1,314220.0,314232.0,314257.0,25.0,12.0,37.0,5,7,3,浅位,否
3,3,inbound,IN0435,B6T0000001321,E1,314220.0,314276.0,314301.0,25.0,56.0,81.0,5,7,3,深位,否
3,3,inbound,IN0591,B6T0000001762,E1,314220.0,314320.0,314345.0,25.0,100.0,125.0,6,7,3,浅位,否
3,3,inbound,IN0591,B6T0000001762,E1,314220.0,314364.0,314389.0,25.0,144.0,169.0,6,7,3,深位,否
3,3,inbound,IN0081,B6T0000000222,E4,314220.0,314408.0,314580.5,172.50000000000009,188.0,360.5,5,45,1,浅位,否
3,3,inbound,IN0081,B6T0000000222,E4,314220.0,314747.0,314919.5,172.50000000000009,527.0,699.5,5,45,1,深位,否
3,3,inbound,IN0081,B6T0000000222,E4,314220.0,315086.0,315258.5,172.50000000000009,866.0,1038.5,6,45,1,浅位,否
3,3,outbound,227,B6T0000000581,E3,311640.0,317962.0,318044.0,82.0,6322.0,6404.0,5,10,8,浅位,否
3,3,outbound,253,B6T0000000581,E3,311640.0,318044.0,318126.0,82.0,6404.0,6486.0,5,10,8,深位,否
3,3,outbound,228,B6T0000000581,E3,311640.0,318126.0,318208.0,82.0,6486.0,6568.0,6,10,8,浅位,否
3,3,outbound,243,B6T0000000581,E3,311640.0,318208.0,318290.0,82.0,6568.0,6650.0,6,10,8,深位,否
3,3,outbound,504,B6T0000001101,E3,309960.0,320401.0,320499.0,98.0,10441.0,10539.0,5,13,6,浅位,否
3,3,inbound,IN0587,B6T0000001743,E1,342120.0,342120.0,342149.0,29.0,0.0,29.0,5,2,10,浅位,否
3,3,inbound,IN0587,B6T0000001743,E1,342120.0,342172.0,342207.0,35.0,52.0,87.0,6,6,9,浅位,否
3,3,inbound,IN0078,B6T0000000217,E4,342420.0,342420.0,342592.5,172.50000000000009,0.0,172.5,6,45,1,深位,否
3,3,inbound,IN0356,B6T0000001101,E3,342540.0,342759.0,342803.0,44.0,219.0,263.0,5,10,8,浅位,否
3,3,inbound,IN0356,B6T0000001101,E3,342540.0,342841.0,342885.0,44.0,301.0,345.0,5,10,8,深位,否
3,3,inbound,IN0356,B6T0000001101,E3,342540.0,342923.0,342967.0,44.0,383.0,427.0,6,10,8,浅位,否
3,3,inbound,IN0356,B6T0000001101,E3,342540.0,343005.0,343049.0,44.0,465.0,509.0,6,10,8,深位,否
3,3,inbound,IN0356,B6T0000001101,E3,342540.0,343087.0,343137.0,50.0,547.0,597.0,5,12,7,浅位,否
3,3,inbound,IN0356,B6T0000001101,E3,342540.0,343181.0,343231.0,50.0,641.0,691.0,5,12,7,深位,否
3,3,inbound,IN0356,B6T0000001101,E3,342540.0,343275.0,343325.0,50.0,735.0,785.0,6,12,7,浅位,否
3,3,inbound,IN0356,B6T0000001101,E3,342540.0,343369.0,343419.0,50.0,829.0,879.0,6,12,7,深位,否
3,3,inbound,IN0356,B6T0000001101,E3,342540.0,343463.0,343515.0,52.0,923.0,975.0,5,13,6,浅位,否
3,3,inbound,IN0529,B6T0000001574,E1,343560.0,343561.0,343596.0,35.0,1.0,36.0,6,6,9,深位,否
3,3,inbound,IN0529,B6T0000001574,E1,343560.0,343625.0,343674.0,49.0,65.0,114.0,6,2,20,浅位,否
3,3,inbound,IN0529,B6T0000001574,E1,343560.0,343717.0,343766.0,49.0,157.0,206.0,6,2,20,深位,否
3,3,inbound,IN0356,B6T0000001101,E3,342540.0,343809.0,343865.0,56.0,1269.0,1325.0,5,9,16,浅位,否
3,3,inbound,IN0356,B6T0000001101,E3,342540.0,343915.0,343971.0,56.0,1375.0,1431.0,5,9,16,深位,否
3,3,inbound,IN0356,B6T0000001101,E3,342540.0,344021.0,344077.0,56.0,1481.0,1537.0,6,9,16,浅位,否
3,3,inbound,IN0356,B6T0000001101,E3,342540.0,344127.0,344183.0,56.0,1587.0,1643.0,6,9,16,深位,否
3,3,inbound,IN0356,B6T0000001101,E3,342540.0,344233.0,344297.0,64.0,1693.0,1757.0,6,18,2,浅位,否
3,3,inbound,IN0356,B6T0000001101,E3,342540.0,344355.0,344419.0,64.0,1815.0,1879.0,6,18,2,深位,否
3,3,inbound,IN0356,B6T0000001101,E3,342540.0,344477.0,344619.0,142.0,1937.0,2079.0,6,9,59,浅位,否
3,3,inbound,IN0356,B6T0000001101,E3,342540.0,344755.0,344897.0,142.0,2215.0,2357.0,6,9,59,深位,否
3,3,inbound,IN0356,B6T0000001101,E3,342540.0,345033.0,345197.0,164.0,2493.0,2657.0,5,11,66,浅位,否
3,3,inbound,IN0356,B6T0000001101,E3,342540.0,345355.0,345519.0,164.0,2815.0,2979.0,5,11,66,深位,否
3,3,inbound,IN0356,B6T0000001101,E3,342540.0,345677.0,345841.0,164.0,3137.0,3301.0,5,12,64,浅位,否
3,3,inbound,IN0356,B6T0000001101,E3,342540.0,345999.0,346163.0,164.0,3459.0,3623.0,5,12,64,深位,否
3,3,inbound,IN0356,B6T0000001101,E3,342540.0,346321.0,346485.0,164.0,3781.0,3945.0,5,13,62,浅位,否
3,3,inbound,IN0356,B6T0000001101,E3,342540.0,346643.0,346807.0,164.0,4103.0,4267.0,5,13,62,深位,否
3,3,outbound,970,B6T0000001844,E1,346200.0,347129.0,347293.0,164.0,929.0,1093.0,5,1,6,浅位,是
3,3,inbound,IN0356,B6T0000001101,E3,342540.0,346965.0,347129.0,164.0,4425.0,4589.0,5,14,60,浅位,是
3,3,outbound,985,B6T0000001844,E1,346200.0,347457.0,347621.0,164.0,1257.0,1421.0,5,1,6,深位,是
3,3,inbound,IN0356,B6T0000001101,E3,342540.0,347293.0,347457.0,164.0,4753.0,4917.0,5,14,60,深位,是
3,3,outbound,984,B6T0000001844,E1,346200.0,347785.0,347949.0,164.0,1585.0,1749.0,6,1,6,浅位,是
3,3,inbound,IN0356,B6T0000001101,E3,342540.0,347621.0,347785.0,164.0,5081.0,5245.0,5,15,58,浅位,是
3,3,outbound,3199,B6T0000001587,E1,347640.0,348113.0,348277.0,164.0,473.0,637.0,5,5,2,浅位,是
3,3,inbound,IN0356,B6T0000001101,E3,342540.0,347949.0,348113.0,164.0,5409.0,5573.0,5,15,58,深位,是
3,3,outbound,3200,B6T0000001587,E1,347640.0,348441.0,348605.0,164.0,801.0,965.0,5,5,2,深位,是
3,3,inbound,IN0356,B6T0000001101,E3,342540.0,348277.0,348441.0,164.0,5737.0,5901.0,5,16,56,浅位,是
3,3,outbound,3201,B6T0000001587,E1,347640.0,348769.0,348933.0,164.0,1129.0,1293.0,6,5,2,浅位,是
3,3,inbound,IN0356,B6T0000001101,E3,342540.0,348605.0,348769.0,164.0,6065.0,6229.0,5,16,56,深位,是
3,3,inbound,IN0356,B6T0000001101,E3,342540.0,348933.0,349097.0,164.0,6393.0,6557.0,6,10,68,浅位,否
3,3,inbound,IN0356,B6T0000001101,E3,342540.0,349255.0,349419.0,164.0,6715.0,6879.0,6,10,68,深位,否
3,3,inbound,IN0356,B6T0000001101,E3,342540.0,349577.0,349741.0,164.0,7037.0,7201.0,6,11,66,浅位,否
3,3,inbound,IN0356,B6T0000001101,E3,342540.0,349899.0,350063.0,164.0,7359.0,7523.0,6,11,66,深位,否
3,3,inbound,IN0356,B6T0000001101,E3,342540.0,350221.0,350385.0,164.0,7681.0,7845.0,6,12,64,浅位,否
3,3,outbound,1737,B6T0000001149,E3,348480.0,350707.0,350895.0,188.0,2227.0,2415.0,6,15,15,浅位,是
3,3,inbound,IN0356,B6T0000001101,E3,342540.0,350543.0,350707.0,164.0,8003.0,8167.0,6,12,64,深位,是
3,3,outbound,1745,B6T0000001149,E3,348480.0,350973.0,351051.0,78.0,2493.0,2571.0,6,15,15,深位,是
3,3,inbound,IN0356,B6T0000001101,E3,342540.0,350895.0,350973.0,78.0,8355.0,8433.0,6,15,15,浅位,是
3,3,inbound,IN0356,B6T0000001101,E3,342540.0,351051.0,351129.0,78.0,8511.0,8589.0,6,15,15,深位,否
3,3,inbound,IN0356,B6T0000001101,E3,342540.0,351201.0,351365.0,164.0,8661.0,8825.0,6,13,62,浅位,否
3,3,inbound,IN0356,B6T0000001101,E3,342540.0,351523.0,351687.0,164.0,8983.0,9147.0,6,13,62,深位,否
3,3,inbound,IN0356,B6T0000001101,E3,342540.0,351845.0,352009.0,164.0,9305.0,9469.0,6,14,60,浅位,否
3,3,inbound,IN0356,B6T0000001101,E3,342540.0,352167.0,352331.0,164.0,9627.0,9791.0,6,14,60,深位,否
3,3,outbound,2605,B6T0000000841,E3,352380.0,352653.0,352817.0,164.0,273.0,437.0,6,15,1,浅位,是
3,3,inbound,IN0356,B6T0000001101,E3,342540.0,352489.0,352653.0,164.0,9949.0,10113.0,6,15,58,浅位,是
3,3,outbound,2604,B6T0000000841,E3,352380.0,352836.0,352921.0,84.99999999999999,456.0,541.0,6,15,1,深位,是
3,3,inbound,IN0641,B6T0000001942,E1,352740.0,352817.0,352836.0,19.0,77.0,96.0,5,5,2,浅位,是
3,3,outbound,2606,B6T0000000841,E3,352380.0,352940.0,353021.0,81.0,560.0,641.0,5,11,9,浅位,是
3,3,inbound,IN0641,B6T0000001942,E1,352740.0,352921.0,352940.0,19.0,181.0,200.0,5,5,2,深位,是
3,3,outbound,2607,B6T0000000841,E3,352380.0,353040.0,353185.0,145.0,660.0,805.0,5,19,9,深位,是
3,3,inbound,IN0641,B6T0000001942,E1,352740.0,353021.0,353040.0,19.0,281.0,300.0,6,5,2,浅位,是
3,3,outbound,2818,B6T0000000976,E3,348120.0,353204.0,353497.0,293.0000000000001,5084.0,5377.0,5,39,5,浅位,是
3,3,inbound,IN0641,B6T0000001942,E1,352740.0,353185.0,353204.0,19.0,445.0,464.0,5,1,6,浅位,是
3,3,outbound,2816,B6T0000000976,E3,348120.0,353516.0,353809.0,293.0000000000001,5396.0,5689.0,5,39,5,深位,是
3,3,inbound,IN0641,B6T0000001942,E1,352740.0,353497.0,353516.0,19.0,757.0,776.0,5,1,6,深位,是
3,3,inbound,IN0641,B6T0000001942,E1,352740.0,353809.0,353828.0,19.0,1069.0,1088.0,6,1,6,浅位,否
3,3,inbound,IN0641,B6T0000001942,E1,352740.0,353841.0,353891.0,49.99999999999999,1101.0,1151.0,6,15,1,浅位,否
3,3,inbound,IN0641,B6T0000001942,E1,352740.0,353935.0,353985.0,49.99999999999999,1195.0,1245.0,6,15,1,深位,否
3,3,outbound,133,B6T0000000154,E4,345840.0,354079.0,354396.0,317.00000000000017,8239.0,8556.0,5,44,1,浅位,是
3,3,inbound,IN0356,B6T0000001101,E3,342540.0,354029.0,354079.0,50.0,11489.0,11539.0,5,11,9,浅位,是
3,3,outbound,132,B6T0000000154,E4,345840.0,354478.0,354763.0,285.00000000000017,8638.0,8923.0,5,44,1,深位,是
3,3,inbound,IN0356,B6T0000001101,E3,342540.0,354396.0,354478.0,82.0,11856.0,11938.0,5,19,9,深位,是
3,3,outbound,146,B6T0000000154,E4,345840.0,354917.0,355114.0,197.0000000000001,9077.0,9274.0,6,44,1,浅位,是
3,3,inbound,IN0356,B6T0000001101,E3,342540.0,354763.0,354917.0,154.00000000000006,12223.0,12377.0,5,39,5,浅位,是
3,3,outbound,131,B6T0000000154,E4,345840.0,355268.0,355465.0,197.0000000000001,9428.0,9625.0,6,44,1,深位,是
3,3,inbound,IN0356,B6T0000001101,E3,342540.0,355114.0,355268.0,154.00000000000006,12574.0,12728.0,5,39,5,深位,是
3,3,outbound,268,B6T0000000305,E4,347580.0,355629.0,356028.0,399.00000000000017,8049.0,8448.0,5,44,2,浅位,是
3,3,inbound,IN0356,B6T0000001101,E3,342540.0,355465.0,355629.0,164.0,12925.0,13089.0,6,15,58,深位,是
3,3,inbound,IN0356,B6T0000001101,E3,342540.0,356028.0,356192.0,164.0,13488.0,13652.0,6,16,56,浅位,否
3,3,inbound,IN0356,B6T0000001101,E3,342540.0,356350.0,356514.0,164.0,13810.0,13974.0,6,16,56,深位,否
3,3,inbound,IN0356,B6T0000001101,E3,342540.0,356672.0,356836.0,164.00000000000003,14132.0,14296.0,5,33,22,深位,否
3,3,inbound,IN0356,B6T0000001101,E3,342540.0,356994.0,357158.0,164.00000000000003,14454.0,14618.0,6,30,28,深位,否
3,3,inbound,IN0356,B6T0000001101,E3,342540.0,357316.0,357482.0,166.0,14776.0,14942.0,5,11,67,浅位,否
3,3,inbound,IN0356,B6T0000001101,E3,342540.0,357642.0,357808.0,166.0,15102.0,15268.0,5,11,67,深位,否
3,3,inbound,IN0356,B6T0000001101,E3,342540.0,357968.0,358134.0,166.0,15428.0,15594.0,5,12,65,浅位,否
3,3,inbound,IN0356,B6T0000001101,E3,342540.0,358294.0,358460.0,166.0,15754.0,15920.0,5,12,65,深位,否
3,3,inbound,IN0356,B6T0000001101,E3,342540.0,358620.0,358786.0,166.0,16080.0,16246.0,5,13,63,浅位,否
3,3,inbound,IN0386,B6T0000001180,E3,342660.0,358946.0,359112.0,166.0,16286.0,16452.0,5,13,63,深位,否
3,3,inbound,IN0386,B6T0000001180,E3,342660.0,359272.0,359438.0,166.0,16612.0,16778.0,5,14,61,浅位,否
3,3,inbound,IN0386,B6T0000001180,E3,342660.0,359598.0,359764.0,166.0,16938.0,17104.0,5,14,61,深位,否
3,3,inbound,IN0386,B6T0000001180,E3,342660.0,359924.0,360090.0,166.0,17264.0,17430.0,5,15,59,浅位,否
3,3,inbound,IN0386,B6T0000001180,E3,342660.0,360250.0,360416.0,166.0,17590.0,17756.0,5,15,59,深位,否
3,3,inbound,IN0386,B6T0000001180,E3,342660.0,360576.0,360742.0,166.0,17916.0,18082.0,5,16,57,浅位,否
3,3,inbound,IN0386,B6T0000001180,E3,342660.0,360902.0,361068.0,166.0,18242.0,18408.0,5,16,57,深位,否
3,3,inbound,IN0386,B6T0000001180,E3,342660.0,361228.0,361394.0,166.0,18568.0,18734.0,5,17,55,浅位,否
3,3,inbound,IN0386,B6T0000001180,E3,342660.0,361554.0,361720.0,166.0,18894.0,19060.0,5,17,55,深位,否
3,3,inbound,IN0386,B6T0000001180,E3,342660.0,361880.0,362046.0,166.0,19220.0,19386.0,6,11,67,浅位,否
3,3,inbound,IN0386,B6T0000001180,E3,342660.0,362206.0,362372.0,166.0,19546.0,19712.0,6,11,67,深位,否
3,3,inbound,IN0386,B6T0000001180,E3,342660.0,362532.0,362698.0,166.0,19872.0,20038.0,6,12,65,浅位,否
3,3,inbound,IN0386,B6T0000001180,E3,342660.0,362858.0,363024.0,166.0,20198.0,20364.0,6,12,65,深位,否
3,3,inbound,IN0386,B6T0000001180,E3,342660.0,363184.0,363350.0,166.0,20524.0,20690.0,6,13,63,浅位,否
3,3,inbound,IN0386,B6T0000001180,E3,342660.0,363510.0,363676.0,166.0,20850.0,21016.0,6,13,63,深位,否
3,3,inbound,IN0386,B6T0000001180,E3,342660.0,363836.0,364002.0,166.0,21176.0,21342.0,6,14,61,浅位,否
3,3,inbound,IN0386,B6T0000001180,E3,342660.0,364162.0,364328.0,166.0,21502.0,21668.0,6,14,61,深位,否
3,3,inbound,IN0386,B6T0000001180,E3,342660.0,364488.0,364654.0,166.0,21828.0,21994.0,6,15,59,浅位,否
3,3,inbound,IN0386,B6T0000001180,E3,342660.0,364814.0,364980.0,166.0,22154.0,22320.0,6,15,59,深位,否
3,3,inbound,IN0386,B6T0000001180,E3,342660.0,365140.0,365306.0,166.0,22480.0,22646.0,6,16,57,浅位,否
3,3,inbound,IN0386,B6T0000001180,E3,342660.0,365466.0,365632.0,166.0,22806.0,22972.0,6,16,57,深位,否
3,3,inbound,IN0386,B6T0000001180,E3,342660.0,365792.0,365958.0,166.0,23132.0,23298.0,6,17,55,浅位,否
3,3,inbound,IN0386,B6T0000001180,E3,342660.0,366118.0,366284.0,166.0,23458.0,23624.0,6,17,55,深位,否
3,3,outbound,3736,B6T0000001743,E1,366420.0,366610.0,366776.0,166.00000000000003,190.0,356.0,5,2,10,浅位,是
3,3,inbound,IN0386,B6T0000001180,E3,342660.0,366444.0,366610.0,166.00000000000003,23784.0,23950.0,5,32,25,浅位,是
3,3,outbound,3737,B6T0000001743,E1,366420.0,366942.0,367108.0,166.00000000000003,522.0,688.0,6,6,9,浅位,是
3,3,inbound,IN0386,B6T0000001180,E3,342660.0,366776.0,366942.0,166.00000000000003,24116.0,24282.0,5,32,25,深位,是
3,3,inbound,IN0386,B6T0000001180,E3,342660.0,367108.0,367275.5,167.50000000000009,24448.0,24615.5,5,44,1,浅位,否
3,3,inbound,IN0386,B6T0000001180,E3,342660.0,367437.0,367604.5,167.50000000000009,24777.0,24944.5,5,44,1,深位,否
3,3,inbound,IN0386,B6T0000001180,E3,342660.0,367766.0,367933.5,167.50000000000009,25106.0,25273.5,6,44,1,浅位,否
3,3,inbound,IN0386,B6T0000001180,E3,342660.0,368095.0,368262.5,167.50000000000009,25435.0,25602.5,6,44,1,深位,否
3,3,inbound,IN0386,B6T0000001180,E3,342660.0,368424.0,368592.0,168.0,25764.0,25932.0,5,11,68,浅位,否
3,3,inbound,IN0386,B6T0000001180,E3,342660.0,368754.0,368922.0,168.0,26094.0,26262.0,5,11,68,深位,否
3,3,inbound,IN0386,B6T0000001180,E3,342660.0,369084.0,369252.0,168.0,26424.0,26592.0,5,12,66,浅位,否
3,3,inbound,IN0386,B6T0000001180,E3,342660.0,369414.0,369582.0,168.0,26754.0,26922.0,5,12,66,深位,否
3,3,inbound,IN0386,B6T0000001180,E3,342660.0,369744.0,369912.0,168.0,27084.0,27252.0,5,13,64,浅位,否
3,3,inbound,IN0386,B6T0000001180,E3,342660.0,370074.0,370242.0,168.0,27414.0,27582.0,5,13,64,深位,否
3,3,inbound,IN0386,B6T0000001180,E3,342660.0,370404.0,370572.0,168.0,27744.0,27912.0,5,14,62,浅位,否
3,3,inbound,IN0386,B6T0000001180,E3,342660.0,370734.0,370902.0,168.0,28074.0,28242.0,5,14,62,深位,否
3,3,outbound,3357,B6T0000000323,E3,370740.0,371232.0,371440.0,208.00000000000006,492.0,700.0,6,20,3,深位,是
3,3,inbound,IN0398,B6T0000001206,E3,342900.0,371064.0,371232.0,168.0,28164.0,28332.0,5,15,60,浅位,是
3,3,outbound,3356,B6T0000000323,E3,370740.0,371514.0,371612.0,98.00000000000003,774.0,872.0,5,23,3,深位,是
3,3,inbound,IN0398,B6T0000001206,E3,342900.0,371440.0,371514.0,74.00000000000001,28540.0,28614.0,6,20,3,深位,是
3,3,inbound,IN0398,B6T0000001206,E3,342900.0,371612.0,371698.0,86.00000000000001,28712.0,28798.0,5,23,3,深位,否
3,3,inbound,IN0398,B6T0000001206,E3,342900.0,371778.0,371946.0,168.0,28878.0,29046.0,5,15,60,深位,否
3,3,inbound,IN0398,B6T0000001206,E3,342900.0,372108.0,372276.0,168.0,29208.0,29376.0,5,16,58,浅位,否
3,3,inbound,IN0398,B6T0000001206,E3,342900.0,372438.0,372606.0,168.0,29538.0,29706.0,5,16,58,深位,否
3,3,inbound,IN0398,B6T0000001206,E3,342900.0,372768.0,372936.0,168.0,29868.0,30036.0,5,17,56,浅位,否
3,3,inbound,IN0398,B6T0000001206,E3,342900.0,373098.0,373266.0,168.0,30198.0,30366.0,5,17,56,深位,否
3,3,inbound,IN0368,B6T0000001129,E3,352500.0,373428.0,373596.0,168.0,20928.0,21096.0,5,18,54,浅位,否
3,3,inbound,IN0368,B6T0000001129,E3,352500.0,373758.0,373926.0,168.0,21258.0,21426.0,5,18,54,深位,否
3,3,inbound,IN0285,B6T0000000859,E3,353760.0,374088.0,374256.0,168.0,20328.0,20496.0,6,11,68,浅位,否
3,3,inbound,IN0285,B6T0000000859,E3,353760.0,374418.0,374586.0,168.0,20658.0,20826.0,6,11,68,深位,否
3,3,inbound,IN0018,B6T0000000054,E4,367680.0,374748.0,374917.5,169.50000000000009,7068.0,7237.5,5,44,2,浅位,否
3,3,inbound,IN0018,B6T0000000054,E4,367680.0,375081.0,375261.5,180.50000000000009,7401.0,7581.5,5,45,5,浅位,否
3,3,inbound,IN0018,B6T0000000054,E4,367680.0,375436.0,375616.5,180.50000000000009,7756.0,7936.5,5,45,5,深位,否
3,3,inbound,IN0018,B6T0000000054,E4,367680.0,375791.0,375971.5,180.50000000000009,8111.0,8291.5,6,45,5,浅位,否
3,3,outbound,3072,B6T0000001373,E1,376080.0,376326.5,376507.0,180.50000000000009,246.5,427.0,5,2,4,浅位,是
3,3,inbound,IN0078,B6T0000000217,E4,342420.0,376146.0,376326.5,180.50000000000009,33726.0,33906.5,6,45,5,深位,是
3,3,outbound,3071,B6T0000001373,E1,376080.0,376689.5,376872.0,182.50000000000009,609.5,792.0,5,2,4,深位,是
3,3,inbound,IN0078,B6T0000000217,E4,342420.0,376507.0,376689.5,182.50000000000009,34087.0,34269.5,6,45,6,浅位,是
3,3,outbound,3070,B6T0000001373,E1,376080.0,377054.5,377237.0,182.50000000000009,974.5,1157.0,6,2,4,浅位,是
3,3,inbound,IN0078,B6T0000000217,E4,342420.0,376872.0,377054.5,182.50000000000009,34452.0,34634.5,6,45,6,深位,是
3,3,inbound,IN0078,B6T0000000217,E4,342420.0,377237.0,377422.5,185.50000000000009,34817.0,35002.5,5,46,5,浅位,否
3,3,inbound,IN0078,B6T0000000217,E4,342420.0,377602.0,377787.5,185.50000000000009,35182.0,35367.5,5,46,5,深位,否
3,3,inbound,IN0078,B6T0000000217,E4,342420.0,377967.0,378152.5,185.50000000000009,35547.0,35732.5,6,46,5,浅位,否
3,3,inbound,IN0605,B6T0000001792,E1,378780.0,378780.0,378797.0,17.0,0.0,17.0,5,2,4,浅位,否
3,3,inbound,IN0605,B6T0000001792,E1,378780.0,378808.0,378825.0,17.0,28.0,45.0,5,2,4,深位,否
3,3,inbound,IN0605,B6T0000001792,E1,378780.0,378836.0,378853.0,17.0,56.0,73.0,6,2,4,浅位,否
3,3,inbound,IN0605,B6T0000001792,E1,378780.0,378864.0,378893.0,29.0,84.0,113.0,5,2,10,浅位,否
3,3,outbound,917,B6T0000000411,E3,378240.0,378968.0,379082.0,113.99999999999999,728.0,842.0,5,15,6,浅位,否
3,3,outbound,920,B6T0000000411,E3,378240.0,379082.0,379196.0,113.99999999999999,842.0,956.0,5,15,6,深位,否
3,3,outbound,916,B6T0000000411,E3,378240.0,379196.0,379310.0,113.99999999999999,956.0,1070.0,6,15,6,浅位,否
3,3,outbound,909,B6T0000000411,E3,378240.0,379310.0,379424.0,113.99999999999999,1070.0,1184.0,6,15,6,深位,否
3,3,outbound,3613,B6T0000000440,E3,386760.0,386760.0,386870.0,110.0,0.0,110.0,6,12,11,浅位,否
3,3,outbound,3612,B6T0000000440,E3,386760.0,386870.0,386980.0,110.0,110.0,220.0,6,12,11,深位,否
3,3,inbound,IN0151,B6T0000000445,E3,388620.0,388620.0,388678.0,58.0,0.0,58.0,6,12,11,浅位,否
3,3,inbound,IN0151,B6T0000000445,E3,388620.0,388730.0,388788.0,58.0,110.0,168.0,6,12,11,深位,否
3,3,inbound,IN0151,B6T0000000445,E3,388620.0,388840.0,388900.0,59.99999999999999,220.0,280.0,5,15,6,浅位,否
3,3,outbound,3690,B6T0000001650,E1,388860.0,389014.0,389126.0,112.0,154.0,266.0,6,8,19,深位,是
3,3,inbound,IN0151,B6T0000000445,E3,388620.0,388954.0,389014.0,59.99999999999999,334.0,394.0,5,15,6,深位,是
3,3,outbound,3691,B6T0000001650,E1,388860.0,389186.0,389374.0,188.0,326.0,514.0,5,5,38,深位,是
3,3,inbound,IN0151,B6T0000000445,E3,388620.0,389126.0,389186.0,59.99999999999999,506.0,566.0,6,15,6,浅位,是
3,3,inbound,IN0151,B6T0000000445,E3,388620.0,389374.0,389434.0,59.99999999999999,754.0,814.0,6,15,6,深位,否
3,3,inbound,IN0151,B6T0000000445,E3,388620.0,389488.0,389656.0,168.0,868.0,1036.0,6,12,66,浅位,否
3,3,inbound,IN0151,B6T0000000445,E3,388620.0,389818.0,389986.0,168.0,1198.0,1366.0,6,12,66,深位,否
3,3,inbound,IN0151,B6T0000000445,E3,388620.0,390148.0,390316.0,168.0,1528.0,1696.0,6,13,64,浅位,否
3,3,inbound,IN0151,B6T0000000445,E3,388620.0,390478.0,390646.0,168.0,1858.0,2026.0,6,13,64,深位,否
3,3,inbound,IN0151,B6T0000000445,E3,388620.0,390808.0,390976.0,168.0,2188.0,2356.0,6,14,62,浅位,否
3,3,inbound,IN0151,B6T0000000445,E3,388620.0,391138.0,391306.0,168.0,2518.0,2686.0,6,14,62,深位,否
3,3,inbound,IN0151,B6T0000000445,E3,388620.0,391468.0,391636.0,168.0,2848.0,3016.0,6,15,60,浅位,否
3,3,inbound,IN0151,B6T0000000445,E3,388620.0,391798.0,391966.0,168.0,3178.0,3346.0,6,15,60,深位,否
3,3,inbound,IN0151,B6T0000000445,E3,388620.0,392128.0,392296.0,168.0,3508.0,3676.0,6,16,58,浅位,否
3,3,inbound,IN0151,B6T0000000445,E3,388620.0,392458.0,392626.0,168.0,3838.0,4006.0,6,16,58,深位,否
3,3,inbound,IN0151,B6T0000000445,E3,388620.0,392788.0,392956.0,168.0,4168.0,4336.0,6,17,56,浅位,否
3,3,inbound,IN0151,B6T0000000445,E3,388620.0,393118.0,393286.0,168.0,4498.0,4666.0,6,17,56,深位,否
3,3,inbound,IN0151,B6T0000000445,E3,388620.0,393448.0,393616.0,168.0,4828.0,4996.0,6,18,54,浅位,否
3,3,inbound,IN0151,B6T0000000445,E3,388620.0,393778.0,393946.0,168.0,5158.0,5326.0,6,18,54,深位,否
3,3,inbound,IN0151,B6T0000000445,E3,388620.0,394108.0,394278.0,170.0,5488.0,5658.0,5,12,67,浅位,否
3,3,inbound,IN0151,B6T0000000445,E3,388620.0,394442.0,394612.0,170.0,5822.0,5992.0,5,12,67,深位,否
3,3,inbound,IN0151,B6T0000000445,E3,388620.0,394776.0,394946.0,170.0,6156.0,6326.0,5,13,65,浅位,否
3,3,inbound,IN0573,B6T0000001701,E1,395040.0,395110.0,395145.0,35.0,70.0,105.0,6,6,9,浅位,否
3,3,inbound,IN0573,B6T0000001701,E1,395040.0,395174.0,395227.0,53.0,134.0,187.0,5,7,17,浅位,否
3,3,inbound,IN0573,B6T0000001701,E1,395040.0,395274.0,395327.0,53.0,234.0,287.0,5,7,17,深位,否
3,3,inbound,IN0573,B6T0000001701,E1,395040.0,395374.0,395427.0,53.0,334.0,387.0,6,7,17,浅位,否
3,3,inbound,IN0151,B6T0000000445,E3,388620.0,395474.0,395644.0,170.0,6854.0,7024.0,5,13,65,深位,否
3,3,inbound,IN0151,B6T0000000445,E3,388620.0,395808.0,395978.0,170.0,7188.0,7358.0,5,14,63,浅位,否
3,3,inbound,IN0151,B6T0000000445,E3,388620.0,396142.0,396312.0,170.0,7522.0,7692.0,5,14,63,深位,否
3,3,inbound,IN0151,B6T0000000445,E3,388620.0,396476.0,396646.0,170.0,7856.0,8026.0,5,15,61,浅位,否
3,3,inbound,IN0151,B6T0000000445,E3,388620.0,396810.0,396980.0,170.0,8190.0,8360.0,5,15,61,深位,否
3,3,inbound,IN0151,B6T0000000445,E3,388620.0,397144.0,397314.0,170.0,8524.0,8694.0,5,16,59,浅位,否
3,3,inbound,IN0151,B6T0000000445,E3,388620.0,397478.0,397648.0,170.0,8858.0,9028.0,5,16,59,深位,否
3,3,inbound,IN0151,B6T0000000445,E3,388620.0,397812.0,397982.0,170.0,9192.0,9362.0,5,17,57,浅位,否
3,3,outbound,597,B6T0000000247,E4,400380.0,400380.0,400717.0,337.00000000000017,0.0,337.0,6,44,3,深位,否
3,3,outbound,3450,B6T0000001232,E3,400740.0,400740.0,401086.0,346.00000000000006,0.0,346.0,5,33,28,浅位,否
3,3,outbound,2644,B6T0000001956,E1,400920.0,401086.0,401130.0,44.0,166.0,210.0,6,1,9,浅位,否
3,3,outbound,2645,B6T0000001956,E1,400920.0,401130.0,401174.0,44.0,210.0,254.0,6,1,9,深位,否
3,3,outbound,2646,B6T0000001956,E1,400920.0,401174.0,401276.0,101.99999999999999,254.0,356.0,5,14,5,浅位,否
3,3,outbound,2647,B6T0000001956,E1,400920.0,401276.0,401378.0,101.99999999999999,356.0,458.0,5,14,5,深位,否
3,3,outbound,3451,B6T0000001232,E3,400740.0,401378.0,401724.0,346.00000000000006,638.0,984.0,5,33,28,深位,否
3,3,outbound,10,B6T0000001209,E3,402180.0,402864.0,402918.0,54.0,684.0,738.0,5,10,1,浅位,否
3,3,outbound,12,B6T0000001209,E3,402180.0,402918.0,402972.0,54.0,738.0,792.0,5,10,1,深位,否
3,3,inbound,IN0452,B6T0000001365,E1,405000.0,405000.0,405025.0,25.0,0.0,25.0,6,1,9,浅位,否
3,3,inbound,IN0452,B6T0000001365,E1,405000.0,405044.0,405069.0,25.0,44.0,69.0,6,1,9,深位,否
3,3,inbound,IN0452,B6T0000001365,E1,405000.0,405088.0,405118.0,30.0,88.0,118.0,5,10,1,浅位,否
3,3,inbound,IN0428,B6T0000001301,E3,405180.0,405180.0,405210.0,30.0,0.0,30.0,5,10,1,深位,否
3,3,inbound,IN0428,B6T0000001301,E3,405180.0,405234.0,405288.0,53.99999999999999,54.0,108.0,5,14,5,浅位,否
3,3,inbound,IN0428,B6T0000001301,E3,405180.0,405336.0,405390.0,53.99999999999999,156.0,210.0,5,14,5,深位,否
3,3,inbound,IN0428,B6T0000001301,E3,405180.0,405438.0,405608.0,170.0,258.0,428.0,5,17,57,深位,否
3,3,inbound,IN0428,B6T0000001301,E3,405180.0,405772.0,405942.0,170.0,592.0,762.0,5,18,55,浅位,否
3,3,inbound,IN0428,B6T0000001301,E3,405180.0,406106.0,406276.0,170.0,926.0,1096.0,5,18,55,深位,否
3,3,inbound,IN0428,B6T0000001301,E3,405180.0,406440.0,406610.0,170.0,1260.0,1430.0,6,12,67,浅位,否
3,3,inbound,IN0428,B6T0000001301,E3,405180.0,406774.0,406944.0,170.0,1594.0,1764.0,6,12,67,深位,否
3,3,inbound,IN0428,B6T0000001301,E3,405180.0,407108.0,407278.0,170.0,1928.0,2098.0,6,13,65,浅位,否
3,3,inbound,IN0428,B6T0000001301,E3,405180.0,407442.0,407612.0,170.0,2262.0,2432.0,6,13,65,深位,否
3,3,inbound,IN0428,B6T0000001301,E3,405180.0,407776.0,407946.0,170.0,2596.0,2766.0,6,14,63,浅位,否
3,3,inbound,IN0428,B6T0000001301,E3,405180.0,408110.0,408280.0,170.0,2930.0,3100.0,6,14,63,深位,否
3,3,inbound,IN0428,B6T0000001301,E3,405180.0,408444.0,408614.0,170.0,3264.0,3434.0,6,15,61,浅位,否
3,3,inbound,IN0428,B6T0000001301,E3,405180.0,408778.0,408948.0,170.0,3598.0,3768.0,6,15,61,深位,否
3,3,inbound,IN0428,B6T0000001301,E3,405180.0,409112.0,409282.0,170.0,3932.0,4102.0,6,16,59,浅位,否
3,3,inbound,IN0428,B6T0000001301,E3,405180.0,409446.0,409616.0,170.0,4266.0,4436.0,6,16,59,深位,否
3,3,inbound,IN0428,B6T0000001301,E3,405180.0,409780.0,409950.0,170.0,4600.0,4770.0,6,17,57,浅位,否
3,3,inbound,IN0428,B6T0000001301,E3,405180.0,410114.0,410284.0,170.0,4934.0,5104.0,6,17,57,深位,否
3,3,inbound,IN0428,B6T0000001301,E3,405180.0,410448.0,410618.0,170.0,5268.0,5438.0,6,18,55,浅位,否
3,3,inbound,IN0428,B6T0000001301,E3,405180.0,410782.0,410952.0,170.0,5602.0,5772.0,6,18,55,深位,否
3,3,inbound,IN0428,B6T0000001301,E3,405180.0,411116.0,411286.0,170.00000000000003,5936.0,6106.0,5,19,53,浅位,否
3,3,inbound,IN0428,B6T0000001301,E3,405180.0,411450.0,411620.0,170.00000000000003,6270.0,6440.0,5,19,53,深位,否
3,3,inbound,IN0428,B6T0000001301,E3,405180.0,411784.0,411954.0,170.00000000000003,6604.0,6774.0,6,19,53,浅位,否
3,3,inbound,IN0128,B6T0000000375,E3,405180.0,412118.0,412288.0,170.00000000000003,6938.0,7108.0,6,19,53,深位,否
3,3,inbound,IN0128,B6T0000000375,E3,405180.0,412452.0,412622.0,170.00000000000006,7272.0,7442.0,5,38,15,浅位,否
3,3,inbound,IN0128,B6T0000000375,E3,405180.0,412786.0,412956.0,170.00000000000006,7606.0,7776.0,5,38,15,深位,否
3,3,inbound,IN0486,B6T0000001470,E1,429720.0,429720.0,429779.0,59.0,0.0,59.0,6,8,19,浅位,否
3,3,inbound,IN0486,B6T0000001470,E1,429720.0,429832.0,429891.0,59.0,112.0,171.0,6,8,19,深位,否
3,3,inbound,IN0486,B6T0000001470,E1,429720.0,429944.0,430035.0,91.0,224.0,315.0,5,5,38,深位,否
3,3,inbound,IN0486,B6T0000001470,E1,429720.0,430120.0,430241.0,121.0,400.0,521.0,5,6,52,深位,否
3,3,inbound,IN0486,B6T0000001470,E1,429720.0,430356.0,430477.0,121.0,636.0,757.0,6,6,52,浅位,否
3,3,inbound,IN0072,B6T0000000201,E4,429840.0,430592.0,430763.5,171.50000000000009,752.0,923.5,6,44,3,深位,否
3,3,inbound,IN0072,B6T0000000201,E4,429840.0,430929.0,431191.5,262.5000000000001,1089.0,1351.5,6,45,46,深位,否
3,3,inbound,IN0015,B6T0000000048,E4,430380.0,431448.0,431711.5,263.5000000000001,1068.0,1331.5,5,44,49,浅位,否
3,3,inbound,IN0015,B6T0000000048,E4,430380.0,431969.0,432232.5,263.5000000000001,1589.0,1852.5,5,44,49,深位,否
3,3,outbound,3486,B6T0000001445,E1,432480.0,432753.5,433017.0,263.50000000000006,273.5,537.0,5,7,5,浅位,是
3,3,inbound,IN0015,B6T0000000048,E4,430380.0,432490.0,432753.5,263.5000000000001,2110.0,2373.5,6,44,49,浅位,是
3,3,outbound,3487,B6T0000001445,E1,432480.0,433280.5,433544.0,263.50000000000006,800.5,1064.0,5,7,5,深位,是
3,3,inbound,IN0015,B6T0000000048,E4,430380.0,433017.0,433280.5,263.5000000000001,2637.0,2900.5,6,44,49,深位,是
3,3,outbound,394,B6T0000000471,E3,433020.0,433544.0,433654.0,110.0,524.0,634.0,5,17,1,浅位,否
3,3,outbound,393,B6T0000000471,E3,433020.0,433654.0,433764.0,110.0,634.0,744.0,5,17,1,深位,否
3,3,outbound,391,B6T0000000471,E3,433020.0,433764.0,433874.0,110.0,744.0,854.0,6,17,1,浅位,否
3,3,outbound,19,B6T0000001209,E3,434280.0,434280.0,434334.0,54.0,0.0,54.0,6,10,1,浅位,否
3,3,outbound,18,B6T0000001209,E3,434280.0,434334.0,434388.0,54.0,54.0,108.0,6,10,1,深位,否
3,3,outbound,3327,B6T0000000016,E4,434760.0,434760.0,435087.0,327.00000000000017,0.0,327.0,5,43,3,浅位,否
3,3,outbound,3326,B6T0000000016,E4,434760.0,435117.0,435420.0,303.0000000000001,357.0,660.0,5,43,3,深位,是
3,3,inbound,IN0310,B6T0000000936,E3,434940.0,435087.0,435117.0,30.0,147.0,177.0,6,10,1,浅位,是
3,3,outbound,623,B6T0000000469,E3,433980.0,435450.0,435520.0,70.0,1470.0,1540.0,5,9,11,浅位,是
3,3,inbound,IN0310,B6T0000000936,E3,434940.0,435420.0,435450.0,30.0,480.0,510.0,6,10,1,深位,是
3,3,outbound,624,B6T0000000469,E3,433980.0,435566.0,435612.0,46.0,1586.0,1632.0,5,9,11,深位,是
3,3,inbound,IN0310,B6T0000000936,E3,434940.0,435520.0,435566.0,46.0,580.0,626.0,5,9,11,浅位,是
3,3,outbound,620,B6T0000000469,E3,433980.0,435612.0,435698.0,86.0,1632.0,1718.0,6,9,11,浅位,否
3,3,outbound,622,B6T0000000469,E3,433980.0,435698.0,435784.0,86.0,1718.0,1804.0,6,9,11,深位,否
3,3,outbound,2873,B6T0000000968,E3,434700.0,435784.0,436026.0,242.00000000000006,1084.0,1326.0,6,22,24,浅位,否
3,3,outbound,2872,B6T0000000968,E3,434700.0,436026.0,436268.0,242.00000000000006,1326.0,1568.0,6,22,24,深位,否
3,3,outbound,482,B6T0000001101,E3,436560.0,436560.0,436642.0,82.0,0.0,82.0,5,10,8,浅位,否
3,3,outbound,3433,B6T0000000973,E3,436740.0,436740.0,436798.0,57.99999999999999,0.0,58.0,5,9,4,浅位,否
3,3,outbound,3432,B6T0000000973,E3,436740.0,436798.0,436856.0,57.99999999999999,58.0,116.0,5,9,4,深位,否
3,3,outbound,726,B6T0000000140,E4,434880.0,436966.0,437319.0,353.00000000000017,2086.0,2439.0,5,46,2,深位,否
3,3,outbound,727,B6T0000000140,E4,434880.0,437319.0,437672.0,353.00000000000017,2439.0,2792.0,6,46,2,浅位,否
3,3,outbound,2190,B6T0000001648,E1,437400.0,437672.0,437740.0,68.0,272.0,340.0,5,2,14,浅位,否
3,3,outbound,2191,B6T0000001648,E1,437400.0,437740.0,437808.0,68.0,340.0,408.0,5,2,14,深位,否
3,3,outbound,2192,B6T0000001648,E1,437400.0,437808.0,437876.0,68.0,408.0,476.0,6,2,14,浅位,否
3,3,outbound,2193,B6T0000001648,E1,437400.0,437876.0,437944.0,68.0,476.0,544.0,6,2,14,深位,否
3,3,outbound,725,B6T0000000140,E4,434880.0,437944.0,438297.0,353.00000000000017,3064.0,3417.0,6,46,2,深位,否
3,3,outbound,2942,B6T0000000747,E3,438900.0,438900.0,439142.0,242.00000000000003,0.0,242.0,6,21,26,浅位,否
3,3,outbound,3045,B6T0000000743,E3,439020.0,439142.0,439264.0,122.0,122.0,244.0,6,12,14,深位,否
3,3,outbound,3044,B6T0000000743,E3,439020.0,439264.0,439406.0,142.00000000000003,244.0,386.0,5,20,3,浅位,否
3,3,outbound,3043,B6T0000000743,E3,439020.0,439406.0,439548.0,142.00000000000003,386.0,528.0,5,20,3,深位,否
3,3,outbound,2941,B6T0000000747,E3,438900.0,439548.0,439790.0,242.00000000000003,648.0,890.0,6,21,26,深位,否
3,3,outbound,1171,B6T0000001838,E1,437520.0,440200.0,440248.0,48.0,2680.0,2728.0,5,8,3,浅位,否
3,3,outbound,1170,B6T0000001838,E1,437520.0,440248.0,440296.0,48.0,2728.0,2776.0,5,8,3,深位,否
3,3,outbound,1174,B6T0000001838,E1,437520.0,440296.0,440344.0,48.0,2776.0,2824.0,6,8,3,浅位,否
3,3,inbound,IN0308,B6T0000000931,E3,441780.0,441780.0,441812.0,31.999999999999996,0.0,32.0,5,9,4,浅位,否
3,3,inbound,IN0308,B6T0000000931,E3,441780.0,441838.0,441870.0,31.999999999999996,58.0,90.0,5,9,4,深位,否
3,3,inbound,IN0308,B6T0000000931,E3,441780.0,441896.0,441940.0,44.0,116.0,160.0,5,10,8,浅位,否
3,3,inbound,IN0308,B6T0000000931,E3,441780.0,441978.0,442024.0,46.0,198.0,244.0,5,9,11,深位,否
3,3,inbound,IN0308,B6T0000000931,E3,441780.0,442064.0,442110.0,46.0,284.0,330.0,6,9,11,浅位,否
3,3,inbound,IN0308,B6T0000000931,E3,441780.0,442150.0,442196.0,46.0,370.0,416.0,6,9,11,深位,否
3,3,inbound,IN0308,B6T0000000931,E3,441780.0,442236.0,442294.0,58.0,456.0,514.0,5,17,1,浅位,否
3,3,inbound,IN0308,B6T0000000931,E3,441780.0,442346.0,442404.0,58.0,566.0,624.0,5,17,1,深位,否
3,3,outbound,2427,B6T0000000890,E3,434940.0,442514.0,442688.0,174.0,7574.0,7748.0,5,9,30,浅位,是
3,3,inbound,IN0308,B6T0000000931,E3,441780.0,442456.0,442514.0,58.0,676.0,734.0,6,17,1,浅位,是
3,3,inbound,IN0308,B6T0000000931,E3,441780.0,442688.0,442752.0,64.0,908.0,972.0,6,12,14,深位,否
3,3,inbound,IN0308,B6T0000000931,E3,441780.0,442810.0,442884.0,74.00000000000001,1030.0,1104.0,5,20,3,浅位,否
3,3,inbound,IN0474,B6T0000001427,E1,443160.0,443160.0,443187.0,27.0,0.0,27.0,5,8,3,浅位,否
3,3,inbound,IN0474,B6T0000001427,E1,443160.0,443208.0,443235.0,27.0,48.0,75.0,5,8,3,深位,否
3,3,inbound,IN0474,B6T0000001427,E1,443160.0,443256.0,443283.0,27.0,96.0,123.0,6,8,3,浅位,否
3,3,inbound,IN0474,B6T0000001427,E1,443160.0,443304.0,443333.0,29.0,144.0,173.0,5,7,5,浅位,否
3,3,inbound,IN0474,B6T0000001427,E1,443160.0,443356.0,443385.0,29.0,196.0,225.0,5,7,5,深位,否
3,3,inbound,IN0474,B6T0000001427,E1,443160.0,443408.0,443445.0,37.0,248.0,285.0,5,2,14,浅位,否
3,3,inbound,IN0474,B6T0000001427,E1,443160.0,443476.0,443513.0,37.0,316.0,353.0,5,2,14,深位,否
3,3,inbound,IN0474,B6T0000001427,E1,443160.0,443544.0,443581.0,37.0,384.0,421.0,6,2,14,浅位,否
3,3,inbound,IN0474,B6T0000001427,E1,443160.0,443612.0,443649.0,37.0,452.0,489.0,6,2,14,深位,否
3,3,inbound,IN0474,B6T0000001427,E1,443160.0,443680.0,443754.0,74.00000000000001,520.0,594.0,5,20,3,深位,否
3,3,outbound,86,B6T0000000261,E4,435240.0,443906.0,444263.0,357.00000000000017,8666.0,9023.0,5,43,2,浅位,是
3,3,inbound,IN0474,B6T0000001427,E1,443160.0,443822.0,443906.0,84.0,662.0,746.0,5,9,30,浅位,是
3,3,outbound,1103,B6T0000001301,E3,443880.0,444384.0,444527.0,143.0,504.0,647.0,5,10,1,深位,是
3,3,inbound,IN0474,B6T0000001427,E1,443160.0,444263.0,444384.0,121.0,1103.0,1224.0,6,6,52,深位,是
3,3,outbound,1105,B6T0000001301,E3,443880.0,444557.0,444635.0,77.99999999999999,677.0,755.0,5,14,5,浅位,是
3,3,inbound,IN0474,B6T0000001427,E1,443160.0,444527.0,444557.0,30.0,1367.0,1397.0,5,10,1,深位,是
3,3,outbound,1106,B6T0000001301,E3,443880.0,444689.0,444743.0,53.99999999999999,809.0,863.0,5,14,5,深位,是
3,3,inbound,IN0474,B6T0000001427,E1,443160.0,444635.0,444689.0,53.99999999999999,1475.0,1529.0,5,14,5,浅位,是
3,3,outbound,87,B6T0000000261,E4,435240.0,444797.0,445084.0,287.00000000000017,9557.0,9844.0,5,43,2,深位,是
3,3,inbound,IN0474,B6T0000001427,E1,443160.0,444743.0,444797.0,53.99999999999999,1583.0,1637.0,5,14,5,深位,是
3,3,outbound,95,B6T0000000261,E4,435240.0,445205.0,445605.0,400.0000000000002,9965.0,10365.0,6,43,2,浅位,是
3,3,inbound,IN0474,B6T0000001427,E1,443160.0,445084.0,445205.0,121.0,1924.0,2045.0,5,8,50,浅位,是
3,3,outbound,91,B6T0000000261,E4,435240.0,445726.0,446126.0,400.0000000000002,10486.0,10886.0,6,43,2,深位,是
3,3,inbound,IN0474,B6T0000001427,E1,443160.0,445605.0,445726.0,121.0,2445.0,2566.0,5,8,50,深位,是
3,3,inbound,IN0474,B6T0000001427,E1,443160.0,446126.0,446250.0,124.00000000000001,2966.0,3090.0,6,21,26,浅位,否
3,3,outbound,1115,B6T0000001301,E3,443880.0,446492.0,446616.0,124.00000000000001,2612.0,2736.0,5,9,15,浅位,是
3,3,inbound,IN0474,B6T0000001427,E1,443160.0,446368.0,446492.0,124.00000000000001,3208.0,3332.0,6,21,26,深位,是
3,3,outbound,1113,B6T0000001301,E3,443880.0,446670.0,446724.0,54.0,2790.0,2844.0,5,9,15,深位,是
3,3,inbound,IN0474,B6T0000001427,E1,443160.0,446616.0,446670.0,54.0,3456.0,3510.0,5,9,15,浅位,是
3,3,outbound,1112,B6T0000001301,E3,443880.0,446778.0,446832.0,54.0,2898.0,2952.0,6,9,15,浅位,是
3,3,inbound,IN0474,B6T0000001427,E1,443160.0,446724.0,446778.0,54.0,3564.0,3618.0,5,9,15,深位,是
3,3,outbound,1101,B6T0000001301,E3,443880.0,446886.0,446940.0,54.0,3006.0,3060.0,6,9,15,深位,是
3,3,inbound,IN0474,B6T0000001427,E1,443160.0,446832.0,446886.0,54.0,3672.0,3726.0,6,9,15,浅位,是
3,3,outbound,1271,B6T0000000615,E3,443820.0,446940.0,447090.0,150.0,3120.0,3270.0,5,20,5,浅位,否
3,3,outbound,1270,B6T0000000615,E3,443820.0,447090.0,447240.0,150.0,3270.0,3420.0,5,20,5,深位,否
3,3,outbound,1268,B6T0000000615,E3,443820.0,447240.0,447390.0,150.0,3420.0,3570.0,6,20,5,浅位,否
3,3,outbound,1275,B6T0000000615,E3,443820.0,447390.0,447540.0,150.0,3570.0,3720.0,6,20,5,深位,否
3,3,outbound,1124,B6T0000001955,E1,447420.0,447540.0,447580.0,40.0,120.0,160.0,5,4,5,浅位,否
3,3,outbound,1129,B6T0000001955,E1,447420.0,447580.0,447620.0,40.0,160.0,200.0,5,4,5,深位,否
3,3,outbound,1128,B6T0000001955,E1,447420.0,447620.0,447660.0,40.0,200.0,240.0,6,4,5,浅位,否
3,3,outbound,1127,B6T0000001955,E1,447420.0,447660.0,447700.0,40.0,240.0,280.0,6,4,5,深位,否
3,3,outbound,279,B6T0000000305,E4,451020.0,451020.0,451353.0,333.00000000000017,0.0,333.0,5,44,2,深位,否
3,3,outbound,280,B6T0000000305,E4,451020.0,451353.0,451686.0,333.00000000000017,333.0,666.0,6,44,2,浅位,否
3,3,outbound,1325,B6T0000001360,E1,454620.0,454800.0,454840.0,40.0,180.0,220.0,5,2,7,浅位,否
3,3,outbound,1326,B6T0000001360,E1,454620.0,454840.0,454880.0,40.0,220.0,260.0,5,2,7,深位,否
3,3,outbound,1327,B6T0000001360,E1,454620.0,454880.0,454920.0,40.0,260.0,300.0,6,2,7,浅位,否
3,3,outbound,1328,B6T0000001360,E1,454620.0,454920.0,454960.0,40.0,300.0,340.0,6,2,7,深位,否
3,3,outbound,2825,B6T0000001379,E1,455280.0,455280.0,455348.0,68.0,0.0,68.0,5,3,13,浅位,否
3,3,outbound,2824,B6T0000001379,E1,455280.0,455348.0,455476.0,128.0,68.0,196.0,6,8,23,浅位,否
3,3,outbound,2826,B6T0000001379,E1,455280.0,455476.0,455604.0,128.0,196.0,324.0,6,8,23,深位,否
3,3,inbound,IN0415,B6T0000001268,E3,456360.0,456360.0,456414.0,54.0,0.0,54.0,6,9,15,深位,否
3,3,inbound,IN0415,B6T0000001268,E3,456360.0,456462.0,456540.0,78.0,102.0,180.0,5,20,5,浅位,否
3,3,inbound,IN0415,B6T0000001268,E3,456360.0,456612.0,456690.0,78.0,252.0,330.0,5,20,5,深位,否
3,3,inbound,IN0415,B6T0000001268,E3,456360.0,456762.0,456840.0,78.0,402.0,480.0,6,20,5,浅位,否
3,3,inbound,IN0237,B6T0000000692,E3,456360.0,456912.0,456990.0,78.0,552.0,630.0,6,20,5,深位,否
3,3,inbound,IN0237,B6T0000000692,E3,456360.0,457062.0,457186.0,124.00000000000003,702.0,826.0,6,22,24,浅位,否
3,3,inbound,IN0237,B6T0000000692,E3,456360.0,457304.0,457428.0,124.00000000000003,944.0,1068.0,6,22,24,深位,否
3,3,inbound,IN0237,B6T0000000692,E3,456360.0,457546.0,457710.5,164.50000000000009,1186.0,1350.5,5,43,2,浅位,否
3,3,outbound,3508,B6T0000001321,E1,460080.0,460080.0,460092.0,12.0,0.0,12.0,6,1,1,深位,否
3,3,outbound,3509,B6T0000001321,E1,460080.0,460092.0,460136.0,44.0,12.0,56.0,5,7,3,浅位,否
3,3,outbound,2718,B6T0000000756,E3,460140.0,460140.0,460214.0,74.0,0.0,74.0,5,9,8,浅位,否
3,3,outbound,2716,B6T0000000756,E3,460140.0,460214.0,460288.0,74.0,74.0,148.0,5,9,8,深位,否
3,3,outbound,2719,B6T0000000756,E3,460140.0,460288.0,460362.0,74.0,148.0,222.0,6,9,8,浅位,否
3,3,outbound,2717,B6T0000000756,E3,460140.0,460362.0,460436.0,74.0,222.0,296.0,6,9,8,深位,否
3,3,outbound,1843,B6T0000000219,E4,460560.0,463735.0,464106.0,371.00000000000017,3175.0,3546.0,5,45,9,浅位,否
3,3,outbound,1197,B6T0000001639,E1,463080.0,465038.0,465078.0,40.0,1958.0,1998.0,5,3,6,浅位,否
3,3,outbound,1203,B6T0000001639,E1,463080.0,465078.0,465118.0,40.0,1998.0,2038.0,5,3,6,深位,否
3,3,outbound,1199,B6T0000001639,E1,463080.0,465118.0,465158.0,40.0,2038.0,2078.0,6,3,6,浅位,否
3,3,outbound,1200,B6T0000001639,E1,463080.0,465158.0,465198.0,40.0,2078.0,2118.0,6,3,6,深位,否
3,3,outbound,1399,B6T0000000367,E3,465120.0,465198.0,465276.0,78.0,78.0,156.0,6,9,9,浅位,否
3,3,outbound,1398,B6T0000000367,E3,465120.0,465276.0,465354.0,78.0,156.0,234.0,6,9,9,深位,否
3,3,outbound,543,B6T0000001197,E3,466860.0,467783.0,467889.0,105.99999999999999,923.0,1029.0,5,15,4,浅位,否
3,3,outbound,537,B6T0000001197,E3,466860.0,467889.0,467995.0,105.99999999999999,1029.0,1135.0,5,15,4,深位,否
3,3,outbound,538,B6T0000001197,E3,466860.0,467995.0,468101.0,105.99999999999999,1135.0,1241.0,6,15,4,浅位,否
3,3,outbound,3662,B6T0000001711,E1,470880.0,470880.0,470928.0,48.0,0.0,48.0,5,1,10,浅位,否
3,3,outbound,3663,B6T0000001711,E1,470880.0,470928.0,470976.0,48.0,48.0,96.0,5,1,10,深位,否
3,3,outbound,1816,B6T0000001665,E1,471120.0,471120.0,471172.0,52.0,0.0,52.0,6,2,10,浅位,否
3,3,outbound,1818,B6T0000001665,E1,471120.0,471172.0,471224.0,52.0,52.0,104.0,6,2,10,深位,否
3,3,outbound,3022,B6T0000001792,E1,471780.0,471780.0,471808.0,28.0,0.0,28.0,5,2,4,浅位,否
3,3,outbound,3023,B6T0000001792,E1,471780.0,471808.0,471836.0,28.0,28.0,56.0,5,2,4,深位,否
3,3,outbound,3024,B6T0000001792,E1,471780.0,471836.0,471864.0,28.0,56.0,84.0,6,2,4,浅位,否
3,3,outbound,1244,B6T0000001022,E3,477120.0,477120.0,477246.0,125.99999999999999,0.0,126.0,5,14,11,浅位,否
3,3,outbound,1243,B6T0000001022,E3,477120.0,477246.0,477372.0,125.99999999999999,126.0,252.0,5,14,11,深位,否
3,3,outbound,1237,B6T0000001022,E3,477120.0,477372.0,477498.0,125.99999999999999,252.0,378.0,6,14,11,浅位,否
3,3,outbound,1240,B6T0000001022,E3,477120.0,477498.0,477624.0,125.99999999999999,378.0,504.0,6,14,11,深位,否
3,3,outbound,3539,B6T0000001984,E1,479760.0,479760.0,479824.0,64.0,0.0,64.0,5,6,9,浅位,否
3,3,outbound,3538,B6T0000001984,E1,479760.0,479824.0,479888.0,64.0,64.0,128.0,5,6,9,深位,否
3,3,outbound,1906,B6T0000001740,E1,480000.0,480240.0,480300.0,60.0,240.0,300.0,5,4,10,浅位,否
3,3,outbound,1905,B6T0000001740,E1,480000.0,480300.0,480360.0,60.0,300.0,360.0,5,4,10,深位,否
3,3,outbound,1908,B6T0000001740,E1,480000.0,480360.0,480420.0,60.0,360.0,420.0,6,4,10,浅位,否
3,3,outbound,1904,B6T0000001740,E1,480000.0,480420.0,480480.0,60.0,420.0,480.0,6,4,10,深位,否
3,3,outbound,3030,B6T0000000692,E3,483840.0,483840.0,483990.0,150.0,0.0,150.0,6,20,5,深位,否
3,3,outbound,3028,B6T0000000692,E3,483840.0,483990.0,484232.0,242.00000000000006,150.0,392.0,6,22,24,浅位,否
3,3,outbound,3029,B6T0000000692,E3,483840.0,484232.0,484474.0,242.00000000000006,392.0,634.0,6,22,24,深位,否
3,3,outbound,385,B6T0000000471,E3,486000.0,486000.0,486110.0,110.0,0.0,110.0,6,17,1,深位,否
3,3,outbound,1705,B6T0000001342,E1,486000.0,486258.0,486310.0,52.0,258.0,310.0,5,4,8,浅位,否
3,3,outbound,1698,B6T0000001342,E1,486000.0,486310.0,486362.0,52.0,310.0,362.0,5,4,8,深位,否
3,3,outbound,1706,B6T0000001342,E1,486000.0,486362.0,486414.0,52.0,362.0,414.0,6,4,8,浅位,否
3,3,outbound,1704,B6T0000001342,E1,486000.0,486414.0,486466.0,52.0,414.0,466.0,6,4,8,深位,否
3,3,outbound,960,B6T0000000445,E3,485940.0,486466.0,486576.0,110.0,526.0,636.0,5,13,9,浅位,否
3,3,outbound,2080,B6T0000001673,E1,487860.0,488547.0,488615.0,68.0,687.0,755.0,5,6,10,浅位,否
3,3,outbound,3610,B6T0000000201,E4,488760.0,488760.0,489097.0,337.00000000000017,0.0,337.0,6,44,3,深位,否
3,3,outbound,2222,B6T0000000393,E3,488580.0,491023.0,491193.0,170.0,2443.0,2613.0,5,14,22,浅位,否
3,3,outbound,2218,B6T0000000393,E3,488580.0,491193.0,491363.0,170.0,2613.0,2783.0,5,14,22,深位,否
3,3,outbound,697,B6T0000001180,E3,518220.0,518220.0,518314.0,94.0,0.0,94.0,5,11,9,深位,否
3,3,outbound,701,B6T0000001180,E3,518220.0,518314.0,518408.0,94.0,94.0,188.0,6,11,9,浅位,否
3,3,outbound,702,B6T0000001180,E3,518220.0,518408.0,518502.0,94.0,188.0,282.0,6,11,9,深位,否
3,3,outbound,3067,B6T0000000455,E3,518640.0,518804.0,519074.0,270.0,164.0,434.0,6,26,23,浅位,否
3,3,outbound,1862,B6T0000000725,E3,518520.0,519404.0,519554.0,150.0,884.0,1034.0,5,13,19,浅位,否
3,3,outbound,3589,B6T0000001762,E1,519420.0,519554.0,519598.0,44.0,134.0,178.0,6,7,3,浅位,否
3,3,outbound,3588,B6T0000001762,E1,519420.0,519598.0,519642.0,44.0,178.0,222.0,6,7,3,深位,否
3,3,outbound,1286,B6T0000001854,E1,519120.0,519642.0,519690.0,48.0,522.0,570.0,6,7,4,浅位,否
3,3,outbound,1285,B6T0000001854,E1,519120.0,519690.0,519738.0,48.0,570.0,618.0,6,7,4,深位,否
3,3,outbound,3280,B6T0000001055,E3,519600.0,519738.0,519796.0,57.99999999999999,138.0,196.0,6,9,4,深位,否
3,3,outbound,1864,B6T0000000725,E3,518520.0,519796.0,519946.0,150.0,1276.0,1426.0,5,13,19,深位,否
3,3,outbound,1866,B6T0000000725,E3,518520.0,519946.0,520096.0,150.0,1426.0,1576.0,6,13,19,浅位,否
3,3,outbound,3281,B6T0000001055,E3,519600.0,520096.0,520262.0,166.00000000000003,496.0,662.0,6,23,3,浅位,否
3,3,outbound,2355,B6T0000000217,E4,519660.0,520262.0,520601.0,339.00000000000017,602.0,941.0,6,45,1,深位,否
3,3,outbound,2353,B6T0000000217,E4,519660.0,520601.0,520956.0,355.00000000000017,941.0,1296.0,6,45,5,深位,否
3,3,outbound,788,B6T0000001996,E1,520620.0,520956.0,520996.0,40.0,336.0,376.0,5,7,2,浅位,否
3,3,outbound,789,B6T0000001996,E1,520620.0,520996.0,521036.0,40.0,376.0,416.0,5,7,2,深位,否
3,3,outbound,784,B6T0000001996,E1,520620.0,521036.0,521076.0,40.0,416.0,456.0,6,7,2,浅位,否
3,3,outbound,3591,B6T0000001890,E1,520740.0,521076.0,521276.0,200.0,336.0,536.0,6,3,46,深位,否
3,3,outbound,3590,B6T0000001890,E1,520740.0,521276.0,521488.0,212.0,536.0,748.0,5,2,50,深位,否
3,3,outbound,2352,B6T0000000217,E4,519660.0,521488.0,521847.0,359.00000000000017,1828.0,2187.0,6,45,6,浅位,否
3,3,outbound,2351,B6T0000000217,E4,519660.0,521847.0,522206.0,359.00000000000017,2187.0,2546.0,6,45,6,深位,否
3,3,outbound,2350,B6T0000000217,E4,519660.0,522206.0,522571.0,365.00000000000017,2546.0,2911.0,5,46,5,浅位,否
3,3,outbound,618,B6T0000000247,E4,521520.0,522571.0,522914.0,343.00000000000017,1051.0,1394.0,5,45,2,浅位,否
3,3,outbound,617,B6T0000000247,E4,521520.0,522914.0,523257.0,343.00000000000017,1394.0,1737.0,5,45,2,深位,否
3,3,outbound,616,B6T0000000247,E4,521520.0,523257.0,523600.0,343.00000000000017,1737.0,2080.0,6,45,2,浅位,否
3,3,outbound,615,B6T0000000247,E4,521520.0,523600.0,523943.0,343.00000000000017,2080.0,2423.0,6,45,2,深位,否
3,3,outbound,2354,B6T0000000217,E4,519660.0,523943.0,524308.0,365.00000000000017,4283.0,4648.0,5,46,5,深位,否
3,3,outbound,2070,B6T0000000389,E3,536220.0,536220.0,536394.0,174.0,0.0,174.0,6,17,17,浅位,否
3,3,outbound,2069,B6T0000000389,E3,536220.0,536394.0,536568.0,174.0,174.0,348.0,6,17,17,深位,否
3,3,outbound,2098,B6T0000000116,E4,548100.0,548100.0,548419.0,319.00000000000017,0.0,319.0,5,43,1,浅位,否
3,3,outbound,2097,B6T0000000116,E4,548100.0,548419.0,548738.0,319.00000000000017,319.0,638.0,5,43,1,深位,否
3,3,outbound,2092,B6T0000000116,E4,548100.0,548738.0,549057.0,319.00000000000017,638.0,957.0,6,43,1,浅位,否
3,3,outbound,2406,B6T0000000509,E3,549000.0,549057.0,549139.0,82.0,57.0,139.0,5,9,10,浅位,否
3,3,outbound,2405,B6T0000000509,E3,549000.0,549139.0,549221.0,82.0,139.0,221.0,5,9,10,深位,否
3,3,outbound,2407,B6T0000000509,E3,549000.0,549221.0,549303.0,82.0,221.0,303.0,6,9,10,浅位,否
3,3,outbound,2408,B6T0000000509,E3,549000.0,549303.0,549385.0,82.0,303.0,385.0,6,9,10,深位,否
3,3,outbound,2093,B6T0000000116,E4,548100.0,549385.0,549704.0,319.00000000000017,1285.0,1604.0,6,43,1,深位,否
3,3,outbound,2094,B6T0000000116,E4,548100.0,549704.0,550071.0,367.00000000000017,1604.0,1971.0,5,43,13,浅位,否
3,3,outbound,2095,B6T0000000116,E4,548100.0,550071.0,550438.0,367.00000000000017,1971.0,2338.0,5,43,13,深位,否
3,3,outbound,2096,B6T0000000116,E4,548100.0,550438.0,550805.0,367.00000000000017,2338.0,2705.0,6,43,13,浅位,否
3,3,outbound,2479,B6T0000000337,E3,550920.0,551286.0,551548.0,262.0000000000001,366.0,628.0,5,34,5,浅位,否
3,3,outbound,2478,B6T0000000337,E3,550920.0,551548.0,551810.0,262.0000000000001,628.0,890.0,5,34,5,深位,否
3,3,outbound,884,B6T0000000488,E3,555480.0,555480.0,555586.0,106.0,0.0,106.0,5,13,8,浅位,否
3,3,outbound,885,B6T0000000488,E3,555480.0,555586.0,555692.0,106.0,106.0,212.0,5,13,8,深位,否
3,3,outbound,886,B6T0000000488,E3,555480.0,555692.0,555798.0,106.0,212.0,318.0,6,13,8,浅位,否
3,3,outbound,887,B6T0000000488,E3,555480.0,555798.0,555904.0,106.0,318.0,424.0,6,13,8,深位,否
3,3,outbound,3296,B6T0000001036,E3,555840.0,555904.0,556026.0,122.0,64.0,186.0,5,12,14,浅位,否
3,3,outbound,3297,B6T0000001036,E3,555840.0,556026.0,556148.0,122.0,186.0,308.0,5,12,14,深位,否
3,3,outbound,2930,B6T0000001312,E3,559500.0,559500.0,559726.0,226.0,0.0,226.0,6,17,30,浅位,否
3,3,outbound,2929,B6T0000001312,E3,559500.0,559726.0,559952.0,226.0,226.0,452.0,6,17,30,深位,否
3,3,outbound,3620,B6T0000000672,E3,561900.0,561900.0,562066.0,166.0,0.0,166.0,5,13,23,浅位,否
3,3,outbound,3621,B6T0000000672,E3,561900.0,562066.0,562232.0,166.0,166.0,332.0,5,13,23,深位,否
3,3,outbound,2886,B6T0000000858,E3,562440.0,562440.0,562550.0,109.99999999999999,0.0,110.0,6,16,3,深位,否
3,3,outbound,2885,B6T0000000858,E3,562440.0,562550.0,562660.0,110.0,110.0,220.0,5,12,11,浅位,否
3,3,outbound,2884,B6T0000000858,E3,562440.0,562660.0,562770.0,110.0,220.0,330.0,5,12,11,深位,否
3,3,outbound,1078,B6T0000000178,E4,558720.0,565699.0,566062.0,363.00000000000017,6979.0,7342.0,5,47,2,浅位,否
3,3,outbound,1077,B6T0000000178,E4,558720.0,566062.0,566425.0,363.00000000000017,7342.0,7705.0,5,47,2,深位,否
3,3,outbound,1075,B6T0000000178,E4,558720.0,566425.0,566788.0,363.00000000000017,7705.0,8068.0,6,47,2,浅位,否
3,3,outbound,1080,B6T0000000178,E4,558720.0,566788.0,567151.0,363.00000000000017,8068.0,8431.0,6,47,2,深位,否
3,3,outbound,2244,B6T0000000094,E4,560100.0,567151.0,567546.0,395.00000000000017,7051.0,7446.0,5,47,10,浅位,否
4,4,outbound,3698,B6T0000001866,E1,4080.0,4080.0,4324.0,244.00000000000003,0.0,244.0,8,7,53,浅位,否
4,4,outbound,3699,B6T0000001866,E1,4080.0,4324.0,4568.0,244.00000000000003,244.0,488.0,8,7,53,深位,否
4,4,inbound,IN0541,B6T0000001606,E1,4500.0,4568.0,4579.0,11.0,68.0,79.0,8,1,2,深位,否
4,4,inbound,IN0541,B6T0000001606,E1,4500.0,4584.0,4609.0,25.0,84.0,109.0,7,5,5,深位,否
4,4,inbound,IN0541,B6T0000001606,E1,4500.0,4628.0,4659.0,31.0,128.0,159.0,8,7,6,深位,否
4,4,inbound,IN0011,B6T0000000023,E4,10680.0,10680.0,10844.5,164.50000000000009,0.0,164.5,8,43,2,深位,否
4,4,inbound,IN0011,B6T0000000023,E4,10680.0,11003.0,11185.5,182.50000000000009,323.0,505.5,7,43,11,深位,否
4,4,outbound,2722,B6T0000001496,E1,11160.0,11362.0,11478.0,116.0,202.0,318.0,7,6,22,浅位,否
4,4,outbound,2720,B6T0000001496,E1,11160.0,11478.0,11594.0,116.0,318.0,434.0,7,6,22,深位,否
4,4,outbound,2723,B6T0000001496,E1,11160.0,11642.0,11770.0,128.0,482.0,610.0,8,6,22,浅位,是
4,4,inbound,IN0183,B6T0000000538,E3,11580.0,11594.0,11642.0,47.99999999999999,14.0,62.0,8,14,2,深位,是
4,4,outbound,2721,B6T0000001496,E1,11160.0,11830.0,11970.0,140.0,670.0,810.0,8,6,22,深位,是
4,4,inbound,IN0183,B6T0000000538,E3,11580.0,11770.0,11830.0,60.0,190.0,250.0,8,17,2,深位,是
4,4,inbound,IN0183,B6T0000000538,E3,11580.0,11970.0,12044.0,74.0,390.0,464.0,8,19,5,深位,否
4,4,inbound,IN0183,B6T0000000538,E3,11580.0,12112.0,12200.0,88.00000000000001,532.0,620.0,8,24,2,深位,否
4,4,outbound,3527,B6T0000000844,E3,16500.0,16500.0,16854.0,354.00000000000006,0.0,354.0,8,32,32,浅位,否
4,4,outbound,3526,B6T0000000844,E3,16500.0,16854.0,17208.0,354.00000000000006,354.0,708.0,8,32,32,深位,否
4,4,outbound,590,B6T0000001238,E3,19080.0,19080.0,19186.0,105.99999999999999,0.0,106.0,7,15,4,浅位,否
4,4,outbound,594,B6T0000001238,E3,19080.0,19186.0,19292.0,105.99999999999999,106.0,212.0,7,15,4,深位,否
4,4,outbound,579,B6T0000001238,E3,19080.0,19292.0,19398.0,105.99999999999999,212.0,318.0,8,15,4,浅位,否
4,4,outbound,580,B6T0000001238,E3,19080.0,19398.0,19504.0,105.99999999999999,318.0,424.0,8,15,4,深位,否
4,4,inbound,IN0263,B6T0000000777,E3,19680.0,19680.0,19736.0,55.99999999999999,0.0,56.0,7,15,4,浅位,否
4,4,outbound,3306,B6T0000001385,E1,19740.0,19842.0,20042.0,200.0,102.0,302.0,7,3,40,浅位,是
4,4,inbound,IN0263,B6T0000000777,E3,19680.0,19786.0,19842.0,55.99999999999999,106.0,162.0,7,15,4,深位,是
4,4,outbound,3307,B6T0000001385,E1,19740.0,20098.0,20298.0,200.0,358.0,558.0,7,3,40,深位,是
4,4,inbound,IN0263,B6T0000000777,E3,19680.0,20042.0,20098.0,55.99999999999999,362.0,418.0,8,15,4,浅位,是
4,4,inbound,IN0263,B6T0000000777,E3,19680.0,20298.0,20354.0,55.99999999999999,618.0,674.0,8,15,4,深位,否
4,4,inbound,IN0263,B6T0000000777,E3,19680.0,20404.0,20494.0,90.0,724.0,814.0,8,12,27,深位,否
4,4,inbound,IN0263,B6T0000000777,E3,19680.0,20578.0,20674.0,96.00000000000001,898.0,994.0,7,21,12,深位,否
4,4,outbound,3276,B6T0000000714,E3,21000.0,21000.0,21250.0,250.0,0.0,250.0,8,14,42,浅位,否
4,4,outbound,3277,B6T0000000714,E3,21000.0,21250.0,21500.0,250.0,250.0,500.0,8,14,42,深位,否
4,4,outbound,1976,B6T0000001165,E3,20280.0,23290.0,23464.0,174.0,3010.0,3184.0,7,18,15,浅位,否
4,4,outbound,1975,B6T0000001165,E3,20280.0,23464.0,23638.0,174.0,3184.0,3358.0,7,18,15,深位,否
4,4,outbound,713,B6T0000000313,E4,19560.0,26849.0,27196.0,347.00000000000017,7289.0,7636.0,7,45,3,浅位,否
4,4,outbound,717,B6T0000000313,E4,19560.0,27196.0,27543.0,347.00000000000017,7636.0,7983.0,7,45,3,深位,否
4,4,outbound,704,B6T0000000313,E4,19560.0,27543.0,27890.0,347.00000000000017,7983.0,8330.0,8,45,3,浅位,否
4,4,outbound,2995,B6T0000001393,E1,29940.0,29940.0,30076.0,136.0,0.0,136.0,7,5,28,浅位,否
4,4,outbound,2996,B6T0000001393,E1,29940.0,30076.0,30212.0,136.0,136.0,272.0,7,5,28,深位,否
4,4,outbound,2997,B6T0000001393,E1,29940.0,30212.0,30348.0,136.0,272.0,408.0,8,5,28,浅位,否
4,4,outbound,1556,B6T0000001735,E1,30420.0,32277.0,32329.0,52.0,1857.0,1909.0,7,7,5,浅位,否
4,4,outbound,1555,B6T0000001735,E1,30420.0,32329.0,32381.0,52.0,1909.0,1961.0,7,7,5,深位,否
4,4,outbound,1554,B6T0000001735,E1,30420.0,32381.0,32433.0,52.0,1961.0,2013.0,8,7,5,浅位,否
4,4,outbound,1565,B6T0000001735,E1,30420.0,32433.0,32485.0,52.0,2013.0,2065.0,8,7,5,深位,否
4,4,outbound,3275,B6T0000000569,E3,34740.0,34740.0,35070.0,330.0000000000001,0.0,330.0,8,35,20,浅位,否
4,4,outbound,3274,B6T0000000569,E3,34740.0,35070.0,35400.0,330.0000000000001,330.0,660.0,8,35,20,深位,否
4,4,outbound,1717,B6T0000001672,E1,35040.0,35400.0,35456.0,56.0,360.0,416.0,7,6,7,浅位,否
4,4,outbound,1723,B6T0000001672,E1,35040.0,35456.0,35512.0,56.0,416.0,472.0,7,6,7,深位,否
4,4,outbound,1724,B6T0000001672,E1,35040.0,35512.0,35568.0,56.0,472.0,528.0,8,6,7,浅位,否
4,4,outbound,1718,B6T0000001672,E1,35040.0,35568.0,35624.0,56.0,528.0,584.0,8,6,7,深位,否
4,4,outbound,2966,B6T0000000501,E3,36180.0,36784.0,37086.0,302.0000000000001,604.0,906.0,7,36,11,浅位,否
4,4,outbound,2367,B6T0000001801,E1,37800.0,37968.0,38052.0,84.0,168.0,252.0,7,7,13,浅位,否
4,4,outbound,2364,B6T0000001801,E1,37800.0,38052.0,38136.0,84.0,252.0,336.0,7,7,13,深位,否
4,4,outbound,2363,B6T0000001801,E1,37800.0,38136.0,38220.0,84.0,336.0,420.0,8,7,13,浅位,否
4,4,outbound,2365,B6T0000001801,E1,37800.0,38220.0,38304.0,84.0,420.0,504.0,8,7,13,深位,否
4,4,inbound,IN0506,B6T0000001520,E1,40860.0,40860.0,40889.0,29.0,0.0,29.0,7,7,5,浅位,否
4,4,inbound,IN0506,B6T0000001520,E1,40860.0,40912.0,40941.0,29.0,52.0,81.0,7,7,5,深位,否
4,4,inbound,IN0506,B6T0000001520,E1,40860.0,40964.0,40993.0,29.0,104.0,133.0,8,7,5,浅位,否
4,4,outbound,3483,B6T0000000952,E3,41280.0,41280.0,41566.0,286.0,0.0,286.0,7,16,47,浅位,否
4,4,outbound,3482,B6T0000000952,E3,41280.0,41566.0,41852.0,286.0,286.0,572.0,7,16,47,深位,否
4,4,inbound,IN0451,B6T0000001361,E1,42000.0,42000.0,42029.0,29.0,0.0,29.0,8,7,5,深位,否
4,4,inbound,IN0451,B6T0000001361,E1,42000.0,42052.0,42083.0,31.0,52.0,83.0,7,6,7,浅位,否
4,4,outbound,3496,B6T0000001087,E3,44340.0,44340.0,44638.0,298.0,0.0,298.0,8,19,44,浅位,否
4,4,outbound,3497,B6T0000001087,E3,44340.0,44638.0,44936.0,298.0,298.0,596.0,8,19,44,深位,否
4,4,outbound,2060,B6T0000000120,E4,43980.0,45750.0,46143.0,393.00000000000017,1770.0,2163.0,7,48,7,浅位,否
4,4,outbound,2059,B6T0000000120,E4,43980.0,46319.5,46542.0,222.50000000000009,2339.5,2562.0,7,48,7,深位,是
4,4,inbound,IN0101,B6T0000000285,E4,45840.0,46143.0,46319.5,176.50000000000009,303.0,479.5,7,45,3,浅位,是
4,4,outbound,2057,B6T0000000120,E4,43980.0,46718.5,46941.0,222.50000000000009,2738.5,2961.0,8,48,7,浅位,是
4,4,inbound,IN0101,B6T0000000285,E4,45840.0,46542.0,46718.5,176.50000000000009,702.0,878.5,7,45,3,深位,是
4,4,inbound,IN0101,B6T0000000285,E4,45840.0,46941.0,47117.5,176.50000000000009,1101.0,1277.5,8,45,3,浅位,否
4,4,inbound,IN0086,B6T0000000234,E4,45960.0,47288.0,47481.5,193.50000000000009,1328.0,1521.5,8,46,9,深位,否
4,4,inbound,IN0086,B6T0000000234,E4,45960.0,47669.0,47868.5,199.50000000000009,1709.0,1908.5,7,48,7,浅位,否
4,4,inbound,IN0069,B6T0000000193,E4,46440.0,48062.0,48261.5,199.50000000000009,1622.0,1821.5,7,48,7,深位,否
4,4,inbound,IN0069,B6T0000000193,E4,46440.0,48455.0,48654.5,199.50000000000009,2015.0,2214.5,8,48,7,浅位,否
4,4,inbound,IN0607,B6T0000001794,E1,48720.0,48848.0,48879.0,31.0,128.0,159.0,7,6,7,深位,否
4,4,inbound,IN0607,B6T0000001794,E1,48720.0,48904.0,48935.0,31.0,184.0,215.0,8,6,7,浅位,否
4,4,inbound,IN0268,B6T0000000799,E3,48960.0,48960.0,49050.0,90.0,0.0,90.0,7,18,15,浅位,否
4,4,inbound,IN0268,B6T0000000799,E3,48960.0,49134.0,49224.0,90.0,174.0,264.0,7,18,15,深位,否
4,4,inbound,IN0546,B6T0000001636,E1,49200.0,49308.0,49339.0,31.0,108.0,139.0,8,6,7,深位,否
4,4,inbound,IN0546,B6T0000001636,E1,49200.0,49364.0,49395.0,31.000000000000004,164.0,195.0,7,1,12,深位,否
4,4,inbound,IN0546,B6T0000001636,E1,49200.0,49420.0,49461.0,41.0,220.0,261.0,8,6,12,深位,否
4,4,inbound,IN0546,B6T0000001636,E1,49200.0,49496.0,49541.0,45.0,296.0,341.0,7,2,18,深位,否
4,4,inbound,IN0539,B6T0000001604,E1,49320.0,49580.0,49625.0,45.0,260.0,305.0,7,7,13,浅位,否
4,4,inbound,IN0539,B6T0000001604,E1,49320.0,49664.0,49709.0,45.0,344.0,389.0,7,7,13,深位,否
4,4,inbound,IN0268,B6T0000000799,E3,48960.0,49748.0,49848.0,100.00000000000001,788.0,888.0,7,23,10,深位,否
4,4,inbound,IN0268,B6T0000000799,E3,48960.0,49942.0,50062.0,120.00000000000003,982.0,1102.0,7,32,2,深位,否
4,4,inbound,IN0268,B6T0000000799,E3,48960.0,50176.0,50300.0,124.00000000000003,1216.0,1340.0,7,33,2,深位,否
4,4,inbound,IN0268,B6T0000000799,E3,48960.0,50418.0,50546.0,128.0,1458.0,1586.0,7,14,42,深位,否
4,4,inbound,IN0268,B6T0000000799,E3,48960.0,50668.0,50796.0,128.0,1708.0,1836.0,8,14,42,浅位,否
4,4,inbound,IN0268,B6T0000000799,E3,48960.0,50918.0,51046.0,128.0,1958.0,2086.0,8,14,42,深位,否
4,4,outbound,2554,B6T0000001153,E3,51060.0,51296.0,51532.0,236.00000000000003,236.0,472.0,7,10,31,浅位,是
4,4,inbound,IN0268,B6T0000000799,E3,48960.0,51168.0,51296.0,128.00000000000003,2208.0,2336.0,7,33,4,深位,是
4,4,outbound,2553,B6T0000001153,E3,51060.0,51622.0,51712.0,90.0,562.0,652.0,7,10,31,深位,是
4,4,inbound,IN0268,B6T0000000799,E3,48960.0,51532.0,51622.0,90.0,2572.0,2662.0,7,10,31,浅位,是
4,4,outbound,2552,B6T0000001153,E3,51060.0,51802.0,51892.0,90.0,742.0,832.0,8,10,31,浅位,是
4,4,inbound,IN0268,B6T0000000799,E3,48960.0,51712.0,51802.0,90.0,2752.0,2842.0,7,10,31,深位,是
4,4,outbound,2551,B6T0000001153,E3,51060.0,51982.0,52072.0,90.0,922.0,1012.0,8,10,31,深位,是
4,4,inbound,IN0268,B6T0000000799,E3,48960.0,51892.0,51982.0,90.0,2932.0,3022.0,8,10,31,浅位,是
4,4,outbound,2890,B6T0000001622,E1,51960.0,52162.0,52252.0,90.0,202.0,292.0,8,5,26,浅位,是
4,4,inbound,IN0268,B6T0000000799,E3,48960.0,52072.0,52162.0,90.0,3112.0,3202.0,8,10,31,深位,是
4,4,outbound,2892,B6T0000001622,E1,51960.0,52382.0,52596.0,214.00000000000003,422.0,636.0,8,5,26,深位,是
4,4,inbound,IN0268,B6T0000000799,E3,48960.0,52252.0,52382.0,130.00000000000003,3292.0,3422.0,7,33,5,深位,是
4,4,inbound,IN0268,B6T0000000799,E3,48960.0,52596.0,52734.0,138.0,3636.0,3774.0,8,27,21,深位,否
4,4,inbound,IN0268,B6T0000000799,E3,48960.0,52866.0,53004.0,138.0,3906.0,4044.0,8,28,19,深位,否
4,4,inbound,IN0268,B6T0000000799,E3,48960.0,53136.0,53282.0,146.0,4176.0,4322.0,7,16,47,浅位,否
4,4,inbound,IN0268,B6T0000000799,E3,48960.0,53422.0,53568.0,146.0,4462.0,4608.0,7,16,47,深位,否
4,4,inbound,IN0268,B6T0000000799,E3,48960.0,53708.0,53856.0,148.0,4748.0,4896.0,7,11,58,深位,否
4,4,inbound,IN0268,B6T0000000799,E3,48960.0,53998.0,54148.0,150.0,5038.0,5188.0,7,9,63,深位,否
4,4,inbound,IN0268,B6T0000000799,E3,48960.0,54292.0,54442.0,150.0,5332.0,5482.0,7,10,61,深位,否
4,4,inbound,IN0268,B6T0000000799,E3,48960.0,54586.0,54736.0,150.00000000000006,5626.0,5776.0,7,35,11,深位,否
4,4,inbound,IN0268,B6T0000000799,E3,48960.0,54880.0,55030.0,150.00000000000006,5920.0,6070.0,7,40,1,深位,否
4,4,inbound,IN0268,B6T0000000799,E3,48960.0,55174.0,55326.0,152.0,6214.0,6366.0,7,9,64,浅位,否
4,4,inbound,IN0268,B6T0000000799,E3,48960.0,55472.0,55624.0,152.0,6512.0,6664.0,7,9,64,深位,否
4,4,outbound,664,B6T0000001698,E1,54180.0,55922.0,56074.0,152.0,1742.0,1894.0,7,8,1,浅位,是
4,4,inbound,IN0268,B6T0000000799,E3,48960.0,55770.0,55922.0,152.0,6810.0,6962.0,7,19,44,深位,是
4,4,outbound,665,B6T0000001698,E1,54180.0,56226.0,56378.0,152.0,2046.0,2198.0,7,8,1,深位,是
4,4,inbound,IN0420,B6T0000001285,E3,51240.0,56074.0,56226.0,152.0,4834.0,4986.0,8,9,64,浅位,是
4,4,outbound,663,B6T0000001698,E1,54180.0,56530.0,56682.0,152.0,2350.0,2502.0,8,8,1,浅位,是
4,4,inbound,IN0420,B6T0000001285,E3,51240.0,56378.0,56530.0,152.0,5138.0,5290.0,8,9,64,深位,是
4,4,outbound,662,B6T0000001698,E1,54180.0,56834.0,56986.0,152.0,2654.0,2806.0,8,8,1,深位,是
4,4,inbound,IN0420,B6T0000001285,E3,51240.0,56682.0,56834.0,152.0,5442.0,5594.0,8,19,44,浅位,是
4,4,outbound,1573,B6T0000001553,E1,54600.0,57188.5,57391.0,202.50000000000006,2588.5,2791.0,7,2,8,浅位,是
4,4,inbound,IN0069,B6T0000000193,E4,46440.0,56986.0,57188.5,202.50000000000009,10546.0,10748.5,7,43,21,深位,是
4,4,outbound,1566,B6T0000001553,E1,54600.0,57599.5,57808.0,208.50000000000009,2999.5,3208.0,7,2,8,深位,是
4,4,inbound,IN0069,B6T0000000193,E4,46440.0,57391.0,57599.5,208.50000000000009,10951.0,11159.5,8,45,19,深位,是
4,4,outbound,366,B6T0000001440,E1,55740.0,58027.5,58247.0,219.50000000000006,2287.5,2507.0,7,5,2,浅位,是
4,4,inbound,IN0069,B6T0000000193,E4,46440.0,57808.0,58027.5,219.50000000000009,11368.0,11587.5,7,44,27,深位,是
4,4,outbound,371,B6T0000001440,E1,55740.0,58479.5,58712.0,232.5000000000001,2739.5,2972.0,7,5,2,深位,是
4,4,inbound,IN0069,B6T0000000193,E4,46440.0,58247.0,58479.5,232.50000000000009,11807.0,12039.5,7,47,26,深位,是
4,4,outbound,365,B6T0000001440,E1,55740.0,58712.0,58744.0,32.0,2972.0,3004.0,8,5,2,浅位,否
4,4,outbound,378,B6T0000001440,E1,55740.0,58744.0,58776.0,32.0,3004.0,3036.0,8,5,2,深位,否
4,4,outbound,1576,B6T0000001553,E1,54600.0,58776.0,58820.0,44.0,4176.0,4220.0,8,2,8,浅位,否
4,4,outbound,1575,B6T0000001553,E1,54600.0,58820.0,58864.0,44.0,4220.0,4264.0,8,2,8,深位,否
4,4,outbound,2282,B6T0000001811,E1,54840.0,58864.0,58936.0,72.0,4024.0,4096.0,7,2,15,浅位,否
4,4,outbound,2279,B6T0000001811,E1,54840.0,58936.0,59008.0,72.0,4096.0,4168.0,7,2,15,深位,否
4,4,outbound,445,B6T0000000678,E3,56280.0,59008.0,59090.0,82.0,2728.0,2810.0,7,9,10,浅位,否
4,4,outbound,446,B6T0000000678,E3,56280.0,59090.0,59172.0,82.0,2810.0,2892.0,7,9,10,深位,否
4,4,outbound,447,B6T0000000678,E3,56280.0,59172.0,59254.0,82.0,2892.0,2974.0,8,9,10,浅位,否
4,4,outbound,448,B6T0000000678,E3,56280.0,59273.0,59342.0,69.0,2993.0,3062.0,8,9,10,深位,是
4,4,inbound,IN0562,B6T0000001666,E1,59220.0,59254.0,59273.0,19.0,34.0,53.0,7,5,2,浅位,是
4,4,inbound,IN0562,B6T0000001666,E1,59220.0,59342.0,59361.0,19.0,122.0,141.0,7,5,2,深位,否
4,4,inbound,IN0562,B6T0000001666,E1,59220.0,59374.0,59393.0,19.0,154.0,173.0,8,5,2,浅位,否
4,4,inbound,IN0444,B6T0000001346,E1,59400.0,59406.0,59425.0,19.0,6.0,25.0,8,5,2,深位,否
4,4,inbound,IN0444,B6T0000001346,E1,59400.0,59438.0,59461.0,23.0,38.0,61.0,7,8,1,浅位,否
4,4,inbound,IN0164,B6T0000000481,E3,59400.0,59478.0,59522.0,44.0,78.0,122.0,7,9,10,浅位,否
4,4,inbound,IN0164,B6T0000000481,E3,59400.0,59560.0,59604.0,44.0,160.0,204.0,7,9,10,深位,否
4,4,inbound,IN0164,B6T0000000481,E3,59400.0,59642.0,59686.0,44.0,242.0,286.0,8,9,10,浅位,否
4,4,inbound,IN0164,B6T0000000481,E3,59400.0,59724.0,59768.0,44.0,324.0,368.0,8,9,10,深位,否
4,4,inbound,IN0164,B6T0000000481,E3,59400.0,59806.0,59958.0,152.0,406.0,558.0,8,19,44,深位,否
4,4,inbound,IN0164,B6T0000000481,E3,59400.0,60104.0,60258.0,154.0,704.0,858.0,7,9,65,浅位,否
4,4,inbound,IN0188,B6T0000000543,E3,59580.0,60406.0,60560.0,154.0,826.0,980.0,7,9,65,深位,否
4,4,inbound,IN0188,B6T0000000543,E3,59580.0,60708.0,60862.0,154.0,1128.0,1282.0,7,10,63,浅位,否
4,4,inbound,IN0188,B6T0000000543,E3,59580.0,61010.0,61164.0,154.0,1430.0,1584.0,7,10,63,深位,否
4,4,inbound,IN0188,B6T0000000543,E3,59580.0,61312.0,61466.0,154.0,1732.0,1886.0,7,11,61,浅位,否
4,4,inbound,IN0188,B6T0000000543,E3,59580.0,61614.0,61768.0,154.0,2034.0,2188.0,7,11,61,深位,否
4,4,inbound,IN0188,B6T0000000543,E3,59580.0,61916.0,62070.0,154.0,2336.0,2490.0,8,9,65,浅位,否
4,4,inbound,IN0534,B6T0000001586,E1,82740.0,82740.0,82763.0,23.0,0.0,23.0,7,8,1,深位,否
4,4,inbound,IN0534,B6T0000001586,E1,82740.0,82780.0,82803.0,23.0,40.0,63.0,8,8,1,浅位,否
4,4,inbound,IN0534,B6T0000001586,E1,82740.0,82820.0,82843.0,23.0,80.0,103.0,8,8,1,深位,否
4,4,inbound,IN0534,B6T0000001586,E1,82740.0,82860.0,82885.0,25.0,120.0,145.0,7,2,8,浅位,否
4,4,inbound,IN0534,B6T0000001586,E1,82740.0,82904.0,82929.0,25.0,164.0,189.0,7,2,8,深位,否
4,4,inbound,IN0534,B6T0000001586,E1,82740.0,82948.0,82973.0,25.0,208.0,233.0,8,2,8,浅位,否
4,4,inbound,IN0534,B6T0000001586,E1,82740.0,82992.0,83017.0,25.0,252.0,277.0,8,2,8,深位,否
4,4,inbound,IN0534,B6T0000001586,E1,82740.0,83036.0,83075.0,39.0,296.0,335.0,7,2,15,浅位,否
4,4,inbound,IN0517,B6T0000001547,E1,84600.0,84600.0,84639.0,39.0,0.0,39.0,7,2,15,深位,否
4,4,inbound,IN0517,B6T0000001547,E1,84600.0,84672.0,84717.0,45.0,72.0,117.0,8,7,13,浅位,否
4,4,inbound,IN0517,B6T0000001547,E1,84600.0,84756.0,84801.0,45.0,156.0,201.0,8,7,13,深位,否
4,4,inbound,IN0517,B6T0000001547,E1,84600.0,84840.0,84887.0,47.0,240.0,287.0,8,7,14,深位,否
4,4,inbound,IN0517,B6T0000001547,E1,84600.0,84928.0,84977.0,49.0,328.0,377.0,7,1,21,深位,否
4,4,outbound,3546,B6T0000001365,E1,85980.0,85980.0,86200.0,220.0,0.0,220.0,8,5,49,浅位,否
4,4,outbound,3547,B6T0000001365,E1,85980.0,86200.0,86420.0,220.0,220.0,440.0,8,5,49,深位,否
4,4,outbound,2688,B6T0000001182,E3,85980.0,86420.0,86710.0,290.0000000000001,440.0,730.0,8,38,4,浅位,否
4,4,outbound,1471,B6T0000000631,E3,86520.0,86710.0,86884.0,174.00000000000003,190.0,364.0,8,24,3,浅位,否
4,4,outbound,1480,B6T0000000631,E3,86520.0,86884.0,87058.0,174.00000000000003,364.0,538.0,8,24,3,深位,否
4,4,outbound,2690,B6T0000001182,E3,85980.0,87148.0,87354.0,206.00000000000009,1168.0,1374.0,8,38,4,深位,是
4,4,inbound,IN0313,B6T0000000940,E3,87000.0,87058.0,87148.0,90.00000000000001,58.0,148.0,8,24,3,浅位,是
4,4,outbound,1666,B6T0000001355,E1,87240.0,87444.0,87558.0,114.00000000000003,204.0,318.0,7,1,9,浅位,是
4,4,inbound,IN0313,B6T0000000940,E3,87000.0,87354.0,87444.0,90.00000000000001,354.0,444.0,8,24,3,深位,是
4,4,outbound,1670,B6T0000001355,E1,87240.0,87706.0,87874.0,168.00000000000006,466.0,634.0,7,1,9,深位,是
4,4,inbound,IN0313,B6T0000000940,E3,87000.0,87558.0,87706.0,148.00000000000006,558.0,706.0,8,38,4,浅位,是
4,4,outbound,1671,B6T0000001355,E1,87240.0,87874.0,87918.0,44.0,634.0,678.0,8,1,9,浅位,否
4,4,outbound,1672,B6T0000001355,E1,87240.0,87918.0,87962.0,44.0,678.0,722.0,8,1,9,深位,否
4,4,outbound,2754,B6T0000000327,E3,87960.0,87962.0,88208.0,246.0,2.0,248.0,7,25,19,浅位,否
4,4,outbound,550,B6T0000001197,E3,87180.0,88208.0,88310.0,101.99999999999999,1028.0,1130.0,7,14,5,浅位,否
4,4,outbound,2753,B6T0000000327,E3,87960.0,88310.0,88556.0,246.0,350.0,596.0,7,25,19,深位,否
4,4,outbound,1836,B6T0000000536,E3,87000.0,88556.0,88742.0,186.00000000000003,1556.0,1742.0,7,23,8,浅位,否
4,4,outbound,1837,B6T0000000536,E3,87000.0,88742.0,88928.0,186.00000000000003,1742.0,1928.0,7,23,8,深位,否
4,4,outbound,1839,B6T0000000536,E3,87000.0,88928.0,89114.0,186.00000000000003,1928.0,2114.0,8,23,8,浅位,否
4,4,outbound,1840,B6T0000000536,E3,87000.0,89114.0,89300.0,186.00000000000003,2114.0,2300.0,8,23,8,深位,否
4,4,outbound,2745,B6T0000001086,E3,86820.0,89300.0,89526.0,226.00000000000003,2480.0,2706.0,7,20,24,浅位,否
4,4,outbound,2746,B6T0000001086,E3,86820.0,89526.0,89752.0,226.00000000000003,2706.0,2932.0,7,20,24,深位,否
4,4,outbound,2752,B6T0000000327,E3,87960.0,89752.0,89998.0,246.0,1792.0,2038.0,8,25,19,浅位,否
4,4,outbound,2755,B6T0000000327,E3,87960.0,89998.0,90244.0,246.0,2038.0,2284.0,8,25,19,深位,否
4,4,outbound,3286,B6T0000000783,E3,88260.0,90244.0,90514.0,270.0,1984.0,2254.0,7,19,37,浅位,否
4,4,outbound,3287,B6T0000000783,E3,88260.0,90514.0,90784.0,270.0,2254.0,2524.0,7,19,37,深位,否
4,4,outbound,3101,B6T0000000457,E3,87360.0,90784.0,91082.0,298.00000000000006,3424.0,3722.0,7,32,18,浅位,否
4,4,outbound,3676,B6T0000000818,E3,87060.0,91082.0,91436.0,354.0,4022.0,4376.0,7,27,42,浅位,否
4,4,outbound,3677,B6T0000000818,E3,87060.0,91490.0,91796.0,306.0,4430.0,4736.0,7,27,42,深位,是
4,4,inbound,IN0245,B6T0000000719,E3,91260.0,91436.0,91490.0,53.99999999999999,176.0,230.0,7,14,5,浅位,是
4,4,outbound,3542,B6T0000000587,E3,89220.0,91892.0,92184.0,292.0000000000001,2672.0,2964.0,7,38,27,浅位,是
4,4,inbound,IN0245,B6T0000000719,E3,91260.0,91796.0,91892.0,96.00000000000001,536.0,632.0,7,23,8,浅位,是
4,4,outbound,1947,B6T0000000292,E4,86220.0,92209.0,92559.0,350.00000000000017,5989.0,6339.0,7,44,11,浅位,是
4,4,inbound,IN0482,B6T0000001460,E1,91800.0,92184.0,92209.0,25.0,384.0,409.0,7,1,9,浅位,是
4,4,outbound,1946,B6T0000000292,E4,86220.0,92584.0,92934.0,350.00000000000017,6364.0,6714.0,7,44,11,深位,是
4,4,inbound,IN0482,B6T0000001460,E1,91800.0,92559.0,92584.0,25.0,759.0,784.0,7,1,9,深位,是
4,4,outbound,1945,B6T0000000292,E4,86220.0,92959.0,93309.0,350.00000000000017,6739.0,7089.0,8,44,11,浅位,是
4,4,inbound,IN0482,B6T0000001460,E1,91800.0,92934.0,92959.0,25.0,1134.0,1159.0,8,1,9,浅位,是
4,4,outbound,1942,B6T0000000292,E4,86220.0,93334.0,93684.0,350.00000000000017,7114.0,7464.0,8,44,11,深位,是
4,4,inbound,IN0482,B6T0000001460,E1,91800.0,93309.0,93334.0,25.0,1509.0,1534.0,8,1,9,深位,是
4,4,outbound,3543,B6T0000000587,E3,89220.0,93780.0,94072.0,292.0000000000001,4560.0,4852.0,7,38,27,深位,是
4,4,inbound,IN0245,B6T0000000719,E3,91260.0,93684.0,93780.0,96.00000000000001,2424.0,2520.0,7,23,8,深位,是
4,4,outbound,1832,B6T0000001148,E3,91860.0,94168.0,94272.0,104.00000000000003,2308.0,2412.0,7,21,10,浅位,是
4,4,inbound,IN0245,B6T0000000719,E3,91260.0,94072.0,94168.0,96.00000000000001,2812.0,2908.0,8,23,8,浅位,是
4,4,outbound,1825,B6T0000001148,E3,91860.0,94364.0,94456.0,92.00000000000001,2504.0,2596.0,7,21,10,深位,是
4,4,inbound,IN0245,B6T0000000719,E3,91260.0,94272.0,94364.0,92.00000000000001,3012.0,3104.0,7,21,10,浅位,是
4,4,inbound,IN0245,B6T0000000719,E3,91260.0,94456.0,94548.0,92.00000000000001,3196.0,3288.0,7,21,10,深位,否
4,4,outbound,3131,B6T0000000538,E3,95100.0,95100.0,95190.0,89.99999999999999,0.0,90.0,8,14,2,深位,否
4,4,outbound,3132,B6T0000000538,E3,95100.0,95190.0,95304.0,114.0,90.0,204.0,8,17,2,深位,否
4,4,outbound,3130,B6T0000000538,E3,95100.0,95304.0,95446.0,142.0,204.0,346.0,8,19,5,深位,否
4,4,outbound,116,B6T0000000154,E4,87960.0,95446.0,95773.0,327.00000000000017,7486.0,7813.0,7,43,3,浅位,否
4,4,outbound,122,B6T0000000154,E4,87960.0,95821.0,96106.0,285.00000000000017,7861.0,8146.0,7,43,3,深位,是
4,4,inbound,IN0286,B6T0000000861,E3,95580.0,95773.0,95821.0,47.99999999999999,193.0,241.0,8,14,2,深位,是
4,4,outbound,112,B6T0000000154,E4,87960.0,96166.0,96439.0,273.00000000000017,8206.0,8479.0,8,43,3,浅位,是
4,4,inbound,IN0286,B6T0000000861,E3,95580.0,96106.0,96166.0,60.0,526.0,586.0,8,17,2,深位,是
4,4,outbound,124,B6T0000000154,E4,87960.0,96513.0,96780.0,267.00000000000017,8553.0,8820.0,8,43,3,深位,是
4,4,inbound,IN0286,B6T0000000861,E3,95580.0,96439.0,96513.0,74.0,859.0,933.0,8,19,5,深位,是
4,4,inbound,IN0286,B6T0000000861,E3,95580.0,96780.0,96876.0,96.00000000000001,1200.0,1296.0,8,23,8,深位,否
4,4,inbound,IN0169,B6T0000000493,E3,95820.0,96966.0,97082.0,116.00000000000001,1146.0,1262.0,7,20,24,浅位,否
4,4,inbound,IN0169,B6T0000000493,E3,95820.0,97192.0,97308.0,116.00000000000001,1372.0,1488.0,7,20,24,深位,否
4,4,inbound,IN0169,B6T0000000493,E3,95820.0,97418.0,97544.0,126.0,1598.0,1724.0,7,25,19,浅位,否
4,4,inbound,IN0352,B6T0000001090,E3,96420.0,97664.0,97790.0,126.0,1244.0,1370.0,7,25,19,深位,否
4,4,inbound,IN0352,B6T0000001090,E3,96420.0,97910.0,98036.0,126.0,1490.0,1616.0,8,25,19,浅位,否
4,4,inbound,IN0352,B6T0000001090,E3,96420.0,98156.0,98282.0,126.0,1736.0,1862.0,8,25,19,深位,否
4,4,outbound,1375,B6T0000000104,E4,86820.0,98540.0,98901.0,361.00000000000017,11720.0,12081.0,7,46,5,浅位,是
4,4,inbound,IN0352,B6T0000001090,E3,96420.0,98402.0,98540.0,138.0,1982.0,2120.0,7,19,37,浅位,是
4,4,outbound,1376,B6T0000000104,E4,86820.0,99039.0,99400.0,361.00000000000017,12219.0,12580.0,7,46,5,深位,是
4,4,inbound,IN0352,B6T0000001090,E3,96420.0,98901.0,99039.0,138.0,2481.0,2619.0,7,19,37,深位,是
4,4,outbound,1407,B6T0000000408,E3,97380.0,99548.0,99696.0,148.00000000000006,2168.0,2316.0,7,23,3,浅位,是
4,4,inbound,IN0352,B6T0000001090,E3,96420.0,99400.0,99548.0,148.00000000000006,2980.0,3128.0,8,38,4,深位,是
4,4,outbound,1408,B6T0000000408,E3,97380.0,99782.0,99868.0,86.00000000000001,2402.0,2488.0,7,23,3,深位,是
4,4,inbound,IN0352,B6T0000001090,E3,96420.0,99696.0,99782.0,86.00000000000001,3276.0,3362.0,7,23,3,浅位,是
4,4,outbound,1321,B6T0000000836,E3,97740.0,99954.0,100084.0,130.00000000000003,2214.0,2344.0,7,12,14,浅位,是
4,4,inbound,IN0352,B6T0000001090,E3,96420.0,99868.0,99954.0,86.00000000000001,3448.0,3534.0,7,23,3,深位,是
4,4,outbound,1318,B6T0000000836,E3,97740.0,100148.0,100212.0,64.0,2408.0,2472.0,7,12,14,深位,是
4,4,inbound,IN0352,B6T0000001090,E3,96420.0,100084.0,100148.0,64.0,3664.0,3728.0,7,12,14,浅位,是
4,4,outbound,1317,B6T0000000836,E3,97740.0,100276.0,100340.0,64.0,2536.0,2600.0,8,12,14,浅位,是
4,4,inbound,IN0352,B6T0000001090,E3,96420.0,100212.0,100276.0,64.0,3792.0,3856.0,7,12,14,深位,是
4,4,outbound,1414,B6T0000000408,E3,97380.0,100404.0,100556.0,152.00000000000006,3024.0,3176.0,8,23,3,浅位,是
4,4,inbound,IN0352,B6T0000001090,E3,96420.0,100340.0,100404.0,64.0,3920.0,3984.0,8,12,14,浅位,是
4,4,outbound,1416,B6T0000000408,E3,97380.0,100642.0,100728.0,86.00000000000001,3262.0,3348.0,8,23,3,深位,是
4,4,inbound,IN0352,B6T0000001090,E3,96420.0,100556.0,100642.0,86.00000000000001,4136.0,4222.0,8,23,3,浅位,是
4,4,inbound,IN0352,B6T0000001090,E3,96420.0,100728.0,100814.0,86.00000000000001,4308.0,4394.0,8,23,3,深位,否
4,4,inbound,IN0352,B6T0000001090,E3,96420.0,100894.0,101046.0,152.00000000000003,4474.0,4626.0,7,32,18,浅位,否
4,4,inbound,IN0352,B6T0000001090,E3,96420.0,101192.0,101346.0,154.0,4772.0,4926.0,8,9,65,深位,否
4,4,inbound,IN0352,B6T0000001090,E3,96420.0,101494.0,101648.0,154.0,5074.0,5228.0,8,10,63,浅位,否
4,4,inbound,IN0352,B6T0000001090,E3,96420.0,101796.0,101950.0,154.0,5376.0,5530.0,8,10,63,深位,否
4,4,inbound,IN0352,B6T0000001090,E3,96420.0,102098.0,102252.0,154.0,5678.0,5832.0,8,11,61,浅位,否
4,4,inbound,IN0352,B6T0000001090,E3,96420.0,102400.0,102554.0,154.0,5980.0,6134.0,8,11,61,深位,否
4,4,inbound,IN0352,B6T0000001090,E3,96420.0,102702.0,102856.0,154.00000000000006,6282.0,6436.0,7,36,11,浅位,否
4,4,inbound,IN0352,B6T0000001090,E3,96420.0,103004.0,103160.0,156.0,6584.0,6740.0,7,9,66,浅位,否
4,4,inbound,IN0352,B6T0000001090,E3,96420.0,103310.0,103466.0,156.0,6890.0,7046.0,7,9,66,深位,否
4,4,inbound,IN0352,B6T0000001090,E3,96420.0,103616.0,103772.0,156.0,7196.0,7352.0,7,10,64,浅位,否
4,4,inbound,IN0352,B6T0000001090,E3,96420.0,103922.0,104078.0,156.0,7502.0,7658.0,7,10,64,深位,否
4,4,inbound,IN0352,B6T0000001090,E3,96420.0,104228.0,104384.0,156.0,7808.0,7964.0,7,11,62,浅位,否
4,4,inbound,IN0352,B6T0000001090,E3,96420.0,104534.0,104690.0,156.0,8114.0,8270.0,7,11,62,深位,否
4,4,inbound,IN0352,B6T0000001090,E3,96420.0,104840.0,104996.0,156.0,8420.0,8576.0,7,12,60,浅位,否
4,4,inbound,IN0352,B6T0000001090,E3,96420.0,105146.0,105302.0,156.0,8726.0,8882.0,7,12,60,深位,否
4,4,inbound,IN0352,B6T0000001090,E3,96420.0,105452.0,105608.0,156.0,9032.0,9188.0,8,9,66,浅位,否
4,4,outbound,2445,B6T0000001189,E3,107640.0,108480.0,108690.0,210.00000000000003,840.0,1050.0,7,21,18,浅位,否
4,4,outbound,1051,B6T0000001185,E3,106380.0,109048.0,109190.0,142.00000000000003,2668.0,2810.0,7,20,3,浅位,否
4,4,outbound,1052,B6T0000001185,E3,106380.0,109190.0,109332.0,142.00000000000003,2810.0,2952.0,7,20,3,深位,否
4,4,outbound,1054,B6T0000001185,E3,106380.0,109332.0,109474.0,142.00000000000003,2952.0,3094.0,8,20,3,浅位,否
4,4,inbound,IN0557,B6T0000001656,E1,110340.0,110340.0,110389.0,49.0,0.0,49.0,8,6,16,深位,否
4,4,inbound,IN0557,B6T0000001656,E1,110340.0,110432.0,110485.0,53.0,92.0,145.0,8,6,18,深位,否
4,4,inbound,IN0557,B6T0000001656,E1,110340.0,110532.0,110589.0,57.0,192.0,249.0,8,3,23,深位,否
4,4,inbound,IN0557,B6T0000001656,E1,110340.0,110640.0,110697.0,57.00000000000001,300.0,357.0,8,2,24,深位,否
4,4,outbound,59,B6T0000001664,E1,118500.0,118500.0,118520.0,20.0,0.0,20.0,7,2,2,浅位,否
4,4,outbound,61,B6T0000001664,E1,118500.0,118520.0,118540.0,20.0,20.0,40.0,7,2,2,深位,否
4,4,outbound,60,B6T0000001664,E1,118500.0,118540.0,118560.0,20.0,40.0,60.0,8,2,2,浅位,否
4,4,outbound,62,B6T0000001664,E1,118500.0,118573.0,118586.0,13.0,73.0,86.0,8,2,2,深位,是
4,4,inbound,IN0505,B6T0000001518,E1,118560.0,118560.0,118573.0,13.0,0.0,13.0,7,2,2,浅位,是
4,4,inbound,IN0505,B6T0000001518,E1,118560.0,118586.0,118599.0,13.0,26.0,39.0,7,2,2,深位,否
4,4,outbound,3303,B6T0000000583,E3,119520.0,119520.0,119762.0,242.0,0.0,242.0,7,11,46,浅位,否
4,4,outbound,3302,B6T0000000583,E3,119520.0,119762.0,120004.0,242.0,242.0,484.0,7,11,46,深位,否
4,4,inbound,IN0602,B6T0000001782,E1,121860.0,121860.0,121873.0,13.0,0.0,13.0,8,2,2,浅位,否
4,4,inbound,IN0602,B6T0000001782,E1,121860.0,121880.0,121893.0,13.0,20.0,33.0,8,2,2,深位,否
4,4,inbound,IN0602,B6T0000001782,E1,121860.0,121900.0,121961.0,61.0,40.0,101.0,7,2,26,深位,否
4,4,inbound,IN0602,B6T0000001782,E1,121860.0,122016.0,122077.0,61.0,156.0,217.0,7,6,22,浅位,否
4,4,inbound,IN0402,B6T0000001220,E3,124200.0,124200.0,124274.0,74.00000000000001,0.0,74.0,7,20,3,浅位,否
4,4,inbound,IN0402,B6T0000001220,E3,124200.0,124342.0,124416.0,74.00000000000001,142.0,216.0,7,20,3,深位,否
4,4,inbound,IN0402,B6T0000001220,E3,124200.0,124484.0,124558.0,74.00000000000001,284.0,358.0,8,20,3,浅位,否
4,4,inbound,IN0402,B6T0000001220,E3,124200.0,124626.0,124734.0,108.00000000000001,426.0,534.0,7,21,18,浅位,否
4,4,inbound,IN0402,B6T0000001220,E3,124200.0,124836.0,124960.0,124.0,636.0,760.0,7,11,46,浅位,否
4,4,inbound,IN0402,B6T0000001220,E3,124200.0,125078.0,125202.0,124.0,878.0,1002.0,7,11,46,深位,否
4,4,inbound,IN0402,B6T0000001220,E3,124200.0,125320.0,125476.0,156.0,1120.0,1276.0,8,9,66,深位,否
4,4,outbound,56,B6T0000001104,E3,123780.0,125782.0,125938.0,156.0,2002.0,2158.0,7,9,4,浅位,是
4,4,inbound,IN0402,B6T0000001220,E3,124200.0,125626.0,125782.0,156.0,1426.0,1582.0,8,10,64,浅位,是
4,4,outbound,57,B6T0000001104,E3,123780.0,125970.0,126002.0,31.999999999999996,2190.0,2222.0,7,9,4,深位,是
4,4,inbound,IN0402,B6T0000001220,E3,124200.0,125938.0,125970.0,31.999999999999996,1738.0,1770.0,7,9,4,浅位,是
4,4,outbound,58,B6T0000001104,E3,123780.0,126034.0,126066.0,31.999999999999996,2254.0,2286.0,8,9,4,浅位,是
4,4,inbound,IN0402,B6T0000001220,E3,124200.0,126002.0,126034.0,31.999999999999996,1802.0,1834.0,7,9,4,深位,是
4,4,outbound,51,B6T0000001104,E3,123780.0,126098.0,126130.0,31.999999999999996,2318.0,2350.0,8,9,4,深位,是
4,4,inbound,IN0402,B6T0000001220,E3,124200.0,126066.0,126098.0,31.999999999999996,1866.0,1898.0,8,9,4,浅位,是
4,4,inbound,IN0402,B6T0000001220,E3,124200.0,126130.0,126162.0,31.999999999999996,1930.0,1962.0,8,9,4,深位,否
4,4,outbound,844,B6T0000001220,E3,126180.0,126344.0,126500.0,156.0,164.0,320.0,7,9,4,浅位,是
4,4,inbound,IN0402,B6T0000001220,E3,124200.0,126188.0,126344.0,156.0,1988.0,2144.0,8,10,64,深位,是
4,4,outbound,843,B6T0000001220,E3,126180.0,126532.0,126564.0,31.999999999999996,352.0,384.0,7,9,4,深位,是
4,4,inbound,IN0402,B6T0000001220,E3,124200.0,126500.0,126532.0,31.999999999999996,2300.0,2332.0,7,9,4,浅位,是
4,4,inbound,IN0402,B6T0000001220,E3,124200.0,126564.0,126596.0,31.999999999999996,2364.0,2396.0,7,9,4,深位,否
4,4,inbound,IN0402,B6T0000001220,E3,124200.0,126622.0,126778.0,156.0,2422.0,2578.0,8,11,62,浅位,否
4,4,inbound,IN0402,B6T0000001220,E3,124200.0,126928.0,127084.0,156.0,2728.0,2884.0,8,11,62,深位,否
4,4,inbound,IN0402,B6T0000001220,E3,124200.0,127234.0,127390.0,156.0,3034.0,3190.0,8,12,60,浅位,否
4,4,inbound,IN0402,B6T0000001220,E3,124200.0,127540.0,127696.0,156.0,3340.0,3496.0,8,12,60,深位,否
4,4,inbound,IN0402,B6T0000001220,E3,124200.0,127846.0,128002.0,156.00000000000006,3646.0,3802.0,7,37,10,深位,否
4,4,inbound,IN0402,B6T0000001220,E3,124200.0,128152.0,128310.0,158.0,3952.0,4110.0,7,9,67,浅位,否
4,4,inbound,IN0402,B6T0000001220,E3,124200.0,128462.0,128620.0,158.0,4262.0,4420.0,7,9,67,深位,否
4,4,inbound,IN0402,B6T0000001220,E3,124200.0,128772.0,128930.0,158.0,4572.0,4730.0,7,10,65,浅位,否
4,4,inbound,IN0402,B6T0000001220,E3,124200.0,129082.0,129240.0,158.0,4882.0,5040.0,7,10,65,深位,否
4,4,inbound,IN0402,B6T0000001220,E3,124200.0,129392.0,129550.0,158.0,5192.0,5350.0,7,11,63,浅位,否
4,4,inbound,IN0402,B6T0000001220,E3,124200.0,129702.0,129860.0,158.0,5502.0,5660.0,7,11,63,深位,否
4,4,inbound,IN0402,B6T0000001220,E3,124200.0,130012.0,130170.0,158.0,5812.0,5970.0,7,12,61,浅位,否
4,4,inbound,IN0402,B6T0000001220,E3,124200.0,130322.0,130480.0,158.0,6122.0,6280.0,7,12,61,深位,否
4,4,inbound,IN0402,B6T0000001220,E3,124200.0,130632.0,130790.0,158.0,6432.0,6590.0,7,13,59,浅位,否
4,4,outbound,3728,B6T0000000407,E3,130680.0,131100.0,131274.0,174.0,420.0,594.0,8,9,63,浅位,是
4,4,inbound,IN0402,B6T0000001220,E3,124200.0,130942.0,131100.0,158.0,6742.0,6900.0,7,13,59,深位,是
4,4,outbound,3729,B6T0000000407,E3,130680.0,131424.0,131574.0,150.0,744.0,894.0,8,9,63,深位,是
4,4,inbound,IN0402,B6T0000001220,E3,124200.0,131274.0,131424.0,150.0,7074.0,7224.0,8,9,63,浅位,是
4,4,inbound,IN0402,B6T0000001220,E3,124200.0,131574.0,131724.0,150.0,7374.0,7524.0,8,9,63,深位,否
4,4,inbound,IN0402,B6T0000001220,E3,124200.0,131868.0,132026.0,158.0,7668.0,7826.0,8,9,67,浅位,否
4,4,outbound,3524,B6T0000000430,E3,133800.0,133800.0,134150.0,350.00000000000006,0.0,350.0,7,31,33,浅位,否
4,4,outbound,3525,B6T0000000430,E3,133800.0,134316.5,134603.0,286.5000000000001,516.5,803.0,7,31,33,深位,是
4,4,inbound,IN0096,B6T0000000268,E4,133980.0,134150.0,134316.5,166.50000000000009,170.0,336.5,7,43,3,浅位,是
4,4,inbound,IN0096,B6T0000000268,E4,133980.0,134603.0,134769.5,166.50000000000009,623.0,789.5,7,43,3,深位,否
4,4,inbound,IN0096,B6T0000000268,E4,133980.0,134930.0,135096.5,166.50000000000009,950.0,1116.5,8,43,3,浅位,否
4,4,inbound,IN0084,B6T0000000228,E4,137160.0,137160.0,137326.5,166.50000000000009,0.0,166.5,8,43,3,深位,否
4,4,inbound,IN0084,B6T0000000228,E4,137160.0,137487.0,137672.5,185.50000000000009,327.0,512.5,7,46,5,浅位,否
4,4,inbound,IN0084,B6T0000000228,E4,137160.0,137852.0,138037.5,185.50000000000009,692.0,877.5,7,46,5,深位,否
4,4,inbound,IN0084,B6T0000000228,E4,137160.0,138217.0,138404.5,187.50000000000009,1057.0,1244.5,7,44,11,浅位,否
4,4,inbound,IN0084,B6T0000000228,E4,137160.0,138586.0,138773.5,187.50000000000009,1426.0,1613.5,7,44,11,深位,否
4,4,inbound,IN0084,B6T0000000228,E4,137160.0,138955.0,139142.5,187.50000000000009,1795.0,1982.5,8,44,11,浅位,否
4,4,inbound,IN0084,B6T0000000228,E4,137160.0,139324.0,139511.5,187.50000000000009,2164.0,2351.5,8,44,11,深位,否
4,4,inbound,IN0084,B6T0000000228,E4,137160.0,139693.0,139949.5,256.50000000000006,2533.0,2789.5,8,45,43,深位,否
4,4,inbound,IN0084,B6T0000000228,E4,137160.0,140200.0,140458.5,258.5000000000001,3040.0,3298.5,7,43,49,浅位,否
4,4,inbound,IN0084,B6T0000000228,E4,137160.0,140711.0,140969.5,258.5000000000001,3551.0,3809.5,7,43,49,深位,否
4,4,outbound,1923,B6T0000001647,E1,140580.0,141480.5,141739.0,258.5000000000001,900.5,1159.0,7,6,9,浅位,是
4,4,inbound,IN0084,B6T0000000228,E4,137160.0,141222.0,141480.5,258.5000000000001,4062.0,4320.5,8,43,49,浅位,是
4,4,outbound,1924,B6T0000001647,E1,140580.0,141997.5,142256.0,258.5000000000001,1417.5,1676.0,7,6,9,深位,是
4,4,inbound,IN0084,B6T0000000228,E4,137160.0,141739.0,141997.5,258.5000000000001,4579.0,4837.5,8,43,49,深位,是
4,4,outbound,2637,B6T0000001516,E1,140160.0,142515.5,142775.0,259.5000000000001,2355.5,2615.0,7,8,19,浅位,是
4,4,inbound,IN0084,B6T0000000228,E4,137160.0,142256.0,142515.5,259.5000000000001,5096.0,5355.5,7,44,47,浅位,是
4,4,outbound,2784,B6T0000000541,E3,141360.0,143034.5,143294.0,259.5000000000001,1674.5,1934.0,7,31,13,浅位,是
4,4,inbound,IN0084,B6T0000000228,E4,137160.0,142775.0,143034.5,259.5000000000001,5615.0,5874.5,7,44,47,深位,是
4,4,outbound,2785,B6T0000000541,E3,141360.0,143553.5,143813.0,259.5000000000001,2193.5,2453.0,7,31,13,深位,是
4,4,inbound,IN0084,B6T0000000228,E4,137160.0,143294.0,143553.5,259.5000000000001,6134.0,6393.5,8,44,47,浅位,是
4,4,outbound,2786,B6T0000000541,E3,141360.0,143813.0,144083.0,270.00000000000006,2453.0,2723.0,8,31,13,浅位,否
4,4,outbound,2787,B6T0000000541,E3,141360.0,144083.0,144353.0,270.00000000000006,2723.0,2993.0,8,31,13,深位,否
4,4,inbound,IN0531,B6T0000001578,E1,145800.0,145800.0,145835.0,35.0,0.0,35.0,7,6,9,浅位,否
4,4,inbound,IN0531,B6T0000001578,E1,145800.0,145864.0,145899.0,35.0,64.0,99.0,7,6,9,深位,否
4,4,inbound,IN0531,B6T0000001578,E1,145800.0,145928.0,145987.0,59.0,128.0,187.0,7,8,19,浅位,否
4,4,inbound,IN0531,B6T0000001578,E1,145800.0,146040.0,146101.0,61.0,240.0,301.0,7,6,22,深位,否
4,4,inbound,IN0531,B6T0000001578,E1,145800.0,146156.0,146217.0,61.0,356.0,417.0,8,6,22,浅位,否
4,4,outbound,82,B6T0000000261,E4,143520.0,152698.0,153017.0,319.00000000000017,9178.0,9497.0,7,43,1,浅位,否
4,4,outbound,68,B6T0000000261,E4,143520.0,153017.0,153336.0,319.00000000000017,9497.0,9816.0,7,43,1,深位,否
4,4,outbound,70,B6T0000000261,E4,143520.0,153336.0,153655.0,319.00000000000017,9816.0,10135.0,8,43,1,浅位,否
4,4,inbound,IN0479,B6T0000001442,E1,171300.0,171300.0,171361.0,61.0,0.0,61.0,8,6,22,深位,否
4,4,inbound,IN0479,B6T0000001442,E1,171300.0,171416.0,171481.0,65.0,116.0,181.0,8,4,26,深位,否
4,4,inbound,IN0479,B6T0000001442,E1,171300.0,171540.0,171607.0,67.0,240.0,307.0,7,5,26,深位,否
4,4,inbound,IN0479,B6T0000001442,E1,171300.0,171668.0,171735.0,67.0,368.0,435.0,8,5,26,浅位,否
4,4,inbound,IN0479,B6T0000001442,E1,171300.0,171796.0,171863.0,67.0,496.0,563.0,8,5,26,深位,否
4,4,inbound,IN0479,B6T0000001442,E1,171300.0,171924.0,171995.0,71.0,624.0,695.0,8,8,25,深位,否
4,4,inbound,IN0479,B6T0000001442,E1,171300.0,172060.0,172131.0,71.0,760.0,831.0,7,5,28,浅位,否
4,4,outbound,3339,B6T0000000019,E4,172620.0,172620.0,173077.0,457.00000000000017,0.0,457.0,8,44,33,浅位,否
4,4,outbound,3338,B6T0000000019,E4,172620.0,173077.0,173534.0,457.00000000000017,457.0,914.0,8,44,33,深位,否
4,4,outbound,2540,B6T0000001206,E3,173700.0,173700.0,173982.0,282.0000000000001,0.0,282.0,8,38,2,浅位,否
4,4,outbound,2542,B6T0000001206,E3,173700.0,173982.0,174264.0,282.0000000000001,282.0,564.0,8,38,2,深位,否
4,4,outbound,2030,B6T0000000271,E4,172740.0,174500.0,174867.0,367.00000000000017,1760.0,2127.0,7,43,13,浅位,否
4,4,outbound,2029,B6T0000000271,E4,172740.0,174867.0,175234.0,367.00000000000017,2127.0,2494.0,7,43,13,深位,否
4,4,outbound,2033,B6T0000000271,E4,172740.0,175234.0,175601.0,367.00000000000017,2494.0,2861.0,8,43,13,浅位,否
4,4,outbound,764,B6T0000000843,E3,174120.0,175601.0,175711.0,109.99999999999999,1481.0,1591.0,7,15,5,浅位,否
4,4,outbound,780,B6T0000000843,E3,174120.0,175711.0,175821.0,109.99999999999999,1591.0,1701.0,7,15,5,深位,否
4,4,outbound,763,B6T0000000843,E3,174120.0,175821.0,175931.0,109.99999999999999,1701.0,1811.0,8,15,5,浅位,否
4,4,outbound,778,B6T0000000843,E3,174120.0,175931.0,176041.0,109.99999999999999,1811.0,1921.0,8,15,5,深位,否
4,4,outbound,470,B6T0000001382,E1,175680.0,177416.0,177444.0,28.0,1736.0,1764.0,7,2,4,浅位,否
4,4,outbound,1305,B6T0000000996,E3,174420.0,179746.0,179856.0,110.0,5326.0,5436.0,7,9,17,浅位,否
4,4,outbound,1296,B6T0000000996,E3,174420.0,179856.0,179966.0,110.0,5436.0,5546.0,7,9,17,深位,否
4,4,outbound,1299,B6T0000000996,E3,174420.0,179966.0,180076.0,110.0,5546.0,5656.0,8,9,17,浅位,否
4,4,outbound,1177,B6T0000001103,E3,175020.0,180606.0,180756.0,150.00000000000003,5586.0,5736.0,7,21,3,浅位,否
4,4,outbound,1192,B6T0000001103,E3,175020.0,180756.0,180906.0,150.00000000000003,5736.0,5886.0,7,21,3,深位,否
4,4,outbound,1191,B6T0000001103,E3,175020.0,180906.0,181056.0,150.00000000000003,5886.0,6036.0,8,21,3,浅位,否
4,4,outbound,1190,B6T0000001103,E3,175020.0,181056.0,181206.0,150.00000000000003,6036.0,6186.0,8,21,3,深位,否
4,4,outbound,3325,B6T0000001530,E1,182220.0,182220.0,182396.0,176.0,0.0,176.0,8,1,42,浅位,否
4,4,outbound,3324,B6T0000001530,E1,182220.0,182396.0,182572.0,176.0,176.0,352.0,8,1,42,深位,否
4,4,outbound,798,B6T0000000540,E3,181380.0,182572.0,182662.0,90.0,1192.0,1282.0,7,9,12,浅位,否
4,4,outbound,2823,B6T0000000646,E3,182280.0,183360.0,183562.0,202.0,1080.0,1282.0,7,13,32,浅位,否
4,4,outbound,2822,B6T0000000646,E3,182280.0,183562.0,183764.0,202.0,1282.0,1484.0,7,13,32,深位,否
4,4,inbound,IN0262,B6T0000000776,E3,183660.0,183764.0,183812.0,48.0,104.0,152.0,7,9,12,浅位,否
4,4,inbound,IN0262,B6T0000000776,E3,183660.0,183854.0,183912.0,57.99999999999999,194.0,252.0,7,15,5,浅位,否
4,4,inbound,IN0222,B6T0000000643,E3,184740.0,184740.0,184798.0,57.99999999999999,0.0,58.0,7,15,5,深位,否
4,4,inbound,IN0222,B6T0000000643,E3,184740.0,184850.0,184908.0,57.99999999999999,110.0,168.0,8,15,5,浅位,否
4,4,inbound,IN0440,B6T0000001338,E1,184920.0,184960.0,184977.0,17.0,40.0,57.0,7,2,4,浅位,否
4,4,inbound,IN0440,B6T0000001338,E1,184920.0,184988.0,185046.0,57.99999999999999,68.0,126.0,8,15,5,深位,否
4,4,inbound,IN0222,B6T0000000643,E3,184740.0,185098.0,185156.0,58.0,358.0,416.0,7,9,17,浅位,否
4,4,outbound,2000,B6T0000001313,E3,185400.0,186100.0,186282.0,182.0,700.0,882.0,7,20,13,浅位,否
4,4,outbound,2002,B6T0000001313,E3,185400.0,186282.0,186464.0,182.0,882.0,1064.0,7,20,13,深位,否
4,4,outbound,2003,B6T0000001313,E3,185400.0,186464.0,186646.0,182.0,1064.0,1246.0,8,20,13,浅位,否
4,4,outbound,2004,B6T0000001313,E3,185400.0,186646.0,186828.0,182.0,1246.0,1428.0,8,20,13,深位,否
4,4,inbound,IN0167,B6T0000000488,E3,188820.0,188820.0,188878.0,58.0,0.0,58.0,7,9,17,深位,否
4,4,inbound,IN0167,B6T0000000488,E3,188820.0,188930.0,188988.0,58.0,110.0,168.0,8,9,17,浅位,否
4,4,inbound,IN0167,B6T0000000488,E3,188820.0,189040.0,189118.0,78.00000000000001,220.0,298.0,7,21,3,浅位,否
4,4,inbound,IN0167,B6T0000000488,E3,188820.0,189190.0,189268.0,78.00000000000001,370.0,448.0,7,21,3,深位,否
4,4,inbound,IN0167,B6T0000000488,E3,188820.0,189340.0,189418.0,78.00000000000001,520.0,598.0,8,21,3,浅位,否
4,4,inbound,IN0167,B6T0000000488,E3,188820.0,189490.0,189568.0,78.00000000000001,670.0,748.0,8,21,3,深位,否
4,4,inbound,IN0167,B6T0000000488,E3,188820.0,189640.0,189734.0,94.0,820.0,914.0,7,20,13,浅位,否
4,4,inbound,IN0167,B6T0000000488,E3,188820.0,189822.0,189916.0,94.0,1002.0,1096.0,7,20,13,深位,否
4,4,inbound,IN0167,B6T0000000488,E3,188820.0,190004.0,190098.0,94.0,1184.0,1278.0,8,20,13,浅位,否
4,4,inbound,IN0167,B6T0000000488,E3,188820.0,190186.0,190280.0,94.0,1366.0,1460.0,8,20,13,深位,否
4,4,inbound,IN0167,B6T0000000488,E3,188820.0,190368.0,190472.0,104.0,1548.0,1652.0,7,13,32,浅位,否
4,4,inbound,IN0167,B6T0000000488,E3,188820.0,190570.0,190674.0,104.0,1750.0,1854.0,7,13,32,深位,否
4,4,inbound,IN0167,B6T0000000488,E3,188820.0,190772.0,190910.0,138.00000000000003,1952.0,2090.0,7,31,13,浅位,否
4,4,outbound,203,B6T0000000932,E3,190380.0,191180.0,191318.0,138.00000000000006,800.0,938.0,7,9,8,浅位,是
4,4,inbound,IN0167,B6T0000000488,E3,188820.0,191042.0,191180.0,138.00000000000003,2222.0,2360.0,7,31,13,深位,是
4,4,outbound,204,B6T0000000932,E3,190380.0,191358.0,191398.0,40.0,978.0,1018.0,7,9,8,深位,是
4,4,inbound,IN0167,B6T0000000488,E3,188820.0,191318.0,191358.0,40.0,2498.0,2538.0,7,9,8,浅位,是
4,4,outbound,198,B6T0000000932,E3,190380.0,191438.0,191478.0,40.0,1058.0,1098.0,8,9,8,浅位,是
4,4,inbound,IN0167,B6T0000000488,E3,188820.0,191398.0,191438.0,40.0,2578.0,2618.0,7,9,8,深位,是
4,4,outbound,191,B6T0000000932,E3,190380.0,191518.0,191558.0,40.0,1138.0,1178.0,8,9,8,深位,是
4,4,inbound,IN0167,B6T0000000488,E3,188820.0,191478.0,191518.0,40.0,2658.0,2698.0,8,9,8,浅位,是
4,4,inbound,IN0167,B6T0000000488,E3,188820.0,191558.0,191598.0,40.0,2738.0,2778.0,8,9,8,深位,否
4,4,inbound,IN0167,B6T0000000488,E3,188820.0,191632.0,191770.0,138.00000000000003,2812.0,2950.0,8,31,13,浅位,否
4,4,inbound,IN0167,B6T0000000488,E3,188820.0,191902.0,192040.0,138.00000000000003,3082.0,3220.0,8,31,13,深位,否
4,4,inbound,IN0167,B6T0000000488,E3,188820.0,192172.0,192316.0,144.00000000000006,3352.0,3496.0,8,38,2,浅位,否
4,4,inbound,IN0167,B6T0000000488,E3,188820.0,192454.0,192598.0,144.00000000000006,3634.0,3778.0,8,38,2,深位,否
4,4,inbound,IN0167,B6T0000000488,E3,188820.0,192736.0,192894.0,158.0,3916.0,4074.0,8,9,67,深位,否
4,4,inbound,IN0167,B6T0000000488,E3,188820.0,193046.0,193204.0,158.0,4226.0,4384.0,8,10,65,浅位,否
4,4,inbound,IN0167,B6T0000000488,E3,188820.0,193356.0,193514.0,158.0,4536.0,4694.0,8,10,65,深位,否
4,4,inbound,IN0167,B6T0000000488,E3,188820.0,193666.0,193824.0,158.0,4846.0,5004.0,8,11,63,浅位,否
4,4,inbound,IN0167,B6T0000000488,E3,188820.0,193976.0,194134.0,158.0,5156.0,5314.0,8,11,63,深位,否
4,4,inbound,IN0167,B6T0000000488,E3,188820.0,194286.0,194444.0,158.0,5466.0,5624.0,8,12,61,浅位,否
4,4,inbound,IN0167,B6T0000000488,E3,188820.0,194596.0,194754.0,158.0,5776.0,5934.0,8,12,61,深位,否
4,4,inbound,IN0167,B6T0000000488,E3,188820.0,194906.0,195064.0,158.0,6086.0,6244.0,8,13,59,浅位,否
4,4,inbound,IN0167,B6T0000000488,E3,188820.0,195216.0,195374.0,158.0,6396.0,6554.0,8,13,59,深位,否
4,4,inbound,IN0167,B6T0000000488,E3,188820.0,195526.0,195684.0,158.00000000000003,6706.0,6864.0,8,32,21,深位,否
4,4,inbound,IN0167,B6T0000000488,E3,188820.0,195836.0,195996.0,160.0,7016.0,7176.0,7,9,68,浅位,否
4,4,inbound,IN0167,B6T0000000488,E3,188820.0,196150.0,196310.0,160.0,7330.0,7490.0,7,9,68,深位,否
4,4,inbound,IN0167,B6T0000000488,E3,188820.0,196464.0,196624.0,160.0,7644.0,7804.0,7,10,66,浅位,否
4,4,inbound,IN0167,B6T0000000488,E3,188820.0,196778.0,196938.0,160.0,7958.0,8118.0,7,10,66,深位,否
4,4,inbound,IN0167,B6T0000000488,E3,188820.0,197092.0,197252.0,160.0,8272.0,8432.0,7,11,64,浅位,否
4,4,inbound,IN0167,B6T0000000488,E3,188820.0,197406.0,197566.0,160.0,8586.0,8746.0,7,11,64,深位,否
4,4,inbound,IN0167,B6T0000000488,E3,188820.0,197720.0,197880.0,160.0,8900.0,9060.0,7,12,62,浅位,否
4,4,outbound,3366,B6T0000000940,E3,198660.0,198660.0,198834.0,174.00000000000003,0.0,174.0,8,24,3,浅位,否
4,4,outbound,3367,B6T0000000940,E3,198660.0,198834.0,199008.0,174.00000000000003,174.0,348.0,8,24,3,深位,否
4,4,outbound,1141,B6T0000000395,E3,202560.0,202560.0,202690.0,130.0,0.0,130.0,7,16,8,浅位,否
4,4,outbound,1137,B6T0000000395,E3,202560.0,202690.0,202820.0,130.0,130.0,260.0,7,16,8,深位,否
4,4,outbound,1133,B6T0000000395,E3,202560.0,202820.0,202950.0,130.0,260.0,390.0,8,16,8,浅位,否
4,4,outbound,1134,B6T0000000395,E3,202560.0,202950.0,203080.0,130.0,390.0,520.0,8,16,8,深位,否
4,4,outbound,3454,B6T0000001666,E1,202980.0,203080.0,203112.0,32.0,100.0,132.0,7,5,2,浅位,否
4,4,outbound,3455,B6T0000001666,E1,202980.0,203112.0,203144.0,32.0,132.0,164.0,7,5,2,深位,否
4,4,inbound,IN0496,B6T0000001493,E1,203160.0,203160.0,203179.0,19.0,0.0,19.0,7,5,2,浅位,否
4,4,inbound,IN0496,B6T0000001493,E1,203160.0,203192.0,203211.0,19.0,32.0,51.0,7,5,2,深位,否
4,4,inbound,IN0496,B6T0000001493,E1,203160.0,203224.0,203292.0,68.0,64.0,132.0,7,16,8,浅位,否
4,4,outbound,827,B6T0000001427,E1,203940.0,203940.0,203976.0,36.0,0.0,36.0,7,4,4,浅位,否
4,4,outbound,820,B6T0000001427,E1,203940.0,203976.0,204012.0,36.0,36.0,72.0,7,4,4,深位,否
4,4,outbound,821,B6T0000001427,E1,203940.0,204012.0,204048.0,36.0,72.0,108.0,8,4,4,浅位,否
4,4,outbound,822,B6T0000001427,E1,203940.0,204048.0,204084.0,36.0,108.0,144.0,8,4,4,深位,否
4,4,inbound,IN0046,B6T0000000135,E4,205500.0,205500.0,205662.5,162.50000000000009,0.0,162.5,7,43,1,浅位,否
4,4,inbound,IN0046,B6T0000000135,E4,205500.0,205819.0,205981.5,162.50000000000009,319.0,481.5,7,43,1,深位,否
4,4,outbound,211,B6T0000000581,E3,203640.0,207069.0,207147.0,78.0,3429.0,3507.0,7,9,9,浅位,否
4,4,inbound,IN0061,B6T0000000164,E4,209580.0,209580.0,209742.5,162.50000000000009,0.0,162.5,8,43,1,浅位,否
4,4,inbound,IN0246,B6T0000000724,E3,209760.0,209899.0,209941.0,42.0,139.0,181.0,7,9,9,浅位,否
4,4,inbound,IN0246,B6T0000000724,E3,209760.0,209977.0,210045.0,68.0,217.0,285.0,7,16,8,深位,否
4,4,inbound,IN0246,B6T0000000724,E3,209760.0,210107.0,210175.0,68.0,347.0,415.0,8,16,8,浅位,否
4,4,inbound,IN0246,B6T0000000724,E3,209760.0,210237.0,210305.0,68.0,477.0,545.0,8,16,8,深位,否
4,4,inbound,IN0246,B6T0000000724,E3,209760.0,210367.0,210457.0,90.00000000000001,607.0,697.0,8,24,3,浅位,否
4,4,inbound,IN0129,B6T0000000380,E3,210060.0,210541.0,210631.0,90.00000000000001,481.0,571.0,8,24,3,深位,否
4,4,inbound,IN0129,B6T0000000380,E3,210060.0,210715.0,210875.0,160.0,655.0,815.0,7,12,62,深位,否
4,4,inbound,IN0061,B6T0000000164,E4,209580.0,211029.0,211215.5,186.50000000000009,1449.0,1635.5,7,43,13,浅位,否
4,4,outbound,3453,B6T0000001361,E1,211080.0,211582.5,211769.0,186.50000000000006,502.5,689.0,8,7,5,深位,是
4,4,inbound,IN0061,B6T0000000164,E4,209580.0,211396.0,211582.5,186.50000000000009,1816.0,2002.5,7,43,13,深位,是
4,4,outbound,3452,B6T0000001361,E1,211080.0,211769.0,211825.0,56.0,689.0,745.0,7,6,7,浅位,否
4,4,inbound,IN0600,B6T0000001778,E1,212340.0,212340.0,212361.0,21.0,0.0,21.0,7,4,4,浅位,否
4,4,inbound,IN0600,B6T0000001778,E1,212340.0,212376.0,212397.0,21.0,36.0,57.0,7,4,4,深位,否
4,4,inbound,IN0600,B6T0000001778,E1,212340.0,212412.0,212433.0,21.0,72.0,93.0,8,4,4,浅位,否
4,4,inbound,IN0545,B6T0000001633,E1,212640.0,212640.0,212661.0,21.0,0.0,21.0,8,4,4,深位,否
4,4,inbound,IN0545,B6T0000001633,E1,212640.0,212676.0,212705.0,29.0,36.0,65.0,8,7,5,深位,否
4,4,inbound,IN0545,B6T0000001633,E1,212640.0,212728.0,212759.0,31.0,88.0,119.0,7,6,7,浅位,否
4,4,inbound,IN0545,B6T0000001633,E1,212640.0,212784.0,212855.0,71.0,144.0,215.0,7,5,28,深位,否
4,4,inbound,IN0545,B6T0000001633,E1,212640.0,212920.0,212991.0,71.0,280.0,351.0,8,5,28,浅位,否
4,4,inbound,IN0545,B6T0000001633,E1,212640.0,213056.0,213129.0,73.0,416.0,489.0,7,6,28,深位,否
4,4,inbound,IN0545,B6T0000001633,E1,212640.0,213196.0,213271.0,75.0,556.0,631.0,8,2,33,深位,否
4,4,inbound,IN0545,B6T0000001633,E1,212640.0,213340.0,213415.0,75.0,700.0,775.0,8,4,31,深位,否
4,4,inbound,IN0545,B6T0000001633,E1,212640.0,213484.0,213559.0,75.0,844.0,919.0,8,8,27,深位,否
4,4,inbound,IN0545,B6T0000001633,E1,212640.0,213628.0,213707.0,79.0,988.0,1067.0,8,4,33,深位,否
4,4,outbound,3214,B6T0000001636,E1,217800.0,217800.0,217856.0,56.0,0.0,56.0,8,6,7,深位,否
4,4,outbound,3216,B6T0000001636,E1,217800.0,217856.0,217912.0,56.00000000000001,56.0,112.0,7,1,12,深位,否
4,4,outbound,3215,B6T0000001636,E1,217800.0,217912.0,217988.0,76.0,112.0,188.0,8,6,12,深位,否
4,4,inbound,IN0087,B6T0000000236,E4,218460.0,218460.0,218646.5,186.50000000000009,0.0,186.5,8,43,13,浅位,否
4,4,inbound,IN0087,B6T0000000236,E4,218460.0,218827.0,219058.5,231.50000000000009,367.0,598.5,8,44,33,浅位,否
4,4,outbound,1464,B6T0000000897,E3,220080.0,221332.0,221494.0,162.00000000000003,1252.0,1414.0,7,21,6,浅位,否
4,4,outbound,1463,B6T0000000897,E3,220080.0,221578.0,221662.0,84.00000000000001,1498.0,1582.0,7,21,6,深位,是
4,4,inbound,IN0311,B6T0000000938,E3,221400.0,221494.0,221578.0,84.00000000000001,94.0,178.0,7,21,6,浅位,是
4,4,outbound,1462,B6T0000000897,E3,220080.0,221746.0,221830.0,84.00000000000001,1666.0,1750.0,8,21,6,浅位,是
4,4,inbound,IN0311,B6T0000000938,E3,221400.0,221662.0,221746.0,84.00000000000001,262.0,346.0,7,21,6,深位,是
4,4,outbound,1461,B6T0000000897,E3,220080.0,221914.0,221998.0,84.00000000000001,1834.0,1918.0,8,21,6,深位,是
4,4,inbound,IN0195,B6T0000000569,E3,221580.0,221830.0,221914.0,84.00000000000001,250.0,334.0,8,21,6,浅位,是
4,4,inbound,IN0195,B6T0000000569,E3,221580.0,221998.0,222082.0,84.00000000000001,418.0,502.0,8,21,6,深位,否
4,4,inbound,IN0195,B6T0000000569,E3,221580.0,222160.0,222320.0,160.0,580.0,740.0,7,13,60,浅位,否
4,4,outbound,3401,B6T0000000889,E3,223740.0,223740.0,223990.0,250.0,0.0,250.0,7,10,50,浅位,否
4,4,outbound,3400,B6T0000000889,E3,223740.0,223990.0,224240.0,250.0,250.0,500.0,7,10,50,深位,否
4,4,outbound,3315,B6T0000000135,E4,224940.0,224940.0,225259.0,319.00000000000017,0.0,319.0,7,43,1,浅位,否
4,4,outbound,3314,B6T0000000135,E4,224940.0,225259.0,225578.0,319.00000000000017,319.0,638.0,7,43,1,深位,否
4,4,outbound,458,B6T0000001382,E1,226980.0,226980.0,227008.0,28.0,0.0,28.0,7,2,4,深位,否
4,4,outbound,457,B6T0000001382,E1,226980.0,227008.0,227036.0,28.0,28.0,56.0,8,2,4,浅位,否
4,4,outbound,456,B6T0000001382,E1,226980.0,227036.0,227064.0,28.0,56.0,84.0,8,2,4,深位,否
4,4,inbound,IN0643,B6T0000001948,E1,227040.0,227064.0,227081.0,17.0,24.0,41.0,7,2,4,深位,否
4,4,inbound,IN0643,B6T0000001948,E1,227040.0,227092.0,227109.0,17.0,52.0,69.0,8,2,4,浅位,否
4,4,inbound,IN0643,B6T0000001948,E1,227040.0,227120.0,227137.0,17.0,80.0,97.0,8,2,4,深位,否
4,4,outbound,3129,B6T0000000861,E3,228660.0,228660.0,228750.0,89.99999999999999,0.0,90.0,8,14,2,深位,否
4,4,outbound,3128,B6T0000000861,E3,228660.0,228750.0,228864.0,114.0,90.0,204.0,8,17,2,深位,否
4,4,outbound,3127,B6T0000000861,E3,228660.0,228864.0,229006.0,142.0,204.0,346.0,8,19,5,深位,否
4,4,outbound,3264,B6T0000000268,E4,228720.0,229006.0,229333.0,327.00000000000017,286.0,613.0,7,43,3,浅位,否
4,4,outbound,3202,B6T0000001891,E1,228960.0,229333.0,229497.0,164.0,373.0,537.0,7,4,36,浅位,否
4,4,outbound,3265,B6T0000000268,E4,228720.0,229497.0,229824.0,327.00000000000017,777.0,1104.0,7,43,3,深位,否
4,4,inbound,IN0371,B6T0000001133,E3,230760.0,230760.0,230808.0,47.99999999999999,0.0,48.0,8,14,2,深位,否
4,4,inbound,IN0371,B6T0000001133,E3,230760.0,230850.0,230910.0,60.0,90.0,150.0,8,17,2,深位,否
4,4,inbound,IN0371,B6T0000001133,E3,230760.0,230964.0,231038.0,74.0,204.0,278.0,8,19,5,深位,否
4,4,inbound,IN0385,B6T0000001178,E3,231840.0,231840.0,231968.0,128.0,0.0,128.0,7,10,50,浅位,否
4,4,inbound,IN0385,B6T0000001178,E3,231840.0,232090.0,232218.0,128.0,250.0,378.0,7,10,50,深位,否
4,4,inbound,IN0385,B6T0000001178,E3,231840.0,232340.0,232500.0,160.0,500.0,660.0,7,13,60,深位,否
4,4,inbound,IN0385,B6T0000001178,E3,231840.0,232654.0,232814.0,160.0,814.0,974.0,7,14,58,浅位,否
4,4,inbound,IN0385,B6T0000001178,E3,231840.0,232968.0,233128.0,160.0,1128.0,1288.0,7,14,58,深位,否
4,4,inbound,IN0385,B6T0000001178,E3,231840.0,233282.0,233442.0,160.0,1442.0,1602.0,8,9,68,浅位,否
4,4,inbound,IN0385,B6T0000001178,E3,231840.0,233596.0,233756.0,160.0,1756.0,1916.0,8,9,68,深位,否
4,4,inbound,IN0385,B6T0000001178,E3,231840.0,233910.0,234070.0,160.0,2070.0,2230.0,8,10,66,浅位,否
4,4,inbound,IN0172,B6T0000000501,E3,232080.0,234224.0,234384.0,160.0,2144.0,2304.0,8,10,66,深位,否
4,4,inbound,IN0172,B6T0000000501,E3,232080.0,234538.0,234698.0,160.0,2458.0,2618.0,8,11,64,浅位,否
4,4,inbound,IN0172,B6T0000000501,E3,232080.0,234852.0,235012.0,160.0,2772.0,2932.0,8,11,64,深位,否
4,4,inbound,IN0172,B6T0000000501,E3,232080.0,235166.0,235326.0,160.0,3086.0,3246.0,8,12,62,浅位,否
4,4,inbound,IN0074,B6T0000000206,E4,232020.0,235480.0,235642.5,162.50000000000009,3460.0,3622.5,7,43,1,浅位,否
4,4,inbound,IN0074,B6T0000000206,E4,232020.0,235799.0,235961.5,162.50000000000009,3779.0,3941.5,7,43,1,深位,否
4,4,inbound,IN0554,B6T0000001652,E1,255420.0,255420.0,255451.0,31.0,0.0,31.0,8,6,7,深位,否
4,4,inbound,IN0554,B6T0000001652,E1,255420.0,255476.0,255507.0,31.000000000000004,56.0,87.0,7,1,12,深位,否
4,4,inbound,IN0438,B6T0000001330,E1,256800.0,256800.0,256841.0,41.0,0.0,41.0,8,6,12,深位,否
4,4,inbound,IN0438,B6T0000001330,E1,256800.0,256876.0,256957.0,81.0,76.0,157.0,7,6,32,深位,否
4,4,inbound,IN0438,B6T0000001330,E1,256800.0,257032.0,257113.0,81.0,232.0,313.0,8,4,34,深位,否
4,4,inbound,IN0438,B6T0000001330,E1,256800.0,257188.0,257273.0,85.0,388.0,473.0,7,4,36,浅位,否
4,4,inbound,IN0031,B6T0000000094,E4,257520.0,257520.0,257686.5,166.50000000000009,0.0,166.5,7,43,3,浅位,否
4,4,inbound,IN0031,B6T0000000094,E4,257520.0,257847.0,258013.5,166.50000000000009,327.0,493.5,7,43,3,深位,否
4,4,inbound,IN0031,B6T0000000094,E4,257520.0,258174.0,258405.5,231.50000000000009,654.0,885.5,8,44,33,深位,否
4,4,inbound,IN0031,B6T0000000094,E4,257520.0,258631.0,258890.5,259.5000000000001,1111.0,1370.5,8,44,47,深位,否
4,4,inbound,IN0031,B6T0000000094,E4,257520.0,259144.0,259404.5,260.5000000000001,1624.0,1884.5,7,43,50,浅位,否
4,4,inbound,IN0031,B6T0000000094,E4,257520.0,259659.0,259919.5,260.5000000000001,2139.0,2399.5,7,43,50,深位,否
4,4,outbound,258,B6T0000001466,E1,259800.0,260434.5,260695.0,260.5000000000001,634.5,895.0,7,4,2,浅位,是
4,4,inbound,IN0031,B6T0000000094,E4,257520.0,260174.0,260434.5,260.5000000000001,2654.0,2914.5,8,43,50,浅位,是
4,4,outbound,259,B6T0000001466,E1,259800.0,260695.0,260723.0,28.0,895.0,923.0,7,4,2,深位,否
4,4,outbound,260,B6T0000001466,E1,259800.0,260723.0,260751.0,28.0,923.0,951.0,8,4,2,浅位,否
4,4,outbound,261,B6T0000001466,E1,259800.0,260751.0,260779.0,28.0,951.0,979.0,8,4,2,深位,否
4,4,outbound,2386,B6T0000000719,E3,260340.0,260779.0,260881.0,101.99999999999999,439.0,541.0,7,14,5,浅位,否
4,4,outbound,2385,B6T0000000719,E3,260340.0,260881.0,261059.0,178.00000000000003,541.0,719.0,7,21,10,浅位,否
4,4,outbound,2388,B6T0000000719,E3,260340.0,261076.0,261243.0,167.0,736.0,903.0,7,21,10,深位,是
4,4,inbound,IN0460,B6T0000001382,E1,260940.0,261059.0,261076.0,17.0,119.0,136.0,7,4,2,浅位,是
4,4,outbound,2389,B6T0000000719,E3,260340.0,261260.0,261435.0,175.00000000000003,920.0,1095.0,7,23,8,浅位,是
4,4,inbound,IN0460,B6T0000001382,E1,260940.0,261243.0,261260.0,17.0,303.0,320.0,7,4,2,深位,是
4,4,outbound,2387,B6T0000000719,E3,260340.0,261452.0,261627.0,175.00000000000003,1112.0,1287.0,7,23,8,深位,是
4,4,inbound,IN0460,B6T0000001382,E1,260940.0,261435.0,261452.0,17.0,495.0,512.0,8,4,2,浅位,是
4,4,outbound,3378,B6T0000001412,E1,259800.0,261644.0,261825.0,181.0,1844.0,2025.0,7,6,41,浅位,是
4,4,inbound,IN0460,B6T0000001382,E1,260940.0,261627.0,261644.0,17.0,687.0,704.0,8,4,2,深位,是
4,4,outbound,3379,B6T0000001412,E1,259800.0,261879.0,262077.0,198.0,2079.0,2277.0,7,6,41,深位,是
4,4,inbound,IN0460,B6T0000001382,E1,260940.0,261825.0,261879.0,53.99999999999999,885.0,939.0,7,14,5,浅位,是
4,4,outbound,3671,B6T0000000334,E3,261000.0,262164.0,262457.0,293.00000000000006,1164.0,1457.0,8,32,37,浅位,是
4,4,inbound,IN0460,B6T0000001382,E1,260940.0,262077.0,262164.0,87.0,1137.0,1224.0,7,4,37,深位,是
4,4,outbound,3670,B6T0000000334,E3,261000.0,262544.0,262841.0,297.00000000000006,1544.0,1841.0,8,32,37,深位,是
4,4,inbound,IN0460,B6T0000001382,E1,260940.0,262457.0,262544.0,87.0,1517.0,1604.0,8,3,38,深位,是
4,4,inbound,IN0460,B6T0000001382,E1,260940.0,262841.0,262928.0,87.0,1901.0,1988.0,8,5,36,深位,否
4,4,inbound,IN0460,B6T0000001382,E1,260940.0,263009.0,263096.0,87.0,2069.0,2156.0,8,8,33,深位,否
4,4,outbound,1617,B6T0000001083,E3,261660.0,263268.0,263393.0,125.0,1608.0,1733.0,7,9,20,浅位,是
4,4,inbound,IN0460,B6T0000001382,E1,260940.0,263177.0,263268.0,91.0,2237.0,2328.0,7,1,42,深位,是
4,4,outbound,1616,B6T0000001083,E3,261660.0,263457.0,263521.0,64.0,1797.0,1861.0,7,9,20,深位,是
4,4,inbound,IN0460,B6T0000001382,E1,260940.0,263393.0,263457.0,64.0,2453.0,2517.0,7,9,20,浅位,是
4,4,outbound,1620,B6T0000001083,E3,261660.0,263585.0,263649.0,64.0,1925.0,1989.0,8,9,20,浅位,是
4,4,inbound,IN0460,B6T0000001382,E1,260940.0,263521.0,263585.0,64.0,2581.0,2645.0,7,9,20,深位,是
4,4,outbound,1621,B6T0000001083,E3,261660.0,263713.0,263777.0,64.0,2053.0,2117.0,8,9,20,深位,是
4,4,inbound,IN0460,B6T0000001382,E1,260940.0,263649.0,263713.0,64.0,2709.0,2773.0,8,9,20,浅位,是
4,4,inbound,IN0460,B6T0000001382,E1,260940.0,263777.0,263841.0,64.0,2837.0,2901.0,8,9,20,深位,否
4,4,inbound,IN0460,B6T0000001382,E1,260940.0,263899.0,263990.0,91.0,2959.0,3050.0,7,7,36,深位,否
4,4,inbound,IN0460,B6T0000001382,E1,260940.0,264075.0,264166.0,91.0,3135.0,3226.0,7,3,40,浅位,否
4,4,inbound,IN0460,B6T0000001382,E1,260940.0,264251.0,264342.0,91.0,3311.0,3402.0,7,3,40,深位,否
4,4,inbound,IN0460,B6T0000001382,E1,260940.0,264427.0,264518.0,91.0,3487.0,3578.0,8,1,42,浅位,否
4,4,inbound,IN0460,B6T0000001382,E1,260940.0,264603.0,264694.0,91.0,3663.0,3754.0,8,1,42,深位,否
4,4,outbound,169,B6T0000000810,E3,259440.0,264871.0,264963.0,92.00000000000001,5431.0,5523.0,7,15,1,浅位,是
4,4,inbound,IN0460,B6T0000001382,E1,260940.0,264779.0,264871.0,92.00000000000001,3839.0,3931.0,7,21,10,浅位,是
4,4,outbound,3700,B6T0000000356,E3,264960.0,265013.0,265359.0,346.0000000000001,53.0,399.0,8,35,35,浅位,是
4,4,inbound,IN0460,B6T0000001382,E1,260940.0,264963.0,265013.0,49.99999999999999,4023.0,4073.0,7,15,1,浅位,是
4,4,outbound,3701,B6T0000000356,E3,264960.0,265451.0,265755.0,304.0000000000001,491.0,795.0,8,35,35,深位,是
4,4,inbound,IN0460,B6T0000001382,E1,260940.0,265359.0,265451.0,92.00000000000001,4419.0,4511.0,7,21,10,深位,是
4,4,inbound,IN0460,B6T0000001382,E1,260940.0,265755.0,265850.0,95.0,4815.0,4910.0,7,6,39,深位,否
4,4,inbound,IN0460,B6T0000001382,E1,260940.0,265939.0,266035.0,96.00000000000001,4999.0,5095.0,7,23,8,浅位,否
4,4,inbound,IN0460,B6T0000001382,E1,260940.0,266125.0,266221.0,96.00000000000001,5185.0,5281.0,7,23,8,深位,否
4,4,inbound,IN0460,B6T0000001382,E1,260940.0,266311.0,266408.0,97.0,5371.0,5468.0,7,5,41,深位,否
4,4,inbound,IN0460,B6T0000001382,E1,260940.0,266499.0,266596.0,97.0,5559.0,5656.0,8,2,44,深位,否
4,4,inbound,IN0460,B6T0000001382,E1,260940.0,266687.0,266786.0,99.0,5747.0,5846.0,8,1,46,深位,否
4,4,inbound,IN0460,B6T0000001382,E1,260940.0,266879.0,266978.0,99.0,5939.0,6038.0,8,3,44,深位,否
4,4,inbound,IN0460,B6T0000001382,E1,260940.0,267071.0,267170.0,99.0,6131.0,6230.0,7,6,41,浅位,否
4,4,inbound,IN0460,B6T0000001382,E1,260940.0,267263.0,267362.0,99.0,6323.0,6422.0,7,6,41,深位,否
4,4,inbound,IN0460,B6T0000001382,E1,260940.0,267455.0,267556.0,101.0,6515.0,6616.0,8,1,47,深位,否
4,4,inbound,IN0460,B6T0000001382,E1,260940.0,267651.0,267752.0,101.0,6711.0,6812.0,8,8,40,深位,否
4,4,inbound,IN0460,B6T0000001382,E1,260940.0,267847.0,267950.0,103.0,6907.0,7010.0,7,8,41,深位,否
4,4,inbound,IN0460,B6T0000001382,E1,260940.0,268047.0,268154.0,107.0,7107.0,7214.0,7,4,47,深位,否
4,4,inbound,IN0460,B6T0000001382,E1,260940.0,268255.0,268366.0,111.0,7315.0,7426.0,8,2,51,深位,否
4,4,inbound,IN0460,B6T0000001382,E1,260940.0,268471.0,268584.0,113.0,7531.0,7644.0,7,5,49,深位,否
4,4,outbound,3140,B6T0000000039,E4,270480.0,270480.0,270913.0,433.00000000000017,0.0,433.0,8,44,27,浅位,否
4,4,outbound,3141,B6T0000000039,E4,270480.0,270913.0,271346.0,433.00000000000017,433.0,866.0,8,44,27,深位,否
4,4,outbound,2562,B6T0000001537,E1,272220.0,272404.0,272496.0,92.0,184.0,276.0,7,2,20,浅位,否
4,4,outbound,2563,B6T0000001537,E1,272220.0,272496.0,272588.0,92.0,276.0,368.0,7,2,20,深位,否
4,4,outbound,2560,B6T0000001537,E1,272220.0,272588.0,272680.0,92.0,368.0,460.0,8,2,20,浅位,否
4,4,outbound,2668,B6T0000000193,E4,276720.0,276720.0,277113.0,393.00000000000017,0.0,393.0,7,48,7,深位,否
4,4,outbound,1004,B6T0000001090,E3,276120.0,277113.0,277223.0,110.0,993.0,1103.0,7,12,11,浅位,否
4,4,outbound,2670,B6T0000000193,E4,276720.0,277223.0,277616.0,393.00000000000017,503.0,896.0,8,48,7,浅位,否
4,4,outbound,574,B6T0000001238,E3,286320.0,286430.0,286540.0,109.99999999999999,110.0,220.0,7,16,3,浅位,否
4,4,outbound,573,B6T0000001238,E3,286320.0,286540.0,286650.0,109.99999999999999,220.0,330.0,7,16,3,深位,否
4,4,outbound,572,B6T0000001238,E3,286320.0,286650.0,286760.0,109.99999999999999,330.0,440.0,8,16,3,浅位,否
4,4,outbound,576,B6T0000001238,E3,286320.0,286760.0,286870.0,109.99999999999999,440.0,550.0,8,16,3,深位,否
4,4,outbound,3224,B6T0000001460,E1,286920.0,286920.0,286964.0,44.0,0.0,44.0,7,1,9,浅位,否
4,4,outbound,3225,B6T0000001460,E1,286920.0,286964.0,287008.0,44.0,44.0,88.0,7,1,9,深位,否
4,4,outbound,3223,B6T0000001460,E1,286920.0,287008.0,287052.0,44.0,88.0,132.0,8,1,9,浅位,否
4,4,inbound,IN0157,B6T0000000457,E3,288660.0,288660.0,288718.0,57.99999999999999,0.0,58.0,7,16,3,浅位,否
4,4,inbound,IN0157,B6T0000000457,E3,288660.0,288770.0,288828.0,57.99999999999999,110.0,168.0,7,16,3,深位,否
4,4,inbound,IN0157,B6T0000000457,E3,288660.0,288880.0,288938.0,57.99999999999999,220.0,278.0,8,16,3,浅位,否
4,4,inbound,IN0157,B6T0000000457,E3,288660.0,288990.0,289048.0,57.99999999999999,330.0,388.0,8,16,3,深位,否
4,4,outbound,1096,B6T0000001415,E1,287880.0,290733.0,290777.0,44.0,2853.0,2897.0,7,7,3,浅位,否
4,4,outbound,1338,B6T0000000043,E4,286740.0,293081.0,293440.0,359.00000000000017,6341.0,6700.0,7,45,6,浅位,否
4,4,outbound,3498,B6T0000001296,E3,293340.0,293440.0,293754.0,314.0,100.0,414.0,8,23,40,浅位,否
4,4,outbound,3499,B6T0000001296,E3,293340.0,293754.0,294068.0,314.0,414.0,728.0,8,23,40,深位,否
4,4,outbound,1337,B6T0000000043,E4,286740.0,294068.0,294427.0,359.00000000000017,7328.0,7687.0,7,45,6,深位,否
4,4,outbound,1336,B6T0000000043,E4,286740.0,294485.0,294812.0,327.00000000000017,7745.0,8072.0,8,45,6,浅位,是
4,4,inbound,IN0259,B6T0000000764,E3,294300.0,294427.0,294485.0,58.0,127.0,185.0,7,12,11,浅位,是
4,4,outbound,1335,B6T0000000043,E4,286740.0,294972.0,295401.0,429.00000000000017,8232.0,8661.0,8,45,6,深位,是
4,4,inbound,IN0259,B6T0000000764,E3,294300.0,294812.0,294972.0,160.0,512.0,672.0,8,12,62,深位,是
4,4,outbound,3648,B6T0000001606,E1,295020.0,295401.0,295417.0,16.0,381.0,397.0,8,1,2,深位,否
4,4,outbound,3649,B6T0000001606,E1,295020.0,295417.0,295461.0,44.0,397.0,441.0,7,5,5,深位,否
4,4,outbound,459,B6T0000001382,E1,295980.0,297648.0,297676.0,28.0,1668.0,1696.0,7,4,2,浅位,否
4,4,inbound,IN0556,B6T0000001654,E1,300480.0,300480.0,300491.0,11.0,0.0,11.0,8,1,2,深位,否
4,4,inbound,IN0556,B6T0000001654,E1,300480.0,300496.0,300513.0,17.0,16.0,33.0,7,4,2,浅位,否
4,4,outbound,3256,B6T0000000023,E4,301260.0,301260.0,301583.0,323.00000000000017,0.0,323.0,8,43,2,深位,否
4,4,outbound,3257,B6T0000000023,E4,301260.0,301583.0,301942.0,359.00000000000017,323.0,682.0,7,43,11,深位,否
4,4,outbound,1527,B6T0000000228,E4,301800.0,301942.0,302269.0,327.00000000000017,142.0,469.0,8,43,3,深位,否
4,4,outbound,1216,B6T0000000577,E3,302040.0,303407.0,303513.0,106.0,1367.0,1473.0,7,9,16,浅位,否
4,4,outbound,1212,B6T0000000577,E3,302040.0,303513.0,303619.0,106.0,1473.0,1579.0,7,9,16,深位,否
4,4,outbound,1213,B6T0000000577,E3,302040.0,303619.0,303725.0,106.0,1579.0,1685.0,8,9,16,浅位,否
4,4,outbound,1223,B6T0000000577,E3,302040.0,303725.0,303831.0,106.0,1685.0,1791.0,8,9,16,深位,否
4,4,outbound,340,B6T0000000139,E4,302220.0,305356.0,305695.0,339.00000000000017,3136.0,3475.0,7,45,1,浅位,否
4,4,outbound,804,B6T0000000540,E3,305460.0,305695.0,305785.0,90.0,235.0,325.0,7,9,12,深位,否
4,4,outbound,334,B6T0000000139,E4,302220.0,305785.0,306124.0,339.00000000000017,3565.0,3904.0,7,45,1,深位,否
4,4,outbound,812,B6T0000000540,E3,305460.0,306172.0,306292.0,120.0,712.0,832.0,7,18,2,浅位,是
4,4,inbound,IN0367,B6T0000001127,E3,306000.0,306124.0,306172.0,48.0,124.0,172.0,7,9,12,深位,是
4,4,outbound,805,B6T0000000540,E3,305460.0,306348.0,306476.0,128.0,888.0,1016.0,7,18,2,深位,是
4,4,inbound,IN0367,B6T0000001127,E3,306000.0,306292.0,306348.0,56.0,292.0,348.0,7,9,16,浅位,是
4,4,outbound,810,B6T0000000540,E3,305460.0,306532.0,306660.0,128.0,1072.0,1200.0,8,18,2,浅位,是
4,4,inbound,IN0367,B6T0000001127,E3,306000.0,306476.0,306532.0,56.0,476.0,532.0,7,9,16,深位,是
4,4,outbound,811,B6T0000000540,E3,305460.0,306660.0,306782.0,122.0,1200.0,1322.0,8,18,2,深位,否
4,4,outbound,339,B6T0000000139,E4,302220.0,306782.0,307121.0,339.00000000000017,4562.0,4901.0,8,45,1,浅位,否
4,4,outbound,3064,B6T0000000340,E3,306900.0,307121.0,307407.0,286.00000000000006,221.0,507.0,7,30,19,浅位,否
4,4,outbound,3066,B6T0000000340,E3,306900.0,307407.0,307693.0,286.00000000000006,507.0,793.0,7,30,19,深位,否
4,4,outbound,3065,B6T0000000340,E3,306900.0,307693.0,307979.0,286.00000000000006,793.0,1079.0,8,30,19,浅位,否
4,4,outbound,338,B6T0000000139,E4,302220.0,307979.0,308318.0,339.00000000000017,5759.0,6098.0,8,45,1,深位,否
4,4,inbound,IN0057,B6T0000000150,E4,308460.0,308460.0,308624.5,164.50000000000009,0.0,164.5,8,43,2,深位,否
4,4,outbound,2971,B6T0000000633,E3,308760.0,308949.5,309144.0,194.50000000000009,189.5,384.0,8,37,10,浅位,是
4,4,inbound,IN0057,B6T0000000150,E4,308460.0,308783.0,308949.5,166.50000000000009,323.0,489.5,8,43,3,深位,是
4,4,outbound,2973,B6T0000000633,E3,308760.0,309316.5,309525.0,208.5000000000001,556.5,765.0,8,37,10,深位,是
4,4,inbound,IN0057,B6T0000000150,E4,308460.0,309144.0,309316.5,172.50000000000009,684.0,856.5,7,45,1,浅位,是
4,4,outbound,302,B6T0000001196,E3,309300.0,309697.5,309886.0,188.50000000000009,397.5,586.0,7,13,5,浅位,是
4,4,inbound,IN0057,B6T0000000150,E4,308460.0,309525.0,309697.5,172.50000000000009,1065.0,1237.5,7,45,1,深位,是
4,4,outbound,293,B6T0000001196,E3,309300.0,310058.5,310247.0,188.50000000000009,758.5,947.0,7,13,5,深位,是
4,4,inbound,IN0057,B6T0000000150,E4,308460.0,309886.0,310058.5,172.50000000000009,1426.0,1598.5,8,45,1,浅位,是
4,4,outbound,308,B6T0000001196,E3,309300.0,310419.5,310608.0,188.50000000000009,1119.5,1308.0,8,13,5,浅位,是
4,4,inbound,IN0057,B6T0000000150,E4,308460.0,310247.0,310419.5,172.50000000000009,1787.0,1959.5,8,45,1,深位,是
4,4,outbound,306,B6T0000001196,E3,309300.0,310790.5,310973.0,182.50000000000009,1490.5,1673.0,8,13,5,深位,是
4,4,inbound,IN0057,B6T0000000150,E4,308460.0,310608.0,310790.5,182.50000000000009,2148.0,2330.5,7,43,11,深位,是
4,4,outbound,509,B6T0000001101,E3,309960.0,311155.5,311342.0,186.50000000000009,1195.5,1382.0,7,12,7,浅位,是
4,4,inbound,IN0057,B6T0000000150,E4,308460.0,310973.0,311155.5,182.50000000000009,2513.0,2695.5,7,45,6,浅位,是
4,4,outbound,489,B6T0000001101,E3,309960.0,311524.5,311711.0,186.50000000000009,1564.5,1751.0,7,12,7,深位,是
4,4,inbound,IN0057,B6T0000000150,E4,308460.0,311342.0,311524.5,182.50000000000009,2882.0,3064.5,7,45,6,深位,是
4,4,outbound,244,B6T0000000581,E3,311640.0,311893.5,312088.0,194.50000000000009,253.5,448.0,7,9,9,深位,是
4,4,inbound,IN0057,B6T0000000150,E4,308460.0,311711.0,311893.5,182.50000000000009,3251.0,3433.5,8,45,6,浅位,是
4,4,outbound,245,B6T0000000581,E3,311640.0,312270.5,312465.0,194.50000000000009,630.5,825.0,8,9,9,浅位,是
4,4,inbound,IN0057,B6T0000000150,E4,308460.0,312088.0,312270.5,182.50000000000009,3628.0,3810.5,8,45,6,深位,是
4,4,outbound,246,B6T0000000581,E3,311640.0,312664.5,312872.0,207.50000000000009,1024.5,1232.0,8,9,9,深位,是
4,4,inbound,IN0057,B6T0000000150,E4,308460.0,312465.0,312664.5,199.50000000000009,4005.0,4204.5,7,48,7,深位,是
4,4,outbound,490,B6T0000001101,E3,309960.0,312914.0,312980.0,66.0,2954.0,3020.0,8,12,7,浅位,是
4,4,inbound,IN0204,B6T0000000600,E3,312840.0,312872.0,312914.0,42.0,32.0,74.0,7,9,9,深位,是
4,4,outbound,832,B6T0000001220,E3,312960.0,313022.0,313064.0,42.0,62.0,104.0,8,9,4,浅位,是
4,4,inbound,IN0204,B6T0000000600,E3,312840.0,312980.0,313022.0,42.0,140.0,182.0,8,9,9,浅位,是
4,4,outbound,833,B6T0000001220,E3,312960.0,313096.0,313128.0,31.999999999999996,136.0,168.0,8,9,4,深位,是
4,4,inbound,IN0204,B6T0000000600,E3,312840.0,313064.0,313096.0,31.999999999999996,224.0,256.0,8,9,4,浅位,是
4,4,outbound,834,B6T0000001220,E3,312960.0,313327.5,313527.0,199.50000000000009,367.5,567.0,7,9,4,浅位,是
4,4,inbound,IN0057,B6T0000000150,E4,308460.0,313128.0,313327.5,199.50000000000009,4668.0,4867.5,8,48,7,浅位,是
4,4,outbound,835,B6T0000001220,E3,312960.0,313746.5,313966.0,219.50000000000009,786.5,1006.0,7,9,4,深位,是
4,4,inbound,IN0057,B6T0000000150,E4,308460.0,313527.0,313746.5,219.50000000000009,5067.0,5286.5,8,44,27,浅位,是
4,4,outbound,2139,B6T0000001633,E1,313560.0,314185.5,314405.0,219.50000000000009,625.5,845.0,8,4,4,深位,是
4,4,inbound,IN0057,B6T0000000150,E4,308460.0,313966.0,314185.5,219.50000000000009,5506.0,5725.5,8,44,27,深位,是
4,4,outbound,2140,B6T0000001633,E1,313560.0,314665.5,314926.0,260.50000000000006,1105.5,1366.0,8,7,5,深位,是
4,4,inbound,IN0057,B6T0000000150,E4,308460.0,314405.0,314665.5,260.5000000000001,5945.0,6205.5,8,43,50,深位,是
4,4,outbound,2137,B6T0000001633,E1,313560.0,314947.0,314988.0,41.0,1387.0,1428.0,7,6,7,浅位,是
4,4,inbound,IN0491,B6T0000001477,E1,314640.0,314926.0,314947.0,21.0,286.0,307.0,8,4,4,深位,是
4,4,outbound,836,B6T0000001220,E3,312960.0,315013.0,315084.0,71.0,2053.0,2124.0,8,9,12,浅位,是
4,4,inbound,IN0491,B6T0000001477,E1,314640.0,314988.0,315013.0,25.0,348.0,373.0,7,5,5,深位,是
4,4,outbound,837,B6T0000001220,E3,312960.0,315109.0,315180.0,71.0,2149.0,2220.0,8,9,12,深位,是
4,4,inbound,IN0491,B6T0000001477,E1,314640.0,315084.0,315109.0,25.0,444.0,469.0,7,1,9,浅位,是
4,4,outbound,491,B6T0000001101,E3,309960.0,315205.0,315288.0,83.0,5245.0,5328.0,8,12,7,深位,是
4,4,inbound,IN0491,B6T0000001477,E1,314640.0,315180.0,315205.0,25.0,540.0,565.0,7,1,9,深位,是
4,4,outbound,3564,B6T0000000938,E3,314280.0,315313.0,315468.0,155.00000000000003,1033.0,1188.0,7,21,6,浅位,是
4,4,inbound,IN0491,B6T0000001477,E1,314640.0,315288.0,315313.0,25.0,648.0,673.0,8,1,9,浅位,是
4,4,outbound,3565,B6T0000000938,E3,314280.0,315493.0,315636.0,143.00000000000003,1213.0,1356.0,7,21,6,深位,是
4,4,inbound,IN0491,B6T0000001477,E1,314640.0,315468.0,315493.0,25.0,828.0,853.0,7,7,3,浅位,是
4,4,outbound,3644,B6T0000001493,E1,315480.0,315665.0,315694.0,29.0,185.0,214.0,7,5,2,浅位,是
4,4,inbound,IN0491,B6T0000001477,E1,314640.0,315636.0,315665.0,29.0,996.0,1025.0,8,7,5,深位,是
4,4,outbound,3645,B6T0000001493,E1,315480.0,315726.0,315758.0,32.0,246.0,278.0,7,5,2,深位,是
4,4,inbound,IN0139,B6T0000000416,E3,315300.0,315694.0,315726.0,31.999999999999996,394.0,426.0,7,9,4,浅位,是
4,4,outbound,1165,B6T0000000245,E4,308040.0,315790.0,316119.0,329.00000000000017,7750.0,8079.0,7,45,5,浅位,是
4,4,inbound,IN0139,B6T0000000416,E3,315300.0,315758.0,315790.0,31.999999999999996,458.0,490.0,7,9,4,深位,是
4,4,outbound,1166,B6T0000000245,E4,308040.0,316138.0,316480.0,342.00000000000017,8098.0,8440.0,7,45,5,深位,是
4,4,inbound,IN0609,B6T0000001808,E1,315780.0,316119.0,316138.0,19.0,339.0,358.0,7,5,2,浅位,是
4,4,outbound,83,B6T0000000261,E4,316260.0,316499.0,316809.0,310.0000000000001,239.0,549.0,8,43,1,深位,是
4,4,inbound,IN0609,B6T0000001808,E1,315780.0,316480.0,316499.0,19.0,700.0,719.0,7,5,2,深位,是
4,4,inbound,IN0609,B6T0000001808,E1,315780.0,316809.0,316840.0,31.0,1029.0,1060.0,7,6,7,浅位,否
4,4,inbound,IN0139,B6T0000000416,E3,315300.0,316865.0,316897.0,31.999999999999996,1565.0,1597.0,8,9,4,深位,否
4,4,inbound,IN0322,B6T0000000969,E3,315960.0,316923.0,316965.0,42.0,963.0,1005.0,8,9,9,深位,否
4,4,inbound,IN0322,B6T0000000969,E3,315960.0,317001.0,317049.0,48.0,1041.0,1089.0,8,9,12,浅位,否
4,4,inbound,IN0322,B6T0000000969,E3,315960.0,317091.0,317139.0,48.0,1131.0,1179.0,8,9,12,深位,否
4,4,inbound,IN0404,B6T0000001226,E3,316500.0,317181.0,317231.0,50.0,681.0,731.0,7,13,5,浅位,否
4,4,inbound,IN0404,B6T0000001226,E3,316500.0,317275.0,317325.0,50.0,775.0,825.0,7,13,5,深位,否
4,4,inbound,IN0404,B6T0000001226,E3,316500.0,317369.0,317419.0,50.0,869.0,919.0,8,13,5,浅位,否
4,4,inbound,IN0404,B6T0000001226,E3,316500.0,317463.0,317513.0,50.0,963.0,1013.0,8,13,5,深位,否
4,4,inbound,IN0187,B6T0000000542,E3,316620.0,317557.0,317607.0,50.0,937.0,987.0,7,12,7,浅位,否
4,4,inbound,IN0187,B6T0000000542,E3,316620.0,317651.0,317701.0,50.0,1031.0,1081.0,7,12,7,深位,否
4,4,inbound,IN0374,B6T0000001138,E3,316680.0,317745.0,317795.0,50.0,1065.0,1115.0,8,12,7,浅位,否
4,4,inbound,IN0374,B6T0000001138,E3,316680.0,317839.0,317889.0,50.0,1159.0,1209.0,8,12,7,深位,否
4,4,inbound,IN0374,B6T0000001138,E3,316680.0,317933.0,317989.0,56.0,1253.0,1309.0,8,9,16,浅位,否
4,4,inbound,IN0369,B6T0000001130,E3,316740.0,318039.0,318095.0,56.0,1299.0,1355.0,8,9,16,深位,否
4,4,inbound,IN0369,B6T0000001130,E3,316740.0,318145.0,318209.0,64.0,1405.0,1469.0,7,18,2,浅位,否
4,4,inbound,IN0369,B6T0000001130,E3,316740.0,318267.0,318331.0,64.0,1527.0,1591.0,7,18,2,深位,否
4,4,outbound,230,B6T0000000581,E3,311640.0,318453.0,318541.0,88.0,6813.0,6901.0,7,10,8,浅位,是
4,4,inbound,IN0369,B6T0000001130,E3,316740.0,318389.0,318453.0,64.0,1649.0,1713.0,8,18,2,浅位,是
4,4,outbound,231,B6T0000000581,E3,311640.0,318585.0,318629.0,44.0,6945.0,6989.0,7,10,8,深位,是
4,4,inbound,IN0369,B6T0000001130,E3,316740.0,318541.0,318585.0,44.0,1801.0,1845.0,7,10,8,浅位,是
4,4,outbound,232,B6T0000000581,E3,311640.0,318673.0,318717.0,44.0,7033.0,7077.0,8,10,8,浅位,是
4,4,inbound,IN0369,B6T0000001130,E3,316740.0,318629.0,318673.0,44.0,1889.0,1933.0,7,10,8,深位,是
4,4,outbound,233,B6T0000000581,E3,311640.0,318761.0,318805.0,44.0,7121.0,7165.0,8,10,8,深位,是
4,4,inbound,IN0369,B6T0000001130,E3,316740.0,318717.0,318761.0,44.0,1977.0,2021.0,8,10,8,浅位,是
4,4,inbound,IN0369,B6T0000001130,E3,316740.0,318805.0,318849.0,44.0,2065.0,2109.0,8,10,8,深位,否
4,4,inbound,IN0107,B6T0000000313,E4,316560.0,318887.0,319049.5,162.50000000000009,2327.0,2489.5,8,43,1,深位,否
4,4,outbound,221,B6T0000000581,E3,311640.0,319386.5,319567.0,180.50000000000009,7746.5,7927.0,8,16,1,浅位,是
4,4,inbound,IN0107,B6T0000000313,E4,316560.0,319206.0,319386.5,180.50000000000009,2646.0,2826.5,7,45,5,浅位,是
4,4,outbound,255,B6T0000000581,E3,311640.0,319747.5,319928.0,180.50000000000009,8107.5,8288.0,8,16,1,深位,是
4,4,inbound,IN0107,B6T0000000313,E4,316560.0,319567.0,319747.5,180.50000000000009,3007.0,3187.5,7,45,5,深位,是
4,4,inbound,IN0107,B6T0000000313,E4,316560.0,319928.0,320189.5,261.5000000000001,3368.0,3629.5,7,44,48,浅位,否
4,4,inbound,IN0107,B6T0000000313,E4,316560.0,320445.0,320706.5,261.5000000000001,3885.0,4146.5,7,44,48,深位,否
4,4,inbound,IN0107,B6T0000000313,E4,316560.0,320962.0,321223.5,261.5000000000001,4402.0,4663.5,8,44,48,浅位,否
4,4,inbound,IN0107,B6T0000000313,E4,316560.0,321479.0,321740.5,261.5000000000001,4919.0,5180.5,8,44,48,深位,否
4,4,inbound,IN0107,B6T0000000313,E4,316560.0,321996.0,322258.5,262.5000000000001,5436.0,5698.5,7,43,51,浅位,否
4,4,inbound,IN0107,B6T0000000313,E4,316560.0,322515.0,322777.5,262.5000000000001,5955.0,6217.5,7,43,51,深位,否
4,4,inbound,IN0107,B6T0000000313,E4,316560.0,323034.0,323296.5,262.5000000000001,6474.0,6736.5,7,45,46,浅位,否
4,4,inbound,IN0107,B6T0000000313,E4,316560.0,323553.0,323815.5,262.5000000000001,6993.0,7255.5,7,45,46,深位,否
4,4,inbound,IN0107,B6T0000000313,E4,316560.0,324072.0,324334.5,262.5000000000001,7512.0,7774.5,8,43,51,浅位,否
4,4,inbound,IN0107,B6T0000000313,E4,316560.0,324591.0,324853.5,262.5000000000001,8031.0,8293.5,8,43,51,深位,否
4,4,inbound,IN0107,B6T0000000313,E4,316560.0,325110.0,325372.5,262.5000000000001,8550.0,8812.5,8,45,46,浅位,否
4,4,inbound,IN0107,B6T0000000313,E4,316560.0,325629.0,325891.5,262.5000000000001,9069.0,9331.5,8,45,46,深位,否
4,4,inbound,IN0107,B6T0000000313,E4,316560.0,326148.0,326411.5,263.5000000000001,9588.0,9851.5,7,44,49,浅位,否
4,4,inbound,IN0107,B6T0000000313,E4,316560.0,326669.0,326932.5,263.5000000000001,10109.0,10372.5,7,44,49,深位,否
4,4,inbound,IN0107,B6T0000000313,E4,316560.0,327190.0,327453.5,263.5000000000001,10630.0,10893.5,8,44,49,浅位,否
4,4,inbound,IN0107,B6T0000000313,E4,316560.0,327711.0,327974.5,263.5000000000001,11151.0,11414.5,8,44,49,深位,否
4,4,inbound,IN0107,B6T0000000313,E4,316560.0,328232.0,328496.5,264.5000000000001,11672.0,11936.5,7,43,52,浅位,否
4,4,inbound,IN0107,B6T0000000313,E4,316560.0,328755.0,329019.5,264.5000000000001,12195.0,12459.5,7,43,52,深位,否
4,4,inbound,IN0107,B6T0000000313,E4,316560.0,329278.0,329542.5,264.5000000000001,12718.0,12982.5,7,45,47,浅位,否
4,4,inbound,IN0107,B6T0000000313,E4,316560.0,329801.0,330065.5,264.5000000000001,13241.0,13505.5,7,45,47,深位,否
4,4,inbound,IN0107,B6T0000000313,E4,316560.0,330324.0,330588.5,264.5000000000001,13764.0,14028.5,8,43,52,浅位,否
4,4,inbound,IN0107,B6T0000000313,E4,316560.0,330847.0,331111.5,264.5000000000001,14287.0,14551.5,8,43,52,深位,否
4,4,inbound,IN0107,B6T0000000313,E4,316560.0,331370.0,331634.5,264.5000000000001,14810.0,15074.5,8,45,47,浅位,否
4,4,inbound,IN0107,B6T0000000313,E4,316560.0,331893.0,332157.5,264.5000000000001,15333.0,15597.5,8,45,47,深位,否
4,4,inbound,IN0107,B6T0000000313,E4,316560.0,332416.0,332681.5,265.5000000000001,15856.0,16121.5,7,44,50,浅位,否
4,4,inbound,IN0107,B6T0000000313,E4,316560.0,332941.0,333206.5,265.5000000000001,16381.0,16646.5,7,44,50,深位,否
4,4,inbound,IN0107,B6T0000000313,E4,316560.0,333466.0,333731.5,265.5000000000001,16906.0,17171.5,7,46,45,浅位,否
4,4,inbound,IN0107,B6T0000000313,E4,316560.0,333991.0,334256.5,265.5000000000001,17431.0,17696.5,7,46,45,深位,否
4,4,inbound,IN0057,B6T0000000150,E4,308460.0,334516.0,334781.5,265.5000000000001,26056.0,26321.5,8,44,50,浅位,否
4,4,inbound,IN0057,B6T0000000150,E4,308460.0,335041.0,335306.5,265.5000000000001,26581.0,26846.5,8,44,50,深位,否
4,4,inbound,IN0057,B6T0000000150,E4,308460.0,335566.0,335831.5,265.5000000000001,27106.0,27371.5,8,46,45,浅位,否
4,4,inbound,IN0202,B6T0000000587,E3,344460.0,344460.0,344514.0,53.99999999999999,0.0,54.0,8,16,1,浅位,否
4,4,inbound,IN0202,B6T0000000587,E3,344460.0,344562.0,344616.0,53.99999999999999,102.0,156.0,8,16,1,深位,否
4,4,inbound,IN0121,B6T0000000340,E3,344640.0,344664.0,344728.0,64.0,24.0,88.0,8,18,2,深位,否
4,4,inbound,IN0563,B6T0000001671,E1,344700.0,344786.0,344835.0,49.0,86.0,135.0,7,2,20,浅位,否
4,4,inbound,IN0563,B6T0000001671,E1,344700.0,344878.0,344927.0,49.0,178.0,227.0,7,2,20,深位,否
4,4,inbound,IN0563,B6T0000001671,E1,344700.0,344970.0,345019.0,49.0,270.0,319.0,8,2,20,浅位,否
4,4,inbound,IN0563,B6T0000001671,E1,344700.0,345062.0,345146.0,84.00000000000001,362.0,446.0,7,21,6,浅位,否
4,4,inbound,IN0563,B6T0000001671,E1,344700.0,345224.0,345308.0,84.00000000000001,524.0,608.0,7,21,6,深位,否
4,4,inbound,IN0563,B6T0000001671,E1,344700.0,345386.0,345499.0,113.0,686.0,799.0,8,8,46,深位,否
4,4,inbound,IN0563,B6T0000001671,E1,344700.0,345606.0,345719.0,113.0,906.0,1019.0,8,5,49,浅位,否
4,4,inbound,IN0563,B6T0000001671,E1,344700.0,345826.0,345939.0,113.0,1126.0,1239.0,8,5,49,深位,否
4,4,inbound,IN0563,B6T0000001671,E1,344700.0,346046.0,346161.0,115.0,1346.0,1461.0,8,8,47,深位,否
4,4,inbound,IN0563,B6T0000001671,E1,344700.0,346270.0,346387.0,117.0,1570.0,1687.0,7,2,54,深位,否
4,4,inbound,IN0563,B6T0000001671,E1,344700.0,346498.0,346617.0,119.0,1798.0,1917.0,8,1,56,深位,否
4,4,outbound,519,B6T0000001197,E3,346680.0,346849.0,347026.0,177.0,169.0,346.0,7,14,5,深位,是
4,4,inbound,IN0563,B6T0000001671,E1,344700.0,346730.0,346849.0,119.0,2030.0,2149.0,8,5,52,深位,是
4,4,outbound,518,B6T0000001197,E3,346680.0,347080.0,347134.0,53.99999999999999,400.0,454.0,8,14,5,浅位,是
4,4,inbound,IN0563,B6T0000001671,E1,344700.0,347026.0,347080.0,53.99999999999999,2326.0,2380.0,7,14,5,深位,是
4,4,outbound,520,B6T0000001197,E3,346680.0,347188.0,347242.0,53.99999999999999,508.0,562.0,8,14,5,深位,是
4,4,inbound,IN0563,B6T0000001671,E1,344700.0,347134.0,347188.0,53.99999999999999,2434.0,2488.0,8,14,5,浅位,是
4,4,outbound,3641,B6T0000001338,E1,347220.0,347296.0,347350.0,54.0,76.0,130.0,7,2,4,浅位,是
4,4,inbound,IN0563,B6T0000001671,E1,344700.0,347242.0,347296.0,53.99999999999999,2542.0,2596.0,8,14,5,深位,是
4,4,outbound,3640,B6T0000001338,E1,347220.0,347367.0,347466.0,98.99999999999999,147.0,246.0,8,15,5,深位,是
4,4,inbound,IN0563,B6T0000001671,E1,344700.0,347350.0,347367.0,17.0,2650.0,2667.0,7,2,4,浅位,是
4,4,inbound,IN0563,B6T0000001671,E1,344700.0,347466.0,347524.0,57.99999999999999,2766.0,2824.0,8,15,5,深位,否
4,4,inbound,IN0121,B6T0000000340,E3,344640.0,347576.0,347722.0,146.00000000000003,2936.0,3082.0,7,30,19,浅位,否
4,4,inbound,IN0121,B6T0000000340,E3,344640.0,347862.0,348008.0,146.00000000000003,3222.0,3368.0,7,30,19,深位,否
4,4,outbound,3428,B6T0000001112,E3,347940.0,348294.0,348524.0,230.0,354.0,584.0,7,21,40,浅位,是
4,4,inbound,IN0121,B6T0000000340,E3,344640.0,348148.0,348294.0,146.00000000000003,3508.0,3654.0,8,30,19,浅位,是
4,4,outbound,956,B6T0000000445,E3,348420.0,348524.0,348630.0,106.0,104.0,210.0,8,12,10,浅位,否
4,4,outbound,2905,B6T0000001330,E1,348600.0,348630.0,348706.0,76.0,30.0,106.0,8,6,12,深位,否
4,4,outbound,952,B6T0000000445,E3,348420.0,348706.0,348812.0,106.0,286.0,392.0,8,12,10,深位,否
4,4,outbound,3429,B6T0000001112,E3,347940.0,348812.0,349110.0,298.0,872.0,1170.0,7,21,40,深位,否
4,4,outbound,3313,B6T0000001948,E1,349800.0,349800.0,349828.0,28.0,0.0,28.0,7,2,4,深位,否
4,4,outbound,3312,B6T0000001948,E1,349800.0,349828.0,349856.0,28.0,28.0,56.0,8,2,4,浅位,否
4,4,inbound,IN0650,B6T0000001965,E1,349860.0,349860.0,349877.0,17.0,0.0,17.0,7,2,4,深位,否
4,4,inbound,IN0650,B6T0000001965,E1,349860.0,349888.0,349905.0,17.0,28.0,45.0,8,2,4,浅位,否
4,4,inbound,IN0650,B6T0000001965,E1,349860.0,349916.0,349957.0,41.0,56.0,97.0,8,6,12,深位,否
4,4,inbound,IN0650,B6T0000001965,E1,349860.0,349992.0,350048.0,56.0,132.0,188.0,8,12,10,浅位,否
4,4,inbound,IN0650,B6T0000001965,E1,349860.0,350098.0,350154.0,56.0,238.0,294.0,8,12,10,深位,否
4,4,outbound,2832,B6T0000001965,E1,350700.0,350700.0,350728.0,28.0,0.0,28.0,7,2,4,深位,否
4,4,outbound,2833,B6T0000001965,E1,350700.0,350728.0,350756.0,28.0,28.0,56.0,8,2,4,浅位,否
4,4,outbound,2834,B6T0000001965,E1,350700.0,350756.0,350832.0,76.0,56.0,132.0,8,6,12,深位,否
4,4,outbound,2835,B6T0000001965,E1,350700.0,350832.0,350938.0,106.0,132.0,238.0,8,12,10,浅位,否
4,4,outbound,1746,B6T0000001149,E3,348480.0,351051.0,351201.0,150.0,2571.0,2721.0,7,15,15,浅位,否
4,4,outbound,1739,B6T0000001149,E3,348480.0,351201.0,351351.0,150.0,2721.0,2871.0,7,15,15,深位,否
4,4,outbound,1740,B6T0000001149,E3,348480.0,351351.0,351501.0,150.0,2871.0,3021.0,8,15,15,浅位,否
4,4,inbound,IN0576,B6T0000001708,E1,352140.0,352140.0,352157.0,17.0,0.0,17.0,7,2,4,深位,否
4,4,inbound,IN0576,B6T0000001708,E1,352140.0,352168.0,352185.0,17.0,28.0,45.0,8,2,4,浅位,否
4,4,inbound,IN0576,B6T0000001708,E1,352140.0,352196.0,352237.0,41.0,56.0,97.0,8,6,12,深位,否
4,4,inbound,IN0576,B6T0000001708,E1,352140.0,352272.0,352328.0,56.0,132.0,188.0,8,12,10,浅位,否
4,4,inbound,IN0576,B6T0000001708,E1,352140.0,352378.0,352456.0,78.0,238.0,316.0,7,15,15,浅位,否
4,4,outbound,136,B6T0000000154,E4,345840.0,355465.0,355794.0,329.00000000000017,9625.0,9954.0,7,44,1,浅位,否
4,4,outbound,130,B6T0000000154,E4,345840.0,355794.0,356123.0,329.00000000000017,9954.0,10283.0,7,44,1,深位,否
4,4,outbound,129,B6T0000000154,E4,345840.0,356123.0,356452.0,329.00000000000017,10283.0,10612.0,8,44,1,浅位,否
4,4,outbound,128,B6T0000000154,E4,345840.0,356452.0,356781.0,329.00000000000017,10612.0,10941.0,8,44,1,深位,否
4,4,outbound,3661,B6T0000001520,E1,357720.0,357720.0,357772.0,52.0,0.0,52.0,7,7,5,浅位,否
4,4,outbound,3660,B6T0000001520,E1,357720.0,357772.0,357824.0,52.0,52.0,104.0,7,7,5,深位,否
4,4,outbound,2514,B6T0000001586,E1,359160.0,359160.0,359200.0,40.0,0.0,40.0,7,8,1,深位,否
4,4,outbound,2513,B6T0000001586,E1,359160.0,359200.0,359240.0,40.0,40.0,80.0,8,8,1,浅位,否
4,4,outbound,2510,B6T0000001586,E1,359160.0,359240.0,359280.0,40.0,80.0,120.0,8,8,1,深位,否
4,4,outbound,2511,B6T0000001586,E1,359160.0,359280.0,359324.0,44.0,120.0,164.0,7,2,8,浅位,否
4,4,outbound,2512,B6T0000001586,E1,359160.0,359324.0,359368.0,44.0,164.0,208.0,7,2,8,深位,否
4,4,inbound,IN0264,B6T0000000778,E3,360840.0,360840.0,360918.0,78.0,0.0,78.0,7,15,15,深位,否
4,4,inbound,IN0264,B6T0000000778,E3,360840.0,360990.0,361068.0,78.0,150.0,228.0,8,15,15,浅位,否
4,4,inbound,IN0264,B6T0000000778,E3,360840.0,361140.0,361292.0,152.0,300.0,452.0,7,21,40,浅位,否
4,4,inbound,IN0264,B6T0000000778,E3,360840.0,361438.0,361590.0,152.0,598.0,750.0,7,21,40,深位,否
4,4,inbound,IN0264,B6T0000000778,E3,360840.0,361736.0,361892.0,156.00000000000006,896.0,1052.0,8,37,10,浅位,否
4,4,inbound,IN0264,B6T0000000778,E3,360840.0,362042.0,362198.0,156.00000000000006,1202.0,1358.0,8,37,10,深位,否
4,4,inbound,IN0264,B6T0000000778,E3,360840.0,362348.0,362508.0,160.0,1508.0,1668.0,8,13,60,浅位,否
4,4,inbound,IN0134,B6T0000000395,E3,366180.0,366180.0,366340.0,160.0,0.0,160.0,8,13,60,深位,否
4,4,inbound,IN0134,B6T0000000395,E3,366180.0,366494.0,366654.0,160.0,314.0,474.0,8,14,58,浅位,否
4,4,inbound,IN0134,B6T0000000395,E3,366180.0,366808.0,366968.0,160.0,628.0,788.0,8,14,58,深位,否
4,4,inbound,IN0134,B6T0000000395,E3,366180.0,367122.0,367282.0,160.0,942.0,1102.0,8,24,38,深位,否
4,4,inbound,IN0134,B6T0000000395,E3,366180.0,367436.0,367596.0,160.0,1256.0,1416.0,8,23,40,浅位,否
4,4,inbound,IN0134,B6T0000000395,E3,366180.0,367750.0,367910.0,160.0,1570.0,1730.0,8,23,40,深位,否
4,4,inbound,IN0134,B6T0000000395,E3,366180.0,368064.0,368226.0,162.0,1884.0,2046.0,7,10,67,浅位,否
4,4,inbound,IN0134,B6T0000000395,E3,366180.0,368382.0,368544.0,162.0,2202.0,2364.0,7,10,67,深位,否
4,4,inbound,IN0134,B6T0000000395,E3,366180.0,368700.0,368862.0,162.0,2520.0,2682.0,7,11,65,浅位,否
4,4,inbound,IN0134,B6T0000000395,E3,366180.0,369018.0,369180.0,162.0,2838.0,3000.0,7,11,65,深位,否
4,4,inbound,IN0134,B6T0000000395,E3,366180.0,369336.0,369498.0,162.0,3156.0,3318.0,7,12,63,浅位,否
4,4,outbound,878,B6T0000000488,E3,369420.0,369816.0,369978.0,162.0,396.0,558.0,7,9,8,浅位,是
4,4,inbound,IN0134,B6T0000000395,E3,366180.0,369654.0,369816.0,162.0,3474.0,3636.0,7,12,63,深位,是
4,4,outbound,876,B6T0000000488,E3,369420.0,370001.0,370058.0,57.0,581.0,638.0,7,9,8,深位,是
4,4,inbound,IN0437,B6T0000001327,E1,369900.0,369978.0,370001.0,23.0,78.0,101.0,7,8,1,深位,是
4,4,outbound,875,B6T0000000488,E3,369420.0,370081.0,370138.0,57.0,661.0,718.0,8,9,8,浅位,是
4,4,inbound,IN0437,B6T0000001327,E1,369900.0,370058.0,370081.0,23.0,158.0,181.0,8,8,1,浅位,是
4,4,outbound,877,B6T0000000488,E3,369420.0,370161.0,370218.0,57.0,741.0,798.0,8,9,8,深位,是
4,4,inbound,IN0437,B6T0000001327,E1,369900.0,370138.0,370161.0,23.0,238.0,261.0,8,8,1,深位,是
4,4,inbound,IN0437,B6T0000001327,E1,369900.0,370218.0,370243.0,25.0,318.0,343.0,7,2,8,浅位,否
4,4,inbound,IN0437,B6T0000001327,E1,369900.0,370262.0,370287.0,25.0,362.0,387.0,7,2,8,深位,否
4,4,inbound,IN0437,B6T0000001327,E1,369900.0,370306.0,370335.0,29.0,406.0,435.0,7,7,5,浅位,否
4,4,inbound,IN0437,B6T0000001327,E1,369900.0,370358.0,370387.0,29.0,458.0,487.0,7,7,5,深位,否
4,4,inbound,IN0437,B6T0000001327,E1,369900.0,370410.0,370450.0,40.0,510.0,550.0,7,9,8,浅位,否
4,4,inbound,IN0437,B6T0000001327,E1,369900.0,370484.0,370524.0,40.0,584.0,624.0,7,9,8,深位,否
4,4,inbound,IN0437,B6T0000001327,E1,369900.0,370558.0,370598.0,40.0,658.0,698.0,8,9,8,浅位,否
4,4,inbound,IN0358,B6T0000001103,E3,370380.0,370632.0,370672.0,40.0,252.0,292.0,8,9,8,深位,否
4,4,inbound,IN0358,B6T0000001103,E3,370380.0,370706.0,370868.0,162.0,326.0,488.0,7,13,61,浅位,否
4,4,inbound,IN0358,B6T0000001103,E3,370380.0,371024.0,371186.0,162.0,644.0,806.0,7,13,61,深位,否
4,4,inbound,IN0358,B6T0000001103,E3,370380.0,371342.0,371504.0,162.0,962.0,1124.0,7,14,59,浅位,否
4,4,inbound,IN0358,B6T0000001103,E3,370380.0,371660.0,371822.0,162.0,1280.0,1442.0,7,14,59,深位,否
4,4,inbound,IN0358,B6T0000001103,E3,370380.0,371978.0,372140.0,162.0,1598.0,1760.0,7,15,57,浅位,否
4,4,inbound,IN0358,B6T0000001103,E3,370380.0,372296.0,372458.0,162.0,1916.0,2078.0,7,15,57,深位,否
4,4,inbound,IN0358,B6T0000001103,E3,370380.0,372614.0,372776.0,162.0,2234.0,2396.0,8,10,67,浅位,否
4,4,inbound,IN0358,B6T0000001103,E3,370380.0,372932.0,373094.0,162.0,2552.0,2714.0,8,10,67,深位,否
4,4,outbound,2725,B6T0000001708,E1,373020.0,373412.0,373574.0,162.0,392.0,554.0,7,2,4,深位,是
4,4,inbound,IN0358,B6T0000001103,E3,370380.0,373250.0,373412.0,162.0,2870.0,3032.0,8,11,65,浅位,是
4,4,outbound,2726,B6T0000001708,E1,373020.0,373736.0,373898.0,162.0,716.0,878.0,8,2,4,浅位,是
4,4,inbound,IN0358,B6T0000001103,E3,370380.0,373574.0,373736.0,162.0,3194.0,3356.0,8,11,65,深位,是
4,4,outbound,2727,B6T0000001708,E1,373020.0,374060.0,374222.0,162.0,1040.0,1202.0,8,6,12,深位,是
4,4,inbound,IN0358,B6T0000001103,E3,370380.0,373898.0,374060.0,162.0,3518.0,3680.0,8,12,63,浅位,是
4,4,outbound,2724,B6T0000001708,E1,373020.0,374384.0,374546.0,162.0,1364.0,1526.0,8,12,10,浅位,是
4,4,inbound,IN0358,B6T0000001103,E3,370380.0,374222.0,374384.0,162.0,3842.0,4004.0,8,12,63,深位,是
4,4,outbound,3355,B6T0000000236,E4,374160.0,374602.0,374919.0,317.00000000000017,442.0,759.0,8,43,13,浅位,是
4,4,inbound,IN0358,B6T0000001103,E3,370380.0,374546.0,374602.0,56.0,4166.0,4222.0,8,12,10,浅位,是
4,4,outbound,3354,B6T0000000236,E4,374160.0,375081.0,375494.0,413.0000000000001,921.0,1334.0,8,44,33,浅位,是
4,4,inbound,IN0358,B6T0000001103,E3,370380.0,374919.0,375081.0,162.0,4539.0,4701.0,8,13,61,浅位,是
4,4,inbound,IN0358,B6T0000001103,E3,370380.0,375494.0,375656.0,162.0,5114.0,5276.0,8,13,61,深位,否
4,4,inbound,IN0478,B6T0000001440,E1,375660.0,375812.0,375829.0,17.0,152.0,169.0,7,2,4,深位,否
4,4,inbound,IN0478,B6T0000001440,E1,375660.0,375840.0,375857.0,17.0,180.0,197.0,8,2,4,浅位,否
4,4,inbound,IN0478,B6T0000001440,E1,375660.0,375868.0,375909.0,41.0,208.0,249.0,8,6,12,深位,否
4,4,inbound,IN0478,B6T0000001440,E1,375660.0,375944.0,376067.0,123.0,284.0,407.0,8,5,54,深位,否
4,4,inbound,IN0478,B6T0000001440,E1,375660.0,376184.0,376309.0,125.0,524.0,649.0,7,1,59,浅位,否
4,4,inbound,IN0478,B6T0000001440,E1,375660.0,376428.0,376553.0,125.0,768.0,893.0,7,1,59,深位,否
4,4,inbound,IN0478,B6T0000001440,E1,375660.0,376672.0,376797.0,125.0,1012.0,1137.0,8,1,59,浅位,否
4,4,inbound,IN0478,B6T0000001440,E1,375660.0,376916.0,377041.0,125.0,1256.0,1381.0,8,1,59,深位,否
4,4,inbound,IN0478,B6T0000001440,E1,375660.0,377160.0,377285.0,125.00000000000001,1500.0,1625.0,7,7,53,深位,否
4,4,inbound,IN0478,B6T0000001440,E1,375660.0,377404.0,377529.0,125.00000000000001,1744.0,1869.0,8,7,53,浅位,否
4,4,inbound,IN0478,B6T0000001440,E1,375660.0,377648.0,377773.0,125.00000000000001,1988.0,2113.0,8,7,53,深位,否
4,4,inbound,IN0478,B6T0000001440,E1,375660.0,377892.0,378019.0,127.0,2232.0,2359.0,7,1,60,浅位,否
4,4,inbound,IN0478,B6T0000001440,E1,375660.0,378140.0,378267.0,127.0,2480.0,2607.0,7,1,60,深位,否
4,4,inbound,IN0478,B6T0000001440,E1,375660.0,378388.0,378515.0,127.0,2728.0,2855.0,7,2,59,浅位,否
4,4,inbound,IN0478,B6T0000001440,E1,375660.0,378636.0,378763.0,127.0,2976.0,3103.0,7,2,59,深位,否
4,4,inbound,IN0478,B6T0000001440,E1,375660.0,378884.0,379011.0,127.0,3224.0,3351.0,8,1,60,浅位,否
4,4,inbound,IN0478,B6T0000001440,E1,375660.0,379132.0,379259.0,127.0,3472.0,3599.0,8,1,60,深位,否
4,4,inbound,IN0478,B6T0000001440,E1,375660.0,379380.0,379507.0,127.0,3720.0,3847.0,8,2,59,浅位,否
4,4,outbound,910,B6T0000000411,E3,378240.0,379755.0,379960.0,205.0,1515.0,1720.0,7,15,6,浅位,是
4,4,inbound,IN0478,B6T0000001440,E1,375660.0,379628.0,379755.0,127.0,3968.0,4095.0,8,2,59,深位,是
4,4,outbound,911,B6T0000000411,E3,378240.0,380020.0,380080.0,59.99999999999999,1780.0,1840.0,7,15,6,深位,是
4,4,inbound,IN0478,B6T0000001440,E1,375660.0,379960.0,380020.0,59.99999999999999,4300.0,4360.0,7,15,6,浅位,是
4,4,outbound,915,B6T0000000411,E3,378240.0,380140.0,380200.0,59.99999999999999,1900.0,1960.0,8,15,6,浅位,是
4,4,inbound,IN0478,B6T0000001440,E1,375660.0,380080.0,380140.0,59.99999999999999,4420.0,4480.0,7,15,6,深位,是
4,4,outbound,912,B6T0000000411,E3,378240.0,380260.0,380320.0,59.99999999999999,2020.0,2080.0,8,15,6,深位,是
4,4,inbound,IN0478,B6T0000001440,E1,375660.0,380200.0,380260.0,59.99999999999999,4540.0,4600.0,8,15,6,浅位,是
4,4,inbound,IN0478,B6T0000001440,E1,375660.0,380320.0,380380.0,59.99999999999999,4660.0,4720.0,8,15,6,深位,否
4,4,inbound,IN0478,B6T0000001440,E1,375660.0,380434.0,380561.0,127.00000000000001,4774.0,4901.0,7,3,58,浅位,否
4,4,inbound,IN0358,B6T0000001103,E3,370380.0,380682.0,380844.0,162.0,10302.0,10464.0,8,14,59,浅位,否
4,4,inbound,IN0358,B6T0000001103,E3,370380.0,381000.0,381162.0,162.0,10620.0,10782.0,8,14,59,深位,否
4,4,inbound,IN0358,B6T0000001103,E3,370380.0,381318.0,381480.0,162.0,10938.0,11100.0,8,15,57,浅位,否
4,4,inbound,IN0358,B6T0000001103,E3,370380.0,381636.0,381798.0,162.0,11256.0,11418.0,8,15,57,深位,否
4,4,inbound,IN0358,B6T0000001103,E3,370380.0,381954.0,382118.0,164.0,11574.0,11738.0,7,10,68,浅位,否
4,4,inbound,IN0358,B6T0000001103,E3,370380.0,382276.0,382440.0,164.0,11896.0,12060.0,7,10,68,深位,否
4,4,inbound,IN0358,B6T0000001103,E3,370380.0,382598.0,382762.0,164.0,12218.0,12382.0,7,11,66,浅位,否
4,4,inbound,IN0358,B6T0000001103,E3,370380.0,382920.0,383084.0,164.0,12540.0,12704.0,7,11,66,深位,否
4,4,inbound,IN0134,B6T0000000395,E3,366180.0,383242.0,383406.0,164.0,17062.0,17226.0,7,12,64,浅位,否
4,4,inbound,IN0134,B6T0000000395,E3,366180.0,383564.0,383728.0,164.0,17384.0,17548.0,7,12,64,深位,否
4,4,inbound,IN0134,B6T0000000395,E3,366180.0,383886.0,384050.0,164.0,17706.0,17870.0,7,13,62,浅位,否
4,4,inbound,IN0134,B6T0000000395,E3,366180.0,384208.0,384372.0,164.0,18028.0,18192.0,7,13,62,深位,否
4,4,inbound,IN0134,B6T0000000395,E3,366180.0,384530.0,384694.0,164.0,18350.0,18514.0,7,14,60,浅位,否
4,4,inbound,IN0134,B6T0000000395,E3,366180.0,384852.0,385016.0,164.0,18672.0,18836.0,7,14,60,深位,否
4,4,inbound,IN0134,B6T0000000395,E3,366180.0,385174.0,385338.0,164.0,18994.0,19158.0,7,15,58,浅位,否
4,4,inbound,IN0134,B6T0000000395,E3,366180.0,385496.0,385660.0,164.0,19316.0,19480.0,7,15,58,深位,否
4,4,inbound,IN0134,B6T0000000395,E3,366180.0,385818.0,385982.0,164.0,19638.0,19802.0,7,16,56,浅位,否
4,4,inbound,IN0433,B6T0000001313,E3,367320.0,386140.0,386304.0,164.0,18820.0,18984.0,7,16,56,深位,否
4,4,inbound,IN0433,B6T0000001313,E3,367320.0,386462.0,386626.0,164.0,19142.0,19306.0,8,10,68,浅位,否
4,4,inbound,IN0433,B6T0000001313,E3,367320.0,386784.0,386948.0,164.0,19464.0,19628.0,8,10,68,深位,否
4,4,inbound,IN0433,B6T0000001313,E3,367320.0,387106.0,387270.0,164.0,19786.0,19950.0,8,11,66,浅位,否
4,4,inbound,IN0433,B6T0000001313,E3,367320.0,387428.0,387592.0,164.0,20108.0,20272.0,8,11,66,深位,否
4,4,inbound,IN0433,B6T0000001313,E3,367320.0,387750.0,387914.0,164.0,20430.0,20594.0,8,12,64,浅位,否
4,4,outbound,3705,B6T0000000764,E3,388020.0,388236.0,388400.0,164.0,216.0,380.0,7,12,11,浅位,是
4,4,inbound,IN0433,B6T0000001313,E3,367320.0,388072.0,388236.0,164.0,20752.0,20916.0,8,12,64,深位,是
4,4,outbound,3704,B6T0000000764,E3,388020.0,388458.0,388720.0,262.0,438.0,700.0,8,12,62,深位,是
4,4,inbound,IN0433,B6T0000001313,E3,367320.0,388400.0,388458.0,58.0,21080.0,21138.0,7,12,11,浅位,是
4,4,inbound,IN0433,B6T0000001313,E3,367320.0,388720.0,388880.0,160.0,21400.0,21560.0,8,12,62,深位,否
4,4,inbound,IN0433,B6T0000001313,E3,367320.0,389034.0,389198.0,164.0,21714.0,21878.0,8,13,62,浅位,否
4,4,inbound,IN0433,B6T0000001313,E3,367320.0,389356.0,389520.0,164.0,22036.0,22200.0,8,13,62,深位,否
4,4,inbound,IN0433,B6T0000001313,E3,367320.0,389678.0,389842.0,164.0,22358.0,22522.0,8,14,60,浅位,否
4,4,inbound,IN0196,B6T0000000570,E3,367440.0,390000.0,390164.0,164.0,22560.0,22724.0,8,14,60,深位,否
4,4,inbound,IN0196,B6T0000000570,E3,367440.0,390322.0,390486.0,164.0,22882.0,23046.0,8,15,58,浅位,否
4,4,inbound,IN0196,B6T0000000570,E3,367440.0,390644.0,390808.0,164.0,23204.0,23368.0,8,15,58,深位,否
4,4,inbound,IN0010,B6T0000000019,E4,368340.0,390966.0,391133.5,167.50000000000009,22626.0,22793.5,7,44,1,浅位,否
4,4,inbound,IN0010,B6T0000000019,E4,368340.0,391295.0,391462.5,167.50000000000009,22955.0,23122.5,7,44,1,深位,否
4,4,inbound,IN0010,B6T0000000019,E4,368340.0,391624.0,391791.5,167.50000000000009,23284.0,23451.5,8,44,1,浅位,否
4,4,inbound,IN0036,B6T0000000110,E4,372240.0,391953.0,392120.5,167.50000000000009,19713.0,19880.5,8,44,1,深位,否
4,4,inbound,IN0036,B6T0000000110,E4,372240.0,392282.0,392468.5,186.50000000000009,20042.0,20228.5,8,43,13,浅位,否
4,4,inbound,IN0004,B6T0000000004,E4,373200.0,392649.0,392880.5,231.50000000000009,19449.0,19680.5,8,44,33,浅位,否
4,4,inbound,IN0004,B6T0000000004,E4,373200.0,393106.0,393371.5,265.5000000000001,19906.0,20171.5,8,46,45,深位,否
4,4,inbound,IN0067,B6T0000000189,E4,373260.0,393631.0,393897.5,266.50000000000006,20371.0,20637.5,7,47,43,浅位,否
4,4,inbound,IN0067,B6T0000000189,E4,373260.0,394158.0,394424.5,266.50000000000006,20898.0,21164.5,7,47,43,深位,否
4,4,inbound,IN0030,B6T0000000093,E4,373740.0,394685.0,394951.5,266.50000000000006,20945.0,21211.5,8,47,43,浅位,否
4,4,inbound,IN0030,B6T0000000093,E4,373740.0,395212.0,395478.5,266.50000000000006,21472.0,21738.5,8,47,43,深位,否
4,4,inbound,IN0030,B6T0000000093,E4,373740.0,395739.0,396005.5,266.5000000000001,21999.0,22265.5,7,43,53,浅位,否
4,4,inbound,IN0030,B6T0000000093,E4,373740.0,396266.0,396532.5,266.5000000000001,22526.0,22792.5,7,43,53,深位,否
4,4,inbound,IN0401,B6T0000001218,E3,398640.0,398640.0,398804.0,164.0,0.0,164.0,8,16,56,浅位,否
4,4,inbound,IN0401,B6T0000001218,E3,398640.0,398962.0,399126.0,164.0,322.0,486.0,8,16,56,深位,否
4,4,inbound,IN0401,B6T0000001218,E3,398640.0,399284.0,399450.0,166.0,644.0,810.0,7,11,67,浅位,否
4,4,inbound,IN0401,B6T0000001218,E3,398640.0,399610.0,399776.0,166.0,970.0,1136.0,7,11,67,深位,否
4,4,inbound,IN0401,B6T0000001218,E3,398640.0,399936.0,400102.0,166.0,1296.0,1462.0,7,12,65,浅位,否
4,4,outbound,2181,B6T0000000571,E3,400680.0,400680.0,400922.0,242.00000000000006,0.0,242.0,8,33,2,浅位,否
4,4,outbound,2177,B6T0000000571,E3,400680.0,400922.0,401164.0,242.00000000000006,242.0,484.0,8,33,2,深位,否
4,4,outbound,2394,B6T0000001989,E1,400560.0,401866.0,401946.0,80.0,1306.0,1386.0,7,2,17,浅位,否
4,4,outbound,2393,B6T0000001989,E1,400560.0,401946.0,402026.0,80.0,1386.0,1466.0,7,2,17,深位,否
4,4,outbound,2391,B6T0000001989,E1,400560.0,402026.0,402106.0,80.0,1466.0,1546.0,8,2,17,浅位,否
4,4,outbound,3681,B6T0000000285,E4,402600.0,402600.0,402947.0,347.00000000000017,0.0,347.0,7,45,3,浅位,否
4,4,outbound,3680,B6T0000000285,E4,402600.0,402947.0,403294.0,347.00000000000017,347.0,694.0,7,45,3,深位,否
4,4,inbound,IN0405,B6T0000001232,E3,428760.0,428760.0,428884.0,124.00000000000003,0.0,124.0,8,33,2,浅位,否
4,4,inbound,IN0590,B6T0000001751,E1,429000.0,429002.0,429045.0,43.0,2.0,45.0,7,2,17,浅位,否
4,4,inbound,IN0590,B6T0000001751,E1,429000.0,429082.0,429125.0,43.0,82.0,125.0,7,2,17,深位,否
4,4,inbound,IN0646,B6T0000001955,E1,429120.0,429162.0,429205.0,43.0,42.0,85.0,8,2,17,浅位,否
4,4,inbound,IN0646,B6T0000001955,E1,429120.0,429242.0,429366.0,124.00000000000003,122.0,246.0,8,33,2,深位,否
4,4,inbound,IN0646,B6T0000001955,E1,429120.0,429484.0,429611.0,127.00000000000001,364.0,491.0,7,3,58,深位,否
4,4,inbound,IN0646,B6T0000001955,E1,429120.0,429732.0,429859.0,127.00000000000001,612.0,739.0,8,3,58,浅位,否
4,4,inbound,IN0646,B6T0000001955,E1,429120.0,429980.0,430107.0,127.00000000000001,860.0,987.0,8,3,58,深位,否
4,4,inbound,IN0646,B6T0000001955,E1,429120.0,430228.0,430357.0,129.0,1108.0,1237.0,7,1,61,浅位,否
4,4,inbound,IN0646,B6T0000001955,E1,429120.0,430480.0,430609.0,129.0,1360.0,1489.0,7,1,61,深位,否
4,4,inbound,IN0646,B6T0000001955,E1,429120.0,430732.0,430861.0,129.0,1612.0,1741.0,7,2,60,浅位,否
4,4,inbound,IN0646,B6T0000001955,E1,429120.0,430984.0,431113.0,129.0,1864.0,1993.0,7,2,60,深位,否
4,4,inbound,IN0646,B6T0000001955,E1,429120.0,431236.0,431365.0,129.0,2116.0,2245.0,7,3,59,浅位,否
4,4,inbound,IN0646,B6T0000001955,E1,429120.0,431488.0,431617.0,129.0,2368.0,2497.0,7,3,59,深位,否
4,4,outbound,3292,B6T0000001346,E1,431640.0,431869.0,431998.0,129.0,229.0,358.0,8,5,2,深位,是
4,4,inbound,IN0646,B6T0000001955,E1,429120.0,431740.0,431869.0,129.0,2620.0,2749.0,7,5,57,浅位,是
4,4,outbound,3293,B6T0000001346,E1,431640.0,432017.0,432048.0,31.0,377.0,408.0,7,8,1,浅位,是
4,4,inbound,IN0646,B6T0000001955,E1,429120.0,431998.0,432017.0,19.0,2878.0,2897.0,8,5,2,深位,是
4,4,inbound,IN0646,B6T0000001955,E1,429120.0,432048.0,432071.0,23.0,2928.0,2951.0,7,8,1,浅位,否
4,4,inbound,IN0646,B6T0000001955,E1,429120.0,432088.0,432217.0,129.0,2968.0,3097.0,7,5,57,深位,否
4,4,inbound,IN0646,B6T0000001955,E1,429120.0,432340.0,432469.0,129.0,3220.0,3349.0,7,6,56,浅位,否
4,4,inbound,IN0646,B6T0000001955,E1,429120.0,432592.0,432721.0,129.0,3472.0,3601.0,7,6,56,深位,否
4,4,outbound,2592,B6T0000001442,E1,432600.0,433010.0,433176.0,166.0,410.0,576.0,8,1,21,浅位,是
4,4,inbound,IN0405,B6T0000001232,E3,428760.0,432844.0,433010.0,166.0,4084.0,4250.0,7,12,65,深位,是
4,4,outbound,2591,B6T0000001442,E1,432600.0,433342.0,433508.0,166.0,742.0,908.0,8,1,21,深位,是
4,4,inbound,IN0405,B6T0000001232,E3,428760.0,433176.0,433342.0,166.0,4416.0,4582.0,7,13,63,浅位,是
4,4,inbound,IN0122,B6T0000000347,E3,428760.0,433508.0,433674.0,166.0,4748.0,4914.0,7,13,63,深位,否
4,4,inbound,IN0122,B6T0000000347,E3,428760.0,433834.0,434000.0,166.0,5074.0,5240.0,7,14,61,浅位,否
4,4,outbound,3341,B6T0000000110,E4,434100.0,434326.0,434735.0,409.00000000000017,226.0,635.0,8,44,1,深位,是
4,4,inbound,IN0193,B6T0000000563,E3,428940.0,434160.0,434326.0,166.0,5220.0,5386.0,7,14,61,深位,是
4,4,outbound,25,B6T0000001209,E3,434280.0,434901.0,435067.0,166.0,621.0,787.0,7,10,1,浅位,是
4,4,inbound,IN0193,B6T0000000563,E3,428940.0,434735.0,434901.0,166.0,5795.0,5961.0,7,15,59,浅位,是
4,4,outbound,26,B6T0000001209,E3,434280.0,435097.0,435127.0,30.0,817.0,847.0,7,10,1,深位,是
4,4,inbound,IN0193,B6T0000000563,E3,428940.0,435067.0,435097.0,30.0,6127.0,6157.0,7,10,1,浅位,是
4,4,outbound,17,B6T0000001209,E3,434280.0,435157.0,435187.0,30.0,877.0,907.0,8,10,1,浅位,是
4,4,inbound,IN0242,B6T0000000707,E3,429120.0,435127.0,435157.0,30.0,6007.0,6037.0,7,10,1,深位,是
4,4,outbound,13,B6T0000001209,E3,434280.0,435217.0,435247.0,30.0,937.0,967.0,8,10,1,深位,是
4,4,inbound,IN0242,B6T0000000707,E3,429120.0,435187.0,435217.0,30.0,6067.0,6097.0,8,10,1,浅位,是
4,4,outbound,3426,B6T0000000542,E3,434880.0,435277.0,435347.0,70.0,397.0,467.0,7,12,7,浅位,是
4,4,inbound,IN0242,B6T0000000707,E3,429120.0,435247.0,435277.0,30.0,6127.0,6157.0,8,10,1,深位,是
4,4,outbound,3427,B6T0000000542,E3,434880.0,435397.0,435447.0,50.0,517.0,567.0,7,12,7,深位,是
4,4,inbound,IN0242,B6T0000000707,E3,429120.0,435347.0,435397.0,50.0,6227.0,6277.0,7,12,7,浅位,是
4,4,outbound,1655,B6T0000000614,E3,433020.0,435497.0,435635.0,138.00000000000003,2477.0,2615.0,7,23,6,浅位,是
4,4,inbound,IN0242,B6T0000000707,E3,429120.0,435447.0,435497.0,50.0,6327.0,6377.0,7,12,7,深位,是
4,4,outbound,1660,B6T0000000614,E3,433020.0,435727.0,435819.0,92.00000000000001,2707.0,2799.0,7,23,6,深位,是
4,4,inbound,IN0242,B6T0000000707,E3,429120.0,435635.0,435727.0,92.00000000000001,6515.0,6607.0,7,23,6,浅位,是
4,4,outbound,621,B6T0000000469,E3,433980.0,435911.0,436023.0,112.00000000000003,1931.0,2043.0,7,9,11,浅位,是
4,4,inbound,IN0242,B6T0000000707,E3,429120.0,435819.0,435911.0,92.00000000000001,6699.0,6791.0,7,23,6,深位,是
4,4,outbound,626,B6T0000000469,E3,433980.0,436069.0,436115.0,46.0,2089.0,2135.0,7,9,11,深位,是
4,4,inbound,IN0242,B6T0000000707,E3,429120.0,436023.0,436069.0,46.0,6903.0,6949.0,7,9,11,浅位,是
4,4,outbound,625,B6T0000000469,E3,433980.0,436161.0,436207.0,46.0,2181.0,2227.0,8,9,11,浅位,是
4,4,inbound,IN0242,B6T0000000707,E3,429120.0,436115.0,436161.0,46.0,6995.0,7041.0,7,9,11,深位,是
4,4,outbound,631,B6T0000000469,E3,433980.0,436253.0,436299.0,46.0,2273.0,2319.0,8,9,11,深位,是
4,4,inbound,IN0242,B6T0000000707,E3,429120.0,436207.0,436253.0,46.0,7087.0,7133.0,8,9,11,浅位,是
4,4,outbound,1656,B6T0000000614,E3,433020.0,436345.0,436503.0,158.00000000000006,3325.0,3483.0,8,23,6,浅位,是
4,4,inbound,IN0242,B6T0000000707,E3,429120.0,436299.0,436345.0,46.0,7179.0,7225.0,8,9,11,深位,是
4,4,outbound,1657,B6T0000000614,E3,433020.0,436595.0,436687.0,92.00000000000001,3575.0,3667.0,8,23,6,深位,是
4,4,inbound,IN0143,B6T0000000431,E3,429180.0,436503.0,436595.0,92.00000000000001,7323.0,7415.0,8,23,6,浅位,是
4,4,outbound,3340,B6T0000000110,E4,434100.0,436779.0,437060.0,281.0000000000001,2679.0,2960.0,8,43,13,浅位,是
4,4,inbound,IN0143,B6T0000000431,E3,429180.0,436687.0,436779.0,92.00000000000001,7507.0,7599.0,8,23,6,深位,是
4,4,inbound,IN0143,B6T0000000431,E3,429180.0,437060.0,437226.0,166.0,7880.0,8046.0,7,15,59,深位,否
4,4,inbound,IN0143,B6T0000000431,E3,429180.0,437386.0,437552.0,166.0,8206.0,8372.0,7,16,57,浅位,否
4,4,inbound,IN0143,B6T0000000431,E3,429180.0,437712.0,437878.0,166.0,8532.0,8698.0,7,16,57,深位,否
4,4,outbound,2195,B6T0000001648,E1,437400.0,438204.0,438370.0,166.0,804.0,970.0,7,2,14,浅位,是
4,4,inbound,IN0143,B6T0000000431,E3,429180.0,438038.0,438204.0,166.0,8858.0,9024.0,7,17,55,浅位,是
4,4,outbound,2196,B6T0000001648,E1,437400.0,438536.0,438702.0,166.0,1136.0,1302.0,7,2,14,深位,是
4,4,inbound,IN0143,B6T0000000431,E3,429180.0,438370.0,438536.0,166.0,9190.0,9356.0,7,17,55,深位,是
4,4,outbound,2194,B6T0000001648,E1,437400.0,438868.0,439034.0,166.0,1468.0,1634.0,8,2,14,浅位,是
4,4,inbound,IN0143,B6T0000000431,E3,429180.0,438702.0,438868.0,166.0,9522.0,9688.0,8,11,67,浅位,是
4,4,inbound,IN0380,B6T0000001157,E3,429180.0,439034.0,439200.0,166.0,9854.0,10020.0,8,11,67,深位,否
4,4,inbound,IN0380,B6T0000001157,E3,429180.0,439360.0,439526.0,166.0,10180.0,10346.0,8,12,65,浅位,否
4,4,inbound,IN0380,B6T0000001157,E3,429180.0,439686.0,439852.0,166.0,10506.0,10672.0,8,12,65,深位,否
4,4,outbound,2943,B6T0000000747,E3,438900.0,440178.0,440408.0,230.00000000000003,1278.0,1508.0,7,21,26,浅位,是
4,4,inbound,IN0380,B6T0000001157,E3,429180.0,440012.0,440178.0,166.0,10832.0,10998.0,8,13,63,浅位,是
4,4,inbound,IN0380,B6T0000001157,E3,429180.0,440408.0,440532.0,124.00000000000001,11228.0,11352.0,7,21,26,浅位,否
4,4,inbound,IN0380,B6T0000001157,E3,429180.0,440650.0,440816.0,166.0,11470.0,11636.0,8,13,63,深位,否
4,4,inbound,IN0380,B6T0000001157,E3,429180.0,440976.0,441142.0,166.0,11796.0,11962.0,8,14,61,浅位,否
4,4,inbound,IN0380,B6T0000001157,E3,429180.0,441302.0,441468.0,166.0,12122.0,12288.0,8,14,61,深位,否
4,4,inbound,IN0380,B6T0000001157,E3,429180.0,441628.0,441794.0,166.0,12448.0,12614.0,8,15,59,浅位,否
4,4,outbound,865,B6T0000000001,E4,432180.0,442120.0,442551.0,431.0000000000002,9940.0,10371.0,7,47,1,浅位,是
4,4,inbound,IN0380,B6T0000001157,E3,429180.0,441954.0,442120.0,166.0,12774.0,12940.0,8,15,59,深位,是
4,4,outbound,862,B6T0000000001,E4,432180.0,442717.0,443140.0,423.00000000000017,10537.0,10960.0,7,47,1,深位,是
4,4,inbound,IN0380,B6T0000001157,E3,429180.0,442551.0,442717.0,166.0,13371.0,13537.0,8,16,57,浅位,是
4,4,outbound,863,B6T0000000001,E4,432180.0,443306.0,443729.0,423.00000000000017,11126.0,11549.0,8,47,1,浅位,是
4,4,inbound,IN0380,B6T0000001157,E3,429180.0,443140.0,443306.0,166.0,13960.0,14126.0,8,16,57,深位,是
4,4,outbound,864,B6T0000000001,E4,432180.0,443895.0,444310.0,415.0000000000002,11715.0,12130.0,8,47,1,深位,是
4,4,inbound,IN0380,B6T0000001157,E3,429180.0,443729.0,443895.0,166.0,14549.0,14715.0,8,17,55,浅位,是
4,4,inbound,IN0525,B6T0000001563,E1,444120.0,444310.0,444347.0,37.0,190.0,227.0,7,2,14,浅位,否
4,4,inbound,IN0525,B6T0000001563,E1,444120.0,444378.0,444415.0,37.0,258.0,295.0,7,2,14,深位,否
4,4,inbound,IN0525,B6T0000001563,E1,444120.0,444446.0,444483.0,37.0,326.0,363.0,8,2,14,浅位,否
4,4,inbound,IN0380,B6T0000001157,E3,429180.0,444514.0,444680.0,166.0,15334.0,15500.0,8,17,55,深位,否
4,4,outbound,3164,B6T0000000511,E3,444660.0,445006.0,445212.0,206.00000000000003,346.0,552.0,8,27,25,浅位,是
4,4,inbound,IN0380,B6T0000001157,E3,429180.0,444840.0,445006.0,166.00000000000006,15660.0,15826.0,8,37,15,深位,是
4,4,outbound,3163,B6T0000000511,E3,444660.0,445358.0,445504.0,146.0,698.0,844.0,8,27,25,深位,是
4,4,inbound,IN0380,B6T0000001157,E3,429180.0,445212.0,445358.0,146.0,16032.0,16178.0,8,27,25,浅位,是
4,4,inbound,IN0380,B6T0000001157,E3,429180.0,445504.0,445650.0,146.0,16324.0,16470.0,8,27,25,深位,否
4,4,inbound,IN0380,B6T0000001157,E3,429180.0,445790.0,445956.0,166.00000000000006,16610.0,16776.0,8,39,11,深位,否
4,4,outbound,88,B6T0000000261,E4,435240.0,446126.0,446449.0,323.00000000000017,10886.0,11209.0,7,43,2,浅位,否
4,4,outbound,94,B6T0000000261,E4,435240.0,446449.0,446772.0,323.00000000000017,11209.0,11532.0,7,43,2,深位,否
4,4,outbound,1111,B6T0000001301,E3,443880.0,446940.0,447042.0,102.0,3060.0,3162.0,7,9,15,浅位,否
4,4,outbound,1110,B6T0000001301,E3,443880.0,447042.0,447144.0,102.0,3162.0,3264.0,7,9,15,深位,否
4,4,outbound,1118,B6T0000001301,E3,443880.0,447144.0,447246.0,102.0,3264.0,3366.0,8,9,15,浅位,否
4,4,outbound,1100,B6T0000001301,E3,443880.0,447246.0,447348.0,102.0,3366.0,3468.0,8,9,15,深位,否
4,4,outbound,1121,B6T0000001955,E1,447420.0,447420.0,447452.0,32.0,0.0,32.0,8,5,2,深位,否
4,4,outbound,1126,B6T0000001955,E1,447420.0,447700.0,447740.0,40.0,280.0,320.0,7,4,5,浅位,否
4,4,outbound,1120,B6T0000001955,E1,447420.0,447740.0,447780.0,40.0,320.0,360.0,7,4,5,深位,否
4,4,outbound,1122,B6T0000001955,E1,447420.0,447780.0,447820.0,40.0,360.0,400.0,8,4,5,浅位,否
4,4,outbound,1119,B6T0000001955,E1,447420.0,447820.0,447860.0,40.0,400.0,440.0,8,4,5,深位,否
4,4,inbound,IN0544,B6T0000001622,E1,453180.0,453180.0,453199.0,19.0,0.0,19.0,8,5,2,深位,否
4,4,inbound,IN0544,B6T0000001622,E1,453180.0,453212.0,453235.0,23.0,32.0,55.0,7,4,5,浅位,否
4,4,inbound,IN0544,B6T0000001622,E1,453180.0,453252.0,453275.0,23.0,72.0,95.0,7,4,5,深位,否
4,4,inbound,IN0544,B6T0000001622,E1,453180.0,453292.0,453315.0,23.0,112.0,135.0,8,4,5,浅位,否
4,4,outbound,1329,B6T0000001360,E1,454620.0,454960.0,455000.0,40.0,340.0,380.0,7,2,7,浅位,否
4,4,outbound,1330,B6T0000001360,E1,454620.0,455000.0,455040.0,40.0,380.0,420.0,7,2,7,深位,否
4,4,outbound,1331,B6T0000001360,E1,454620.0,455040.0,455080.0,40.0,420.0,460.0,8,2,7,浅位,否
4,4,outbound,1332,B6T0000001360,E1,454620.0,455080.0,455120.0,40.0,460.0,500.0,8,2,7,深位,否
4,4,outbound,2827,B6T0000001379,E1,455280.0,455604.0,455732.0,128.0,324.0,452.0,7,8,23,浅位,否
4,4,outbound,991,B6T0000001090,E3,455820.0,455820.0,455930.0,110.0,0.0,110.0,7,12,11,深位,否
4,4,outbound,990,B6T0000001090,E3,455820.0,455930.0,456040.0,110.0,110.0,220.0,8,12,11,浅位,否
4,4,outbound,1625,B6T0000001671,E1,456420.0,456420.0,456448.0,28.0,0.0,28.0,7,2,4,浅位,否
4,4,inbound,IN0593,B6T0000001764,E1,459960.0,459960.0,459977.0,17.0,0.0,17.0,7,2,4,浅位,否
4,4,inbound,IN0593,B6T0000001764,E1,459960.0,459988.0,460011.0,23.0,28.0,51.0,8,4,5,深位,否
4,4,outbound,3398,B6T0000001778,E1,460980.0,460980.0,461016.0,36.0,0.0,36.0,7,4,4,浅位,否
4,4,outbound,3399,B6T0000001778,E1,460980.0,461016.0,461052.0,36.0,36.0,72.0,7,4,4,深位,否
4,4,outbound,1201,B6T0000001639,E1,463080.0,465198.0,465238.0,40.0,2118.0,2158.0,7,3,6,浅位,否
4,4,outbound,1205,B6T0000001639,E1,463080.0,465238.0,465278.0,40.0,2158.0,2198.0,7,3,6,深位,否
4,4,outbound,1204,B6T0000001639,E1,463080.0,465278.0,465318.0,40.0,2198.0,2238.0,8,3,6,浅位,否
4,4,outbound,1202,B6T0000001639,E1,463080.0,465318.0,465358.0,40.0,2238.0,2278.0,8,3,6,深位,否
4,4,outbound,3445,B6T0000001751,E1,465900.0,465900.0,465980.0,80.0,0.0,80.0,7,2,17,浅位,否
4,4,outbound,3444,B6T0000001751,E1,465900.0,465980.0,466060.0,80.0,80.0,160.0,7,2,17,深位,否
4,4,outbound,1815,B6T0000001665,E1,471120.0,471224.0,471276.0,52.0,104.0,156.0,7,2,10,浅位,否
4,4,outbound,1817,B6T0000001665,E1,471120.0,471276.0,471328.0,52.0,156.0,208.0,7,2,10,深位,否
4,4,outbound,1819,B6T0000001665,E1,471120.0,471328.0,471380.0,52.0,208.0,260.0,8,2,10,浅位,否
4,4,outbound,1820,B6T0000001665,E1,471120.0,471380.0,471432.0,52.0,260.0,312.0,8,2,10,深位,否
4,4,outbound,3694,B6T0000001794,E1,474300.0,474300.0,474356.0,56.0,0.0,56.0,7,6,7,深位,否
4,4,outbound,3695,B6T0000001794,E1,474300.0,474356.0,474412.0,56.0,56.0,112.0,8,6,7,浅位,否
4,4,outbound,1228,B6T0000001022,E3,477120.0,477624.0,477750.0,125.99999999999999,504.0,630.0,7,14,11,浅位,否
4,4,outbound,1230,B6T0000001022,E3,477120.0,477750.0,477876.0,125.99999999999999,630.0,756.0,7,14,11,深位,否
4,4,outbound,1231,B6T0000001022,E3,477120.0,477876.0,478002.0,125.99999999999999,756.0,882.0,8,14,11,浅位,否
4,4,outbound,1239,B6T0000001022,E3,477120.0,478002.0,478128.0,125.99999999999999,882.0,1008.0,8,14,11,深位,否
4,4,outbound,381,B6T0000000471,E3,486000.0,486110.0,486220.0,110.0,110.0,220.0,7,17,1,浅位,否
4,4,outbound,382,B6T0000000471,E3,486000.0,486220.0,486330.0,110.0,220.0,330.0,7,17,1,深位,否
4,4,outbound,383,B6T0000000471,E3,486000.0,486330.0,486440.0,110.0,330.0,440.0,8,17,1,浅位,否
4,4,outbound,388,B6T0000000471,E3,486000.0,486440.0,486550.0,110.0,440.0,550.0,8,17,1,深位,否
4,4,outbound,1697,B6T0000001342,E1,486000.0,486550.0,486602.0,52.0,550.0,602.0,7,4,8,浅位,否
4,4,outbound,1701,B6T0000001342,E1,486000.0,486602.0,486654.0,52.0,602.0,654.0,7,4,8,深位,否
4,4,outbound,3342,B6T0000000416,E3,518040.0,518040.0,518098.0,57.99999999999999,0.0,58.0,7,9,4,浅位,否
4,4,outbound,3343,B6T0000000416,E3,518040.0,518098.0,518156.0,57.99999999999999,58.0,116.0,7,9,4,深位,否
4,4,outbound,2087,B6T0000001407,E1,518100.0,518156.0,518224.0,68.0,56.0,124.0,8,6,10,浅位,否
4,4,outbound,2089,B6T0000001407,E1,518100.0,518224.0,518292.0,68.0,124.0,192.0,8,6,10,深位,否
4,4,outbound,693,B6T0000001180,E3,518220.0,518502.0,518596.0,94.0,282.0,376.0,7,11,9,浅位,否
4,4,outbound,694,B6T0000001180,E3,518220.0,518596.0,518690.0,94.0,376.0,470.0,7,11,9,深位,否
4,4,outbound,2147,B6T0000001327,E1,518640.0,518690.0,518730.0,40.0,50.0,90.0,7,8,1,深位,否
4,4,outbound,2144,B6T0000001327,E1,518640.0,518730.0,518770.0,40.0,90.0,130.0,8,8,1,浅位,否
4,4,outbound,2146,B6T0000001327,E1,518640.0,518770.0,518810.0,40.0,130.0,170.0,8,8,1,深位,否
4,4,outbound,2142,B6T0000001327,E1,518640.0,518810.0,518854.0,44.0,170.0,214.0,7,2,8,浅位,否
4,4,outbound,2145,B6T0000001327,E1,518640.0,518854.0,518898.0,44.0,214.0,258.0,7,2,8,深位,否
4,4,outbound,2143,B6T0000001327,E1,518640.0,518898.0,518950.0,52.0,258.0,310.0,7,7,5,浅位,否
4,4,outbound,2141,B6T0000001327,E1,518640.0,518950.0,519002.0,52.0,310.0,362.0,7,7,5,深位,否
4,4,outbound,695,B6T0000001180,E3,518220.0,519002.0,519096.0,94.0,782.0,876.0,8,11,9,浅位,否
4,4,outbound,698,B6T0000001180,E3,518220.0,519096.0,519190.0,94.0,876.0,970.0,8,11,9,深位,否
4,4,outbound,426,B6T0000000050,E4,519300.0,519300.0,519637.0,337.00000000000017,0.0,337.0,7,44,3,浅位,否
4,4,outbound,408,B6T0000000050,E4,519300.0,519637.0,519974.0,337.00000000000017,337.0,674.0,7,44,3,深位,否
4,4,outbound,1284,B6T0000001854,E1,519120.0,519974.0,520022.0,48.0,854.0,902.0,7,7,4,浅位,否
4,4,outbound,1291,B6T0000001854,E1,519120.0,520022.0,520070.0,48.0,902.0,950.0,7,7,4,深位,否
4,4,outbound,422,B6T0000000050,E4,519300.0,520070.0,520407.0,337.00000000000017,770.0,1107.0,8,44,3,浅位,否
4,4,outbound,3673,B6T0000000347,E3,520260.0,520407.0,520733.0,326.0,147.0,473.0,7,13,63,深位,否
4,4,outbound,2041,B6T0000000707,E3,520440.0,520733.0,520787.0,54.0,293.0,347.0,7,10,1,深位,否
4,4,outbound,1019,B6T0000001975,E1,520740.0,520787.0,520819.0,32.0,47.0,79.0,7,1,6,浅位,否
4,4,outbound,1020,B6T0000001975,E1,520740.0,520819.0,520851.0,32.0,79.0,111.0,7,1,6,深位,否
4,4,outbound,1021,B6T0000001975,E1,520740.0,520851.0,520883.0,32.0,111.0,143.0,8,1,6,浅位,否
4,4,outbound,1022,B6T0000001975,E1,520740.0,520883.0,520915.0,32.0,143.0,175.0,8,1,6,深位,否
4,4,outbound,2038,B6T0000000707,E3,520440.0,520915.0,520969.0,54.0,475.0,529.0,8,10,1,浅位,否
4,4,outbound,2037,B6T0000000707,E3,520440.0,520969.0,521023.0,54.0,529.0,583.0,8,10,1,深位,否
4,4,outbound,2042,B6T0000000707,E3,520440.0,521023.0,521109.0,86.0,583.0,669.0,7,9,11,浅位,否
4,4,outbound,2039,B6T0000000707,E3,520440.0,521109.0,521195.0,86.0,669.0,755.0,7,9,11,深位,否
4,4,outbound,2040,B6T0000000707,E3,520440.0,521195.0,521281.0,86.0,755.0,841.0,8,9,11,浅位,否
4,4,outbound,2036,B6T0000000707,E3,520440.0,521281.0,521367.0,86.0,841.0,927.0,8,9,11,深位,否
4,4,outbound,3672,B6T0000000347,E3,520260.0,521367.0,521693.0,326.0,1107.0,1433.0,7,14,61,浅位,否
4,4,outbound,410,B6T0000000050,E4,519300.0,521693.0,522030.0,337.00000000000017,2393.0,2730.0,8,44,3,深位,否
4,4,outbound,614,B6T0000000247,E4,521520.0,523943.0,524286.0,343.00000000000017,2423.0,2766.0,7,45,2,浅位,否
4,4,outbound,613,B6T0000000247,E4,521520.0,524286.0,524629.0,343.00000000000017,2766.0,3109.0,7,45,2,深位,否
4,4,outbound,600,B6T0000000247,E4,521520.0,524629.0,524972.0,343.00000000000017,3109.0,3452.0,8,45,2,浅位,否
4,4,outbound,612,B6T0000000247,E4,521520.0,524972.0,525315.0,343.00000000000017,3452.0,3795.0,8,45,2,深位,否
4,4,outbound,2269,B6T0000001742,E1,534000.0,534228.0,534300.0,72.0,228.0,300.0,7,3,14,浅位,否
4,4,outbound,2268,B6T0000001742,E1,534000.0,534300.0,534372.0,72.0,300.0,372.0,7,3,14,深位,否
4,4,outbound,2066,B6T0000000389,E3,536220.0,536568.0,536742.0,174.0,348.0,522.0,7,17,17,浅位,否
4,4,outbound,3647,B6T0000001604,E1,536700.0,536742.0,536826.0,84.0,42.0,126.0,7,7,13,浅位,否
4,4,outbound,3646,B6T0000001604,E1,536700.0,536826.0,536910.0,84.0,126.0,210.0,7,7,13,深位,否
4,4,outbound,2064,B6T0000000389,E3,536220.0,536910.0,537084.0,174.0,690.0,864.0,7,17,17,深位,否
4,4,outbound,2068,B6T0000000389,E3,536220.0,537084.0,537258.0,174.0,864.0,1038.0,8,17,17,浅位,否
4,4,outbound,2067,B6T0000000389,E3,536220.0,537258.0,537432.0,174.0,1038.0,1212.0,8,17,17,深位,否
4,4,outbound,2398,B6T0000001859,E1,538440.0,538564.0,538648.0,84.0,124.0,208.0,8,4,16,浅位,否
4,4,outbound,2399,B6T0000001859,E1,538440.0,538648.0,538732.0,84.0,208.0,292.0,8,4,16,深位,否
4,4,outbound,2534,B6T0000000504,E3,538680.0,538732.0,538998.0,266.0000000000001,52.0,318.0,7,34,6,浅位,否
4,4,outbound,2533,B6T0000000504,E3,538680.0,538998.0,539264.0,266.0000000000001,318.0,584.0,7,34,6,深位,否
4,4,outbound,2530,B6T0000000504,E3,538680.0,539264.0,539530.0,266.0000000000001,584.0,850.0,8,34,6,浅位,否
4,4,outbound,2531,B6T0000000504,E3,538680.0,539530.0,539796.0,266.0000000000001,850.0,1116.0,8,34,6,深位,否
4,4,outbound,2925,B6T0000001547,E1,552000.0,552000.0,552072.0,72.0,0.0,72.0,7,2,15,深位,否
4,4,outbound,2924,B6T0000001547,E1,552000.0,552072.0,552156.0,84.0,72.0,156.0,8,7,13,浅位,否
4,4,outbound,2923,B6T0000001547,E1,552000.0,552156.0,552240.0,84.0,156.0,240.0,8,7,13,深位,否
4,4,outbound,888,B6T0000000488,E3,555480.0,555904.0,556010.0,106.0,424.0,530.0,7,13,8,浅位,否
4,4,outbound,883,B6T0000000488,E3,555480.0,556010.0,556116.0,106.0,530.0,636.0,7,13,8,深位,否
4,4,outbound,1258,B6T0000000799,E3,555960.0,556116.0,556250.0,134.0,156.0,290.0,7,16,9,浅位,否
4,4,outbound,1245,B6T0000000799,E3,555960.0,556250.0,556384.0,134.0,290.0,424.0,7,16,9,深位,否
4,4,outbound,1246,B6T0000000799,E3,555960.0,556384.0,556518.0,134.0,424.0,558.0,8,16,9,浅位,否
4,4,outbound,1247,B6T0000000799,E3,555960.0,556518.0,556652.0,134.0,558.0,692.0,8,16,9,深位,否
4,4,outbound,3402,B6T0000001518,E1,556860.0,556860.0,556880.0,20.0,0.0,20.0,7,2,2,浅位,否
4,4,outbound,3403,B6T0000001518,E1,556860.0,556880.0,556900.0,20.0,20.0,40.0,7,2,2,深位,否
4,4,outbound,2931,B6T0000001312,E3,559500.0,559952.0,560178.0,226.0,452.0,678.0,7,17,30,浅位,否
4,4,outbound,2246,B6T0000000094,E4,560100.0,560178.0,560505.0,327.00000000000017,78.0,405.0,7,43,3,浅位,否
4,4,outbound,2247,B6T0000000094,E4,560100.0,560505.0,560832.0,327.00000000000017,405.0,732.0,7,43,3,深位,否
4,4,outbound,3457,B6T0000000234,E4,560220.0,560832.0,561213.0,381.00000000000017,612.0,993.0,8,46,9,深位,否
4,4,outbound,3456,B6T0000000234,E4,560220.0,561213.0,561606.0,393.00000000000017,993.0,1386.0,7,48,7,浅位,否
4,4,outbound,2301,B6T0000000431,E3,562500.0,562500.0,562678.0,178.00000000000003,0.0,178.0,8,23,6,浅位,否
4,4,outbound,2300,B6T0000000431,E3,562500.0,562678.0,562856.0,178.00000000000003,178.0,356.0,8,23,6,深位,否
4,4,outbound,1086,B6T0000000178,E4,558720.0,567151.0,567514.0,363.00000000000017,8431.0,8794.0,7,47,2,浅位,否
4,4,outbound,2420,B6T0000000777,E3,570600.0,570600.0,570706.0,105.99999999999999,0.0,106.0,7,15,4,浅位,否
4,4,outbound,2423,B6T0000000777,E3,570600.0,570706.0,570812.0,105.99999999999999,106.0,212.0,7,15,4,深位,否
4,4,outbound,2422,B6T0000000777,E3,570600.0,570812.0,570918.0,105.99999999999999,212.0,318.0,8,15,4,浅位,否
4,4,outbound,2424,B6T0000000777,E3,570600.0,570918.0,571024.0,105.99999999999999,318.0,424.0,8,15,4,深位,否
4,4,outbound,3463,B6T0000000493,E3,574680.0,574680.0,574906.0,226.00000000000003,0.0,226.0,7,20,24,浅位,否
4,4,outbound,3462,B6T0000000493,E3,574680.0,574906.0,575132.0,226.00000000000003,226.0,452.0,7,20,24,深位,否
5,5,inbound,IN0168,B6T0000000490,E3,1860.0,1860.0,1892.0,32.0,0.0,32.0,10,10,2,深位,否
5,5,inbound,IN0168,B6T0000000490,E3,1860.0,1918.0,1962.0,44.0,58.0,102.0,9,10,8,深位,否
5,5,inbound,IN0168,B6T0000000490,E3,1860.0,2000.0,2048.0,48.0,140.0,188.0,9,10,10,深位,否
5,5,inbound,IN0168,B6T0000000490,E3,1860.0,2090.0,2142.0,51.99999999999999,230.0,282.0,9,14,4,深位,否
5,5,outbound,1483,B6T0000000758,E3,4740.0,4740.0,4874.0,134.0,0.0,134.0,9,13,15,浅位,否
5,5,outbound,1493,B6T0000000758,E3,4740.0,4874.0,5008.0,134.0,134.0,268.0,9,13,15,深位,否
5,5,outbound,1492,B6T0000000758,E3,4740.0,5008.0,5142.0,134.0,268.0,402.0,10,13,15,浅位,否
5,5,outbound,1482,B6T0000000758,E3,4740.0,5142.0,5276.0,134.0,402.0,536.0,10,13,15,深位,否
5,5,outbound,3558,B6T0000000460,E3,4740.0,5276.0,5566.0,290.0,536.0,826.0,10,14,52,浅位,否
5,5,outbound,3559,B6T0000000460,E3,4740.0,5566.0,5856.0,290.0,826.0,1116.0,10,14,52,深位,否
5,5,inbound,IN0471,B6T0000001416,E1,12780.0,12780.0,12799.0,19.0,0.0,19.0,9,2,5,深位,否
5,5,inbound,IN0471,B6T0000001416,E1,12780.0,12812.0,12831.0,19.0,32.0,51.0,10,6,1,深位,否
5,5,inbound,IN0383,B6T0000001166,E3,13680.0,13680.0,13750.0,70.0,0.0,70.0,10,14,13,深位,否
5,5,inbound,IN0383,B6T0000001166,E3,13680.0,13814.0,13884.0,70.0,134.0,204.0,9,13,15,浅位,否
5,5,inbound,IN0383,B6T0000001166,E3,13680.0,13948.0,14018.0,70.0,268.0,338.0,9,13,15,深位,否
5,5,inbound,IN0383,B6T0000001166,E3,13680.0,14082.0,14152.0,70.0,402.0,472.0,10,13,15,浅位,否
5,5,inbound,IN0383,B6T0000001166,E3,13680.0,14216.0,14286.0,70.0,536.0,606.0,10,13,15,深位,否
5,5,inbound,IN0383,B6T0000001166,E3,13680.0,14350.0,14422.0,72.0,670.0,742.0,10,14,14,深位,否
5,5,inbound,IN0383,B6T0000001166,E3,13680.0,14488.0,14564.0,76.00000000000001,808.0,884.0,9,21,2,深位,否
5,5,inbound,IN0383,B6T0000001166,E3,13680.0,14634.0,14724.0,90.0,954.0,1044.0,9,9,33,深位,否
5,5,inbound,IN0383,B6T0000001166,E3,13680.0,14808.0,14900.0,92.0,1128.0,1220.0,10,15,22,深位,否
5,5,inbound,IN0383,B6T0000001166,E3,13680.0,14986.0,15092.0,106.0,1306.0,1412.0,9,18,23,深位,否
5,5,outbound,3289,B6T0000000907,E3,15120.0,15192.0,15446.0,254.0,72.0,326.0,9,15,41,浅位,否
5,5,outbound,3288,B6T0000000907,E3,15120.0,15446.0,15700.0,254.0,326.0,580.0,9,15,41,深位,否
5,5,outbound,581,B6T0000001238,E3,19080.0,19504.0,19610.0,105.99999999999999,424.0,530.0,9,15,4,浅位,否
5,5,outbound,591,B6T0000001238,E3,19080.0,19610.0,19716.0,105.99999999999999,530.0,636.0,9,15,4,深位,否
5,5,outbound,578,B6T0000001238,E3,19080.0,19716.0,19822.0,105.99999999999999,636.0,742.0,10,15,4,浅位,否
5,5,outbound,582,B6T0000001238,E3,19080.0,19822.0,19928.0,105.99999999999999,742.0,848.0,10,15,4,深位,否
5,5,inbound,IN0190,B6T0000000548,E3,21480.0,21480.0,21536.0,55.99999999999999,0.0,56.0,9,15,4,浅位,否
5,5,inbound,IN0190,B6T0000000548,E3,21480.0,21586.0,21642.0,55.99999999999999,106.0,162.0,9,15,4,深位,否
5,5,inbound,IN0190,B6T0000000548,E3,21480.0,21692.0,21748.0,55.99999999999999,212.0,268.0,10,15,4,浅位,否
5,5,inbound,IN0476,B6T0000001436,E1,23940.0,23940.0,23961.0,21.0,0.0,21.0,9,2,6,深位,否
5,5,inbound,IN0476,B6T0000001436,E1,23940.0,23976.0,23999.0,23.0,36.0,59.0,9,2,7,深位,否
5,5,inbound,IN0403,B6T0000001221,E3,24480.0,24480.0,24536.0,55.99999999999999,0.0,56.0,10,15,4,深位,否
5,5,inbound,IN0403,B6T0000001221,E3,24480.0,24586.0,24696.0,110.0,106.0,216.0,10,25,11,深位,否
5,5,inbound,IN0403,B6T0000001221,E3,24480.0,24800.0,24914.0,114.0,320.0,434.0,9,14,35,深位,否
5,5,outbound,740,B6T0000000140,E4,25680.0,26358.0,26705.0,347.00000000000017,678.0,1025.0,9,45,3,浅位,否
5,5,outbound,739,B6T0000000140,E4,25680.0,26705.0,27052.0,347.00000000000017,1025.0,1372.0,9,45,3,深位,否
5,5,outbound,738,B6T0000000140,E4,25680.0,27052.0,27399.0,347.00000000000017,1372.0,1719.0,10,45,3,浅位,否
5,5,outbound,737,B6T0000000140,E4,25680.0,27399.0,27746.0,347.00000000000017,1719.0,2066.0,10,45,3,深位,否
5,5,outbound,2555,B6T0000001217,E3,28320.0,28320.0,28502.0,182.0,0.0,182.0,9,12,29,浅位,否
5,5,outbound,2557,B6T0000001217,E3,28320.0,28502.0,28684.0,182.0,182.0,364.0,9,12,29,深位,否
5,5,outbound,2558,B6T0000001217,E3,28320.0,28684.0,28866.0,182.0,364.0,546.0,10,12,29,浅位,否
5,5,outbound,2559,B6T0000001217,E3,28320.0,28866.0,29048.0,182.0,546.0,728.0,10,12,29,深位,否
5,5,outbound,1564,B6T0000001735,E1,30420.0,32485.0,32537.0,52.0,2065.0,2117.0,9,7,5,浅位,否
5,5,outbound,1563,B6T0000001735,E1,30420.0,32537.0,32589.0,52.0,2117.0,2169.0,9,7,5,深位,否
5,5,outbound,1562,B6T0000001735,E1,30420.0,32589.0,32641.0,52.0,2169.0,2221.0,10,7,5,浅位,否
5,5,outbound,1560,B6T0000001735,E1,30420.0,32641.0,32693.0,52.0,2221.0,2273.0,10,7,5,深位,否
5,5,inbound,IN0627,B6T0000001866,E1,33300.0,33300.0,33325.0,25.0,0.0,25.0,9,8,2,深位,否
5,5,inbound,IN0627,B6T0000001866,E1,33300.0,33344.0,33373.0,29.0,44.0,73.0,10,3,9,深位,否
5,5,inbound,IN0514,B6T0000001539,E1,33300.0,33396.0,33425.0,29.0,96.0,125.0,9,7,5,浅位,否
5,5,inbound,IN0514,B6T0000001539,E1,33300.0,33448.0,33477.0,29.0,148.0,177.0,9,7,5,深位,否
5,5,inbound,IN0514,B6T0000001539,E1,33300.0,33500.0,33529.0,29.0,200.0,229.0,10,7,5,浅位,否
5,5,outbound,1719,B6T0000001672,E1,35040.0,35624.0,35680.0,56.0,584.0,640.0,9,6,7,浅位,否
5,5,outbound,1720,B6T0000001672,E1,35040.0,35680.0,35736.0,56.0,640.0,696.0,9,6,7,深位,否
5,5,outbound,1721,B6T0000001672,E1,35040.0,35736.0,35792.0,56.0,696.0,752.0,10,6,7,浅位,否
5,5,outbound,1722,B6T0000001672,E1,35040.0,35792.0,35848.0,56.0,752.0,808.0,10,6,7,深位,否
5,5,outbound,3090,B6T0000000338,E3,46440.0,46440.0,46666.0,226.0,0.0,226.0,9,14,36,浅位,否
5,5,outbound,3088,B6T0000000338,E3,46440.0,46666.0,46892.0,226.0,226.0,452.0,9,14,36,深位,否
5,5,outbound,3089,B6T0000000338,E3,46440.0,46892.0,47118.0,226.0,452.0,678.0,10,14,36,浅位,否
5,5,inbound,IN0656,B6T0000001975,E1,47160.0,47160.0,47189.0,29.0,0.0,29.0,10,7,5,深位,否
5,5,inbound,IN0656,B6T0000001975,E1,47160.0,47212.0,47243.0,31.0,52.0,83.0,9,5,8,深位,否
5,5,inbound,IN0656,B6T0000001975,E1,47160.0,47268.0,47299.0,31.0,108.0,139.0,9,6,7,浅位,否
5,5,inbound,IN0656,B6T0000001975,E1,47160.0,47324.0,47355.0,31.0,164.0,195.0,9,6,7,深位,否
5,5,inbound,IN0656,B6T0000001975,E1,47160.0,47380.0,47411.0,31.0,220.0,251.0,10,6,7,浅位,否
5,5,inbound,IN0656,B6T0000001975,E1,47160.0,47436.0,47467.0,31.0,276.0,307.0,10,6,7,深位,否
5,5,inbound,IN0656,B6T0000001975,E1,47160.0,47492.0,47525.0,33.0,332.0,365.0,9,6,8,深位,否
5,5,inbound,IN0656,B6T0000001975,E1,47160.0,47552.0,47585.0,33.0,392.0,425.0,10,3,11,深位,否
5,5,inbound,IN0656,B6T0000001975,E1,47160.0,47612.0,47645.0,33.0,452.0,485.0,10,8,6,深位,否
5,5,inbound,IN0656,B6T0000001975,E1,47160.0,47672.0,47707.0,35.0,512.0,547.0,9,7,8,深位,否
5,5,inbound,IN0656,B6T0000001975,E1,47160.0,47736.0,47773.0,37.0,576.0,613.0,9,3,13,深位,否
5,5,inbound,IN0656,B6T0000001975,E1,47160.0,47804.0,47849.0,45.0,644.0,689.0,10,8,12,深位,否
5,5,inbound,IN0656,B6T0000001975,E1,47160.0,47888.0,47937.0,49.0,728.0,777.0,9,7,15,深位,否
5,5,inbound,IN0656,B6T0000001975,E1,47160.0,47980.0,48029.0,49.0,820.0,869.0,9,8,14,深位,否
5,5,inbound,IN0656,B6T0000001975,E1,47160.0,48072.0,48125.0,53.0,912.0,965.0,9,7,17,深位,否
5,5,inbound,IN0656,B6T0000001975,E1,47160.0,48172.0,48227.0,55.0,1012.0,1067.0,9,4,21,深位,否
5,5,inbound,IN0656,B6T0000001975,E1,47160.0,48276.0,48333.0,57.0,1116.0,1173.0,9,5,21,深位,否
5,5,inbound,IN0656,B6T0000001975,E1,47160.0,48384.0,48441.0,57.0,1224.0,1281.0,10,1,25,深位,否
5,5,inbound,IN0656,B6T0000001975,E1,47160.0,48492.0,48551.0,59.0,1332.0,1391.0,10,5,22,深位,否
5,5,inbound,IN0656,B6T0000001975,E1,47160.0,48604.0,48669.0,65.0,1444.0,1509.0,9,6,24,深位,否
5,5,inbound,IN0656,B6T0000001975,E1,47160.0,48728.0,48797.0,69.0,1568.0,1637.0,10,2,30,深位,否
5,5,inbound,IN0656,B6T0000001975,E1,47160.0,48860.0,48929.0,69.0,1700.0,1769.0,10,7,25,深位,否
5,5,inbound,IN0656,B6T0000001975,E1,47160.0,48992.0,49065.0,73.0,1832.0,1905.0,9,3,31,深位,否
5,5,inbound,IN0656,B6T0000001975,E1,47160.0,49132.0,49215.0,83.0,1972.0,2055.0,9,1,38,深位,否
5,5,inbound,IN0656,B6T0000001975,E1,47160.0,49292.0,49381.0,89.0,2132.0,2221.0,9,4,38,深位,否
5,5,inbound,IN0656,B6T0000001975,E1,47160.0,49464.0,49555.0,91.0,2304.0,2395.0,9,4,39,深位,否
5,5,inbound,IN0656,B6T0000001975,E1,47160.0,49640.0,49733.0,93.0,2480.0,2573.0,9,7,37,深位,否
5,5,inbound,IN0656,B6T0000001975,E1,47160.0,49820.0,49914.0,94.0,2660.0,2754.0,9,12,29,浅位,否
5,5,inbound,IN0656,B6T0000001975,E1,47160.0,50002.0,50096.0,94.0,2842.0,2936.0,9,12,29,深位,否
5,5,inbound,IN0656,B6T0000001975,E1,47160.0,50184.0,50278.0,94.0,3024.0,3118.0,10,12,29,浅位,否
5,5,inbound,IN0656,B6T0000001975,E1,47160.0,50366.0,50460.0,94.0,3206.0,3300.0,10,12,29,深位,否
5,5,inbound,IN0656,B6T0000001975,E1,47160.0,50548.0,50643.0,94.99999999999999,3388.0,3483.0,9,2,43,深位,否
5,5,inbound,IN0411,B6T0000001251,E3,50040.0,50732.0,50848.0,116.0,692.0,808.0,10,10,44,深位,否
5,5,inbound,IN0411,B6T0000001251,E3,50040.0,50958.0,51074.0,116.0,918.0,1034.0,9,14,36,浅位,否
5,5,inbound,IN0411,B6T0000001251,E3,50040.0,51184.0,51300.0,116.0,1144.0,1260.0,9,14,36,深位,否
5,5,inbound,IN0411,B6T0000001251,E3,50040.0,51410.0,51526.0,116.0,1370.0,1486.0,10,14,36,浅位,否
5,5,outbound,2550,B6T0000001153,E3,51060.0,52072.0,52246.0,174.0,1012.0,1186.0,9,10,31,浅位,否
5,5,inbound,IN0418,B6T0000001276,E3,52260.0,52260.0,52350.0,90.0,0.0,90.0,9,10,31,浅位,否
5,5,inbound,IN0418,B6T0000001276,E3,52260.0,52434.0,52550.0,116.00000000000001,174.0,290.0,10,29,6,深位,否
5,5,outbound,2891,B6T0000001622,E1,51960.0,52780.0,52900.0,120.0,820.0,940.0,9,5,26,浅位,是
5,5,inbound,IN0278,B6T0000000833,E3,52260.0,52660.0,52780.0,120.0,400.0,520.0,9,16,34,深位,是
5,5,inbound,IN0278,B6T0000000833,E3,52260.0,52900.0,53030.0,130.0,640.0,770.0,9,15,41,浅位,否
5,5,inbound,IN0278,B6T0000000833,E3,52260.0,53154.0,53284.0,130.0,894.0,1024.0,9,15,41,深位,否
5,5,outbound,3310,B6T0000001484,E1,55500.0,55500.0,55680.0,180.0,0.0,180.0,9,5,39,浅位,否
5,5,outbound,2174,B6T0000001942,E1,55560.0,55680.0,55752.0,72.0,120.0,192.0,10,5,12,浅位,否
5,5,outbound,2172,B6T0000001942,E1,55560.0,55752.0,55824.0,72.0,192.0,264.0,10,5,12,深位,否
5,5,outbound,3311,B6T0000001484,E1,55500.0,55824.0,56004.0,180.0,324.0,504.0,9,5,39,深位,否
5,5,outbound,661,B6T0000001698,E1,54180.0,56986.0,57026.0,40.0,2806.0,2846.0,9,8,1,浅位,否
5,5,outbound,658,B6T0000001698,E1,54180.0,57026.0,57066.0,40.0,2846.0,2886.0,9,8,1,深位,否
5,5,outbound,657,B6T0000001698,E1,54180.0,57066.0,57106.0,40.0,2886.0,2926.0,10,8,1,浅位,否
5,5,outbound,656,B6T0000001698,E1,54180.0,57106.0,57146.0,40.0,2926.0,2966.0,10,8,1,深位,否
5,5,outbound,373,B6T0000001440,E1,55740.0,58776.0,58808.0,32.0,3036.0,3068.0,9,5,2,浅位,否
5,5,outbound,374,B6T0000001440,E1,55740.0,58808.0,58840.0,32.0,3068.0,3100.0,9,5,2,深位,否
5,5,outbound,375,B6T0000001440,E1,55740.0,58840.0,58872.0,32.0,3100.0,3132.0,10,5,2,浅位,否
5,5,outbound,376,B6T0000001440,E1,55740.0,58872.0,58904.0,32.0,3132.0,3164.0,10,5,2,深位,否
5,5,outbound,1574,B6T0000001553,E1,54600.0,58904.0,58948.0,44.0,4304.0,4348.0,9,2,8,浅位,否
5,5,outbound,1577,B6T0000001553,E1,54600.0,58948.0,58992.0,44.0,4348.0,4392.0,9,2,8,深位,否
5,5,inbound,IN0014,B6T0000000043,E4,59340.0,59340.0,59516.5,176.50000000000009,0.0,176.5,9,45,3,浅位,否
5,5,outbound,449,B6T0000000678,E3,56280.0,59706.0,59775.0,69.0,3426.0,3495.0,9,9,10,浅位,是
5,5,inbound,IN0522,B6T0000001560,E1,59460.0,59687.0,59706.0,19.0,227.0,246.0,9,5,2,浅位,是
5,5,outbound,438,B6T0000000678,E3,56280.0,59794.0,59863.0,69.0,3514.0,3583.0,9,9,10,深位,是
5,5,inbound,IN0522,B6T0000001560,E1,59460.0,59775.0,59794.0,19.0,315.0,334.0,9,5,2,深位,是
5,5,outbound,452,B6T0000000678,E3,56280.0,59882.0,59951.0,69.0,3602.0,3671.0,10,9,10,浅位,是
5,5,inbound,IN0567,B6T0000001683,E1,59820.0,59863.0,59882.0,19.0,43.0,62.0,10,5,2,浅位,是
5,5,outbound,453,B6T0000000678,E3,56280.0,59970.0,60039.0,69.0,3690.0,3759.0,10,9,10,深位,是
5,5,inbound,IN0567,B6T0000001683,E1,59820.0,59951.0,59970.0,19.0,131.0,150.0,10,5,2,深位,是
5,5,inbound,IN0567,B6T0000001683,E1,59820.0,60039.0,60062.0,23.0,219.0,242.0,9,8,1,浅位,否
5,5,inbound,IN0567,B6T0000001683,E1,59820.0,60079.0,60102.0,23.0,259.0,282.0,9,8,1,深位,否
5,5,inbound,IN0567,B6T0000001683,E1,59820.0,60119.0,60142.0,23.0,299.0,322.0,10,8,1,浅位,否
5,5,inbound,IN0567,B6T0000001683,E1,59820.0,60159.0,60182.0,23.0,339.0,362.0,10,8,1,深位,否
5,5,inbound,IN0567,B6T0000001683,E1,59820.0,60199.0,60224.0,25.0,379.0,404.0,9,2,8,浅位,否
5,5,inbound,IN0567,B6T0000001683,E1,59820.0,60243.0,60268.0,25.0,423.0,448.0,9,2,8,深位,否
5,5,inbound,IN0567,B6T0000001683,E1,59820.0,60287.0,60326.0,39.0,467.0,506.0,10,5,12,浅位,否
5,5,inbound,IN0567,B6T0000001683,E1,59820.0,60359.0,60398.0,39.0,539.0,578.0,10,5,12,深位,否
5,5,inbound,IN0567,B6T0000001683,E1,59820.0,60431.0,60475.0,44.0,611.0,655.0,9,9,10,浅位,否
5,5,inbound,IN0567,B6T0000001683,E1,59820.0,60513.0,60557.0,44.0,693.0,737.0,9,9,10,深位,否
5,5,inbound,IN0601,B6T0000001780,E1,59820.0,60595.0,60639.0,44.0,775.0,819.0,10,9,10,浅位,否
5,5,inbound,IN0601,B6T0000001780,E1,59820.0,60677.0,60721.0,44.0,857.0,901.0,10,9,10,深位,否
5,5,inbound,IN0601,B6T0000001780,E1,59820.0,60759.0,60826.0,67.0,939.0,1006.0,9,5,26,浅位,否
5,5,inbound,IN0014,B6T0000000043,E4,59340.0,60887.0,61063.5,176.50000000000009,1547.0,1723.5,9,45,3,深位,否
5,5,inbound,IN0014,B6T0000000043,E4,59340.0,61234.0,61410.5,176.50000000000009,1894.0,2070.5,10,45,3,浅位,否
5,5,inbound,IN0014,B6T0000000043,E4,59340.0,61581.0,61757.5,176.50000000000009,2241.0,2417.5,10,45,3,深位,否
5,5,inbound,IN0014,B6T0000000043,E4,59340.0,61928.0,62150.5,222.50000000000009,2588.0,2810.5,10,45,26,深位,否
5,5,inbound,IN0014,B6T0000000043,E4,59340.0,62367.0,62592.5,225.50000000000009,3027.0,3252.5,9,48,20,深位,否
5,5,inbound,IN0014,B6T0000000043,E4,59340.0,62812.0,63039.5,227.50000000000009,3472.0,3699.5,10,44,31,深位,否
5,5,inbound,IN0014,B6T0000000043,E4,59340.0,63261.0,63490.5,229.50000000000009,3921.0,4150.5,10,46,27,深位,否
5,5,inbound,IN0014,B6T0000000043,E4,59340.0,63714.0,63946.5,232.50000000000009,4374.0,4606.5,10,45,31,深位,否
5,5,inbound,IN0014,B6T0000000043,E4,59340.0,64173.0,64407.5,234.50000000000009,4833.0,5067.5,9,43,37,深位,否
5,5,inbound,IN0014,B6T0000000043,E4,59340.0,64636.0,64872.5,236.50000000000009,5296.0,5532.5,9,43,38,深位,否
5,5,inbound,IN0014,B6T0000000043,E4,59340.0,65103.0,65340.5,237.50000000000009,5763.0,6000.5,10,46,31,深位,否
5,5,inbound,IN0014,B6T0000000043,E4,59340.0,65572.0,65809.5,237.50000000000009,6232.0,6469.5,10,48,26,深位,否
5,5,inbound,IN0014,B6T0000000043,E4,59340.0,66041.0,66282.5,241.50000000000009,6701.0,6942.5,9,44,38,深位,否
5,5,inbound,IN0014,B6T0000000043,E4,59340.0,66518.0,66767.5,249.50000000000009,7178.0,7427.5,9,48,32,深位,否
5,5,inbound,IN0014,B6T0000000043,E4,59340.0,67011.0,67269.5,258.5000000000001,7671.0,7929.5,9,43,49,浅位,否
5,5,inbound,IN0014,B6T0000000043,E4,59340.0,67522.0,67780.5,258.5000000000001,8182.0,8440.5,9,43,49,深位,否
5,5,inbound,IN0363,B6T0000001116,E3,84900.0,84900.0,85032.0,132.0,0.0,132.0,9,9,54,深位,否
5,5,inbound,IN0363,B6T0000001116,E3,84900.0,85158.0,85290.0,132.00000000000003,258.0,390.0,9,30,12,深位,否
5,5,inbound,IN0363,B6T0000001116,E3,84900.0,85416.0,85552.0,136.0,516.0,652.0,10,29,16,深位,否
5,5,inbound,IN0331,B6T0000001022,E3,85860.0,85860.0,85996.0,136.00000000000006,0.0,136.0,10,35,4,深位,否
5,5,inbound,IN0331,B6T0000001022,E3,85860.0,86126.0,86268.0,142.0,266.0,408.0,10,16,45,深位,否
5,5,inbound,IN0331,B6T0000001022,E3,85860.0,86404.0,86546.0,142.00000000000003,544.0,686.0,10,33,11,深位,否
5,5,inbound,IN0331,B6T0000001022,E3,85860.0,86682.0,86828.0,146.0,822.0,968.0,10,12,55,深位,否
5,5,inbound,IN0331,B6T0000001022,E3,85860.0,86968.0,87116.0,148.0,1108.0,1256.0,9,14,52,深位,否
5,5,outbound,1479,B6T0000000631,E3,86520.0,87406.0,87634.0,228.00000000000006,886.0,1114.0,9,24,3,浅位,是
5,5,inbound,IN0331,B6T0000001022,E3,85860.0,87258.0,87406.0,148.0,1398.0,1546.0,10,14,52,浅位,是
5,5,outbound,1472,B6T0000000631,E3,86520.0,87724.0,87814.0,90.00000000000001,1204.0,1294.0,9,24,3,深位,是
5,5,inbound,IN0331,B6T0000001022,E3,85860.0,87634.0,87724.0,90.00000000000001,1774.0,1864.0,9,24,3,浅位,是
5,5,outbound,1470,B6T0000000631,E3,86520.0,87904.0,87994.0,90.00000000000001,1384.0,1474.0,10,24,3,浅位,是
5,5,inbound,IN0331,B6T0000001022,E3,85860.0,87814.0,87904.0,90.00000000000001,1954.0,2044.0,9,24,3,深位,是
5,5,outbound,1673,B6T0000001355,E1,87240.0,88084.0,88198.0,114.00000000000003,844.0,958.0,9,1,9,浅位,是
5,5,inbound,IN0331,B6T0000001022,E3,85860.0,87994.0,88084.0,90.00000000000001,2134.0,2224.0,10,24,3,浅位,是
5,5,outbound,1674,B6T0000001355,E1,87240.0,88346.0,88494.0,147.99999999999997,1106.0,1254.0,9,1,9,深位,是
5,5,inbound,IN0331,B6T0000001022,E3,85860.0,88198.0,88346.0,148.0,2338.0,2486.0,10,14,52,深位,是
5,5,outbound,1675,B6T0000001355,E1,87240.0,88642.0,88790.0,148.00000000000006,1402.0,1550.0,10,1,9,浅位,是
5,5,inbound,IN0331,B6T0000001022,E3,85860.0,88494.0,88642.0,148.00000000000006,2634.0,2782.0,9,35,10,深位,是
5,5,outbound,1668,B6T0000001355,E1,87240.0,88942.0,89094.0,152.0,1702.0,1854.0,10,1,9,深位,是
5,5,inbound,IN0331,B6T0000001022,E3,85860.0,88790.0,88942.0,152.0,2930.0,3082.0,9,9,64,浅位,是
5,5,outbound,1692,B6T0000001375,E1,88320.0,89246.0,89398.0,152.0,926.0,1078.0,9,7,6,浅位,是
5,5,inbound,IN0331,B6T0000001022,E3,85860.0,89094.0,89246.0,152.0,3234.0,3386.0,9,9,64,深位,是
5,5,outbound,1693,B6T0000001375,E1,88320.0,89550.0,89702.0,152.0,1230.0,1382.0,9,7,6,深位,是
5,5,inbound,IN0331,B6T0000001022,E3,85860.0,89398.0,89550.0,152.0,3538.0,3690.0,10,9,64,浅位,是
5,5,outbound,1694,B6T0000001375,E1,88320.0,89854.0,90006.0,152.0,1534.0,1686.0,10,7,6,浅位,是
5,5,inbound,IN0331,B6T0000001022,E3,85860.0,89702.0,89854.0,152.0,3842.0,3994.0,10,9,64,深位,是
5,5,outbound,2315,B6T0000001107,E3,88140.0,90160.0,90346.0,186.0,2020.0,2206.0,10,13,24,浅位,是
5,5,inbound,IN0331,B6T0000001022,E3,85860.0,90006.0,90160.0,154.0,4146.0,4300.0,9,9,65,浅位,是
5,5,outbound,2316,B6T0000001107,E3,88140.0,90434.0,90522.0,88.0,2294.0,2382.0,10,13,24,深位,是
5,5,inbound,IN0331,B6T0000001022,E3,85860.0,90346.0,90434.0,88.0,4486.0,4574.0,10,13,24,浅位,是
5,5,outbound,1478,B6T0000000631,E3,86520.0,90610.0,90786.0,176.00000000000006,4090.0,4266.0,10,24,3,深位,是
5,5,inbound,IN0331,B6T0000001022,E3,85860.0,90522.0,90610.0,88.0,4662.0,4750.0,10,13,24,深位,是
5,5,outbound,1833,B6T0000000536,E3,87000.0,90876.0,90986.0,110.00000000000001,3876.0,3986.0,9,23,8,浅位,是
5,5,inbound,IN0331,B6T0000001022,E3,85860.0,90786.0,90876.0,90.00000000000001,4926.0,5016.0,10,24,3,深位,是
5,5,outbound,3431,B6T0000001554,E1,87900.0,91082.0,91330.0,248.0,3182.0,3430.0,9,1,46,浅位,是
5,5,inbound,IN0331,B6T0000001022,E3,85860.0,90986.0,91082.0,96.00000000000001,5126.0,5222.0,9,23,8,浅位,是
5,5,outbound,3430,B6T0000001554,E1,87900.0,91484.0,91638.0,154.0,3584.0,3738.0,9,1,46,深位,是
5,5,inbound,IN0331,B6T0000001022,E3,85860.0,91330.0,91484.0,154.0,5470.0,5624.0,9,9,65,深位,是
5,5,outbound,2691,B6T0000001182,E3,85980.0,91792.0,92170.0,378.0000000000001,5812.0,6190.0,9,38,4,浅位,是
5,5,inbound,IN0331,B6T0000001022,E3,85860.0,91638.0,91792.0,154.0,5778.0,5932.0,9,10,63,浅位,是
5,5,outbound,2689,B6T0000001182,E3,85980.0,92318.0,92466.0,148.00000000000006,6338.0,6486.0,9,38,4,深位,是
5,5,inbound,IN0331,B6T0000001022,E3,85860.0,92170.0,92318.0,148.00000000000006,6310.0,6458.0,9,38,4,浅位,是
5,5,inbound,IN0331,B6T0000001022,E3,85860.0,92466.0,92614.0,148.00000000000006,6606.0,6754.0,9,38,4,深位,否
5,5,inbound,IN0331,B6T0000001022,E3,85860.0,92756.0,92910.0,154.0,6896.0,7050.0,9,10,63,深位,否
5,5,inbound,IN0597,B6T0000001774,E1,93660.0,93660.0,93685.0,25.0,0.0,25.0,9,1,9,浅位,否
5,5,inbound,IN0597,B6T0000001774,E1,93660.0,93704.0,93729.0,25.0,44.0,69.0,9,1,9,深位,否
5,5,inbound,IN0597,B6T0000001774,E1,93660.0,93748.0,93773.0,25.0,88.0,113.0,10,1,9,浅位,否
5,5,inbound,IN0597,B6T0000001774,E1,93660.0,93792.0,93817.0,25.0,132.0,157.0,10,1,9,深位,否
5,5,inbound,IN0597,B6T0000001774,E1,93660.0,93836.0,93867.0,31.0,176.0,207.0,9,7,6,浅位,否
5,5,inbound,IN0597,B6T0000001774,E1,93660.0,93892.0,93923.0,31.0,232.0,263.0,9,7,6,深位,否
5,5,inbound,IN0597,B6T0000001774,E1,93660.0,93948.0,93979.0,31.0,288.0,319.0,10,7,6,浅位,否
5,5,inbound,IN0597,B6T0000001774,E1,93660.0,94004.0,94097.0,93.0,344.0,437.0,9,5,39,浅位,否
5,5,inbound,IN0597,B6T0000001774,E1,93660.0,94184.0,94277.0,93.0,524.0,617.0,9,5,39,深位,否
5,5,inbound,IN0597,B6T0000001774,E1,93660.0,94364.0,94459.0,95.0,704.0,799.0,10,8,37,深位,否
5,5,inbound,IN0597,B6T0000001774,E1,93660.0,94548.0,94647.0,99.0,888.0,987.0,9,1,46,浅位,否
5,5,outbound,1415,B6T0000000408,E3,97380.0,100728.0,100894.0,166.00000000000003,3348.0,3514.0,9,23,3,浅位,否
5,5,outbound,1409,B6T0000000408,E3,97380.0,100894.0,101060.0,166.00000000000003,3514.0,3680.0,9,23,3,深位,否
5,5,outbound,1410,B6T0000000408,E3,97380.0,101060.0,101226.0,166.00000000000003,3680.0,3846.0,10,23,3,浅位,否
5,5,outbound,1411,B6T0000000408,E3,97380.0,101226.0,101392.0,166.00000000000003,3846.0,4012.0,10,23,3,深位,否
5,5,outbound,2254,B6T0000001242,E3,111300.0,111300.0,111490.0,190.0,0.0,190.0,10,19,17,浅位,否
5,5,outbound,2259,B6T0000001242,E3,111300.0,111490.0,111680.0,190.0,190.0,380.0,10,19,17,深位,否
5,5,outbound,3386,B6T0000001525,E1,117120.0,117120.0,117308.0,188.0,0.0,188.0,9,2,44,浅位,否
5,5,outbound,3387,B6T0000001525,E1,117120.0,117308.0,117496.0,188.0,188.0,376.0,9,2,44,深位,否
5,5,outbound,67,B6T0000001664,E1,118500.0,118586.0,118606.0,20.0,86.0,106.0,9,2,2,浅位,否
5,5,outbound,64,B6T0000001664,E1,118500.0,118606.0,118626.0,20.0,106.0,126.0,9,2,2,深位,否
5,5,outbound,65,B6T0000001664,E1,118500.0,118626.0,118646.0,20.0,126.0,146.0,10,2,2,浅位,否
5,5,outbound,66,B6T0000001664,E1,118500.0,118646.0,118666.0,20.0,146.0,166.0,10,2,2,深位,否
5,5,outbound,41,B6T0000001104,E3,123780.0,126130.0,126188.0,57.99999999999999,2350.0,2408.0,9,9,4,浅位,否
5,5,outbound,47,B6T0000001104,E3,123780.0,126188.0,126246.0,57.99999999999999,2408.0,2466.0,9,9,4,深位,否
5,5,outbound,40,B6T0000001104,E3,123780.0,126246.0,126304.0,57.99999999999999,2466.0,2524.0,10,9,4,浅位,否
5,5,inbound,IN0412,B6T0000001252,E3,127260.0,127260.0,127292.0,31.999999999999996,0.0,32.0,9,9,4,浅位,否
5,5,inbound,IN0412,B6T0000001252,E3,127260.0,127318.0,127350.0,31.999999999999996,58.0,90.0,9,9,4,深位,否
5,5,outbound,2333,B6T0000001994,E1,127920.0,127920.0,127992.0,72.0,0.0,72.0,9,1,16,浅位,否
5,5,outbound,2334,B6T0000001994,E1,127920.0,127992.0,128064.0,72.0,72.0,144.0,9,1,16,深位,否
5,5,outbound,2332,B6T0000001994,E1,127920.0,128064.0,128136.0,72.0,144.0,216.0,10,1,16,浅位,否
5,5,outbound,2335,B6T0000001994,E1,127920.0,128136.0,128208.0,72.0,216.0,288.0,10,1,16,深位,否
5,5,inbound,IN0434,B6T0000001316,E3,128280.0,128280.0,128312.0,31.999999999999996,0.0,32.0,10,9,4,浅位,否
5,5,inbound,IN0434,B6T0000001316,E3,128280.0,128338.0,128424.0,86.00000000000001,58.0,144.0,9,23,3,浅位,否
5,5,inbound,IN0434,B6T0000001316,E3,128280.0,128504.0,128590.0,86.00000000000001,224.0,310.0,9,23,3,深位,否
5,5,inbound,IN0434,B6T0000001316,E3,128280.0,128670.0,128756.0,86.00000000000001,390.0,476.0,10,23,3,浅位,否
5,5,inbound,IN0606,B6T0000001793,E1,131520.0,131520.0,131533.0,13.0,0.0,13.0,9,2,2,浅位,否
5,5,inbound,IN0606,B6T0000001793,E1,131520.0,131540.0,131553.0,13.0,20.0,33.0,9,2,2,深位,否
5,5,inbound,IN0606,B6T0000001793,E1,131520.0,131560.0,131573.0,13.0,40.0,53.0,10,2,2,浅位,否
5,5,inbound,IN0606,B6T0000001793,E1,131520.0,131580.0,131593.0,13.0,60.0,73.0,10,2,2,深位,否
5,5,inbound,IN0606,B6T0000001793,E1,131520.0,131600.0,131639.0,39.0,80.0,119.0,9,1,16,浅位,否
5,5,inbound,IN0606,B6T0000001793,E1,131520.0,131672.0,131711.0,39.0,152.0,191.0,9,1,16,深位,否
5,5,inbound,IN0606,B6T0000001793,E1,131520.0,131744.0,131783.0,39.0,224.0,263.0,10,1,16,浅位,否
5,5,outbound,36,B6T0000001104,E3,132300.0,132300.0,132358.0,57.99999999999999,0.0,58.0,10,9,4,深位,否
5,5,inbound,IN0349,B6T0000001083,E3,133440.0,133440.0,133472.0,31.999999999999996,0.0,32.0,10,9,4,深位,否
5,5,inbound,IN0349,B6T0000001083,E3,133440.0,133498.0,133584.0,86.00000000000001,58.0,144.0,10,23,3,深位,否
5,5,inbound,IN0349,B6T0000001083,E3,133440.0,133664.0,133762.0,98.0,224.0,322.0,10,19,17,浅位,否
5,5,inbound,IN0349,B6T0000001083,E3,133440.0,133854.0,133952.0,98.0,414.0,512.0,10,19,17,深位,否
5,5,inbound,IN0349,B6T0000001083,E3,133440.0,134044.0,134198.0,154.0,604.0,758.0,9,11,61,浅位,否
5,5,inbound,IN0349,B6T0000001083,E3,133440.0,134346.0,134500.0,154.0,906.0,1060.0,9,11,61,深位,否
5,5,inbound,IN0349,B6T0000001083,E3,133440.0,134648.0,134802.0,154.0,1208.0,1362.0,10,9,65,浅位,否
5,5,inbound,IN0349,B6T0000001083,E3,133440.0,134950.0,135104.0,154.0,1510.0,1664.0,10,9,65,深位,否
5,5,inbound,IN0349,B6T0000001083,E3,133440.0,135252.0,135406.0,154.0,1812.0,1966.0,10,10,63,浅位,否
5,5,outbound,3687,B6T0000001416,E1,135480.0,135708.0,135862.0,154.0,228.0,382.0,9,2,5,深位,是
5,5,inbound,IN0349,B6T0000001083,E3,133440.0,135554.0,135708.0,154.0,2114.0,2268.0,10,10,63,深位,是
5,5,outbound,3686,B6T0000001416,E1,135480.0,136016.0,136170.0,154.0,536.0,690.0,10,6,1,深位,是
5,5,inbound,IN0349,B6T0000001083,E3,133440.0,135862.0,136016.0,154.0,2422.0,2576.0,10,11,61,浅位,是
5,5,inbound,IN0349,B6T0000001083,E3,133440.0,136170.0,136324.0,154.0,2730.0,2884.0,10,11,61,深位,否
5,5,inbound,IN0603,B6T0000001789,E1,136440.0,136472.0,136491.0,19.0,32.0,51.0,9,2,5,深位,否
5,5,inbound,IN0603,B6T0000001789,E1,136440.0,136504.0,136523.0,19.0,64.0,83.0,10,6,1,深位,否
5,5,inbound,IN0603,B6T0000001789,E1,136440.0,136536.0,136575.0,39.0,96.0,135.0,10,1,16,深位,否
5,5,inbound,IN0603,B6T0000001789,E1,136440.0,136608.0,136705.0,97.0,168.0,265.0,9,2,44,浅位,否
5,5,inbound,IN0349,B6T0000001083,E3,133440.0,136796.0,136952.0,156.0,3356.0,3512.0,9,9,66,浅位,否
5,5,outbound,3273,B6T0000001560,E1,137280.0,137280.0,137312.0,32.0,0.0,32.0,9,5,2,浅位,否
5,5,outbound,3272,B6T0000001560,E1,137280.0,137312.0,137344.0,32.0,32.0,64.0,9,5,2,深位,否
5,5,inbound,IN0515,B6T0000001543,E1,138060.0,138060.0,138079.0,19.0,0.0,19.0,9,5,2,浅位,否
5,5,inbound,IN0515,B6T0000001543,E1,138060.0,138092.0,138111.0,19.0,32.0,51.0,9,5,2,深位,否
5,5,outbound,147,B6T0000000810,E3,172800.0,172800.0,172890.0,89.99999999999999,0.0,90.0,9,14,2,浅位,否
5,5,outbound,148,B6T0000000810,E3,172800.0,172938.0,172986.0,47.99999999999999,138.0,186.0,9,14,2,深位,是
5,5,inbound,IN0276,B6T0000000831,E3,172860.0,172890.0,172938.0,47.99999999999999,30.0,78.0,9,14,2,浅位,是
5,5,outbound,149,B6T0000000810,E3,172800.0,173034.0,173082.0,47.99999999999999,234.0,282.0,10,14,2,浅位,是
5,5,inbound,IN0276,B6T0000000831,E3,172860.0,172986.0,173034.0,47.99999999999999,126.0,174.0,9,14,2,深位,是
5,5,inbound,IN0276,B6T0000000831,E3,172860.0,173082.0,173130.0,47.99999999999999,222.0,270.0,10,14,2,浅位,否
5,5,outbound,349,B6T0000001370,E1,173100.0,173328.0,173484.0,156.0,228.0,384.0,10,3,3,浅位,是
5,5,inbound,IN0276,B6T0000000831,E3,172860.0,173172.0,173328.0,156.0,312.0,468.0,9,9,66,深位,是
5,5,outbound,350,B6T0000001370,E1,173100.0,173484.0,173512.0,28.0,384.0,412.0,10,3,3,深位,否
5,5,outbound,1880,B6T0000001166,E3,173400.0,173512.0,173646.0,134.0,112.0,246.0,10,14,13,深位,否
5,5,outbound,1882,B6T0000001166,E3,173400.0,173646.0,173780.0,134.0,246.0,380.0,9,13,15,浅位,否
5,5,outbound,1879,B6T0000001166,E3,173400.0,173780.0,173914.0,134.0,380.0,514.0,9,13,15,深位,否
5,5,outbound,1877,B6T0000001166,E3,173400.0,173914.0,174048.0,134.0,514.0,648.0,10,13,15,浅位,否
5,5,outbound,1878,B6T0000001166,E3,173400.0,174048.0,174182.0,134.0,648.0,782.0,10,13,15,深位,否
5,5,outbound,1883,B6T0000001166,E3,173400.0,174199.0,174326.0,127.0,799.0,926.0,10,14,14,深位,是
5,5,inbound,IN0579,B6T0000001723,E1,174060.0,174182.0,174199.0,17.0,122.0,139.0,10,3,3,浅位,是
5,5,outbound,1884,B6T0000001166,E3,173400.0,174343.0,174482.0,139.00000000000003,943.0,1082.0,9,21,2,深位,是
5,5,inbound,IN0579,B6T0000001723,E1,174060.0,174326.0,174343.0,17.0,266.0,283.0,10,3,3,深位,是
5,5,outbound,1881,B6T0000001166,E3,173400.0,174482.0,174656.0,174.0,1082.0,1256.0,9,9,33,深位,否
5,5,outbound,3011,B6T0000001789,E1,174600.0,174656.0,174688.0,32.0,56.0,88.0,9,2,5,深位,否
5,5,outbound,3012,B6T0000001789,E1,174600.0,174688.0,174720.0,32.0,88.0,120.0,10,6,1,深位,否
5,5,outbound,3010,B6T0000001789,E1,174600.0,174720.0,174792.0,72.0,120.0,192.0,10,1,16,深位,否
5,5,outbound,2541,B6T0000001206,E3,173700.0,174792.0,175074.0,282.0000000000001,1092.0,1374.0,9,38,2,浅位,否
5,5,outbound,2543,B6T0000001206,E3,173700.0,175074.0,175356.0,282.0000000000001,1374.0,1656.0,9,38,2,深位,否
5,5,outbound,2544,B6T0000001206,E3,173700.0,175356.0,175638.0,282.0000000000001,1656.0,1938.0,10,38,2,浅位,否
5,5,outbound,2620,B6T0000001218,E3,175620.0,175638.0,175828.0,190.0,18.0,208.0,9,13,29,浅位,否
5,5,outbound,2623,B6T0000001218,E3,175620.0,175828.0,176018.0,190.0,208.0,398.0,9,13,29,深位,否
5,5,outbound,2622,B6T0000001218,E3,175620.0,176018.0,176208.0,190.0,398.0,588.0,10,13,29,浅位,否
5,5,outbound,777,B6T0000000843,E3,174120.0,176208.0,176318.0,109.99999999999999,2088.0,2198.0,9,15,5,浅位,否
5,5,outbound,776,B6T0000000843,E3,174120.0,176318.0,176428.0,109.99999999999999,2198.0,2308.0,9,15,5,深位,否
5,5,outbound,775,B6T0000000843,E3,174120.0,176428.0,176538.0,109.99999999999999,2308.0,2418.0,10,15,5,浅位,否
5,5,outbound,2701,B6T0000001568,E1,175920.0,176538.0,176646.0,108.00000000000001,618.0,726.0,9,2,24,浅位,否
5,5,outbound,774,B6T0000000843,E3,174120.0,176646.0,176756.0,109.99999999999999,2526.0,2636.0,10,15,5,深位,否
5,5,outbound,2621,B6T0000001218,E3,175620.0,176756.0,176946.0,190.0,1136.0,1326.0,10,13,29,深位,否
5,5,outbound,3392,B6T0000001976,E1,175560.0,176946.0,177142.0,196.0,1386.0,1582.0,9,8,40,浅位,否
5,5,outbound,3393,B6T0000001976,E1,175560.0,177142.0,177338.0,196.0,1582.0,1778.0,9,8,40,深位,否
5,5,outbound,2937,B6T0000000065,E4,173700.0,177338.0,177755.0,417.00000000000017,3638.0,4055.0,10,44,23,浅位,否
5,5,outbound,2936,B6T0000000065,E4,173700.0,177755.0,178172.0,417.00000000000017,4055.0,4472.0,10,44,23,深位,否
5,5,outbound,1193,B6T0000001103,E3,175020.0,181206.0,181356.0,150.00000000000003,6186.0,6336.0,9,21,3,浅位,否
5,5,inbound,IN0216,B6T0000000629,E3,185100.0,185100.0,185158.0,57.99999999999999,0.0,58.0,9,15,5,浅位,否
5,5,inbound,IN0216,B6T0000000629,E3,185100.0,185210.0,185268.0,57.99999999999999,110.0,168.0,9,15,5,深位,否
5,5,inbound,IN0216,B6T0000000629,E3,185100.0,185320.0,185378.0,57.99999999999999,220.0,278.0,10,15,5,浅位,否
5,5,inbound,IN0538,B6T0000001598,E1,186180.0,186180.0,186199.0,19.0,0.0,19.0,9,2,5,深位,否
5,5,inbound,IN0538,B6T0000001598,E1,186180.0,186212.0,186231.0,19.0,32.0,51.0,10,6,1,深位,否
5,5,inbound,IN0538,B6T0000001598,E1,186180.0,186244.0,186283.0,39.0,64.0,103.0,10,1,16,深位,否
5,5,inbound,IN0114,B6T0000000327,E3,186180.0,186316.0,186374.0,57.99999999999999,136.0,194.0,10,15,5,深位,否
5,5,inbound,IN0114,B6T0000000327,E3,186180.0,186426.0,186496.0,70.0,246.0,316.0,10,14,13,深位,否
5,5,inbound,IN0114,B6T0000000327,E3,186180.0,186560.0,186630.0,70.0,380.0,450.0,9,13,15,浅位,否
5,5,inbound,IN0114,B6T0000000327,E3,186180.0,186694.0,186764.0,70.0,514.0,584.0,9,13,15,深位,否
5,5,outbound,1997,B6T0000001313,E3,185400.0,186898.0,187024.0,126.00000000000001,1498.0,1624.0,9,20,13,浅位,是
5,5,inbound,IN0114,B6T0000000327,E3,186180.0,186828.0,186898.0,70.0,648.0,718.0,10,13,15,浅位,是
5,5,outbound,2001,B6T0000001313,E3,185400.0,187094.0,187220.0,126.00000000000001,1694.0,1820.0,9,20,13,深位,是
5,5,inbound,IN0114,B6T0000000327,E3,186180.0,187024.0,187094.0,70.0,844.0,914.0,10,13,15,深位,是
5,5,outbound,3688,B6T0000001548,E1,187560.0,187560.0,187800.0,240.0,0.0,240.0,9,5,54,浅位,否
5,5,outbound,3689,B6T0000001548,E1,187560.0,187800.0,188040.0,240.0,240.0,480.0,9,5,54,深位,否
5,5,outbound,192,B6T0000000932,E3,190380.0,191558.0,191632.0,74.0,1178.0,1252.0,9,9,8,浅位,否
5,5,outbound,193,B6T0000000932,E3,190380.0,191672.0,191712.0,40.0,1292.0,1332.0,9,9,8,深位,是
5,5,inbound,IN0345,B6T0000001059,E3,191580.0,191632.0,191672.0,40.0,52.0,92.0,9,9,8,浅位,是
5,5,outbound,194,B6T0000000932,E3,190380.0,191752.0,191792.0,40.0,1372.0,1412.0,10,9,8,浅位,是
5,5,inbound,IN0345,B6T0000001059,E3,191580.0,191712.0,191752.0,40.0,132.0,172.0,9,9,8,深位,是
5,5,outbound,195,B6T0000000932,E3,190380.0,191832.0,191872.0,40.0,1452.0,1492.0,10,9,8,深位,是
5,5,inbound,IN0345,B6T0000001059,E3,191580.0,191792.0,191832.0,40.0,212.0,252.0,10,9,8,浅位,是
5,5,inbound,IN0345,B6T0000001059,E3,191580.0,191872.0,191912.0,40.0,292.0,332.0,10,9,8,深位,否
5,5,inbound,IN0345,B6T0000001059,E3,191580.0,191946.0,192018.0,72.0,366.0,438.0,10,14,14,深位,否
5,5,inbound,IN0549,B6T0000001643,E1,191700.0,192084.0,192141.0,57.00000000000001,384.0,441.0,9,2,24,浅位,否
5,5,inbound,IN0549,B6T0000001643,E1,191700.0,192192.0,192268.0,76.00000000000001,492.0,568.0,9,21,2,深位,否
5,5,outbound,189,B6T0000000932,E3,190380.0,192416.0,192494.0,78.00000000000001,2036.0,2114.0,10,15,1,浅位,是
5,5,inbound,IN0549,B6T0000001643,E1,191700.0,192338.0,192416.0,78.00000000000001,638.0,716.0,9,21,3,浅位,是
5,5,outbound,190,B6T0000000932,E3,190380.0,192544.0,192594.0,49.99999999999999,2164.0,2214.0,10,15,1,深位,是
5,5,inbound,IN0549,B6T0000001643,E1,191700.0,192494.0,192544.0,49.99999999999999,794.0,844.0,10,15,1,浅位,是
5,5,inbound,IN0549,B6T0000001643,E1,191700.0,192594.0,192644.0,49.99999999999999,894.0,944.0,10,15,1,深位,否
5,5,outbound,1872,B6T0000000931,E3,194940.0,194940.0,195118.0,178.00000000000003,0.0,178.0,10,20,12,浅位,否
5,5,outbound,1873,B6T0000000931,E3,194940.0,195118.0,195296.0,178.00000000000003,178.0,356.0,10,20,12,深位,否
5,5,outbound,1351,B6T0000001367,E1,198960.0,198960.0,199000.0,40.0,0.0,40.0,10,2,7,浅位,否
5,5,outbound,1358,B6T0000001367,E1,198960.0,199000.0,199040.0,40.0,40.0,80.0,10,2,7,深位,否
5,5,inbound,IN0498,B6T0000001496,E1,202740.0,202740.0,202763.0,23.0,0.0,23.0,10,2,7,浅位,否
5,5,inbound,IN0498,B6T0000001496,E1,202740.0,202780.0,202803.0,23.0,40.0,63.0,10,2,7,深位,否
5,5,inbound,IN0498,B6T0000001496,E1,202740.0,202820.0,202910.0,90.0,80.0,170.0,9,9,33,深位,否
5,5,inbound,IN0498,B6T0000001496,E1,202740.0,202994.0,203086.0,92.00000000000001,254.0,346.0,10,20,12,浅位,否
5,5,outbound,1135,B6T0000000395,E3,202560.0,203264.0,203356.0,92.0,704.0,796.0,9,16,8,浅位,是
5,5,inbound,IN0498,B6T0000001496,E1,202740.0,203172.0,203264.0,92.00000000000001,432.0,524.0,10,20,12,深位,是
5,5,outbound,1136,B6T0000000395,E3,202560.0,203424.0,203492.0,68.0,864.0,932.0,9,16,8,深位,是
5,5,inbound,IN0498,B6T0000001496,E1,202740.0,203356.0,203424.0,68.0,616.0,684.0,9,16,8,浅位,是
5,5,outbound,1140,B6T0000000395,E3,202560.0,203492.0,203622.0,130.0,932.0,1062.0,10,16,8,浅位,否
5,5,outbound,1142,B6T0000000395,E3,202560.0,203622.0,203752.0,130.0,1062.0,1192.0,10,16,8,深位,否
5,5,outbound,823,B6T0000001427,E1,203940.0,204084.0,204120.0,36.0,144.0,180.0,9,4,4,浅位,否
5,5,outbound,824,B6T0000001427,E1,203940.0,204120.0,204156.0,36.0,180.0,216.0,9,4,4,深位,否
5,5,outbound,825,B6T0000001427,E1,203940.0,204156.0,204192.0,36.0,216.0,252.0,10,4,4,浅位,否
5,5,outbound,826,B6T0000001427,E1,203940.0,204192.0,204228.0,36.0,252.0,288.0,10,4,4,深位,否
5,5,inbound,IN0116,B6T0000000332,E3,212160.0,212160.0,212228.0,68.0,0.0,68.0,9,16,8,深位,否
5,5,inbound,IN0116,B6T0000000332,E3,212160.0,212290.0,212358.0,68.0,130.0,198.0,10,16,8,浅位,否
5,5,inbound,IN0116,B6T0000000332,E3,212160.0,212420.0,212488.0,68.0,260.0,328.0,10,16,8,深位,否
5,5,outbound,3724,B6T0000000936,E3,214020.0,214020.0,214358.0,338.0,0.0,338.0,9,21,50,浅位,否
5,5,outbound,3725,B6T0000000936,E3,214020.0,214358.0,214696.0,338.0,338.0,676.0,9,21,50,深位,否
5,5,inbound,IN0494,B6T0000001484,E1,217500.0,217500.0,217521.0,21.0,0.0,21.0,9,4,4,浅位,否
5,5,inbound,IN0494,B6T0000001484,E1,217500.0,217536.0,217557.0,21.0,36.0,57.0,9,4,4,深位,否
5,5,inbound,IN0494,B6T0000001484,E1,217500.0,217572.0,217593.0,21.0,72.0,93.0,10,4,4,浅位,否
5,5,inbound,IN0021,B6T0000000064,E4,219240.0,219240.0,219451.5,211.50000000000009,0.0,211.5,10,44,23,浅位,否
5,5,inbound,IN0021,B6T0000000064,E4,219240.0,219657.0,219868.5,211.50000000000009,417.0,628.5,10,44,23,深位,否
5,5,inbound,IN0021,B6T0000000064,E4,219240.0,220074.0,220332.5,258.5000000000001,834.0,1092.5,10,43,49,浅位,否
5,5,outbound,1460,B6T0000000897,E3,220080.0,221998.0,222160.0,162.00000000000003,1918.0,2080.0,9,21,6,浅位,否
5,5,outbound,1459,B6T0000000897,E3,220080.0,222160.0,222322.0,162.00000000000003,2080.0,2242.0,9,21,6,深位,否
5,5,outbound,1458,B6T0000000897,E3,220080.0,222322.0,222484.0,162.00000000000003,2242.0,2404.0,10,21,6,浅位,否
5,5,outbound,1457,B6T0000000897,E3,220080.0,222484.0,222646.0,162.00000000000003,2404.0,2566.0,10,21,6,深位,否
5,5,inbound,IN0466,B6T0000001402,E1,222720.0,222720.0,222741.0,21.0,0.0,21.0,10,4,4,深位,否
5,5,inbound,IN0466,B6T0000001402,E1,222720.0,222756.0,222840.0,84.00000000000001,36.0,120.0,9,21,6,浅位,否
5,5,outbound,2125,B6T0000001478,E1,223500.0,223584.0,223696.0,112.00000000000001,84.0,196.0,10,2,13,浅位,是
5,5,inbound,IN0117,B6T0000000333,E3,223500.0,223500.0,223584.0,84.00000000000001,0.0,84.0,9,21,6,深位,是
5,5,outbound,2126,B6T0000001478,E1,223500.0,223780.0,223892.0,112.00000000000001,280.0,392.0,10,2,13,深位,是
5,5,inbound,IN0117,B6T0000000333,E3,223500.0,223696.0,223780.0,84.00000000000001,196.0,280.0,10,21,6,浅位,是
5,5,inbound,IN0117,B6T0000000333,E3,223500.0,223892.0,223976.0,84.00000000000001,392.0,476.0,10,21,6,深位,否
5,5,inbound,IN0373,B6T0000001135,E3,223620.0,224054.0,224148.0,94.0,434.0,528.0,9,20,13,浅位,否
5,5,inbound,IN0373,B6T0000001135,E3,223620.0,224236.0,224330.0,94.0,616.0,710.0,9,20,13,深位,否
5,5,inbound,IN0238,B6T0000000694,E3,225300.0,225300.0,225398.0,98.0,0.0,98.0,9,13,29,浅位,否
5,5,inbound,IN0238,B6T0000000694,E3,225300.0,225490.0,225588.0,98.0,190.0,288.0,9,13,29,深位,否
5,5,inbound,IN0238,B6T0000000694,E3,225300.0,225680.0,225778.0,98.0,380.0,478.0,10,13,29,浅位,否
5,5,inbound,IN0131,B6T0000000389,E3,226200.0,226200.0,226298.0,98.0,0.0,98.0,10,13,29,深位,否
5,5,inbound,IN0131,B6T0000000389,E3,226200.0,226390.0,226534.0,144.00000000000006,190.0,334.0,9,38,2,浅位,否
5,5,inbound,IN0131,B6T0000000389,E3,226200.0,226672.0,226816.0,144.00000000000006,472.0,616.0,9,38,2,深位,否
5,5,inbound,IN0131,B6T0000000389,E3,226200.0,226954.0,227098.0,144.00000000000006,754.0,898.0,10,38,2,浅位,否
5,5,inbound,IN0131,B6T0000000389,E3,226200.0,227236.0,227392.0,156.0,1036.0,1192.0,9,10,64,浅位,否
5,5,inbound,IN0131,B6T0000000389,E3,226200.0,227542.0,227698.0,156.0,1342.0,1498.0,9,10,64,深位,否
5,5,inbound,IN0131,B6T0000000389,E3,226200.0,227848.0,228004.0,156.0,1648.0,1804.0,9,11,62,浅位,否
5,5,inbound,IN0131,B6T0000000389,E3,226200.0,228154.0,228310.0,156.0,1954.0,2110.0,9,11,62,深位,否
5,5,inbound,IN0131,B6T0000000389,E3,226200.0,228460.0,228616.0,156.0,2260.0,2416.0,9,12,60,浅位,否
5,5,inbound,IN0520,B6T0000001554,E1,255600.0,255600.0,255635.0,35.0,0.0,35.0,10,2,13,浅位,否
5,5,inbound,IN0520,B6T0000001554,E1,255600.0,255664.0,255699.0,35.0,64.0,99.0,10,2,13,深位,否
5,5,inbound,IN0298,B6T0000000893,E3,257700.0,257700.0,257856.0,156.0,0.0,156.0,9,12,60,深位,否
5,5,inbound,IN0298,B6T0000000893,E3,257700.0,258006.0,258162.0,156.0,306.0,462.0,10,9,66,浅位,否
5,5,inbound,IN0298,B6T0000000893,E3,257700.0,258312.0,258468.0,156.0,612.0,768.0,10,9,66,深位,否
5,5,inbound,IN0208,B6T0000000611,E3,258000.0,258618.0,258774.0,156.0,618.0,774.0,10,10,64,浅位,否
5,5,outbound,691,B6T0000001180,E3,258900.0,259080.0,259236.0,156.0,180.0,336.0,10,10,10,浅位,是
5,5,inbound,IN0208,B6T0000000611,E3,258000.0,258924.0,259080.0,156.0,924.0,1080.0,10,10,64,深位,是
5,5,outbound,689,B6T0000001180,E3,258900.0,259284.0,259332.0,48.0,384.0,432.0,10,10,10,深位,是
5,5,inbound,IN0119,B6T0000000337,E3,259200.0,259236.0,259284.0,48.0,36.0,84.0,10,10,10,浅位,是
5,5,outbound,2253,B6T0000001205,E3,258900.0,259380.0,259524.0,144.0,480.0,624.0,9,18,18,浅位,是
5,5,inbound,IN0119,B6T0000000337,E3,259200.0,259332.0,259380.0,48.0,132.0,180.0,10,10,10,深位,是
5,5,outbound,160,B6T0000000810,E3,259440.0,259620.0,259716.0,96.0,180.0,276.0,10,14,2,深位,是
5,5,inbound,IN0119,B6T0000000337,E3,259200.0,259524.0,259620.0,96.0,324.0,420.0,9,18,18,浅位,是
5,5,outbound,2252,B6T0000001205,E3,258900.0,259764.0,259908.0,144.0,864.0,1008.0,9,18,18,深位,是
5,5,inbound,IN0289,B6T0000000866,E3,259560.0,259716.0,259764.0,47.99999999999999,156.0,204.0,10,14,2,深位,是
5,5,outbound,2251,B6T0000001205,E3,258900.0,260004.0,260100.0,96.0,1104.0,1200.0,10,18,18,浅位,是
5,5,inbound,IN0289,B6T0000000866,E3,259560.0,259908.0,260004.0,96.0,348.0,444.0,9,18,18,深位,是
5,5,outbound,2295,B6T0000001477,E1,259920.0,260196.0,260292.0,96.0,276.0,372.0,10,2,15,浅位,是
5,5,inbound,IN0206,B6T0000000605,E3,259620.0,260100.0,260196.0,96.0,480.0,576.0,10,18,18,浅位,是
5,5,outbound,2294,B6T0000001477,E1,259920.0,260448.0,260604.0,156.0,528.0,684.0,10,2,15,深位,是
5,5,inbound,IN0206,B6T0000000605,E3,259620.0,260292.0,260448.0,156.0,672.0,828.0,10,11,62,浅位,是
5,5,outbound,2250,B6T0000001205,E3,258900.0,260760.0,260972.0,212.0,1860.0,2072.0,10,18,18,深位,是
5,5,inbound,IN0206,B6T0000000605,E3,259620.0,260604.0,260760.0,156.0,984.0,1140.0,10,11,62,深位,是
5,5,outbound,262,B6T0000001466,E1,259800.0,261068.0,261164.0,96.0,1268.0,1364.0,9,4,2,浅位,是
5,5,inbound,IN0206,B6T0000000605,E3,259620.0,260972.0,261068.0,96.0,1352.0,1448.0,10,18,18,深位,是
5,5,outbound,264,B6T0000001466,E1,259800.0,261320.0,261476.0,156.0,1520.0,1676.0,9,4,2,深位,是
5,5,inbound,IN0119,B6T0000000337,E3,259200.0,261164.0,261320.0,156.0,1964.0,2120.0,10,12,60,浅位,是
5,5,outbound,265,B6T0000001466,E1,259800.0,261632.0,261788.0,156.0,1832.0,1988.0,10,4,2,浅位,是
5,5,inbound,IN0119,B6T0000000337,E3,259200.0,261476.0,261632.0,156.0,2276.0,2432.0,10,12,60,深位,是
5,5,outbound,256,B6T0000001466,E1,259800.0,261946.0,262104.0,158.0,2146.0,2304.0,10,4,2,深位,是
5,5,inbound,IN0119,B6T0000000337,E3,259200.0,261788.0,261946.0,158.0,2588.0,2746.0,9,9,67,浅位,是
5,5,outbound,3605,B6T0000001598,E1,260820.0,262262.0,262420.0,158.0,1442.0,1600.0,9,2,5,深位,是
5,5,inbound,IN0208,B6T0000000611,E3,258000.0,262104.0,262262.0,158.0,4104.0,4262.0,9,9,67,深位,是
5,5,outbound,3604,B6T0000001598,E1,260820.0,262437.0,262462.0,25.0,1617.0,1642.0,10,6,1,深位,是
5,5,inbound,IN0464,B6T0000001396,E1,262260.0,262420.0,262437.0,17.0,160.0,177.0,9,4,2,浅位,是
5,5,outbound,1614,B6T0000001083,E3,261660.0,262479.0,262526.0,46.99999999999999,819.0,866.0,10,9,4,深位,是
5,5,inbound,IN0464,B6T0000001396,E1,262260.0,262462.0,262479.0,17.0,202.0,219.0,9,4,2,深位,是
5,5,outbound,3092,B6T0000000969,E3,260700.0,262543.0,262766.0,223.0,1843.0,2066.0,10,16,34,浅位,是
5,5,inbound,IN0464,B6T0000001396,E1,262260.0,262526.0,262543.0,17.0,266.0,283.0,10,4,2,浅位,是
5,5,outbound,3091,B6T0000000969,E3,260700.0,262783.0,263006.0,223.0,2083.0,2306.0,10,16,34,深位,是
5,5,inbound,IN0464,B6T0000001396,E1,262260.0,262766.0,262783.0,17.0,506.0,523.0,10,4,2,深位,是
5,5,outbound,276,B6T0000000305,E4,260820.0,263038.0,263343.0,305.00000000000017,2218.0,2523.0,10,43,3,浅位,是
5,5,inbound,IN0208,B6T0000000611,E3,258000.0,263006.0,263038.0,31.999999999999996,5006.0,5038.0,10,9,4,深位,是
5,5,outbound,277,B6T0000000305,E4,260820.0,263463.0,263800.0,337.00000000000017,2643.0,2980.0,10,43,3,深位,是
5,5,inbound,IN0208,B6T0000000611,E3,258000.0,263343.0,263463.0,120.0,5343.0,5463.0,10,16,34,浅位,是
5,5,outbound,1613,B6T0000001083,E3,261660.0,263920.0,264040.0,120.0,2260.0,2380.0,9,9,20,浅位,是
5,5,inbound,IN0208,B6T0000000611,E3,258000.0,263800.0,263920.0,120.0,5800.0,5920.0,10,16,34,深位,是
5,5,outbound,1611,B6T0000001083,E3,261660.0,264104.0,264168.0,64.0,2444.0,2508.0,9,9,20,深位,是
5,5,inbound,IN0208,B6T0000000611,E3,258000.0,264040.0,264104.0,64.0,6040.0,6104.0,9,9,20,浅位,是
5,5,outbound,3418,B6T0000000124,E4,260940.0,264232.0,264641.0,409.00000000000017,3292.0,3701.0,10,43,38,浅位,是
5,5,inbound,IN0208,B6T0000000611,E3,258000.0,264168.0,264232.0,64.0,6168.0,6232.0,9,9,20,深位,是
5,5,outbound,3419,B6T0000000124,E4,260940.0,264799.0,265222.0,423.0000000000001,3859.0,4282.0,10,43,38,深位,是
5,5,inbound,IN0208,B6T0000000611,E3,258000.0,264641.0,264799.0,158.0,6641.0,6799.0,9,10,65,浅位,是
5,5,inbound,IN0283,B6T0000000848,E3,258300.0,265222.0,265380.0,158.0,6922.0,7080.0,9,10,65,深位,否
5,5,inbound,IN0283,B6T0000000848,E3,258300.0,265532.0,265690.0,158.0,7232.0,7390.0,9,11,63,浅位,否
5,5,inbound,IN0283,B6T0000000848,E3,258300.0,265842.0,266000.0,158.0,7542.0,7700.0,9,11,63,深位,否
5,5,inbound,IN0327,B6T0000000995,E3,258600.0,266152.0,266310.0,158.0,7552.0,7710.0,9,12,61,浅位,否
5,5,inbound,IN0327,B6T0000000995,E3,258600.0,266462.0,266620.0,158.0,7862.0,8020.0,9,12,61,深位,否
5,5,inbound,IN0395,B6T0000001197,E3,258720.0,266772.0,266930.0,158.0,8052.0,8210.0,9,13,59,浅位,否
5,5,inbound,IN0395,B6T0000001197,E3,258720.0,267082.0,267240.0,158.0,8362.0,8520.0,9,13,59,深位,否
5,5,inbound,IN0395,B6T0000001197,E3,258720.0,267392.0,267550.0,158.0,8672.0,8830.0,10,9,67,浅位,否
5,5,inbound,IN0395,B6T0000001197,E3,258720.0,267702.0,267860.0,158.0,8982.0,9140.0,10,9,67,深位,否
5,5,inbound,IN0395,B6T0000001197,E3,258720.0,268012.0,268170.0,158.0,9292.0,9450.0,10,10,65,浅位,否
5,5,inbound,IN0395,B6T0000001197,E3,258720.0,268322.0,268480.0,158.0,9602.0,9760.0,10,10,65,深位,否
5,5,inbound,IN0395,B6T0000001197,E3,258720.0,268632.0,268790.0,158.0,9912.0,10070.0,10,11,63,浅位,否
5,5,outbound,3124,B6T0000000831,E3,268800.0,269100.0,269282.0,182.0,300.0,482.0,9,14,2,浅位,是
5,5,inbound,IN0395,B6T0000001197,E3,258720.0,268942.0,269100.0,158.0,10222.0,10380.0,10,11,63,深位,是
5,5,outbound,3125,B6T0000000831,E3,268800.0,269330.0,269378.0,47.99999999999999,530.0,578.0,9,14,2,深位,是
5,5,inbound,IN0217,B6T0000000631,E3,269100.0,269282.0,269330.0,47.99999999999999,182.0,230.0,9,14,2,浅位,是
5,5,outbound,3126,B6T0000000831,E3,268800.0,269426.0,269474.0,47.99999999999999,626.0,674.0,10,14,2,浅位,是
5,5,inbound,IN0217,B6T0000000631,E3,269100.0,269378.0,269426.0,47.99999999999999,278.0,326.0,9,14,2,深位,是
5,5,inbound,IN0217,B6T0000000631,E3,269100.0,269474.0,269522.0,47.99999999999999,374.0,422.0,10,14,2,浅位,否
5,5,inbound,IN0217,B6T0000000631,E3,269100.0,269564.0,269722.0,158.0,464.0,622.0,10,12,61,浅位,否
5,5,inbound,IN0217,B6T0000000631,E3,269100.0,269874.0,270032.0,158.0,774.0,932.0,10,12,61,深位,否
5,5,inbound,IN0217,B6T0000000631,E3,269100.0,270184.0,270342.0,158.0,1084.0,1242.0,10,13,59,浅位,否
5,5,inbound,IN0217,B6T0000000631,E3,269100.0,270494.0,270652.0,158.0,1394.0,1552.0,10,13,59,深位,否
5,5,inbound,IN0217,B6T0000000631,E3,269100.0,270804.0,270964.0,160.0,1704.0,1864.0,9,9,68,浅位,否
5,5,inbound,IN0217,B6T0000000631,E3,269100.0,271118.0,271278.0,160.0,2018.0,2178.0,9,9,68,深位,否
5,5,outbound,3139,B6T0000000039,E4,270480.0,271592.0,272027.0,435.0000000000001,1112.0,1547.0,9,44,27,浅位,是
5,5,inbound,IN0217,B6T0000000631,E3,269100.0,271432.0,271592.0,160.0,2332.0,2492.0,9,10,66,浅位,是
5,5,inbound,IN0217,B6T0000000631,E3,269100.0,272027.0,272187.0,160.0,2927.0,3087.0,9,10,66,深位,否
5,5,inbound,IN0217,B6T0000000631,E3,269100.0,272341.0,272501.0,160.0,3241.0,3401.0,9,11,64,浅位,否
5,5,inbound,IN0217,B6T0000000631,E3,269100.0,272655.0,272815.0,160.0,3555.0,3715.0,9,11,64,深位,否
5,5,inbound,IN0217,B6T0000000631,E3,269100.0,272969.0,273129.0,160.0,3869.0,4029.0,9,12,62,浅位,否
5,5,inbound,IN0217,B6T0000000631,E3,269100.0,273283.0,273443.0,160.0,4183.0,4343.0,9,12,62,深位,否
5,5,inbound,IN0217,B6T0000000631,E3,269100.0,273597.0,273757.0,160.0,4497.0,4657.0,9,13,60,浅位,否
5,5,inbound,IN0217,B6T0000000631,E3,269100.0,273911.0,274071.0,160.0,4811.0,4971.0,9,13,60,深位,否
5,5,inbound,IN0217,B6T0000000631,E3,269100.0,274225.0,274385.0,160.0,5125.0,5285.0,9,14,58,浅位,否
5,5,inbound,IN0217,B6T0000000631,E3,269100.0,274539.0,274699.0,160.0,5439.0,5599.0,9,14,58,深位,否
5,5,inbound,IN0217,B6T0000000631,E3,269100.0,274853.0,275013.0,160.0,5753.0,5913.0,10,9,68,浅位,否
5,5,inbound,IN0217,B6T0000000631,E3,269100.0,275167.0,275327.0,160.0,6067.0,6227.0,10,9,68,深位,否
5,5,inbound,IN0132,B6T0000000392,E3,269400.0,275481.0,275641.0,160.0,6081.0,6241.0,10,10,66,浅位,否
5,5,inbound,IN0132,B6T0000000392,E3,269400.0,275795.0,275955.0,160.0,6395.0,6555.0,10,10,66,深位,否
5,5,inbound,IN0395,B6T0000001197,E3,258720.0,276109.0,276269.0,160.0,17389.0,17549.0,10,11,64,浅位,否
5,5,inbound,IN0395,B6T0000001197,E3,258720.0,276423.0,276583.0,160.0,17703.0,17863.0,10,11,64,深位,否
5,5,inbound,IN0395,B6T0000001197,E3,258720.0,276737.0,276897.0,160.0,18017.0,18177.0,10,12,62,浅位,否
5,5,inbound,IN0395,B6T0000001197,E3,258720.0,277051.0,277211.0,160.0,18331.0,18491.0,10,12,62,深位,否
5,5,inbound,IN0395,B6T0000001197,E3,258720.0,277365.0,277525.0,160.0,18645.0,18805.0,10,13,60,浅位,否
5,5,inbound,IN0395,B6T0000001197,E3,258720.0,277679.0,277839.0,160.0,18959.0,19119.0,10,13,60,深位,否
5,5,inbound,IN0395,B6T0000001197,E3,258720.0,277993.0,278153.0,160.0,19273.0,19433.0,10,14,58,浅位,否
5,5,inbound,IN0395,B6T0000001197,E3,258720.0,278307.0,278467.0,160.0,19587.0,19747.0,10,14,58,深位,否
5,5,inbound,IN0492,B6T0000001478,E1,278400.0,278621.0,278640.0,19.0,221.0,240.0,9,2,5,深位,否
5,5,inbound,IN0492,B6T0000001478,E1,278400.0,278653.0,278672.0,19.0,253.0,272.0,10,6,1,深位,否
5,5,inbound,IN0492,B6T0000001478,E1,278400.0,278685.0,278724.0,39.0,285.0,324.0,10,2,15,浅位,否
5,5,inbound,IN0492,B6T0000001478,E1,278400.0,278757.0,278796.0,39.0,357.0,396.0,10,2,15,深位,否
5,5,inbound,IN0492,B6T0000001478,E1,278400.0,278829.0,278926.0,97.0,429.0,526.0,9,2,44,深位,否
5,5,inbound,IN0492,B6T0000001478,E1,278400.0,279017.0,279116.0,99.0,617.0,716.0,9,1,46,深位,否
5,5,inbound,IN0492,B6T0000001478,E1,278400.0,279209.0,279310.0,101.0,809.0,910.0,9,8,40,浅位,否
5,5,inbound,IN0492,B6T0000001478,E1,278400.0,279405.0,279506.0,101.0,1005.0,1106.0,9,8,40,深位,否
5,5,inbound,IN0492,B6T0000001478,E1,278400.0,279601.0,279704.0,103.0,1201.0,1304.0,9,4,45,深位,否
5,5,inbound,IN0395,B6T0000001197,E3,258720.0,279801.0,279963.0,162.0,21081.0,21243.0,9,10,67,浅位,否
5,5,inbound,IN0395,B6T0000001197,E3,258720.0,280119.0,280281.0,162.0,21399.0,21561.0,9,10,67,深位,否
5,5,inbound,IN0395,B6T0000001197,E3,258720.0,280437.0,280599.0,162.0,21717.0,21879.0,9,11,65,浅位,否
5,5,inbound,IN0395,B6T0000001197,E3,258720.0,280755.0,280917.0,162.0,22035.0,22197.0,9,11,65,深位,否
5,5,inbound,IN0395,B6T0000001197,E3,258720.0,281073.0,281235.0,162.0,22353.0,22515.0,9,12,63,浅位,否
5,5,inbound,IN0395,B6T0000001197,E3,258720.0,281391.0,281553.0,162.0,22671.0,22833.0,9,12,63,深位,否
5,5,inbound,IN0395,B6T0000001197,E3,258720.0,281709.0,281871.0,162.0,22989.0,23151.0,9,13,61,浅位,否
5,5,inbound,IN0395,B6T0000001197,E3,258720.0,282027.0,282189.0,162.0,23307.0,23469.0,9,13,61,深位,否
5,5,inbound,IN0395,B6T0000001197,E3,258720.0,282345.0,282507.0,162.0,23625.0,23787.0,9,14,59,浅位,否
5,5,inbound,IN0395,B6T0000001197,E3,258720.0,282663.0,282825.0,162.0,23943.0,24105.0,9,14,59,深位,否
5,5,inbound,IN0395,B6T0000001197,E3,258720.0,282981.0,283143.0,162.0,24261.0,24423.0,9,15,57,浅位,否
5,5,outbound,2566,B6T0000001793,E1,283080.0,283461.0,283623.0,162.0,381.0,543.0,9,2,2,浅位,是
5,5,inbound,IN0395,B6T0000001197,E3,258720.0,283299.0,283461.0,162.0,24579.0,24741.0,9,15,57,深位,是
5,5,outbound,2565,B6T0000001793,E1,283080.0,283785.0,283947.0,162.0,705.0,867.0,9,2,2,深位,是
5,5,inbound,IN0395,B6T0000001197,E3,258720.0,283623.0,283785.0,162.0,24903.0,25065.0,10,10,67,浅位,是
5,5,outbound,2567,B6T0000001793,E1,283080.0,284109.0,284271.0,162.0,1029.0,1191.0,10,2,2,浅位,是
5,5,inbound,IN0395,B6T0000001197,E3,258720.0,283947.0,284109.0,162.0,25227.0,25389.0,10,10,67,深位,是
5,5,outbound,2568,B6T0000001793,E1,283080.0,284433.0,284595.0,162.0,1353.0,1515.0,10,2,2,深位,是
5,5,inbound,IN0395,B6T0000001197,E3,258720.0,284271.0,284433.0,162.0,25551.0,25713.0,10,11,65,浅位,是
5,5,outbound,2569,B6T0000001793,E1,283080.0,284608.0,284677.0,69.0,1528.0,1597.0,9,1,16,浅位,是
5,5,inbound,IN0518,B6T0000001548,E1,284340.0,284595.0,284608.0,13.0,255.0,268.0,9,2,2,浅位,是
5,5,inbound,IN0518,B6T0000001548,E1,284340.0,284677.0,284690.0,13.0,337.0,350.0,9,2,2,深位,否
5,5,inbound,IN0395,B6T0000001197,E3,258720.0,284697.0,284859.0,162.0,25977.0,26139.0,10,11,65,深位,否
5,5,inbound,IN0645,B6T0000001950,E1,284880.0,285015.0,285028.0,13.0,135.0,148.0,10,2,2,浅位,否
5,5,inbound,IN0645,B6T0000001950,E1,284880.0,285035.0,285048.0,13.0,155.0,168.0,10,2,2,深位,否
5,5,inbound,IN0395,B6T0000001197,E3,258720.0,285055.0,285217.0,162.0,26335.0,26497.0,10,12,63,浅位,否
5,5,inbound,IN0395,B6T0000001197,E3,258720.0,285373.0,285535.0,162.0,26653.0,26815.0,10,12,63,深位,否
5,5,outbound,3375,B6T0000000638,E3,285420.0,285853.0,286055.0,202.0,433.0,635.0,9,18,41,浅位,是
5,5,inbound,IN0395,B6T0000001197,E3,258720.0,285691.0,285853.0,162.0,26971.0,27133.0,10,13,61,浅位,是
5,5,outbound,3374,B6T0000000638,E3,285420.0,286197.0,286339.0,142.0,777.0,919.0,9,18,41,深位,是
5,5,inbound,IN0395,B6T0000001197,E3,258720.0,286055.0,286197.0,142.0,27335.0,27477.0,9,18,41,浅位,是
5,5,inbound,IN0395,B6T0000001197,E3,258720.0,286339.0,286481.0,142.0,27619.0,27761.0,9,18,41,深位,否
5,5,inbound,IN0395,B6T0000001197,E3,258720.0,286617.0,286779.0,162.0,27897.0,28059.0,10,13,61,深位,否
5,5,outbound,577,B6T0000001238,E3,286320.0,287097.0,287275.0,178.0,777.0,955.0,9,16,3,浅位,是
5,5,inbound,IN0395,B6T0000001197,E3,258720.0,286935.0,287097.0,162.0,28215.0,28377.0,10,14,59,浅位,是
5,5,outbound,2077,B6T0000001546,E1,287100.0,287333.0,287423.0,90.0,233.0,323.0,9,4,11,浅位,是
5,5,inbound,IN0395,B6T0000001197,E3,258720.0,287275.0,287333.0,57.99999999999999,28555.0,28613.0,9,16,3,浅位,是
5,5,outbound,2076,B6T0000001546,E1,287100.0,287585.0,287747.0,162.0,485.0,647.0,9,4,11,深位,是
5,5,inbound,IN0395,B6T0000001197,E3,258720.0,287423.0,287585.0,162.0,28703.0,28865.0,10,14,59,深位,是
5,5,outbound,2110,B6T0000000611,E3,287640.0,287909.0,288071.0,162.0,269.0,431.0,10,9,4,深位,是
5,5,inbound,IN0395,B6T0000001197,E3,258720.0,287747.0,287909.0,162.0,29027.0,29189.0,10,15,57,浅位,是
5,5,outbound,2075,B6T0000001546,E1,287100.0,288103.0,288163.0,60.0,1003.0,1063.0,10,4,11,浅位,是
5,5,inbound,IN0378,B6T0000001149,E3,287880.0,288071.0,288103.0,31.999999999999996,191.0,223.0,10,9,4,深位,是
5,5,outbound,2074,B6T0000001546,E1,287100.0,288325.0,288487.0,162.0,1225.0,1387.0,10,4,11,深位,是
5,5,inbound,IN0378,B6T0000001149,E3,287880.0,288163.0,288325.0,162.0,283.0,445.0,10,15,57,深位,是
5,5,outbound,571,B6T0000001238,E3,286320.0,288651.0,288863.0,212.0,2331.0,2543.0,9,16,3,深位,是
5,5,inbound,IN0378,B6T0000001149,E3,287880.0,288487.0,288651.0,164.0,607.0,771.0,9,10,68,浅位,是
5,5,outbound,570,B6T0000001238,E3,286320.0,288921.0,288979.0,57.99999999999999,2601.0,2659.0,10,16,3,浅位,是
5,5,inbound,IN0378,B6T0000001149,E3,287880.0,288863.0,288921.0,57.99999999999999,983.0,1041.0,9,16,3,深位,是
5,5,outbound,2109,B6T0000000611,E3,287640.0,289037.0,289163.0,126.0,1397.0,1523.0,9,9,20,浅位,是
5,5,inbound,IN0378,B6T0000001149,E3,287880.0,288979.0,289037.0,57.99999999999999,1099.0,1157.0,10,16,3,浅位,是
5,5,outbound,2108,B6T0000000611,E3,287640.0,289227.0,289291.0,64.0,1587.0,1651.0,9,9,20,深位,是
5,5,inbound,IN0378,B6T0000001149,E3,287880.0,289163.0,289227.0,64.0,1283.0,1347.0,9,9,20,浅位,是
5,5,outbound,1340,B6T0000000043,E4,286740.0,289355.0,289712.0,357.00000000000017,2615.0,2972.0,9,45,3,浅位,是
5,5,inbound,IN0378,B6T0000001149,E3,287880.0,289291.0,289355.0,64.0,1411.0,1475.0,9,9,20,深位,是
5,5,outbound,1342,B6T0000000043,E4,286740.0,289876.0,290325.0,449.0000000000002,3136.0,3585.0,9,45,3,深位,是
5,5,inbound,IN0378,B6T0000001149,E3,287880.0,289712.0,289876.0,164.0,1832.0,1996.0,9,10,68,深位,是
5,5,outbound,2999,B6T0000000956,E3,289920.0,290489.0,290781.0,292.0,569.0,861.0,9,27,21,浅位,是
5,5,inbound,IN0378,B6T0000001149,E3,287880.0,290325.0,290489.0,164.0,2445.0,2609.0,9,11,66,浅位,是
5,5,outbound,3000,B6T0000000956,E3,289920.0,290919.0,291057.0,138.0,999.0,1137.0,9,27,21,深位,是
5,5,inbound,IN0378,B6T0000001149,E3,287880.0,290781.0,290919.0,138.0,2901.0,3039.0,9,27,21,浅位,是
5,5,outbound,2998,B6T0000000956,E3,289920.0,291195.0,291333.0,138.0,1275.0,1413.0,10,27,21,浅位,是
5,5,inbound,IN0378,B6T0000001149,E3,287880.0,291057.0,291195.0,138.0,3177.0,3315.0,9,27,21,深位,是
5,5,outbound,1343,B6T0000000043,E4,286740.0,291471.0,291758.0,287.00000000000017,4731.0,5018.0,10,45,3,浅位,是
5,5,inbound,IN0378,B6T0000001149,E3,287880.0,291333.0,291471.0,138.0,3453.0,3591.0,10,27,21,浅位,是
5,5,outbound,1346,B6T0000000043,E4,286740.0,291922.0,292363.0,441.0000000000002,5182.0,5623.0,10,45,3,深位,是
5,5,inbound,IN0424,B6T0000001296,E3,288000.0,291758.0,291922.0,164.0,3758.0,3922.0,9,11,66,深位,是
5,5,inbound,IN0424,B6T0000001296,E3,288000.0,292363.0,292527.0,164.0,4363.0,4527.0,9,12,64,浅位,否
5,5,inbound,IN0138,B6T0000000411,E3,288060.0,292685.0,292849.0,164.0,4625.0,4789.0,9,12,64,深位,否
5,5,inbound,IN0138,B6T0000000411,E3,288060.0,293007.0,293171.0,164.0,4947.0,5111.0,9,13,62,浅位,否
5,5,inbound,IN0138,B6T0000000411,E3,288060.0,293329.0,293493.0,164.0,5269.0,5433.0,9,13,62,深位,否
5,5,inbound,IN0138,B6T0000000411,E3,288060.0,293651.0,293815.0,164.0,5591.0,5755.0,9,14,60,浅位,否
5,5,inbound,IN0138,B6T0000000411,E3,288060.0,293973.0,294137.0,164.0,5913.0,6077.0,9,14,60,深位,否
5,5,inbound,IN0138,B6T0000000411,E3,288060.0,294295.0,294459.0,164.0,6235.0,6399.0,9,15,58,浅位,否
5,5,inbound,IN0138,B6T0000000411,E3,288060.0,294617.0,294781.0,164.0,6557.0,6721.0,9,15,58,深位,否
5,5,inbound,IN0138,B6T0000000411,E3,288060.0,294939.0,295103.0,164.0,6879.0,7043.0,9,16,56,浅位,否
5,5,inbound,IN0138,B6T0000000411,E3,288060.0,295261.0,295425.0,164.0,7201.0,7365.0,9,16,56,深位,否
5,5,outbound,1333,B6T0000000043,E4,286740.0,295747.0,296196.0,449.0000000000002,9007.0,9456.0,9,45,6,浅位,是
5,5,inbound,IN0138,B6T0000000411,E3,288060.0,295583.0,295747.0,164.0,7523.0,7687.0,10,10,68,浅位,是
5,5,outbound,467,B6T0000001382,E1,295980.0,296360.0,296524.0,164.0,380.0,544.0,9,2,4,浅位,是
5,5,inbound,IN0138,B6T0000000411,E3,288060.0,296196.0,296360.0,164.0,8136.0,8300.0,10,10,68,深位,是
5,5,outbound,466,B6T0000001382,E1,295980.0,296688.0,296852.0,164.0,708.0,872.0,9,2,4,深位,是
5,5,inbound,IN0138,B6T0000000411,E3,288060.0,296524.0,296688.0,164.0,8464.0,8628.0,10,11,66,浅位,是
5,5,outbound,464,B6T0000001382,E1,295980.0,297016.0,297180.0,164.0,1036.0,1200.0,10,2,4,浅位,是
5,5,inbound,IN0138,B6T0000000411,E3,288060.0,296852.0,297016.0,164.0,8792.0,8956.0,10,11,66,深位,是
5,5,outbound,463,B6T0000001382,E1,295980.0,297344.0,297508.0,164.0,1364.0,1528.0,10,2,4,深位,是
5,5,inbound,IN0138,B6T0000000411,E3,288060.0,297180.0,297344.0,164.0,9120.0,9284.0,10,12,64,浅位,是
5,5,outbound,1345,B6T0000000043,E4,286740.0,297672.0,298105.0,433.0000000000002,10932.0,11365.0,9,45,6,深位,是
5,5,inbound,IN0138,B6T0000000411,E3,288060.0,297508.0,297672.0,164.0,9448.0,9612.0,10,12,64,深位,是
5,5,outbound,1334,B6T0000000043,E4,286740.0,298269.0,298694.0,425.00000000000017,11529.0,11954.0,10,45,6,浅位,是
5,5,inbound,IN0138,B6T0000000411,E3,288060.0,298105.0,298269.0,164.0,10045.0,10209.0,10,13,62,浅位,是
5,5,outbound,1339,B6T0000000043,E4,286740.0,298858.0,299283.0,425.00000000000017,12118.0,12543.0,10,45,6,深位,是
5,5,inbound,IN0138,B6T0000000411,E3,288060.0,298694.0,298858.0,164.0,10634.0,10798.0,10,13,62,深位,是
5,5,inbound,IN0138,B6T0000000411,E3,288060.0,299283.0,299447.0,164.0,11223.0,11387.0,10,14,60,浅位,否
5,5,inbound,IN0138,B6T0000000411,E3,288060.0,299605.0,299769.0,164.0,11545.0,11709.0,10,14,60,深位,否
5,5,inbound,IN0138,B6T0000000411,E3,288060.0,299927.0,300091.0,164.0,11867.0,12031.0,10,15,58,浅位,否
5,5,outbound,3517,B6T0000000866,E3,300180.0,300413.0,300577.0,164.0,233.0,397.0,10,14,2,深位,是
5,5,inbound,IN0138,B6T0000000411,E3,288060.0,300249.0,300413.0,164.0,12189.0,12353.0,10,15,58,深位,是
5,5,outbound,3516,B6T0000000866,E3,300180.0,300625.0,300769.0,144.0,445.0,589.0,9,18,18,深位,是
5,5,inbound,IN0138,B6T0000000411,E3,288060.0,300577.0,300625.0,47.99999999999999,12517.0,12565.0,10,14,2,深位,是
5,5,inbound,IN0138,B6T0000000411,E3,288060.0,300769.0,300865.0,96.0,12709.0,12805.0,9,18,18,深位,否
5,5,inbound,IN0138,B6T0000000411,E3,288060.0,300955.0,301119.0,164.0,12895.0,13059.0,10,16,56,浅位,否
5,5,inbound,IN0138,B6T0000000411,E3,288060.0,301277.0,301441.0,164.0,13217.0,13381.0,10,16,56,深位,否
5,5,inbound,IN0138,B6T0000000411,E3,288060.0,301599.0,301765.0,166.0,13539.0,13705.0,9,11,67,浅位,否
5,5,inbound,IN0530,B6T0000001576,E1,301800.0,301925.0,301942.0,17.0,125.0,142.0,9,2,4,浅位,否
5,5,inbound,IN0530,B6T0000001576,E1,301800.0,301953.0,301970.0,17.0,153.0,170.0,9,2,4,深位,否
5,5,inbound,IN0507,B6T0000001525,E1,301860.0,301981.0,301998.0,17.0,121.0,138.0,10,2,4,浅位,否
5,5,inbound,IN0507,B6T0000001525,E1,301860.0,302009.0,302026.0,17.0,149.0,166.0,10,2,4,深位,否
5,5,inbound,IN0507,B6T0000001525,E1,301860.0,302037.0,302072.0,35.0,177.0,212.0,9,4,11,浅位,否
5,5,inbound,IN0138,B6T0000000411,E3,288060.0,302101.0,302267.0,166.0,14041.0,14207.0,9,11,67,深位,否
5,5,outbound,1521,B6T0000000228,E4,301800.0,302593.0,303008.0,415.0000000000001,793.0,1208.0,9,43,10,浅位,是
5,5,inbound,IN0138,B6T0000000411,E3,288060.0,302427.0,302593.0,166.0,14367.0,14533.0,9,12,65,浅位,是
5,5,outbound,1519,B6T0000000228,E4,301800.0,303174.0,303589.0,415.0000000000001,1374.0,1789.0,9,43,10,深位,是
5,5,inbound,IN0138,B6T0000000411,E3,288060.0,303008.0,303174.0,166.0,14948.0,15114.0,9,12,65,深位,是
5,5,outbound,1522,B6T0000000228,E4,301800.0,303755.0,304162.0,407.00000000000017,1955.0,2362.0,10,43,10,浅位,是
5,5,inbound,IN0138,B6T0000000411,E3,288060.0,303589.0,303755.0,166.0,15529.0,15695.0,9,13,63,浅位,是
5,5,outbound,1218,B6T0000000577,E3,302040.0,304328.0,304494.0,166.0,2288.0,2454.0,9,9,16,浅位,是
5,5,inbound,IN0395,B6T0000001197,E3,258720.0,304162.0,304328.0,166.0,45442.0,45608.0,9,13,63,深位,是
5,5,outbound,1529,B6T0000000228,E4,301800.0,304550.0,304879.0,329.00000000000017,2750.0,3079.0,10,43,10,深位,是
5,5,inbound,IN0225,B6T0000000647,E3,258840.0,304494.0,304550.0,56.0,45654.0,45710.0,9,9,16,浅位,是
5,5,outbound,3162,B6T0000000924,E3,304500.0,305045.0,305235.0,190.0,545.0,735.0,9,17,35,浅位,是
5,5,inbound,IN0225,B6T0000000647,E3,258840.0,304879.0,305045.0,166.0,46039.0,46205.0,9,14,61,浅位,是
5,5,outbound,3160,B6T0000000924,E3,304500.0,305361.0,305487.0,126.0,861.0,987.0,9,17,35,深位,是
5,5,inbound,IN0225,B6T0000000647,E3,258840.0,305235.0,305361.0,126.0,46395.0,46521.0,9,17,35,浅位,是
5,5,inbound,IN0225,B6T0000000647,E3,258840.0,305487.0,305613.0,126.0,46647.0,46773.0,9,17,35,深位,否
5,5,inbound,IN0225,B6T0000000647,E3,258840.0,305733.0,305899.0,166.0,46893.0,47059.0,9,14,61,深位,否
5,5,inbound,IN0225,B6T0000000647,E3,258840.0,306059.0,306225.0,166.0,47219.0,47385.0,9,15,59,浅位,否
5,5,inbound,IN0225,B6T0000000647,E3,258840.0,306385.0,306551.0,166.0,47545.0,47711.0,9,15,59,深位,否
5,5,inbound,IN0108,B6T0000000316,E4,263700.0,306711.0,306877.5,166.50000000000009,43011.0,43177.5,10,43,3,浅位,否
5,5,outbound,808,B6T0000000540,E3,305460.0,307204.5,307371.0,166.50000000000006,1744.5,1911.0,9,18,2,浅位,是
5,5,inbound,IN0108,B6T0000000316,E4,263700.0,307038.0,307204.5,166.50000000000009,43338.0,43504.5,10,43,3,深位,是
5,5,outbound,806,B6T0000000540,E3,305460.0,307547.5,307724.0,176.50000000000009,2087.5,2264.0,9,18,2,深位,是
5,5,inbound,IN0108,B6T0000000316,E4,263700.0,307371.0,307547.5,176.50000000000009,43671.0,43847.5,9,45,3,浅位,是
5,5,outbound,803,B6T0000000540,E3,305460.0,307900.5,308077.0,176.50000000000009,2440.5,2617.0,10,18,2,浅位,是
5,5,inbound,IN0108,B6T0000000316,E4,263700.0,307724.0,307900.5,176.50000000000009,44024.0,44200.5,9,45,3,深位,是
5,5,outbound,809,B6T0000000540,E3,305460.0,308253.5,308430.0,176.50000000000009,2793.5,2970.0,10,18,2,深位,是
5,5,inbound,IN0022,B6T0000000065,E4,263760.0,308077.0,308253.5,176.50000000000009,44317.0,44493.5,10,45,3,浅位,是
5,5,outbound,332,B6T0000000139,E4,302220.0,308606.5,308783.0,176.50000000000009,6386.5,6563.0,9,45,1,浅位,是
5,5,inbound,IN0022,B6T0000000065,E4,263760.0,308430.0,308606.5,176.50000000000009,44670.0,44846.5,10,45,3,深位,是
5,5,outbound,337,B6T0000000139,E4,302220.0,308955.5,309128.0,172.50000000000009,6735.5,6908.0,9,45,1,深位,是
5,5,inbound,IN0022,B6T0000000065,E4,263760.0,308783.0,308955.5,172.50000000000009,45023.0,45195.5,9,45,1,浅位,是
5,5,outbound,1633,B6T0000001117,E3,308820.0,309300.5,309533.0,232.50000000000009,480.5,713.0,9,13,16,浅位,是
5,5,inbound,IN0080,B6T0000000221,E4,284640.0,309128.0,309300.5,172.50000000000009,24488.0,24660.5,9,45,1,深位,是
5,5,outbound,1634,B6T0000001117,E3,308820.0,309713.5,309918.0,204.50000000000009,893.5,1098.0,9,13,16,深位,是
5,5,inbound,IN0080,B6T0000000221,E4,284640.0,309533.0,309713.5,180.50000000000009,24893.0,25073.5,9,43,10,浅位,是
5,5,outbound,2983,B6T0000001539,E1,309720.0,310098.5,310279.0,180.50000000000006,378.5,559.0,9,7,5,浅位,是
5,5,inbound,IN0080,B6T0000000221,E4,284640.0,309918.0,310098.5,180.50000000000009,25278.0,25458.5,9,43,10,深位,是
5,5,outbound,2984,B6T0000001539,E1,309720.0,310459.5,310640.0,180.50000000000006,739.5,920.0,9,7,5,深位,是
5,5,inbound,IN0080,B6T0000000221,E4,284640.0,310279.0,310459.5,180.50000000000009,25639.0,25819.5,10,43,10,浅位,是
5,5,outbound,2985,B6T0000001539,E1,309720.0,310820.5,311001.0,180.50000000000006,1100.5,1281.0,10,7,5,浅位,是
5,5,inbound,IN0034,B6T0000000103,E4,298440.0,310640.0,310820.5,180.50000000000009,12200.0,12380.5,10,43,10,深位,是
5,5,outbound,305,B6T0000001196,E3,309300.0,311183.5,311366.0,182.50000000000009,1883.5,2066.0,9,13,5,浅位,是
5,5,inbound,IN0034,B6T0000000103,E4,298440.0,311001.0,311183.5,182.50000000000009,12561.0,12743.5,9,45,6,浅位,是
5,5,outbound,304,B6T0000001196,E3,309300.0,311548.5,311731.0,182.50000000000009,2248.5,2431.0,9,13,5,深位,是
5,5,inbound,IN0034,B6T0000000103,E4,298440.0,311366.0,311548.5,182.50000000000009,12926.0,13108.5,9,45,6,深位,是
5,5,outbound,292,B6T0000001196,E3,309300.0,311913.5,312096.0,182.50000000000009,2613.5,2796.0,10,13,5,浅位,是
5,5,inbound,IN0034,B6T0000000103,E4,298440.0,311731.0,311913.5,182.50000000000009,13291.0,13473.5,10,45,6,浅位,是
5,5,outbound,301,B6T0000001196,E3,309300.0,312278.5,312461.0,182.50000000000009,2978.5,3161.0,10,13,5,深位,是
5,5,inbound,IN0024,B6T0000000078,E4,299340.0,312096.0,312278.5,182.50000000000009,12756.0,12938.5,10,45,6,深位,是
5,5,outbound,1643,B6T0000001117,E3,308820.0,312680.5,312900.0,219.50000000000006,3860.5,4080.0,10,13,16,浅位,是
5,5,inbound,IN0024,B6T0000000078,E4,299340.0,312461.0,312680.5,219.50000000000009,13121.0,13340.5,9,44,27,浅位,是
5,5,outbound,247,B6T0000000581,E3,311640.0,312900.0,312978.0,78.0,1260.0,1338.0,9,9,9,浅位,否
5,5,outbound,248,B6T0000000581,E3,311640.0,312978.0,313056.0,78.0,1338.0,1416.0,9,9,9,深位,否
5,5,outbound,249,B6T0000000581,E3,311640.0,313056.0,313134.0,78.0,1416.0,1494.0,10,9,9,浅位,否
5,5,outbound,250,B6T0000000581,E3,311640.0,313134.0,313212.0,78.0,1494.0,1572.0,10,9,9,深位,否
5,5,outbound,1642,B6T0000001117,E3,308820.0,313212.0,313350.0,138.0,4392.0,4530.0,10,13,16,深位,否
5,5,outbound,2972,B6T0000000633,E3,308760.0,313350.0,313656.0,306.0000000000001,4590.0,4896.0,9,37,10,浅位,否
5,5,outbound,3350,B6T0000000064,E4,307740.0,313656.0,314073.0,417.00000000000017,5916.0,6333.0,10,44,23,浅位,否
5,5,outbound,1788,B6T0000001685,E1,313920.0,314073.0,314129.0,56.0,153.0,209.0,10,5,8,浅位,否
5,5,outbound,1793,B6T0000001685,E1,313920.0,314129.0,314185.0,56.0,209.0,265.0,10,5,8,深位,否
5,5,outbound,3351,B6T0000000064,E4,307740.0,314185.0,314602.0,417.00000000000017,6445.0,6862.0,10,44,23,深位,否
5,5,outbound,838,B6T0000001220,E3,312960.0,315180.0,315270.0,90.0,2220.0,2310.0,9,9,12,浅位,否
5,5,outbound,839,B6T0000001220,E3,312960.0,315270.0,315360.0,90.0,2310.0,2400.0,9,9,12,深位,否
5,5,outbound,840,B6T0000001220,E3,312960.0,315360.0,315450.0,90.0,2400.0,2490.0,10,9,12,浅位,否
5,5,outbound,841,B6T0000001220,E3,312960.0,315450.0,315540.0,90.0,2490.0,2580.0,10,9,12,深位,否
5,5,outbound,492,B6T0000001101,E3,309960.0,315540.0,315634.0,94.0,5580.0,5674.0,9,12,7,浅位,否
5,5,outbound,494,B6T0000001101,E3,309960.0,315634.0,315728.0,94.0,5674.0,5768.0,9,12,7,深位,否
5,5,outbound,495,B6T0000001101,E3,309960.0,315728.0,315822.0,94.0,5768.0,5862.0,10,12,7,浅位,否
5,5,outbound,496,B6T0000001101,E3,309960.0,315822.0,315916.0,94.0,5862.0,5956.0,10,12,7,深位,否
5,5,inbound,IN0360,B6T0000001107,E3,317760.0,317760.0,317802.0,42.0,0.0,42.0,9,9,9,浅位,否
5,5,inbound,IN0360,B6T0000001107,E3,317760.0,317838.0,317880.0,42.0,78.0,120.0,9,9,9,深位,否
5,5,inbound,IN0360,B6T0000001107,E3,317760.0,317916.0,317958.0,42.0,156.0,198.0,10,9,9,浅位,否
5,5,inbound,IN0360,B6T0000001107,E3,317760.0,317994.0,318036.0,42.0,234.0,276.0,10,9,9,深位,否
5,5,inbound,IN0360,B6T0000001107,E3,317760.0,318072.0,318120.0,48.0,312.0,360.0,9,9,12,浅位,否
5,5,inbound,IN0360,B6T0000001107,E3,317760.0,318162.0,318210.0,48.0,402.0,450.0,9,9,12,深位,否
5,5,inbound,IN0360,B6T0000001107,E3,317760.0,318252.0,318300.0,48.0,492.0,540.0,10,9,12,浅位,否
5,5,inbound,IN0360,B6T0000001107,E3,317760.0,318342.0,318390.0,48.0,582.0,630.0,10,9,12,深位,否
5,5,outbound,234,B6T0000000581,E3,311640.0,318805.0,318887.0,82.0,7165.0,7247.0,9,10,8,浅位,否
5,5,outbound,229,B6T0000000581,E3,311640.0,319928.0,320030.0,101.99999999999999,8288.0,8390.0,9,16,1,浅位,否
5,5,outbound,242,B6T0000000581,E3,311640.0,320030.0,320132.0,101.99999999999999,8390.0,8492.0,9,16,1,深位,否
5,5,inbound,IN0511,B6T0000001534,E1,342180.0,342180.0,342209.0,29.0,0.0,29.0,9,7,5,浅位,否
5,5,inbound,IN0511,B6T0000001534,E1,342180.0,342232.0,342261.0,29.0,52.0,81.0,9,7,5,深位,否
5,5,inbound,IN0511,B6T0000001534,E1,342180.0,342284.0,342313.0,29.0,104.0,133.0,10,7,5,浅位,否
5,5,inbound,IN0635,B6T0000001919,E1,342180.0,342336.0,342367.0,31.0,156.0,187.0,10,5,8,浅位,否
5,5,inbound,IN0635,B6T0000001919,E1,342180.0,342392.0,342423.0,31.0,212.0,243.0,10,5,8,深位,否
5,5,inbound,IN0635,B6T0000001919,E1,342180.0,342448.0,342483.0,35.0,268.0,303.0,9,4,11,深位,否
5,5,inbound,IN0635,B6T0000001919,E1,342180.0,342512.0,342547.0,35.0,332.0,367.0,10,4,11,浅位,否
5,5,inbound,IN0233,B6T0000000680,E3,343140.0,343140.0,343184.0,44.0,0.0,44.0,9,10,8,浅位,否
5,5,inbound,IN0233,B6T0000000680,E3,343140.0,343222.0,343272.0,50.0,82.0,132.0,9,13,5,浅位,否
5,5,inbound,IN0233,B6T0000000680,E3,343140.0,343316.0,343366.0,50.0,176.0,226.0,9,13,5,深位,否
5,5,inbound,IN0233,B6T0000000680,E3,343140.0,343410.0,343460.0,50.0,270.0,320.0,10,13,5,浅位,否
5,5,inbound,IN0233,B6T0000000680,E3,343140.0,343504.0,343554.0,50.0,364.0,414.0,10,13,5,深位,否
5,5,inbound,IN0233,B6T0000000680,E3,343140.0,343598.0,343648.0,50.0,458.0,508.0,9,12,7,浅位,否
5,5,inbound,IN0663,B6T0000001989,E1,343620.0,343692.0,343727.0,35.0,72.0,107.0,10,4,11,深位,否
5,5,inbound,IN0663,B6T0000001989,E1,343620.0,343756.0,343795.0,39.0,136.0,175.0,9,1,16,浅位,否
5,5,inbound,IN0663,B6T0000001989,E1,343620.0,343828.0,343878.0,50.0,208.0,258.0,9,12,7,深位,否
5,5,inbound,IN0663,B6T0000001989,E1,343620.0,343922.0,343972.0,50.0,302.0,352.0,10,12,7,浅位,否
5,5,inbound,IN0663,B6T0000001989,E1,343620.0,344016.0,344066.0,50.0,396.0,446.0,10,12,7,深位,否
5,5,inbound,IN0663,B6T0000001989,E1,343620.0,344110.0,344164.0,53.99999999999999,490.0,544.0,9,16,1,浅位,否
5,5,inbound,IN0233,B6T0000000680,E3,343140.0,344212.0,344266.0,53.99999999999999,1072.0,1126.0,9,16,1,深位,否
5,5,inbound,IN0233,B6T0000000680,E3,343140.0,344314.0,344378.0,64.0,1174.0,1238.0,9,18,2,浅位,否
5,5,inbound,IN0233,B6T0000000680,E3,343140.0,344436.0,344500.0,64.0,1296.0,1360.0,9,18,2,深位,否
5,5,inbound,IN0233,B6T0000000680,E3,343140.0,344558.0,344622.0,64.0,1418.0,1482.0,10,18,2,浅位,否
5,5,inbound,IN0325,B6T0000000985,E3,343860.0,344680.0,344744.0,64.0,820.0,884.0,10,18,2,深位,否
5,5,inbound,IN0325,B6T0000000985,E3,343860.0,344802.0,344874.0,72.0,942.0,1014.0,9,13,16,浅位,否
5,5,inbound,IN0325,B6T0000000985,E3,343860.0,344940.0,345012.0,72.0,1080.0,1152.0,9,13,16,深位,否
5,5,inbound,IN0184,B6T0000000539,E3,343860.0,345078.0,345150.0,72.0,1218.0,1290.0,10,13,16,浅位,否
5,5,inbound,IN0184,B6T0000000539,E3,343860.0,345216.0,345288.0,72.0,1356.0,1428.0,10,13,16,深位,否
5,5,inbound,IN0235,B6T0000000686,E3,343920.0,345354.0,345510.0,156.00000000000006,1434.0,1590.0,9,37,10,浅位,否
5,5,inbound,IN0235,B6T0000000686,E3,343920.0,345660.0,345826.0,166.0,1740.0,1906.0,9,16,57,浅位,否
5,5,outbound,145,B6T0000000154,E4,345840.0,346152.0,346535.0,383.00000000000017,312.0,695.0,9,43,3,浅位,是
5,5,inbound,IN0235,B6T0000000686,E3,343920.0,345986.0,346152.0,166.0,2066.0,2232.0,9,16,57,深位,是
5,5,outbound,3603,B6T0000001116,E3,346440.0,346701.0,346867.0,166.0,261.0,427.0,9,9,54,深位,是
5,5,inbound,IN0235,B6T0000000686,E3,343920.0,346535.0,346701.0,166.0,2615.0,2781.0,9,17,55,浅位,是
5,5,outbound,2981,B6T0000001316,E3,346740.0,346999.0,347131.0,132.0,259.0,391.0,10,9,4,浅位,是
5,5,inbound,IN0235,B6T0000000686,E3,343920.0,346867.0,346999.0,132.0,2947.0,3079.0,9,9,54,深位,是
5,5,outbound,3719,B6T0000000332,E3,346800.0,347163.0,347267.0,104.0,363.0,467.0,9,16,8,深位,是
5,5,inbound,IN0215,B6T0000000625,E3,346980.0,347131.0,347163.0,31.999999999999996,151.0,183.0,10,9,4,浅位,是
5,5,outbound,523,B6T0000001197,E3,346680.0,347335.0,347403.0,68.0,655.0,723.0,9,14,5,浅位,是
5,5,inbound,IN0215,B6T0000000625,E3,346980.0,347267.0,347335.0,68.0,287.0,355.0,9,16,8,深位,是
5,5,outbound,527,B6T0000001197,E3,346680.0,347457.0,347511.0,53.99999999999999,777.0,831.0,9,14,5,深位,是
5,5,inbound,IN0215,B6T0000000625,E3,346980.0,347403.0,347457.0,53.99999999999999,423.0,477.0,9,14,5,浅位,是
5,5,outbound,524,B6T0000001197,E3,346680.0,347565.0,347619.0,53.99999999999999,885.0,939.0,10,14,5,浅位,是
5,5,inbound,IN0275,B6T0000000826,E3,344820.0,347511.0,347565.0,53.99999999999999,2691.0,2745.0,9,14,5,深位,是
5,5,outbound,521,B6T0000001197,E3,346680.0,347673.0,347727.0,53.99999999999999,993.0,1047.0,10,14,5,深位,是
5,5,inbound,IN0275,B6T0000000826,E3,344820.0,347619.0,347673.0,53.99999999999999,2799.0,2853.0,10,14,5,浅位,是
5,5,outbound,3389,B6T0000001543,E1,347640.0,347781.0,347835.0,54.0,141.0,195.0,9,5,2,浅位,是
5,5,inbound,IN0275,B6T0000000826,E3,344820.0,347727.0,347781.0,53.99999999999999,2907.0,2961.0,10,14,5,深位,是
5,5,outbound,3388,B6T0000001543,E1,347640.0,348001.0,348167.0,166.0,361.0,527.0,9,5,2,深位,是
5,5,inbound,IN0320,B6T0000000963,E3,345120.0,347835.0,348001.0,166.0,2715.0,2881.0,9,17,55,深位,是
5,5,outbound,3718,B6T0000000332,E3,346800.0,348333.0,348539.0,206.0,1533.0,1739.0,10,16,8,浅位,是
5,5,inbound,IN0320,B6T0000000963,E3,345120.0,348167.0,348333.0,166.0,3047.0,3213.0,10,11,67,浅位,是
5,5,outbound,1738,B6T0000001149,E3,348480.0,348607.0,348675.0,68.0,127.0,195.0,10,9,4,深位,是
5,5,inbound,IN0320,B6T0000000963,E3,345120.0,348539.0,348607.0,68.0,3419.0,3487.0,10,16,8,浅位,是
5,5,outbound,1743,B6T0000001149,E3,348480.0,348841.5,349008.0,166.50000000000009,361.5,528.0,9,16,3,深位,是
5,5,inbound,IN0054,B6T0000000146,E4,347700.0,348675.0,348841.5,166.50000000000009,975.0,1141.5,9,43,3,浅位,是
5,5,outbound,953,B6T0000000445,E3,348420.0,349219.5,349431.0,211.50000000000009,799.5,1011.0,9,12,10,浅位,是
5,5,inbound,IN0054,B6T0000000146,E4,347700.0,349008.0,349219.5,211.50000000000009,1308.0,1519.5,10,44,23,浅位,是
5,5,outbound,987,B6T0000001844,E1,346200.0,349463.0,349495.0,32.0,3263.0,3295.0,10,8,2,浅位,是
5,5,inbound,IN0125,B6T0000000362,E3,349140.0,349431.0,349463.0,31.999999999999996,291.0,323.0,10,9,4,深位,是
5,5,outbound,986,B6T0000001844,E1,346200.0,349551.0,349607.0,56.0,3351.0,3407.0,10,8,2,深位,是
5,5,inbound,IN0125,B6T0000000362,E3,349140.0,349495.0,349551.0,56.0,355.0,411.0,9,12,10,浅位,是
5,5,outbound,957,B6T0000000445,E3,348420.0,349665.0,349751.0,86.0,1245.0,1331.0,9,12,10,深位,是
5,5,inbound,IN0125,B6T0000000362,E3,349140.0,349607.0,349665.0,57.99999999999999,467.0,525.0,9,16,3,深位,是
5,5,outbound,958,B6T0000000445,E3,348420.0,349807.0,349863.0,56.0,1387.0,1443.0,10,12,10,浅位,是
5,5,inbound,IN0125,B6T0000000362,E3,349140.0,349751.0,349807.0,56.0,611.0,667.0,9,12,10,深位,是
5,5,outbound,955,B6T0000000445,E3,348420.0,349919.0,349975.0,56.0,1499.0,1555.0,10,12,10,深位,是
5,5,inbound,IN0111,B6T0000000322,E3,349380.0,349863.0,349919.0,56.0,483.0,539.0,10,12,10,浅位,是
5,5,outbound,1742,B6T0000001149,E3,348480.0,350031.0,350119.0,87.99999999999999,1551.0,1639.0,10,16,3,浅位,是
5,5,inbound,IN0111,B6T0000000322,E3,349380.0,349975.0,350031.0,56.0,595.0,651.0,10,12,10,深位,是
5,5,outbound,1744,B6T0000001149,E3,348480.0,350177.0,350303.0,126.0,1697.0,1823.0,9,9,20,浅位,是
5,5,inbound,IN0111,B6T0000000322,E3,349380.0,350119.0,350177.0,57.99999999999999,739.0,797.0,10,16,3,浅位,是
5,5,outbound,1741,B6T0000001149,E3,348480.0,350367.0,350431.0,64.0,1887.0,1951.0,9,9,20,深位,是
5,5,inbound,IN0111,B6T0000000322,E3,349380.0,350303.0,350367.0,64.0,923.0,987.0,9,9,20,浅位,是
5,5,outbound,2982,B6T0000001316,E3,346740.0,350495.0,350671.0,176.00000000000006,3755.0,3931.0,9,23,3,浅位,是
5,5,inbound,IN0111,B6T0000000322,E3,349380.0,350431.0,350495.0,64.0,1051.0,1115.0,9,9,20,深位,是
5,5,outbound,2980,B6T0000001316,E3,346740.0,350882.5,351094.0,211.50000000000006,4142.5,4354.0,9,23,3,深位,是
5,5,inbound,IN0054,B6T0000000146,E4,347700.0,350671.0,350882.5,211.50000000000009,2971.0,3182.5,10,44,23,深位,是
5,5,outbound,3055,B6T0000000985,E3,351060.0,351330.5,351567.0,236.50000000000006,270.5,507.0,10,18,2,深位,是
5,5,inbound,IN0054,B6T0000000146,E4,347700.0,351094.0,351330.5,236.50000000000009,3394.0,3630.5,10,43,38,浅位,是
5,5,outbound,3056,B6T0000000985,E3,351060.0,351803.5,352040.0,236.50000000000006,743.5,980.0,9,13,16,浅位,是
5,5,inbound,IN0054,B6T0000000146,E4,347700.0,351567.0,351803.5,236.50000000000009,3867.0,4103.5,10,43,38,深位,是
5,5,outbound,3057,B6T0000000985,E3,351060.0,352040.0,352178.0,138.0,980.0,1118.0,9,13,16,深位,否
5,5,outbound,2465,B6T0000001299,E3,346680.0,352178.0,352416.0,238.00000000000003,5498.0,5736.0,9,28,11,浅位,否
5,5,outbound,2466,B6T0000001299,E3,346680.0,352416.0,352654.0,238.00000000000003,5736.0,5974.0,9,28,11,深位,否
5,5,outbound,2468,B6T0000001299,E3,346680.0,352654.0,352892.0,238.00000000000003,5974.0,6212.0,10,28,11,浅位,否
5,5,outbound,2469,B6T0000001299,E3,346680.0,352892.0,353130.0,238.00000000000003,6212.0,6450.0,10,28,11,深位,否
5,5,outbound,3602,B6T0000001116,E3,346440.0,353130.0,353388.0,258.00000000000006,6690.0,6948.0,9,30,12,深位,否
5,5,outbound,2707,B6T0000001643,E1,353220.0,353388.0,353482.0,93.99999999999999,168.0,262.0,10,15,1,浅位,否
5,5,outbound,2706,B6T0000001643,E1,353220.0,353482.0,353576.0,93.99999999999999,262.0,356.0,10,15,1,深位,否
5,5,outbound,2705,B6T0000001643,E1,353220.0,353576.0,353684.0,108.00000000000001,356.0,464.0,9,2,24,浅位,否
5,5,outbound,135,B6T0000000154,E4,345840.0,353684.0,354011.0,327.00000000000017,7844.0,8171.0,9,43,3,深位,否
5,5,inbound,IN0334,B6T0000001034,E3,354360.0,354360.0,354410.0,49.99999999999999,0.0,50.0,10,15,1,浅位,否
5,5,inbound,IN0334,B6T0000001034,E3,354360.0,354454.0,354504.0,49.99999999999999,94.0,144.0,10,15,1,深位,否
5,5,inbound,IN0431,B6T0000001310,E3,354360.0,354548.0,354612.0,64.0,188.0,252.0,10,18,2,深位,否
5,5,inbound,IN0431,B6T0000001310,E3,354360.0,354670.0,354742.0,72.0,310.0,382.0,9,13,16,浅位,否
5,5,inbound,IN0291,B6T0000000875,E3,354420.0,354808.0,354880.0,72.0,388.0,460.0,9,13,16,深位,否
5,5,inbound,IN0291,B6T0000000875,E3,354420.0,354946.0,355032.0,86.00000000000001,526.0,612.0,9,23,3,浅位,否
5,5,inbound,IN0485,B6T0000001469,E1,356040.0,356040.0,356059.0,19.0,0.0,19.0,9,5,2,浅位,否
5,5,inbound,IN0485,B6T0000001469,E1,356040.0,356072.0,356091.0,19.0,32.0,51.0,9,5,2,深位,否
5,5,inbound,IN0485,B6T0000001469,E1,356040.0,356104.0,356129.0,25.0,64.0,89.0,10,8,2,浅位,否
5,5,inbound,IN0485,B6T0000001469,E1,356040.0,356148.0,356173.0,25.0,108.0,133.0,10,8,2,深位,否
5,5,inbound,IN0485,B6T0000001469,E1,356040.0,356192.0,356249.0,57.00000000000001,152.0,209.0,9,2,24,浅位,否
5,5,inbound,IN0485,B6T0000001469,E1,356040.0,356300.0,356386.0,86.00000000000001,260.0,346.0,9,23,3,深位,否
5,5,inbound,IN0485,B6T0000001469,E1,356040.0,356466.0,356571.0,105.00000000000001,426.0,531.0,9,2,48,深位,否
5,5,inbound,IN0485,B6T0000001469,E1,356040.0,356670.0,356777.0,107.0,630.0,737.0,10,2,49,深位,否
5,5,outbound,127,B6T0000000154,E4,345840.0,356987.0,357413.0,426.0000000000002,11147.0,11573.0,9,44,1,浅位,是
5,5,inbound,IN0485,B6T0000001469,E1,356040.0,356878.0,356987.0,109.0,838.0,947.0,9,1,51,深位,是
5,5,outbound,142,B6T0000000154,E4,345840.0,357413.0,357742.0,329.00000000000017,11573.0,11902.0,9,44,1,深位,否
5,5,outbound,137,B6T0000000154,E4,345840.0,357742.0,358071.0,329.00000000000017,11902.0,12231.0,10,44,1,浅位,否
5,5,outbound,126,B6T0000000154,E4,345840.0,358071.0,358400.0,329.00000000000017,12231.0,12560.0,10,44,1,深位,否
5,5,inbound,IN0239,B6T0000000696,E3,361560.0,361560.0,361682.0,122.00000000000001,0.0,122.0,9,28,11,浅位,否
5,5,inbound,IN0239,B6T0000000696,E3,361560.0,361798.0,361920.0,122.00000000000001,238.0,360.0,9,28,11,深位,否
5,5,inbound,IN0239,B6T0000000696,E3,361560.0,362036.0,362158.0,122.00000000000001,476.0,598.0,10,28,11,浅位,否
5,5,inbound,IN0006,B6T0000000007,E4,363720.0,363720.0,363886.5,166.50000000000009,0.0,166.5,9,43,3,深位,否
5,5,inbound,IN0006,B6T0000000007,E4,363720.0,364047.0,364214.5,167.50000000000009,327.0,494.5,9,44,1,浅位,否
5,5,inbound,IN0006,B6T0000000007,E4,363720.0,364376.0,364543.5,167.50000000000009,656.0,823.5,9,44,1,深位,否
5,5,inbound,IN0006,B6T0000000007,E4,363720.0,364705.0,364872.5,167.50000000000009,985.0,1152.5,10,44,1,浅位,否
5,5,inbound,IN0252,B6T0000000741,E3,364920.0,365034.0,365156.0,122.00000000000001,114.0,236.0,10,28,11,深位,否
5,5,inbound,IN0252,B6T0000000741,E3,364920.0,365272.0,365404.0,132.00000000000003,352.0,484.0,9,30,12,深位,否
5,5,inbound,IN0006,B6T0000000007,E4,363720.0,365530.0,365697.5,167.50000000000009,1810.0,1977.5,10,44,1,深位,否
5,5,inbound,IN0006,B6T0000000007,E4,363720.0,365859.0,366117.5,258.5000000000001,2139.0,2397.5,10,43,49,深位,否
5,5,inbound,IN0006,B6T0000000007,E4,363720.0,366370.0,366629.5,259.5000000000001,2650.0,2909.5,9,44,47,浅位,否
5,5,inbound,IN0006,B6T0000000007,E4,363720.0,366883.0,367142.5,259.5000000000001,3163.0,3422.5,9,44,47,深位,否
5,5,inbound,IN0006,B6T0000000007,E4,363720.0,367396.0,367655.5,259.5000000000001,3676.0,3935.5,10,44,47,浅位,否
5,5,inbound,IN0006,B6T0000000007,E4,363720.0,367909.0,368168.5,259.5000000000001,4189.0,4448.5,10,44,47,深位,否
5,5,inbound,IN0006,B6T0000000007,E4,363720.0,368422.0,368682.5,260.5000000000001,4702.0,4962.5,9,43,50,浅位,否
5,5,inbound,IN0006,B6T0000000007,E4,363720.0,368937.0,369197.5,260.5000000000001,5217.0,5477.5,9,43,50,深位,否
5,5,inbound,IN0006,B6T0000000007,E4,363720.0,369452.0,369712.5,260.5000000000001,5732.0,5992.5,10,43,50,浅位,否
5,5,inbound,IN0006,B6T0000000007,E4,363720.0,369967.0,370227.5,260.5000000000001,6247.0,6507.5,10,43,50,深位,否
5,5,inbound,IN0006,B6T0000000007,E4,363720.0,370482.0,370743.5,261.5000000000001,6762.0,7023.5,9,44,48,浅位,否
5,5,outbound,3252,B6T0000000625,E3,370740.0,370999.0,371057.0,57.99999999999999,259.0,317.0,10,9,4,浅位,否
5,5,outbound,3253,B6T0000000625,E3,370740.0,371057.0,371159.0,101.99999999999999,317.0,419.0,9,14,5,浅位,否
5,5,inbound,IN0153,B6T0000000449,E3,372120.0,372120.0,372152.0,31.999999999999996,0.0,32.0,10,9,4,浅位,否
5,5,inbound,IN0153,B6T0000000449,E3,372120.0,372178.0,372232.0,53.99999999999999,58.0,112.0,9,14,5,浅位,否
5,5,inbound,IN0153,B6T0000000449,E3,372120.0,372280.0,372446.0,166.0,160.0,326.0,10,11,67,深位,否
5,5,outbound,107,B6T0000000261,E4,375660.0,375660.0,375979.0,319.00000000000017,0.0,319.0,9,43,1,浅位,否
5,5,outbound,106,B6T0000000261,E4,375660.0,375979.0,376298.0,319.00000000000017,319.0,638.0,9,43,1,深位,否
5,5,outbound,97,B6T0000000261,E4,375660.0,376298.0,376617.0,319.00000000000017,638.0,957.0,10,43,1,浅位,否
5,5,outbound,105,B6T0000000261,E4,375660.0,376617.0,376936.0,319.00000000000017,957.0,1276.0,10,43,1,深位,否
5,5,inbound,IN0049,B6T0000000140,E4,377340.0,377340.0,377502.5,162.50000000000009,0.0,162.5,9,43,1,浅位,否
5,5,inbound,IN0049,B6T0000000140,E4,377340.0,377659.0,377821.5,162.50000000000009,319.0,481.5,9,43,1,深位,否
5,5,inbound,IN0049,B6T0000000140,E4,377340.0,377978.0,378140.5,162.50000000000009,638.0,800.5,10,43,1,浅位,否
5,5,outbound,919,B6T0000000411,E3,378240.0,378459.5,378626.0,166.50000000000009,219.5,386.0,10,14,2,深位,是
5,5,inbound,IN0049,B6T0000000140,E4,377340.0,378297.0,378459.5,162.50000000000009,957.0,1119.5,10,43,1,深位,是
5,5,inbound,IN0049,B6T0000000140,E4,377340.0,378626.0,378887.5,261.5000000000001,1286.0,1547.5,9,44,48,深位,否
5,5,inbound,IN0409,B6T0000001242,E3,378900.0,379143.0,379191.0,47.99999999999999,243.0,291.0,10,14,2,深位,否
5,5,inbound,IN0409,B6T0000001242,E3,378900.0,379233.0,379399.0,166.0,333.0,499.0,10,12,65,浅位,否
5,5,inbound,IN0409,B6T0000001242,E3,378900.0,379559.0,379725.0,166.0,659.0,825.0,10,12,65,深位,否
5,5,inbound,IN0409,B6T0000001242,E3,378900.0,379885.0,380051.0,166.0,985.0,1151.0,10,13,63,浅位,否
5,5,inbound,IN0409,B6T0000001242,E3,378900.0,380211.0,380377.0,166.0,1311.0,1477.0,10,13,63,深位,否
5,5,outbound,914,B6T0000000411,E3,378240.0,380703.0,380877.0,174.0,2463.0,2637.0,9,15,6,浅位,是
5,5,inbound,IN0409,B6T0000001242,E3,378900.0,380537.0,380703.0,166.0,1637.0,1803.0,10,14,61,浅位,是
5,5,outbound,921,B6T0000000411,E3,378240.0,380937.0,380997.0,59.99999999999999,2697.0,2757.0,9,15,6,深位,是
5,5,inbound,IN0409,B6T0000001242,E3,378900.0,380877.0,380937.0,59.99999999999999,1977.0,2037.0,9,15,6,浅位,是
5,5,inbound,IN0409,B6T0000001242,E3,378900.0,380997.0,381057.0,59.99999999999999,2097.0,2157.0,9,15,6,深位,否
5,5,inbound,IN0049,B6T0000000140,E4,377340.0,381111.0,381372.5,261.5000000000001,3771.0,4032.5,10,44,48,浅位,否
5,5,inbound,IN0049,B6T0000000140,E4,377340.0,381628.0,381889.5,261.5000000000001,4288.0,4549.5,10,44,48,深位,否
5,5,inbound,IN0049,B6T0000000140,E4,377340.0,382145.0,382407.5,262.5000000000001,4805.0,5067.5,9,43,51,浅位,否
5,5,outbound,3396,B6T0000000629,E3,382440.0,382926.5,383189.0,262.50000000000006,486.5,749.0,9,15,5,浅位,是
5,5,inbound,IN0049,B6T0000000140,E4,377340.0,382664.0,382926.5,262.5000000000001,5324.0,5586.5,9,43,51,深位,是
5,5,outbound,3397,B6T0000000629,E3,382440.0,383451.5,383714.0,262.5000000000001,1011.5,1274.0,9,15,5,深位,是
5,5,inbound,IN0049,B6T0000000140,E4,377340.0,383189.0,383451.5,262.5000000000001,5849.0,6111.5,9,45,46,浅位,是
5,5,inbound,IN0049,B6T0000000140,E4,377340.0,383714.0,383976.5,262.5000000000001,6374.0,6636.5,9,45,46,深位,否
5,5,inbound,IN0247,B6T0000000725,E3,383760.0,384233.0,384291.0,57.99999999999999,473.0,531.0,9,15,5,浅位,否
5,5,inbound,IN0247,B6T0000000725,E3,383760.0,384343.0,384401.0,57.99999999999999,583.0,641.0,9,15,5,深位,否
5,5,inbound,IN0247,B6T0000000725,E3,383760.0,384453.0,384619.0,166.0,693.0,859.0,10,14,61,深位,否
5,5,inbound,IN0247,B6T0000000725,E3,383760.0,384779.0,384945.0,166.0,1019.0,1185.0,10,15,59,浅位,否
5,5,inbound,IN0247,B6T0000000725,E3,383760.0,385105.0,385271.0,166.0,1345.0,1511.0,10,15,59,深位,否
5,5,inbound,IN0247,B6T0000000725,E3,383760.0,385431.0,385597.0,166.0,1671.0,1837.0,10,16,57,浅位,否
5,5,inbound,IN0247,B6T0000000725,E3,383760.0,385757.0,385923.0,166.0,1997.0,2163.0,10,16,57,深位,否
5,5,inbound,IN0247,B6T0000000725,E3,383760.0,386083.0,386249.0,166.0,2323.0,2489.0,10,17,55,浅位,否
5,5,inbound,IN0247,B6T0000000725,E3,383760.0,386409.0,386575.0,166.0,2649.0,2815.0,10,17,55,深位,否
5,5,inbound,IN0247,B6T0000000725,E3,383760.0,386735.0,386901.0,166.0,2975.0,3141.0,10,28,33,深位,否
5,5,inbound,IN0247,B6T0000000725,E3,383760.0,387061.0,387229.0,168.0,3301.0,3469.0,9,11,68,浅位,否
5,5,inbound,IN0247,B6T0000000725,E3,383760.0,387391.0,387559.0,168.0,3631.0,3799.0,9,11,68,深位,否
5,5,inbound,IN0049,B6T0000000140,E4,377340.0,387721.0,387983.5,262.5000000000001,10381.0,10643.5,10,43,51,浅位,否
5,5,inbound,IN0049,B6T0000000140,E4,377340.0,388240.0,388502.5,262.5000000000001,10900.0,11162.5,10,43,51,深位,否
5,5,inbound,IN0049,B6T0000000140,E4,377340.0,388759.0,389021.5,262.5000000000001,11419.0,11681.5,10,45,46,浅位,否
5,5,inbound,IN0049,B6T0000000140,E4,377340.0,389278.0,389540.5,262.5000000000001,11938.0,12200.5,10,45,46,深位,否
5,5,inbound,IN0049,B6T0000000140,E4,377340.0,389797.0,390060.5,263.5000000000001,12457.0,12720.5,9,44,49,浅位,否
5,5,inbound,IN0049,B6T0000000140,E4,377340.0,390318.0,390581.5,263.5000000000001,12978.0,13241.5,9,44,49,深位,否
5,5,inbound,IN0049,B6T0000000140,E4,377340.0,390839.0,391102.5,263.5000000000001,13499.0,13762.5,10,44,49,浅位,否
5,5,inbound,IN0049,B6T0000000140,E4,377340.0,391360.0,391623.5,263.5000000000001,14020.0,14283.5,10,44,49,深位,否
5,5,inbound,IN0049,B6T0000000140,E4,377340.0,391881.0,392145.5,264.5000000000001,14541.0,14805.5,9,43,52,浅位,否
5,5,inbound,IN0049,B6T0000000140,E4,377340.0,392404.0,392668.5,264.5000000000001,15064.0,15328.5,9,43,52,深位,否
5,5,inbound,IN0049,B6T0000000140,E4,377340.0,392927.0,393191.5,264.5000000000001,15587.0,15851.5,9,45,47,浅位,否
5,5,inbound,IN0049,B6T0000000140,E4,377340.0,393450.0,393714.5,264.5000000000001,16110.0,16374.5,9,45,47,深位,否
5,5,inbound,IN0049,B6T0000000140,E4,377340.0,393973.0,394237.5,264.5000000000001,16633.0,16897.5,9,49,37,深位,否
5,5,inbound,IN0049,B6T0000000140,E4,377340.0,394496.0,394760.5,264.5000000000001,17156.0,17420.5,10,43,52,浅位,否
5,5,inbound,IN0049,B6T0000000140,E4,377340.0,395019.0,395283.5,264.5000000000001,17679.0,17943.5,10,43,52,深位,否
5,5,inbound,IN0049,B6T0000000140,E4,377340.0,395542.0,395806.5,264.5000000000001,18202.0,18466.5,10,45,47,浅位,否
5,5,inbound,IN0049,B6T0000000140,E4,377340.0,396065.0,396329.5,264.5000000000001,18725.0,18989.5,10,45,47,深位,否
5,5,inbound,IN0049,B6T0000000140,E4,377340.0,396588.0,396853.5,265.5000000000001,19248.0,19513.5,9,44,50,浅位,否
5,5,inbound,IN0049,B6T0000000140,E4,377340.0,397113.0,397378.5,265.5000000000001,19773.0,20038.5,9,44,50,深位,否
5,5,inbound,IN0049,B6T0000000140,E4,377340.0,397638.0,397903.5,265.5000000000001,20298.0,20563.5,9,46,45,浅位,否
5,5,inbound,IN0049,B6T0000000140,E4,377340.0,398163.0,398428.5,265.5000000000001,20823.0,21088.5,9,46,45,深位,否
5,5,inbound,IN0049,B6T0000000140,E4,377340.0,398688.0,398953.5,265.5000000000001,21348.0,21613.5,10,44,50,浅位,否
5,5,inbound,IN0049,B6T0000000140,E4,377340.0,399213.0,399478.5,265.5000000000001,21873.0,22138.5,10,44,50,深位,否
5,5,outbound,2993,B6T0000000548,E3,399600.0,400003.5,400269.0,265.5000000000001,403.5,669.0,9,15,4,浅位,是
5,5,inbound,IN0049,B6T0000000140,E4,377340.0,399738.0,400003.5,265.5000000000001,22398.0,22663.5,10,46,45,浅位,是
5,5,outbound,2992,B6T0000000548,E3,399600.0,400534.5,400800.0,265.5000000000001,934.5,1200.0,9,15,4,深位,是
5,5,inbound,IN0049,B6T0000000140,E4,377340.0,400269.0,400534.5,265.5000000000001,22929.0,23194.5,10,46,45,深位,是
5,5,outbound,2390,B6T0000001989,E1,400560.0,401066.5,401333.0,266.5000000000001,506.5,773.0,10,4,11,深位,是
5,5,inbound,IN0049,B6T0000000140,E4,377340.0,400800.0,401066.5,266.50000000000006,23460.0,23726.5,9,47,43,浅位,是
5,5,outbound,2392,B6T0000001989,E1,400560.0,401599.5,401866.0,266.5000000000001,1039.5,1306.0,9,1,16,浅位,是
5,5,inbound,IN0049,B6T0000000140,E4,377340.0,401333.0,401599.5,266.50000000000006,23993.0,24259.5,9,47,43,深位,是
5,5,outbound,2994,B6T0000000548,E3,399600.0,402132.5,402399.0,266.50000000000006,2532.5,2799.0,10,15,4,浅位,是
5,5,inbound,IN0049,B6T0000000140,E4,377340.0,401866.0,402132.5,266.50000000000006,24526.0,24792.5,10,47,43,浅位,是
5,5,outbound,2179,B6T0000000571,E3,400680.0,402665.5,402932.0,266.5000000000001,1985.5,2252.0,9,33,2,浅位,是
5,5,inbound,IN0049,B6T0000000140,E4,377340.0,402399.0,402665.5,266.50000000000006,25059.0,25325.5,10,47,43,深位,是
5,5,outbound,2182,B6T0000000571,E3,400680.0,403198.5,403465.0,266.5000000000001,2518.5,2785.0,9,33,2,深位,是
5,5,inbound,IN0049,B6T0000000140,E4,377340.0,402932.0,403198.5,266.5000000000001,25592.0,25858.5,9,43,53,浅位,是
5,5,outbound,2178,B6T0000000571,E3,400680.0,403731.5,403998.0,266.5000000000001,3051.5,3318.0,10,33,2,浅位,是
5,5,inbound,IN0049,B6T0000000140,E4,377340.0,403465.0,403731.5,266.5000000000001,26125.0,26391.5,9,43,53,深位,是
5,5,outbound,2180,B6T0000000571,E3,400680.0,404264.5,404531.0,266.5000000000001,3584.5,3851.0,10,33,2,深位,是
5,5,inbound,IN0049,B6T0000000140,E4,377340.0,403998.0,404264.5,266.5000000000001,26658.0,26924.5,9,45,48,浅位,是
5,5,inbound,IN0049,B6T0000000140,E4,377340.0,404531.0,404797.5,266.5000000000001,27191.0,27457.5,9,45,48,深位,否
5,5,inbound,IN0049,B6T0000000140,E4,377340.0,405058.0,405324.5,266.5000000000001,27718.0,27984.5,10,43,53,浅位,否
5,5,inbound,IN0201,B6T0000000584,E3,405420.0,405585.0,405641.0,55.99999999999999,165.0,221.0,9,15,4,浅位,否
5,5,inbound,IN0201,B6T0000000584,E3,405420.0,405691.0,405747.0,55.99999999999999,271.0,327.0,9,15,4,深位,否
5,5,inbound,IN0201,B6T0000000584,E3,405420.0,405797.0,405853.0,55.99999999999999,377.0,433.0,10,15,4,浅位,否
5,5,inbound,IN0201,B6T0000000584,E3,405420.0,405903.0,406027.0,124.00000000000003,483.0,607.0,9,33,2,浅位,否
5,5,inbound,IN0613,B6T0000001818,E1,405960.0,406145.0,406180.0,35.0,185.0,220.0,10,4,11,深位,否
5,5,inbound,IN0613,B6T0000001818,E1,405960.0,406209.0,406248.0,39.0,249.0,288.0,9,1,16,浅位,否
5,5,inbound,IN0613,B6T0000001818,E1,405960.0,406281.0,406390.0,109.0,321.0,430.0,9,6,46,深位,否
5,5,inbound,IN0613,B6T0000001818,E1,405960.0,406493.0,406606.0,113.0,533.0,646.0,10,7,47,深位,否
5,5,inbound,IN0613,B6T0000001818,E1,405960.0,406713.0,406826.0,113.00000000000001,753.0,866.0,10,6,48,深位,否
5,5,inbound,IN0613,B6T0000001818,E1,405960.0,406933.0,407052.0,119.0,973.0,1092.0,9,8,49,深位,否
5,5,inbound,IN0201,B6T0000000584,E3,405420.0,407165.0,407289.0,124.00000000000003,1745.0,1869.0,9,33,2,深位,否
5,5,inbound,IN0049,B6T0000000140,E4,377340.0,407407.0,407673.5,266.5000000000001,30067.0,30333.5,10,43,53,深位,否
5,5,inbound,IN0049,B6T0000000140,E4,377340.0,407934.0,408200.5,266.5000000000001,30594.0,30860.5,10,45,48,浅位,否
5,5,inbound,IN0049,B6T0000000140,E4,377340.0,408461.0,408727.5,266.5000000000001,31121.0,31387.5,10,45,48,深位,否
5,5,inbound,IN0049,B6T0000000140,E4,377340.0,408988.0,409255.5,267.5000000000001,31648.0,31915.5,9,44,51,浅位,否
5,5,inbound,IN0410,B6T0000001247,E3,429600.0,429600.0,429724.0,124.00000000000003,0.0,124.0,10,33,2,浅位,否
5,5,inbound,IN0410,B6T0000001247,E3,429600.0,429842.0,429966.0,124.00000000000003,242.0,366.0,10,33,2,深位,否
5,5,inbound,IN0229,B6T0000000668,E3,429720.0,430084.0,430252.0,168.0,364.0,532.0,9,12,66,浅位,否
5,5,inbound,IN0229,B6T0000000668,E3,429720.0,430414.0,430582.0,168.0,694.0,862.0,9,12,66,深位,否
5,5,inbound,IN0229,B6T0000000668,E3,429720.0,430744.0,430912.0,168.0,1024.0,1192.0,9,13,64,浅位,否
5,5,outbound,3151,B6T0000001396,E1,431700.0,431700.0,431728.0,28.0,0.0,28.0,9,4,2,浅位,否
5,5,outbound,3152,B6T0000001396,E1,431700.0,431728.0,431756.0,28.0,28.0,56.0,9,4,2,深位,否
5,5,outbound,3153,B6T0000001396,E1,431700.0,431756.0,431784.0,28.0,56.0,84.0,10,4,2,浅位,否
5,5,outbound,1958,B6T0000001683,E1,432240.0,432240.0,432272.0,32.0,0.0,32.0,10,5,2,浅位,否
5,5,outbound,1962,B6T0000001683,E1,432240.0,432272.0,432304.0,32.0,32.0,64.0,10,5,2,深位,否
5,5,outbound,1961,B6T0000001683,E1,432240.0,432304.0,432344.0,40.0,64.0,104.0,9,8,1,浅位,否
5,5,outbound,1960,B6T0000001683,E1,432240.0,432344.0,432384.0,40.0,104.0,144.0,9,8,1,深位,否
5,5,outbound,1959,B6T0000001683,E1,432240.0,432384.0,432424.0,40.0,144.0,184.0,10,8,1,浅位,否
5,5,outbound,1963,B6T0000001683,E1,432240.0,432424.0,432464.0,40.0,184.0,224.0,10,8,1,深位,否
5,5,outbound,1964,B6T0000001683,E1,432240.0,432464.0,432508.0,44.0,224.0,268.0,9,2,8,浅位,否
5,5,outbound,1957,B6T0000001683,E1,432240.0,432508.0,432552.0,44.0,268.0,312.0,9,2,8,深位,否
5,5,outbound,3279,B6T0000000826,E3,433140.0,433140.0,433242.0,101.99999999999999,0.0,102.0,9,14,5,深位,否
5,5,outbound,3278,B6T0000000826,E3,433140.0,433242.0,433344.0,101.99999999999999,102.0,204.0,10,14,5,浅位,否
5,5,outbound,2593,B6T0000001442,E1,432600.0,433508.0,433600.0,92.0,908.0,1000.0,9,1,21,浅位,否
5,5,outbound,2594,B6T0000001442,E1,432600.0,433600.0,433692.0,92.0,1000.0,1092.0,9,1,21,深位,否
5,5,outbound,2590,B6T0000001442,E1,432600.0,433692.0,433784.0,92.0,1092.0,1184.0,10,1,21,浅位,否
5,5,outbound,901,B6T0000000411,E3,433860.0,433860.0,433974.0,113.99999999999999,0.0,114.0,10,15,6,浅位,否
5,5,outbound,900,B6T0000000411,E3,433860.0,433974.0,434088.0,113.99999999999999,114.0,228.0,10,15,6,深位,否
5,5,outbound,3562,B6T0000000694,E3,434280.0,434280.0,434470.0,190.0,0.0,190.0,9,13,29,浅位,否
5,5,outbound,3563,B6T0000000694,E3,434280.0,434470.0,434660.0,190.0,190.0,380.0,9,13,29,深位,否
5,5,outbound,3347,B6T0000000696,E3,434700.0,434700.0,434938.0,238.00000000000003,0.0,238.0,9,28,11,浅位,否
5,5,outbound,3346,B6T0000000696,E3,434700.0,434938.0,435176.0,238.00000000000003,238.0,476.0,9,28,11,深位,否
5,5,outbound,723,B6T0000000140,E4,434880.0,435176.0,435495.0,319.00000000000017,296.0,615.0,9,43,1,浅位,否
5,5,outbound,16,B6T0000001209,E3,434280.0,435512.0,435559.0,47.0,1232.0,1279.0,9,10,1,浅位,是
5,5,inbound,IN0595,B6T0000001769,E1,435480.0,435495.0,435512.0,17.0,15.0,32.0,9,4,2,浅位,是
5,5,outbound,28,B6T0000001209,E3,434280.0,435576.0,435623.0,47.0,1296.0,1343.0,9,10,1,深位,是
5,5,inbound,IN0595,B6T0000001769,E1,435480.0,435559.0,435576.0,17.0,79.0,96.0,9,4,2,深位,是
5,5,outbound,27,B6T0000001209,E3,434280.0,435640.0,435687.0,47.0,1360.0,1407.0,10,10,1,浅位,是
5,5,inbound,IN0595,B6T0000001769,E1,435480.0,435623.0,435640.0,17.0,143.0,160.0,10,4,2,浅位,是
5,5,outbound,20,B6T0000001209,E3,434280.0,435706.0,435751.0,45.0,1426.0,1471.0,10,10,1,深位,是
5,5,inbound,IN0595,B6T0000001769,E1,435480.0,435687.0,435706.0,19.0,207.0,226.0,10,5,2,浅位,是
5,5,outbound,728,B6T0000000140,E4,434880.0,435751.0,436070.0,319.00000000000017,871.0,1190.0,9,43,1,深位,否
5,5,outbound,724,B6T0000000140,E4,434880.0,436070.0,436389.0,319.00000000000017,1190.0,1509.0,10,43,1,浅位,否
5,5,outbound,632,B6T0000000469,E3,433980.0,436389.0,436475.0,86.0,2409.0,2495.0,9,9,11,浅位,否
5,5,outbound,629,B6T0000000469,E3,433980.0,436475.0,436561.0,86.0,2495.0,2581.0,9,9,11,深位,否
5,5,outbound,630,B6T0000000469,E3,433980.0,436561.0,436647.0,86.0,2581.0,2667.0,10,9,11,浅位,否
5,5,outbound,722,B6T0000000140,E4,434880.0,436647.0,436966.0,319.00000000000017,1767.0,2086.0,10,43,1,深位,否
5,5,outbound,1663,B6T0000000614,E3,433020.0,436966.0,437144.0,178.00000000000003,3946.0,4124.0,9,23,6,浅位,否
5,5,outbound,1662,B6T0000000614,E3,433020.0,437144.0,437322.0,178.00000000000003,4124.0,4302.0,9,23,6,深位,否
5,5,outbound,1661,B6T0000000614,E3,433020.0,437322.0,437500.0,178.00000000000003,4302.0,4480.0,10,23,6,浅位,否
5,5,inbound,IN0448,B6T0000001355,E1,438900.0,438900.0,438919.0,19.0,0.0,19.0,10,5,2,深位,否
5,5,inbound,IN0448,B6T0000001355,E1,438900.0,438932.0,438955.0,23.0,32.0,55.0,9,8,1,浅位,否
5,5,inbound,IN0448,B6T0000001355,E1,438900.0,438972.0,438995.0,23.0,72.0,95.0,9,8,1,深位,否
5,5,inbound,IN0448,B6T0000001355,E1,438900.0,439012.0,439035.0,23.0,112.0,135.0,10,8,1,浅位,否
5,5,inbound,IN0448,B6T0000001355,E1,438900.0,439052.0,439075.0,23.0,152.0,175.0,10,8,1,深位,否
5,5,inbound,IN0448,B6T0000001355,E1,438900.0,439092.0,439117.0,25.0,192.0,217.0,9,2,8,浅位,否
5,5,inbound,IN0448,B6T0000001355,E1,438900.0,439136.0,439161.0,25.0,236.0,261.0,9,2,8,深位,否
5,5,inbound,IN0448,B6T0000001355,E1,438900.0,439180.0,439210.0,30.0,280.0,310.0,9,10,1,浅位,否
5,5,inbound,IN0448,B6T0000001355,E1,438900.0,439234.0,439264.0,30.0,334.0,364.0,9,10,1,深位,否
5,5,inbound,IN0448,B6T0000001355,E1,438900.0,439288.0,439318.0,30.0,388.0,418.0,10,10,1,浅位,否
5,5,inbound,IN0448,B6T0000001355,E1,438900.0,439342.0,439372.0,30.0,442.0,472.0,10,10,1,深位,否
5,5,inbound,IN0448,B6T0000001355,E1,438900.0,439396.0,439442.0,46.0,496.0,542.0,9,9,11,浅位,否
5,5,inbound,IN0448,B6T0000001355,E1,438900.0,439482.0,439528.0,46.0,582.0,628.0,9,9,11,深位,否
5,5,inbound,IN0448,B6T0000001355,E1,438900.0,439568.0,439614.0,46.0,668.0,714.0,10,9,11,浅位,否
5,5,inbound,IN0448,B6T0000001355,E1,438900.0,439654.0,439703.0,49.0,754.0,803.0,9,1,21,浅位,否
5,5,outbound,3717,B6T0000001969,E1,442440.0,442440.0,442680.0,240.0,0.0,240.0,10,2,57,浅位,否
5,5,outbound,3716,B6T0000001969,E1,442440.0,442680.0,442920.0,240.0,240.0,480.0,10,2,57,深位,否
5,5,outbound,866,B6T0000000001,E4,432180.0,444310.0,444669.0,359.00000000000017,12130.0,12489.0,9,47,1,浅位,否
5,5,outbound,867,B6T0000000001,E4,432180.0,444669.0,445028.0,359.00000000000017,12489.0,12848.0,9,47,1,深位,否
5,5,outbound,3520,B6T0000001221,E3,444960.0,445028.0,445134.0,105.99999999999999,68.0,174.0,10,15,4,深位,否
5,5,outbound,3521,B6T0000001221,E3,444960.0,445134.0,445348.0,214.0,174.0,388.0,10,25,11,深位,否
5,5,outbound,868,B6T0000000001,E4,432180.0,445348.0,445707.0,359.00000000000017,13168.0,13527.0,10,47,1,浅位,否
5,5,outbound,3165,B6T0000000511,E3,444660.0,445761.0,445999.0,238.0,1101.0,1339.0,9,27,25,浅位,是
5,5,inbound,IN0186,B6T0000000541,E3,445680.0,445707.0,445761.0,53.99999999999999,27.0,81.0,9,14,5,深位,是
5,5,outbound,870,B6T0000000001,E4,432180.0,446053.0,446380.0,327.00000000000017,13873.0,14200.0,10,47,1,深位,是
5,5,inbound,IN0186,B6T0000000541,E3,445680.0,445999.0,446053.0,53.99999999999999,319.0,373.0,10,14,5,浅位,是
5,5,inbound,IN0186,B6T0000000541,E3,445680.0,446380.0,446436.0,55.99999999999999,700.0,756.0,10,15,4,深位,否
5,5,inbound,IN0186,B6T0000000541,E3,445680.0,446486.0,446546.0,59.99999999999999,806.0,866.0,10,15,6,浅位,否
5,5,inbound,IN0186,B6T0000000541,E3,445680.0,446600.0,446660.0,59.99999999999999,920.0,980.0,10,15,6,深位,否
5,5,outbound,1123,B6T0000001955,E1,447420.0,447860.0,447900.0,40.0,440.0,480.0,9,4,5,浅位,否
5,5,outbound,1130,B6T0000001955,E1,447420.0,447900.0,447940.0,40.0,480.0,520.0,9,4,5,深位,否
5,5,outbound,1131,B6T0000001955,E1,447420.0,447940.0,447980.0,40.0,520.0,560.0,10,4,5,浅位,否
5,5,outbound,3322,B6T0000001436,E1,448200.0,448200.0,448236.0,36.0,0.0,36.0,9,2,6,深位,否
5,5,outbound,3323,B6T0000001436,E1,448200.0,448236.0,448276.0,40.0,36.0,76.0,9,2,7,深位,否
5,5,outbound,647,B6T0000000469,E3,450900.0,450900.0,450986.0,86.0,0.0,86.0,10,9,11,深位,否
5,5,inbound,IN0160,B6T0000000468,E3,451980.0,451980.0,452026.0,46.0,0.0,46.0,10,9,11,深位,否
5,5,inbound,IN0160,B6T0000000468,E3,451980.0,452066.0,452158.0,92.00000000000001,86.0,178.0,9,23,6,浅位,否
5,5,inbound,IN0621,B6T0000001842,E1,453720.0,453720.0,453741.0,21.0,0.0,21.0,9,2,6,深位,否
5,5,inbound,IN0621,B6T0000001842,E1,453720.0,453756.0,453779.0,23.0,36.0,59.0,9,2,7,深位,否
5,5,inbound,IN0621,B6T0000001842,E1,453720.0,453796.0,453819.0,23.0,76.0,99.0,9,4,5,浅位,否
5,5,inbound,IN0621,B6T0000001842,E1,453720.0,453836.0,453859.0,23.0,116.0,139.0,9,4,5,深位,否
5,5,outbound,3567,B6T0000001252,E3,454920.0,454920.0,454978.0,57.99999999999999,0.0,58.0,9,9,4,浅位,否
5,5,outbound,3566,B6T0000001252,E3,454920.0,454978.0,455036.0,57.99999999999999,58.0,116.0,9,9,4,深位,否
5,5,outbound,3425,B6T0000000468,E3,454980.0,455036.0,455122.0,86.0,56.0,142.0,10,9,11,深位,否
5,5,outbound,3424,B6T0000000468,E3,454980.0,455154.0,455306.0,152.00000000000003,174.0,326.0,9,23,6,浅位,是
5,5,inbound,IN0281,B6T0000000843,E3,455100.0,455122.0,455154.0,31.999999999999996,22.0,54.0,9,9,4,浅位,是
5,5,inbound,IN0281,B6T0000000843,E3,455100.0,455306.0,455338.0,31.999999999999996,206.0,238.0,9,9,4,深位,否
5,5,inbound,IN0281,B6T0000000843,E3,455100.0,455364.0,455410.0,46.0,264.0,310.0,10,9,11,深位,否
5,5,inbound,IN0281,B6T0000000843,E3,455100.0,455450.0,455542.0,92.00000000000001,350.0,442.0,9,23,6,浅位,否
5,5,inbound,IN0281,B6T0000000843,E3,455100.0,455628.0,455720.0,92.00000000000001,528.0,620.0,9,23,6,深位,否
5,5,inbound,IN0281,B6T0000000843,E3,455100.0,455806.0,455898.0,92.00000000000001,706.0,798.0,10,23,6,浅位,否
5,5,inbound,IN0281,B6T0000000843,E3,455100.0,455984.0,456082.0,98.0,884.0,982.0,9,13,29,浅位,否
5,5,inbound,IN0281,B6T0000000843,E3,455100.0,456174.0,456272.0,98.0,1074.0,1172.0,9,13,29,深位,否
5,5,inbound,IN0281,B6T0000000843,E3,455100.0,456364.0,456474.0,110.0,1264.0,1374.0,10,25,11,深位,否
5,5,inbound,IN0281,B6T0000000843,E3,455100.0,456578.0,456700.0,122.00000000000001,1478.0,1600.0,9,28,11,浅位,否
5,5,inbound,IN0281,B6T0000000843,E3,455100.0,456816.0,456938.0,122.00000000000001,1716.0,1838.0,9,28,11,深位,否
5,5,inbound,IN0281,B6T0000000843,E3,455100.0,457054.0,457200.0,146.0,1954.0,2100.0,9,27,25,浅位,否
5,5,inbound,IN0281,B6T0000000843,E3,455100.0,457340.0,457502.5,162.50000000000009,2240.0,2402.5,9,43,1,浅位,否
5,5,inbound,IN0281,B6T0000000843,E3,455100.0,457659.0,457821.5,162.50000000000009,2559.0,2721.5,9,43,1,深位,否
5,5,inbound,IN0281,B6T0000000843,E3,455100.0,457978.0,458140.5,162.50000000000009,2878.0,3040.5,10,43,1,浅位,否
5,5,inbound,IN0281,B6T0000000843,E3,455100.0,458297.0,458459.5,162.50000000000009,3197.0,3359.5,10,43,1,深位,否
5,5,inbound,IN0281,B6T0000000843,E3,455100.0,458616.0,458784.0,168.0,3516.0,3684.0,9,13,64,深位,否
5,5,inbound,IN0281,B6T0000000843,E3,455100.0,458946.0,459114.0,168.0,3846.0,4014.0,9,14,62,浅位,否
5,5,inbound,IN0281,B6T0000000843,E3,455100.0,459276.0,459444.0,168.0,4176.0,4344.0,9,14,62,深位,否
5,5,inbound,IN0281,B6T0000000843,E3,455100.0,459606.0,459774.0,168.0,4506.0,4674.0,9,15,60,浅位,否
5,5,inbound,IN0281,B6T0000000843,E3,455100.0,459936.0,460104.0,168.0,4836.0,5004.0,9,15,60,深位,否
5,5,inbound,IN0281,B6T0000000843,E3,455100.0,460266.0,460434.0,168.0,5166.0,5334.0,9,16,58,浅位,否
5,5,inbound,IN0281,B6T0000000843,E3,455100.0,460596.0,460764.0,168.0,5496.0,5664.0,9,16,58,深位,否
5,5,inbound,IN0281,B6T0000000843,E3,455100.0,460926.0,461094.0,168.0,5826.0,5994.0,9,17,56,浅位,否
5,5,inbound,IN0281,B6T0000000843,E3,455100.0,461256.0,461424.0,168.0,6156.0,6324.0,9,17,56,深位,否
5,5,inbound,IN0281,B6T0000000843,E3,455100.0,461586.0,461754.0,168.0,6486.0,6654.0,9,18,54,浅位,否
5,5,inbound,IN0281,B6T0000000843,E3,455100.0,461916.0,462084.0,168.0,6816.0,6984.0,9,18,54,深位,否
5,5,inbound,IN0281,B6T0000000843,E3,455100.0,462246.0,462414.0,168.0,7146.0,7314.0,10,11,68,浅位,否
5,5,inbound,IN0281,B6T0000000843,E3,455100.0,462576.0,462744.0,168.0,7476.0,7644.0,10,11,68,深位,否
5,5,inbound,IN0281,B6T0000000843,E3,455100.0,462906.0,463074.0,168.0,7806.0,7974.0,10,12,66,浅位,否
5,5,outbound,3119,B6T0000000490,E3,462960.0,463404.0,463572.0,168.0,444.0,612.0,10,10,2,深位,是
5,5,inbound,IN0281,B6T0000000843,E3,455100.0,463236.0,463404.0,168.0,8136.0,8304.0,10,12,66,深位,是
5,5,outbound,3118,B6T0000000490,E3,462960.0,463604.0,463660.0,56.0,644.0,700.0,9,10,8,深位,是
5,5,inbound,IN0281,B6T0000000843,E3,455100.0,463572.0,463604.0,32.0,8472.0,8504.0,10,10,2,深位,是
5,5,outbound,3120,B6T0000000490,E3,462960.0,463704.0,463756.0,52.0,744.0,796.0,9,10,10,深位,是
5,5,inbound,IN0281,B6T0000000843,E3,455100.0,463660.0,463704.0,44.0,8560.0,8604.0,9,10,8,深位,是
5,5,inbound,IN0281,B6T0000000843,E3,455100.0,463756.0,463804.0,48.0,8656.0,8704.0,9,10,10,深位,否
5,5,inbound,IN0281,B6T0000000843,E3,455100.0,463846.0,464014.0,168.0,8746.0,8914.0,10,13,64,浅位,否
5,5,outbound,3143,B6T0000001842,E1,464760.0,464760.0,464796.0,36.0,0.0,36.0,9,2,6,深位,否
5,5,outbound,3142,B6T0000001842,E1,464760.0,464796.0,464836.0,40.0,36.0,76.0,9,2,7,深位,否
5,5,outbound,3144,B6T0000001842,E1,464760.0,464836.0,464876.0,40.0,76.0,116.0,9,4,5,浅位,否
5,5,outbound,1400,B6T0000000367,E3,465120.0,465354.0,465524.0,170.00000000000003,234.0,404.0,9,24,2,浅位,否
5,5,outbound,1198,B6T0000001639,E1,463080.0,465524.0,465564.0,40.0,2444.0,2484.0,9,3,6,浅位,否
5,5,outbound,1396,B6T0000000367,E3,465120.0,465564.0,465734.0,170.00000000000003,444.0,614.0,9,24,2,深位,否
5,5,outbound,1394,B6T0000000367,E3,465120.0,465734.0,465904.0,170.00000000000003,614.0,784.0,10,24,2,浅位,否
5,5,outbound,1393,B6T0000000367,E3,465120.0,465904.0,466074.0,170.00000000000003,784.0,954.0,10,24,2,深位,否
5,5,outbound,3518,B6T0000000875,E3,471120.0,471120.0,471258.0,138.0,0.0,138.0,9,13,16,深位,否
5,5,outbound,3519,B6T0000000875,E3,471120.0,471258.0,471424.0,166.00000000000003,138.0,304.0,9,23,3,浅位,否
5,5,outbound,1821,B6T0000001665,E1,471120.0,471432.0,471484.0,52.0,312.0,364.0,9,2,10,浅位,否
5,5,outbound,1822,B6T0000001665,E1,471120.0,471484.0,471536.0,52.0,364.0,416.0,9,2,10,深位,否
5,5,outbound,1823,B6T0000001665,E1,471120.0,471536.0,471588.0,52.0,416.0,468.0,10,2,10,浅位,否
5,5,outbound,3625,B6T0000001135,E3,473880.0,473880.0,474062.0,182.0,0.0,182.0,9,20,13,浅位,否
5,5,outbound,3624,B6T0000001135,E3,473880.0,474062.0,474244.0,182.0,182.0,364.0,9,20,13,深位,否
5,5,outbound,1236,B6T0000001022,E3,477120.0,478128.0,478254.0,125.99999999999999,1008.0,1134.0,9,14,11,浅位,否
5,5,outbound,1229,B6T0000001022,E3,477120.0,478254.0,478380.0,125.99999999999999,1134.0,1260.0,9,14,11,深位,否
5,5,outbound,1233,B6T0000001022,E3,477120.0,478380.0,478506.0,125.99999999999999,1260.0,1386.0,10,14,11,浅位,否
5,5,outbound,1234,B6T0000001022,E3,477120.0,478506.0,478632.0,125.99999999999999,1386.0,1512.0,10,14,11,深位,否
5,5,outbound,1753,B6T0000000007,E4,479820.0,479820.0,480147.0,327.00000000000017,0.0,327.0,9,43,3,深位,否
5,5,outbound,1749,B6T0000000007,E4,479820.0,480147.0,480476.0,329.00000000000017,327.0,656.0,9,44,1,浅位,否
5,5,outbound,1750,B6T0000000007,E4,479820.0,480476.0,480805.0,329.00000000000017,656.0,985.0,9,44,1,深位,否
5,5,outbound,1748,B6T0000000007,E4,479820.0,480805.0,481134.0,329.00000000000017,985.0,1314.0,10,44,1,浅位,否
5,5,outbound,1747,B6T0000000007,E4,479820.0,481134.0,481463.0,329.00000000000017,1314.0,1643.0,10,44,1,深位,否
5,5,outbound,3230,B6T0000000963,E3,482940.0,482940.0,483070.0,130.0,0.0,130.0,10,16,8,浅位,否
5,5,outbound,3184,B6T0000001919,E1,485460.0,485460.0,485516.0,56.0,0.0,56.0,10,5,8,浅位,否
5,5,outbound,3185,B6T0000001919,E1,485460.0,485516.0,485572.0,56.0,56.0,112.0,10,5,8,深位,否
5,5,outbound,3186,B6T0000001919,E1,485460.0,485572.0,485636.0,64.0,112.0,176.0,9,4,11,深位,否
5,5,outbound,379,B6T0000000471,E3,486000.0,486550.0,486660.0,110.0,550.0,660.0,9,17,1,浅位,否
5,5,outbound,380,B6T0000000471,E3,486000.0,486660.0,486770.0,110.0,660.0,770.0,9,17,1,深位,否
5,5,outbound,386,B6T0000000471,E3,486000.0,486770.0,486880.0,110.0,770.0,880.0,10,17,1,浅位,否
5,5,outbound,387,B6T0000000471,E3,486000.0,486880.0,486990.0,110.0,880.0,990.0,10,17,1,深位,否
5,5,outbound,1852,B6T0000001858,E1,488580.0,488580.0,488640.0,60.0,0.0,60.0,10,6,8,浅位,否
5,5,outbound,1853,B6T0000001858,E1,488580.0,488640.0,488700.0,60.0,60.0,120.0,10,6,8,深位,否
5,5,outbound,2090,B6T0000001407,E1,518100.0,518292.0,518360.0,68.0,192.0,260.0,9,6,10,浅位,否
5,5,outbound,2088,B6T0000001407,E1,518100.0,518360.0,518428.0,68.0,260.0,328.0,9,6,10,深位,否
5,5,outbound,2091,B6T0000001407,E1,518100.0,518428.0,518496.0,68.0,328.0,396.0,10,6,10,浅位,否
5,5,outbound,2085,B6T0000001407,E1,518100.0,518496.0,518564.0,68.0,396.0,464.0,10,6,10,深位,否
5,5,outbound,1863,B6T0000000725,E3,518520.0,518564.0,518674.0,109.99999999999999,44.0,154.0,9,15,5,浅位,否
5,5,outbound,1861,B6T0000000725,E3,518520.0,518674.0,518784.0,109.99999999999999,154.0,264.0,9,15,5,深位,否
5,5,outbound,699,B6T0000001180,E3,518220.0,519190.0,519284.0,94.0,970.0,1064.0,9,11,9,浅位,否
5,5,outbound,696,B6T0000001180,E3,518220.0,519284.0,519378.0,94.0,1064.0,1158.0,9,11,9,深位,否
5,5,outbound,700,B6T0000001180,E3,518220.0,519378.0,519472.0,94.0,1158.0,1252.0,10,11,9,浅位,否
5,5,outbound,692,B6T0000001180,E3,518220.0,519472.0,519566.0,94.0,1252.0,1346.0,10,11,9,深位,否
5,5,outbound,3693,B6T0000001780,E1,519840.0,519840.0,519922.0,82.0,0.0,82.0,10,9,10,浅位,否
5,5,outbound,3692,B6T0000001780,E1,519840.0,519922.0,520004.0,82.0,82.0,164.0,10,9,10,深位,否
5,5,outbound,3408,B6T0000001276,E3,519900.0,520004.0,520178.0,174.0,104.0,278.0,9,10,31,浅位,否
5,5,outbound,3409,B6T0000001276,E3,519900.0,520178.0,520404.0,226.00000000000003,278.0,504.0,10,29,6,深位,否
5,5,outbound,1023,B6T0000001975,E1,520740.0,520915.0,520947.0,32.0,175.0,207.0,9,1,6,浅位,否
5,5,outbound,1024,B6T0000001975,E1,520740.0,520947.0,520979.0,32.0,207.0,239.0,9,1,6,深位,否
5,5,outbound,1025,B6T0000001975,E1,520740.0,520979.0,521011.0,32.0,239.0,271.0,10,1,6,浅位,否
5,5,outbound,1026,B6T0000001975,E1,520740.0,521011.0,521043.0,32.0,271.0,303.0,10,1,6,深位,否
5,5,outbound,411,B6T0000000050,E4,519300.0,522030.0,522367.0,337.00000000000017,2730.0,3067.0,9,44,3,浅位,否
5,5,outbound,412,B6T0000000050,E4,519300.0,522367.0,522704.0,337.00000000000017,3067.0,3404.0,9,44,3,深位,否
5,5,outbound,421,B6T0000000050,E4,519300.0,522704.0,523041.0,337.00000000000017,3404.0,3741.0,10,44,3,浅位,否
5,5,outbound,413,B6T0000000050,E4,519300.0,523041.0,523378.0,337.00000000000017,3741.0,4078.0,10,44,3,深位,否
5,5,outbound,610,B6T0000000247,E4,521520.0,525315.0,525658.0,343.00000000000017,3795.0,4138.0,9,45,2,浅位,否
5,5,outbound,611,B6T0000000247,E4,521520.0,525658.0,526001.0,343.00000000000017,4138.0,4481.0,9,45,2,深位,否
5,5,outbound,608,B6T0000000247,E4,521520.0,526001.0,526344.0,343.00000000000017,4481.0,4824.0,10,45,2,浅位,否
5,5,outbound,607,B6T0000000247,E4,521520.0,526344.0,526687.0,343.00000000000017,4824.0,5167.0,10,45,2,深位,否
5,5,outbound,2184,B6T0000001469,E1,530880.0,530880.0,530912.0,32.0,0.0,32.0,9,5,2,浅位,否
5,5,outbound,2187,B6T0000001469,E1,530880.0,530912.0,530944.0,32.0,32.0,64.0,9,5,2,深位,否
5,5,outbound,2188,B6T0000001469,E1,530880.0,530944.0,530988.0,44.0,64.0,108.0,10,8,2,浅位,否
5,5,outbound,2189,B6T0000001469,E1,530880.0,530988.0,531032.0,44.0,108.0,152.0,10,8,2,深位,否
5,5,outbound,3708,B6T0000001247,E3,533880.0,533880.0,534122.0,242.00000000000006,0.0,242.0,10,33,2,浅位,否
5,5,outbound,3709,B6T0000001247,E3,533880.0,534122.0,534364.0,242.00000000000006,242.0,484.0,10,33,2,深位,否
5,5,outbound,3684,B6T0000001402,E1,535680.0,535680.0,535716.0,36.0,0.0,36.0,10,4,4,深位,否
5,5,outbound,3685,B6T0000001402,E1,535680.0,535716.0,535878.0,162.00000000000003,36.0,198.0,9,21,6,浅位,否
5,5,outbound,2006,B6T0000000680,E3,537060.0,537060.0,537142.0,82.0,0.0,82.0,9,10,8,浅位,否
5,5,outbound,2005,B6T0000000680,E3,537060.0,537142.0,537236.0,94.0,82.0,176.0,9,13,5,浅位,否
5,5,outbound,2007,B6T0000000680,E3,537060.0,537236.0,537330.0,94.0,176.0,270.0,9,13,5,深位,否
5,5,outbound,2008,B6T0000000680,E3,537060.0,537330.0,537424.0,94.0,270.0,364.0,10,13,5,浅位,否
5,5,outbound,2009,B6T0000000680,E3,537060.0,537424.0,537518.0,94.0,364.0,458.0,10,13,5,深位,否
5,5,outbound,2010,B6T0000000680,E3,537060.0,537518.0,537612.0,94.0,458.0,552.0,9,12,7,浅位,否
5,5,outbound,2011,B6T0000000680,E3,537060.0,537612.0,537714.0,101.99999999999999,552.0,654.0,9,16,1,深位,否
5,5,outbound,2012,B6T0000000680,E3,537060.0,537714.0,537836.0,122.0,654.0,776.0,9,18,2,浅位,否
5,5,outbound,2065,B6T0000000389,E3,536220.0,537836.0,538010.0,174.0,1616.0,1790.0,9,17,17,浅位,否
5,5,outbound,3541,B6T0000000539,E3,538320.0,538320.0,538458.0,138.0,0.0,138.0,10,13,16,浅位,否
5,5,outbound,3540,B6T0000000539,E3,538320.0,538458.0,538596.0,138.0,138.0,276.0,10,13,16,深位,否
5,5,outbound,2532,B6T0000000504,E3,538680.0,539796.0,540062.0,266.0000000000001,1116.0,1382.0,9,34,6,浅位,否
5,5,outbound,3003,B6T0000001285,E3,543060.0,543060.0,543334.0,274.0,0.0,274.0,10,28,20,浅位,否
5,5,outbound,3002,B6T0000001285,E3,543060.0,543334.0,543608.0,274.0,274.0,548.0,10,28,20,深位,否
5,5,outbound,2476,B6T0000000337,E3,550920.0,550920.0,551010.0,90.0,0.0,90.0,10,10,10,浅位,否
5,5,outbound,2477,B6T0000000337,E3,550920.0,551010.0,551100.0,90.0,90.0,180.0,10,10,10,深位,否
5,5,outbound,2475,B6T0000000337,E3,550920.0,551100.0,551286.0,186.0,180.0,366.0,9,18,18,浅位,否
5,5,outbound,3178,B6T0000001534,E1,554280.0,554280.0,554332.0,52.0,0.0,52.0,9,7,5,浅位,否
5,5,outbound,3179,B6T0000001534,E1,554280.0,554332.0,554384.0,52.0,52.0,104.0,9,7,5,深位,否
5,5,outbound,3180,B6T0000001534,E1,554280.0,554384.0,554436.0,52.0,104.0,156.0,10,7,5,浅位,否
5,5,outbound,1248,B6T0000000799,E3,555960.0,556652.0,556786.0,134.0,692.0,826.0,9,16,9,浅位,否
5,5,outbound,1260,B6T0000000799,E3,555960.0,556786.0,556920.0,134.0,826.0,960.0,9,16,9,深位,否
5,5,outbound,1256,B6T0000000799,E3,555960.0,556920.0,557054.0,134.0,960.0,1094.0,10,16,9,浅位,否
5,5,outbound,1257,B6T0000000799,E3,555960.0,557054.0,557188.0,134.0,1094.0,1228.0,10,16,9,深位,否
5,5,outbound,2313,B6T0000001748,E1,558300.0,558300.0,558380.0,80.0,0.0,80.0,9,6,13,浅位,否
5,5,outbound,2312,B6T0000001748,E1,558300.0,558380.0,558460.0,80.0,80.0,160.0,9,6,13,深位,否
5,5,outbound,2311,B6T0000001748,E1,558300.0,558460.0,558540.0,80.0,160.0,240.0,10,6,13,浅位,否
5,5,outbound,2309,B6T0000001748,E1,558300.0,558540.0,558620.0,80.0,240.0,320.0,10,6,13,深位,否
5,5,outbound,219,B6T0000000581,E3,558600.0,558620.0,558722.0,101.99999999999999,20.0,122.0,10,16,1,浅位,否
5,5,outbound,218,B6T0000000581,E3,558600.0,558722.0,558824.0,101.99999999999999,122.0,224.0,10,16,1,深位,否
5,5,outbound,2658,B6T0000001298,E3,559800.0,559800.0,560058.0,258.00000000000006,0.0,258.0,10,30,12,浅位,否
5,5,outbound,2657,B6T0000001298,E3,559800.0,560058.0,560316.0,258.00000000000006,258.0,516.0,10,30,12,深位,否
5,5,outbound,2577,B6T0000001934,E1,572820.0,572876.0,572976.0,100.0,56.0,156.0,9,6,18,浅位,否
5,5,outbound,2578,B6T0000001934,E1,572820.0,572976.0,573076.0,100.0,156.0,256.0,9,6,18,深位,否
5,5,outbound,2579,B6T0000001934,E1,572820.0,573076.0,573176.0,100.0,256.0,356.0,10,6,18,浅位,否
5,5,outbound,2695,B6T0000001059,E3,573300.0,573300.0,573374.0,74.0,0.0,74.0,9,9,8,浅位,否
5,5,outbound,2693,B6T0000001059,E3,573300.0,573374.0,573448.0,74.0,74.0,148.0,9,9,8,深位,否
5,5,outbound,2692,B6T0000001059,E3,573300.0,573448.0,573522.0,74.0,148.0,222.0,10,9,8,浅位,否
5,5,outbound,2694,B6T0000001059,E3,573300.0,573522.0,573596.0,74.0,222.0,296.0,10,9,8,深位,否
6,6,inbound,IN0265,B6T0000000781,E3,2100.0,2100.0,2138.0,38.0,0.0,38.0,12,11,3,深位,否
6,6,inbound,IN0265,B6T0000000781,E3,2100.0,2170.0,2210.0,40.0,70.0,110.0,11,11,4,深位,否
6,6,inbound,IN0265,B6T0000000781,E3,2100.0,2244.0,2298.0,54.0,144.0,198.0,11,12,9,深位,否
6,6,inbound,IN0265,B6T0000000781,E3,2100.0,2346.0,2414.0,68.0,246.0,314.0,12,18,4,深位,否
6,6,outbound,3576,B6T0000000676,E3,3840.0,3840.0,4178.0,338.0,0.0,338.0,11,26,40,浅位,否
6,6,outbound,3577,B6T0000000676,E3,3840.0,4178.0,4516.0,338.0,338.0,676.0,11,26,40,深位,否
6,6,outbound,1490,B6T0000000758,E3,4740.0,5276.0,5410.0,134.0,536.0,670.0,11,13,15,浅位,否
6,6,outbound,1484,B6T0000000758,E3,4740.0,5410.0,5544.0,134.0,670.0,804.0,11,13,15,深位,否
6,6,outbound,1489,B6T0000000758,E3,4740.0,5544.0,5678.0,134.0,804.0,938.0,12,13,15,浅位,否
6,6,outbound,1488,B6T0000000758,E3,4740.0,5678.0,5812.0,134.0,938.0,1072.0,12,13,15,深位,否
6,6,inbound,IN0495,B6T0000001491,E1,13800.0,13800.0,13819.0,19.0,0.0,19.0,12,5,2,深位,否
6,6,inbound,IN0495,B6T0000001491,E1,13800.0,13832.0,13853.0,21.0,32.0,53.0,11,6,2,深位,否
6,6,outbound,2603,B6T0000000732,E3,14580.0,14580.0,14838.0,258.00000000000006,0.0,258.0,11,31,10,浅位,否
6,6,outbound,3005,B6T0000001500,E1,14640.0,14908.0,15038.0,130.0,268.0,398.0,11,2,30,浅位,是
6,6,inbound,IN0316,B6T0000000947,E3,14640.0,14838.0,14908.0,70.0,198.0,268.0,11,13,15,浅位,是
6,6,outbound,3004,B6T0000001500,E1,14640.0,15108.0,15238.0,130.0,468.0,598.0,11,2,30,深位,是
6,6,inbound,IN0316,B6T0000000947,E3,14640.0,15038.0,15108.0,70.0,398.0,468.0,11,13,15,深位,是
6,6,outbound,3006,B6T0000001500,E1,14640.0,15308.0,15438.0,130.0,668.0,798.0,12,2,30,浅位,是
6,6,inbound,IN0316,B6T0000000947,E3,14640.0,15238.0,15308.0,70.0,598.0,668.0,12,13,15,浅位,是
6,6,outbound,2602,B6T0000000732,E3,14580.0,15508.0,15722.0,214.00000000000006,928.0,1142.0,11,31,10,深位,是
6,6,inbound,IN0316,B6T0000000947,E3,14640.0,15438.0,15508.0,70.0,798.0,868.0,12,13,15,深位,是
6,6,outbound,2601,B6T0000000732,E3,14580.0,15800.0,15986.0,186.00000000000006,1220.0,1406.0,12,31,10,浅位,是
6,6,inbound,IN0316,B6T0000000947,E3,14640.0,15722.0,15800.0,78.00000000000001,1082.0,1160.0,11,22,1,深位,是
6,6,outbound,2600,B6T0000000732,E3,14580.0,16078.0,16250.0,172.00000000000006,1498.0,1670.0,12,31,10,深位,是
6,6,inbound,IN0316,B6T0000000947,E3,14640.0,15986.0,16078.0,92.00000000000001,1346.0,1438.0,12,22,8,深位,是
6,6,inbound,IN0316,B6T0000000947,E3,14640.0,16250.0,16352.0,102.0,1610.0,1712.0,12,16,25,深位,否
6,6,inbound,IN0316,B6T0000000947,E3,14640.0,16448.0,16550.0,102.00000000000001,1808.0,1910.0,11,27,3,深位,否
6,6,inbound,IN0316,B6T0000000947,E3,14640.0,16646.0,16754.0,108.00000000000001,2006.0,2114.0,11,26,8,深位,否
6,6,inbound,IN0316,B6T0000000947,E3,14640.0,16856.0,16966.0,110.00000000000001,2216.0,2326.0,12,28,5,深位,否
6,6,inbound,IN0316,B6T0000000947,E3,14640.0,17070.0,17186.0,116.00000000000001,2430.0,2546.0,12,26,12,深位,否
6,6,inbound,IN0316,B6T0000000947,E3,14640.0,17296.0,17416.0,120.0,2656.0,2776.0,12,11,44,深位,否
6,6,inbound,IN0316,B6T0000000947,E3,14640.0,17530.0,17654.0,124.0,2890.0,3014.0,12,25,18,深位,否
6,6,inbound,IN0316,B6T0000000947,E3,14640.0,17772.0,17898.0,126.00000000000001,3132.0,3258.0,11,27,15,深位,否
6,6,inbound,IN0316,B6T0000000947,E3,14640.0,18018.0,18146.0,128.0,3378.0,3506.0,11,18,34,深位,否
6,6,inbound,IN0316,B6T0000000947,E3,14640.0,18268.0,18398.0,130.0,3628.0,3758.0,12,17,37,深位,否
6,6,inbound,IN0316,B6T0000000947,E3,14640.0,18522.0,18654.0,132.0,3882.0,4014.0,11,26,20,深位,否
6,6,inbound,IN0316,B6T0000000947,E3,14640.0,18780.0,18912.0,132.0,4140.0,4272.0,12,27,18,深位,否
6,6,inbound,IN0316,B6T0000000947,E3,14640.0,19038.0,19170.0,132.00000000000003,4398.0,4530.0,11,31,10,浅位,否
6,6,inbound,IN0316,B6T0000000947,E3,14640.0,19296.0,19428.0,132.00000000000003,4656.0,4788.0,11,31,10,深位,否
6,6,outbound,3294,B6T0000000702,E3,19740.0,19740.0,20050.0,310.0,0.0,310.0,12,29,27,浅位,否
6,6,outbound,593,B6T0000001238,E3,19080.0,20050.0,20156.0,105.99999999999999,970.0,1076.0,11,15,4,浅位,否
6,6,outbound,589,B6T0000001238,E3,19080.0,20156.0,20262.0,105.99999999999999,1076.0,1182.0,11,15,4,深位,否
6,6,outbound,588,B6T0000001238,E3,19080.0,20262.0,20368.0,105.99999999999999,1182.0,1288.0,12,15,4,浅位,否
6,6,outbound,592,B6T0000001238,E3,19080.0,20368.0,20474.0,105.99999999999999,1288.0,1394.0,12,15,4,深位,否
6,6,outbound,3295,B6T0000000702,E3,19740.0,20474.0,20784.0,310.0,734.0,1044.0,12,29,27,深位,否
6,6,outbound,894,B6T0000000488,E3,25680.0,25680.0,25782.0,102.0,0.0,102.0,12,12,9,浅位,否
6,6,outbound,893,B6T0000000488,E3,25680.0,25782.0,25884.0,102.0,102.0,204.0,12,12,9,深位,否
6,6,inbound,IN0288,B6T0000000865,E3,26340.0,26340.0,26394.0,54.0,0.0,54.0,12,12,9,浅位,否
6,6,inbound,IN0288,B6T0000000865,E3,26340.0,26442.0,26496.0,54.0,102.0,156.0,12,12,9,深位,否
6,6,inbound,IN0288,B6T0000000865,E3,26340.0,26544.0,26600.0,55.99999999999999,204.0,260.0,11,15,4,浅位,否
6,6,inbound,IN0248,B6T0000000727,E3,26340.0,26650.0,26706.0,55.99999999999999,310.0,366.0,11,15,4,深位,否
6,6,inbound,IN0248,B6T0000000727,E3,26340.0,26756.0,26812.0,55.99999999999999,416.0,472.0,12,15,4,浅位,否
6,6,inbound,IN0248,B6T0000000727,E3,26340.0,26862.0,26918.0,55.99999999999999,522.0,578.0,12,15,4,深位,否
6,6,inbound,IN0248,B6T0000000727,E3,26340.0,26968.0,27100.0,132.00000000000003,628.0,760.0,12,31,10,浅位,否
6,6,inbound,IN0248,B6T0000000727,E3,26340.0,27226.0,27358.0,132.00000000000003,886.0,1018.0,12,31,10,深位,否
6,6,inbound,IN0248,B6T0000000727,E3,26340.0,27484.0,27616.0,132.00000000000006,1144.0,1276.0,12,34,4,深位,否
6,6,inbound,IN0560,B6T0000001664,E1,27600.0,27742.0,27765.0,23.0,142.0,165.0,11,4,5,深位,否
6,6,outbound,736,B6T0000000140,E4,25680.0,27807.0,28159.0,352.00000000000017,2127.0,2479.0,11,45,3,浅位,是
6,6,inbound,IN0560,B6T0000001664,E1,27600.0,27782.0,27807.0,25.0,182.0,207.0,11,1,9,深位,是
6,6,outbound,735,B6T0000000140,E4,25680.0,28184.0,28524.0,340.00000000000017,2504.0,2844.0,11,45,3,深位,是
6,6,inbound,IN0560,B6T0000001664,E1,27600.0,28159.0,28184.0,25.0,559.0,584.0,11,4,6,深位,是
6,6,outbound,743,B6T0000000140,E4,25680.0,28551.0,28905.0,354.00000000000017,2871.0,3225.0,12,45,3,浅位,是
6,6,inbound,IN0560,B6T0000001664,E1,27600.0,28524.0,28551.0,27.0,924.0,951.0,12,1,10,深位,是
6,6,outbound,744,B6T0000000140,E4,25680.0,28932.0,29274.0,342.00000000000017,3252.0,3594.0,12,45,3,深位,是
6,6,inbound,IN0560,B6T0000001664,E1,27600.0,28905.0,28932.0,27.0,1305.0,1332.0,12,4,7,深位,是
6,6,outbound,2556,B6T0000001217,E3,28320.0,29301.0,29462.0,161.0,981.0,1142.0,11,12,29,浅位,是
6,6,inbound,IN0560,B6T0000001664,E1,27600.0,29274.0,29301.0,27.0,1674.0,1701.0,12,8,3,深位,是
6,6,inbound,IN0560,B6T0000001664,E1,27600.0,29462.0,29491.0,29.0,1862.0,1891.0,11,2,10,深位,否
6,6,inbound,IN0560,B6T0000001664,E1,27600.0,29514.0,29545.0,31.0,1914.0,1945.0,11,8,5,深位,否
6,6,inbound,IN0560,B6T0000001664,E1,27600.0,29570.0,29607.0,37.0,1970.0,2007.0,11,1,15,深位,否
6,6,inbound,IN0560,B6T0000001664,E1,27600.0,29638.0,29675.0,37.0,2038.0,2075.0,12,7,9,深位,否
6,6,inbound,IN0560,B6T0000001664,E1,27600.0,29706.0,29743.0,37.0,2106.0,2143.0,12,8,8,深位,否
6,6,inbound,IN0560,B6T0000001664,E1,27600.0,29774.0,29813.0,39.0,2174.0,2213.0,11,4,13,深位,否
6,6,inbound,IN0560,B6T0000001664,E1,27600.0,29846.0,29885.0,39.0,2246.0,2285.0,11,8,9,深位,否
6,6,inbound,IN0560,B6T0000001664,E1,27600.0,29918.0,29959.0,41.0,2318.0,2359.0,11,8,10,深位,否
6,6,inbound,IN0248,B6T0000000727,E3,26340.0,29994.0,30088.0,94.0,3654.0,3748.0,11,12,29,浅位,否
6,6,inbound,IN0248,B6T0000000727,E3,26340.0,30176.0,30312.0,136.0,3836.0,3972.0,11,19,36,深位,否
6,6,inbound,IN0248,B6T0000000727,E3,26340.0,30442.0,30580.0,138.00000000000003,4102.0,4240.0,12,30,15,深位,否
6,6,inbound,IN0248,B6T0000000727,E3,26340.0,30712.0,30852.0,140.0,4372.0,4512.0,12,23,30,深位,否
6,6,inbound,IN0248,B6T0000000727,E3,26340.0,30986.0,31130.0,144.0,4646.0,4790.0,11,20,38,深位,否
6,6,outbound,2798,B6T0000001494,E1,36360.0,36360.0,36472.0,112.0,0.0,112.0,12,1,26,浅位,否
6,6,outbound,2797,B6T0000001494,E1,36360.0,36472.0,36584.0,112.0,112.0,224.0,12,1,26,深位,否
6,6,outbound,2766,B6T0000001531,E1,40740.0,40740.0,40856.0,116.00000000000001,0.0,116.0,11,4,24,浅位,否
6,6,outbound,2767,B6T0000001531,E1,40740.0,40856.0,40972.0,116.00000000000001,116.0,232.0,11,4,24,深位,否
6,6,outbound,2765,B6T0000001531,E1,40740.0,40972.0,41088.0,116.00000000000001,232.0,348.0,12,4,24,浅位,否
6,6,outbound,2764,B6T0000001531,E1,40740.0,41088.0,41204.0,116.00000000000001,348.0,464.0,12,4,24,深位,否
6,6,outbound,3722,B6T0000000882,E3,44940.0,44940.0,45250.0,310.0,0.0,310.0,12,14,57,浅位,否
6,6,outbound,3723,B6T0000000882,E3,44940.0,45250.0,45560.0,310.0,310.0,620.0,12,14,57,深位,否
6,6,outbound,2175,B6T0000001942,E1,55560.0,55824.0,55896.0,72.0,264.0,336.0,11,5,12,浅位,否
6,6,outbound,2173,B6T0000001942,E1,55560.0,55896.0,55968.0,72.0,336.0,408.0,11,5,12,深位,否
6,6,outbound,2171,B6T0000001942,E1,55560.0,55968.0,56040.0,72.0,408.0,480.0,12,5,12,浅位,否
6,6,outbound,2170,B6T0000001942,E1,55560.0,56040.0,56112.0,72.0,480.0,552.0,12,5,12,深位,否
6,6,outbound,290,B6T0000001196,E3,55860.0,56112.0,56202.0,90.0,252.0,342.0,12,12,6,浅位,否
6,6,outbound,291,B6T0000001196,E3,55860.0,56202.0,56292.0,90.0,342.0,432.0,12,12,6,深位,否
6,6,outbound,666,B6T0000001698,E1,54180.0,57146.0,57186.0,40.0,2966.0,3006.0,11,8,1,浅位,否
6,6,outbound,660,B6T0000001698,E1,54180.0,57186.0,57226.0,40.0,3006.0,3046.0,11,8,1,深位,否
6,6,outbound,659,B6T0000001698,E1,54180.0,57226.0,57266.0,40.0,3046.0,3086.0,12,8,1,浅位,否
6,6,outbound,377,B6T0000001440,E1,55740.0,58904.0,58936.0,32.0,3164.0,3196.0,11,5,2,浅位,否
6,6,outbound,372,B6T0000001440,E1,55740.0,58936.0,58968.0,32.0,3196.0,3228.0,11,5,2,深位,否
6,6,outbound,454,B6T0000000678,E3,56280.0,60039.0,60121.0,82.0,3759.0,3841.0,11,9,10,浅位,否
6,6,outbound,455,B6T0000000678,E3,56280.0,60121.0,60203.0,82.0,3841.0,3923.0,11,9,10,深位,否
6,6,outbound,444,B6T0000000678,E3,56280.0,60203.0,60285.0,82.0,3923.0,4005.0,12,9,10,浅位,否
6,6,outbound,437,B6T0000000678,E3,56280.0,60304.0,60373.0,69.0,4024.0,4093.0,12,9,10,深位,是
6,6,inbound,IN0569,B6T0000001688,E1,60240.0,60285.0,60304.0,19.0,45.0,64.0,11,5,2,浅位,是
6,6,inbound,IN0569,B6T0000001688,E1,60240.0,60373.0,60392.0,19.0,133.0,152.0,11,5,2,深位,否
6,6,inbound,IN0569,B6T0000001688,E1,60240.0,60405.0,60428.0,23.0,165.0,188.0,11,8,1,浅位,否
6,6,inbound,IN0569,B6T0000001688,E1,60240.0,60445.0,60468.0,23.0,205.0,228.0,11,8,1,深位,否
6,6,inbound,IN0569,B6T0000001688,E1,60240.0,60485.0,60508.0,23.0,245.0,268.0,12,8,1,浅位,否
6,6,inbound,IN0228,B6T0000000664,E3,82440.0,82440.0,82484.0,44.0,0.0,44.0,11,9,10,浅位,否
6,6,inbound,IN0228,B6T0000000664,E3,82440.0,82522.0,82566.0,44.0,82.0,126.0,11,9,10,深位,否
6,6,inbound,IN0053,B6T0000000145,E4,82440.0,82604.0,82780.5,176.50000000000009,164.0,340.5,11,45,3,浅位,否
6,6,inbound,IN0130,B6T0000000388,E3,82860.0,82951.0,82995.0,44.0,91.0,135.0,12,9,10,浅位,否
6,6,inbound,IN0130,B6T0000000388,E3,82860.0,83033.0,83077.0,44.0,173.0,217.0,12,9,10,深位,否
6,6,inbound,IN0130,B6T0000000388,E3,82860.0,83115.0,83163.0,48.0,255.0,303.0,12,12,6,浅位,否
6,6,inbound,IN0130,B6T0000000388,E3,82860.0,83205.0,83253.0,48.0,345.0,393.0,12,12,6,深位,否
6,6,inbound,IN0130,B6T0000000388,E3,82860.0,83295.0,83439.0,144.00000000000006,435.0,579.0,12,34,10,深位,否
6,6,inbound,IN0130,B6T0000000388,E3,82860.0,83577.0,83721.0,144.00000000000006,717.0,861.0,12,35,8,深位,否
6,6,inbound,IN0130,B6T0000000388,E3,82860.0,83859.0,84011.0,152.0,999.0,1151.0,11,9,64,浅位,否
6,6,inbound,IN0377,B6T0000001148,E3,82980.0,84157.0,84309.0,152.0,1177.0,1329.0,11,9,64,深位,否
6,6,inbound,IN0377,B6T0000001148,E3,82980.0,84455.0,84607.0,152.0,1475.0,1627.0,12,9,64,浅位,否
6,6,inbound,IN0377,B6T0000001148,E3,82980.0,84753.0,84905.0,152.0,1773.0,1925.0,12,9,64,深位,否
6,6,inbound,IN0618,B6T0000001827,E1,84780.0,85051.0,85090.0,39.0,271.0,310.0,11,5,12,浅位,否
6,6,inbound,IN0618,B6T0000001827,E1,84780.0,85123.0,85162.0,39.0,343.0,382.0,11,5,12,深位,否
6,6,inbound,IN0618,B6T0000001827,E1,84780.0,85195.0,85234.0,39.0,415.0,454.0,12,5,12,浅位,否
6,6,inbound,IN0618,B6T0000001827,E1,84780.0,85267.0,85306.0,39.0,487.0,526.0,12,5,12,深位,否
6,6,inbound,IN0618,B6T0000001827,E1,84780.0,85339.0,85380.0,41.0,559.0,600.0,12,3,15,深位,否
6,6,inbound,IN0618,B6T0000001827,E1,84780.0,85415.0,85458.0,43.0,635.0,678.0,12,1,18,深位,否
6,6,inbound,IN0618,B6T0000001827,E1,84780.0,85495.0,85540.0,45.0,715.0,760.0,11,3,17,深位,否
6,6,inbound,IN0618,B6T0000001827,E1,84780.0,85579.0,85626.0,47.0,799.0,846.0,11,8,13,深位,否
6,6,inbound,IN0618,B6T0000001827,E1,84780.0,85667.0,85714.0,47.0,887.0,934.0,12,5,16,深位,否
6,6,inbound,IN0618,B6T0000001827,E1,84780.0,85755.0,85806.0,51.0,975.0,1026.0,12,5,18,深位,否
6,6,inbound,IN0618,B6T0000001827,E1,84780.0,85851.0,85904.0,53.0,1071.0,1124.0,11,4,20,深位,否
6,6,inbound,IN0618,B6T0000001827,E1,84780.0,85951.0,86004.0,53.0,1171.0,1224.0,12,5,19,深位,否
6,6,inbound,IN0618,B6T0000001827,E1,84780.0,86051.0,86106.0,55.0,1271.0,1326.0,12,3,22,深位,否
6,6,inbound,IN0468,B6T0000001409,E1,85200.0,86155.0,86212.0,57.0,955.0,1012.0,11,8,18,深位,否
6,6,outbound,3595,B6T0000000164,E4,86220.0,86322.0,86756.0,434.0000000000001,102.0,536.0,12,43,43,浅位,是
6,6,inbound,IN0468,B6T0000001409,E1,85200.0,86263.0,86322.0,59.0,1063.0,1122.0,12,1,26,浅位,是
6,6,outbound,2020,B6T0000001110,E3,86400.0,86815.0,87044.0,229.00000000000003,415.0,644.0,11,26,7,浅位,是
6,6,inbound,IN0468,B6T0000001409,E1,85200.0,86756.0,86815.0,59.0,1556.0,1615.0,12,1,26,深位,是
6,6,outbound,2014,B6T0000001110,E3,86400.0,87105.0,87324.0,219.00000000000003,705.0,924.0,11,26,7,深位,是
6,6,inbound,IN0468,B6T0000001409,E1,85200.0,87044.0,87105.0,61.00000000000001,1844.0,1905.0,11,4,24,浅位,是
6,6,outbound,2018,B6T0000001110,E3,86400.0,87385.0,87604.0,219.00000000000003,985.0,1204.0,12,26,7,浅位,是
6,6,inbound,IN0468,B6T0000001409,E1,85200.0,87324.0,87385.0,61.00000000000001,2124.0,2185.0,11,4,24,深位,是
6,6,outbound,2017,B6T0000001110,E3,86400.0,87665.0,87884.0,219.00000000000003,1265.0,1484.0,12,26,7,深位,是
6,6,inbound,IN0468,B6T0000001409,E1,85200.0,87604.0,87665.0,61.00000000000001,2404.0,2465.0,12,4,24,浅位,是
6,6,outbound,3376,B6T0000001260,E3,87780.0,87945.0,88176.0,231.0,165.0,396.0,11,20,39,浅位,是
6,6,inbound,IN0468,B6T0000001409,E1,85200.0,87884.0,87945.0,61.00000000000001,2684.0,2745.0,12,4,24,深位,是
6,6,outbound,3377,B6T0000001260,E3,87780.0,88239.0,88468.0,229.0,459.0,688.0,11,20,39,深位,是
6,6,inbound,IN0468,B6T0000001409,E1,85200.0,88176.0,88239.0,63.0,2976.0,3039.0,12,1,28,深位,是
6,6,outbound,3531,B6T0000000832,E3,87240.0,88535.0,88852.0,317.0000000000001,1295.0,1612.0,12,36,28,浅位,是
6,6,inbound,IN0468,B6T0000001409,E1,85200.0,88468.0,88535.0,67.0,3268.0,3335.0,11,1,30,深位,是
6,6,outbound,403,B6T0000000471,E3,88740.0,88919.0,89048.0,129.0,179.0,308.0,12,16,2,浅位,是
6,6,inbound,IN0468,B6T0000001409,E1,85200.0,88852.0,88919.0,67.0,3652.0,3719.0,12,8,23,深位,是
6,6,outbound,402,B6T0000000471,E3,88740.0,89104.0,89160.0,55.99999999999999,364.0,420.0,12,16,2,深位,是
6,6,inbound,IN0468,B6T0000001409,E1,85200.0,89048.0,89104.0,55.99999999999999,3848.0,3904.0,12,16,2,浅位,是
6,6,outbound,2129,B6T0000000727,E3,89040.0,89216.0,89280.0,64.0,176.0,240.0,11,15,4,深位,是
6,6,inbound,IN0468,B6T0000001409,E1,85200.0,89160.0,89216.0,55.99999999999999,3960.0,4016.0,12,16,2,深位,是
6,6,outbound,2133,B6T0000000727,E3,89040.0,89336.0,89392.0,55.99999999999999,296.0,352.0,12,15,4,浅位,是
6,6,inbound,IN0468,B6T0000001409,E1,85200.0,89280.0,89336.0,55.99999999999999,4080.0,4136.0,11,15,4,深位,是
6,6,outbound,2131,B6T0000000727,E3,89040.0,89448.0,89504.0,55.99999999999999,408.0,464.0,12,15,4,深位,是
6,6,inbound,IN0468,B6T0000001409,E1,85200.0,89392.0,89448.0,55.99999999999999,4192.0,4248.0,12,15,4,浅位,是
6,6,outbound,3299,B6T0000001308,E3,89340.0,89560.0,89804.0,244.0,220.0,464.0,12,25,31,浅位,是
6,6,inbound,IN0377,B6T0000001148,E3,82980.0,89504.0,89560.0,55.99999999999999,6524.0,6580.0,12,15,4,深位,是
6,6,outbound,3298,B6T0000001308,E3,89340.0,89910.0,90112.0,202.0,570.0,772.0,12,25,31,深位,是
6,6,inbound,IN0377,B6T0000001148,E3,82980.0,89804.0,89910.0,106.00000000000001,6824.0,6930.0,11,26,7,浅位,是
6,6,outbound,3555,B6T0000000380,E3,89520.0,90218.0,90500.0,282.0,698.0,980.0,11,15,51,浅位,是
6,6,inbound,IN0377,B6T0000001148,E3,82980.0,90112.0,90218.0,106.00000000000001,7132.0,7238.0,11,26,7,深位,是
6,6,outbound,3554,B6T0000000380,E3,89520.0,90606.0,90888.0,282.0,1086.0,1368.0,11,15,51,深位,是
6,6,inbound,IN0377,B6T0000001148,E3,82980.0,90500.0,90606.0,106.00000000000001,7520.0,7626.0,12,26,7,浅位,是
6,6,outbound,2314,B6T0000001107,E3,88140.0,90994.0,91168.0,174.0,2854.0,3028.0,11,13,24,浅位,是
6,6,inbound,IN0377,B6T0000001148,E3,82980.0,90888.0,90994.0,106.00000000000001,7908.0,8014.0,12,26,7,深位,是
6,6,outbound,2319,B6T0000001107,E3,88140.0,91256.0,91344.0,88.0,3116.0,3204.0,11,13,24,深位,是
6,6,inbound,IN0377,B6T0000001148,E3,82980.0,91168.0,91256.0,88.0,8188.0,8276.0,11,13,24,浅位,是
6,6,outbound,2318,B6T0000001107,E3,88140.0,91432.0,91520.0,88.0,3292.0,3380.0,12,13,24,浅位,是
6,6,inbound,IN0377,B6T0000001148,E3,82980.0,91344.0,91432.0,88.0,8364.0,8452.0,11,13,24,深位,是
6,6,outbound,2317,B6T0000001107,E3,88140.0,91608.0,91696.0,88.0,3468.0,3556.0,12,13,24,深位,是
6,6,inbound,IN0377,B6T0000001148,E3,82980.0,91520.0,91608.0,88.0,8540.0,8628.0,12,13,24,浅位,是
6,6,outbound,1477,B6T0000000631,E3,86520.0,91784.0,91960.0,176.00000000000006,5264.0,5440.0,11,24,3,浅位,是
6,6,inbound,IN0377,B6T0000001148,E3,82980.0,91696.0,91784.0,88.0,8716.0,8804.0,12,13,24,深位,是
6,6,outbound,1830,B6T0000001148,E3,91860.0,92050.0,92144.0,94.00000000000003,190.0,284.0,12,15,4,深位,是
6,6,inbound,IN0377,B6T0000001148,E3,82980.0,91960.0,92050.0,90.00000000000001,8980.0,9070.0,11,24,3,浅位,是
6,6,outbound,1824,B6T0000001148,E3,91860.0,92200.0,92336.0,136.0,340.0,476.0,11,13,24,浅位,是
6,6,inbound,IN0377,B6T0000001148,E3,82980.0,92144.0,92200.0,55.99999999999999,9164.0,9220.0,12,15,4,深位,是
6,6,outbound,1831,B6T0000001148,E3,91860.0,92512.5,92693.0,180.50000000000009,652.5,833.0,12,15,4,深位,是
6,6,inbound,IN0053,B6T0000000145,E4,82440.0,92336.0,92512.5,176.50000000000009,9896.0,10072.5,11,45,3,深位,是
6,6,outbound,1826,B6T0000001148,E3,91860.0,92749.0,92885.0,136.0,889.0,1025.0,11,13,24,深位,是
6,6,inbound,IN0392,B6T0000001192,E3,92640.0,92693.0,92749.0,55.99999999999999,53.0,109.0,12,15,4,深位,是
6,6,outbound,1827,B6T0000001148,E3,91860.0,92973.0,93061.0,88.0,1113.0,1201.0,12,13,24,浅位,是
6,6,inbound,IN0392,B6T0000001192,E3,92640.0,92885.0,92973.0,88.0,245.0,333.0,11,13,24,浅位,是
6,6,outbound,1828,B6T0000001148,E3,91860.0,93237.5,93498.0,260.5000000000001,1377.5,1638.0,12,13,24,深位,是
6,6,inbound,IN0053,B6T0000000145,E4,82440.0,93061.0,93237.5,176.50000000000009,10621.0,10797.5,12,45,3,浅位,是
6,6,outbound,1829,B6T0000001148,E3,91860.0,93674.5,93851.0,176.50000000000009,1814.5,1991.0,11,24,3,浅位,是
6,6,inbound,IN0109,B6T0000000317,E4,82740.0,93498.0,93674.5,176.50000000000009,10758.0,10934.5,12,45,3,深位,是
6,6,outbound,1476,B6T0000000631,E3,86520.0,94051.5,94252.0,200.50000000000006,7531.5,7732.0,11,24,3,深位,是
6,6,inbound,IN0109,B6T0000000317,E4,82740.0,93851.0,94051.5,200.50000000000009,11111.0,11311.5,11,43,20,深位,是
6,6,outbound,1475,B6T0000000631,E3,86520.0,94455.5,94659.0,203.50000000000009,7935.5,8139.0,12,24,3,浅位,是
6,6,inbound,IN0050,B6T0000000141,E4,83460.0,94252.0,94455.5,203.50000000000009,10792.0,10995.5,11,48,9,深位,是
6,6,outbound,1474,B6T0000000631,E3,86520.0,94873.5,95088.0,214.50000000000006,8353.5,8568.0,12,24,3,深位,是
6,6,inbound,IN0050,B6T0000000141,E4,83460.0,94659.0,94873.5,214.50000000000009,11199.0,11413.5,12,43,27,深位,是
6,6,outbound,3530,B6T0000000832,E3,87240.0,95305.5,95571.0,265.5000000000001,8065.5,8331.0,12,36,28,深位,是
6,6,inbound,IN0001,B6T0000000000,E4,84240.0,95088.0,95305.5,217.50000000000009,10848.0,11065.5,12,48,16,深位,是
6,6,outbound,3594,B6T0000000164,E4,86220.0,95789.5,96104.0,314.5000000000001,9569.5,9884.0,12,43,43,深位,是
6,6,inbound,IN0001,B6T0000000000,E4,84240.0,95571.0,95789.5,218.50000000000009,11331.0,11549.5,12,47,19,深位,是
6,6,inbound,IN0091,B6T0000000257,E4,84960.0,96104.0,96337.5,233.50000000000009,11144.0,11377.5,12,44,34,深位,否
6,6,inbound,IN0267,B6T0000000788,E3,96540.0,96565.0,96653.0,88.0,25.0,113.0,11,13,24,深位,否
6,6,inbound,IN0267,B6T0000000788,E3,96540.0,96735.0,96823.0,88.0,195.0,283.0,12,13,24,浅位,否
6,6,inbound,IN0267,B6T0000000788,E3,96540.0,96905.0,96993.0,88.0,365.0,453.0,12,13,24,深位,否
6,6,inbound,IN0091,B6T0000000257,E4,84960.0,97075.0,97319.5,244.50000000000009,12115.0,12359.5,12,49,27,深位,否
6,6,inbound,IN0304,B6T0000000919,E3,97320.0,97558.0,97648.0,90.00000000000001,238.0,328.0,11,24,3,浅位,否
6,6,inbound,IN0304,B6T0000000919,E3,97320.0,97732.0,97822.0,90.00000000000001,412.0,502.0,11,24,3,深位,否
6,6,inbound,IN0091,B6T0000000257,E4,84960.0,97906.0,98152.5,246.50000000000006,12946.0,13192.5,11,43,43,深位,否
6,6,outbound,2946,B6T0000000781,E3,98340.0,98639.5,98886.0,246.50000000000009,299.5,546.0,12,11,3,深位,是
6,6,inbound,IN0091,B6T0000000257,E4,84960.0,98393.0,98639.5,246.50000000000006,13433.0,13679.5,12,43,43,浅位,是
6,6,outbound,2945,B6T0000000781,E3,98340.0,99132.5,99379.0,246.50000000000009,792.5,1039.0,11,11,4,深位,是
6,6,inbound,IN0091,B6T0000000257,E4,84960.0,98886.0,99132.5,246.50000000000006,13926.0,14172.5,12,43,43,深位,是
6,6,outbound,2944,B6T0000000781,E3,98340.0,99629.5,99880.0,250.50000000000009,1289.5,1540.0,11,12,9,深位,是
6,6,inbound,IN0091,B6T0000000257,E4,84960.0,99379.0,99629.5,250.50000000000009,14419.0,14669.5,12,47,35,深位,是
6,6,inbound,IN0003,B6T0000000003,E4,84960.0,99880.0,100131.5,251.50000000000009,14920.0,15171.5,11,50,28,深位,否
6,6,inbound,IN0003,B6T0000000003,E4,84960.0,100377.0,100634.5,257.5000000000001,15417.0,15674.5,12,48,36,深位,否
6,6,inbound,IN0290,B6T0000000867,E3,100440.0,100886.0,100924.0,38.0,446.0,484.0,12,11,3,深位,否
6,6,inbound,IN0290,B6T0000000867,E3,100440.0,100956.0,100996.0,40.0,516.0,556.0,11,11,4,深位,否
6,6,inbound,IN0003,B6T0000000003,E4,84960.0,101030.0,101288.5,258.5000000000001,16070.0,16328.5,11,43,49,浅位,否
6,6,inbound,IN0003,B6T0000000003,E4,84960.0,101541.0,101799.5,258.5000000000001,16581.0,16839.5,11,43,49,深位,否
6,6,inbound,IN0003,B6T0000000003,E4,84960.0,102052.0,102310.5,258.5000000000001,17092.0,17350.5,12,43,49,浅位,否
6,6,inbound,IN0251,B6T0000000740,E3,102360.0,102563.0,102617.0,54.0,203.0,257.0,11,12,9,深位,否
6,6,inbound,IN0251,B6T0000000740,E3,102360.0,102665.0,102755.0,90.00000000000001,305.0,395.0,12,24,3,浅位,否
6,6,inbound,IN0251,B6T0000000740,E3,102360.0,102839.0,102929.0,90.00000000000001,479.0,569.0,12,24,3,深位,否
6,6,inbound,IN0251,B6T0000000740,E3,102360.0,103013.0,103159.0,146.0,653.0,799.0,11,20,39,浅位,否
6,6,inbound,IN0110,B6T0000000318,E4,85200.0,103299.0,103557.5,258.5000000000001,18099.0,18357.5,12,43,49,深位,否
6,6,inbound,IN0110,B6T0000000318,E4,85200.0,103810.0,104069.5,259.5000000000001,18610.0,18869.5,11,44,47,浅位,否
6,6,outbound,2255,B6T0000001242,E3,111300.0,111680.0,111870.0,190.0,380.0,570.0,11,19,17,浅位,否
6,6,outbound,2256,B6T0000001242,E3,111300.0,111870.0,112060.0,190.0,570.0,760.0,11,19,17,深位,否
6,6,outbound,2257,B6T0000001242,E3,111300.0,112060.0,112250.0,190.0,760.0,950.0,12,19,17,浅位,否
6,6,outbound,2258,B6T0000001242,E3,111300.0,112250.0,112440.0,190.0,950.0,1140.0,12,19,17,深位,否
6,6,outbound,63,B6T0000001664,E1,118500.0,118666.0,118686.0,20.0,166.0,186.0,11,2,2,浅位,否
6,6,outbound,2337,B6T0000001994,E1,127920.0,128208.0,128280.0,72.0,288.0,360.0,11,1,16,浅位,否
6,6,outbound,2336,B6T0000001994,E1,127920.0,128280.0,128352.0,72.0,360.0,432.0,11,1,16,深位,否
6,6,outbound,1048,B6T0000001052,E3,130740.0,130740.0,130870.0,130.0,0.0,130.0,11,17,6,浅位,否
6,6,outbound,1049,B6T0000001052,E3,130740.0,130870.0,131000.0,130.0,130.0,260.0,11,17,6,深位,否
6,6,outbound,1043,B6T0000001052,E3,130740.0,131000.0,131130.0,130.0,260.0,390.0,12,17,6,浅位,否
6,6,outbound,1044,B6T0000001052,E3,130740.0,131130.0,131260.0,130.0,390.0,520.0,12,17,6,深位,否
6,6,inbound,IN0236,B6T0000000689,E3,131580.0,131580.0,131648.0,68.0,0.0,68.0,11,17,6,浅位,否
6,6,inbound,IN0236,B6T0000000689,E3,131580.0,131710.0,131778.0,68.0,130.0,198.0,11,17,6,深位,否
6,6,inbound,IN0236,B6T0000000689,E3,131580.0,131840.0,131908.0,68.0,260.0,328.0,12,17,6,浅位,否
6,6,inbound,IN0210,B6T0000000614,E3,132300.0,132300.0,132368.0,68.0,0.0,68.0,12,17,6,深位,否
6,6,outbound,37,B6T0000001104,E3,132300.0,132528.0,132626.0,98.0,228.0,326.0,11,9,4,浅位,是
6,6,inbound,IN0210,B6T0000000614,E3,132300.0,132430.0,132528.0,98.0,130.0,228.0,11,19,17,浅位,是
6,6,outbound,38,B6T0000001104,E3,132300.0,132658.0,132690.0,31.999999999999996,358.0,390.0,11,9,4,深位,是
6,6,inbound,IN0210,B6T0000000614,E3,132300.0,132626.0,132658.0,31.999999999999996,326.0,358.0,11,9,4,浅位,是
6,6,outbound,39,B6T0000001104,E3,132300.0,132722.0,132754.0,31.999999999999996,422.0,454.0,12,9,4,浅位,是
6,6,inbound,IN0210,B6T0000000614,E3,132300.0,132690.0,132722.0,31.999999999999996,390.0,422.0,11,9,4,深位,是
6,6,inbound,IN0210,B6T0000000614,E3,132300.0,132754.0,132786.0,31.999999999999996,454.0,486.0,12,9,4,浅位,否
6,6,inbound,IN0210,B6T0000000614,E3,132300.0,132812.0,132910.0,98.0,512.0,610.0,11,19,17,深位,否
6,6,inbound,IN0210,B6T0000000614,E3,132300.0,133002.0,133100.0,98.0,702.0,800.0,12,19,17,浅位,否
6,6,inbound,IN0210,B6T0000000614,E3,132300.0,133192.0,133290.0,98.0,892.0,990.0,12,19,17,深位,否
6,6,inbound,IN0210,B6T0000000614,E3,132300.0,133382.0,133528.0,146.0,1082.0,1228.0,11,20,39,深位,否
6,6,outbound,3107,B6T0000000605,E3,133560.0,133818.0,134096.0,278.0000000000001,258.0,536.0,11,41,9,浅位,是
6,6,inbound,IN0210,B6T0000000614,E3,132300.0,133668.0,133818.0,150.0,1368.0,1518.0,12,25,31,浅位,是
6,6,outbound,3106,B6T0000000605,E3,133560.0,134246.0,134524.0,278.0000000000001,686.0,964.0,11,41,9,深位,是
6,6,inbound,IN0210,B6T0000000614,E3,132300.0,134096.0,134246.0,150.0,1796.0,1946.0,12,25,31,深位,是
6,6,outbound,3108,B6T0000000605,E3,133560.0,134537.0,134864.0,327.0000000000001,977.0,1304.0,12,41,9,浅位,是
6,6,inbound,IN0441,B6T0000001339,E1,134280.0,134524.0,134537.0,13.0,244.0,257.0,11,2,2,浅位,是
6,6,inbound,IN0441,B6T0000001339,E1,134280.0,134864.0,134903.0,39.0,584.0,623.0,11,1,16,浅位,否
6,6,inbound,IN0210,B6T0000000614,E3,132300.0,134936.0,135086.0,150.0,2636.0,2786.0,11,15,51,浅位,否
6,6,outbound,3468,B6T0000001000,E3,134940.0,135380.0,135618.0,238.00000000000003,440.0,678.0,11,26,36,浅位,是
6,6,inbound,IN0210,B6T0000000614,E3,132300.0,135230.0,135380.0,150.0,2930.0,3080.0,11,15,51,深位,是
6,6,outbound,3469,B6T0000001000,E3,134940.0,135772.0,136062.0,290.0,832.0,1122.0,11,26,36,深位,是
6,6,inbound,IN0210,B6T0000000614,E3,132300.0,135618.0,135772.0,154.0,3318.0,3472.0,11,9,65,浅位,是
6,6,inbound,IN0210,B6T0000000614,E3,132300.0,136062.0,136216.0,154.0,3762.0,3916.0,11,9,65,深位,否
6,6,inbound,IN0210,B6T0000000614,E3,132300.0,136364.0,136518.0,154.0,4064.0,4218.0,11,10,63,浅位,否
6,6,outbound,3099,B6T0000001767,E1,140580.0,140580.0,140728.0,148.0,0.0,148.0,12,5,31,浅位,否
6,6,outbound,3097,B6T0000001767,E1,140580.0,140728.0,140876.0,148.0,148.0,296.0,12,5,31,深位,否
6,6,outbound,2948,B6T0000001040,E3,142020.0,142020.0,142298.0,278.00000000000006,0.0,278.0,11,30,17,浅位,否
6,6,outbound,2947,B6T0000001040,E3,142020.0,142298.0,142576.0,278.00000000000006,278.0,556.0,11,30,17,深位,否
6,6,outbound,2949,B6T0000001040,E3,142020.0,142576.0,142854.0,278.00000000000006,556.0,834.0,12,30,17,浅位,否
6,6,inbound,IN0454,B6T0000001370,E1,170160.0,170160.0,170199.0,39.0,0.0,39.0,11,1,16,深位,否
6,6,inbound,IN0454,B6T0000001370,E1,170160.0,170232.0,170301.0,69.0,72.0,141.0,11,2,30,浅位,否
6,6,inbound,IN0454,B6T0000001370,E1,170160.0,170364.0,170433.0,69.0,204.0,273.0,11,2,30,深位,否
6,6,inbound,IN0454,B6T0000001370,E1,170160.0,170496.0,170565.0,69.0,336.0,405.0,12,2,30,浅位,否
6,6,inbound,IN0454,B6T0000001370,E1,170160.0,170628.0,170699.0,71.0,468.0,539.0,11,4,29,深位,否
6,6,inbound,IN0454,B6T0000001370,E1,170160.0,170764.0,170835.0,71.0,604.0,675.0,12,5,28,深位,否
6,6,inbound,IN0454,B6T0000001370,E1,170160.0,170900.0,170973.0,73.0,740.0,813.0,12,4,30,深位,否
6,6,inbound,IN0454,B6T0000001370,E1,170160.0,171040.0,171115.0,75.0,880.0,955.0,11,6,29,深位,否
6,6,inbound,IN0454,B6T0000001370,E1,170160.0,171184.0,171261.0,77.0,1024.0,1101.0,11,7,29,深位,否
6,6,inbound,IN0454,B6T0000001370,E1,170160.0,171332.0,171409.0,77.0,1172.0,1249.0,12,5,31,浅位,否
6,6,inbound,IN0454,B6T0000001370,E1,170160.0,171480.0,171557.0,77.0,1320.0,1397.0,12,5,31,深位,否
6,6,inbound,IN0454,B6T0000001370,E1,170160.0,171628.0,171713.0,85.0,1468.0,1553.0,11,7,33,深位,否
6,6,inbound,IN0454,B6T0000001370,E1,170160.0,171792.0,171879.0,87.0,1632.0,1719.0,11,7,34,深位,否
6,6,inbound,IN0454,B6T0000001370,E1,170160.0,171960.0,172055.0,95.0,1800.0,1895.0,12,3,42,深位,否
6,6,inbound,IN0454,B6T0000001370,E1,170160.0,172144.0,172241.0,97.0,1984.0,2081.0,11,8,38,深位,否
6,6,inbound,IN0454,B6T0000001370,E1,170160.0,172332.0,172429.0,97.0,2172.0,2269.0,12,7,39,深位,否
6,6,inbound,IN0454,B6T0000001370,E1,170160.0,172520.0,172619.0,99.0,2360.0,2459.0,12,7,40,深位,否
6,6,inbound,IN0454,B6T0000001370,E1,170160.0,172712.0,172813.0,100.99999999999999,2552.0,2653.0,12,5,43,深位,否
6,6,inbound,IN0454,B6T0000001370,E1,170160.0,172908.0,173009.0,101.0,2748.0,2849.0,12,3,45,深位,否
6,6,inbound,IN0454,B6T0000001370,E1,170160.0,173104.0,173207.0,103.0,2944.0,3047.0,11,5,44,深位,否
6,6,inbound,IN0454,B6T0000001370,E1,170160.0,173304.0,173411.0,107.0,3144.0,3251.0,12,6,45,深位,否
6,6,inbound,IN0454,B6T0000001370,E1,170160.0,173512.0,173621.0,109.0,3352.0,3461.0,11,2,50,深位,否
6,6,outbound,358,B6T0000001370,E1,173100.0,173833.0,173942.0,109.0,733.0,842.0,11,3,3,浅位,是
6,6,inbound,IN0616,B6T0000001825,E1,170160.0,173724.0,173833.0,109.0,3564.0,3673.0,11,7,45,深位,是
6,6,outbound,354,B6T0000001370,E1,173100.0,173959.0,173976.0,17.0,859.0,876.0,11,3,3,深位,是
6,6,inbound,IN0616,B6T0000001825,E1,170160.0,173942.0,173959.0,17.0,3782.0,3799.0,11,3,3,浅位,是
6,6,outbound,355,B6T0000001370,E1,173100.0,173993.0,174010.0,17.0,893.0,910.0,12,3,3,浅位,是
6,6,inbound,IN0616,B6T0000001825,E1,170160.0,173976.0,173993.0,17.0,3816.0,3833.0,11,3,3,深位,是
6,6,outbound,356,B6T0000001370,E1,173100.0,174027.0,174044.0,17.0,927.0,944.0,12,3,3,深位,是
6,6,inbound,IN0616,B6T0000001825,E1,170160.0,174010.0,174027.0,17.0,3850.0,3867.0,12,3,3,浅位,是
6,6,outbound,993,B6T0000001090,E3,174180.0,174180.0,174286.0,106.0,0.0,106.0,12,11,12,浅位,否
6,6,outbound,994,B6T0000001090,E3,174180.0,174286.0,174392.0,106.0,106.0,212.0,12,11,12,深位,否
6,6,outbound,3437,B6T0000001133,E3,174420.0,174420.0,174746.0,326.0,0.0,326.0,11,28,33,浅位,否
6,6,outbound,3436,B6T0000001133,E3,174420.0,174746.0,175072.0,326.0,326.0,652.0,11,28,33,深位,否
6,6,inbound,IN0526,B6T0000001568,E1,175020.0,175072.0,175089.0,17.0,52.0,69.0,12,3,3,深位,否
6,6,inbound,IN0526,B6T0000001568,E1,175020.0,175100.0,175156.0,56.0,80.0,136.0,12,11,12,浅位,否
6,6,inbound,IN0526,B6T0000001568,E1,175020.0,175206.0,175262.0,56.0,186.0,242.0,12,11,12,深位,否
6,6,inbound,IN0526,B6T0000001568,E1,175020.0,175312.0,175421.0,109.0,292.0,401.0,11,8,44,深位,否
6,6,outbound,2211,B6T0000001272,E3,175380.0,175635.0,175764.0,129.0,255.0,384.0,11,9,27,浅位,是
6,6,inbound,IN0526,B6T0000001568,E1,175020.0,175524.0,175635.0,111.00000000000001,504.0,615.0,11,5,48,深位,是
6,6,outbound,2212,B6T0000001272,E3,175380.0,175842.0,175920.0,78.0,462.0,540.0,11,9,27,深位,是
6,6,inbound,IN0526,B6T0000001568,E1,175020.0,175764.0,175842.0,78.0,744.0,822.0,11,9,27,浅位,是
6,6,outbound,2702,B6T0000001568,E1,175920.0,175998.0,176076.0,78.0,78.0,156.0,12,3,3,深位,是
6,6,inbound,IN0261,B6T0000000775,E3,175200.0,175920.0,175998.0,78.0,720.0,798.0,11,9,27,深位,是
6,6,outbound,2703,B6T0000001568,E1,175920.0,176218.0,176360.0,142.00000000000003,298.0,440.0,12,11,12,浅位,是
6,6,inbound,IN0261,B6T0000000775,E3,175200.0,176076.0,176218.0,142.00000000000003,876.0,1018.0,11,30,17,浅位,是
6,6,outbound,2700,B6T0000001568,E1,175920.0,176360.0,176466.0,106.0,440.0,546.0,12,11,12,深位,否
6,6,outbound,2213,B6T0000001272,E3,175380.0,176466.0,176616.0,150.0,1086.0,1236.0,12,9,27,浅位,否
6,6,outbound,2217,B6T0000001272,E3,175380.0,176616.0,176766.0,150.0,1236.0,1386.0,12,9,27,深位,否
6,6,outbound,773,B6T0000000843,E3,174120.0,176766.0,176876.0,109.99999999999999,2646.0,2756.0,11,15,5,浅位,否
6,6,outbound,779,B6T0000000843,E3,174120.0,176876.0,176986.0,109.99999999999999,2756.0,2866.0,11,15,5,深位,否
6,6,outbound,767,B6T0000000843,E3,174120.0,176986.0,177096.0,109.99999999999999,2866.0,2976.0,12,15,5,浅位,否
6,6,outbound,771,B6T0000000843,E3,174120.0,177096.0,177206.0,109.99999999999999,2976.0,3086.0,12,15,5,深位,否
6,6,outbound,2935,B6T0000000065,E4,173700.0,178172.0,178589.0,417.00000000000017,4472.0,4889.0,11,44,23,浅位,否
6,6,inbound,IN0145,B6T0000000433,E3,178560.0,178589.0,178645.0,56.0,29.0,85.0,12,11,12,浅位,否
6,6,inbound,IN0145,B6T0000000433,E3,178560.0,178695.0,178751.0,56.0,135.0,191.0,12,11,12,深位,否
6,6,outbound,2459,B6T0000001943,E1,181500.0,181500.0,181584.0,84.0,0.0,84.0,12,1,19,浅位,否
6,6,outbound,2458,B6T0000001943,E1,181500.0,181584.0,181668.0,84.0,84.0,168.0,12,1,19,深位,否
6,6,inbound,IN0467,B6T0000001407,E1,185340.0,185340.0,185357.0,17.0,0.0,17.0,12,3,3,深位,否
6,6,inbound,IN0467,B6T0000001407,E1,185340.0,185368.0,185413.0,45.0,28.0,73.0,12,1,19,浅位,否
6,6,inbound,IN0467,B6T0000001407,E1,185340.0,185452.0,185497.0,45.0,112.0,157.0,12,1,19,深位,否
6,6,inbound,IN0467,B6T0000001407,E1,185340.0,185536.0,185594.0,57.99999999999999,196.0,254.0,11,15,5,浅位,否
6,6,inbound,IN0467,B6T0000001407,E1,185340.0,185646.0,185704.0,57.99999999999999,306.0,364.0,11,15,5,深位,否
6,6,inbound,IN0467,B6T0000001407,E1,185340.0,185756.0,185814.0,57.99999999999999,416.0,474.0,12,15,5,浅位,否
6,6,inbound,IN0467,B6T0000001407,E1,185340.0,185866.0,185924.0,57.99999999999999,526.0,584.0,12,15,5,深位,否
6,6,inbound,IN0467,B6T0000001407,E1,185340.0,185976.0,186054.0,78.0,636.0,714.0,12,9,27,浅位,否
6,6,inbound,IN0467,B6T0000001407,E1,185340.0,186126.0,186204.0,78.0,786.0,864.0,12,9,27,深位,否
6,6,outbound,2904,B6T0000000326,E3,193500.0,193500.0,193694.0,194.0,0.0,194.0,12,9,38,浅位,否
6,6,outbound,34,B6T0000001104,E3,193680.0,193694.0,193752.0,57.99999999999999,14.0,72.0,12,9,4,深位,否
6,6,outbound,35,B6T0000001104,E3,193680.0,193752.0,193814.0,62.0,72.0,134.0,12,11,1,浅位,否
6,6,outbound,2903,B6T0000000326,E3,193500.0,193814.0,194008.0,194.0,314.0,508.0,12,9,38,深位,否
6,6,inbound,IN0389,B6T0000001186,E3,195180.0,195180.0,195212.0,31.999999999999996,0.0,32.0,12,9,4,深位,否
6,6,inbound,IN0389,B6T0000001186,E3,195180.0,195238.0,195272.0,34.0,58.0,92.0,12,11,1,浅位,否
6,6,outbound,1874,B6T0000000931,E3,194940.0,195400.0,195588.0,188.0,460.0,648.0,11,20,12,浅位,是
6,6,inbound,IN0389,B6T0000001186,E3,195180.0,195300.0,195400.0,100.0,120.0,220.0,12,9,38,浅位,是
6,6,outbound,1875,B6T0000000931,E3,194940.0,195680.0,195772.0,92.00000000000001,740.0,832.0,11,20,12,深位,是
6,6,inbound,IN0389,B6T0000001186,E3,195180.0,195588.0,195680.0,92.00000000000001,408.0,500.0,11,20,12,浅位,是
6,6,outbound,1494,B6T0000000905,E3,195660.0,195864.0,195964.0,100.00000000000001,204.0,304.0,11,14,14,浅位,是
6,6,inbound,IN0389,B6T0000001186,E3,195180.0,195772.0,195864.0,92.00000000000001,592.0,684.0,11,20,12,深位,是
6,6,outbound,1505,B6T0000000905,E3,195660.0,196036.0,196108.0,72.0,376.0,448.0,11,14,14,深位,是
6,6,inbound,IN0389,B6T0000001186,E3,195180.0,195964.0,196036.0,72.0,784.0,856.0,11,14,14,浅位,是
6,6,outbound,1504,B6T0000000905,E3,195660.0,196180.0,196252.0,72.0,520.0,592.0,12,14,14,浅位,是
6,6,inbound,IN0389,B6T0000001186,E3,195180.0,196108.0,196180.0,72.0,928.0,1000.0,11,14,14,深位,是
6,6,outbound,1503,B6T0000000905,E3,195660.0,196252.0,196390.0,138.0,592.0,730.0,12,14,14,深位,否
6,6,outbound,1876,B6T0000000931,E3,194940.0,196390.0,196568.0,178.00000000000003,1450.0,1628.0,12,20,12,浅位,否
6,6,outbound,1871,B6T0000000931,E3,194940.0,196568.0,196746.0,178.00000000000003,1628.0,1806.0,12,20,12,深位,否
6,6,outbound,3242,B6T0000000000,E4,197400.0,197400.0,197829.0,429.00000000000017,0.0,429.0,12,48,16,深位,否
6,6,outbound,3243,B6T0000000000,E4,197400.0,197829.0,198260.0,431.00000000000017,429.0,860.0,12,47,19,深位,否
6,6,outbound,1357,B6T0000001367,E1,198960.0,199040.0,199080.0,40.0,80.0,120.0,11,2,7,浅位,否
6,6,outbound,1356,B6T0000001367,E1,198960.0,199080.0,199120.0,40.0,120.0,160.0,11,2,7,深位,否
6,6,outbound,1355,B6T0000001367,E1,198960.0,199120.0,199160.0,40.0,160.0,200.0,12,2,7,浅位,否
6,6,outbound,1354,B6T0000001367,E1,198960.0,199160.0,199200.0,40.0,200.0,240.0,12,2,7,深位,否
6,6,inbound,IN0189,B6T0000000546,E3,201120.0,201120.0,201192.0,72.0,0.0,72.0,12,14,14,浅位,否
6,6,outbound,2898,B6T0000000865,E3,201240.0,201330.0,201402.0,72.0,90.0,162.0,12,12,9,浅位,是
6,6,inbound,IN0189,B6T0000000546,E3,201120.0,201258.0,201330.0,72.0,138.0,210.0,12,14,14,深位,是
6,6,outbound,2897,B6T0000000865,E3,201240.0,201456.0,201510.0,54.0,216.0,270.0,12,12,9,深位,是
6,6,inbound,IN0194,B6T0000000566,E3,201360.0,201402.0,201456.0,54.0,42.0,96.0,12,12,9,浅位,是
6,6,outbound,2896,B6T0000000865,E3,201240.0,201564.0,201642.0,77.99999999999999,324.0,402.0,11,15,4,浅位,是
6,6,inbound,IN0194,B6T0000000566,E3,201360.0,201510.0,201564.0,54.0,150.0,204.0,12,12,9,深位,是
6,6,outbound,3472,B6T0000001980,E1,201360.0,201698.0,201922.0,224.0,338.0,562.0,12,5,46,浅位,是
6,6,inbound,IN0194,B6T0000000566,E3,201360.0,201642.0,201698.0,55.99999999999999,282.0,338.0,11,15,4,浅位,是
6,6,outbound,3473,B6T0000001980,E1,201360.0,202014.0,202242.0,228.0,654.0,882.0,12,5,46,深位,是
6,6,inbound,IN0194,B6T0000000566,E3,201360.0,201922.0,202014.0,92.00000000000001,562.0,654.0,12,20,12,浅位,是
6,6,outbound,1143,B6T0000000395,E3,202560.0,203752.0,203882.0,130.0,1192.0,1322.0,11,16,8,浅位,否
6,6,outbound,1144,B6T0000000395,E3,202560.0,203882.0,204012.0,130.0,1322.0,1452.0,11,16,8,深位,否
6,6,outbound,1145,B6T0000000395,E3,202560.0,204012.0,204142.0,130.0,1452.0,1582.0,12,16,8,浅位,否
6,6,outbound,1146,B6T0000000395,E3,202560.0,204142.0,204272.0,130.0,1582.0,1712.0,12,16,8,深位,否
6,6,outbound,828,B6T0000001427,E1,203940.0,204272.0,204308.0,36.0,332.0,368.0,11,4,4,浅位,否
6,6,outbound,829,B6T0000001427,E1,203940.0,204308.0,204344.0,36.0,368.0,404.0,11,4,4,深位,否
6,6,outbound,830,B6T0000001427,E1,203940.0,204344.0,204380.0,36.0,404.0,440.0,12,4,4,浅位,否
6,6,outbound,831,B6T0000001427,E1,203940.0,204380.0,204416.0,36.0,440.0,476.0,12,4,4,深位,否
6,6,outbound,3679,B6T0000000145,E4,211080.0,211080.0,211427.0,347.00000000000017,0.0,347.0,11,45,3,浅位,否
6,6,outbound,3678,B6T0000000145,E4,211080.0,211427.0,211774.0,347.00000000000017,347.0,694.0,11,45,3,深位,否
6,6,inbound,IN0366,B6T0000001125,E3,213480.0,213480.0,213548.0,68.0,0.0,68.0,11,16,8,浅位,否
6,6,inbound,IN0366,B6T0000001125,E3,213480.0,213610.0,213678.0,68.0,130.0,198.0,11,16,8,深位,否
6,6,inbound,IN0366,B6T0000001125,E3,213480.0,213740.0,213808.0,68.0,260.0,328.0,12,16,8,浅位,否
6,6,inbound,IN0366,B6T0000001125,E3,213480.0,213870.0,213938.0,68.0,390.0,458.0,12,16,8,深位,否
6,6,outbound,1680,B6T0000001195,E3,213960.0,214092.0,214240.0,148.00000000000003,132.0,280.0,11,27,2,浅位,是
6,6,inbound,IN0205,B6T0000000601,E3,213480.0,214000.0,214092.0,92.00000000000001,520.0,612.0,12,20,12,深位,是
6,6,outbound,1685,B6T0000001195,E3,213960.0,214340.0,214584.0,244.0,380.0,624.0,11,27,2,深位,是
6,6,inbound,IN0205,B6T0000000601,E3,213480.0,214240.0,214340.0,100.0,760.0,860.0,12,9,38,深位,是
6,6,outbound,1676,B6T0000001195,E3,213960.0,214684.0,214784.0,100.00000000000001,724.0,824.0,12,27,2,浅位,是
6,6,inbound,IN0113,B6T0000000326,E3,213540.0,214584.0,214684.0,100.00000000000001,1044.0,1144.0,11,27,2,浅位,是
6,6,outbound,1677,B6T0000001195,E3,213960.0,214884.0,214984.0,100.00000000000001,924.0,1024.0,12,27,2,深位,是
6,6,inbound,IN0113,B6T0000000326,E3,213540.0,214784.0,214884.0,100.00000000000001,1244.0,1344.0,11,27,2,深位,是
6,6,inbound,IN0113,B6T0000000326,E3,213540.0,214984.0,215084.0,100.00000000000001,1444.0,1544.0,12,27,2,浅位,否
6,6,inbound,IN0113,B6T0000000326,E3,213540.0,215178.0,215278.0,100.00000000000001,1638.0,1738.0,12,27,2,深位,否
6,6,inbound,IN0037,B6T0000000114,E4,216180.0,216180.0,216356.5,176.50000000000009,0.0,176.5,11,45,3,浅位,否
6,6,inbound,IN0037,B6T0000000114,E4,216180.0,216527.0,216703.5,176.50000000000009,347.0,523.5,11,45,3,深位,否
6,6,inbound,IN0037,B6T0000000114,E4,216180.0,216874.0,217085.5,211.50000000000009,694.0,905.5,11,44,23,浅位,否
6,6,inbound,IN0037,B6T0000000114,E4,216180.0,217291.0,217508.5,217.50000000000009,1111.0,1328.5,12,48,16,深位,否
6,6,inbound,IN0037,B6T0000000114,E4,216180.0,217720.0,217938.5,218.50000000000009,1540.0,1758.5,12,47,19,深位,否
6,6,outbound,1456,B6T0000000897,E3,220080.0,222646.0,222808.0,162.00000000000003,2566.0,2728.0,11,21,6,浅位,否
6,6,outbound,2123,B6T0000001478,E1,223500.0,223892.0,223956.0,64.0,392.0,456.0,11,2,13,浅位,否
6,6,outbound,2122,B6T0000001478,E1,223500.0,223956.0,224020.0,64.0,456.0,520.0,11,2,13,深位,否
6,6,outbound,2121,B6T0000001478,E1,223500.0,224020.0,224084.0,64.0,520.0,584.0,12,2,13,浅位,否
6,6,outbound,2120,B6T0000001478,E1,223500.0,224084.0,224148.0,64.0,584.0,648.0,12,2,13,深位,否
6,6,inbound,IN0615,B6T0000001823,E1,224280.0,224280.0,224301.0,21.0,0.0,21.0,11,4,4,浅位,否
6,6,inbound,IN0615,B6T0000001823,E1,224280.0,224316.0,224337.0,21.0,36.0,57.0,11,4,4,深位,否
6,6,inbound,IN0615,B6T0000001823,E1,224280.0,224352.0,224373.0,21.0,72.0,93.0,12,4,4,浅位,否
6,6,inbound,IN0615,B6T0000001823,E1,224280.0,224388.0,224409.0,21.0,108.0,129.0,12,4,4,深位,否
6,6,inbound,IN0615,B6T0000001823,E1,224280.0,224424.0,224447.0,23.0,144.0,167.0,11,2,7,浅位,否
6,6,inbound,IN0615,B6T0000001823,E1,224280.0,224464.0,224487.0,23.0,184.0,207.0,11,2,7,深位,否
6,6,inbound,IN0615,B6T0000001823,E1,224280.0,224504.0,224527.0,23.0,224.0,247.0,12,2,7,浅位,否
6,6,inbound,IN0615,B6T0000001823,E1,224280.0,224544.0,224567.0,23.0,264.0,287.0,12,2,7,深位,否
6,6,inbound,IN0615,B6T0000001823,E1,224280.0,224584.0,224619.0,35.0,304.0,339.0,11,2,13,浅位,否
6,6,inbound,IN0630,B6T0000001888,E1,224340.0,224648.0,224683.0,35.0,308.0,343.0,11,2,13,深位,否
6,6,inbound,IN0630,B6T0000001888,E1,224340.0,224712.0,224747.0,35.0,372.0,407.0,12,2,13,浅位,否
6,6,inbound,IN0630,B6T0000001888,E1,224340.0,224776.0,224811.0,35.0,436.0,471.0,12,2,13,深位,否
6,6,inbound,IN0630,B6T0000001888,E1,224340.0,224840.0,224924.0,84.00000000000001,500.0,584.0,11,21,6,浅位,否
6,6,inbound,IN0630,B6T0000001888,E1,224340.0,225002.0,225109.0,107.0,662.0,769.0,12,5,46,浅位,否
6,6,inbound,IN0630,B6T0000001888,E1,224340.0,225210.0,225317.0,107.0,870.0,977.0,12,5,46,深位,否
6,6,outbound,3582,B6T0000000664,E3,225240.0,225560.0,225702.0,142.0,320.0,462.0,11,9,10,浅位,是
6,6,inbound,IN0223,B6T0000000644,E3,224460.0,225418.0,225560.0,142.00000000000003,958.0,1100.0,11,30,17,深位,是
6,6,outbound,3583,B6T0000000664,E3,225240.0,225746.0,225790.0,44.0,506.0,550.0,11,9,10,深位,是
6,6,inbound,IN0223,B6T0000000644,E3,224460.0,225702.0,225746.0,44.0,1242.0,1286.0,11,9,10,浅位,是
6,6,inbound,IN0294,B6T0000000882,E3,225720.0,225790.0,225834.0,44.0,70.0,114.0,11,9,10,深位,否
6,6,inbound,IN0294,B6T0000000882,E3,225720.0,225872.0,226014.0,142.00000000000003,152.0,294.0,12,30,17,浅位,否
6,6,inbound,IN0294,B6T0000000882,E3,225720.0,226150.0,226304.0,154.0,430.0,584.0,11,10,63,深位,否
6,6,inbound,IN0223,B6T0000000644,E3,224460.0,226452.0,226606.0,154.0,1992.0,2146.0,11,11,61,浅位,否
6,6,inbound,IN0174,B6T0000000505,E3,255360.0,255360.0,255514.0,154.0,0.0,154.0,11,11,61,深位,否
6,6,inbound,IN0174,B6T0000000505,E3,255360.0,255662.0,255816.0,154.0,302.0,456.0,12,9,65,浅位,否
6,6,inbound,IN0254,B6T0000000745,E3,256440.0,256440.0,256594.0,154.0,0.0,154.0,12,9,65,深位,否
6,6,inbound,IN0254,B6T0000000745,E3,256440.0,256742.0,256896.0,154.0,302.0,456.0,12,10,63,浅位,否
6,6,inbound,IN0254,B6T0000000745,E3,256440.0,257044.0,257198.0,154.0,604.0,758.0,12,10,63,深位,否
6,6,inbound,IN0254,B6T0000000745,E3,256440.0,257346.0,257500.0,154.0,906.0,1060.0,12,11,61,浅位,否
6,6,inbound,IN0254,B6T0000000745,E3,256440.0,257648.0,257802.0,154.0,1208.0,1362.0,12,11,61,深位,否
6,6,inbound,IN0254,B6T0000000745,E3,256440.0,257950.0,258106.0,156.0,1510.0,1666.0,11,9,66,浅位,否
6,6,inbound,IN0254,B6T0000000745,E3,256440.0,258256.0,258412.0,156.0,1816.0,1972.0,11,9,66,深位,否
6,6,inbound,IN0254,B6T0000000745,E3,256440.0,258562.0,258718.0,156.0,2122.0,2278.0,11,10,64,浅位,否
6,6,inbound,IN0254,B6T0000000745,E3,256440.0,258868.0,259024.0,156.0,2428.0,2584.0,11,10,64,深位,否
6,6,inbound,IN0254,B6T0000000745,E3,256440.0,259174.0,259330.0,156.0,2734.0,2890.0,11,11,62,浅位,否
6,6,outbound,688,B6T0000001180,E3,258900.0,259636.0,259792.0,156.0,736.0,892.0,11,10,10,浅位,是
6,6,inbound,IN0254,B6T0000000745,E3,256440.0,259480.0,259636.0,156.0,3040.0,3196.0,11,11,62,深位,是
6,6,outbound,151,B6T0000000810,E3,259440.0,259840.0,259920.0,79.99999999999999,400.0,480.0,11,14,2,浅位,是
6,6,inbound,IN0254,B6T0000000745,E3,256440.0,259792.0,259840.0,48.0,3352.0,3400.0,11,10,10,浅位,是
6,6,outbound,173,B6T0000000810,E3,259440.0,259968.0,260016.0,47.99999999999999,528.0,576.0,11,14,2,深位,是
6,6,inbound,IN0254,B6T0000000745,E3,256440.0,259920.0,259968.0,47.99999999999999,3480.0,3528.0,11,14,2,浅位,是
6,6,outbound,159,B6T0000000810,E3,259440.0,260064.0,260112.0,47.99999999999999,624.0,672.0,12,14,2,浅位,是
6,6,inbound,IN0254,B6T0000000745,E3,256440.0,260016.0,260064.0,47.99999999999999,3576.0,3624.0,11,14,2,深位,是
6,6,outbound,171,B6T0000000810,E3,259440.0,260160.0,260208.0,47.99999999999999,720.0,768.0,12,14,2,深位,是
6,6,inbound,IN0254,B6T0000000745,E3,256440.0,260112.0,260160.0,47.99999999999999,3672.0,3720.0,12,14,2,浅位,是
6,6,outbound,687,B6T0000001180,E3,258900.0,260256.0,260336.0,80.0,1356.0,1436.0,11,10,10,深位,是
6,6,inbound,IN0254,B6T0000000745,E3,256440.0,260208.0,260256.0,47.99999999999999,3768.0,3816.0,12,14,2,深位,是
6,6,outbound,690,B6T0000001180,E3,258900.0,260384.0,260432.0,48.0,1484.0,1532.0,12,10,10,浅位,是
6,6,inbound,IN0254,B6T0000000745,E3,256440.0,260336.0,260384.0,48.0,3896.0,3944.0,11,10,10,深位,是
6,6,outbound,675,B6T0000001180,E3,259800.0,260480.0,260528.0,48.0,680.0,728.0,12,10,10,深位,是
6,6,inbound,IN0254,B6T0000000745,E3,256440.0,260432.0,260480.0,48.0,3992.0,4040.0,12,10,10,浅位,是
6,6,inbound,IN0254,B6T0000000745,E3,256440.0,260528.0,260576.0,48.0,4088.0,4136.0,12,10,10,深位,否
6,6,outbound,2293,B6T0000001477,E1,259920.0,260774.0,260930.0,156.0,854.0,1010.0,11,2,15,浅位,是
6,6,inbound,IN0254,B6T0000000745,E3,256440.0,260618.0,260774.0,156.0,4178.0,4334.0,11,12,60,浅位,是
6,6,outbound,2292,B6T0000001477,E1,259920.0,261086.0,261242.0,156.0,1166.0,1322.0,11,2,15,深位,是
6,6,inbound,IN0254,B6T0000000745,E3,256440.0,260930.0,261086.0,156.0,4490.0,4646.0,11,12,60,深位,是
6,6,outbound,2291,B6T0000001477,E1,259920.0,261398.0,261554.0,156.0,1478.0,1634.0,12,2,15,浅位,是
6,6,inbound,IN0146,B6T0000000435,E3,256920.0,261242.0,261398.0,156.0,4322.0,4478.0,11,25,34,深位,是
6,6,outbound,2290,B6T0000001477,E1,259920.0,261710.0,261866.0,156.0,1790.0,1946.0,12,2,15,深位,是
6,6,inbound,IN0146,B6T0000000435,E3,256920.0,261554.0,261710.0,156.0,4634.0,4790.0,12,9,66,浅位,是
6,6,outbound,2277,B6T0000001817,E1,261660.0,262022.0,262178.0,156.0,362.0,518.0,12,1,15,浅位,是
6,6,inbound,IN0146,B6T0000000435,E3,256920.0,261866.0,262022.0,156.0,4946.0,5102.0,12,9,66,深位,是
6,6,outbound,267,B6T0000001466,E1,259800.0,262334.0,262490.0,156.0,2534.0,2690.0,11,4,2,浅位,是
6,6,inbound,IN0146,B6T0000000435,E3,256920.0,262178.0,262334.0,156.0,5258.0,5414.0,12,10,64,浅位,是
6,6,outbound,266,B6T0000001466,E1,259800.0,262646.0,262802.0,156.0,2846.0,3002.0,11,4,2,深位,是
6,6,inbound,IN0146,B6T0000000435,E3,256920.0,262490.0,262646.0,156.0,5570.0,5726.0,12,10,64,深位,是
6,6,outbound,257,B6T0000001466,E1,259800.0,262958.0,263114.0,156.0,3158.0,3314.0,12,4,2,浅位,是
6,6,inbound,IN0146,B6T0000000435,E3,256920.0,262802.0,262958.0,156.0,5882.0,6038.0,12,11,62,浅位,是
6,6,outbound,651,B6T0000001698,E1,261780.0,263270.0,263426.0,156.0,1490.0,1646.0,12,8,1,深位,是
6,6,inbound,IN0146,B6T0000000435,E3,256920.0,263114.0,263270.0,156.0,6194.0,6350.0,12,11,62,深位,是
6,6,outbound,2274,B6T0000001817,E1,261660.0,263582.0,263738.0,156.0,1922.0,2078.0,12,1,15,深位,是
6,6,inbound,IN0364,B6T0000001117,E3,256980.0,263426.0,263582.0,156.0,6446.0,6602.0,12,12,60,浅位,是
6,6,outbound,3561,B6T0000000644,E3,261060.0,263894.0,264050.0,156.0,2834.0,2990.0,11,9,10,浅位,是
6,6,inbound,IN0364,B6T0000001117,E3,256980.0,263738.0,263894.0,156.0,6758.0,6914.0,12,12,60,深位,是
6,6,outbound,2249,B6T0000001205,E3,258900.0,264094.0,264242.0,148.0,5194.0,5342.0,11,18,18,浅位,是
6,6,inbound,IN0364,B6T0000001117,E3,256980.0,264050.0,264094.0,44.0,7070.0,7114.0,11,9,10,浅位,是
6,6,outbound,2248,B6T0000001205,E3,258900.0,264338.0,264434.0,96.0,5438.0,5534.0,11,18,18,深位,是
6,6,inbound,IN0364,B6T0000001117,E3,256980.0,264242.0,264338.0,96.0,7262.0,7358.0,11,18,18,浅位,是
6,6,outbound,3093,B6T0000000969,E3,260700.0,264530.0,264690.0,160.0,3830.0,3990.0,11,16,34,浅位,是
6,6,inbound,IN0364,B6T0000001117,E3,256980.0,264434.0,264530.0,96.0,7454.0,7550.0,11,18,18,深位,是
6,6,outbound,3560,B6T0000000644,E3,261060.0,264810.0,265042.0,232.00000000000006,3750.0,3982.0,11,30,17,深位,是
6,6,inbound,IN0364,B6T0000001117,E3,256980.0,264690.0,264810.0,120.0,7710.0,7830.0,11,16,34,浅位,是
6,6,outbound,273,B6T0000000305,E4,260820.0,265184.0,265431.0,247.00000000000014,4364.0,4611.0,11,43,3,浅位,是
6,6,inbound,IN0364,B6T0000001117,E3,256980.0,265042.0,265184.0,142.00000000000003,8062.0,8204.0,11,30,17,深位,是
6,6,outbound,278,B6T0000000305,E4,260820.0,265587.0,265960.0,373.00000000000017,4767.0,5140.0,11,43,3,深位,是
6,6,inbound,IN0364,B6T0000001117,E3,256980.0,265431.0,265587.0,156.0,8451.0,8607.0,12,16,52,深位,是
6,6,outbound,274,B6T0000000305,E4,260820.0,265977.0,266293.0,316.00000000000017,5157.0,5473.0,12,43,3,浅位,是
6,6,inbound,IN0555,B6T0000001653,E1,265440.0,265960.0,265977.0,17.0,520.0,537.0,11,4,2,浅位,是
6,6,outbound,275,B6T0000000305,E4,260820.0,266310.0,266626.0,316.00000000000017,5490.0,5806.0,12,43,3,深位,是
6,6,inbound,IN0555,B6T0000001653,E1,265440.0,266293.0,266310.0,17.0,853.0,870.0,11,4,2,深位,是
6,6,inbound,IN0555,B6T0000001653,E1,265440.0,266626.0,266643.0,17.0,1186.0,1203.0,12,4,2,浅位,否
6,6,inbound,IN0364,B6T0000001117,E3,256980.0,266654.0,266812.0,158.0,9674.0,9832.0,11,9,67,浅位,否
6,6,inbound,IN0364,B6T0000001117,E3,256980.0,266964.0,267122.0,158.0,9984.0,10142.0,11,9,67,深位,否
6,6,inbound,IN0364,B6T0000001117,E3,256980.0,267274.0,267432.0,158.0,10294.0,10452.0,11,10,65,浅位,否
6,6,inbound,IN0364,B6T0000001117,E3,256980.0,267584.0,267742.0,158.0,10604.0,10762.0,11,10,65,深位,否
6,6,inbound,IN0364,B6T0000001117,E3,256980.0,267894.0,268052.0,158.0,10914.0,11072.0,11,11,63,浅位,否
6,6,inbound,IN0364,B6T0000001117,E3,256980.0,268204.0,268362.0,158.0,11224.0,11382.0,11,11,63,深位,否
6,6,inbound,IN0364,B6T0000001117,E3,256980.0,268514.0,268672.0,158.0,11534.0,11692.0,11,12,61,浅位,否
6,6,inbound,IN0364,B6T0000001117,E3,256980.0,268824.0,268982.0,158.0,11844.0,12002.0,11,12,61,深位,否
6,6,inbound,IN0364,B6T0000001117,E3,256980.0,269134.0,269292.0,158.0,12154.0,12312.0,11,13,59,浅位,否
6,6,inbound,IN0364,B6T0000001117,E3,256980.0,269444.0,269602.0,158.0,12464.0,12622.0,11,13,59,深位,否
6,6,inbound,IN0173,B6T0000000504,E3,257100.0,269754.0,269912.0,158.0,12654.0,12812.0,11,29,27,深位,否
6,6,inbound,IN0173,B6T0000000504,E3,257100.0,270064.0,270222.0,158.0,12964.0,13122.0,12,9,67,浅位,否
6,6,inbound,IN0173,B6T0000000504,E3,257100.0,270374.0,270532.0,158.0,13274.0,13432.0,12,9,67,深位,否
6,6,inbound,IN0173,B6T0000000504,E3,257100.0,270684.0,270842.0,158.0,13584.0,13742.0,12,10,65,浅位,否
6,6,inbound,IN0173,B6T0000000504,E3,257100.0,270994.0,271152.0,158.0,13894.0,14052.0,12,10,65,深位,否
6,6,inbound,IN0173,B6T0000000504,E3,257100.0,271304.0,271462.0,158.0,14204.0,14362.0,12,11,63,浅位,否
6,6,inbound,IN0173,B6T0000000504,E3,257100.0,271614.0,271772.0,158.0,14514.0,14672.0,12,11,63,深位,否
6,6,inbound,IN0173,B6T0000000504,E3,257100.0,271924.0,272082.0,158.0,14824.0,14982.0,12,12,61,浅位,否
6,6,inbound,IN0271,B6T0000000817,E3,257460.0,272234.0,272392.0,158.0,14774.0,14932.0,12,12,61,深位,否
6,6,inbound,IN0271,B6T0000000817,E3,257460.0,272544.0,272702.0,158.0,15084.0,15242.0,12,13,59,浅位,否
6,6,inbound,IN0271,B6T0000000817,E3,257460.0,272854.0,273012.0,158.0,15394.0,15552.0,12,13,59,深位,否
6,6,outbound,3532,B6T0000000919,E3,275040.0,275040.0,275214.0,174.00000000000003,0.0,174.0,11,24,3,浅位,否
6,6,outbound,3533,B6T0000000919,E3,275040.0,275304.0,275394.0,90.00000000000001,264.0,354.0,11,24,3,深位,是
6,6,inbound,IN0317,B6T0000000952,E3,275160.0,275214.0,275304.0,90.00000000000001,54.0,144.0,11,24,3,浅位,是
6,6,inbound,IN0317,B6T0000000952,E3,275160.0,275394.0,275484.0,90.00000000000001,234.0,324.0,11,24,3,深位,否
6,6,inbound,IN0124,B6T0000000356,E3,275280.0,275568.0,275726.0,158.0,288.0,446.0,12,29,27,浅位,否
6,6,inbound,IN0124,B6T0000000356,E3,275280.0,275878.0,276036.0,158.0,598.0,756.0,12,29,27,深位,否
6,6,inbound,IN0540,B6T0000001605,E1,279780.0,279780.0,279803.0,23.0,0.0,23.0,12,8,1,深位,否
6,6,inbound,IN0540,B6T0000001605,E1,279780.0,279820.0,279857.0,37.0,40.0,77.0,12,1,15,浅位,否
6,6,inbound,IN0540,B6T0000001605,E1,279780.0,279888.0,279925.0,37.0,108.0,145.0,12,1,15,深位,否
6,6,inbound,IN0540,B6T0000001605,E1,279780.0,279956.0,279995.0,39.0,176.0,215.0,11,2,15,浅位,否
6,6,outbound,3515,B6T0000000775,E3,280320.0,280320.0,280470.0,150.0,0.0,150.0,11,9,27,深位,否
6,6,outbound,3514,B6T0000000775,E3,280320.0,280470.0,280748.0,278.00000000000006,150.0,428.0,11,30,17,浅位,否
6,6,outbound,3194,B6T0000000864,E3,281220.0,281220.0,281486.0,266.0,0.0,266.0,12,21,32,浅位,否
6,6,outbound,3195,B6T0000000864,E3,281220.0,281486.0,281752.0,266.0,266.0,532.0,12,21,32,深位,否
6,6,outbound,3217,B6T0000000566,E3,282900.0,282900.0,283002.0,102.0,0.0,102.0,12,12,9,浅位,否
6,6,outbound,3218,B6T0000000566,E3,282900.0,283002.0,283104.0,102.0,102.0,204.0,12,12,9,深位,否
6,6,outbound,3219,B6T0000000566,E3,282900.0,283104.0,283210.0,105.99999999999999,204.0,310.0,11,15,4,浅位,否
6,6,outbound,2462,B6T0000000438,E3,284400.0,284400.0,284646.0,246.00000000000006,0.0,246.0,11,30,9,浅位,否
6,6,outbound,2460,B6T0000000438,E3,284400.0,284646.0,284892.0,246.00000000000006,246.0,492.0,11,30,9,深位,否
6,6,outbound,2464,B6T0000000438,E3,284400.0,284892.0,285138.0,246.00000000000006,492.0,738.0,12,30,9,浅位,否
6,6,outbound,2463,B6T0000000438,E3,284400.0,285138.0,285384.0,246.00000000000006,738.0,984.0,12,30,9,深位,否
6,6,inbound,IN0214,B6T0000000622,E3,287340.0,287340.0,287394.0,54.0,0.0,54.0,12,12,9,浅位,否
6,6,inbound,IN0214,B6T0000000622,E3,287340.0,287442.0,287496.0,54.0,102.0,156.0,12,12,9,深位,否
6,6,inbound,IN0214,B6T0000000622,E3,287340.0,287544.0,287600.0,55.99999999999999,204.0,260.0,11,15,4,浅位,否
6,6,inbound,IN0149,B6T0000000438,E3,287400.0,287650.0,287728.0,78.0,250.0,328.0,11,9,27,深位,否
6,6,inbound,IN0149,B6T0000000438,E3,287400.0,287800.0,287926.0,126.00000000000003,400.0,526.0,11,30,9,浅位,否
6,6,outbound,2672,B6T0000000584,E3,288000.0,288172.0,288322.0,150.00000000000003,172.0,322.0,12,33,9,浅位,是
6,6,inbound,IN0149,B6T0000000438,E3,287400.0,288046.0,288172.0,126.00000000000003,646.0,772.0,11,30,9,深位,是
6,6,outbound,2673,B6T0000000584,E3,288000.0,288448.0,288598.0,150.00000000000003,448.0,598.0,12,33,9,深位,是
6,6,inbound,IN0149,B6T0000000438,E3,287400.0,288322.0,288448.0,126.00000000000003,922.0,1048.0,12,30,9,浅位,是
6,6,outbound,2073,B6T0000001546,E1,287100.0,288724.0,288858.0,134.00000000000003,1624.0,1758.0,11,4,11,浅位,是
6,6,inbound,IN0149,B6T0000000438,E3,287400.0,288598.0,288724.0,126.00000000000003,1198.0,1324.0,12,30,9,深位,是
6,6,outbound,2072,B6T0000001546,E1,287100.0,288994.0,289130.0,136.0,1894.0,2030.0,11,4,11,深位,是
6,6,inbound,IN0149,B6T0000000438,E3,287400.0,288858.0,288994.0,136.0,1458.0,1594.0,12,21,32,浅位,是
6,6,outbound,2071,B6T0000001546,E1,287100.0,289130.0,289194.0,64.0,2030.0,2094.0,12,4,11,浅位,否
6,6,outbound,3360,B6T0000000601,E3,289260.0,289260.0,289438.0,178.00000000000003,0.0,178.0,12,20,12,深位,否
6,6,outbound,3361,B6T0000000601,E3,289260.0,289438.0,289632.0,194.0,178.0,372.0,12,9,38,深位,否
6,6,outbound,462,B6T0000001382,E1,295980.0,297508.0,297536.0,28.0,1528.0,1556.0,11,2,4,浅位,否
6,6,outbound,461,B6T0000001382,E1,295980.0,297536.0,297564.0,28.0,1556.0,1584.0,11,2,4,深位,否
6,6,outbound,460,B6T0000001382,E1,295980.0,297564.0,297592.0,28.0,1584.0,1612.0,12,2,4,浅位,否
6,6,outbound,468,B6T0000001382,E1,295980.0,297592.0,297620.0,28.0,1612.0,1640.0,12,2,4,深位,否
6,6,inbound,IN0321,B6T0000000968,E3,298920.0,298920.0,299012.0,92.00000000000001,0.0,92.0,12,20,12,深位,否
6,6,inbound,IN0321,B6T0000000968,E3,298920.0,299098.0,299198.0,100.0,178.0,278.0,12,9,38,深位,否
6,6,inbound,IN0321,B6T0000000968,E3,298920.0,299292.0,299428.0,136.0,372.0,508.0,12,21,32,深位,否
6,6,inbound,IN0321,B6T0000000968,E3,298920.0,299558.0,299696.0,138.00000000000003,638.0,776.0,12,33,9,浅位,否
6,6,inbound,IN0617,B6T0000001826,E1,303240.0,303240.0,303257.0,17.0,0.0,17.0,11,2,4,浅位,否
6,6,inbound,IN0617,B6T0000001826,E1,303240.0,303268.0,303285.0,17.0,28.0,45.0,11,2,4,深位,否
6,6,inbound,IN0617,B6T0000001826,E1,303240.0,303296.0,303313.0,17.0,56.0,73.0,12,2,4,浅位,否
6,6,outbound,3441,B6T0000001574,E1,303780.0,303780.0,303976.0,196.0,0.0,196.0,12,2,46,浅位,否
6,6,outbound,3440,B6T0000001574,E1,303780.0,303976.0,304172.0,196.0,196.0,392.0,12,2,46,深位,否
6,6,outbound,1528,B6T0000000228,E4,301800.0,304879.0,305234.0,355.00000000000017,3079.0,3434.0,11,43,10,浅位,否
6,6,outbound,1524,B6T0000000228,E4,301800.0,305234.0,305589.0,355.00000000000017,3434.0,3789.0,11,43,10,深位,否
6,6,outbound,1520,B6T0000000228,E4,301800.0,305606.0,305950.0,344.0000000000001,3806.0,4150.0,12,43,10,浅位,是
6,6,inbound,IN0523,B6T0000001561,E1,305400.0,305589.0,305606.0,17.0,189.0,206.0,12,2,4,深位,是
6,6,outbound,1523,B6T0000000228,E4,301800.0,305985.0,306315.0,330.00000000000017,4185.0,4515.0,12,43,10,深位,是
6,6,inbound,IN0523,B6T0000001561,E1,305400.0,305950.0,305985.0,35.0,550.0,585.0,11,4,11,浅位,是
6,6,outbound,807,B6T0000000540,E3,305460.0,308430.0,308552.0,122.0,2970.0,3092.0,11,18,2,浅位,否
6,6,outbound,1638,B6T0000001117,E3,308820.0,308820.0,308902.0,82.0,0.0,82.0,11,9,10,浅位,否
6,6,inbound,IN0048,B6T0000000139,E4,310080.0,310080.0,310246.5,166.50000000000009,0.0,166.5,11,43,3,浅位,否
6,6,outbound,336,B6T0000000139,E4,302220.0,310573.5,310740.0,166.50000000000009,8353.5,8520.0,11,43,3,浅位,是
6,6,inbound,IN0048,B6T0000000139,E4,310080.0,310407.0,310573.5,166.50000000000009,327.0,493.5,11,43,3,深位,是
6,6,outbound,335,B6T0000000139,E4,302220.0,310906.5,311073.0,166.50000000000009,8686.5,8853.0,11,43,3,深位,是
6,6,inbound,IN0048,B6T0000000139,E4,310080.0,310740.0,310906.5,166.50000000000009,660.0,826.5,11,43,3,浅位,是
6,6,outbound,341,B6T0000000139,E4,302220.0,311239.5,311406.0,166.50000000000009,9019.5,9186.0,11,43,3,浅位,是
6,6,inbound,IN0048,B6T0000000139,E4,310080.0,311073.0,311239.5,166.50000000000009,993.0,1159.5,11,43,3,深位,是
6,6,outbound,331,B6T0000000139,E4,302220.0,311450.0,311767.0,317.00000000000017,9230.0,9547.0,11,43,3,深位,是
6,6,inbound,IN0170,B6T0000000497,E3,311160.0,311406.0,311450.0,44.0,246.0,290.0,11,9,10,浅位,是
6,6,inbound,IN0170,B6T0000000497,E3,311160.0,311767.0,311831.0,64.0,607.0,671.0,11,18,2,浅位,否
6,6,inbound,IN0387,B6T0000001182,E3,311400.0,311889.0,312027.0,138.00000000000003,489.0,627.0,12,33,9,深位,否
6,6,inbound,IN0387,B6T0000001182,E3,311400.0,312159.0,312301.0,142.00000000000003,759.0,901.0,11,30,17,浅位,否
6,6,inbound,IN0387,B6T0000001182,E3,311400.0,312437.0,312595.0,158.0,1037.0,1195.0,12,14,57,浅位,否
6,6,outbound,303,B6T0000001196,E3,309300.0,312905.0,313063.0,158.0,3605.0,3763.0,11,13,5,浅位,是
6,6,inbound,IN0387,B6T0000001182,E3,311400.0,312747.0,312905.0,158.0,1347.0,1505.0,12,14,57,深位,是
6,6,outbound,299,B6T0000001196,E3,309300.0,313113.0,313163.0,50.0,3813.0,3863.0,11,13,5,深位,是
6,6,inbound,IN0387,B6T0000001182,E3,311400.0,313063.0,313113.0,50.0,1663.0,1713.0,11,13,5,浅位,是
6,6,outbound,298,B6T0000001196,E3,309300.0,313329.5,313504.0,174.50000000000006,4029.5,4204.0,12,13,5,浅位,是
6,6,inbound,IN0048,B6T0000000139,E4,310080.0,313163.0,313329.5,166.50000000000009,3083.0,3249.5,11,43,3,浅位,是
6,6,outbound,236,B6T0000000581,E3,311640.0,313670.5,313861.0,190.50000000000009,2030.5,2221.0,11,9,9,浅位,是
6,6,inbound,IN0048,B6T0000000139,E4,310080.0,313504.0,313670.5,166.50000000000009,3424.0,3590.5,11,43,3,深位,是
6,6,outbound,241,B6T0000000581,E3,311640.0,314027.5,314218.0,190.50000000000009,2387.5,2578.0,11,9,9,深位,是
6,6,inbound,IN0048,B6T0000000139,E4,310080.0,313861.0,314027.5,166.50000000000009,3781.0,3947.5,12,43,3,浅位,是
6,6,outbound,1792,B6T0000001685,E1,313920.0,314384.5,314571.0,186.50000000000006,464.5,651.0,11,5,8,浅位,是
6,6,inbound,IN0048,B6T0000000139,E4,310080.0,314218.0,314384.5,166.50000000000009,4138.0,4304.5,12,43,3,深位,是
6,6,outbound,1791,B6T0000001685,E1,313920.0,314751.5,314932.0,180.50000000000006,831.5,1012.0,11,5,8,深位,是
6,6,inbound,IN0048,B6T0000000139,E4,310080.0,314571.0,314751.5,180.50000000000009,4491.0,4671.5,11,43,10,浅位,是
6,6,outbound,1790,B6T0000001685,E1,313920.0,315112.5,315293.0,180.50000000000006,1192.5,1373.0,12,5,8,浅位,是
6,6,inbound,IN0048,B6T0000000139,E4,310080.0,314932.0,315112.5,180.50000000000009,4852.0,5032.5,11,43,10,深位,是
6,6,outbound,1794,B6T0000001685,E1,313920.0,315473.5,315654.0,180.50000000000006,1553.5,1734.0,12,5,8,深位,是
6,6,inbound,IN0048,B6T0000000139,E4,310080.0,315293.0,315473.5,180.50000000000009,5213.0,5393.5,12,43,10,浅位,是
6,6,outbound,240,B6T0000000581,E3,311640.0,315834.5,316015.0,180.50000000000009,4194.5,4375.0,12,9,9,浅位,是
6,6,inbound,IN0048,B6T0000000139,E4,310080.0,315654.0,315834.5,180.50000000000009,5574.0,5754.5,12,43,10,深位,是
6,6,outbound,239,B6T0000000581,E3,311640.0,316274.5,316534.0,259.5000000000001,4634.5,4894.0,12,9,9,深位,是
6,6,inbound,IN0048,B6T0000000139,E4,310080.0,316015.0,316274.5,259.5000000000001,5935.0,6194.5,11,44,47,深位,是
6,6,outbound,842,B6T0000001220,E3,312960.0,316793.5,317053.0,259.5000000000001,3833.5,4093.0,11,9,12,浅位,是
6,6,inbound,IN0048,B6T0000000139,E4,310080.0,316534.0,316793.5,259.5000000000001,6454.0,6713.5,11,48,37,深位,是
6,6,outbound,297,B6T0000001196,E3,309300.0,317312.5,317572.0,259.50000000000006,8012.5,8272.0,12,13,5,深位,是
6,6,inbound,IN0048,B6T0000000139,E4,310080.0,317053.0,317312.5,259.5000000000001,6973.0,7232.5,12,44,47,浅位,是
6,6,outbound,497,B6T0000001101,E3,309960.0,317831.5,318091.0,259.5000000000001,7871.5,8131.0,11,12,7,浅位,是
6,6,inbound,IN0048,B6T0000000139,E4,310080.0,317572.0,317831.5,259.5000000000001,7492.0,7751.5,12,44,47,深位,是
6,6,outbound,498,B6T0000001101,E3,309960.0,318351.5,318612.0,260.50000000000006,8391.5,8652.0,11,12,7,深位,是
6,6,inbound,IN0048,B6T0000000139,E4,310080.0,318091.0,318351.5,260.5000000000001,8011.0,8271.5,11,43,50,浅位,是
6,6,outbound,499,B6T0000001101,E3,309960.0,318872.5,319133.0,260.50000000000006,8912.5,9173.0,12,12,7,浅位,是
6,6,inbound,IN0048,B6T0000000139,E4,310080.0,318612.0,318872.5,260.5000000000001,8532.0,8792.5,11,43,50,深位,是
6,6,outbound,500,B6T0000001101,E3,309960.0,319175.0,319241.0,66.0,9215.0,9281.0,12,12,7,深位,是
6,6,inbound,IN0141,B6T0000000429,E3,318960.0,319133.0,319175.0,42.0,173.0,215.0,11,9,9,浅位,是
6,6,outbound,1641,B6T0000001117,E3,308820.0,319283.0,319385.0,102.0,10463.0,10565.0,11,13,16,浅位,是
6,6,inbound,IN0141,B6T0000000429,E3,318960.0,319241.0,319283.0,42.0,281.0,323.0,11,9,9,深位,是
6,6,outbound,1640,B6T0000001117,E3,308820.0,319427.0,319529.0,102.0,10607.0,10709.0,11,13,16,深位,是
6,6,inbound,IN0234,B6T0000000683,E3,319380.0,319385.0,319427.0,42.0,5.0,47.0,12,9,9,浅位,是
6,6,outbound,1635,B6T0000001117,E3,308820.0,319571.0,319673.0,102.0,10751.0,10853.0,12,13,16,浅位,是
6,6,inbound,IN0234,B6T0000000683,E3,319380.0,319529.0,319571.0,42.0,149.0,191.0,12,9,9,深位,是
6,6,outbound,1636,B6T0000001117,E3,308820.0,319721.0,319817.0,96.0,10901.0,10997.0,12,13,16,深位,是
6,6,inbound,IN0234,B6T0000000683,E3,319380.0,319673.0,319721.0,48.0,293.0,341.0,11,9,12,浅位,是
6,6,outbound,346,B6T0000000139,E4,302220.0,319867.0,320158.0,291.00000000000017,17647.0,17938.0,11,43,3,浅位,是
6,6,inbound,IN0234,B6T0000000683,E3,319380.0,319817.0,319867.0,50.0,437.0,487.0,11,13,5,深位,是
6,6,inbound,IN0234,B6T0000000683,E3,319380.0,320158.0,320208.0,50.0,778.0,828.0,12,13,5,浅位,否
6,6,inbound,IN0234,B6T0000000683,E3,319380.0,320252.0,320302.0,50.0,872.0,922.0,12,13,5,深位,否
6,6,inbound,IN0234,B6T0000000683,E3,319380.0,320346.0,320396.0,50.0,966.0,1016.0,11,12,7,浅位,否
6,6,inbound,IN0048,B6T0000000139,E4,310080.0,320440.0,320606.5,166.50000000000009,10360.0,10526.5,11,43,3,浅位,否
6,6,inbound,IN0048,B6T0000000139,E4,310080.0,320767.0,321027.5,260.5000000000001,10687.0,10947.5,12,43,50,浅位,否
6,6,inbound,IN0048,B6T0000000139,E4,310080.0,321282.0,321542.5,260.5000000000001,11202.0,11462.5,12,43,50,深位,否
6,6,inbound,IN0048,B6T0000000139,E4,310080.0,321797.0,322058.5,261.5000000000001,11717.0,11978.5,11,44,48,浅位,否
6,6,inbound,IN0048,B6T0000000139,E4,310080.0,322314.0,322575.5,261.5000000000001,12234.0,12495.5,11,44,48,深位,否
6,6,inbound,IN0048,B6T0000000139,E4,310080.0,322831.0,323092.5,261.5000000000001,12751.0,13012.5,12,44,48,浅位,否
6,6,inbound,IN0048,B6T0000000139,E4,310080.0,323348.0,323609.5,261.5000000000001,13268.0,13529.5,12,44,48,深位,否
6,6,inbound,IN0048,B6T0000000139,E4,310080.0,323865.0,324127.5,262.5000000000001,13785.0,14047.5,11,43,51,浅位,否
6,6,inbound,IN0048,B6T0000000139,E4,310080.0,324384.0,324646.5,262.5000000000001,14304.0,14566.5,11,43,51,深位,否
6,6,inbound,IN0048,B6T0000000139,E4,310080.0,324903.0,325165.5,262.5000000000001,14823.0,15085.5,11,45,46,浅位,否
6,6,inbound,IN0048,B6T0000000139,E4,310080.0,325422.0,325684.5,262.5000000000001,15342.0,15604.5,11,45,46,深位,否
6,6,inbound,IN0048,B6T0000000139,E4,310080.0,325941.0,326203.5,262.5000000000001,15861.0,16123.5,12,43,51,浅位,否
6,6,inbound,IN0032,B6T0000000096,E4,314160.0,326460.0,326722.5,262.5000000000001,12300.0,12562.5,12,43,51,深位,否
6,6,inbound,IN0032,B6T0000000096,E4,314160.0,326979.0,327241.5,262.5000000000001,12819.0,13081.5,12,45,46,浅位,否
6,6,inbound,IN0032,B6T0000000096,E4,314160.0,327498.0,327760.5,262.5000000000001,13338.0,13600.5,12,45,46,深位,否
6,6,inbound,IN0032,B6T0000000096,E4,314160.0,328017.0,328279.5,262.5000000000001,13857.0,14119.5,12,49,36,深位,否
6,6,inbound,IN0504,B6T0000001516,E1,342420.0,342420.0,342451.0,31.0,0.0,31.0,11,5,8,浅位,否
6,6,inbound,IN0504,B6T0000001516,E1,342420.0,342476.0,342507.0,31.0,56.0,87.0,11,5,8,深位,否
6,6,inbound,IN0504,B6T0000001516,E1,342420.0,342532.0,342563.0,31.0,112.0,143.0,12,5,8,浅位,否
6,6,inbound,IN0504,B6T0000001516,E1,342420.0,342588.0,342619.0,31.0,168.0,199.0,12,5,8,深位,否
6,6,inbound,IN0504,B6T0000001516,E1,342420.0,342644.0,342679.0,35.0,224.0,259.0,11,4,11,深位,否
6,6,inbound,IN0504,B6T0000001516,E1,342420.0,342708.0,342743.0,35.0,288.0,323.0,12,4,11,浅位,否
6,6,inbound,IN0453,B6T0000001367,E1,342540.0,342772.0,342811.0,39.0,232.0,271.0,11,2,15,深位,否
6,6,inbound,IN0453,B6T0000001367,E1,342540.0,342844.0,342883.0,39.0,304.0,343.0,12,2,15,浅位,否
6,6,inbound,IN0453,B6T0000001367,E1,342540.0,342916.0,342955.0,39.0,376.0,415.0,12,2,15,深位,否
6,6,inbound,IN0453,B6T0000001367,E1,342540.0,342988.0,343038.0,50.0,448.0,498.0,11,12,7,深位,否
6,6,inbound,IN0453,B6T0000001367,E1,342540.0,343082.0,343132.0,50.0,542.0,592.0,12,12,7,浅位,否
6,6,inbound,IN0453,B6T0000001367,E1,342540.0,343176.0,343226.0,50.0,636.0,686.0,12,12,7,深位,否
6,6,inbound,IN0453,B6T0000001367,E1,342540.0,343270.0,343342.0,72.0,730.0,802.0,11,13,16,浅位,否
6,6,inbound,IN0453,B6T0000001367,E1,342540.0,343408.0,343480.0,72.0,868.0,940.0,11,13,16,深位,否
6,6,inbound,IN0453,B6T0000001367,E1,342540.0,343546.0,343618.0,72.0,1006.0,1078.0,12,13,16,浅位,否
6,6,inbound,IN0453,B6T0000001367,E1,342540.0,343684.0,343756.0,72.0,1144.0,1216.0,12,13,16,深位,否
6,6,inbound,IN0453,B6T0000001367,E1,342540.0,343822.0,343923.0,101.0,1282.0,1383.0,12,2,46,浅位,否
6,6,inbound,IN0453,B6T0000001367,E1,342540.0,344018.0,344119.0,101.0,1478.0,1579.0,12,2,46,深位,否
6,6,inbound,IN0453,B6T0000001367,E1,342540.0,344214.0,344327.0,113.00000000000001,1674.0,1787.0,11,1,53,深位,否
6,6,inbound,IN0453,B6T0000001367,E1,342540.0,344434.0,344549.0,115.0,1894.0,2009.0,12,6,49,深位,否
6,6,inbound,IN0453,B6T0000001367,E1,342540.0,344658.0,344783.0,125.0,2118.0,2243.0,11,1,59,浅位,否
6,6,inbound,IN0453,B6T0000001367,E1,342540.0,344902.0,345027.0,125.0,2362.0,2487.0,11,1,59,深位,否
6,6,inbound,IN0453,B6T0000001367,E1,342540.0,345146.0,345271.0,125.0,2606.0,2731.0,12,1,59,浅位,否
6,6,inbound,IN0453,B6T0000001367,E1,342540.0,345390.0,345515.0,125.0,2850.0,2975.0,12,1,59,深位,否
6,6,outbound,185,B6T0000000932,E3,345480.0,345761.0,345970.0,209.0,281.0,490.0,11,15,1,浅位,是
6,6,inbound,IN0453,B6T0000001367,E1,342540.0,345634.0,345761.0,127.0,3094.0,3221.0,11,1,60,浅位,是
6,6,outbound,187,B6T0000000932,E3,345480.0,346020.0,346070.0,49.99999999999999,540.0,590.0,11,15,1,深位,是
6,6,inbound,IN0453,B6T0000001367,E1,342540.0,345970.0,346020.0,49.99999999999999,3430.0,3480.0,11,15,1,浅位,是
6,6,outbound,184,B6T0000000932,E3,345480.0,346120.0,346170.0,49.99999999999999,640.0,690.0,12,15,1,浅位,是
6,6,inbound,IN0453,B6T0000001367,E1,342540.0,346070.0,346120.0,49.99999999999999,3530.0,3580.0,11,15,1,深位,是
6,6,outbound,183,B6T0000000932,E3,345480.0,346220.0,346270.0,49.99999999999999,740.0,790.0,12,15,1,深位,是
6,6,inbound,IN0453,B6T0000001367,E1,342540.0,346170.0,346220.0,49.99999999999999,3630.0,3680.0,12,15,1,浅位,是
6,6,outbound,3395,B6T0000000141,E4,345780.0,346270.0,346671.0,401.00000000000017,490.0,891.0,11,48,9,深位,否
6,6,outbound,3394,B6T0000000141,E4,345780.0,346671.0,347094.0,423.00000000000017,891.0,1314.0,12,43,27,深位,否
6,6,outbound,3599,B6T0000000283,E4,346440.0,347094.0,347593.0,499.00000000000017,654.0,1153.0,11,45,41,浅位,否
6,6,outbound,1776,B6T0000001573,E1,347160.0,347593.0,347645.0,52.0,433.0,485.0,11,3,9,浅位,否
6,6,outbound,1775,B6T0000001573,E1,347160.0,347645.0,347697.0,52.0,485.0,537.0,11,3,9,深位,否
6,6,outbound,1772,B6T0000001573,E1,347160.0,347697.0,347749.0,52.0,537.0,589.0,12,3,9,浅位,否
6,6,outbound,1773,B6T0000001573,E1,347160.0,347749.0,347801.0,52.0,589.0,641.0,12,3,9,深位,否
6,6,outbound,522,B6T0000001197,E3,346680.0,347801.0,347903.0,101.99999999999999,1121.0,1223.0,11,14,5,浅位,否
6,6,outbound,526,B6T0000001197,E3,346680.0,347903.0,348005.0,101.99999999999999,1223.0,1325.0,11,14,5,深位,否
6,6,outbound,525,B6T0000001197,E3,346680.0,348005.0,348107.0,101.99999999999999,1325.0,1427.0,12,14,5,浅位,否
6,6,outbound,2793,B6T0000001688,E1,348060.0,348107.0,348139.0,32.0,47.0,79.0,11,5,2,浅位,否
6,6,outbound,2795,B6T0000001688,E1,348060.0,348139.0,348171.0,32.0,79.0,111.0,11,5,2,深位,否
6,6,outbound,2792,B6T0000001688,E1,348060.0,348171.0,348211.0,40.0,111.0,151.0,11,8,1,浅位,否
6,6,outbound,2794,B6T0000001688,E1,348060.0,348211.0,348251.0,40.0,151.0,191.0,11,8,1,深位,否
6,6,outbound,3103,B6T0000000740,E3,347700.0,348301.0,348383.0,82.0,601.0,683.0,11,12,9,深位,是
6,6,inbound,IN0413,B6T0000001260,E3,348240.0,348251.0,348301.0,49.99999999999999,11.0,61.0,12,15,1,深位,是
6,6,outbound,3105,B6T0000000740,E3,347700.0,348437.0,348571.0,134.00000000000003,737.0,871.0,12,24,3,浅位,是
6,6,inbound,IN0413,B6T0000001260,E3,348240.0,348383.0,348437.0,53.99999999999999,143.0,197.0,11,14,5,浅位,是
6,6,outbound,3104,B6T0000000740,E3,347700.0,348625.0,348759.0,134.00000000000003,925.0,1059.0,12,24,3,深位,是
6,6,inbound,IN0413,B6T0000001260,E3,348240.0,348571.0,348625.0,53.99999999999999,331.0,385.0,11,14,5,深位,是
6,6,outbound,2907,B6T0000001330,E1,348600.0,348759.0,348887.0,128.0,159.0,287.0,11,4,27,浅位,否
6,6,outbound,2906,B6T0000001330,E1,348600.0,348887.0,349015.0,128.0,287.0,415.0,11,4,27,深位,否
6,6,outbound,3598,B6T0000000283,E4,346440.0,349015.0,349514.0,499.00000000000017,2575.0,3074.0,11,45,41,深位,否
6,6,outbound,954,B6T0000000445,E3,348420.0,349975.0,350081.0,106.0,1555.0,1661.0,11,12,10,浅位,否
6,6,outbound,950,B6T0000000445,E3,348420.0,350081.0,350187.0,106.0,1661.0,1767.0,11,12,10,深位,否
6,6,outbound,949,B6T0000000445,E3,348420.0,350187.0,350293.0,106.0,1767.0,1873.0,12,12,10,浅位,否
6,6,outbound,951,B6T0000000445,E3,348420.0,350293.0,350399.0,106.0,1873.0,1979.0,12,12,10,深位,否
6,6,outbound,2467,B6T0000001299,E3,346680.0,353130.0,353368.0,238.00000000000003,6450.0,6688.0,11,28,11,浅位,否
6,6,outbound,2704,B6T0000001643,E1,353220.0,353684.0,353796.0,112.0,464.0,576.0,11,5,22,浅位,否
6,6,inbound,IN0381,B6T0000001161,E3,355740.0,355740.0,355794.0,53.99999999999999,0.0,54.0,12,14,5,浅位,否
6,6,inbound,IN0381,B6T0000001161,E3,355740.0,355842.0,355896.0,54.0,102.0,156.0,11,12,9,深位,否
6,6,inbound,IN0407,B6T0000001238,E3,355740.0,355944.0,356000.0,56.0,204.0,260.0,11,12,10,浅位,否
6,6,inbound,IN0407,B6T0000001238,E3,355740.0,356050.0,356106.0,56.0,310.0,366.0,11,12,10,深位,否
6,6,inbound,IN0582,B6T0000001729,E1,356100.0,356156.0,356175.0,19.0,56.0,75.0,11,5,2,浅位,否
6,6,inbound,IN0582,B6T0000001729,E1,356100.0,356188.0,356207.0,19.0,88.0,107.0,11,5,2,深位,否
6,6,inbound,IN0582,B6T0000001729,E1,356100.0,356220.0,356243.0,23.0,120.0,143.0,11,8,1,浅位,否
6,6,inbound,IN0582,B6T0000001729,E1,356100.0,356260.0,356283.0,23.0,160.0,183.0,11,8,1,深位,否
6,6,inbound,IN0582,B6T0000001729,E1,356100.0,356300.0,356329.0,29.0,200.0,229.0,11,3,9,浅位,否
6,6,inbound,IN0582,B6T0000001729,E1,356100.0,356352.0,356381.0,29.0,252.0,281.0,11,3,9,深位,否
6,6,inbound,IN0407,B6T0000001238,E3,355740.0,356404.0,356460.0,56.0,664.0,720.0,12,12,10,浅位,否
6,6,inbound,IN0407,B6T0000001238,E3,355740.0,356510.0,356566.0,56.0,770.0,826.0,12,12,10,深位,否
6,6,inbound,IN0407,B6T0000001238,E3,355740.0,356616.0,356706.0,90.00000000000001,876.0,966.0,12,24,3,浅位,否
6,6,inbound,IN0407,B6T0000001238,E3,355740.0,356790.0,356880.0,90.00000000000001,1050.0,1140.0,12,24,3,深位,否
6,6,inbound,IN0407,B6T0000001238,E3,355740.0,356964.0,357086.0,122.00000000000001,1224.0,1346.0,11,28,11,浅位,否
6,6,inbound,IN0407,B6T0000001238,E3,355740.0,357202.0,357360.0,158.00000000000006,1462.0,1620.0,11,36,13,深位,否
6,6,inbound,IN0407,B6T0000001238,E3,355740.0,357512.0,357672.0,160.0,1772.0,1932.0,11,9,68,浅位,否
6,6,inbound,IN0407,B6T0000001238,E3,355740.0,357826.0,357986.0,160.0,2086.0,2246.0,11,9,68,深位,否
6,6,inbound,IN0407,B6T0000001238,E3,355740.0,358140.0,358300.0,160.0,2400.0,2560.0,11,10,66,浅位,否
6,6,outbound,138,B6T0000000154,E4,345840.0,358614.0,359049.0,435.0000000000001,12774.0,13209.0,11,44,1,浅位,是
6,6,inbound,IN0407,B6T0000001238,E3,355740.0,358454.0,358614.0,160.0,2714.0,2874.0,11,10,66,深位,是
6,6,outbound,139,B6T0000000154,E4,345840.0,359209.0,359636.0,427.0000000000002,13369.0,13796.0,11,44,1,深位,是
6,6,inbound,IN0407,B6T0000001238,E3,355740.0,359049.0,359209.0,160.0,3309.0,3469.0,11,11,64,浅位,是
6,6,outbound,140,B6T0000000154,E4,345840.0,359796.0,360223.0,427.0000000000002,13956.0,14383.0,12,44,1,浅位,是
6,6,inbound,IN0407,B6T0000001238,E3,355740.0,359636.0,359796.0,160.0,3896.0,4056.0,11,11,64,深位,是
6,6,outbound,143,B6T0000000154,E4,345840.0,360383.0,360802.0,419.00000000000017,14543.0,14962.0,12,44,1,深位,是
6,6,inbound,IN0407,B6T0000001238,E3,355740.0,360223.0,360383.0,160.0,4483.0,4643.0,11,12,62,浅位,是
6,6,inbound,IN0407,B6T0000001238,E3,355740.0,360802.0,360962.0,160.0,5062.0,5222.0,11,12,62,深位,否
6,6,inbound,IN0407,B6T0000001238,E3,355740.0,361116.0,361276.0,160.0,5376.0,5536.0,11,13,60,浅位,否
6,6,inbound,IN0407,B6T0000001238,E3,355740.0,361430.0,361590.0,160.0,5690.0,5850.0,11,13,60,深位,否
6,6,outbound,2410,B6T0000001594,E1,361260.0,361904.0,362064.0,160.0,644.0,804.0,12,3,17,浅位,是
6,6,inbound,IN0407,B6T0000001238,E3,355740.0,361744.0,361904.0,160.0,6004.0,6164.0,11,14,58,浅位,是
6,6,inbound,IN0407,B6T0000001238,E3,355740.0,362064.0,362224.0,160.0,6324.0,6484.0,11,14,58,深位,否
6,6,inbound,IN0407,B6T0000001238,E3,355740.0,362378.0,362538.0,160.0,6638.0,6798.0,12,9,68,浅位,否
6,6,inbound,IN0407,B6T0000001238,E3,355740.0,362692.0,362852.0,160.0,6952.0,7112.0,12,9,68,深位,否
6,6,inbound,IN0407,B6T0000001238,E3,355740.0,363006.0,363166.0,160.0,7266.0,7426.0,12,10,66,浅位,否
6,6,inbound,IN0407,B6T0000001238,E3,355740.0,363320.0,363480.0,160.0,7580.0,7740.0,12,10,66,深位,否
6,6,inbound,IN0407,B6T0000001238,E3,355740.0,363634.0,363794.0,160.0,7894.0,8054.0,12,11,64,浅位,否
6,6,inbound,IN0407,B6T0000001238,E3,355740.0,363948.0,364108.0,160.0,8208.0,8368.0,12,11,64,深位,否
6,6,inbound,IN0407,B6T0000001238,E3,355740.0,364262.0,364422.0,160.0,8522.0,8682.0,12,12,62,浅位,否
6,6,inbound,IN0407,B6T0000001238,E3,355740.0,364576.0,364736.0,160.0,8836.0,8996.0,12,12,62,深位,否
6,6,inbound,IN0407,B6T0000001238,E3,355740.0,364890.0,365050.0,160.0,9150.0,9310.0,12,13,60,浅位,否
6,6,inbound,IN0407,B6T0000001238,E3,355740.0,365204.0,365364.0,160.0,9464.0,9624.0,12,13,60,深位,否
6,6,inbound,IN0407,B6T0000001238,E3,355740.0,365518.0,365678.0,160.0,9778.0,9938.0,12,14,58,浅位,否
6,6,inbound,IN0407,B6T0000001238,E3,355740.0,365832.0,365992.0,160.0,10092.0,10252.0,12,14,58,深位,否
6,6,inbound,IN0407,B6T0000001238,E3,355740.0,366146.0,366308.0,162.0,10406.0,10568.0,11,10,67,浅位,否
6,6,inbound,IN0407,B6T0000001238,E3,355740.0,366464.0,366626.0,162.0,10724.0,10886.0,11,10,67,深位,否
6,6,inbound,IN0407,B6T0000001238,E3,355740.0,366782.0,366944.0,162.0,11042.0,11204.0,11,11,65,浅位,否
6,6,inbound,IN0407,B6T0000001238,E3,355740.0,367100.0,367262.0,162.0,11360.0,11522.0,11,11,65,深位,否
6,6,inbound,IN0407,B6T0000001238,E3,355740.0,367418.0,367580.0,162.0,11678.0,11840.0,11,12,63,浅位,否
6,6,inbound,IN0407,B6T0000001238,E3,355740.0,367736.0,367898.0,162.0,11996.0,12158.0,11,12,63,深位,否
6,6,inbound,IN0407,B6T0000001238,E3,355740.0,368054.0,368216.0,162.0,12314.0,12476.0,11,13,61,浅位,否
6,6,inbound,IN0407,B6T0000001238,E3,355740.0,368372.0,368534.0,162.0,12632.0,12794.0,11,13,61,深位,否
6,6,inbound,IN0407,B6T0000001238,E3,355740.0,368690.0,368852.0,162.0,12950.0,13112.0,11,14,59,浅位,否
6,6,inbound,IN0407,B6T0000001238,E3,355740.0,369008.0,369170.0,162.0,13268.0,13430.0,11,14,59,深位,否
6,6,inbound,IN0407,B6T0000001238,E3,355740.0,369326.0,369488.0,162.0,13586.0,13748.0,11,15,57,浅位,否
6,6,inbound,IN0407,B6T0000001238,E3,355740.0,369644.0,369806.0,162.0,13904.0,14066.0,11,15,57,深位,否
6,6,inbound,IN0407,B6T0000001238,E3,355740.0,369962.0,370124.0,162.0,14222.0,14384.0,12,10,67,浅位,否
6,6,inbound,IN0407,B6T0000001238,E3,355740.0,370280.0,370442.0,162.0,14540.0,14702.0,12,10,67,深位,否
6,6,inbound,IN0407,B6T0000001238,E3,355740.0,370598.0,370760.0,162.0,14858.0,15020.0,12,11,65,浅位,否
6,6,inbound,IN0407,B6T0000001238,E3,355740.0,370916.0,371078.0,162.0,15176.0,15338.0,12,11,65,深位,否
6,6,inbound,IN0407,B6T0000001238,E3,355740.0,371234.0,371396.0,162.0,15494.0,15656.0,12,12,63,浅位,否
6,6,inbound,IN0407,B6T0000001238,E3,355740.0,371552.0,371714.0,162.0,15812.0,15974.0,12,12,63,深位,否
6,6,inbound,IN0407,B6T0000001238,E3,355740.0,371870.0,372032.0,162.0,16130.0,16292.0,12,13,61,浅位,否
6,6,inbound,IN0407,B6T0000001238,E3,355740.0,372188.0,372350.0,162.0,16448.0,16610.0,12,13,61,深位,否
6,6,inbound,IN0407,B6T0000001238,E3,355740.0,372506.0,372668.0,162.0,16766.0,16928.0,12,14,59,浅位,否
6,6,inbound,IN0407,B6T0000001238,E3,355740.0,372824.0,372986.0,162.0,17084.0,17246.0,12,14,59,深位,否
6,6,inbound,IN0346,B6T0000001064,E3,355800.0,373142.0,373304.0,162.0,17342.0,17504.0,12,15,57,浅位,否
6,6,inbound,IN0346,B6T0000001064,E3,355800.0,373460.0,373622.0,162.0,17660.0,17822.0,12,15,57,深位,否
6,6,inbound,IN0346,B6T0000001064,E3,355800.0,373778.0,373942.0,164.0,17978.0,18142.0,11,10,68,浅位,否
6,6,outbound,1653,B6T0000000735,E3,374040.0,374100.0,374246.0,146.0,60.0,206.0,11,15,14,浅位,否
6,6,outbound,1645,B6T0000000735,E3,374040.0,374246.0,374392.0,146.0,206.0,352.0,11,15,14,深位,否
6,6,outbound,1644,B6T0000000735,E3,374040.0,374392.0,374538.0,146.0,352.0,498.0,12,15,14,浅位,否
6,6,outbound,1652,B6T0000000735,E3,374040.0,374538.0,374684.0,146.0,498.0,644.0,12,15,14,深位,否
6,6,outbound,109,B6T0000000261,E4,375660.0,376936.0,377255.0,319.00000000000017,1276.0,1595.0,11,43,1,浅位,否
6,6,outbound,108,B6T0000000261,E4,375660.0,377255.0,377574.0,319.00000000000017,1595.0,1914.0,11,43,1,深位,否
6,6,outbound,98,B6T0000000261,E4,375660.0,377574.0,377893.0,319.00000000000017,1914.0,2233.0,12,43,1,浅位,否
6,6,outbound,103,B6T0000000261,E4,375660.0,377893.0,378212.0,319.00000000000017,2233.0,2552.0,12,43,1,深位,否
6,6,outbound,3247,B6T0000001491,E1,378420.0,378420.0,378452.0,32.0,0.0,32.0,12,5,2,深位,否
6,6,outbound,3246,B6T0000001491,E1,378420.0,378452.0,378488.0,36.0,32.0,68.0,11,6,2,深位,否
6,6,outbound,1981,B6T0000001870,E1,380640.0,380640.0,380700.0,60.0,0.0,60.0,11,3,11,浅位,否
6,6,outbound,1986,B6T0000001870,E1,380640.0,380700.0,380760.0,60.0,60.0,120.0,11,3,11,深位,否
6,6,outbound,1983,B6T0000001870,E1,380640.0,380922.5,381125.0,202.50000000000009,282.5,485.0,12,3,11,浅位,是
6,6,inbound,IN0075,B6T0000000209,E4,380760.0,380760.0,380922.5,162.50000000000009,0.0,162.5,11,43,1,浅位,是
6,6,outbound,1982,B6T0000001870,E1,380640.0,381287.5,381490.0,202.50000000000009,647.5,850.0,12,3,11,深位,是
6,6,inbound,IN0075,B6T0000000209,E4,380760.0,381125.0,381287.5,162.50000000000009,365.0,527.5,11,43,1,深位,是
6,6,inbound,IN0619,B6T0000001831,E1,381960.0,381960.0,381979.0,19.0,0.0,19.0,12,5,2,深位,否
6,6,inbound,IN0619,B6T0000001831,E1,381960.0,381992.0,382013.0,21.0,32.0,53.0,11,6,2,深位,否
6,6,inbound,IN0619,B6T0000001831,E1,381960.0,382028.0,382057.0,29.0,68.0,97.0,12,3,9,浅位,否
6,6,inbound,IN0619,B6T0000001831,E1,381960.0,382080.0,382109.0,29.0,120.0,149.0,12,3,9,深位,否
6,6,inbound,IN0619,B6T0000001831,E1,381960.0,382132.0,382165.0,33.0,172.0,205.0,11,3,11,浅位,否
6,6,inbound,IN0052,B6T0000000143,E4,384720.0,384720.0,384882.5,162.50000000000009,0.0,162.5,12,43,1,浅位,否
6,6,inbound,IN0052,B6T0000000143,E4,384720.0,385039.0,385201.5,162.50000000000009,319.0,481.5,12,43,1,深位,否
6,6,inbound,IN0052,B6T0000000143,E4,384720.0,385358.0,385525.5,167.50000000000009,638.0,805.5,11,44,1,浅位,否
6,6,inbound,IN0508,B6T0000001529,E1,391080.0,391080.0,391113.0,33.0,0.0,33.0,11,3,11,深位,否
6,6,inbound,IN0508,B6T0000001529,E1,391080.0,391140.0,391173.0,33.0,60.0,93.0,12,3,11,浅位,否
6,6,inbound,IN0508,B6T0000001529,E1,391080.0,391200.0,391233.0,33.0,120.0,153.0,12,3,11,深位,否
6,6,inbound,IN0508,B6T0000001529,E1,391080.0,391260.0,391305.0,45.0,180.0,225.0,12,3,17,浅位,否
6,6,outbound,3205,B6T0000000817,E3,391320.0,391403.0,391660.0,257.0,83.0,340.0,12,12,61,深位,是
6,6,inbound,IN0508,B6T0000001529,E1,391080.0,391344.0,391403.0,59.0,264.0,323.0,11,5,22,浅位,是
6,6,outbound,3206,B6T0000000817,E3,391320.0,391736.0,391992.0,256.0,416.0,672.0,12,13,59,浅位,是
6,6,inbound,IN0218,B6T0000000633,E3,391500.0,391660.0,391736.0,76.0,160.0,236.0,11,15,14,浅位,是
6,6,outbound,3207,B6T0000000817,E3,391320.0,392068.0,392324.0,256.0,748.0,1004.0,12,13,59,深位,是
6,6,inbound,IN0218,B6T0000000633,E3,391500.0,391992.0,392068.0,76.0,492.0,568.0,11,15,14,深位,是
6,6,inbound,IN0218,B6T0000000633,E3,391500.0,392324.0,392400.0,76.0,824.0,900.0,12,15,14,浅位,否
6,6,inbound,IN0426,B6T0000001299,E3,393960.0,393960.0,394036.0,76.0,0.0,76.0,12,15,14,深位,否
6,6,inbound,IN0426,B6T0000001299,E3,393960.0,394106.0,394264.0,158.0,146.0,304.0,12,12,61,深位,否
6,6,inbound,IN0426,B6T0000001299,E3,393960.0,394416.0,394574.0,158.0,456.0,614.0,12,13,59,浅位,否
6,6,inbound,IN0426,B6T0000001299,E3,393960.0,394726.0,394884.0,158.0,766.0,924.0,12,13,59,深位,否
6,6,inbound,IN0426,B6T0000001299,E3,393960.0,395036.0,395200.0,164.0,1076.0,1240.0,11,10,68,深位,否
6,6,inbound,IN0426,B6T0000001299,E3,393960.0,395358.0,395522.0,164.0,1398.0,1562.0,11,11,66,浅位,否
6,6,inbound,IN0426,B6T0000001299,E3,393960.0,395680.0,395844.0,164.0,1720.0,1884.0,11,11,66,深位,否
6,6,outbound,3580,B6T0000000433,E3,399840.0,399840.0,399946.0,106.0,0.0,106.0,12,11,12,浅位,否
6,6,outbound,3581,B6T0000000433,E3,399840.0,399946.0,400052.0,106.0,106.0,212.0,12,11,12,深位,否
6,6,outbound,2236,B6T0000001823,E1,400260.0,400260.0,400296.0,36.0,0.0,36.0,11,4,4,浅位,否
6,6,outbound,2237,B6T0000001823,E1,400260.0,400296.0,400332.0,36.0,36.0,72.0,11,4,4,深位,否
6,6,outbound,2239,B6T0000001823,E1,400260.0,400332.0,400368.0,36.0,72.0,108.0,12,4,4,浅位,否
6,6,outbound,2238,B6T0000001823,E1,400260.0,400368.0,400404.0,36.0,108.0,144.0,12,4,4,深位,否
6,6,outbound,2241,B6T0000001823,E1,400260.0,400404.0,400444.0,40.0,144.0,184.0,11,2,7,浅位,否
6,6,outbound,2240,B6T0000001823,E1,400260.0,400444.0,400484.0,40.0,184.0,224.0,11,2,7,深位,否
6,6,outbound,3416,B6T0000001046,E3,400260.0,400535.0,400793.0,258.0,275.0,533.0,11,11,50,浅位,否
6,6,inbound,IN0058,B6T0000000154,E4,400980.0,400980.0,401147.5,167.50000000000009,0.0,167.5,11,44,1,深位,否
6,6,inbound,IN0058,B6T0000000154,E4,400980.0,401309.0,401476.5,167.50000000000009,329.0,496.5,12,44,1,浅位,否
6,6,inbound,IN0058,B6T0000000154,E4,400980.0,401638.0,401805.5,167.50000000000009,658.0,825.5,12,44,1,深位,否
6,6,inbound,IN0058,B6T0000000154,E4,400980.0,401967.0,402170.5,203.50000000000009,987.0,1190.5,11,48,9,深位,否
6,6,inbound,IN0058,B6T0000000154,E4,400980.0,402368.0,402582.5,214.50000000000009,1388.0,1602.5,12,43,27,深位,否
6,6,outbound,2919,B6T0000001125,E3,402480.0,403043.5,403296.0,252.5000000000001,563.5,816.0,11,16,8,浅位,是
6,6,inbound,IN0058,B6T0000000154,E4,400980.0,402791.0,403043.5,252.50000000000009,1811.0,2063.5,11,45,41,浅位,是
6,6,outbound,2918,B6T0000001125,E3,402480.0,403548.5,403801.0,252.5000000000001,1068.5,1321.0,11,16,8,深位,是
6,6,inbound,IN0058,B6T0000000154,E4,400980.0,403296.0,403548.5,252.50000000000009,2316.0,2568.5,11,45,41,深位,是
6,6,outbound,2917,B6T0000001125,E3,402480.0,403822.0,403937.0,114.99999999999999,1342.0,1457.0,12,16,8,浅位,是
6,6,inbound,IN0501,B6T0000001506,E1,403620.0,403801.0,403822.0,21.0,181.0,202.0,11,4,4,浅位,是
6,6,inbound,IN0501,B6T0000001506,E1,403620.0,403937.0,403958.0,21.0,317.0,338.0,11,4,4,深位,否
6,6,inbound,IN0501,B6T0000001506,E1,403620.0,403973.0,403994.0,21.0,353.0,374.0,12,4,4,浅位,否
6,6,inbound,IN0501,B6T0000001506,E1,403620.0,404009.0,404030.0,21.0,389.0,410.0,12,4,4,深位,否
6,6,inbound,IN0501,B6T0000001506,E1,403620.0,404045.0,404068.0,23.0,425.0,448.0,11,2,7,浅位,否
6,6,inbound,IN0058,B6T0000000154,E4,400980.0,404085.0,404348.5,263.5000000000001,3105.0,3368.5,11,44,49,浅位,否
6,6,outbound,2176,B6T0000000571,E3,400680.0,404629.0,404874.0,245.00000000000006,3949.0,4194.0,11,33,2,浅位,是
6,6,inbound,IN0610,B6T0000001811,E1,404220.0,404606.0,404629.0,23.0,386.0,409.0,11,2,7,深位,是
6,6,inbound,IN0610,B6T0000001811,E1,404220.0,404874.0,404930.0,56.0,654.0,710.0,12,11,12,浅位,否
6,6,inbound,IN0610,B6T0000001811,E1,404220.0,404980.0,405036.0,56.0,760.0,816.0,12,11,12,深位,否
6,6,inbound,IN0610,B6T0000001811,E1,404220.0,405086.0,405153.0,67.0,866.0,933.0,11,4,27,浅位,否
6,6,inbound,IN0610,B6T0000001811,E1,404220.0,405214.0,405281.0,67.0,994.0,1061.0,11,4,27,深位,否
6,6,inbound,IN0610,B6T0000001811,E1,404220.0,405342.0,405410.0,68.0,1122.0,1190.0,11,16,8,浅位,否
6,6,inbound,IN0610,B6T0000001811,E1,404220.0,405472.0,405540.0,68.0,1252.0,1320.0,11,16,8,深位,否
6,6,inbound,IN0470,B6T0000001415,E1,404460.0,405602.0,405670.0,68.0,1142.0,1210.0,12,16,8,浅位,否
6,6,inbound,IN0470,B6T0000001415,E1,404460.0,405732.0,405856.0,124.00000000000003,1272.0,1396.0,11,33,2,浅位,否
6,6,inbound,IN0470,B6T0000001415,E1,404460.0,405974.0,406101.0,127.0,1514.0,1641.0,11,1,60,深位,否
6,6,inbound,IN0470,B6T0000001415,E1,404460.0,406222.0,406349.0,127.0,1762.0,1889.0,11,2,59,浅位,否
6,6,inbound,IN0470,B6T0000001415,E1,404460.0,406470.0,406597.0,127.0,2010.0,2137.0,11,2,59,深位,否
6,6,inbound,IN0470,B6T0000001415,E1,404460.0,406718.0,406845.0,127.0,2258.0,2385.0,11,4,57,浅位,否
6,6,inbound,IN0470,B6T0000001415,E1,404460.0,406966.0,407093.0,127.0,2506.0,2633.0,11,4,57,深位,否
6,6,inbound,IN0470,B6T0000001415,E1,404460.0,407214.0,407341.0,127.0,2754.0,2881.0,12,1,60,浅位,否
6,6,inbound,IN0470,B6T0000001415,E1,404460.0,407462.0,407589.0,127.0,3002.0,3129.0,12,1,60,深位,否
6,6,inbound,IN0470,B6T0000001415,E1,404460.0,407710.0,407837.0,127.0,3250.0,3377.0,12,2,59,浅位,否
6,6,inbound,IN0470,B6T0000001415,E1,404460.0,407958.0,408085.0,127.0,3498.0,3625.0,12,2,59,深位,否
6,6,inbound,IN0470,B6T0000001415,E1,404460.0,408206.0,408333.0,127.0,3746.0,3873.0,12,4,57,浅位,否
6,6,inbound,IN0470,B6T0000001415,E1,404460.0,408454.0,408581.0,127.0,3994.0,4121.0,12,4,57,深位,否
6,6,inbound,IN0470,B6T0000001415,E1,404460.0,408702.0,408829.0,127.00000000000001,4242.0,4369.0,11,3,58,浅位,否
6,6,inbound,IN0470,B6T0000001415,E1,404460.0,408950.0,409077.0,127.00000000000001,4490.0,4617.0,11,3,58,深位,否
6,6,inbound,IN0058,B6T0000000154,E4,400980.0,409198.0,409461.5,263.5000000000001,8218.0,8481.5,11,44,49,深位,否
6,6,inbound,IN0058,B6T0000000154,E4,400980.0,409719.0,409982.5,263.5000000000001,8739.0,9002.5,12,44,49,浅位,否
6,6,inbound,IN0058,B6T0000000154,E4,400980.0,410240.0,410503.5,263.5000000000001,9260.0,9523.5,12,44,49,深位,否
6,6,inbound,IN0058,B6T0000000154,E4,400980.0,410761.0,411025.5,264.5000000000001,9781.0,10045.5,11,43,52,浅位,否
6,6,inbound,IN0058,B6T0000000154,E4,400980.0,411284.0,411548.5,264.5000000000001,10304.0,10568.5,11,43,52,深位,否
6,6,inbound,IN0058,B6T0000000154,E4,400980.0,411807.0,412071.5,264.5000000000001,10827.0,11091.5,11,45,47,浅位,否
6,6,inbound,IN0058,B6T0000000154,E4,400980.0,412330.0,412594.5,264.5000000000001,11350.0,11614.5,11,45,47,深位,否
6,6,inbound,IN0058,B6T0000000154,E4,400980.0,412853.0,413117.5,264.5000000000001,11873.0,12137.5,12,43,52,浅位,否
6,6,inbound,IN0058,B6T0000000154,E4,400980.0,413376.0,413640.5,264.5000000000001,12396.0,12660.5,12,43,52,深位,否
6,6,inbound,IN0058,B6T0000000154,E4,400980.0,413899.0,414163.5,264.5000000000001,12919.0,13183.5,12,45,47,浅位,否
6,6,inbound,IN0058,B6T0000000154,E4,400980.0,414422.0,414686.5,264.5000000000001,13442.0,13706.5,12,45,47,深位,否
6,6,inbound,IN0058,B6T0000000154,E4,400980.0,414945.0,415210.5,265.5000000000001,13965.0,14230.5,11,44,50,浅位,否
6,6,inbound,IN0058,B6T0000000154,E4,400980.0,415470.0,415735.5,265.5000000000001,14490.0,14755.5,11,44,50,深位,否
6,6,inbound,IN0058,B6T0000000154,E4,400980.0,415995.0,416260.5,265.5000000000001,15015.0,15280.5,11,46,45,浅位,否
6,6,inbound,IN0058,B6T0000000154,E4,400980.0,416520.0,416785.5,265.5000000000001,15540.0,15805.5,11,46,45,深位,否
6,6,inbound,IN0058,B6T0000000154,E4,400980.0,417045.0,417310.5,265.5000000000001,16065.0,16330.5,12,44,50,浅位,否
6,6,inbound,IN0058,B6T0000000154,E4,400980.0,417570.0,417835.5,265.5000000000001,16590.0,16855.5,12,44,50,深位,否
6,6,inbound,IN0058,B6T0000000154,E4,400980.0,418095.0,418360.5,265.5000000000001,17115.0,17380.5,12,46,45,浅位,否
6,6,inbound,IN0058,B6T0000000154,E4,400980.0,418620.0,418885.5,265.5000000000001,17640.0,17905.5,12,46,45,深位,否
6,6,inbound,IN0058,B6T0000000154,E4,400980.0,419145.0,419411.5,266.50000000000006,18165.0,18431.5,11,47,43,浅位,否
6,6,inbound,IN0058,B6T0000000154,E4,400980.0,419672.0,419938.5,266.50000000000006,18692.0,18958.5,11,47,43,深位,否
6,6,inbound,IN0058,B6T0000000154,E4,400980.0,420199.0,420465.5,266.50000000000006,19219.0,19485.5,12,47,43,浅位,否
6,6,inbound,IN0058,B6T0000000154,E4,400980.0,420726.0,420992.5,266.50000000000006,19746.0,20012.5,12,47,43,深位,否
6,6,inbound,IN0058,B6T0000000154,E4,400980.0,421253.0,421519.5,266.5000000000001,20273.0,20539.5,11,43,53,浅位,否
6,6,inbound,IN0058,B6T0000000154,E4,400980.0,421780.0,422046.5,266.5000000000001,20800.0,21066.5,11,43,53,深位,否
6,6,inbound,IN0058,B6T0000000154,E4,400980.0,422307.0,422573.5,266.5000000000001,21327.0,21593.5,11,45,48,浅位,否
6,6,inbound,IN0058,B6T0000000154,E4,400980.0,422834.0,423100.5,266.5000000000001,21854.0,22120.5,11,45,48,深位,否
6,6,inbound,IN0058,B6T0000000154,E4,400980.0,423361.0,423627.5,266.5000000000001,22381.0,22647.5,12,43,53,浅位,否
6,6,inbound,IN0058,B6T0000000154,E4,400980.0,423888.0,424154.5,266.5000000000001,22908.0,23174.5,12,43,53,深位,否
6,6,inbound,IN0058,B6T0000000154,E4,400980.0,424415.0,424681.5,266.5000000000001,23435.0,23701.5,12,45,48,浅位,否
6,6,inbound,IN0058,B6T0000000154,E4,400980.0,424942.0,425208.5,266.5000000000001,23962.0,24228.5,12,45,48,深位,否
6,6,inbound,IN0058,B6T0000000154,E4,400980.0,425469.0,425736.5,267.5000000000001,24489.0,24756.5,11,44,51,浅位,否
6,6,inbound,IN0058,B6T0000000154,E4,400980.0,425998.0,426265.5,267.5000000000001,25018.0,25285.5,11,44,51,深位,否
6,6,inbound,IN0058,B6T0000000154,E4,400980.0,426527.0,426794.5,267.5000000000001,25547.0,25814.5,11,46,46,浅位,否
6,6,inbound,IN0058,B6T0000000154,E4,400980.0,427056.0,427323.5,267.5000000000001,26076.0,26343.5,11,46,46,深位,否
6,6,inbound,IN0058,B6T0000000154,E4,400980.0,427585.0,427852.5,267.5000000000001,26605.0,26872.5,12,44,51,浅位,否
6,6,inbound,IN0394,B6T0000001196,E3,429960.0,429960.0,430092.0,132.0,0.0,132.0,11,11,50,浅位,否
6,6,inbound,IN0394,B6T0000001196,E3,429960.0,430218.0,430382.0,164.0,258.0,422.0,11,12,64,浅位,否
6,6,inbound,IN0394,B6T0000001196,E3,429960.0,430540.0,430704.0,164.0,580.0,744.0,11,12,64,深位,否
6,6,inbound,IN0394,B6T0000001196,E3,429960.0,430862.0,431026.0,164.0,902.0,1066.0,11,13,62,浅位,否
6,6,inbound,IN0394,B6T0000001196,E3,429960.0,431184.0,431348.0,164.0,1224.0,1388.0,11,13,62,深位,否
6,6,inbound,IN0394,B6T0000001196,E3,429960.0,431506.0,431670.0,164.0,1546.0,1710.0,11,14,60,浅位,否
6,6,outbound,2598,B6T0000000683,E3,431640.0,431992.0,432156.0,164.0,352.0,516.0,12,9,9,浅位,是
6,6,inbound,IN0394,B6T0000001196,E3,429960.0,431828.0,431992.0,164.0,1868.0,2032.0,11,14,60,深位,是
6,6,outbound,2595,B6T0000000683,E3,431640.0,432198.0,432240.0,42.0,558.0,600.0,12,9,9,深位,是
6,6,inbound,IN0394,B6T0000001196,E3,429960.0,432156.0,432198.0,42.0,2196.0,2238.0,12,9,9,浅位,是
6,6,outbound,2596,B6T0000000683,E3,431640.0,432282.0,432336.0,54.0,642.0,696.0,11,9,12,浅位,是
6,6,inbound,IN0394,B6T0000001196,E3,429960.0,432240.0,432282.0,42.0,2280.0,2322.0,12,9,9,深位,是
6,6,outbound,2597,B6T0000000683,E3,431640.0,432384.0,432464.0,80.0,744.0,824.0,11,13,5,深位,是
6,6,inbound,IN0394,B6T0000001196,E3,429960.0,432336.0,432384.0,48.0,2376.0,2424.0,11,9,12,浅位,是
6,6,outbound,2599,B6T0000000683,E3,431640.0,432514.0,432564.0,50.0,874.0,924.0,12,13,5,浅位,是
6,6,inbound,IN0394,B6T0000001196,E3,429960.0,432464.0,432514.0,50.0,2504.0,2554.0,11,13,5,深位,是
6,6,inbound,IN0394,B6T0000001196,E3,429960.0,432564.0,432614.0,50.0,2604.0,2654.0,12,13,5,浅位,否
6,6,inbound,IN0394,B6T0000001196,E3,429960.0,432658.0,432822.0,164.0,2698.0,2862.0,11,15,58,浅位,否
6,6,outbound,33,B6T0000001104,E3,432900.0,433144.0,433308.0,164.0,244.0,408.0,12,11,1,深位,是
6,6,inbound,IN0394,B6T0000001196,E3,429960.0,432980.0,433144.0,164.0,3020.0,3184.0,11,15,58,深位,是
6,6,outbound,3713,B6T0000001339,E1,433260.0,433342.0,433380.0,38.0,82.0,120.0,11,2,2,浅位,是
6,6,inbound,IN0394,B6T0000001196,E3,429960.0,433308.0,433342.0,34.0,3348.0,3382.0,12,11,1,深位,是
6,6,outbound,1665,B6T0000000614,E3,433020.0,433544.0,433708.0,164.0,524.0,688.0,11,9,4,浅位,是
6,6,inbound,IN0394,B6T0000001196,E3,429960.0,433380.0,433544.0,164.0,3420.0,3584.0,11,16,56,浅位,是
6,6,outbound,1659,B6T0000000614,E3,433020.0,433740.0,433772.0,31.999999999999996,720.0,752.0,11,9,4,深位,是
6,6,inbound,IN0394,B6T0000001196,E3,429960.0,433708.0,433740.0,31.999999999999996,3748.0,3780.0,11,9,4,浅位,是
6,6,outbound,1664,B6T0000000614,E3,433020.0,433804.0,433836.0,31.999999999999996,784.0,816.0,12,9,4,浅位,是
6,6,inbound,IN0394,B6T0000001196,E3,429960.0,433772.0,433804.0,31.999999999999996,3812.0,3844.0,11,9,4,深位,是
6,6,outbound,3712,B6T0000001339,E1,433260.0,433868.0,433948.0,80.0,608.0,688.0,11,1,16,浅位,是
6,6,inbound,IN0394,B6T0000001196,E3,429960.0,433836.0,433868.0,31.999999999999996,3876.0,3908.0,12,9,4,浅位,是
6,6,outbound,1658,B6T0000000614,E3,433020.0,434112.0,434284.0,172.0,1092.0,1264.0,12,17,6,深位,是
6,6,inbound,IN0394,B6T0000001196,E3,429960.0,433948.0,434112.0,164.0,3988.0,4152.0,11,16,56,深位,是
6,6,outbound,899,B6T0000000411,E3,433860.0,434297.0,434404.0,106.99999999999999,437.0,544.0,11,15,6,浅位,是
6,6,inbound,IN0469,B6T0000001412,E1,434280.0,434284.0,434297.0,13.0,4.0,17.0,11,2,2,浅位,是
6,6,inbound,IN0469,B6T0000001412,E1,434280.0,434404.0,434443.0,39.0,124.0,163.0,11,1,16,浅位,否
6,6,inbound,IN0394,B6T0000001196,E3,429960.0,434476.0,434536.0,59.99999999999999,4516.0,4576.0,11,15,6,浅位,否
6,6,inbound,IN0394,B6T0000001196,E3,429960.0,434590.0,434658.0,68.0,4630.0,4698.0,12,17,6,深位,否
6,6,outbound,2875,B6T0000000968,E3,434700.0,434884.0,435128.0,244.0,184.0,428.0,12,20,12,深位,是
6,6,inbound,IN0394,B6T0000001196,E3,429960.0,434720.0,434884.0,164.0,4760.0,4924.0,12,10,68,浅位,是
6,6,outbound,2874,B6T0000000968,E3,434700.0,435220.0,435416.0,196.0,520.0,716.0,12,9,38,深位,是
6,6,inbound,IN0394,B6T0000001196,E3,429960.0,435128.0,435220.0,92.00000000000001,5168.0,5260.0,12,20,12,深位,是
6,6,inbound,IN0394,B6T0000001196,E3,429960.0,435416.0,435516.0,100.0,5456.0,5556.0,12,9,38,深位,否
6,6,inbound,IN0394,B6T0000001196,E3,429960.0,435610.0,435774.0,164.0,5650.0,5814.0,12,10,68,深位,否
6,6,outbound,21,B6T0000001209,E3,434280.0,436096.0,436260.0,164.0,1816.0,1980.0,11,10,1,浅位,是
6,6,inbound,IN0394,B6T0000001196,E3,429960.0,435932.0,436096.0,164.0,5972.0,6136.0,12,11,66,浅位,是
6,6,outbound,29,B6T0000001209,E3,434280.0,436290.0,436320.0,30.0,2010.0,2040.0,11,10,1,深位,是
6,6,inbound,IN0394,B6T0000001196,E3,429960.0,436260.0,436290.0,30.0,6300.0,6330.0,11,10,1,浅位,是
6,6,outbound,14,B6T0000001209,E3,434280.0,436350.0,436380.0,30.0,2070.0,2100.0,12,10,1,浅位,是
6,6,inbound,IN0394,B6T0000001196,E3,429960.0,436320.0,436350.0,30.0,6360.0,6390.0,11,10,1,深位,是
6,6,outbound,24,B6T0000001209,E3,434280.0,436410.0,436440.0,30.0,2130.0,2160.0,12,10,1,深位,是
6,6,inbound,IN0394,B6T0000001196,E3,429960.0,436380.0,436410.0,30.0,6420.0,6450.0,12,10,1,浅位,是
6,6,inbound,IN0394,B6T0000001196,E3,429960.0,436440.0,436470.0,30.0,6480.0,6510.0,12,10,1,深位,否
6,6,inbound,IN0394,B6T0000001196,E3,429960.0,436494.0,436658.0,164.0,6534.0,6698.0,12,11,66,深位,否
6,6,inbound,IN0394,B6T0000001196,E3,429960.0,436816.0,436980.0,164.0,6856.0,7020.0,12,12,64,浅位,否
6,6,inbound,IN0394,B6T0000001196,E3,429960.0,437138.0,437302.0,164.0,7178.0,7342.0,12,12,64,深位,否
6,6,inbound,IN0394,B6T0000001196,E3,429960.0,437460.0,437624.0,164.0,7500.0,7664.0,12,13,62,浅位,否
6,6,inbound,IN0394,B6T0000001196,E3,429960.0,437782.0,437946.0,164.0,7822.0,7986.0,12,13,62,深位,否
6,6,inbound,IN0394,B6T0000001196,E3,429960.0,438104.0,438268.0,164.0,8144.0,8308.0,12,14,60,浅位,否
6,6,inbound,IN0394,B6T0000001196,E3,429960.0,438426.0,438590.0,164.0,8466.0,8630.0,12,14,60,深位,否
6,6,outbound,3291,B6T0000001192,E3,438540.0,438912.0,439076.0,164.0,372.0,536.0,12,15,4,深位,是
6,6,inbound,IN0394,B6T0000001196,E3,429960.0,438748.0,438912.0,164.0,8788.0,8952.0,12,15,58,浅位,是
6,6,outbound,3290,B6T0000001192,E3,438540.0,439132.0,439268.0,136.0,592.0,728.0,11,13,24,浅位,是
6,6,inbound,IN0394,B6T0000001196,E3,429960.0,439076.0,439132.0,55.99999999999999,9116.0,9172.0,12,15,4,深位,是
6,6,inbound,IN0394,B6T0000001196,E3,429960.0,439268.0,439356.0,88.0,9308.0,9396.0,11,13,24,浅位,否
6,6,inbound,IN0394,B6T0000001196,E3,429960.0,439438.0,439602.0,164.0,9478.0,9642.0,12,15,58,深位,否
6,6,inbound,IN0394,B6T0000001196,E3,429960.0,439760.0,439924.0,164.0,9800.0,9964.0,12,16,56,浅位,否
6,6,inbound,IN0394,B6T0000001196,E3,429960.0,440082.0,440246.0,164.0,10122.0,10286.0,12,16,56,深位,否
6,6,inbound,IN0394,B6T0000001196,E3,429960.0,440404.0,440568.0,164.0,10444.0,10608.0,11,26,36,浅位,否
6,6,inbound,IN0394,B6T0000001196,E3,429960.0,440726.0,440890.0,164.0,10766.0,10930.0,11,26,36,深位,否
6,6,inbound,IN0394,B6T0000001196,E3,429960.0,441048.0,441214.0,166.0,11088.0,11254.0,11,11,67,浅位,否
6,6,inbound,IN0394,B6T0000001196,E3,429960.0,441374.0,441540.0,166.0,11414.0,11580.0,11,11,67,深位,否
6,6,inbound,IN0394,B6T0000001196,E3,429960.0,441700.0,441866.0,166.0,11740.0,11906.0,11,12,65,浅位,否
6,6,inbound,IN0394,B6T0000001196,E3,429960.0,442026.0,442192.0,166.0,12066.0,12232.0,11,12,65,深位,否
6,6,inbound,IN0394,B6T0000001196,E3,429960.0,442352.0,442518.0,166.0,12392.0,12558.0,11,13,63,浅位,否
6,6,inbound,IN0394,B6T0000001196,E3,429960.0,442678.0,442844.0,166.0,12718.0,12884.0,11,13,63,深位,否
6,6,inbound,IN0394,B6T0000001196,E3,429960.0,443004.0,443170.0,166.0,13044.0,13210.0,11,14,61,浅位,否
6,6,inbound,IN0394,B6T0000001196,E3,429960.0,443330.0,443496.0,166.0,13370.0,13536.0,11,14,61,深位,否
6,6,inbound,IN0394,B6T0000001196,E3,429960.0,443656.0,443822.0,166.0,13696.0,13862.0,11,15,59,浅位,否
6,6,inbound,IN0394,B6T0000001196,E3,429960.0,443982.0,444148.0,166.0,14022.0,14188.0,11,15,59,深位,否
6,6,inbound,IN0295,B6T0000000883,E3,430260.0,444308.0,444474.0,166.0,14048.0,14214.0,11,16,57,浅位,否
6,6,inbound,IN0295,B6T0000000883,E3,430260.0,444634.0,444800.0,166.0,14374.0,14540.0,11,16,57,深位,否
6,6,inbound,IN0295,B6T0000000883,E3,430260.0,444960.0,445126.0,166.0,14700.0,14866.0,11,17,55,浅位,否
6,6,inbound,IN0330,B6T0000001010,E3,430260.0,445286.0,445452.0,166.0,15026.0,15192.0,11,17,55,深位,否
6,6,inbound,IN0330,B6T0000001010,E3,430260.0,445612.0,445778.0,166.0,15352.0,15518.0,12,11,67,浅位,否
6,6,inbound,IN0330,B6T0000001010,E3,430260.0,445938.0,446104.0,166.0,15678.0,15844.0,12,11,67,深位,否
6,6,inbound,IN0318,B6T0000000956,E3,430440.0,446264.0,446430.0,166.0,15824.0,15990.0,12,12,65,浅位,否
6,6,outbound,871,B6T0000000001,E4,432180.0,446756.0,447211.0,455.0000000000002,14576.0,15031.0,11,47,1,浅位,是
6,6,inbound,IN0318,B6T0000000956,E3,430440.0,446590.0,446756.0,166.0,16150.0,16316.0,12,12,65,深位,是
6,6,outbound,872,B6T0000000001,E4,432180.0,447377.0,447824.0,447.0000000000002,15197.0,15644.0,11,47,1,深位,是
6,6,inbound,IN0318,B6T0000000956,E3,430440.0,447211.0,447377.0,166.0,16771.0,16937.0,12,13,63,浅位,是
6,6,outbound,873,B6T0000000001,E4,432180.0,447990.0,448437.0,447.0000000000002,15810.0,16257.0,12,47,1,浅位,是
6,6,inbound,IN0277,B6T0000000832,E3,430740.0,447824.0,447990.0,166.0,17084.0,17250.0,12,13,63,深位,是
6,6,outbound,874,B6T0000000001,E4,432180.0,448603.0,449042.0,439.0000000000002,16423.0,16862.0,12,47,1,深位,是
6,6,inbound,IN0277,B6T0000000832,E3,430740.0,448437.0,448603.0,166.0,17697.0,17863.0,12,14,61,浅位,是
6,6,inbound,IN0198,B6T0000000577,E3,430800.0,449042.0,449208.0,166.0,18242.0,18408.0,12,14,61,深位,否
6,6,inbound,IN0198,B6T0000000577,E3,430800.0,449368.0,449534.0,166.0,18568.0,18734.0,12,15,59,浅位,否
6,6,inbound,IN0198,B6T0000000577,E3,430800.0,449694.0,449860.0,166.0,18894.0,19060.0,12,15,59,深位,否
6,6,inbound,IN0198,B6T0000000577,E3,430800.0,450020.0,450186.0,166.0,19220.0,19386.0,12,16,57,浅位,否
6,6,inbound,IN0198,B6T0000000577,E3,430800.0,450346.0,450512.0,166.0,19546.0,19712.0,12,16,57,深位,否
6,6,inbound,IN0198,B6T0000000577,E3,430800.0,450672.0,450838.0,166.0,19872.0,20038.0,12,17,55,浅位,否
6,6,outbound,650,B6T0000000469,E3,450900.0,451164.0,451330.0,166.0,264.0,430.0,11,9,11,浅位,是
6,6,inbound,IN0198,B6T0000000577,E3,430800.0,450998.0,451164.0,166.0,20198.0,20364.0,12,17,55,深位,是
6,6,outbound,649,B6T0000000469,E3,450900.0,451376.0,451422.0,46.0,476.0,522.0,11,9,11,深位,是
6,6,inbound,IN0198,B6T0000000577,E3,430800.0,451330.0,451376.0,46.0,20530.0,20576.0,11,9,11,浅位,是
6,6,outbound,2340,B6T0000000388,E3,451380.0,451468.0,451514.0,46.0,88.0,134.0,12,9,10,浅位,是
6,6,inbound,IN0198,B6T0000000577,E3,430800.0,451422.0,451468.0,46.0,20622.0,20668.0,11,9,11,深位,是
6,6,outbound,2339,B6T0000000388,E3,451380.0,451558.0,451602.0,44.0,178.0,222.0,12,9,10,深位,是
6,6,inbound,IN0198,B6T0000000577,E3,430800.0,451514.0,451558.0,44.0,20714.0,20758.0,12,9,10,浅位,是
6,6,outbound,642,B6T0000000469,E3,450900.0,451646.0,451694.0,48.0,746.0,794.0,12,9,11,浅位,是
6,6,inbound,IN0198,B6T0000000577,E3,430800.0,451602.0,451646.0,44.0,20802.0,20846.0,12,9,10,深位,是
6,6,outbound,644,B6T0000000469,E3,450900.0,451740.0,451786.0,46.0,840.0,886.0,12,9,11,深位,是
6,6,inbound,IN0198,B6T0000000577,E3,430800.0,451694.0,451740.0,46.0,20894.0,20940.0,12,9,11,浅位,是
6,6,outbound,2343,B6T0000000388,E3,451380.0,451832.0,451902.0,70.0,452.0,522.0,12,12,6,浅位,是
6,6,inbound,IN0198,B6T0000000577,E3,430800.0,451786.0,451832.0,46.0,20986.0,21032.0,12,9,11,深位,是
6,6,outbound,2341,B6T0000000388,E3,451380.0,451950.0,451998.0,48.0,570.0,618.0,12,12,6,深位,是
6,6,inbound,IN0198,B6T0000000577,E3,430800.0,451902.0,451950.0,48.0,21102.0,21150.0,12,12,6,浅位,是
6,6,outbound,2338,B6T0000000388,E3,451380.0,452046.0,452222.0,176.0,666.0,842.0,12,25,12,浅位,是
6,6,inbound,IN0198,B6T0000000577,E3,430800.0,451998.0,452046.0,48.0,21198.0,21246.0,12,12,6,深位,是
6,6,outbound,2342,B6T0000000388,E3,451380.0,452334.0,452446.0,112.0,954.0,1066.0,12,25,12,深位,是
6,6,inbound,IN0198,B6T0000000577,E3,430800.0,452222.0,452334.0,112.0,21422.0,21534.0,12,25,12,浅位,是
6,6,inbound,IN0198,B6T0000000577,E3,430800.0,452446.0,452558.0,112.0,21646.0,21758.0,12,25,12,深位,否
6,6,inbound,IN0198,B6T0000000577,E3,430800.0,452664.0,452830.0,166.0,21864.0,22030.0,11,28,33,浅位,否
6,6,inbound,IN0198,B6T0000000577,E3,430800.0,452990.0,453156.0,166.0,22190.0,22356.0,11,28,33,深位,否
6,6,inbound,IN0198,B6T0000000577,E3,430800.0,453316.0,453484.0,168.0,22516.0,22684.0,11,11,68,浅位,否
6,6,inbound,IN0198,B6T0000000577,E3,430800.0,453646.0,453814.0,168.0,22846.0,23014.0,11,11,68,深位,否
6,6,inbound,IN0198,B6T0000000577,E3,430800.0,453976.0,454144.0,168.0,23176.0,23344.0,11,12,66,浅位,否
6,6,inbound,IN0159,B6T0000000466,E3,431040.0,454306.0,454474.0,168.0,23266.0,23434.0,11,12,66,深位,否
6,6,inbound,IN0159,B6T0000000466,E3,431040.0,454636.0,454804.0,168.0,23596.0,23764.0,11,13,64,浅位,否
6,6,outbound,2846,B6T0000001506,E1,455280.0,455280.0,455316.0,36.0,0.0,36.0,11,4,4,浅位,否
6,6,outbound,2847,B6T0000001506,E1,455280.0,455316.0,455352.0,36.0,36.0,72.0,11,4,4,深位,否
6,6,outbound,2845,B6T0000001506,E1,455280.0,455352.0,455388.0,36.0,72.0,108.0,12,4,4,浅位,否
6,6,outbound,2844,B6T0000001506,E1,455280.0,455388.0,455424.0,36.0,108.0,144.0,12,4,4,深位,否
6,6,inbound,IN0446,B6T0000001351,E1,456420.0,456420.0,456441.0,21.0,0.0,21.0,11,4,4,浅位,否
6,6,inbound,IN0446,B6T0000001351,E1,456420.0,456456.0,456477.0,21.0,36.0,57.0,11,4,4,深位,否
6,6,inbound,IN0446,B6T0000001351,E1,456420.0,456492.0,456513.0,21.0,72.0,93.0,12,4,4,浅位,否
6,6,inbound,IN0446,B6T0000001351,E1,456420.0,456528.0,456549.0,21.0,108.0,129.0,12,4,4,深位,否
6,6,inbound,IN0446,B6T0000001351,E1,456420.0,456564.0,456691.0,127.00000000000001,144.0,271.0,12,3,58,浅位,否
6,6,outbound,3492,B6T0000000317,E4,457440.0,457440.0,457787.0,347.00000000000017,0.0,347.0,12,45,3,深位,否
6,6,outbound,3493,B6T0000000317,E4,457440.0,457787.0,458182.0,395.00000000000017,347.0,742.0,11,43,20,深位,否
6,6,outbound,3502,B6T0000000209,E4,458760.0,458760.0,459079.0,319.00000000000017,0.0,319.0,11,43,1,浅位,否
6,6,outbound,3503,B6T0000000209,E4,458760.0,459079.0,459398.0,319.00000000000017,319.0,638.0,11,43,1,深位,否
6,6,outbound,3171,B6T0000001064,E3,462540.0,462540.0,462830.0,290.00000000000006,0.0,290.0,12,28,24,浅位,否
6,6,outbound,3170,B6T0000001064,E3,462540.0,462830.0,463120.0,290.00000000000006,290.0,580.0,12,28,24,深位,否
6,6,outbound,2800,B6T0000001831,E1,463740.0,463740.0,463772.0,32.0,0.0,32.0,12,5,2,深位,否
6,6,outbound,2803,B6T0000001831,E1,463740.0,463772.0,463808.0,36.0,32.0,68.0,11,6,2,深位,否
6,6,outbound,2802,B6T0000001831,E1,463740.0,463808.0,463860.0,52.0,68.0,120.0,12,3,9,浅位,否
6,6,outbound,2801,B6T0000001831,E1,463740.0,463860.0,463912.0,52.0,120.0,172.0,12,3,9,深位,否
6,6,outbound,532,B6T0000001197,E3,464160.0,464160.0,464262.0,101.99999999999999,0.0,102.0,12,14,5,深位,否
6,6,outbound,1392,B6T0000000367,E3,465120.0,466074.0,466244.0,170.00000000000003,954.0,1124.0,11,24,2,浅位,否
6,6,outbound,1391,B6T0000000367,E3,465120.0,466244.0,466414.0,170.00000000000003,1124.0,1294.0,11,24,2,深位,否
6,6,outbound,1390,B6T0000000367,E3,465120.0,466414.0,466584.0,170.00000000000003,1294.0,1464.0,12,24,2,浅位,否
6,6,outbound,1397,B6T0000000367,E3,465120.0,466584.0,466754.0,170.00000000000003,1464.0,1634.0,12,24,2,深位,否
6,6,outbound,3480,B6T0000000867,E3,467880.0,467880.0,467950.0,70.0,0.0,70.0,12,11,3,深位,否
6,6,outbound,3481,B6T0000000867,E3,467880.0,467950.0,468024.0,74.0,70.0,144.0,11,11,4,深位,否
6,6,outbound,1436,B6T0000000745,E3,470700.0,470700.0,470790.0,89.99999999999999,0.0,90.0,11,14,2,浅位,否
6,6,outbound,1435,B6T0000000745,E3,470700.0,470790.0,470880.0,89.99999999999999,90.0,180.0,11,14,2,深位,否
6,6,outbound,1431,B6T0000000745,E3,470700.0,470880.0,470970.0,89.99999999999999,180.0,270.0,12,14,2,浅位,否
6,6,outbound,1430,B6T0000000745,E3,470700.0,470970.0,471060.0,89.99999999999999,270.0,360.0,12,14,2,深位,否
6,6,outbound,1441,B6T0000000745,E3,470700.0,471060.0,471150.0,90.0,360.0,450.0,11,10,10,浅位,否
6,6,outbound,1437,B6T0000000745,E3,470700.0,471150.0,471240.0,90.0,450.0,540.0,11,10,10,深位,否
6,6,outbound,1432,B6T0000000745,E3,470700.0,471240.0,471330.0,90.0,540.0,630.0,12,10,10,浅位,否
6,6,outbound,1439,B6T0000000745,E3,470700.0,471330.0,471420.0,90.0,630.0,720.0,12,10,10,深位,否
6,6,outbound,1440,B6T0000000745,E3,470700.0,471420.0,471554.0,134.0,720.0,854.0,11,14,13,浅位,否
6,6,outbound,1438,B6T0000000745,E3,470700.0,471554.0,471688.0,134.0,854.0,988.0,11,14,13,深位,否
6,6,outbound,1434,B6T0000000745,E3,470700.0,471688.0,471822.0,134.0,988.0,1122.0,12,14,13,浅位,否
6,6,outbound,1442,B6T0000000745,E3,470700.0,471822.0,471956.0,134.0,1122.0,1256.0,12,14,13,深位,否
6,6,outbound,1235,B6T0000001022,E3,477120.0,478632.0,478758.0,125.99999999999999,1512.0,1638.0,11,14,11,浅位,否
6,6,outbound,1241,B6T0000001022,E3,477120.0,478758.0,478884.0,125.99999999999999,1638.0,1764.0,11,14,11,深位,否
6,6,outbound,1242,B6T0000001022,E3,477120.0,478884.0,479010.0,125.99999999999999,1764.0,1890.0,12,14,11,浅位,否
6,6,outbound,1232,B6T0000001022,E3,477120.0,479010.0,479136.0,125.99999999999999,1890.0,2016.0,12,14,11,深位,否
6,6,outbound,3410,B6T0000001561,E1,482100.0,482100.0,482128.0,28.0,0.0,28.0,12,2,4,深位,否
6,6,outbound,3411,B6T0000001561,E1,482100.0,482128.0,482192.0,64.0,28.0,92.0,11,4,11,浅位,否
6,6,outbound,3467,B6T0000000689,E3,482160.0,482192.0,482322.0,130.0,32.0,162.0,11,17,6,浅位,否
6,6,outbound,3466,B6T0000000689,E3,482160.0,482322.0,482452.0,130.0,162.0,292.0,11,17,6,深位,否
6,6,outbound,2667,B6T0000000114,E4,482520.0,482520.0,482867.0,347.00000000000017,0.0,347.0,11,45,3,浅位,否
6,6,outbound,2666,B6T0000000114,E4,482520.0,482867.0,483214.0,347.00000000000017,347.0,694.0,11,45,3,深位,否
6,6,outbound,389,B6T0000000471,E3,486000.0,486990.0,487100.0,110.0,990.0,1100.0,11,17,1,浅位,否
6,6,outbound,390,B6T0000000471,E3,486000.0,487100.0,487210.0,110.0,1100.0,1210.0,11,17,1,深位,否
6,6,outbound,384,B6T0000000471,E3,486000.0,487210.0,487320.0,110.0,1210.0,1320.0,12,17,1,浅位,否
6,6,outbound,3504,B6T0000000505,E3,488340.0,488340.0,488642.0,302.0,0.0,302.0,11,11,61,深位,否
6,6,outbound,3505,B6T0000000505,E3,488340.0,488642.0,488944.0,302.0,302.0,604.0,12,9,65,浅位,否
6,6,outbound,1854,B6T0000001858,E1,488580.0,488944.0,489004.0,60.0,364.0,424.0,11,6,8,浅位,否
6,6,outbound,1855,B6T0000001858,E1,488580.0,489004.0,489064.0,60.0,424.0,484.0,11,6,8,深位,否
6,6,outbound,1856,B6T0000001858,E1,488580.0,489064.0,489124.0,60.0,484.0,544.0,12,6,8,浅位,否
6,6,outbound,1857,B6T0000001858,E1,488580.0,489124.0,489184.0,60.0,544.0,604.0,12,6,8,深位,否
6,6,outbound,1890,B6T0000000716,E3,486360.0,490582.0,490768.0,186.00000000000003,4222.0,4408.0,12,22,10,浅位,否
6,6,outbound,1891,B6T0000000716,E3,486360.0,490768.0,490954.0,186.00000000000003,4408.0,4594.0,12,22,10,深位,否
6,6,outbound,2086,B6T0000001407,E1,518100.0,518100.0,518128.0,28.0,0.0,28.0,12,3,3,深位,否
6,6,outbound,2586,B6T0000000543,E3,518100.0,518128.0,518342.0,214.0,28.0,242.0,12,20,21,浅位,否
6,6,outbound,2978,B6T0000001825,E1,518220.0,518342.0,518370.0,28.0,122.0,150.0,11,3,3,浅位,否
6,6,outbound,2979,B6T0000001825,E1,518220.0,518370.0,518398.0,28.0,150.0,178.0,11,3,3,深位,否
6,6,outbound,2977,B6T0000001825,E1,518220.0,518398.0,518426.0,28.0,178.0,206.0,12,3,3,浅位,否
6,6,outbound,2589,B6T0000000543,E3,518100.0,518426.0,518640.0,214.0,326.0,540.0,12,20,21,深位,否
6,6,outbound,3251,B6T0000000622,E3,519780.0,519780.0,519882.0,102.0,0.0,102.0,12,12,9,浅位,否
6,6,outbound,3250,B6T0000000622,E3,519780.0,519882.0,519984.0,102.0,102.0,204.0,12,12,9,深位,否
6,6,outbound,855,B6T0000001220,E3,520980.0,520980.0,521070.0,90.0,0.0,90.0,11,9,12,深位,否
6,6,outbound,1027,B6T0000001975,E1,520740.0,521070.0,521102.0,32.0,330.0,362.0,11,1,6,浅位,否
6,6,outbound,1028,B6T0000001975,E1,520740.0,521102.0,521134.0,32.0,362.0,394.0,11,1,6,深位,否
6,6,outbound,1029,B6T0000001975,E1,520740.0,521134.0,521166.0,32.0,394.0,426.0,12,1,6,浅位,否
6,6,outbound,1030,B6T0000001975,E1,520740.0,521166.0,521198.0,32.0,426.0,458.0,12,1,6,深位,否
6,6,outbound,854,B6T0000001220,E3,520980.0,521198.0,521288.0,90.0,218.0,308.0,12,9,12,浅位,否
6,6,outbound,853,B6T0000001220,E3,520980.0,521288.0,521378.0,90.0,308.0,398.0,12,9,12,深位,否
6,6,outbound,3109,B6T0000000788,E3,521460.0,521460.0,521630.0,170.0,0.0,170.0,11,13,24,深位,否
6,6,outbound,3110,B6T0000000788,E3,521460.0,521630.0,521800.0,170.0,170.0,340.0,12,13,24,浅位,否
6,6,outbound,3111,B6T0000000788,E3,521460.0,521800.0,521970.0,170.0,340.0,510.0,12,13,24,深位,否
6,6,outbound,414,B6T0000000050,E4,519300.0,523378.0,523715.0,337.00000000000017,4078.0,4415.0,11,44,3,浅位,否
6,6,outbound,425,B6T0000000050,E4,519300.0,523715.0,524052.0,337.00000000000017,4415.0,4752.0,11,44,3,深位,否
6,6,outbound,3574,B6T0000000546,E3,523920.0,524052.0,524190.0,138.0,132.0,270.0,12,14,14,浅位,否
6,6,outbound,3575,B6T0000000546,E3,523920.0,524190.0,524328.0,138.0,270.0,408.0,12,14,14,深位,否
6,6,outbound,424,B6T0000000050,E4,519300.0,524328.0,524665.0,337.00000000000017,5028.0,5365.0,12,44,3,浅位,否
6,6,outbound,415,B6T0000000050,E4,519300.0,524665.0,525002.0,337.00000000000017,5365.0,5702.0,12,44,3,深位,否
6,6,outbound,606,B6T0000000247,E4,521520.0,526687.0,527030.0,343.00000000000017,5167.0,5510.0,11,45,2,浅位,否
6,6,outbound,605,B6T0000000247,E4,521520.0,527030.0,527373.0,343.00000000000017,5510.0,5853.0,11,45,2,深位,否
6,6,outbound,604,B6T0000000247,E4,521520.0,527373.0,527716.0,343.00000000000017,5853.0,6196.0,12,45,2,浅位,否
6,6,outbound,598,B6T0000000247,E4,521520.0,527716.0,528059.0,343.00000000000017,6196.0,6539.0,12,45,2,深位,否
6,6,outbound,3001,B6T0000001285,E3,543060.0,543608.0,543882.0,274.0,548.0,822.0,11,28,20,浅位,否
6,6,outbound,3544,B6T0000001161,E3,549540.0,549540.0,549642.0,101.99999999999999,0.0,102.0,12,14,5,浅位,否
6,6,outbound,3545,B6T0000001161,E3,549540.0,549642.0,549744.0,102.0,102.0,204.0,11,12,9,深位,否
6,6,outbound,3009,B6T0000001605,E1,553380.0,553380.0,553420.0,40.0,0.0,40.0,12,8,1,深位,否
6,6,outbound,3007,B6T0000001605,E1,553380.0,553420.0,553488.0,68.0,40.0,108.0,12,1,15,浅位,否
6,6,outbound,3008,B6T0000001605,E1,553380.0,553488.0,553556.0,68.0,108.0,176.0,12,1,15,深位,否
6,6,outbound,672,B6T0000001180,E3,554280.0,554280.0,554374.0,94.0,0.0,94.0,11,11,9,浅位,否
6,6,outbound,1255,B6T0000000799,E3,555960.0,557188.0,557322.0,134.0,1228.0,1362.0,11,16,9,浅位,否
6,6,outbound,1254,B6T0000000799,E3,555960.0,557322.0,557456.0,134.0,1362.0,1496.0,11,16,9,深位,否
6,6,outbound,1253,B6T0000000799,E3,555960.0,557456.0,557590.0,134.0,1496.0,1630.0,12,16,9,浅位,否
6,6,outbound,1252,B6T0000000799,E3,555960.0,557590.0,557724.0,134.0,1630.0,1764.0,12,16,9,深位,否
6,6,outbound,2308,B6T0000001748,E1,558300.0,558620.0,558700.0,80.0,320.0,400.0,11,6,13,浅位,否
6,6,outbound,2310,B6T0000001748,E1,558300.0,558700.0,558780.0,80.0,400.0,480.0,11,6,13,深位,否
6,6,outbound,1070,B6T0000000178,E4,558720.0,558780.0,559123.0,343.00000000000017,60.0,403.0,12,43,7,浅位,否
6,6,outbound,1071,B6T0000000178,E4,558720.0,559123.0,559466.0,343.00000000000017,403.0,746.0,12,43,7,深位,否
6,6,outbound,3434,B6T0000001010,E3,559140.0,559466.0,559792.0,326.0,326.0,652.0,11,17,55,深位,否
6,6,outbound,3435,B6T0000001010,E3,559140.0,559792.0,560118.0,326.0,652.0,978.0,12,11,67,浅位,否
6,6,outbound,2656,B6T0000001298,E3,559800.0,560316.0,560574.0,258.00000000000006,516.0,774.0,11,30,12,浅位,否
6,6,outbound,2659,B6T0000001298,E3,559800.0,560574.0,560832.0,258.00000000000006,774.0,1032.0,11,30,12,深位,否
7,7,outbound,1485,B6T0000000758,E3,4740.0,5812.0,5946.0,134.0,1072.0,1206.0,13,13,15,浅位,否
7,7,outbound,1486,B6T0000000758,E3,4740.0,5946.0,6080.0,134.0,1206.0,1340.0,13,13,15,深位,否
7,7,outbound,1487,B6T0000000758,E3,4740.0,6080.0,6214.0,134.0,1340.0,1474.0,14,13,15,浅位,否
7,7,outbound,1491,B6T0000000758,E3,4740.0,6214.0,6348.0,134.0,1474.0,1608.0,14,13,15,深位,否
7,7,outbound,2528,B6T0000001776,E1,7500.0,7500.0,7596.0,96.0,0.0,96.0,13,5,18,浅位,否
7,7,outbound,2529,B6T0000001776,E1,7500.0,7596.0,7692.0,96.0,96.0,192.0,13,5,18,深位,否
7,7,outbound,2527,B6T0000001776,E1,7500.0,7692.0,7788.0,96.0,192.0,288.0,14,5,18,浅位,否
7,7,outbound,2526,B6T0000001776,E1,7500.0,7788.0,7884.0,96.0,288.0,384.0,14,5,18,深位,否
7,7,inbound,IN0521,B6T0000001557,E1,10260.0,10260.0,10277.0,17.0,0.0,17.0,13,2,4,深位,否
7,7,inbound,IN0521,B6T0000001557,E1,10260.0,10288.0,10305.0,17.0,28.0,45.0,13,4,2,深位,否
7,7,inbound,IN0521,B6T0000001557,E1,10260.0,10316.0,10335.0,19.0,56.0,75.0,13,4,3,深位,否
7,7,inbound,IN0521,B6T0000001557,E1,10260.0,10348.0,10369.0,21.0,88.0,109.0,13,7,1,深位,否
7,7,inbound,IN0199,B6T0000000581,E3,12600.0,12600.0,12662.0,62.0,0.0,62.0,13,18,1,深位,否
7,7,inbound,IN0199,B6T0000000581,E3,12600.0,12718.0,12784.0,66.0,118.0,184.0,14,9,21,深位,否
7,7,inbound,IN0199,B6T0000000581,E3,12600.0,12844.0,12914.0,70.0,244.0,314.0,13,13,15,浅位,否
7,7,inbound,IN0199,B6T0000000581,E3,12600.0,12978.0,13048.0,70.0,378.0,448.0,13,13,15,深位,否
7,7,inbound,IN0199,B6T0000000581,E3,12600.0,13112.0,13182.0,70.0,512.0,582.0,14,13,15,浅位,否
7,7,inbound,IN0199,B6T0000000581,E3,12600.0,13246.0,13316.0,70.0,646.0,716.0,14,13,15,深位,否
7,7,inbound,IN0199,B6T0000000581,E3,12600.0,13380.0,13454.0,74.0,780.0,854.0,14,17,9,深位,否
7,7,inbound,IN0199,B6T0000000581,E3,12600.0,13522.0,13598.0,76.0,922.0,998.0,14,20,4,深位,否
7,7,inbound,IN0199,B6T0000000581,E3,12600.0,13668.0,13746.0,78.0,1068.0,1146.0,13,16,13,深位,否
7,7,inbound,IN0199,B6T0000000581,E3,12600.0,13818.0,13898.0,80.0,1218.0,1298.0,14,11,24,深位,否
7,7,inbound,IN0199,B6T0000000581,E3,12600.0,13972.0,14054.0,82.0,1372.0,1454.0,14,14,19,深位,否
7,7,inbound,IN0199,B6T0000000581,E3,12600.0,14130.0,14234.0,104.0,1530.0,1634.0,14,20,18,深位,否
7,7,inbound,IN0199,B6T0000000581,E3,12600.0,14332.0,14440.0,108.0,1732.0,1840.0,13,15,30,深位,否
7,7,inbound,IN0199,B6T0000000581,E3,12600.0,14542.0,14650.0,108.0,1942.0,2050.0,13,25,10,深位,否
7,7,inbound,IN0199,B6T0000000581,E3,12600.0,14752.0,14860.0,108.00000000000001,2152.0,2260.0,13,28,4,深位,否
7,7,inbound,IN0199,B6T0000000581,E3,12600.0,14962.0,15072.0,110.0,2362.0,2472.0,13,15,31,深位,否
7,7,inbound,IN0199,B6T0000000581,E3,12600.0,15176.0,15288.0,112.00000000000001,2576.0,2688.0,13,22,18,深位,否
7,7,inbound,IN0199,B6T0000000581,E3,12600.0,15394.0,15510.0,116.00000000000003,2794.0,2910.0,13,31,2,深位,否
7,7,inbound,IN0199,B6T0000000581,E3,12600.0,15620.0,15742.0,122.00000000000003,3020.0,3142.0,14,30,7,深位,否
7,7,inbound,IN0199,B6T0000000581,E3,12600.0,15858.0,15990.0,132.0,3258.0,3390.0,14,14,44,深位,否
7,7,inbound,IN0199,B6T0000000581,E3,12600.0,16116.0,16250.0,134.00000000000006,3516.0,3650.0,14,35,3,深位,否
7,7,inbound,IN0199,B6T0000000581,E3,12600.0,16378.0,16522.0,144.0,3778.0,3922.0,13,10,58,深位,否
7,7,inbound,IN0199,B6T0000000581,E3,12600.0,16660.0,16806.0,146.0,4060.0,4206.0,13,17,45,深位,否
7,7,inbound,IN0199,B6T0000000581,E3,12600.0,16946.0,17094.0,148.0,4346.0,4494.0,14,16,48,深位,否
7,7,inbound,IN0199,B6T0000000581,E3,12600.0,17236.0,17388.0,152.0,4636.0,4788.0,13,9,64,浅位,否
7,7,inbound,IN0199,B6T0000000581,E3,12600.0,17534.0,17686.0,152.0,4934.0,5086.0,13,9,64,深位,否
7,7,inbound,IN0199,B6T0000000581,E3,12600.0,17832.0,17984.0,152.0,5232.0,5384.0,14,9,64,浅位,否
7,7,inbound,IN0199,B6T0000000581,E3,12600.0,18130.0,18282.0,152.0,5530.0,5682.0,14,9,64,深位,否
7,7,inbound,IN0199,B6T0000000581,E3,12600.0,18428.0,18582.0,154.0,5828.0,5982.0,13,9,65,浅位,否
7,7,inbound,IN0199,B6T0000000581,E3,12600.0,18730.0,18884.0,154.0,6130.0,6284.0,13,9,65,深位,否
7,7,inbound,IN0199,B6T0000000581,E3,12600.0,19032.0,19186.0,154.0,6432.0,6586.0,13,10,63,浅位,否
7,7,inbound,IN0199,B6T0000000581,E3,12600.0,19334.0,19488.0,154.0,6734.0,6888.0,13,10,63,深位,否
7,7,outbound,711,B6T0000000313,E4,19560.0,19790.0,20211.0,421.00000000000017,230.0,651.0,13,44,4,浅位,是
7,7,inbound,IN0199,B6T0000000581,E3,12600.0,19636.0,19790.0,154.0,7036.0,7190.0,13,11,61,浅位,是
7,7,outbound,705,B6T0000000313,E4,19560.0,20365.0,20786.0,421.00000000000017,805.0,1226.0,13,44,4,深位,是
7,7,inbound,IN0199,B6T0000000581,E3,12600.0,20211.0,20365.0,154.0,7611.0,7765.0,13,11,61,深位,是
7,7,outbound,586,B6T0000001238,E3,19080.0,20940.0,21102.0,162.0,1860.0,2022.0,13,15,4,浅位,是
7,7,inbound,IN0199,B6T0000000581,E3,12600.0,20786.0,20940.0,154.0,8186.0,8340.0,13,14,55,深位,是
7,7,outbound,585,B6T0000001238,E3,19080.0,21158.0,21214.0,55.99999999999999,2078.0,2134.0,13,15,4,深位,是
7,7,inbound,IN0199,B6T0000000581,E3,12600.0,21102.0,21158.0,55.99999999999999,8502.0,8558.0,13,15,4,浅位,是
7,7,outbound,584,B6T0000001238,E3,19080.0,21270.0,21326.0,55.99999999999999,2190.0,2246.0,14,15,4,浅位,是
7,7,inbound,IN0199,B6T0000000581,E3,12600.0,21214.0,21270.0,55.99999999999999,8614.0,8670.0,13,15,4,深位,是
7,7,outbound,583,B6T0000001238,E3,19080.0,21382.0,21438.0,55.99999999999999,2302.0,2358.0,14,15,4,深位,是
7,7,inbound,IN0199,B6T0000000581,E3,12600.0,21326.0,21382.0,55.99999999999999,8726.0,8782.0,14,15,4,浅位,是
7,7,outbound,706,B6T0000000313,E4,19560.0,21494.0,21785.0,291.00000000000017,1934.0,2225.0,14,44,4,浅位,是
7,7,inbound,IN0199,B6T0000000581,E3,12600.0,21438.0,21494.0,55.99999999999999,8838.0,8894.0,14,15,4,深位,是
7,7,outbound,707,B6T0000000313,E4,19560.0,21939.0,22376.0,437.0000000000002,2379.0,2816.0,14,44,4,深位,是
7,7,inbound,IN0199,B6T0000000581,E3,12600.0,21785.0,21939.0,154.0,9185.0,9339.0,14,9,65,浅位,是
7,7,inbound,IN0199,B6T0000000581,E3,12600.0,22376.0,22530.0,154.0,9776.0,9930.0,14,9,65,深位,否
7,7,inbound,IN0199,B6T0000000581,E3,12600.0,22678.0,22832.0,154.0,10078.0,10232.0,14,10,63,浅位,否
7,7,inbound,IN0199,B6T0000000581,E3,12600.0,22980.0,23134.0,154.0,10380.0,10534.0,14,10,63,深位,否
7,7,inbound,IN0199,B6T0000000581,E3,12600.0,23282.0,23436.0,154.0,10682.0,10836.0,14,11,61,浅位,否
7,7,inbound,IN0199,B6T0000000581,E3,12600.0,23584.0,23738.0,154.0,10984.0,11138.0,14,11,61,深位,否
7,7,inbound,IN0439,B6T0000001335,E1,23760.0,23886.0,23907.0,21.0,126.0,147.0,14,1,7,深位,否
7,7,inbound,IN0439,B6T0000001335,E1,23760.0,23922.0,23953.0,31.0,162.0,193.0,13,3,10,深位,否
7,7,inbound,IN0439,B6T0000001335,E1,23760.0,23978.0,24009.0,31.000000000000004,218.0,249.0,13,1,12,深位,否
7,7,inbound,IN0439,B6T0000001335,E1,23760.0,24034.0,24067.0,33.0,274.0,307.0,13,1,13,深位,否
7,7,inbound,IN0439,B6T0000001335,E1,23760.0,24094.0,24129.0,35.0,334.0,369.0,14,3,12,深位,否
7,7,inbound,IN0614,B6T0000001819,E1,23760.0,24158.0,24195.0,37.0,398.0,435.0,13,2,14,深位,否
7,7,inbound,IN0614,B6T0000001819,E1,23760.0,24226.0,24263.0,37.0,466.0,503.0,13,6,10,深位,否
7,7,inbound,IN0614,B6T0000001819,E1,23760.0,24294.0,24335.0,41.0,534.0,575.0,13,1,17,深位,否
7,7,inbound,IN0199,B6T0000000581,E3,12600.0,24370.0,24524.0,154.00000000000006,11770.0,11924.0,13,40,3,深位,否
7,7,inbound,IN0199,B6T0000000581,E3,12600.0,24672.0,24828.0,156.0,12072.0,12228.0,13,9,66,浅位,否
7,7,inbound,IN0199,B6T0000000581,E3,12600.0,24978.0,25134.0,156.0,12378.0,12534.0,13,9,66,深位,否
7,7,inbound,IN0199,B6T0000000581,E3,12600.0,25284.0,25440.0,156.0,12684.0,12840.0,13,10,64,浅位,否
7,7,inbound,IN0199,B6T0000000581,E3,12600.0,25590.0,25746.0,156.0,12990.0,13146.0,13,10,64,深位,否
7,7,outbound,892,B6T0000000488,E3,25680.0,26052.0,26216.0,164.0,372.0,536.0,13,12,9,浅位,是
7,7,inbound,IN0199,B6T0000000581,E3,12600.0,25896.0,26052.0,156.0,13296.0,13452.0,13,11,62,浅位,是
7,7,outbound,891,B6T0000000488,E3,25680.0,26270.0,26324.0,54.0,590.0,644.0,13,12,9,深位,是
7,7,inbound,IN0199,B6T0000000581,E3,12600.0,26216.0,26270.0,54.0,13616.0,13670.0,13,12,9,浅位,是
7,7,outbound,890,B6T0000000488,E3,25680.0,26378.0,26432.0,54.0,698.0,752.0,14,12,9,浅位,是
7,7,inbound,IN0199,B6T0000000581,E3,12600.0,26324.0,26378.0,54.0,13724.0,13778.0,13,12,9,深位,是
7,7,outbound,889,B6T0000000488,E3,25680.0,26486.0,26540.0,54.0,806.0,860.0,14,12,9,深位,是
7,7,inbound,IN0199,B6T0000000581,E3,12600.0,26432.0,26486.0,54.0,13832.0,13886.0,14,12,9,浅位,是
7,7,inbound,IN0199,B6T0000000581,E3,12600.0,26540.0,26594.0,54.0,13940.0,13994.0,14,12,9,深位,否
7,7,inbound,IN0199,B6T0000000581,E3,12600.0,26642.0,26798.0,156.0,14042.0,14198.0,13,11,62,深位,否
7,7,outbound,3058,B6T0000001131,E3,26820.0,27104.0,27292.0,188.0,284.0,472.0,14,16,33,浅位,是
7,7,inbound,IN0199,B6T0000000581,E3,12600.0,26948.0,27104.0,156.0,14348.0,14504.0,13,12,60,浅位,是
7,7,outbound,3060,B6T0000001131,E3,26820.0,27410.0,27528.0,118.0,590.0,708.0,14,16,33,深位,是
7,7,inbound,IN0199,B6T0000000581,E3,12600.0,27292.0,27410.0,118.0,14692.0,14810.0,14,16,33,浅位,是
7,7,inbound,IN0199,B6T0000000581,E3,12600.0,27528.0,27646.0,118.0,14928.0,15046.0,14,16,33,深位,否
7,7,inbound,IN0199,B6T0000000581,E3,12600.0,27758.0,27914.0,156.0,15158.0,15314.0,13,12,60,深位,否
7,7,inbound,IN0199,B6T0000000581,E3,12600.0,28064.0,28220.0,156.0,15464.0,15620.0,14,9,66,浅位,否
7,7,inbound,IN0199,B6T0000000581,E3,12600.0,28370.0,28526.0,156.0,15770.0,15926.0,14,9,66,深位,否
7,7,inbound,IN0199,B6T0000000581,E3,12600.0,28676.0,28832.0,156.0,16076.0,16232.0,14,10,64,浅位,否
7,7,inbound,IN0199,B6T0000000581,E3,12600.0,28982.0,29138.0,156.0,16382.0,16538.0,14,10,64,深位,否
7,7,outbound,746,B6T0000000140,E4,25680.0,29444.0,29877.0,433.0000000000002,3764.0,4197.0,13,45,3,浅位,是
7,7,inbound,IN0199,B6T0000000581,E3,12600.0,29288.0,29444.0,156.0,16688.0,16844.0,14,11,62,浅位,是
7,7,outbound,734,B6T0000000140,E4,25680.0,30033.0,30466.0,433.0000000000002,4353.0,4786.0,13,45,3,深位,是
7,7,inbound,IN0199,B6T0000000581,E3,12600.0,29877.0,30033.0,156.0,17277.0,17433.0,14,11,62,深位,是
7,7,outbound,745,B6T0000000140,E4,25680.0,30622.0,31047.0,425.00000000000017,4942.0,5367.0,14,45,3,浅位,是
7,7,inbound,IN0199,B6T0000000581,E3,12600.0,30466.0,30622.0,156.0,17866.0,18022.0,14,12,60,浅位,是
7,7,outbound,751,B6T0000000140,E4,25680.0,31203.0,31628.0,425.00000000000017,5523.0,5948.0,14,45,3,深位,是
7,7,inbound,IN0199,B6T0000000581,E3,12600.0,31047.0,31203.0,156.0,18447.0,18603.0,14,12,60,深位,是
7,7,inbound,IN0199,B6T0000000581,E3,12600.0,31628.0,31786.0,158.0,19028.0,19186.0,13,9,67,浅位,否
7,7,inbound,IN0199,B6T0000000581,E3,12600.0,31938.0,32096.0,158.0,19338.0,19496.0,13,9,67,深位,否
7,7,inbound,IN0199,B6T0000000581,E3,12600.0,32248.0,32406.0,158.0,19648.0,19806.0,13,10,65,浅位,否
7,7,inbound,IN0199,B6T0000000581,E3,12600.0,32558.0,32716.0,158.0,19958.0,20116.0,13,10,65,深位,否
7,7,outbound,3553,B6T0000000333,E3,32580.0,33026.0,33192.0,166.0,446.0,612.0,14,12,54,浅位,是
7,7,inbound,IN0199,B6T0000000581,E3,12600.0,32868.0,33026.0,158.0,20268.0,20426.0,13,11,63,浅位,是
7,7,outbound,3552,B6T0000000333,E3,32580.0,33336.0,33480.0,144.0,756.0,900.0,14,12,54,深位,是
7,7,inbound,IN0199,B6T0000000581,E3,12600.0,33192.0,33336.0,144.0,20592.0,20736.0,14,12,54,浅位,是
7,7,inbound,IN0199,B6T0000000581,E3,12600.0,33480.0,33624.0,144.0,20880.0,21024.0,14,12,54,深位,否
7,7,inbound,IN0199,B6T0000000581,E3,12600.0,33762.0,33920.0,158.0,21162.0,21320.0,13,11,63,深位,否
7,7,inbound,IN0199,B6T0000000581,E3,12600.0,34072.0,34230.0,158.0,21472.0,21630.0,13,12,61,浅位,否
7,7,inbound,IN0077,B6T0000000212,E4,23040.0,34382.0,34555.5,173.50000000000009,11342.0,11515.5,13,44,4,浅位,否
7,7,inbound,IN0077,B6T0000000212,E4,23040.0,34723.0,34896.5,173.50000000000009,11683.0,11856.5,13,44,4,深位,否
7,7,inbound,IN0077,B6T0000000212,E4,23040.0,35064.0,35237.5,173.50000000000009,12024.0,12197.5,14,44,4,浅位,否
7,7,outbound,2699,B6T0000001043,E3,35220.0,35578.5,35808.0,229.50000000000006,358.5,588.0,13,25,18,浅位,是
7,7,inbound,IN0077,B6T0000000212,E4,23040.0,35405.0,35578.5,173.50000000000009,12365.0,12538.5,14,44,4,深位,是
7,7,outbound,2696,B6T0000001043,E3,35220.0,35984.5,36221.0,236.50000000000009,764.5,1001.0,13,25,18,深位,是
7,7,inbound,IN0077,B6T0000000212,E4,23040.0,35808.0,35984.5,176.50000000000009,12768.0,12944.5,13,45,3,浅位,是
7,7,outbound,2697,B6T0000001043,E3,35220.0,36397.5,36634.0,236.50000000000009,1177.5,1414.0,14,25,18,浅位,是
7,7,inbound,IN0077,B6T0000000212,E4,23040.0,36221.0,36397.5,176.50000000000009,13181.0,13357.5,13,45,3,深位,是
7,7,outbound,2796,B6T0000001494,E1,36360.0,36634.0,36746.0,112.0,274.0,386.0,13,1,26,浅位,否
7,7,outbound,2799,B6T0000001494,E1,36360.0,36746.0,36858.0,112.0,386.0,498.0,13,1,26,深位,否
7,7,outbound,2698,B6T0000001043,E3,35220.0,36858.0,37100.0,242.0,1638.0,1880.0,14,25,18,深位,否
7,7,outbound,2868,B6T0000000221,E4,38940.0,38940.0,39353.0,413.00000000000017,0.0,413.0,13,44,22,浅位,否
7,7,outbound,2870,B6T0000000221,E4,38940.0,39353.0,39766.0,413.00000000000017,413.0,826.0,13,44,22,深位,否
7,7,outbound,2869,B6T0000000221,E4,38940.0,39766.0,40179.0,413.00000000000017,826.0,1239.0,14,44,22,浅位,否
7,7,outbound,2871,B6T0000000221,E4,38940.0,40179.0,40592.0,413.00000000000017,1239.0,1652.0,14,44,22,深位,否
7,7,outbound,3362,B6T0000001358,E1,41400.0,41400.0,41588.0,188.0,0.0,188.0,13,5,41,浅位,否
7,7,outbound,3363,B6T0000001358,E1,41400.0,41588.0,41776.0,188.0,188.0,376.0,13,5,41,深位,否
7,7,outbound,2104,B6T0000001607,E1,43440.0,43440.0,43508.0,68.0,0.0,68.0,13,5,11,浅位,否
7,7,outbound,2103,B6T0000001607,E1,43440.0,43508.0,43576.0,68.0,68.0,136.0,13,5,11,深位,否
7,7,outbound,2105,B6T0000001607,E1,43440.0,43576.0,43644.0,68.0,136.0,204.0,14,5,11,浅位,否
7,7,outbound,2101,B6T0000001607,E1,43440.0,43644.0,43712.0,68.0,204.0,272.0,14,5,11,深位,否
7,7,inbound,IN0473,B6T0000001426,E1,51180.0,51180.0,51217.0,37.0,0.0,37.0,13,5,11,浅位,否
7,7,inbound,IN0473,B6T0000001426,E1,51180.0,51248.0,51285.0,37.0,68.0,105.0,13,5,11,深位,否
7,7,inbound,IN0442,B6T0000001340,E1,51840.0,51840.0,51877.0,37.0,0.0,37.0,14,5,11,浅位,否
7,7,inbound,IN0442,B6T0000001340,E1,51840.0,51908.0,51945.0,37.0,68.0,105.0,14,5,11,深位,否
7,7,inbound,IN0442,B6T0000001340,E1,51840.0,51976.0,52019.0,43.0,136.0,179.0,14,3,16,深位,否
7,7,outbound,3016,B6T0000000570,E3,54300.0,54300.0,54586.0,286.00000000000006,0.0,286.0,13,31,17,浅位,否
7,7,outbound,1936,B6T0000001937,E1,54360.0,54586.0,54650.0,64.0,226.0,290.0,14,6,9,浅位,否
7,7,outbound,1937,B6T0000001937,E1,54360.0,54650.0,54714.0,64.0,290.0,354.0,14,6,9,深位,否
7,7,outbound,3018,B6T0000000570,E3,54300.0,54714.0,55000.0,286.00000000000006,414.0,700.0,13,31,17,深位,否
7,7,outbound,3017,B6T0000000570,E3,54300.0,55000.0,55286.0,286.00000000000006,700.0,986.0,14,31,17,浅位,否
7,7,inbound,IN0144,B6T0000000432,E3,55200.0,55286.0,55410.0,124.0,86.0,210.0,13,25,18,浅位,否
7,7,inbound,IN0144,B6T0000000432,E3,55200.0,55528.0,55652.0,124.0,328.0,452.0,13,25,18,深位,否
7,7,outbound,1541,B6T0000000088,E4,55680.0,55894.0,56173.0,279.00000000000017,214.0,493.0,14,44,9,浅位,是
7,7,inbound,IN0144,B6T0000000432,E3,55200.0,55770.0,55894.0,124.0,570.0,694.0,14,25,18,浅位,是
7,7,outbound,2169,B6T0000001942,E1,55560.0,56297.0,56421.0,124.0,737.0,861.0,13,5,12,浅位,是
7,7,inbound,IN0144,B6T0000000432,E3,55200.0,56173.0,56297.0,124.0,973.0,1097.0,14,25,18,深位,是
7,7,outbound,289,B6T0000001196,E3,55860.0,56567.0,56713.0,146.00000000000003,707.0,853.0,13,12,6,浅位,是
7,7,inbound,IN0144,B6T0000000432,E3,55200.0,56421.0,56567.0,146.00000000000003,1221.0,1367.0,13,31,17,浅位,是
7,7,outbound,1538,B6T0000000088,E4,55680.0,56761.0,57080.0,319.00000000000017,1081.0,1400.0,14,44,9,深位,是
7,7,inbound,IN0305,B6T0000000924,E3,55980.0,56713.0,56761.0,48.0,733.0,781.0,13,12,6,浅位,是
7,7,inbound,IN0305,B6T0000000924,E3,55980.0,57080.0,57226.0,146.00000000000003,1100.0,1246.0,13,31,17,深位,否
7,7,inbound,IN0305,B6T0000000924,E3,55980.0,57366.0,57512.0,146.00000000000003,1386.0,1532.0,14,31,17,浅位,否
7,7,inbound,IN0305,B6T0000000924,E3,55980.0,57652.0,57810.0,158.0,1672.0,1830.0,13,12,61,深位,否
7,7,outbound,442,B6T0000000678,E3,56280.0,60373.0,60455.0,82.0,4093.0,4175.0,13,9,10,浅位,否
7,7,outbound,435,B6T0000000678,E3,56280.0,60455.0,60537.0,82.0,4175.0,4257.0,13,9,10,深位,否
7,7,outbound,434,B6T0000000678,E3,56280.0,60537.0,60647.0,110.0,4257.0,4367.0,13,17,1,浅位,否
7,7,outbound,433,B6T0000000678,E3,56280.0,60647.0,60757.0,110.0,4367.0,4477.0,13,17,1,深位,否
7,7,outbound,436,B6T0000000678,E3,56280.0,60757.0,60867.0,110.0,4477.0,4587.0,14,17,1,浅位,否
7,7,inbound,IN0477,B6T0000001437,E1,83160.0,83160.0,83195.0,35.0,0.0,35.0,14,6,9,浅位,否
7,7,inbound,IN0477,B6T0000001437,E1,83160.0,83224.0,83259.0,35.0,64.0,99.0,14,6,9,深位,否
7,7,inbound,IN0477,B6T0000001437,E1,83160.0,83288.0,83327.0,39.0,128.0,167.0,13,5,12,浅位,否
7,7,inbound,IN0477,B6T0000001437,E1,83160.0,83360.0,83404.0,44.0,200.0,244.0,13,9,10,浅位,否
7,7,inbound,IN0477,B6T0000001437,E1,83160.0,83442.0,83486.0,44.0,282.0,326.0,13,9,10,深位,否
7,7,inbound,IN0477,B6T0000001437,E1,83160.0,83524.0,83571.0,47.0,364.0,411.0,13,2,19,深位,否
7,7,inbound,IN0419,B6T0000001280,E3,83280.0,83612.0,83670.0,58.0,332.0,390.0,13,17,1,浅位,否
7,7,inbound,IN0419,B6T0000001280,E3,83280.0,83722.0,83780.0,58.0,442.0,500.0,13,17,1,深位,否
7,7,inbound,IN0419,B6T0000001280,E3,83280.0,83832.0,83890.0,58.0,552.0,610.0,14,17,1,浅位,否
7,7,inbound,IN0419,B6T0000001280,E3,83280.0,83942.0,84100.0,158.0,662.0,820.0,13,13,59,浅位,否
7,7,inbound,IN0419,B6T0000001280,E3,83280.0,84252.0,84410.0,158.0,972.0,1130.0,13,13,59,深位,否
7,7,inbound,IN0319,B6T0000000958,E3,83340.0,84562.0,84720.0,158.0,1222.0,1380.0,14,9,67,浅位,否
7,7,inbound,IN0319,B6T0000000958,E3,83340.0,84872.0,85030.0,158.0,1532.0,1690.0,14,9,67,深位,否
7,7,inbound,IN0178,B6T0000000511,E3,83640.0,85182.0,85340.0,158.0,1542.0,1700.0,14,10,65,浅位,否
7,7,inbound,IN0178,B6T0000000511,E3,83640.0,85492.0,85650.0,158.0,1852.0,2010.0,14,10,65,深位,否
7,7,inbound,IN0178,B6T0000000511,E3,83640.0,85802.0,85960.0,158.0,2162.0,2320.0,14,11,63,浅位,否
7,7,inbound,IN0178,B6T0000000511,E3,83640.0,86112.0,86270.0,158.0,2472.0,2630.0,14,11,63,深位,否
7,7,outbound,2015,B6T0000001110,E3,86400.0,87884.0,88090.0,206.00000000000003,1484.0,1690.0,13,26,7,浅位,否
7,7,outbound,2016,B6T0000001110,E3,86400.0,88090.0,88296.0,206.00000000000003,1690.0,1896.0,13,26,7,深位,否
7,7,outbound,2019,B6T0000001110,E3,86400.0,88296.0,88502.0,206.00000000000003,1896.0,2102.0,14,26,7,浅位,否
7,7,outbound,2013,B6T0000001110,E3,86400.0,88502.0,88708.0,206.00000000000003,2102.0,2308.0,14,26,7,深位,否
7,7,outbound,3696,B6T0000001826,E1,88320.0,88708.0,88944.0,236.0,388.0,624.0,14,2,56,浅位,否
7,7,outbound,3697,B6T0000001826,E1,88320.0,88944.0,89180.0,236.0,624.0,860.0,14,2,56,深位,否
7,7,outbound,407,B6T0000000471,E3,88740.0,89180.0,89286.0,105.99999999999999,440.0,546.0,13,16,2,浅位,否
7,7,outbound,404,B6T0000000471,E3,88740.0,89286.0,89392.0,105.99999999999999,546.0,652.0,13,16,2,深位,否
7,7,outbound,405,B6T0000000471,E3,88740.0,89392.0,89498.0,105.99999999999999,652.0,758.0,14,16,2,浅位,否
7,7,outbound,406,B6T0000000471,E3,88740.0,89498.0,89604.0,105.99999999999999,758.0,864.0,14,16,2,深位,否
7,7,outbound,2950,B6T0000001640,E1,89280.0,89624.0,89756.0,132.0,344.0,476.0,14,5,27,浅位,否
7,7,inbound,IN0347,B6T0000001070,E3,91680.0,91680.0,91736.0,55.99999999999999,0.0,56.0,13,16,2,浅位,否
7,7,inbound,IN0347,B6T0000001070,E3,91680.0,91786.0,91842.0,55.99999999999999,106.0,162.0,13,16,2,深位,否
7,7,inbound,IN0171,B6T0000000500,E3,94440.0,94440.0,94496.0,55.99999999999999,0.0,56.0,14,16,2,浅位,否
7,7,inbound,IN0171,B6T0000000500,E3,94440.0,94546.0,94602.0,55.99999999999999,106.0,162.0,14,16,2,深位,否
7,7,inbound,IN0171,B6T0000000500,E3,94440.0,94652.0,94758.0,106.00000000000001,212.0,318.0,13,26,7,浅位,否
7,7,inbound,IN0171,B6T0000000500,E3,94440.0,94858.0,94964.0,106.00000000000001,418.0,524.0,13,26,7,深位,否
7,7,inbound,IN0171,B6T0000000500,E3,94440.0,95064.0,95170.0,106.00000000000001,624.0,730.0,14,26,7,浅位,否
7,7,outbound,1473,B6T0000000631,E3,86520.0,95376.0,95482.0,106.0,8856.0,8962.0,13,24,3,浅位,是
7,7,inbound,IN0171,B6T0000000500,E3,94440.0,95270.0,95376.0,106.00000000000001,830.0,936.0,14,26,7,深位,是
7,7,outbound,1469,B6T0000000631,E3,86520.0,95572.0,95662.0,90.00000000000001,9052.0,9142.0,13,24,3,深位,是
7,7,inbound,IN0171,B6T0000000500,E3,94440.0,95482.0,95572.0,90.00000000000001,1042.0,1132.0,13,24,3,浅位,是
7,7,outbound,1481,B6T0000000631,E3,86520.0,95752.0,95842.0,90.00000000000001,9232.0,9322.0,14,24,3,浅位,是
7,7,inbound,IN0185,B6T0000000540,E3,94500.0,95662.0,95752.0,90.00000000000001,1162.0,1252.0,13,24,3,深位,是
7,7,inbound,IN0185,B6T0000000540,E3,94500.0,95842.0,95932.0,90.00000000000001,1342.0,1432.0,14,24,3,浅位,否
7,7,inbound,IN0185,B6T0000000540,E3,94500.0,96016.0,96174.0,158.0,1516.0,1674.0,14,12,61,浅位,否
7,7,inbound,IN0185,B6T0000000540,E3,94500.0,96326.0,96484.0,158.0,1826.0,1984.0,14,12,61,深位,否
7,7,inbound,IN0185,B6T0000000540,E3,94500.0,96636.0,96794.0,158.0,2136.0,2294.0,14,13,59,浅位,否
7,7,inbound,IN0185,B6T0000000540,E3,94500.0,96946.0,97104.0,158.0,2446.0,2604.0,14,13,59,深位,否
7,7,inbound,IN0185,B6T0000000540,E3,94500.0,97256.0,97414.0,158.00000000000006,2756.0,2914.0,13,35,15,深位,否
7,7,inbound,IN0185,B6T0000000540,E3,94500.0,97566.0,97724.0,158.00000000000006,3066.0,3224.0,13,40,5,深位,否
7,7,inbound,IN0185,B6T0000000540,E3,94500.0,97876.0,98036.0,160.0,3376.0,3536.0,13,9,68,浅位,否
7,7,inbound,IN0185,B6T0000000540,E3,94500.0,98190.0,98350.0,160.0,3690.0,3850.0,13,9,68,深位,否
7,7,inbound,IN0185,B6T0000000540,E3,94500.0,98504.0,98664.0,160.0,4004.0,4164.0,13,10,66,浅位,否
7,7,inbound,IN0185,B6T0000000540,E3,94500.0,98818.0,98978.0,160.0,4318.0,4478.0,13,10,66,深位,否
7,7,inbound,IN0185,B6T0000000540,E3,94500.0,99132.0,99292.0,160.0,4632.0,4792.0,13,11,64,浅位,否
7,7,outbound,3658,B6T0000001038,E3,99420.0,99606.0,99790.0,184.0,186.0,370.0,14,14,55,浅位,是
7,7,inbound,IN0185,B6T0000000540,E3,94500.0,99446.0,99606.0,160.0,4946.0,5106.0,13,11,64,深位,是
7,7,outbound,3659,B6T0000001038,E3,99420.0,99944.0,100098.0,154.0,524.0,678.0,14,14,55,深位,是
7,7,inbound,IN0185,B6T0000000540,E3,94500.0,99790.0,99944.0,154.0,5290.0,5444.0,14,14,55,浅位,是
7,7,inbound,IN0185,B6T0000000540,E3,94500.0,100098.0,100252.0,154.0,5598.0,5752.0,14,14,55,深位,否
7,7,inbound,IN0185,B6T0000000540,E3,94500.0,100400.0,100560.0,160.0,5900.0,6060.0,13,12,62,浅位,否
7,7,inbound,IN0185,B6T0000000540,E3,94500.0,100714.0,100874.0,160.0,6214.0,6374.0,13,12,62,深位,否
7,7,inbound,IN0185,B6T0000000540,E3,94500.0,101028.0,101188.0,160.0,6528.0,6688.0,13,13,60,浅位,否
7,7,inbound,IN0185,B6T0000000540,E3,94500.0,101342.0,101502.0,160.0,6842.0,7002.0,13,13,60,深位,否
7,7,inbound,IN0185,B6T0000000540,E3,94500.0,101656.0,101816.0,160.0,7156.0,7316.0,13,14,58,浅位,否
7,7,inbound,IN0185,B6T0000000540,E3,94500.0,101970.0,102130.0,160.0,7470.0,7630.0,13,14,58,深位,否
7,7,inbound,IN0185,B6T0000000540,E3,94500.0,102284.0,102444.0,160.0,7784.0,7944.0,14,9,68,浅位,否
7,7,inbound,IN0185,B6T0000000540,E3,94500.0,102598.0,102758.0,160.0,8098.0,8258.0,14,9,68,深位,否
7,7,inbound,IN0185,B6T0000000540,E3,94500.0,102912.0,103072.0,160.0,8412.0,8572.0,14,10,66,浅位,否
7,7,inbound,IN0185,B6T0000000540,E3,94500.0,103226.0,103386.0,160.0,8726.0,8886.0,14,10,66,深位,否
7,7,inbound,IN0185,B6T0000000540,E3,94500.0,103540.0,103700.0,160.0,9040.0,9200.0,14,11,64,浅位,否
7,7,inbound,IN0185,B6T0000000540,E3,94500.0,103854.0,104014.0,160.0,9354.0,9514.0,14,11,64,深位,否
7,7,inbound,IN0185,B6T0000000540,E3,94500.0,104168.0,104328.0,160.0,9668.0,9828.0,14,12,62,浅位,否
7,7,inbound,IN0185,B6T0000000540,E3,94500.0,104482.0,104642.0,160.0,9982.0,10142.0,14,12,62,深位,否
7,7,inbound,IN0185,B6T0000000540,E3,94500.0,104796.0,104956.0,160.0,10296.0,10456.0,14,13,60,浅位,否
7,7,inbound,IN0185,B6T0000000540,E3,94500.0,105110.0,105270.0,160.0,10610.0,10770.0,14,13,60,深位,否
7,7,inbound,IN0185,B6T0000000540,E3,94500.0,105424.0,105584.0,160.0,10924.0,11084.0,14,14,58,浅位,否
7,7,inbound,IN0185,B6T0000000540,E3,94500.0,105738.0,105898.0,160.0,11238.0,11398.0,14,14,58,深位,否
7,7,outbound,1057,B6T0000001185,E3,106380.0,106380.0,106518.0,138.0,0.0,138.0,13,19,4,浅位,否
7,7,outbound,1058,B6T0000001185,E3,106380.0,106518.0,106656.0,138.0,138.0,276.0,13,19,4,深位,否
7,7,outbound,1067,B6T0000001185,E3,106380.0,106656.0,106794.0,138.0,276.0,414.0,14,19,4,浅位,否
7,7,outbound,1056,B6T0000001185,E3,106380.0,106794.0,106932.0,138.0,414.0,552.0,14,19,4,深位,否
7,7,inbound,IN0493,B6T0000001481,E1,108180.0,108180.0,108227.0,47.0,0.0,47.0,13,4,17,深位,否
7,7,inbound,IN0493,B6T0000001481,E1,108180.0,108268.0,108317.0,49.0,88.0,137.0,13,1,21,深位,否
7,7,inbound,IN0493,B6T0000001481,E1,108180.0,108360.0,108409.0,49.0,180.0,229.0,14,5,17,深位,否
7,7,outbound,2631,B6T0000000942,E3,108420.0,108452.0,108654.0,202.0,32.0,234.0,14,16,26,浅位,否
7,7,outbound,2628,B6T0000000942,E3,108420.0,108654.0,108856.0,202.0,234.0,436.0,14,16,26,深位,否
7,7,outbound,2572,B6T0000000647,E3,111780.0,111780.0,111970.0,190.0,0.0,190.0,13,14,27,浅位,否
7,7,outbound,2573,B6T0000000647,E3,111780.0,111970.0,112160.0,190.0,190.0,380.0,13,14,27,深位,否
7,7,outbound,2571,B6T0000000647,E3,111780.0,112160.0,112350.0,190.0,380.0,570.0,14,14,27,浅位,否
7,7,outbound,2570,B6T0000000647,E3,111780.0,112350.0,112540.0,190.0,570.0,760.0,14,14,27,深位,否
7,7,inbound,IN0608,B6T0000001801,E1,113640.0,113640.0,113691.0,51.0,0.0,51.0,13,5,18,浅位,否
7,7,inbound,IN0608,B6T0000001801,E1,113640.0,113736.0,113787.0,51.0,96.0,147.0,13,5,18,深位,否
7,7,inbound,IN0608,B6T0000001801,E1,113640.0,113832.0,113883.0,51.0,192.0,243.0,14,5,18,浅位,否
7,7,inbound,IN0608,B6T0000001801,E1,113640.0,113928.0,113979.0,51.0,288.0,339.0,14,5,18,深位,否
7,7,inbound,IN0608,B6T0000001801,E1,113640.0,114024.0,114083.0,59.0,384.0,443.0,13,1,26,浅位,否
7,7,inbound,IN0608,B6T0000001801,E1,113640.0,114136.0,114195.0,59.0,496.0,555.0,13,1,26,深位,否
7,7,inbound,IN0608,B6T0000001801,E1,113640.0,114248.0,114309.0,61.0,608.0,669.0,13,3,25,深位,否
7,7,inbound,IN0608,B6T0000001801,E1,113640.0,114364.0,114427.0,63.0,724.0,787.0,13,6,23,深位,否
7,7,inbound,IN0376,B6T0000001146,E3,119400.0,119400.0,119472.0,72.0,0.0,72.0,13,19,4,浅位,否
7,7,inbound,IN0376,B6T0000001146,E3,119400.0,119538.0,119610.0,72.0,138.0,210.0,13,19,4,深位,否
7,7,inbound,IN0376,B6T0000001146,E3,119400.0,119676.0,119748.0,72.0,276.0,348.0,14,19,4,浅位,否
7,7,inbound,IN0376,B6T0000001146,E3,119400.0,119814.0,119886.0,72.0,414.0,486.0,14,19,4,深位,否
7,7,inbound,IN0376,B6T0000001146,E3,119400.0,119952.0,120050.0,98.0,552.0,650.0,13,14,27,浅位,否
7,7,inbound,IN0376,B6T0000001146,E3,119400.0,120142.0,120240.0,98.0,742.0,840.0,13,14,27,深位,否
7,7,inbound,IN0376,B6T0000001146,E3,119400.0,120332.0,120430.0,98.0,932.0,1030.0,14,14,27,浅位,否
7,7,inbound,IN0376,B6T0000001146,E3,119400.0,120522.0,120620.0,98.0,1122.0,1220.0,14,14,27,深位,否
7,7,inbound,IN0376,B6T0000001146,E3,119400.0,120712.0,120816.0,104.0,1312.0,1416.0,14,16,26,浅位,否
7,7,inbound,IN0376,B6T0000001146,E3,119400.0,120914.0,121018.0,104.0,1514.0,1618.0,14,16,26,深位,否
7,7,inbound,IN0221,B6T0000000642,E3,119400.0,121116.0,121278.0,162.0,1716.0,1878.0,13,10,67,浅位,否
7,7,inbound,IN0221,B6T0000000642,E3,119400.0,121434.0,121596.0,162.0,2034.0,2196.0,13,10,67,深位,否
7,7,inbound,IN0221,B6T0000000642,E3,119400.0,121752.0,121914.0,162.0,2352.0,2514.0,13,11,65,浅位,否
7,7,inbound,IN0337,B6T0000001038,E3,119700.0,122070.0,122232.0,162.0,2370.0,2532.0,13,11,65,深位,否
7,7,inbound,IN0337,B6T0000001038,E3,119700.0,122388.0,122550.0,162.0,2688.0,2850.0,13,12,63,浅位,否
7,7,outbound,3607,B6T0000001654,E1,124320.0,124320.0,124548.0,228.0,0.0,228.0,14,4,52,浅位,否
7,7,outbound,3606,B6T0000001654,E1,124320.0,124548.0,124776.0,228.0,228.0,456.0,14,4,52,深位,否
7,7,outbound,2806,B6T0000001268,E3,126240.0,126240.0,126522.0,282.0000000000001,0.0,282.0,13,34,10,浅位,否
7,7,outbound,2805,B6T0000001268,E3,126240.0,126522.0,126804.0,282.0000000000001,282.0,564.0,13,34,10,深位,否
7,7,outbound,2804,B6T0000001268,E3,126240.0,126804.0,127086.0,282.0000000000001,564.0,846.0,14,34,10,浅位,否
7,7,outbound,2807,B6T0000001268,E3,126240.0,127086.0,127368.0,282.0000000000001,846.0,1128.0,14,34,10,深位,否
7,7,outbound,1045,B6T0000001052,E3,130740.0,131260.0,131390.0,130.0,520.0,650.0,13,17,6,浅位,否
7,7,outbound,1042,B6T0000001052,E3,130740.0,131390.0,131520.0,130.0,650.0,780.0,13,17,6,深位,否
7,7,outbound,1032,B6T0000001052,E3,130740.0,131520.0,131650.0,130.0,780.0,910.0,14,17,6,浅位,否
7,7,outbound,1031,B6T0000001052,E3,130740.0,131650.0,131780.0,130.0,910.0,1040.0,14,17,6,深位,否
7,7,outbound,3632,B6T0000000436,E3,134700.0,134700.0,135058.0,358.0,0.0,358.0,14,29,39,浅位,否
7,7,outbound,3633,B6T0000000436,E3,134700.0,135058.0,135416.0,358.0,358.0,716.0,14,29,39,深位,否
7,7,inbound,IN0293,B6T0000000880,E3,135600.0,135600.0,135668.0,68.0,0.0,68.0,13,17,6,浅位,否
7,7,inbound,IN0293,B6T0000000880,E3,135600.0,135730.0,135798.0,68.0,130.0,198.0,13,17,6,深位,否
7,7,inbound,IN0293,B6T0000000880,E3,135600.0,135860.0,135928.0,68.0,260.0,328.0,14,17,6,浅位,否
7,7,outbound,2522,B6T0000001186,E3,136200.0,136200.0,136450.0,250.00000000000006,0.0,250.0,14,30,10,浅位,否
7,7,outbound,2521,B6T0000001186,E3,136200.0,136450.0,136700.0,250.00000000000006,250.0,500.0,14,30,10,深位,否
7,7,inbound,IN0047,B6T0000000138,E4,137880.0,137880.0,138056.5,176.50000000000009,0.0,176.5,14,45,3,浅位,否
7,7,inbound,IN0047,B6T0000000138,E4,137880.0,138227.0,138403.5,176.50000000000009,347.0,523.5,14,45,3,深位,否
7,7,outbound,552,B6T0000001827,E1,140580.0,140580.0,140608.0,28.0,0.0,28.0,14,2,4,浅位,否
7,7,outbound,558,B6T0000001827,E1,140580.0,140608.0,140636.0,28.0,28.0,56.0,14,2,4,深位,否
7,7,outbound,3098,B6T0000001767,E1,140580.0,140876.0,141024.0,148.0,296.0,444.0,13,5,31,浅位,否
7,7,inbound,IN0637,B6T0000001934,E1,141300.0,141300.0,141317.0,17.0,0.0,17.0,14,2,4,浅位,否
7,7,inbound,IN0637,B6T0000001934,E1,141300.0,141328.0,141345.0,17.0,28.0,45.0,14,2,4,深位,否
7,7,inbound,IN0637,B6T0000001934,E1,141300.0,141356.0,141419.0,63.0,56.0,119.0,14,4,25,深位,否
7,7,inbound,IN0637,B6T0000001934,E1,141300.0,141476.0,141543.0,67.0,176.0,243.0,13,5,26,深位,否
7,7,inbound,IN0637,B6T0000001934,E1,141300.0,141604.0,141672.0,68.0,304.0,372.0,14,17,6,深位,否
7,7,inbound,IN0637,B6T0000001934,E1,141300.0,141734.0,141803.0,69.0,434.0,503.0,13,5,27,深位,否
7,7,inbound,IN0637,B6T0000001934,E1,141300.0,141866.0,141935.0,69.0,566.0,635.0,14,5,27,浅位,否
7,7,inbound,IN0637,B6T0000001934,E1,141300.0,141998.0,142067.0,69.0,698.0,767.0,13,8,24,深位,否
7,7,inbound,IN0012,B6T0000000030,E4,145380.0,145380.0,145563.5,183.50000000000009,0.0,183.5,13,44,9,深位,否
7,7,inbound,IN0012,B6T0000000030,E4,145380.0,145741.0,145924.5,183.50000000000009,361.0,544.5,14,44,9,浅位,否
7,7,inbound,IN0012,B6T0000000030,E4,145380.0,146102.0,146285.5,183.50000000000009,722.0,905.5,14,44,9,深位,否
7,7,inbound,IN0012,B6T0000000030,E4,145380.0,146463.0,146654.5,191.50000000000009,1083.0,1274.5,14,46,8,深位,否
7,7,inbound,IN0012,B6T0000000030,E4,145380.0,146840.0,147037.5,197.50000000000009,1460.0,1657.5,13,44,16,深位,否
7,7,inbound,IN0079,B6T0000000219,E4,145680.0,147229.0,147436.5,207.50000000000009,1549.0,1756.5,13,44,21,深位,否
7,7,inbound,IN0079,B6T0000000219,E4,145680.0,147638.0,147847.5,209.50000000000009,1958.0,2167.5,13,44,22,浅位,否
7,7,inbound,IN0079,B6T0000000219,E4,145680.0,148051.0,148260.5,209.50000000000009,2371.0,2580.5,13,44,22,深位,否
7,7,inbound,IN0079,B6T0000000219,E4,145680.0,148464.0,148673.5,209.50000000000009,2784.0,2993.5,14,44,22,浅位,否
7,7,inbound,IN0079,B6T0000000219,E4,145680.0,148877.0,149086.5,209.50000000000009,3197.0,3406.5,14,44,22,深位,否
7,7,inbound,IN0079,B6T0000000219,E4,145680.0,149290.0,149500.5,210.50000000000009,3610.0,3820.5,14,45,20,深位,否
7,7,inbound,IN0079,B6T0000000219,E4,145680.0,149705.0,149925.5,220.50000000000009,4025.0,4245.5,14,49,15,深位,否
7,7,inbound,IN0079,B6T0000000219,E4,145680.0,150140.0,150373.5,233.50000000000009,4460.0,4693.5,14,46,29,深位,否
7,7,inbound,IN0079,B6T0000000219,E4,145680.0,150601.0,150849.5,248.50000000000009,4921.0,5169.5,14,49,29,深位,否
7,7,inbound,IN0079,B6T0000000219,E4,145680.0,151092.0,151342.5,250.50000000000009,5412.0,5662.5,13,43,45,深位,否
7,7,inbound,IN0079,B6T0000000219,E4,145680.0,151587.0,151837.5,250.50000000000009,5907.0,6157.5,14,45,40,深位,否
7,7,inbound,IN0079,B6T0000000219,E4,145680.0,152082.0,152333.5,251.50000000000006,6402.0,6653.5,13,44,43,深位,否
7,7,inbound,IN0033,B6T0000000102,E4,145740.0,152579.0,152835.5,256.5000000000001,6839.0,7095.5,13,47,38,深位,否
7,7,inbound,IN0033,B6T0000000102,E4,145740.0,153086.0,153342.5,256.5000000000001,7346.0,7602.5,13,49,33,深位,否
7,7,outbound,2415,B6T0000001130,E3,172500.0,172500.0,172758.0,258.0000000000001,0.0,258.0,13,34,4,浅位,否
7,7,outbound,2416,B6T0000001130,E3,172500.0,172758.0,173016.0,258.0000000000001,258.0,516.0,13,34,4,深位,否
7,7,outbound,2417,B6T0000001130,E3,172500.0,173016.0,173274.0,258.0000000000001,516.0,774.0,14,34,4,浅位,否
7,7,outbound,2418,B6T0000001130,E3,172500.0,173274.0,173532.0,258.0000000000001,774.0,1032.0,14,34,4,深位,否
7,7,outbound,3208,B6T0000000893,E3,173520.0,173532.0,173834.0,302.00000000000006,12.0,314.0,13,30,23,浅位,否
7,7,outbound,1778,B6T0000001122,E3,173760.0,173834.0,174016.0,182.00000000000003,74.0,256.0,14,23,7,浅位,否
7,7,outbound,1780,B6T0000001122,E3,173760.0,174016.0,174198.0,182.00000000000003,256.0,438.0,14,23,7,深位,否
7,7,outbound,357,B6T0000001370,E1,173100.0,174198.0,174226.0,28.0,1098.0,1126.0,13,3,3,浅位,否
7,7,outbound,351,B6T0000001370,E1,173100.0,174226.0,174254.0,28.0,1126.0,1154.0,13,3,3,深位,否
7,7,outbound,359,B6T0000001370,E1,173100.0,174254.0,174282.0,28.0,1154.0,1182.0,14,3,3,浅位,否
7,7,outbound,353,B6T0000001370,E1,173100.0,174282.0,174310.0,28.0,1182.0,1210.0,14,3,3,深位,否
7,7,outbound,1913,B6T0000000403,E3,174000.0,174310.0,174520.0,210.00000000000003,310.0,520.0,14,28,4,浅位,否
7,7,outbound,995,B6T0000001090,E3,174180.0,174520.0,174626.0,106.0,340.0,446.0,13,11,12,浅位,否
7,7,outbound,996,B6T0000001090,E3,174180.0,174626.0,174732.0,106.0,446.0,552.0,13,11,12,深位,否
7,7,outbound,1000,B6T0000001090,E3,174180.0,174732.0,174838.0,106.0,552.0,658.0,14,11,12,浅位,否
7,7,outbound,997,B6T0000001090,E3,174180.0,174838.0,174944.0,106.0,658.0,764.0,14,11,12,深位,否
7,7,outbound,1914,B6T0000000403,E3,174000.0,174944.0,175154.0,210.00000000000003,944.0,1154.0,14,28,4,深位,否
7,7,outbound,2735,B6T0000000432,E3,173100.0,175154.0,175396.0,242.0,2054.0,2296.0,13,25,18,浅位,否
7,7,outbound,2733,B6T0000000432,E3,173100.0,175396.0,175638.0,242.0,2296.0,2538.0,13,25,18,深位,否
7,7,outbound,3209,B6T0000000893,E3,173520.0,175655.0,175946.0,291.00000000000006,2135.0,2426.0,13,30,23,深位,是
7,7,inbound,IN0537,B6T0000001594,E1,175560.0,175638.0,175655.0,17.0,78.0,95.0,13,3,3,浅位,是
7,7,outbound,3210,B6T0000000893,E3,173520.0,175963.0,176254.0,291.00000000000006,2443.0,2734.0,14,30,23,浅位,是
7,7,inbound,IN0537,B6T0000001594,E1,175560.0,175946.0,175963.0,17.0,386.0,403.0,13,3,3,深位,是
7,7,outbound,3082,B6T0000001138,E3,173160.0,176271.0,176578.0,307.0000000000001,3111.0,3418.0,14,38,11,浅位,是
7,7,inbound,IN0537,B6T0000001594,E1,175560.0,176254.0,176271.0,17.0,694.0,711.0,14,3,3,浅位,是
7,7,outbound,3083,B6T0000001138,E3,173160.0,176595.0,176902.0,307.0000000000001,3435.0,3742.0,14,38,11,深位,是
7,7,inbound,IN0537,B6T0000001594,E1,175560.0,176578.0,176595.0,17.0,1018.0,1035.0,14,3,3,深位,是
7,7,outbound,2214,B6T0000001272,E3,175380.0,176958.0,177074.0,116.0,1578.0,1694.0,13,9,27,浅位,是
7,7,inbound,IN0537,B6T0000001594,E1,175560.0,176902.0,176958.0,56.0,1342.0,1398.0,13,11,12,浅位,是
7,7,outbound,2215,B6T0000001272,E3,175380.0,177130.0,177246.0,116.0,1750.0,1866.0,13,9,27,深位,是
7,7,inbound,IN0537,B6T0000001594,E1,175560.0,177074.0,177130.0,56.0,1514.0,1570.0,13,11,12,深位,是
7,7,outbound,770,B6T0000000843,E3,174120.0,177302.0,177390.0,87.99999999999999,3182.0,3270.0,13,15,5,浅位,是
7,7,inbound,IN0537,B6T0000001594,E1,175560.0,177246.0,177302.0,56.0,1686.0,1742.0,14,11,12,浅位,是
7,7,outbound,769,B6T0000000843,E3,174120.0,177446.0,177534.0,87.99999999999999,3326.0,3414.0,13,15,5,深位,是
7,7,inbound,IN0659,B6T0000001982,E1,175920.0,177390.0,177446.0,56.0,1470.0,1526.0,14,11,12,深位,是
7,7,outbound,768,B6T0000000843,E3,174120.0,177592.0,177650.0,57.99999999999999,3472.0,3530.0,14,15,5,浅位,是
7,7,inbound,IN0659,B6T0000001982,E1,175920.0,177534.0,177592.0,57.99999999999999,1614.0,1672.0,13,15,5,浅位,是
7,7,outbound,765,B6T0000000843,E3,174120.0,177708.0,177766.0,57.99999999999999,3588.0,3646.0,14,15,5,深位,是
7,7,inbound,IN0659,B6T0000001982,E1,175920.0,177650.0,177708.0,57.99999999999999,1730.0,1788.0,13,15,5,深位,是
7,7,outbound,2216,B6T0000001272,E3,175380.0,177766.0,177916.0,150.0,2386.0,2536.0,14,9,27,浅位,否
7,7,outbound,2457,B6T0000001943,E1,181500.0,181668.0,181752.0,84.0,168.0,252.0,13,1,19,浅位,否
7,7,outbound,2455,B6T0000001943,E1,181500.0,181752.0,181836.0,84.0,252.0,336.0,13,1,19,深位,否
7,7,outbound,2456,B6T0000001943,E1,181500.0,181836.0,181920.0,84.0,336.0,420.0,14,1,19,浅位,否
7,7,outbound,2609,B6T0000000322,E3,185040.0,185040.0,185318.0,278.0000000000001,0.0,278.0,14,36,5,浅位,否
7,7,outbound,2610,B6T0000000322,E3,185040.0,185318.0,185596.0,278.0000000000001,278.0,556.0,14,36,5,深位,否
7,7,inbound,IN0282,B6T0000000844,E3,187200.0,187200.0,187258.0,57.99999999999999,0.0,58.0,14,15,5,浅位,否
7,7,inbound,IN0282,B6T0000000844,E3,187200.0,187310.0,187368.0,57.99999999999999,110.0,168.0,14,15,5,深位,否
7,7,outbound,1417,B6T0000000947,E3,188580.0,188580.0,188706.0,126.0,0.0,126.0,14,12,15,浅位,否
7,7,outbound,1428,B6T0000000947,E3,188580.0,188706.0,188832.0,126.0,126.0,252.0,14,12,15,深位,否
7,7,inbound,IN0422,B6T0000001289,E3,189180.0,189180.0,189246.0,66.0,0.0,66.0,14,12,15,浅位,否
7,7,inbound,IN0422,B6T0000001289,E3,189180.0,189306.0,189372.0,66.0,126.0,192.0,14,12,15,深位,否
7,7,inbound,IN0350,B6T0000001086,E3,189240.0,189432.0,189510.0,78.0,192.0,270.0,13,9,27,浅位,否
7,7,inbound,IN0350,B6T0000001086,E3,189240.0,189582.0,189660.0,78.0,342.0,420.0,13,9,27,深位,否
7,7,inbound,IN0350,B6T0000001086,E3,189240.0,189732.0,189810.0,78.0,492.0,570.0,14,9,27,浅位,否
7,7,inbound,IN0350,B6T0000001086,E3,189240.0,189882.0,189976.0,94.00000000000001,642.0,736.0,14,23,7,浅位,否
7,7,inbound,IN0350,B6T0000001086,E3,189240.0,190064.0,190158.0,94.00000000000001,824.0,918.0,14,23,7,深位,否
7,7,outbound,3025,B6T0000000103,E4,190080.0,190291.0,190677.0,386.00000000000017,211.0,597.0,13,44,25,浅位,是
7,7,inbound,IN0455,B6T0000001371,E1,190080.0,190246.0,190291.0,45.0,166.0,211.0,13,1,19,浅位,是
7,7,outbound,3027,B6T0000000103,E4,190080.0,190722.0,191108.0,386.00000000000017,642.0,1028.0,13,44,25,深位,是
7,7,inbound,IN0455,B6T0000001371,E1,190080.0,190677.0,190722.0,45.0,597.0,642.0,13,1,19,深位,是
7,7,outbound,3026,B6T0000000103,E4,190080.0,191216.0,191539.0,323.0000000000001,1136.0,1459.0,14,44,25,浅位,是
7,7,inbound,IN0209,B6T0000000613,E3,189300.0,191108.0,191216.0,108.00000000000001,1808.0,1916.0,14,28,4,浅位,是
7,7,inbound,IN0209,B6T0000000613,E3,189300.0,191539.0,191647.0,108.00000000000001,2239.0,2347.0,14,28,4,深位,否
7,7,inbound,IN0209,B6T0000000613,E3,189300.0,191749.0,191873.0,124.0,2449.0,2573.0,13,25,18,浅位,否
7,7,outbound,3615,B6T0000000449,E3,192720.0,192720.0,193106.0,386.0000000000001,0.0,386.0,13,37,30,浅位,否
7,7,outbound,3614,B6T0000000449,E3,192720.0,193106.0,193492.0,386.0000000000001,386.0,772.0,13,37,30,深位,否
7,7,outbound,2902,B6T0000000326,E3,193500.0,194008.0,194202.0,194.0,508.0,702.0,13,9,38,浅位,否
7,7,outbound,1707,B6T0000001409,E1,194220.0,194220.0,194272.0,52.0,0.0,52.0,14,4,8,浅位,否
7,7,outbound,1708,B6T0000001409,E1,194220.0,194272.0,194324.0,52.0,52.0,104.0,14,4,8,深位,否
7,7,inbound,IN0578,B6T0000001714,E1,194340.0,194340.0,194369.0,29.0,0.0,29.0,14,4,8,浅位,否
7,7,inbound,IN0578,B6T0000001714,E1,194340.0,194392.0,194421.0,29.0,52.0,81.0,14,4,8,深位,否
7,7,inbound,IN0578,B6T0000001714,E1,194340.0,194444.0,194489.0,45.0,104.0,149.0,14,1,19,浅位,否
7,7,outbound,905,B6T0000000411,E3,194580.0,194580.0,194690.0,109.99999999999999,0.0,110.0,14,14,7,浅位,否
7,7,outbound,903,B6T0000000411,E3,194580.0,194690.0,194800.0,109.99999999999999,110.0,220.0,14,14,7,深位,否
7,7,outbound,2487,B6T0000000435,E3,194760.0,194800.0,195070.0,270.0000000000001,40.0,310.0,13,36,3,浅位,否
7,7,outbound,2489,B6T0000000435,E3,194760.0,195070.0,195340.0,270.0000000000001,310.0,580.0,13,36,3,深位,否
7,7,outbound,2488,B6T0000000435,E3,194760.0,195340.0,195610.0,270.0000000000001,580.0,850.0,14,36,3,浅位,否
7,7,outbound,2486,B6T0000000435,E3,194760.0,195610.0,195880.0,270.0000000000001,850.0,1120.0,14,36,3,深位,否
7,7,outbound,1502,B6T0000000905,E3,195660.0,196390.0,196528.0,138.0,730.0,868.0,13,14,14,浅位,否
7,7,outbound,1501,B6T0000000905,E3,195660.0,196528.0,196666.0,138.0,868.0,1006.0,13,14,14,深位,否
7,7,outbound,1500,B6T0000000905,E3,195660.0,196666.0,196804.0,138.0,1006.0,1144.0,14,14,14,浅位,否
7,7,outbound,1499,B6T0000000905,E3,195660.0,196804.0,196942.0,138.0,1144.0,1282.0,14,14,14,深位,否
7,7,outbound,1870,B6T0000000931,E3,194940.0,196942.0,197120.0,178.00000000000003,2002.0,2180.0,13,20,12,浅位,否
7,7,outbound,1869,B6T0000000931,E3,194940.0,197120.0,197298.0,178.00000000000003,2180.0,2358.0,13,20,12,深位,否
7,7,inbound,IN0148,B6T0000000437,E3,198900.0,198900.0,198958.0,57.99999999999999,0.0,58.0,14,14,7,浅位,否
7,7,inbound,IN0148,B6T0000000437,E3,198900.0,199010.0,199068.0,57.99999999999999,110.0,168.0,14,14,7,深位,否
7,7,inbound,IN0148,B6T0000000437,E3,198900.0,199120.0,199192.0,72.0,220.0,292.0,13,14,14,浅位,否
7,7,outbound,1353,B6T0000001367,E1,198960.0,199330.0,199402.0,72.0,370.0,442.0,13,2,7,浅位,是
7,7,inbound,IN0148,B6T0000000437,E3,198900.0,199258.0,199330.0,72.0,358.0,430.0,13,14,14,深位,是
7,7,outbound,1352,B6T0000001367,E1,198960.0,199474.0,199546.0,72.0,514.0,586.0,13,2,7,深位,是
7,7,inbound,IN0148,B6T0000000437,E3,198900.0,199402.0,199474.0,72.0,502.0,574.0,14,14,14,浅位,是
7,7,outbound,1360,B6T0000001367,E1,198960.0,199618.0,199690.0,72.0,658.0,730.0,14,2,7,浅位,是
7,7,inbound,IN0148,B6T0000000437,E3,198900.0,199546.0,199618.0,72.0,646.0,718.0,14,14,14,深位,是
7,7,outbound,1359,B6T0000001367,E1,198960.0,199782.0,199874.0,92.0,822.0,914.0,14,2,7,深位,是
7,7,inbound,IN0148,B6T0000000437,E3,198900.0,199690.0,199782.0,92.00000000000001,790.0,882.0,13,20,12,浅位,是
7,7,outbound,3495,B6T0000000600,E3,199860.0,199966.0,200218.0,252.0,106.0,358.0,14,29,34,浅位,是
7,7,inbound,IN0148,B6T0000000437,E3,198900.0,199874.0,199966.0,92.00000000000001,974.0,1066.0,13,20,12,深位,是
7,7,outbound,3494,B6T0000000600,E3,199860.0,200318.0,200578.0,260.0,458.0,718.0,14,29,34,深位,是
7,7,inbound,IN0148,B6T0000000437,E3,198900.0,200218.0,200318.0,100.0,1318.0,1418.0,13,9,38,浅位,是
7,7,inbound,IN0148,B6T0000000437,E3,198900.0,200578.0,200702.0,124.0,1678.0,1802.0,13,25,18,深位,否
7,7,inbound,IN0148,B6T0000000437,E3,198900.0,200820.0,200948.0,128.00000000000003,1920.0,2048.0,14,30,10,浅位,否
7,7,inbound,IN0148,B6T0000000437,E3,198900.0,201070.0,201198.0,128.00000000000003,2170.0,2298.0,14,30,10,深位,否
7,7,outbound,1147,B6T0000000395,E3,202560.0,204272.0,204402.0,130.0,1712.0,1842.0,13,16,8,浅位,否
7,7,outbound,1148,B6T0000000395,E3,202560.0,204402.0,204532.0,130.0,1842.0,1972.0,13,16,8,深位,否
7,7,outbound,819,B6T0000001427,E1,203940.0,204532.0,204568.0,36.0,592.0,628.0,13,4,4,浅位,否
7,7,outbound,818,B6T0000001427,E1,203940.0,204568.0,204604.0,36.0,628.0,664.0,13,4,4,深位,否
7,7,outbound,817,B6T0000001427,E1,203940.0,204604.0,204640.0,36.0,664.0,700.0,14,4,4,浅位,否
7,7,outbound,816,B6T0000001427,E1,203940.0,204640.0,204676.0,36.0,700.0,736.0,14,4,4,深位,否
7,7,outbound,1138,B6T0000000395,E3,202560.0,204676.0,204806.0,130.0,2116.0,2246.0,14,16,8,浅位,否
7,7,outbound,1139,B6T0000000395,E3,202560.0,204806.0,204936.0,130.0,2246.0,2376.0,14,16,8,深位,否
7,7,outbound,1678,B6T0000001195,E3,213960.0,214984.0,215178.0,194.00000000000003,1024.0,1218.0,13,27,2,浅位,否
7,7,outbound,1679,B6T0000001195,E3,213960.0,215178.0,215372.0,194.00000000000003,1218.0,1412.0,13,27,2,深位,否
7,7,outbound,1684,B6T0000001195,E3,213960.0,215372.0,215566.0,194.00000000000003,1412.0,1606.0,14,27,2,浅位,否
7,7,outbound,1683,B6T0000001195,E3,213960.0,215566.0,215760.0,194.00000000000003,1606.0,1800.0,14,27,2,深位,否
7,7,outbound,324,B6T0000001196,E3,216480.0,216480.0,216570.0,90.0,0.0,90.0,13,12,6,深位,否
7,7,outbound,316,B6T0000001196,E3,216480.0,216570.0,216660.0,90.0,90.0,180.0,14,12,6,浅位,否
7,7,outbound,315,B6T0000001196,E3,216480.0,216660.0,216750.0,90.0,180.0,270.0,14,12,6,深位,否
7,7,inbound,IN0429,B6T0000001304,E3,217320.0,217320.0,217368.0,48.0,0.0,48.0,13,12,6,深位,否
7,7,inbound,IN0429,B6T0000001304,E3,217320.0,217410.0,217458.0,48.0,90.0,138.0,14,12,6,浅位,否
7,7,inbound,IN0429,B6T0000001304,E3,217320.0,217500.0,217548.0,48.0,180.0,228.0,14,12,6,深位,否
7,7,inbound,IN0429,B6T0000001304,E3,217320.0,217590.0,217658.0,68.0,270.0,338.0,13,16,8,浅位,否
7,7,inbound,IN0429,B6T0000001304,E3,217320.0,217720.0,217788.0,68.0,400.0,468.0,13,16,8,深位,否
7,7,inbound,IN0429,B6T0000001304,E3,217320.0,217850.0,217918.0,68.0,530.0,598.0,14,16,8,浅位,否
7,7,inbound,IN0429,B6T0000001304,E3,217320.0,217980.0,218048.0,68.0,660.0,728.0,14,16,8,深位,否
7,7,outbound,3054,B6T0000001938,E1,223920.0,223920.0,224060.0,140.0,0.0,140.0,13,4,30,浅位,否
7,7,outbound,3053,B6T0000001938,E1,223920.0,224060.0,224200.0,140.0,140.0,280.0,13,4,30,深位,否
7,7,outbound,2124,B6T0000001478,E1,223500.0,224200.0,224264.0,64.0,700.0,764.0,13,2,13,浅位,否
7,7,outbound,3052,B6T0000001938,E1,223920.0,224264.0,224404.0,140.0,344.0,484.0,14,4,30,浅位,否
7,7,outbound,2715,B6T0000000081,E4,228060.0,228060.0,228465.0,405.00000000000017,0.0,405.0,13,44,20,浅位,否
7,7,outbound,2713,B6T0000000081,E4,228060.0,228465.0,228870.0,405.00000000000017,405.0,810.0,13,44,20,深位,否
7,7,outbound,2714,B6T0000000081,E4,228060.0,228870.0,229275.0,405.00000000000017,810.0,1215.0,14,44,20,浅位,否
7,7,outbound,2712,B6T0000000081,E4,228060.0,229275.0,229680.0,405.00000000000017,1215.0,1620.0,14,44,20,深位,否
7,7,inbound,IN0461,B6T0000001385,E1,229800.0,229800.0,229821.0,21.0,0.0,21.0,13,4,4,浅位,否
7,7,inbound,IN0461,B6T0000001385,E1,229800.0,229836.0,229857.0,21.0,36.0,57.0,13,4,4,深位,否
7,7,inbound,IN0163,B6T0000000476,E3,231000.0,231000.0,231100.0,100.00000000000001,0.0,100.0,13,27,2,浅位,否
7,7,inbound,IN0163,B6T0000000476,E3,231000.0,231194.0,231294.0,100.00000000000001,194.0,294.0,13,27,2,深位,否
7,7,inbound,IN0351,B6T0000001087,E3,231060.0,231388.0,231488.0,100.00000000000001,328.0,428.0,14,27,2,浅位,否
7,7,inbound,IN0351,B6T0000001087,E3,231060.0,231582.0,231682.0,100.00000000000001,522.0,622.0,14,27,2,深位,否
7,7,inbound,IN0351,B6T0000001087,E3,231060.0,231776.0,231908.0,132.00000000000006,716.0,848.0,13,34,4,浅位,否
7,7,inbound,IN0197,B6T0000000571,E3,231360.0,232034.0,232166.0,132.00000000000006,674.0,806.0,13,34,4,深位,否
7,7,inbound,IN0197,B6T0000000571,E3,231360.0,232292.0,232424.0,132.00000000000006,932.0,1064.0,14,34,4,浅位,否
7,7,inbound,IN0197,B6T0000000571,E3,231360.0,232550.0,232682.0,132.00000000000006,1190.0,1322.0,14,34,4,深位,否
7,7,inbound,IN0197,B6T0000000571,E3,231360.0,232808.0,232946.0,138.00000000000006,1448.0,1586.0,13,36,3,浅位,否
7,7,inbound,IN0197,B6T0000000571,E3,231360.0,233078.0,233216.0,138.00000000000006,1718.0,1856.0,13,36,3,深位,否
7,7,inbound,IN0550,B6T0000001645,E1,233100.0,233348.0,233369.0,21.0,248.0,269.0,14,4,4,浅位,否
7,7,inbound,IN0550,B6T0000001645,E1,233100.0,233384.0,233405.0,21.0,284.0,305.0,14,4,4,深位,否
7,7,inbound,IN0550,B6T0000001645,E1,233100.0,233420.0,233443.0,23.0,320.0,343.0,13,2,7,浅位,否
7,7,inbound,IN0550,B6T0000001645,E1,233100.0,233460.0,233483.0,23.0,360.0,383.0,13,2,7,深位,否
7,7,inbound,IN0550,B6T0000001645,E1,233100.0,233500.0,233523.0,23.0,400.0,423.0,14,2,7,浅位,否
7,7,inbound,IN0550,B6T0000001645,E1,233100.0,233540.0,233563.0,23.0,440.0,463.0,14,2,7,深位,否
7,7,inbound,IN0550,B6T0000001645,E1,233100.0,233580.0,233615.0,35.0,480.0,515.0,13,2,13,浅位,否
7,7,inbound,IN0550,B6T0000001645,E1,233100.0,233644.0,233717.0,73.0,544.0,617.0,13,4,30,浅位,否
7,7,inbound,IN0550,B6T0000001645,E1,233100.0,233784.0,233857.0,73.0,684.0,757.0,13,4,30,深位,否
7,7,inbound,IN0197,B6T0000000571,E3,231360.0,233924.0,234062.0,138.00000000000006,2564.0,2702.0,14,36,3,浅位,否
7,7,inbound,IN0197,B6T0000000571,E3,231360.0,234194.0,234332.0,138.00000000000006,2834.0,2972.0,14,36,3,深位,否
7,7,inbound,IN0197,B6T0000000571,E3,231360.0,234464.0,234606.0,142.00000000000006,3104.0,3246.0,14,36,5,浅位,否
7,7,inbound,IN0197,B6T0000000571,E3,231360.0,234742.0,234884.0,142.00000000000006,3382.0,3524.0,14,36,5,深位,否
7,7,inbound,IN0197,B6T0000000571,E3,231360.0,235020.0,235164.0,144.00000000000006,3660.0,3804.0,13,34,10,浅位,否
7,7,inbound,IN0197,B6T0000000571,E3,231360.0,235302.0,235446.0,144.00000000000006,3942.0,4086.0,13,34,10,深位,否
7,7,inbound,IN0135,B6T0000000403,E3,232440.0,235584.0,235728.0,144.00000000000006,3144.0,3288.0,14,34,10,浅位,否
7,7,inbound,IN0135,B6T0000000403,E3,232440.0,235866.0,236010.0,144.00000000000006,3426.0,3570.0,14,34,10,深位,否
7,7,inbound,IN0135,B6T0000000403,E3,232440.0,236148.0,236302.0,154.00000000000003,3708.0,3862.0,13,30,23,浅位,否
7,7,inbound,IN0135,B6T0000000403,E3,232440.0,236450.0,236604.0,154.00000000000003,4010.0,4164.0,13,30,23,深位,否
7,7,inbound,IN0135,B6T0000000403,E3,232440.0,236752.0,236906.0,154.00000000000003,4312.0,4466.0,14,30,23,浅位,否
7,7,inbound,IN0135,B6T0000000403,E3,232440.0,237054.0,237216.0,162.0,4614.0,4776.0,13,12,63,深位,否
7,7,inbound,IN0135,B6T0000000403,E3,232440.0,237372.0,237534.0,162.0,4932.0,5094.0,13,13,61,浅位,否
7,7,inbound,IN0135,B6T0000000403,E3,232440.0,237690.0,237852.0,162.0,5250.0,5412.0,13,13,61,深位,否
7,7,inbound,IN0135,B6T0000000403,E3,232440.0,238008.0,238170.0,162.0,5568.0,5730.0,13,14,59,浅位,否
7,7,inbound,IN0135,B6T0000000403,E3,232440.0,238326.0,238488.0,162.0,5886.0,6048.0,13,14,59,深位,否
7,7,inbound,IN0135,B6T0000000403,E3,232440.0,238644.0,238806.0,162.0,6204.0,6366.0,13,15,57,浅位,否
7,7,inbound,IN0135,B6T0000000403,E3,232440.0,238962.0,239124.0,162.0,6522.0,6684.0,13,15,57,深位,否
7,7,inbound,IN0596,B6T0000001771,E1,258300.0,258300.0,258373.0,73.0,0.0,73.0,14,4,30,浅位,否
7,7,inbound,IN0596,B6T0000001771,E1,258300.0,258440.0,258515.0,75.0,140.0,215.0,14,2,33,深位,否
7,7,inbound,IN0596,B6T0000001771,E1,258300.0,258584.0,258661.0,77.0,284.0,361.0,13,5,31,浅位,否
7,7,inbound,IN0596,B6T0000001771,E1,258300.0,258732.0,258811.0,79.0,432.0,511.0,14,1,36,深位,否
7,7,inbound,IN0596,B6T0000001771,E1,258300.0,258884.0,258965.0,81.0,584.0,665.0,13,2,36,深位,否
7,7,inbound,IN0596,B6T0000001771,E1,258300.0,259040.0,259121.0,81.0,740.0,821.0,13,5,33,深位,否
7,7,outbound,3384,B6T0000001340,E1,259140.0,259277.0,259366.0,89.0,137.0,226.0,14,5,11,浅位,是
7,7,inbound,IN0596,B6T0000001771,E1,258300.0,259196.0,259277.0,81.0,896.0,977.0,14,3,35,深位,是
7,7,outbound,3385,B6T0000001340,E1,259140.0,259403.0,259440.0,37.0,263.0,300.0,14,5,11,深位,是
7,7,inbound,IN0596,B6T0000001771,E1,258300.0,259366.0,259403.0,37.0,1066.0,1103.0,14,5,11,浅位,是
7,7,inbound,IN0596,B6T0000001771,E1,258300.0,259440.0,259477.0,37.0,1140.0,1177.0,14,5,11,深位,否
7,7,inbound,IN0565,B6T0000001673,E1,258420.0,259508.0,259591.0,83.0,1088.0,1171.0,13,6,33,深位,否
7,7,outbound,3634,B6T0000000476,E3,259560.0,259753.0,260000.0,247.0,193.0,440.0,13,27,2,浅位,是
7,7,inbound,IN0565,B6T0000001673,E1,258420.0,259668.0,259753.0,85.0,1248.0,1333.0,13,5,35,深位,是
7,7,outbound,3635,B6T0000000476,E3,259560.0,260089.0,260348.0,259.0,529.0,788.0,13,27,2,深位,是
7,7,inbound,IN0565,B6T0000001673,E1,258420.0,260000.0,260089.0,89.0,1580.0,1669.0,13,3,39,深位,是
7,7,outbound,1605,B6T0000001610,E1,260160.0,260437.0,260526.0,89.0,277.0,366.0,14,2,8,浅位,是
7,7,inbound,IN0565,B6T0000001673,E1,258420.0,260348.0,260437.0,89.0,1928.0,2017.0,13,5,37,深位,是
7,7,outbound,1610,B6T0000001610,E1,260160.0,260551.0,260576.0,25.0,391.0,416.0,14,2,8,深位,是
7,7,inbound,IN0565,B6T0000001673,E1,258420.0,260526.0,260551.0,25.0,2106.0,2131.0,14,2,8,浅位,是
7,7,outbound,172,B6T0000000810,E3,259440.0,260601.0,260696.0,95.0,1161.0,1256.0,13,14,2,浅位,是
7,7,inbound,IN0565,B6T0000001673,E1,258420.0,260576.0,260601.0,25.0,2156.0,2181.0,14,2,8,深位,是
7,7,outbound,167,B6T0000000810,E3,259440.0,260744.0,260792.0,47.99999999999999,1304.0,1352.0,13,14,2,深位,是
7,7,inbound,IN0565,B6T0000001673,E1,258420.0,260696.0,260744.0,47.99999999999999,2276.0,2324.0,13,14,2,浅位,是
7,7,outbound,153,B6T0000000810,E3,259440.0,260840.0,260888.0,47.99999999999999,1400.0,1448.0,14,14,2,浅位,是
7,7,inbound,IN0565,B6T0000001673,E1,258420.0,260792.0,260840.0,47.99999999999999,2372.0,2420.0,13,14,2,深位,是
7,7,outbound,174,B6T0000000810,E3,259440.0,260936.0,260984.0,47.99999999999999,1496.0,1544.0,14,14,2,深位,是
7,7,inbound,IN0191,B6T0000000552,E3,260880.0,260888.0,260936.0,47.99999999999999,8.0,56.0,14,14,2,浅位,是
7,7,outbound,673,B6T0000001180,E3,259800.0,261032.0,261112.0,80.0,1232.0,1312.0,13,10,10,浅位,是
7,7,inbound,IN0191,B6T0000000552,E3,260880.0,260984.0,261032.0,47.99999999999999,104.0,152.0,14,14,2,深位,是
7,7,outbound,686,B6T0000001180,E3,259800.0,261160.0,261208.0,48.0,1360.0,1408.0,13,10,10,深位,是
7,7,inbound,IN0191,B6T0000000552,E3,260880.0,261112.0,261160.0,48.0,232.0,280.0,13,10,10,浅位,是
7,7,outbound,679,B6T0000001180,E3,259800.0,261256.0,261304.0,48.0,1456.0,1504.0,14,10,10,浅位,是
7,7,inbound,IN0565,B6T0000001673,E1,258420.0,261208.0,261256.0,48.0,2788.0,2836.0,13,10,10,深位,是
7,7,outbound,676,B6T0000001180,E3,259800.0,261352.0,261400.0,48.0,1552.0,1600.0,14,10,10,深位,是
7,7,inbound,IN0585,B6T0000001740,E1,258420.0,261304.0,261352.0,48.0,2884.0,2932.0,14,10,10,浅位,是
7,7,inbound,IN0585,B6T0000001740,E1,258420.0,261400.0,261448.0,48.0,2980.0,3028.0,14,10,10,深位,否
7,7,inbound,IN0585,B6T0000001740,E1,258420.0,261490.0,261579.0,89.0,3070.0,3159.0,14,1,41,深位,否
7,7,inbound,IN0585,B6T0000001740,E1,258420.0,261662.0,261753.0,91.0,3242.0,3333.0,13,1,42,深位,否
7,7,inbound,IN0585,B6T0000001740,E1,258420.0,261838.0,261933.0,95.0,3418.0,3513.0,13,6,39,深位,否
7,7,inbound,IN0585,B6T0000001740,E1,258420.0,262022.0,262119.0,97.0,3602.0,3699.0,13,5,41,浅位,否
7,7,inbound,IN0585,B6T0000001740,E1,258420.0,262210.0,262307.0,97.0,3790.0,3887.0,13,5,41,深位,否
7,7,inbound,IN0585,B6T0000001740,E1,258420.0,262398.0,262497.0,99.0,3978.0,4077.0,14,1,46,深位,否
7,7,inbound,IN0585,B6T0000001740,E1,258420.0,262590.0,262690.0,100.00000000000001,4170.0,4270.0,13,27,2,浅位,否
7,7,outbound,3259,B6T0000000138,E4,262740.0,262884.0,263137.0,253.00000000000017,144.0,397.0,14,45,3,浅位,是
7,7,inbound,IN0585,B6T0000001740,E1,258420.0,262784.0,262884.0,100.00000000000001,4364.0,4464.0,13,27,2,深位,是
7,7,outbound,3258,B6T0000000138,E4,262740.0,263240.0,263662.0,422.0000000000001,500.0,922.0,14,45,3,深位,是
7,7,inbound,IN0443,B6T0000001342,E1,258660.0,263137.0,263240.0,103.0,4477.0,4580.0,13,3,46,深位,是
7,7,inbound,IN0443,B6T0000001342,E1,258660.0,263662.0,263765.0,103.0,5002.0,5105.0,13,7,42,深位,否
7,7,outbound,2273,B6T0000001817,E1,261660.0,263965.0,264068.0,103.0,2305.0,2408.0,13,1,15,浅位,是
7,7,inbound,IN0443,B6T0000001342,E1,258660.0,263862.0,263965.0,103.0,5202.0,5305.0,13,8,41,深位,是
7,7,outbound,2272,B6T0000001817,E1,261660.0,264105.0,264142.0,37.0,2445.0,2482.0,13,1,15,深位,是
7,7,inbound,IN0443,B6T0000001342,E1,258660.0,264068.0,264105.0,37.0,5408.0,5445.0,13,1,15,浅位,是
7,7,outbound,2276,B6T0000001817,E1,261660.0,264179.0,264216.0,37.0,2519.0,2556.0,14,1,15,浅位,是
7,7,inbound,IN0443,B6T0000001342,E1,258660.0,264142.0,264179.0,37.0,5482.0,5519.0,13,1,15,深位,是
7,7,outbound,2275,B6T0000001817,E1,261660.0,264253.0,264290.0,37.0,2593.0,2630.0,14,1,15,深位,是
7,7,inbound,IN0443,B6T0000001342,E1,258660.0,264216.0,264253.0,37.0,5556.0,5593.0,14,1,15,浅位,是
7,7,inbound,IN0443,B6T0000001342,E1,258660.0,264290.0,264327.0,37.0,5630.0,5667.0,14,1,15,深位,否
7,7,inbound,IN0443,B6T0000001342,E1,258660.0,264358.0,264461.0,103.00000000000001,5698.0,5801.0,13,1,48,深位,否
7,7,inbound,IN0443,B6T0000001342,E1,258660.0,264558.0,264665.0,107.0,5898.0,6005.0,13,4,47,深位,否
7,7,inbound,IN0443,B6T0000001342,E1,258660.0,264766.0,264875.0,109.00000000000001,6106.0,6215.0,13,4,48,深位,否
7,7,inbound,IN0443,B6T0000001342,E1,258660.0,264978.0,265091.0,113.0,6318.0,6431.0,14,2,52,深位,否
7,7,inbound,IN0443,B6T0000001342,E1,258660.0,265198.0,265315.0,117.0,6538.0,6655.0,14,4,52,浅位,否
7,7,inbound,IN0443,B6T0000001342,E1,258660.0,265426.0,265543.0,117.0,6766.0,6883.0,14,4,52,深位,否
7,7,inbound,IN0443,B6T0000001342,E1,258660.0,265654.0,265773.0,119.0,6994.0,7113.0,14,1,56,深位,否
7,7,inbound,IN0443,B6T0000001342,E1,258660.0,265886.0,266005.0,119.0,7226.0,7345.0,14,5,52,深位,否
7,7,inbound,IN0499,B6T0000001498,E1,258720.0,266118.0,266237.0,119.0,7398.0,7517.0,14,7,50,深位,否
7,7,inbound,IN0499,B6T0000001498,E1,258720.0,266350.0,266469.0,119.00000000000001,7630.0,7749.0,13,4,53,深位,否
7,7,inbound,IN0472,B6T0000001417,E1,258780.0,266582.0,266703.0,121.0,7802.0,7923.0,13,2,56,深位,否
7,7,outbound,3448,B6T0000000642,E3,266700.0,266939.0,267142.0,203.0,239.0,442.0,13,10,67,浅位,是
7,7,inbound,IN0472,B6T0000001417,E1,258780.0,266818.0,266939.0,121.0,8038.0,8159.0,14,2,56,浅位,是
7,7,outbound,3449,B6T0000000642,E3,266700.0,267318.5,267751.0,432.5000000000001,618.5,1051.0,13,10,67,深位,是
7,7,inbound,IN0027,B6T0000000085,E4,258480.0,267142.0,267318.5,176.50000000000009,8662.0,8838.5,14,45,3,浅位,是
7,7,outbound,272,B6T0000000305,E4,260820.0,267927.5,268104.0,176.5000000000001,7107.5,7284.0,13,43,3,浅位,是
7,7,inbound,IN0027,B6T0000000085,E4,258480.0,267751.0,267927.5,176.50000000000009,9271.0,9447.5,14,45,3,深位,是
7,7,outbound,285,B6T0000000305,E4,261780.0,268270.5,268437.0,166.50000000000009,6490.5,6657.0,13,43,3,深位,是
7,7,inbound,IN0026,B6T0000000081,E4,258660.0,268104.0,268270.5,166.50000000000009,9444.0,9610.5,13,43,3,浅位,是
7,7,outbound,282,B6T0000000305,E4,261780.0,268603.5,268770.0,166.50000000000009,6823.5,6990.0,14,43,3,浅位,是
7,7,inbound,IN0026,B6T0000000081,E4,258660.0,268437.0,268603.5,166.50000000000009,9777.0,9943.5,13,43,3,深位,是
7,7,outbound,283,B6T0000000305,E4,261780.0,268936.5,269103.0,166.50000000000009,7156.5,7323.0,14,43,3,深位,是
7,7,inbound,IN0026,B6T0000000081,E4,258660.0,268770.0,268936.5,166.50000000000009,10110.0,10276.5,14,43,3,浅位,是
7,7,inbound,IN0026,B6T0000000081,E4,258660.0,269103.0,269269.5,166.50000000000009,10443.0,10609.5,14,43,3,深位,否
7,7,inbound,IN0026,B6T0000000081,E4,258660.0,269430.0,269635.5,205.50000000000009,10770.0,10975.5,13,44,20,浅位,否
7,7,inbound,IN0042,B6T0000000120,E4,259020.0,269835.0,270040.5,205.50000000000009,10815.0,11020.5,13,44,20,深位,否
7,7,inbound,IN0042,B6T0000000120,E4,259020.0,270240.0,270445.5,205.50000000000009,11220.0,11425.5,14,44,20,浅位,否
7,7,inbound,IN0042,B6T0000000120,E4,259020.0,270645.0,270850.5,205.50000000000009,11625.0,11830.5,14,44,20,深位,否
7,7,inbound,IN0042,B6T0000000120,E4,259020.0,271050.0,271265.5,215.50000000000009,12030.0,12245.5,13,44,25,浅位,否
7,7,inbound,IN0042,B6T0000000120,E4,259020.0,271475.0,271690.5,215.50000000000009,12455.0,12670.5,13,44,25,深位,否
7,7,inbound,IN0042,B6T0000000120,E4,259020.0,271900.0,272115.5,215.50000000000009,12880.0,13095.5,14,44,25,浅位,否
7,7,inbound,IN0042,B6T0000000120,E4,259020.0,272325.0,272581.5,256.5000000000001,13305.0,13561.5,13,43,48,深位,否
7,7,inbound,IN0042,B6T0000000120,E4,259020.0,272832.0,273088.5,256.5000000000001,13812.0,14068.5,14,43,48,浅位,否
7,7,inbound,IN0060,B6T0000000163,E4,259320.0,273339.0,273595.5,256.5000000000001,14019.0,14275.5,14,43,48,深位,否
7,7,inbound,IN0060,B6T0000000163,E4,259320.0,273846.0,274104.5,258.5000000000001,14526.0,14784.5,13,43,49,浅位,否
7,7,inbound,IN0060,B6T0000000163,E4,259320.0,274357.0,274615.5,258.5000000000001,15037.0,15295.5,13,43,49,深位,否
7,7,inbound,IN0060,B6T0000000163,E4,259320.0,274868.0,275126.5,258.5000000000001,15548.0,15806.5,14,43,49,浅位,否
7,7,outbound,2772,B6T0000000030,E4,280860.0,280860.0,281221.0,361.00000000000017,0.0,361.0,13,44,9,深位,否
7,7,outbound,2773,B6T0000000030,E4,280860.0,281221.0,281582.0,361.00000000000017,361.0,722.0,14,44,9,浅位,否
7,7,outbound,2774,B6T0000000030,E4,280860.0,281582.0,281943.0,361.00000000000017,722.0,1083.0,14,44,9,深位,否
7,7,outbound,3193,B6T0000000864,E3,281220.0,281943.0,282209.0,266.0,723.0,989.0,13,21,32,浅位,否
7,7,outbound,2775,B6T0000000030,E4,280860.0,282209.0,282586.0,377.00000000000017,1349.0,1726.0,14,46,8,深位,否
7,7,outbound,2461,B6T0000000438,E3,284400.0,285384.0,285630.0,246.00000000000006,984.0,1230.0,13,30,9,浅位,否
7,7,outbound,2674,B6T0000000584,E3,288000.0,288598.0,288868.0,270.00000000000006,598.0,868.0,13,33,9,浅位,否
7,7,outbound,2675,B6T0000000584,E3,288000.0,288868.0,289138.0,270.00000000000006,868.0,1138.0,13,33,9,深位,否
7,7,outbound,465,B6T0000001382,E1,295980.0,297620.0,297648.0,28.0,1640.0,1668.0,13,2,4,浅位,否
7,7,outbound,3161,B6T0000000924,E3,304500.0,304500.0,304590.0,90.0,0.0,90.0,13,12,6,浅位,否
7,7,outbound,1526,B6T0000000228,E4,301800.0,306315.0,306670.0,355.00000000000017,4515.0,4870.0,13,43,10,浅位,否
7,7,outbound,1525,B6T0000000228,E4,301800.0,306670.0,307025.0,355.00000000000017,4870.0,5225.0,13,43,10,深位,否
7,7,outbound,1518,B6T0000000228,E4,301800.0,307025.0,307380.0,355.00000000000017,5225.0,5580.0,14,43,10,浅位,否
7,7,inbound,IN0176,B6T0000000508,E3,308700.0,308700.0,308748.0,48.0,0.0,48.0,13,12,6,浅位,否
7,7,inbound,IN0176,B6T0000000508,E3,308700.0,308790.0,308916.0,126.00000000000003,90.0,216.0,13,30,9,浅位,否
7,7,inbound,IN0176,B6T0000000508,E3,308700.0,309036.0,309172.0,136.0,336.0,472.0,13,21,32,浅位,否
7,7,inbound,IN0176,B6T0000000508,E3,308700.0,309302.0,309440.0,138.00000000000003,602.0,740.0,13,33,9,浅位,否
7,7,inbound,IN0176,B6T0000000508,E3,308700.0,309572.0,309710.0,138.00000000000003,872.0,1010.0,13,33,9,深位,否
7,7,inbound,IN0176,B6T0000000508,E3,308700.0,309842.0,310004.0,162.0,1142.0,1304.0,13,10,67,浅位,否
7,7,inbound,IN0176,B6T0000000508,E3,308700.0,310160.0,310322.0,162.0,1460.0,1622.0,13,10,67,深位,否
7,7,inbound,IN0176,B6T0000000508,E3,308700.0,310478.0,310640.0,162.0,1778.0,1940.0,14,10,67,浅位,否
7,7,inbound,IN0176,B6T0000000508,E3,308700.0,310796.0,310958.0,162.0,2096.0,2258.0,14,10,67,深位,否
7,7,outbound,3414,B6T0000000880,E3,310920.0,311131.0,311250.0,119.0,211.0,330.0,13,17,6,浅位,是
7,7,inbound,IN0510,B6T0000001531,E1,310920.0,311114.0,311131.0,17.0,194.0,211.0,13,2,4,浅位,是
7,7,outbound,3415,B6T0000000880,E3,310920.0,311318.0,311386.0,68.0,398.0,466.0,13,17,6,深位,是
7,7,inbound,IN0510,B6T0000001531,E1,310920.0,311250.0,311318.0,68.0,330.0,398.0,13,17,6,浅位,是
7,7,inbound,IN0510,B6T0000001531,E1,310920.0,311386.0,311454.0,68.0,466.0,534.0,13,17,6,深位,否
7,7,inbound,IN0510,B6T0000001531,E1,310920.0,311516.0,311637.0,121.0,596.0,717.0,14,2,56,深位,否
7,7,inbound,IN0510,B6T0000001531,E1,310920.0,311752.0,311875.0,123.0,832.0,955.0,14,5,54,深位,否
7,7,inbound,IN0510,B6T0000001531,E1,310920.0,311992.0,312117.0,125.0,1072.0,1197.0,13,1,59,浅位,否
7,7,inbound,IN0176,B6T0000000508,E3,308700.0,312236.0,312398.0,162.0,3536.0,3698.0,14,11,65,浅位,否
7,7,inbound,IN0176,B6T0000000508,E3,308700.0,312554.0,312716.0,162.0,3854.0,4016.0,14,11,65,深位,否
7,7,inbound,IN0176,B6T0000000508,E3,308700.0,312872.0,313034.0,162.0,4172.0,4334.0,14,12,63,浅位,否
7,7,inbound,IN0176,B6T0000000508,E3,308700.0,313190.0,313352.0,162.0,4490.0,4652.0,14,12,63,深位,否
7,7,inbound,IN0176,B6T0000000508,E3,308700.0,313508.0,313670.0,162.0,4808.0,4970.0,14,13,61,浅位,否
7,7,outbound,2778,B6T0000001508,E1,313560.0,313988.0,314150.0,162.0,428.0,590.0,14,6,23,浅位,是
7,7,inbound,IN0176,B6T0000000508,E3,308700.0,313826.0,313988.0,162.0,5126.0,5288.0,14,13,61,深位,是
7,7,outbound,2779,B6T0000001508,E1,313560.0,314312.0,314474.0,162.0,752.0,914.0,14,6,23,深位,是
7,7,inbound,IN0176,B6T0000000508,E3,308700.0,314150.0,314312.0,162.0,5450.0,5612.0,14,14,59,浅位,是
7,7,inbound,IN0176,B6T0000000508,E3,308700.0,314474.0,314636.0,162.0,5774.0,5936.0,14,14,59,深位,否
7,7,inbound,IN0176,B6T0000000508,E3,308700.0,314792.0,314954.0,162.0,6092.0,6254.0,14,15,57,浅位,否
7,7,inbound,IN0176,B6T0000000508,E3,308700.0,315110.0,315272.0,162.0,6410.0,6572.0,14,15,57,深位,否
7,7,inbound,IN0176,B6T0000000508,E3,308700.0,315428.0,315590.0,162.00000000000006,6728.0,6890.0,14,38,11,浅位,否
7,7,outbound,1787,B6T0000001685,E1,313920.0,315908.0,316070.0,162.00000000000006,1988.0,2150.0,13,5,8,浅位,是
7,7,inbound,IN0176,B6T0000000508,E3,308700.0,315746.0,315908.0,162.00000000000006,7046.0,7208.0,14,38,11,深位,是
7,7,outbound,1789,B6T0000001685,E1,313920.0,316234.0,316398.0,164.0,2314.0,2478.0,13,5,8,深位,是
7,7,inbound,IN0176,B6T0000000508,E3,308700.0,316070.0,316234.0,164.0,7370.0,7534.0,13,10,68,浅位,是
7,7,outbound,1795,B6T0000001685,E1,313920.0,316562.0,316726.0,164.0,2642.0,2806.0,14,5,8,浅位,是
7,7,inbound,IN0176,B6T0000000508,E3,308700.0,316398.0,316562.0,164.0,7698.0,7862.0,13,10,68,深位,是
7,7,outbound,238,B6T0000000581,E3,311640.0,316890.0,317054.0,164.0,5250.0,5414.0,13,9,9,浅位,是
7,7,inbound,IN0176,B6T0000000508,E3,308700.0,316726.0,316890.0,164.0,8026.0,8190.0,13,11,66,浅位,是
7,7,outbound,237,B6T0000000581,E3,311640.0,317096.0,317138.0,42.0,5456.0,5498.0,13,9,9,深位,是
7,7,inbound,IN0176,B6T0000000508,E3,308700.0,317054.0,317096.0,42.0,8354.0,8396.0,13,9,9,浅位,是
7,7,outbound,251,B6T0000000581,E3,311640.0,317180.0,317222.0,42.0,5540.0,5582.0,14,9,9,浅位,是
7,7,inbound,IN0176,B6T0000000508,E3,308700.0,317138.0,317180.0,42.0,8438.0,8480.0,13,9,9,深位,是
7,7,outbound,235,B6T0000000581,E3,311640.0,317264.0,317306.0,42.0,5624.0,5666.0,14,9,9,深位,是
7,7,inbound,IN0176,B6T0000000508,E3,308700.0,317222.0,317264.0,42.0,8522.0,8564.0,14,9,9,浅位,是
7,7,outbound,3334,B6T0000001070,E3,315720.0,317348.0,317446.0,98.0,1628.0,1726.0,13,16,2,浅位,是
7,7,inbound,IN0176,B6T0000000508,E3,308700.0,317306.0,317348.0,42.0,8606.0,8648.0,14,9,9,深位,是
7,7,outbound,3335,B6T0000001070,E3,315720.0,317502.0,317558.0,55.99999999999999,1782.0,1838.0,13,16,2,深位,是
7,7,inbound,IN0176,B6T0000000508,E3,308700.0,317446.0,317502.0,55.99999999999999,8746.0,8802.0,13,16,2,浅位,是
7,7,outbound,3121,B6T0000001982,E1,315540.0,317614.0,317710.0,96.0,2074.0,2170.0,14,11,12,深位,是
7,7,inbound,IN0176,B6T0000000508,E3,308700.0,317558.0,317614.0,55.99999999999999,8858.0,8914.0,13,16,2,深位,是
7,7,outbound,296,B6T0000001196,E3,309300.0,317766.0,317838.0,72.0,8466.0,8538.0,13,13,5,浅位,是
7,7,inbound,IN0176,B6T0000000508,E3,308700.0,317710.0,317766.0,56.0,9010.0,9066.0,14,11,12,深位,是
7,7,outbound,295,B6T0000001196,E3,309300.0,317888.0,317938.0,50.0,8588.0,8638.0,13,13,5,深位,是
7,7,inbound,IN0176,B6T0000000508,E3,308700.0,317838.0,317888.0,50.0,9138.0,9188.0,13,13,5,浅位,是
7,7,outbound,294,B6T0000001196,E3,309300.0,317988.0,318038.0,50.0,8688.0,8738.0,14,13,5,浅位,是
7,7,inbound,IN0176,B6T0000000508,E3,308700.0,317938.0,317988.0,50.0,9238.0,9288.0,13,13,5,深位,是
7,7,outbound,300,B6T0000001196,E3,309300.0,318088.0,318138.0,50.0,8788.0,8838.0,14,13,5,深位,是
7,7,inbound,IN0176,B6T0000000508,E3,308700.0,318038.0,318088.0,50.0,9338.0,9388.0,14,13,5,浅位,是
7,7,outbound,3122,B6T0000001982,E1,315540.0,318188.0,318254.0,65.99999999999999,2648.0,2714.0,13,15,5,浅位,是
7,7,inbound,IN0176,B6T0000000508,E3,308700.0,318138.0,318188.0,50.0,9438.0,9488.0,14,13,5,深位,是
7,7,outbound,3123,B6T0000001982,E1,315540.0,318312.0,318370.0,57.99999999999999,2772.0,2830.0,13,15,5,深位,是
7,7,inbound,IN0176,B6T0000000508,E3,308700.0,318254.0,318312.0,57.99999999999999,9554.0,9612.0,13,15,5,浅位,是
7,7,inbound,IN0176,B6T0000000508,E3,308700.0,318370.0,318428.0,57.99999999999999,9670.0,9728.0,13,15,5,深位,否
7,7,inbound,IN0176,B6T0000000508,E3,308700.0,318480.0,318644.0,164.0,9780.0,9944.0,13,11,66,深位,否
7,7,outbound,501,B6T0000001101,E3,309960.0,319241.0,319335.0,94.0,9281.0,9375.0,13,12,7,浅位,否
7,7,outbound,502,B6T0000001101,E3,309960.0,319335.0,319429.0,94.0,9375.0,9469.0,13,12,7,深位,否
7,7,outbound,508,B6T0000001101,E3,309960.0,319429.0,319523.0,94.0,9469.0,9563.0,14,12,7,浅位,否
7,7,outbound,512,B6T0000001101,E3,309960.0,319523.0,319617.0,94.0,9563.0,9657.0,14,12,7,深位,否
7,7,outbound,1639,B6T0000001117,E3,308820.0,319817.0,319955.0,138.0,10997.0,11135.0,13,13,16,浅位,否
7,7,outbound,1637,B6T0000001117,E3,308820.0,319955.0,320093.0,138.0,11135.0,11273.0,13,13,16,深位,否
7,7,inbound,IN0629,B6T0000001882,E1,343380.0,343380.0,343411.0,31.0,0.0,31.0,13,5,8,浅位,否
7,7,inbound,IN0629,B6T0000001882,E1,343380.0,343436.0,343467.0,31.0,56.0,87.0,13,5,8,深位,否
7,7,inbound,IN0629,B6T0000001882,E1,343380.0,343492.0,343523.0,31.0,112.0,143.0,14,5,8,浅位,否
7,7,inbound,IN0629,B6T0000001882,E1,343380.0,343548.0,343598.0,50.0,168.0,218.0,13,12,7,浅位,否
7,7,inbound,IN0629,B6T0000001882,E1,343380.0,343642.0,343692.0,50.0,262.0,312.0,13,12,7,深位,否
7,7,inbound,IN0421,B6T0000001287,E3,344280.0,344280.0,344330.0,50.0,0.0,50.0,14,12,7,浅位,否
7,7,inbound,IN0421,B6T0000001287,E3,344280.0,344374.0,344424.0,50.0,94.0,144.0,14,12,7,深位,否
7,7,outbound,2739,B6T0000001280,E3,345720.0,345720.0,345830.0,110.0,0.0,110.0,13,17,1,浅位,否
7,7,outbound,2738,B6T0000001280,E3,345720.0,345830.0,345940.0,110.0,110.0,220.0,13,17,1,深位,否
7,7,outbound,2737,B6T0000001280,E3,345720.0,345940.0,346050.0,110.0,220.0,330.0,14,17,1,浅位,否
7,7,outbound,1989,B6T0000000186,E4,346080.0,346080.0,346455.0,375.00000000000017,0.0,375.0,14,45,10,浅位,否
7,7,outbound,2635,B6T0000001335,E1,346440.0,346455.0,346491.0,36.0,15.0,51.0,14,1,7,深位,否
7,7,outbound,2632,B6T0000001335,E1,346440.0,346491.0,346547.0,56.0,51.0,107.0,13,3,10,深位,否
7,7,outbound,2633,B6T0000001335,E1,346440.0,346547.0,346603.0,56.00000000000001,107.0,163.0,13,1,12,深位,否
7,7,outbound,2634,B6T0000001335,E1,346440.0,346603.0,346663.0,60.0,163.0,223.0,13,1,13,深位,否
7,7,outbound,186,B6T0000000932,E3,345480.0,346663.0,346757.0,93.99999999999999,1183.0,1277.0,13,15,1,浅位,否
7,7,outbound,1990,B6T0000000186,E4,346080.0,346757.0,347132.0,375.00000000000017,677.0,1052.0,14,45,10,深位,否
7,7,outbound,3285,B6T0000001287,E3,347760.0,347760.0,347854.0,94.0,0.0,94.0,14,12,7,浅位,否
7,7,outbound,1771,B6T0000001573,E1,347160.0,347854.0,347906.0,52.0,694.0,746.0,13,3,9,浅位,否
7,7,outbound,1769,B6T0000001573,E1,347160.0,347906.0,347958.0,52.0,746.0,798.0,13,3,9,深位,否
7,7,outbound,1768,B6T0000001573,E1,347160.0,347958.0,348010.0,52.0,798.0,850.0,14,3,9,浅位,否
7,7,outbound,1767,B6T0000001573,E1,347160.0,348010.0,348062.0,52.0,850.0,902.0,14,3,9,深位,否
7,7,outbound,3284,B6T0000001287,E3,347760.0,348062.0,348156.0,94.0,302.0,396.0,14,12,7,深位,否
7,7,outbound,948,B6T0000000445,E3,348420.0,350399.0,350505.0,106.0,1979.0,2085.0,13,12,10,浅位,否
7,7,inbound,IN0332,B6T0000001025,E3,354600.0,354600.0,354650.0,49.99999999999999,0.0,50.0,13,15,1,浅位,否
7,7,inbound,IN0332,B6T0000001025,E3,354600.0,354694.0,354744.0,50.0,94.0,144.0,14,12,7,浅位,否
7,7,inbound,IN0332,B6T0000001025,E3,354600.0,354788.0,354838.0,50.0,188.0,238.0,14,12,7,深位,否
7,7,inbound,IN0332,B6T0000001025,E3,354600.0,354882.0,354938.0,56.0,282.0,338.0,13,12,10,浅位,否
7,7,inbound,IN0272,B6T0000000818,E3,358020.0,358020.0,358078.0,58.0,0.0,58.0,13,17,1,浅位,否
7,7,inbound,IN0272,B6T0000000818,E3,358020.0,358130.0,358188.0,58.0,110.0,168.0,13,17,1,深位,否
7,7,inbound,IN0273,B6T0000000821,E3,358440.0,358440.0,358498.0,58.0,0.0,58.0,14,17,1,浅位,否
7,7,inbound,IN0273,B6T0000000821,E3,358440.0,358550.0,358622.0,72.0,110.0,182.0,13,13,16,浅位,否
7,7,inbound,IN0273,B6T0000000821,E3,358440.0,358688.0,358760.0,72.0,248.0,320.0,13,13,16,深位,否
7,7,outbound,144,B6T0000000154,E4,345840.0,360802.0,361131.0,329.00000000000017,14962.0,15291.0,13,44,1,浅位,否
7,7,outbound,141,B6T0000000154,E4,345840.0,361131.0,361460.0,329.00000000000017,15291.0,15620.0,13,44,1,深位,否
7,7,outbound,2414,B6T0000001594,E1,361260.0,361481.0,361510.0,29.0,221.0,250.0,13,3,3,浅位,是
7,7,inbound,IN0558,B6T0000001657,E1,361200.0,361460.0,361481.0,21.0,260.0,281.0,14,1,7,深位,是
7,7,outbound,2413,B6T0000001594,E1,361260.0,361527.0,361544.0,17.0,267.0,284.0,13,3,3,深位,是
7,7,inbound,IN0558,B6T0000001657,E1,361200.0,361510.0,361527.0,17.0,310.0,327.0,13,3,3,浅位,是
7,7,outbound,2412,B6T0000001594,E1,361260.0,361544.0,361572.0,28.0,284.0,312.0,14,3,3,浅位,否
7,7,outbound,2411,B6T0000001594,E1,361260.0,361572.0,361600.0,28.0,312.0,340.0,14,3,3,深位,否
7,7,outbound,134,B6T0000000154,E4,345840.0,361600.0,361929.0,329.00000000000017,15760.0,16089.0,14,44,1,浅位,否
7,7,inbound,IN0651,B6T0000001966,E1,362940.0,362940.0,362957.0,17.0,0.0,17.0,13,3,3,深位,否
7,7,inbound,IN0651,B6T0000001966,E1,362940.0,362968.0,362985.0,17.0,28.0,45.0,14,3,3,浅位,否
7,7,inbound,IN0655,B6T0000001974,E1,367380.0,367380.0,367397.0,17.0,0.0,17.0,14,3,3,深位,否
7,7,inbound,IN0655,B6T0000001974,E1,367380.0,367408.0,367437.0,29.0,28.0,57.0,13,3,9,浅位,否
7,7,outbound,925,B6T0000000508,E3,368880.0,368880.0,368958.0,78.0,0.0,78.0,13,9,9,浅位,否
7,7,outbound,932,B6T0000000508,E3,368880.0,368958.0,369036.0,78.0,78.0,156.0,13,9,9,深位,否
7,7,outbound,929,B6T0000000508,E3,368880.0,369036.0,369114.0,78.0,156.0,234.0,14,9,9,浅位,否
7,7,outbound,928,B6T0000000508,E3,368880.0,369114.0,369192.0,78.0,234.0,312.0,14,9,9,深位,否
7,7,outbound,927,B6T0000000508,E3,368880.0,369192.0,369282.0,90.0,312.0,402.0,13,12,6,浅位,否
7,7,outbound,924,B6T0000000508,E3,368880.0,369812.0,369906.0,94.0,932.0,1026.0,13,13,5,浅位,否
7,7,outbound,923,B6T0000000508,E3,368880.0,369906.0,370000.0,94.0,1026.0,1120.0,13,13,5,深位,否
7,7,outbound,930,B6T0000000508,E3,368880.0,370000.0,370094.0,94.0,1120.0,1214.0,14,13,5,浅位,否
7,7,outbound,931,B6T0000000508,E3,368880.0,370094.0,370188.0,94.0,1214.0,1308.0,14,13,5,深位,否
7,7,inbound,IN0140,B6T0000000418,E3,373980.0,373980.0,374022.0,42.0,0.0,42.0,13,9,9,浅位,否
7,7,inbound,IN0140,B6T0000000418,E3,373980.0,374058.0,374100.0,42.0,78.0,120.0,13,9,9,深位,否
7,7,inbound,IN0140,B6T0000000418,E3,373980.0,374136.0,374178.0,42.0,156.0,198.0,14,9,9,浅位,否
7,7,inbound,IN0140,B6T0000000418,E3,373980.0,374214.0,374256.0,42.0,234.0,276.0,14,9,9,深位,否
7,7,inbound,IN0140,B6T0000000418,E3,373980.0,374292.0,374340.0,48.0,312.0,360.0,13,12,6,浅位,否
7,7,inbound,IN0140,B6T0000000418,E3,373980.0,374382.0,374432.0,50.0,402.0,452.0,13,13,5,浅位,否
7,7,inbound,IN0140,B6T0000000418,E3,373980.0,374476.0,374526.0,50.0,496.0,546.0,13,13,5,深位,否
7,7,outbound,1651,B6T0000000735,E3,374040.0,374684.0,374830.0,146.0,644.0,790.0,13,15,14,浅位,否
7,7,outbound,1650,B6T0000000735,E3,374040.0,374830.0,374976.0,146.0,790.0,936.0,13,15,14,深位,否
7,7,outbound,1646,B6T0000000735,E3,374040.0,374976.0,375122.0,146.0,936.0,1082.0,14,15,14,浅位,否
7,7,outbound,1647,B6T0000000735,E3,374040.0,375122.0,375268.0,146.0,1082.0,1228.0,14,15,14,深位,否
7,7,outbound,3237,B6T0000001819,E1,376260.0,376260.0,376328.0,68.0,0.0,68.0,13,2,14,深位,否
7,7,outbound,3236,B6T0000001819,E1,376260.0,376328.0,376396.0,68.0,68.0,136.0,13,6,10,深位,否
7,7,inbound,IN0207,B6T0000000607,E3,377220.0,377220.0,377270.0,50.0,0.0,50.0,14,13,5,浅位,否
7,7,inbound,IN0207,B6T0000000607,E3,377220.0,377314.0,377364.0,50.0,94.0,144.0,14,13,5,深位,否
7,7,outbound,102,B6T0000000261,E4,375660.0,378212.0,378531.0,319.00000000000017,2552.0,2871.0,13,43,1,浅位,否
7,7,outbound,101,B6T0000000261,E4,375660.0,378531.0,378850.0,319.00000000000017,2871.0,3190.0,13,43,1,深位,否
7,7,outbound,96,B6T0000000261,E4,375660.0,378850.0,379169.0,319.00000000000017,3190.0,3509.0,14,43,1,浅位,否
7,7,outbound,99,B6T0000000261,E4,375660.0,379169.0,379488.0,319.00000000000017,3509.0,3828.0,14,43,1,深位,否
7,7,outbound,1987,B6T0000001870,E1,380640.0,381490.0,381550.0,60.0,850.0,910.0,13,3,11,浅位,否
7,7,outbound,1985,B6T0000001870,E1,380640.0,381550.0,381610.0,60.0,910.0,970.0,13,3,11,深位,否
7,7,outbound,1984,B6T0000001870,E1,380640.0,381610.0,381670.0,60.0,970.0,1030.0,14,3,11,浅位,否
7,7,outbound,1988,B6T0000001870,E1,380640.0,381670.0,381730.0,60.0,1030.0,1090.0,14,3,11,深位,否
7,7,inbound,IN0636,B6T0000001922,E1,384900.0,384900.0,384929.0,29.0,0.0,29.0,13,3,9,深位,否
7,7,inbound,IN0636,B6T0000001922,E1,384900.0,384952.0,384981.0,29.0,52.0,81.0,14,3,9,浅位,否
7,7,inbound,IN0636,B6T0000001922,E1,384900.0,385004.0,385033.0,29.0,104.0,133.0,14,3,9,深位,否
7,7,inbound,IN0636,B6T0000001922,E1,384900.0,385056.0,385087.0,31.0,156.0,187.0,13,3,10,深位,否
7,7,inbound,IN0636,B6T0000001922,E1,384900.0,385112.0,385143.0,31.000000000000004,212.0,243.0,13,1,12,深位,否
7,7,inbound,IN0636,B6T0000001922,E1,384900.0,385168.0,385201.0,33.0,268.0,301.0,13,1,13,深位,否
7,7,outbound,2113,B6T0000001146,E3,385740.0,385740.0,385878.0,138.0,0.0,138.0,13,19,4,浅位,否
7,7,outbound,2114,B6T0000001146,E3,385740.0,385878.0,386016.0,138.0,138.0,276.0,13,19,4,深位,否
7,7,outbound,2115,B6T0000001146,E3,385740.0,386016.0,386154.0,138.0,276.0,414.0,14,19,4,浅位,否
7,7,outbound,2116,B6T0000001146,E3,385740.0,386154.0,386292.0,138.0,414.0,552.0,14,19,4,深位,否
7,7,inbound,IN0083,B6T0000000224,E4,387300.0,387300.0,387462.5,162.50000000000009,0.0,162.5,13,43,1,浅位,否
7,7,inbound,IN0083,B6T0000000224,E4,387300.0,387619.0,387781.5,162.50000000000009,319.0,481.5,13,43,1,深位,否
7,7,inbound,IN0104,B6T0000000301,E4,388380.0,388380.0,388542.5,162.50000000000009,0.0,162.5,14,43,1,浅位,否
7,7,inbound,IN0104,B6T0000000301,E4,388380.0,388699.0,388861.5,162.50000000000009,319.0,481.5,14,43,1,深位,否
7,7,inbound,IN0104,B6T0000000301,E4,388380.0,389018.0,389185.5,167.50000000000009,638.0,805.5,13,44,1,浅位,否
7,7,inbound,IN0104,B6T0000000301,E4,388380.0,389347.0,389514.5,167.50000000000009,967.0,1134.5,13,44,1,深位,否
7,7,inbound,IN0397,B6T0000001205,E3,390000.0,390000.0,390072.0,72.0,0.0,72.0,13,19,4,浅位,否
7,7,inbound,IN0397,B6T0000001205,E3,390000.0,390138.0,390210.0,72.0,138.0,210.0,13,19,4,深位,否
7,7,inbound,IN0397,B6T0000001205,E3,390000.0,390276.0,390348.0,72.0,276.0,348.0,14,19,4,浅位,否
7,7,inbound,IN0397,B6T0000001205,E3,390000.0,390414.0,390486.0,72.0,414.0,486.0,14,19,4,深位,否
7,7,inbound,IN0397,B6T0000001205,E3,390000.0,390552.0,390628.0,76.0,552.0,628.0,13,15,14,浅位,否
7,7,inbound,IN0397,B6T0000001205,E3,390000.0,390698.0,390774.0,76.0,698.0,774.0,13,15,14,深位,否
7,7,inbound,IN0397,B6T0000001205,E3,390000.0,390844.0,390920.0,76.0,844.0,920.0,14,15,14,浅位,否
7,7,inbound,IN0397,B6T0000001205,E3,390000.0,390990.0,391066.0,76.0,990.0,1066.0,14,15,14,深位,否
7,7,inbound,IN0397,B6T0000001205,E3,390000.0,391136.0,391300.0,164.0,1136.0,1300.0,13,12,64,浅位,否
7,7,outbound,2968,B6T0000000301,E4,391980.0,391980.0,392299.0,319.00000000000017,0.0,319.0,14,43,1,浅位,否
7,7,outbound,2970,B6T0000000301,E4,391980.0,392332.0,392664.0,332.00000000000017,352.0,684.0,14,43,1,深位,是
7,7,inbound,IN0436,B6T0000001323,E1,392280.0,392299.0,392332.0,33.0,19.0,52.0,13,3,11,浅位,是
7,7,outbound,2969,B6T0000000301,E4,391980.0,392697.0,393039.0,342.00000000000017,717.0,1059.0,13,44,1,浅位,是
7,7,inbound,IN0436,B6T0000001323,E1,392280.0,392664.0,392697.0,33.0,384.0,417.0,13,3,11,深位,是
7,7,inbound,IN0620,B6T0000001838,E1,392400.0,393039.0,393072.0,33.0,639.0,672.0,14,3,11,浅位,否
7,7,inbound,IN0620,B6T0000001838,E1,392400.0,393099.0,393132.0,33.0,699.0,732.0,14,3,11,深位,否
7,7,inbound,IN0620,B6T0000001838,E1,392400.0,393159.0,393196.0,37.0,759.0,796.0,13,2,14,深位,否
7,7,inbound,IN0620,B6T0000001838,E1,392400.0,393227.0,393264.0,37.0,827.0,864.0,13,6,10,深位,否
7,7,inbound,IN0620,B6T0000001838,E1,392400.0,393295.0,393358.0,63.0,895.0,958.0,14,6,23,浅位,否
7,7,inbound,IN0620,B6T0000001838,E1,392400.0,393415.0,393478.0,63.0,1015.0,1078.0,14,6,23,深位,否
7,7,inbound,IN0620,B6T0000001838,E1,392400.0,393535.0,393660.0,125.0,1135.0,1260.0,13,1,59,深位,否
7,7,inbound,IN0620,B6T0000001838,E1,392400.0,393779.0,393904.0,125.0,1379.0,1504.0,13,8,52,深位,否
7,7,inbound,IN0620,B6T0000001838,E1,392400.0,394023.0,394148.0,125.0,1623.0,1748.0,14,1,59,浅位,否
7,7,inbound,IN0620,B6T0000001838,E1,392400.0,394267.0,394392.0,125.0,1867.0,1992.0,14,1,59,深位,否
7,7,inbound,IN0465,B6T0000001399,E1,392820.0,394511.0,394638.0,127.0,1691.0,1818.0,13,1,60,浅位,否
7,7,inbound,IN0465,B6T0000001399,E1,392820.0,394759.0,394886.0,127.0,1939.0,2066.0,13,1,60,深位,否
7,7,inbound,IN0465,B6T0000001399,E1,392820.0,395007.0,395134.0,127.0,2187.0,2314.0,13,2,59,浅位,否
7,7,inbound,IN0465,B6T0000001399,E1,392820.0,395255.0,395382.0,127.0,2435.0,2562.0,13,2,59,深位,否
7,7,inbound,IN0465,B6T0000001399,E1,392820.0,395503.0,395630.0,127.0,2683.0,2810.0,13,4,57,浅位,否
7,7,inbound,IN0465,B6T0000001399,E1,392820.0,395751.0,395878.0,127.0,2931.0,3058.0,13,4,57,深位,否
7,7,inbound,IN0465,B6T0000001399,E1,392820.0,395999.0,396126.0,127.0,3179.0,3306.0,14,1,60,浅位,否
7,7,inbound,IN0250,B6T0000000735,E3,397020.0,397020.0,397182.5,162.50000000000009,0.0,162.5,14,43,1,浅位,否
7,7,inbound,IN0250,B6T0000000735,E3,397020.0,397339.0,397501.5,162.50000000000009,319.0,481.5,14,43,1,深位,否
7,7,inbound,IN0250,B6T0000000735,E3,397020.0,397658.0,397822.0,164.0,638.0,802.0,13,12,64,深位,否
7,7,inbound,IN0250,B6T0000000735,E3,397020.0,397980.0,398144.0,164.0,960.0,1124.0,13,13,62,浅位,否
7,7,inbound,IN0250,B6T0000000735,E3,397020.0,398302.0,398466.0,164.0,1282.0,1446.0,13,13,62,深位,否
7,7,inbound,IN0250,B6T0000000735,E3,397020.0,398624.0,398788.0,164.0,1604.0,1768.0,13,14,60,浅位,否
7,7,outbound,947,B6T0000000445,E3,398640.0,399110.0,399274.0,164.0,470.0,634.0,13,12,10,深位,是
7,7,inbound,IN0250,B6T0000000735,E3,397020.0,398946.0,399110.0,164.0,1926.0,2090.0,13,14,60,深位,是
7,7,outbound,2441,B6T0000001304,E3,399000.0,399330.0,399386.0,56.0,330.0,386.0,13,12,6,深位,是
7,7,inbound,IN0250,B6T0000000735,E3,397020.0,399274.0,399330.0,56.0,2254.0,2310.0,13,12,10,深位,是
7,7,outbound,2442,B6T0000001304,E3,399000.0,399434.0,399482.0,48.0,434.0,482.0,14,12,6,浅位,是
7,7,inbound,IN0312,B6T0000000939,E3,399300.0,399386.0,399434.0,48.0,86.0,134.0,13,12,6,深位,是
7,7,outbound,2440,B6T0000001304,E3,399000.0,399530.0,399578.0,48.0,530.0,578.0,14,12,6,深位,是
7,7,inbound,IN0312,B6T0000000939,E3,399300.0,399482.0,399530.0,48.0,182.0,230.0,14,12,6,浅位,是
7,7,outbound,2443,B6T0000001304,E3,399000.0,399626.0,399714.0,87.99999999999999,626.0,714.0,13,16,8,浅位,是
7,7,inbound,IN0312,B6T0000000939,E3,399300.0,399578.0,399626.0,48.0,278.0,326.0,14,12,6,深位,是
7,7,outbound,2444,B6T0000001304,E3,399000.0,399782.0,399850.0,68.0,782.0,850.0,13,16,8,深位,是
7,7,inbound,IN0312,B6T0000000939,E3,399300.0,399714.0,399782.0,68.0,414.0,482.0,13,16,8,浅位,是
7,7,inbound,IN0312,B6T0000000939,E3,399300.0,399850.0,399918.0,68.0,550.0,618.0,13,16,8,深位,否
7,7,inbound,IN0312,B6T0000000939,E3,399300.0,399980.0,400144.0,164.0,680.0,844.0,13,15,58,浅位,否
7,7,inbound,IN0250,B6T0000000735,E3,397020.0,400302.0,400466.0,164.0,3282.0,3446.0,13,15,58,深位,否
7,7,inbound,IN0250,B6T0000000735,E3,397020.0,400624.0,400788.0,164.0,3604.0,3768.0,13,16,56,浅位,否
7,7,inbound,IN0250,B6T0000000735,E3,397020.0,400946.0,401110.0,164.0,3926.0,4090.0,13,16,56,深位,否
7,7,inbound,IN0250,B6T0000000735,E3,397020.0,401268.0,401432.0,164.0,4248.0,4412.0,14,10,68,浅位,否
7,7,inbound,IN0250,B6T0000000735,E3,397020.0,401590.0,401754.0,164.0,4570.0,4734.0,14,10,68,深位,否
7,7,inbound,IN0250,B6T0000000735,E3,397020.0,401912.0,402076.0,164.0,4892.0,5056.0,14,11,66,浅位,否
7,7,outbound,3484,B6T0000001371,E1,401940.0,402234.0,402318.0,84.0,294.0,378.0,13,1,19,浅位,否
7,7,outbound,3485,B6T0000001371,E1,401940.0,402318.0,402402.0,84.0,378.0,462.0,13,1,19,深位,否
7,7,outbound,2150,B6T0000001080,E3,401460.0,402402.0,402636.0,234.00000000000006,942.0,1176.0,13,31,4,浅位,否
7,7,outbound,2148,B6T0000001080,E3,401460.0,402636.0,402870.0,234.00000000000006,1176.0,1410.0,13,31,4,深位,否
7,7,outbound,2152,B6T0000001080,E3,401460.0,402870.0,403104.0,234.00000000000006,1410.0,1644.0,14,31,4,浅位,否
7,7,inbound,IN0095,B6T0000000267,E4,404520.0,404520.0,404687.5,167.50000000000009,0.0,167.5,13,44,1,浅位,否
7,7,inbound,IN0095,B6T0000000267,E4,404520.0,404849.0,405016.5,167.50000000000009,329.0,496.5,14,44,1,浅位,否
7,7,inbound,IN0095,B6T0000000267,E4,404520.0,405178.0,405358.5,180.50000000000009,658.0,838.5,13,43,10,浅位,否
7,7,inbound,IN0095,B6T0000000267,E4,404520.0,405533.0,405713.5,180.50000000000009,1013.0,1193.5,13,43,10,深位,否
7,7,inbound,IN0095,B6T0000000267,E4,404520.0,405888.0,406068.5,180.50000000000009,1368.0,1548.5,14,43,10,浅位,否
7,7,inbound,IN0095,B6T0000000267,E4,404520.0,406243.0,406426.5,183.50000000000009,1723.0,1906.5,13,44,9,深位,否
7,7,inbound,IN0095,B6T0000000267,E4,404520.0,406604.0,406787.5,183.50000000000009,2084.0,2267.5,14,44,9,浅位,否
7,7,inbound,IN0005,B6T0000000006,E4,404520.0,406965.0,407148.5,183.50000000000009,2445.0,2628.5,14,44,9,深位,否
7,7,inbound,IN0005,B6T0000000006,E4,404520.0,407326.0,407516.5,190.50000000000009,2806.0,2996.5,14,45,10,浅位,否
7,7,inbound,IN0045,B6T0000000131,E4,404760.0,407701.0,407891.5,190.50000000000009,2941.0,3131.5,14,45,10,深位,否
7,7,inbound,IN0045,B6T0000000131,E4,404760.0,408076.0,408267.5,191.50000000000009,3316.0,3507.5,14,46,8,深位,否
7,7,inbound,IN0361,B6T0000001110,E3,428280.0,428280.0,428400.0,120.00000000000003,0.0,120.0,13,31,4,浅位,否
7,7,inbound,IN0361,B6T0000001110,E3,428280.0,428514.0,428634.0,120.00000000000003,234.0,354.0,13,31,4,深位,否
7,7,inbound,IN0361,B6T0000001110,E3,428280.0,428748.0,428868.0,120.00000000000003,468.0,588.0,14,31,4,浅位,否
7,7,inbound,IN0361,B6T0000001110,E3,428280.0,428982.0,429146.0,164.0,702.0,866.0,14,11,66,深位,否
7,7,inbound,IN0361,B6T0000001110,E3,428280.0,429304.0,429468.0,164.0,1024.0,1188.0,14,12,64,浅位,否
7,7,inbound,IN0481,B6T0000001449,E1,429480.0,429626.0,429671.0,45.0,146.0,191.0,13,1,19,浅位,否
7,7,inbound,IN0481,B6T0000001449,E1,429480.0,429710.0,429755.0,45.0,230.0,275.0,13,1,19,深位,否
7,7,inbound,IN0481,B6T0000001449,E1,429480.0,429794.0,429921.0,127.0,314.0,441.0,14,1,60,深位,否
7,7,inbound,IN0481,B6T0000001449,E1,429480.0,430042.0,430169.0,127.0,562.0,689.0,14,2,59,浅位,否
7,7,inbound,IN0481,B6T0000001449,E1,429480.0,430290.0,430417.0,127.0,810.0,937.0,14,2,59,深位,否
7,7,inbound,IN0481,B6T0000001449,E1,429480.0,430538.0,430665.0,127.0,1058.0,1185.0,14,4,57,浅位,否
7,7,inbound,IN0581,B6T0000001726,E1,429660.0,430786.0,430913.0,127.0,1126.0,1253.0,14,4,57,深位,否
7,7,inbound,IN0581,B6T0000001726,E1,429660.0,431034.0,431161.0,127.0,1374.0,1501.0,14,7,54,深位,否
7,7,inbound,IN0581,B6T0000001726,E1,429660.0,431282.0,431409.0,127.00000000000001,1622.0,1749.0,13,3,58,浅位,否
7,7,inbound,IN0581,B6T0000001726,E1,429660.0,431530.0,431657.0,127.00000000000001,1870.0,1997.0,13,3,58,深位,否
7,7,inbound,IN0361,B6T0000001110,E3,428280.0,431778.0,431942.0,164.0,3498.0,3662.0,14,12,64,深位,否
7,7,outbound,964,B6T0000000445,E3,432000.0,432264.0,432428.0,164.0,264.0,428.0,14,12,10,浅位,是
7,7,inbound,IN0361,B6T0000001110,E3,428280.0,432100.0,432264.0,164.0,3820.0,3984.0,14,13,62,浅位,是
7,7,outbound,963,B6T0000000445,E3,432000.0,432484.0,432540.0,56.0,484.0,540.0,14,12,10,深位,是
7,7,inbound,IN0361,B6T0000001110,E3,428280.0,432428.0,432484.0,56.0,4148.0,4204.0,14,12,10,浅位,是
7,7,inbound,IN0361,B6T0000001110,E3,428280.0,432540.0,432596.0,56.0,4260.0,4316.0,14,12,10,深位,否
7,7,inbound,IN0361,B6T0000001110,E3,428280.0,432646.0,432810.0,164.0,4366.0,4530.0,14,13,62,深位,否
7,7,outbound,31,B6T0000001104,E3,432900.0,433308.0,433370.0,62.0,408.0,470.0,13,11,1,浅位,否
7,7,outbound,30,B6T0000001104,E3,432900.0,433370.0,433432.0,62.0,470.0,532.0,13,11,1,深位,否
7,7,outbound,32,B6T0000001104,E3,432900.0,433432.0,433494.0,62.0,532.0,594.0,14,11,1,浅位,否
7,7,outbound,937,B6T0000000508,E3,434460.0,434460.0,434566.0,105.99999999999999,0.0,106.0,13,16,2,浅位,否
7,7,outbound,946,B6T0000000508,E3,434460.0,434566.0,434672.0,105.99999999999999,106.0,212.0,13,16,2,深位,否
7,7,outbound,945,B6T0000000508,E3,434460.0,434672.0,434778.0,106.0,212.0,318.0,14,11,12,深位,否
7,7,outbound,944,B6T0000000508,E3,434460.0,434778.0,434888.0,109.99999999999999,318.0,428.0,13,15,5,浅位,否
7,7,outbound,943,B6T0000000508,E3,434460.0,434888.0,434998.0,109.99999999999999,428.0,538.0,13,15,5,深位,否
7,7,outbound,2287,B6T0000000918,E3,433680.0,434998.0,435220.0,222.00000000000003,1318.0,1540.0,13,27,9,浅位,否
7,7,outbound,2286,B6T0000000918,E3,433680.0,435220.0,435442.0,222.00000000000003,1540.0,1762.0,13,27,9,深位,否
7,7,outbound,15,B6T0000001209,E3,434280.0,436440.0,436494.0,54.0,2160.0,2214.0,13,10,1,浅位,否
7,7,outbound,23,B6T0000001209,E3,434280.0,436494.0,436548.0,54.0,2214.0,2268.0,13,10,1,深位,否
7,7,outbound,22,B6T0000001209,E3,434280.0,436548.0,436602.0,54.0,2268.0,2322.0,14,10,1,浅位,否
7,7,outbound,3571,B6T0000001481,E1,438240.0,438240.0,438328.0,88.0,0.0,88.0,13,4,17,深位,否
7,7,outbound,3570,B6T0000001481,E1,438240.0,438328.0,438420.0,92.0,88.0,180.0,13,1,21,深位,否
7,7,inbound,IN0388,B6T0000001185,E3,440220.0,440220.0,440250.0,30.0,0.0,30.0,13,10,1,浅位,否
7,7,inbound,IN0388,B6T0000001185,E3,440220.0,440274.0,440304.0,30.0,54.0,84.0,13,10,1,深位,否
7,7,inbound,IN0388,B6T0000001185,E3,440220.0,440328.0,440358.0,30.0,108.0,138.0,14,10,1,浅位,否
7,7,inbound,IN0388,B6T0000001185,E3,440220.0,440382.0,440416.0,34.0,162.0,196.0,13,11,1,浅位,否
7,7,inbound,IN0388,B6T0000001185,E3,440220.0,440444.0,440478.0,34.0,224.0,258.0,13,11,1,深位,否
7,7,inbound,IN0388,B6T0000001185,E3,440220.0,440506.0,440540.0,34.0,286.0,320.0,14,11,1,浅位,否
7,7,inbound,IN0388,B6T0000001185,E3,440220.0,440568.0,440624.0,55.99999999999999,348.0,404.0,13,16,2,浅位,否
7,7,inbound,IN0388,B6T0000001185,E3,440220.0,440674.0,440730.0,55.99999999999999,454.0,510.0,13,16,2,深位,否
7,7,inbound,IN0388,B6T0000001185,E3,440220.0,440780.0,440836.0,56.0,560.0,616.0,14,11,12,深位,否
7,7,inbound,IN0388,B6T0000001185,E3,440220.0,440886.0,440944.0,57.99999999999999,666.0,724.0,13,15,5,浅位,否
7,7,inbound,IN0388,B6T0000001185,E3,440220.0,440996.0,441054.0,57.99999999999999,776.0,834.0,13,15,5,深位,否
7,7,inbound,IN0388,B6T0000001185,E3,440220.0,441106.0,441220.0,114.00000000000001,886.0,1000.0,13,27,9,浅位,否
7,7,inbound,IN0388,B6T0000001185,E3,440220.0,441328.0,441442.0,114.00000000000001,1108.0,1222.0,13,27,9,深位,否
7,7,inbound,IN0388,B6T0000001185,E3,440220.0,441550.0,441714.0,164.0,1330.0,1494.0,14,14,60,浅位,否
7,7,inbound,IN0388,B6T0000001185,E3,440220.0,441872.0,442036.0,164.0,1652.0,1816.0,14,14,60,深位,否
7,7,inbound,IN0388,B6T0000001185,E3,440220.0,442194.0,442358.0,164.0,1974.0,2138.0,14,15,58,浅位,否
7,7,inbound,IN0388,B6T0000001185,E3,440220.0,442516.0,442680.0,164.0,2296.0,2460.0,14,15,58,深位,否
7,7,inbound,IN0388,B6T0000001185,E3,440220.0,442838.0,443002.0,164.0,2618.0,2782.0,14,16,56,浅位,否
7,7,inbound,IN0388,B6T0000001185,E3,440220.0,443160.0,443324.0,164.0,2940.0,3104.0,14,16,56,深位,否
7,7,inbound,IN0388,B6T0000001185,E3,440220.0,443482.0,443648.0,166.0,3262.0,3428.0,13,11,67,浅位,否
7,7,inbound,IN0388,B6T0000001185,E3,440220.0,443808.0,443974.0,166.0,3588.0,3754.0,13,11,67,深位,否
7,7,outbound,1451,B6T0000000191,E4,434220.0,444300.0,444725.0,425.00000000000017,10080.0,10505.0,14,44,8,浅位,是
7,7,inbound,IN0388,B6T0000001185,E3,440220.0,444134.0,444300.0,166.0,3914.0,4080.0,13,12,65,浅位,是
7,7,outbound,1443,B6T0000000191,E4,434220.0,444891.0,445316.0,425.00000000000017,10671.0,11096.0,14,44,8,深位,是
7,7,inbound,IN0388,B6T0000001185,E3,440220.0,444725.0,444891.0,166.0,4505.0,4671.0,13,12,65,深位,是
7,7,inbound,IN0388,B6T0000001185,E3,440220.0,445316.0,445482.0,166.0,5096.0,5262.0,13,13,63,浅位,否
7,7,inbound,IN0388,B6T0000001185,E3,440220.0,445642.0,445808.0,166.0,5422.0,5588.0,13,13,63,深位,否
7,7,inbound,IN0388,B6T0000001185,E3,440220.0,445968.0,446134.0,166.0,5748.0,5914.0,13,14,61,浅位,否
7,7,inbound,IN0388,B6T0000001185,E3,440220.0,446294.0,446460.0,166.0,6074.0,6240.0,13,14,61,深位,否
7,7,inbound,IN0388,B6T0000001185,E3,440220.0,446620.0,446786.0,166.0,6400.0,6566.0,13,15,59,浅位,否
7,7,inbound,IN0388,B6T0000001185,E3,440220.0,446946.0,447112.0,166.0,6726.0,6892.0,13,15,59,深位,否
7,7,inbound,IN0536,B6T0000001589,E1,447120.0,447272.0,447319.0,47.0,152.0,199.0,13,4,17,深位,否
7,7,inbound,IN0536,B6T0000001589,E1,447120.0,447360.0,447409.0,49.0,240.0,289.0,13,1,21,深位,否
7,7,inbound,IN0536,B6T0000001589,E1,447120.0,447452.0,447579.0,127.00000000000001,332.0,459.0,14,3,58,浅位,否
7,7,inbound,IN0536,B6T0000001589,E1,447120.0,447700.0,447827.0,127.00000000000001,580.0,707.0,14,3,58,深位,否
7,7,inbound,IN0536,B6T0000001589,E1,447120.0,447948.0,448077.0,129.0,828.0,957.0,13,1,61,浅位,否
7,7,inbound,IN0536,B6T0000001589,E1,447120.0,448200.0,448329.0,129.0,1080.0,1209.0,13,1,61,深位,否
7,7,outbound,861,B6T0000000001,E4,432180.0,449042.0,449401.0,359.00000000000017,16862.0,17221.0,13,47,1,浅位,否
7,7,outbound,869,B6T0000000001,E4,432180.0,449401.0,449760.0,359.00000000000017,17221.0,17580.0,13,47,1,深位,否
7,7,outbound,3471,B6T0000001966,E1,449760.0,449760.0,449788.0,28.0,0.0,28.0,13,3,3,深位,否
7,7,outbound,3470,B6T0000001966,E1,449760.0,449788.0,449816.0,28.0,28.0,56.0,14,3,3,浅位,否
7,7,outbound,857,B6T0000000001,E4,432180.0,449816.0,450175.0,359.00000000000017,17636.0,17995.0,14,47,1,浅位,否
7,7,inbound,IN0571,B6T0000001695,E1,450960.0,450960.0,450977.0,17.0,0.0,17.0,13,3,3,深位,否
7,7,inbound,IN0571,B6T0000001695,E1,450960.0,450988.0,451005.0,17.0,28.0,45.0,14,3,3,浅位,否
7,7,outbound,643,B6T0000000469,E3,450900.0,451786.0,451872.0,86.0,886.0,972.0,13,9,11,浅位,否
7,7,outbound,645,B6T0000000469,E3,450900.0,451872.0,451958.0,86.0,972.0,1058.0,13,9,11,深位,否
7,7,outbound,646,B6T0000000469,E3,450900.0,451958.0,452044.0,86.0,1058.0,1144.0,14,9,11,浅位,否
7,7,outbound,648,B6T0000000469,E3,450900.0,452044.0,452130.0,86.0,1144.0,1230.0,14,9,11,深位,否
7,7,inbound,IN0118,B6T0000000334,E3,453960.0,453960.0,454006.0,46.0,0.0,46.0,13,9,11,浅位,否
7,7,inbound,IN0118,B6T0000000334,E3,453960.0,454046.0,454092.0,46.0,86.0,132.0,13,9,11,深位,否
7,7,inbound,IN0120,B6T0000000338,E3,455520.0,455520.0,455566.0,46.0,0.0,46.0,14,9,11,浅位,否
7,7,inbound,IN0120,B6T0000000338,E3,455520.0,455606.0,455652.0,46.0,86.0,132.0,14,9,11,深位,否
7,7,inbound,IN0120,B6T0000000338,E3,455520.0,455692.0,455858.0,166.0,172.0,338.0,13,16,57,浅位,否
7,7,inbound,IN0120,B6T0000000338,E3,455520.0,456018.0,456184.0,166.0,498.0,664.0,13,16,57,深位,否
7,7,outbound,1623,B6T0000001671,E1,456420.0,456448.0,456496.0,48.0,28.0,76.0,13,4,7,浅位,否
7,7,outbound,1630,B6T0000001671,E1,456420.0,456496.0,456544.0,48.0,76.0,124.0,13,4,7,深位,否
7,7,outbound,1629,B6T0000001671,E1,456420.0,456544.0,456592.0,48.0,124.0,172.0,14,4,7,浅位,否
7,7,outbound,1628,B6T0000001671,E1,456420.0,456592.0,456640.0,48.0,172.0,220.0,14,4,7,深位,否
7,7,outbound,3169,B6T0000001064,E3,462540.0,463120.0,463410.0,290.00000000000006,580.0,870.0,13,28,24,浅位,否
7,7,outbound,3626,B6T0000001289,E3,464040.0,464040.0,464166.0,126.0,0.0,126.0,14,12,15,浅位,否
7,7,outbound,3627,B6T0000001289,E3,464040.0,464166.0,464292.0,126.0,126.0,252.0,14,12,15,深位,否
7,7,outbound,529,B6T0000001197,E3,464160.0,464292.0,464394.0,101.99999999999999,132.0,234.0,13,14,5,浅位,否
7,7,outbound,536,B6T0000001197,E3,464160.0,464394.0,464496.0,101.99999999999999,234.0,336.0,13,14,5,深位,否
7,7,outbound,535,B6T0000001197,E3,464160.0,464496.0,464598.0,101.99999999999999,336.0,438.0,14,14,5,浅位,否
7,7,outbound,530,B6T0000001197,E3,464160.0,464598.0,464700.0,101.99999999999999,438.0,540.0,14,14,5,深位,否
7,7,outbound,3619,B6T0000000613,E3,466260.0,466260.0,466470.0,210.00000000000003,0.0,210.0,14,28,4,浅位,否
7,7,outbound,3618,B6T0000000613,E3,466260.0,466470.0,466680.0,210.00000000000003,210.0,420.0,14,28,4,深位,否
7,7,outbound,1395,B6T0000000367,E3,465120.0,466754.0,466924.0,170.00000000000003,1634.0,1804.0,13,24,2,浅位,否
7,7,outbound,1389,B6T0000000367,E3,465120.0,466924.0,467094.0,170.00000000000003,1804.0,1974.0,13,24,2,深位,否
7,7,outbound,1401,B6T0000000367,E3,465120.0,467094.0,467264.0,170.00000000000003,1974.0,2144.0,14,24,2,浅位,否
7,7,outbound,1402,B6T0000000367,E3,465120.0,467264.0,467434.0,170.00000000000003,2144.0,2314.0,14,24,2,深位,否
7,7,outbound,3734,B6T0000001426,E1,468300.0,468300.0,468368.0,68.0,0.0,68.0,13,5,11,浅位,否
7,7,outbound,3735,B6T0000001426,E1,468300.0,468368.0,468436.0,68.0,68.0,136.0,13,5,11,深位,否
7,7,outbound,1433,B6T0000000745,E3,470700.0,471956.0,472090.0,134.0,1256.0,1390.0,13,14,13,浅位,否
7,7,outbound,2839,B6T0000000484,E3,471540.0,472781.0,473039.0,258.0,1241.0,1499.0,13,27,18,浅位,否
7,7,outbound,1238,B6T0000001022,E3,477120.0,479136.0,479262.0,125.99999999999999,2016.0,2142.0,13,14,11,浅位,否
7,7,outbound,1765,B6T0000001236,E3,482580.0,485731.0,485909.0,178.00000000000003,3151.0,3329.0,13,22,8,浅位,否
7,7,outbound,1764,B6T0000001236,E3,482580.0,485909.0,486087.0,178.00000000000003,3329.0,3507.0,13,22,8,深位,否
7,7,outbound,1766,B6T0000001236,E3,482580.0,486087.0,486265.0,178.00000000000003,3507.0,3685.0,14,22,8,浅位,否
7,7,outbound,2483,B6T0000000267,E4,486360.0,486360.0,486689.0,329.00000000000017,0.0,329.0,13,44,1,浅位,否
7,7,outbound,2484,B6T0000000267,E4,486360.0,486689.0,487018.0,329.00000000000017,329.0,658.0,14,44,1,浅位,否
7,7,outbound,2481,B6T0000000267,E4,486360.0,487018.0,487373.0,355.00000000000017,658.0,1013.0,13,43,10,浅位,否
7,7,outbound,2480,B6T0000000267,E4,486360.0,487373.0,487728.0,355.00000000000017,1013.0,1368.0,13,43,10,深位,否
7,7,outbound,3664,B6T0000001714,E1,487440.0,487728.0,487780.0,52.0,288.0,340.0,14,4,8,浅位,否
7,7,outbound,3665,B6T0000001714,E1,487440.0,487780.0,487832.0,52.0,340.0,392.0,14,4,8,深位,否
7,7,outbound,2482,B6T0000000267,E4,486360.0,487832.0,488187.0,355.00000000000017,1472.0,1827.0,14,43,10,浅位,否
7,7,outbound,2082,B6T0000001673,E1,487860.0,488187.0,488231.0,44.0,327.0,371.0,14,2,8,浅位,否
7,7,outbound,2078,B6T0000001673,E1,487860.0,488231.0,488275.0,44.0,371.0,415.0,14,2,8,深位,否
7,7,outbound,1858,B6T0000001858,E1,488580.0,489184.0,489244.0,60.0,604.0,664.0,13,6,8,浅位,否
7,7,outbound,1851,B6T0000001858,E1,488580.0,489244.0,489304.0,60.0,664.0,724.0,13,6,8,深位,否
7,7,outbound,1859,B6T0000001858,E1,488580.0,489304.0,489364.0,60.0,724.0,784.0,14,6,8,浅位,否
7,7,outbound,3260,B6T0000000607,E3,517980.0,517980.0,518074.0,94.0,0.0,94.0,14,13,5,浅位,否
7,7,outbound,3261,B6T0000000607,E3,517980.0,518074.0,518168.0,94.0,94.0,188.0,14,13,5,深位,否
7,7,outbound,2585,B6T0000000543,E3,518100.0,518640.0,518854.0,214.0,540.0,754.0,13,20,21,浅位,否
7,7,outbound,2588,B6T0000000543,E3,518100.0,518854.0,519068.0,214.0,754.0,968.0,13,20,21,深位,否
7,7,outbound,2587,B6T0000000543,E3,518100.0,519068.0,519282.0,214.0,968.0,1182.0,14,20,21,浅位,否
7,7,outbound,2626,B6T0000000212,E4,518940.0,519282.0,519623.0,341.00000000000017,342.0,683.0,13,44,4,浅位,否
7,7,outbound,2624,B6T0000000212,E4,518940.0,519623.0,519964.0,341.00000000000017,683.0,1024.0,13,44,4,深位,否
7,7,outbound,2625,B6T0000000212,E4,518940.0,519964.0,520305.0,341.00000000000017,1024.0,1365.0,14,44,4,浅位,否
7,7,outbound,2491,B6T0000000500,E3,520200.0,520305.0,520411.0,105.99999999999999,105.0,211.0,14,16,2,浅位,否
7,7,outbound,2493,B6T0000000500,E3,520200.0,520411.0,520517.0,105.99999999999999,211.0,317.0,14,16,2,深位,否
7,7,outbound,2627,B6T0000000212,E4,518940.0,520517.0,520858.0,341.00000000000017,1577.0,1918.0,14,44,4,深位,否
7,7,outbound,1018,B6T0000001975,E1,520740.0,521198.0,521230.0,32.0,458.0,490.0,13,1,6,浅位,否
7,7,outbound,1017,B6T0000001975,E1,520740.0,521230.0,521262.0,32.0,490.0,522.0,13,1,6,深位,否
7,7,outbound,1015,B6T0000001975,E1,520740.0,521262.0,521294.0,32.0,522.0,554.0,14,1,6,浅位,否
7,7,outbound,1014,B6T0000001975,E1,520740.0,521294.0,521326.0,32.0,554.0,586.0,14,1,6,深位,否
7,7,outbound,852,B6T0000001220,E3,520980.0,521378.0,521468.0,90.0,398.0,488.0,13,9,12,浅位,否
7,7,outbound,851,B6T0000001220,E3,520980.0,521468.0,521558.0,90.0,488.0,578.0,13,9,12,深位,否
7,7,outbound,850,B6T0000001220,E3,520980.0,521558.0,521648.0,90.0,578.0,668.0,14,9,12,浅位,否
7,7,outbound,847,B6T0000001220,E3,520980.0,521648.0,521738.0,90.0,668.0,758.0,14,9,12,深位,否
7,7,outbound,409,B6T0000000050,E4,519300.0,525002.0,525339.0,337.00000000000017,5702.0,6039.0,13,44,3,浅位,否
7,7,outbound,423,B6T0000000050,E4,519300.0,525339.0,525676.0,337.00000000000017,6039.0,6376.0,13,44,3,深位,否
7,7,outbound,420,B6T0000000050,E4,519300.0,525676.0,526013.0,337.00000000000017,6376.0,6713.0,14,44,3,浅位,否
7,7,outbound,416,B6T0000000050,E4,519300.0,526013.0,526350.0,337.00000000000017,6713.0,7050.0,14,44,3,深位,否
7,7,outbound,599,B6T0000000247,E4,521520.0,528059.0,528402.0,343.00000000000017,6539.0,6882.0,13,45,2,浅位,否
7,7,outbound,3439,B6T0000001323,E1,528060.0,528402.0,528462.0,60.0,342.0,402.0,13,3,11,浅位,否
7,7,outbound,3438,B6T0000001323,E1,528060.0,528462.0,528522.0,60.0,402.0,462.0,13,3,11,深位,否
7,7,outbound,603,B6T0000000247,E4,521520.0,528522.0,528865.0,343.00000000000017,7002.0,7345.0,13,45,2,深位,否
7,7,outbound,602,B6T0000000247,E4,521520.0,528865.0,529208.0,343.00000000000017,7345.0,7688.0,14,45,2,浅位,否
7,7,outbound,609,B6T0000000247,E4,521520.0,529208.0,529551.0,343.00000000000017,7688.0,8031.0,14,45,2,深位,否
7,7,outbound,3421,B6T0000000131,E4,530400.0,530400.0,530775.0,375.00000000000017,0.0,375.0,14,45,10,深位,否
7,7,outbound,3420,B6T0000000131,E4,530400.0,530775.0,531152.0,377.00000000000017,375.0,752.0,14,46,8,深位,否
7,7,outbound,2470,B6T0000001437,E1,546660.0,546660.0,546724.0,64.0,0.0,64.0,14,6,9,浅位,否
7,7,outbound,2474,B6T0000001437,E1,546660.0,546724.0,546788.0,64.0,64.0,128.0,14,6,9,深位,否
7,7,outbound,2473,B6T0000001437,E1,546660.0,546788.0,546860.0,72.0,128.0,200.0,13,5,12,浅位,否
7,7,outbound,2472,B6T0000001437,E1,546660.0,546860.0,546942.0,82.0,200.0,282.0,13,9,10,浅位,否
7,7,outbound,2471,B6T0000001437,E1,546660.0,546942.0,547024.0,82.0,282.0,364.0,13,9,10,深位,否
7,7,outbound,3183,B6T0000001557,E1,549900.0,549900.0,549928.0,28.0,0.0,28.0,13,2,4,深位,否
7,7,outbound,3181,B6T0000001557,E1,549900.0,549928.0,549956.0,28.0,28.0,56.0,13,4,2,深位,否
7,7,outbound,3182,B6T0000001557,E1,549900.0,549956.0,549988.0,32.0,56.0,88.0,13,4,3,深位,否
7,7,outbound,2914,B6T0000000552,E3,556200.0,556200.0,556290.0,89.99999999999999,0.0,90.0,14,14,2,浅位,否
7,7,outbound,2916,B6T0000000552,E3,556200.0,556290.0,556380.0,89.99999999999999,90.0,180.0,14,14,2,深位,否
7,7,outbound,2915,B6T0000000552,E3,556200.0,556380.0,556470.0,90.0,180.0,270.0,13,10,10,浅位,否
7,7,outbound,1251,B6T0000000799,E3,555960.0,557724.0,557858.0,134.0,1764.0,1898.0,13,16,9,浅位,否
7,7,outbound,1259,B6T0000000799,E3,555960.0,557858.0,557992.0,134.0,1898.0,2032.0,13,16,9,深位,否
7,7,outbound,1250,B6T0000000799,E3,555960.0,557992.0,558126.0,134.0,2032.0,2166.0,14,16,9,浅位,否
7,7,outbound,1249,B6T0000000799,E3,555960.0,558126.0,558260.0,134.0,2166.0,2300.0,14,16,9,深位,否
7,7,outbound,1076,B6T0000000178,E4,558720.0,559466.0,559809.0,343.00000000000017,746.0,1089.0,13,43,7,浅位,否
7,7,outbound,1072,B6T0000000178,E4,558720.0,559809.0,560152.0,343.00000000000017,1089.0,1432.0,13,43,7,深位,否
7,7,outbound,1088,B6T0000000178,E4,558720.0,560152.0,560495.0,343.00000000000017,1432.0,1775.0,14,43,7,浅位,否
7,7,outbound,1087,B6T0000000178,E4,558720.0,560495.0,560838.0,343.00000000000017,1775.0,2118.0,14,43,7,深位,否
7,7,outbound,3336,B6T0000001974,E1,569520.0,569520.0,569548.0,28.0,0.0,28.0,14,3,3,深位,否
7,7,outbound,3337,B6T0000001974,E1,569520.0,569548.0,569600.0,52.0,28.0,80.0,13,3,9,浅位,否
7,7,outbound,2575,B6T0000001934,E1,572820.0,572820.0,572848.0,28.0,0.0,28.0,14,2,4,浅位,否
7,7,outbound,2576,B6T0000001934,E1,572820.0,572848.0,572876.0,28.0,28.0,56.0,14,2,4,深位,否
